granuleId,packageId,date,title,collectionCode,granuleClass,chamber,pagePrefix,bookNumber,detailsLink,txtLink,pdfLink,packageLink,text_readability,text_bs4,parsed_text,relatedLink,docClass,category,lastModified,collectionName,__source_file,text_readability_len,text_bs4_len,parsed_text_len,search_text,search_text_len
CREC-2016-05-31-pt1-PgH-FrontMatter-3,CREC-2016-05-31,2016-05-31,House of Representatives,CREC,HOUSE,H,H,1,https://www.govinfo.gov/app/details/CREC-2016-05-31/CREC-2016-05-31-pt1-PgH-FrontMatter-3,https://api.govinfo.gov/packages/CREC-2016-05-31/granules/CREC-2016-05-31-pt1-PgH-FrontMatter-3/htm,https://api.govinfo.gov/packages/CREC-2016-05-31/granules/CREC-2016-05-31-pt1-PgH-FrontMatter-3/pdf,https://api.govinfo.gov/packages/CREC-2016-05-31/summary,"[Congressional Record Volume 162, Number 86 (Tuesday, May 31, 2016)] [House] [Page H3457] From the Congressional Record Online through the Government Publishing Office [ www.gpo.gov ] H O U S E O F R E P R E S E N T A T I V E S Vol. 162 WASHINGTON, TUESDAY, MAY 31, 2016 No. 86",,"[Congressional Record Volume 162, Number 86 (Tuesday, May 31, 2016)] [House] [Page H3457] From the Congressional Record Online through the Government Publishing Office [ www.gpo.gov ] H O U S E O F R E P R E S E N T A T I V E S Vol. 162 WASHINGTON, TUESDAY, MAY 31, 2016 No. 86",https://api.govinfo.gov/related/CREC-2016-05-31-pt1-PgH-FrontMatter-3,CREC,Proceedings of Congress and General Congressional Publications,2025-03-07T17:23:20Z,Congressional Record,package_114_271.csv,277,0,277,"[congressional record volume 162, number 86 (tuesday, may 31, 2016)] [house] [page h3457] from the congressional record online through the government publishing office [ www.gpo.gov ] h o u s e o f r e p r e s e n t a t i v e s vol. 162 washington, tuesday, may 31, 2016 no. 86",277
CREC-2016-05-31-pt1-PgH3457-2,CREC-2016-05-31,2016-05-31,DESIGNATION OF THE SPEAKER PRO TEMPORE,CREC,HOUSE,H,H,1,https://www.govinfo.gov/app/details/CREC-2016-05-31/CREC-2016-05-31-pt1-PgH3457-2,https://api.govinfo.gov/packages/CREC-2016-05-31/granules/CREC-2016-05-31-pt1-PgH3457-2/htm,https://api.govinfo.gov/packages/CREC-2016-05-31/granules/CREC-2016-05-31-pt1-PgH3457-2/pdf,https://api.govinfo.gov/packages/CREC-2016-05-31/summary,"[Congressional Record Volume 162, Number 86 (Tuesday, May 31, 2016)] [House] [Page H3457] From the Congressional Record Online through the Government Publishing Office [ www.gpo.gov ] DESIGNATION OF THE SPEAKER PRO TEMPORE The SPEAKER pro tempore laid before the House the following communication from the Speaker: Washington, DC, May 31, 2016. I hereby appoint the Honorable Marlin A. Stutzman to act as Speaker pro tempore on this day. Paul D. Ryan, Speaker of the House of Representatives. ____________________",,"[Congressional Record Volume 162, Number 86 (Tuesday, May 31, 2016)] [House] [Page H3457] From the Congressional Record Online through the Government Publishing Office [ www.gpo.gov ] DESIGNATION OF THE SPEAKER PRO TEMPORE The SPEAKER pro tempore laid before the House the following communication from the Speaker: Washington, DC, May 31, 2016. I hereby appoint the Honorable Marlin A. Stutzman to act as Speaker pro tempore on this day. Paul D. Ryan, Speaker of the House of Representatives. ____________________",https://api.govinfo.gov/related/CREC-2016-05-31-pt1-PgH3457-2,CREC,Proceedings of Congress and General Congressional Publications,2025-03-07T17:23:20Z,Congressional Record,package_114_271.csv,513,0,513,"[congressional record volume 162, number 86 (tuesday, may 31, 2016)] [house] [page h3457] from the congressional record online through the government publishing office [ www.gpo.gov ] designation of the speaker pro tempore the speaker pro tempore laid before the house the following communication from the speaker: washington, dc, may 31, 2016. i hereby appoint the honorable marlin a. stutzman to act as speaker pro tempore on this day. paul d. ryan, speaker of the house of representatives. ____________________",513
CREC-2016-05-31-pt1-PgH3457,CREC-2016-05-31,2016-05-31,House of Representatives,CREC,HOUSE,H,H,1,https://www.govinfo.gov/app/details/CREC-2016-05-31/CREC-2016-05-31-pt1-PgH3457,https://api.govinfo.gov/packages/CREC-2016-05-31/granules/CREC-2016-05-31-pt1-PgH3457/htm,https://api.govinfo.gov/packages/CREC-2016-05-31/granules/CREC-2016-05-31-pt1-PgH3457/pdf,https://api.govinfo.gov/packages/CREC-2016-05-31/summary,"[Congressional Record Volume 162, Number 86 (Tuesday, May 31, 2016)] [House] [Page H3457] From the Congressional Record Online through the Government Publishing Office [ www.gpo.gov ] [[Page H3457]] House of Representatives The House met at 1 p.m. and was called to order by the Speaker pro tempore (Mr. Stutzman). ____________________",,"[Congressional Record Volume 162, Number 86 (Tuesday, May 31, 2016)] [House] [Page H3457] From the Congressional Record Online through the Government Publishing Office [ www.gpo.gov ] [[Page H3457]] House of Representatives The House met at 1 p.m. and was called to order by the Speaker pro tempore (Mr. Stutzman). ____________________",https://api.govinfo.gov/related/CREC-2016-05-31-pt1-PgH3457,CREC,Proceedings of Congress and General Congressional Publications,2025-03-07T17:23:20Z,Congressional Record,package_114_271.csv,335,0,335,"[congressional record volume 162, number 86 (tuesday, may 31, 2016)] [house] [page h3457] from the congressional record online through the government publishing office [ www.gpo.gov ] [[page h3457]] house of representatives the house met at 1 p.m. and was called to order by the speaker pro tempore (mr. stutzman). ____________________",335
CREC-2016-05-31-pt1-PgH3457-3,CREC-2016-05-31,2016-05-31,PRAYER,CREC,HOUSE,H,H,1,https://www.govinfo.gov/app/details/CREC-2016-05-31/CREC-2016-05-31-pt1-PgH3457-3,https://api.govinfo.gov/packages/CREC-2016-05-31/granules/CREC-2016-05-31-pt1-PgH3457-3/htm,https://api.govinfo.gov/packages/CREC-2016-05-31/granules/CREC-2016-05-31-pt1-PgH3457-3/pdf,https://api.govinfo.gov/packages/CREC-2016-05-31/summary,"[Congressional Record Volume 162, Number 86 (Tuesday, May 31, 2016)] [House] [Page H3457] From the Congressional Record Online through the Government Publishing Office [ www.gpo.gov ] PRAYER Reverend Eugene Hemrick, St. Joseph's Catholic Church, Washington, D.C., offered the following prayer: O Lord, on the House side of the U.S. Capitol is the frieze titled The Apotheosis of Democracy, depicting the horn of plenty with which you have blessed our country and the industriousness of those responsible for it. As we enter the season of summer, we pray that You bless those here who govern and the governed with Your divine wisdom needed to continue the awe-inspiring prosperity with which You have provided us. Amen. ____________________",,"[Congressional Record Volume 162, Number 86 (Tuesday, May 31, 2016)] [House] [Page H3457] From the Congressional Record Online through the Government Publishing Office [ www.gpo.gov ] PRAYER Reverend Eugene Hemrick, St. Joseph's Catholic Church, Washington, D.C., offered the following prayer: O Lord, on the House side of the U.S. Capitol is the frieze titled The Apotheosis of Democracy, depicting the horn of plenty with which you have blessed our country and the industriousness of those responsible for it. As we enter the season of summer, we pray that You bless those here who govern and the governed with Your divine wisdom needed to continue the awe-inspiring prosperity with which You have provided us. Amen. ____________________",https://api.govinfo.gov/related/CREC-2016-05-31-pt1-PgH3457-3,CREC,Proceedings of Congress and General Congressional Publications,2025-03-07T17:23:20Z,Congressional Record,package_114_271.csv,739,0,739,"[congressional record volume 162, number 86 (tuesday, may 31, 2016)] [house] [page h3457] from the congressional record online through the government publishing office [ www.gpo.gov ] prayer reverend eugene hemrick, st. joseph's catholic church, washington, d.c., offered the following prayer: o lord, on the house side of the u.s. capitol is the frieze titled the apotheosis of democracy, depicting the horn of plenty with which you have blessed our country and the industriousness of those responsible for it. as we enter the season of summer, we pray that you bless those here who govern and the governed with your divine wisdom needed to continue the awe-inspiring prosperity with which you have provided us. amen. ____________________",739
CREC-2016-05-31-pt1-PgH3457-4,CREC-2016-05-31,2016-05-31,THE JOURNAL,CREC,HOUSE,H,H,1,https://www.govinfo.gov/app/details/CREC-2016-05-31/CREC-2016-05-31-pt1-PgH3457-4,https://api.govinfo.gov/packages/CREC-2016-05-31/granules/CREC-2016-05-31-pt1-PgH3457-4/htm,https://api.govinfo.gov/packages/CREC-2016-05-31/granules/CREC-2016-05-31-pt1-PgH3457-4/pdf,https://api.govinfo.gov/packages/CREC-2016-05-31/summary,"[Congressional Record Volume 162, Number 86 (Tuesday, May 31, 2016)] [House] [Page H3457] From the Congressional Record Online through the Government Publishing Office [ www.gpo.gov ] THE JOURNAL The SPEAKER pro tempore. Pursuant to section 4(a) of House Resolution 744, the Journal of the last day's proceedings is approved. ____________________",,"[Congressional Record Volume 162, Number 86 (Tuesday, May 31, 2016)] [House] [Page H3457] From the Congressional Record Online through the Government Publishing Office [ www.gpo.gov ] THE JOURNAL The SPEAKER pro tempore. Pursuant to section 4(a) of House Resolution 744, the Journal of the last day's proceedings is approved. ____________________",https://api.govinfo.gov/related/CREC-2016-05-31-pt1-PgH3457-4,CREC,Proceedings of Congress and General Congressional Publications,2025-03-07T17:23:20Z,Congressional Record,package_114_271.csv,346,0,346,"[congressional record volume 162, number 86 (tuesday, may 31, 2016)] [house] [page h3457] from the congressional record online through the government publishing office [ www.gpo.gov ] the journal the speaker pro tempore. pursuant to section 4(a) of house resolution 744, the journal of the last day's proceedings is approved. ____________________",346
CREC-2016-05-31-pt1-PgH3457-5,CREC-2016-05-31,2016-05-31,PLEDGE OF ALLEGIANCE,CREC,HOUSE,H,H,1,https://www.govinfo.gov/app/details/CREC-2016-05-31/CREC-2016-05-31-pt1-PgH3457-5,https://api.govinfo.gov/packages/CREC-2016-05-31/granules/CREC-2016-05-31-pt1-PgH3457-5/htm,https://api.govinfo.gov/packages/CREC-2016-05-31/granules/CREC-2016-05-31-pt1-PgH3457-5/pdf,https://api.govinfo.gov/packages/CREC-2016-05-31/summary,"[Congressional Record Volume 162, Number 86 (Tuesday, May 31, 2016)] [House] [Page H3457] From the Congressional Record Online through the Government Publishing Office [ www.gpo.gov ] PLEDGE OF ALLEGIANCE The SPEAKER pro tempore. The Chair will lead the House in the Pledge of Allegiance. The SPEAKER pro tempore led the Pledge of Allegiance as follows: I pledge allegiance to the Flag of the United States of America, and to the Republic for which it stands, one nation under God, indivisible, with liberty and justice for all. ____________________",,"[Congressional Record Volume 162, Number 86 (Tuesday, May 31, 2016)] [House] [Page H3457] From the Congressional Record Online through the Government Publishing Office [ www.gpo.gov ] PLEDGE OF ALLEGIANCE The SPEAKER pro tempore. The Chair will lead the House in the Pledge of Allegiance. The SPEAKER pro tempore led the Pledge of Allegiance as follows: I pledge allegiance to the Flag of the United States of America, and to the Republic for which it stands, one nation under God, indivisible, with liberty and justice for all. ____________________",https://api.govinfo.gov/related/CREC-2016-05-31-pt1-PgH3457-5,CREC,Proceedings of Congress and General Congressional Publications,2025-03-07T17:23:20Z,Congressional Record,package_114_271.csv,549,0,549,"[congressional record volume 162, number 86 (tuesday, may 31, 2016)] [house] [page h3457] from the congressional record online through the government publishing office [ www.gpo.gov ] pledge of allegiance the speaker pro tempore. the chair will lead the house in the pledge of allegiance. the speaker pro tempore led the pledge of allegiance as follows: i pledge allegiance to the flag of the united states of america, and to the republic for which it stands, one nation under god, indivisible, with liberty and justice for all. ____________________",549
CREC-2016-05-31-pt1-PgH3457-6,CREC-2016-05-31,2016-05-31,ADJOURNMENT,CREC,HOUSE,H,H,1,https://www.govinfo.gov/app/details/CREC-2016-05-31/CREC-2016-05-31-pt1-PgH3457-6,https://api.govinfo.gov/packages/CREC-2016-05-31/granules/CREC-2016-05-31-pt1-PgH3457-6/htm,https://api.govinfo.gov/packages/CREC-2016-05-31/granules/CREC-2016-05-31-pt1-PgH3457-6/pdf,https://api.govinfo.gov/packages/CREC-2016-05-31/summary,"[Congressional Record Volume 162, Number 86 (Tuesday, May 31, 2016)] [House] [Page H3457] From the Congressional Record Online through the Government Publishing Office [ www.gpo.gov ] ADJOURNMENT The SPEAKER pro tempore. Pursuant to section 4(b) of House Resolution 744, the House stands adjourned until 4:30 p.m. on Friday, June 3, 2016. Thereupon (at 1 o'clock and 2 minutes p.m.), under its previous order, the House adjourned until Friday, June 3, 2016, at 4:30 p.m. ____________________",,"[Congressional Record Volume 162, Number 86 (Tuesday, May 31, 2016)] [House] [Page H3457] From the Congressional Record Online through the Government Publishing Office [ www.gpo.gov ] ADJOURNMENT The SPEAKER pro tempore. Pursuant to section 4(b) of House Resolution 744, the House stands adjourned until 4:30 p.m. on Friday, June 3, 2016. Thereupon (at 1 o'clock and 2 minutes p.m.), under its previous order, the House adjourned until Friday, June 3, 2016, at 4:30 p.m. ____________________",https://api.govinfo.gov/related/CREC-2016-05-31-pt1-PgH3457-6,CREC,Proceedings of Congress and General Congressional Publications,2025-03-07T17:23:20Z,Congressional Record,package_114_271.csv,491,0,491,"[congressional record volume 162, number 86 (tuesday, may 31, 2016)] [house] [page h3457] from the congressional record online through the government publishing office [ www.gpo.gov ] adjournment the speaker pro tempore. pursuant to section 4(b) of house resolution 744, the house stands adjourned until 4:30 p.m. on friday, june 3, 2016. thereupon (at 1 o'clock and 2 minutes p.m.), under its previous order, the house adjourned until friday, june 3, 2016, at 4:30 p.m. ____________________",491
CREC-2016-05-31-pt1-PgH3457-8,CREC-2016-05-31,2016-05-31,REPORTS OF COMMITTEES ON PUBLIC BILLS AND RESOLUTIONS,CREC,HOUSE,H,H,1,https://www.govinfo.gov/app/details/CREC-2016-05-31/CREC-2016-05-31-pt1-PgH3457-8,https://api.govinfo.gov/packages/CREC-2016-05-31/granules/CREC-2016-05-31-pt1-PgH3457-8/htm,https://api.govinfo.gov/packages/CREC-2016-05-31/granules/CREC-2016-05-31-pt1-PgH3457-8/pdf,https://api.govinfo.gov/packages/CREC-2016-05-31/summary,"[Congressional Record Volume 162, Number 86 (Tuesday, May 31, 2016)] [House] [Pages H3457-H3458] From the Congressional Record Online through the Government Publishing Office [ www.gpo.gov ] REPORTS OF COMMITTEES ON PUBLIC BILLS AND RESOLUTIONS Under clause 2 of rule XIII, reports of committees were delivered to the Clerk for printing and reference to the proper calendar, as follows: Mr. CHAFFETZ: Committee on Oversight and Government Reform. H.R. 4361. A bill to amend section 3554 of title 44, United States Code, to provide for enhanced security of Federal information systems, and for other purposes; with an amendment (Rept. 114-599). Referred to the Committee of the Whole House on the state of the Union. Mr. CHAFFETZ: Committee on Oversight and Government Reform. H.R. 4902. A bill to amend title 5, United States Code, to expand law enforcement availability pay to employees of U.S. Customs and Border Protection's Air and Marine Operations (Rept. 114-600). Referred to the Committee of the Whole House on the state of the Union. Mr. CHAFFETZ: Committee on Oversight and Government Reform. H.R. 4906. A bill to amend title 5, United States Code, to clarify the eligibility of employees of a land management agency in a time-limited appointment to compete for a permanent appointment at any Federal agency, and for other purposes (Rept. 114-601). Referred to the Committee of the Whole House on the state of the Union. [[Page H3458]] ____________________",,"[Congressional Record Volume 162, Number 86 (Tuesday, May 31, 2016)] [House] [Pages H3457-H3458] From the Congressional Record Online through the Government Publishing Office [ www.gpo.gov ] REPORTS OF COMMITTEES ON PUBLIC BILLS AND RESOLUTIONS Under clause 2 of rule XIII, reports of committees were delivered to the Clerk for printing and reference to the proper calendar, as follows: Mr. CHAFFETZ: Committee on Oversight and Government Reform. H.R. 4361. A bill to amend section 3554 of title 44, United States Code, to provide for enhanced security of Federal information systems, and for other purposes; with an amendment (Rept. 114-599). Referred to the Committee of the Whole House on the state of the Union. Mr. CHAFFETZ: Committee on Oversight and Government Reform. H.R. 4902. A bill to amend title 5, United States Code, to expand law enforcement availability pay to employees of U.S. Customs and Border Protection's Air and Marine Operations (Rept. 114-600). Referred to the Committee of the Whole House on the state of the Union. Mr. CHAFFETZ: Committee on Oversight and Government Reform. H.R. 4906. A bill to amend title 5, United States Code, to clarify the eligibility of employees of a land management agency in a time-limited appointment to compete for a permanent appointment at any Federal agency, and for other purposes (Rept. 114-601). Referred to the Committee of the Whole House on the state of the Union. [[Page H3458]] ____________________",https://api.govinfo.gov/related/CREC-2016-05-31-pt1-PgH3457-8,CREC,Proceedings of Congress and General Congressional Publications,2025-03-07T17:23:20Z,Congressional Record,package_114_271.csv,1466,0,1466,"[congressional record volume 162, number 86 (tuesday, may 31, 2016)] [house] [pages h3457-h3458] from the congressional record online through the government publishing office [ www.gpo.gov ] reports of committees on public bills and resolutions under clause 2 of rule xiii, reports of committees were delivered to the clerk for printing and reference to the proper calendar, as follows: mr. chaffetz: committee on oversight and government reform. h.r. 4361. a bill to amend section 3554 of title 44, united states code, to provide for enhanced security of federal information systems, and for other purposes; with an amendment (rept. 114-599). referred to the committee of the whole house on the state of the union. mr. chaffetz: committee on oversight and government reform. h.r. 4902. a bill to amend title 5, united states code, to expand law enforcement availability pay to employees of u.s. customs and border protection's air and marine operations (rept. 114-600). referred to the committee of the whole house on the state of the union. mr. chaffetz: committee on oversight and government reform. h.r. 4906. a bill to amend title 5, united states code, to clarify the eligibility of employees of a land management agency in a time-limited appointment to compete for a permanent appointment at any federal agency, and for other purposes (rept. 114-601). referred to the committee of the whole house on the state of the union. [[page h3458]] ____________________",1466
CREC-2016-05-31-pt1-PgH3457-7,CREC-2016-05-31,2016-05-31,"EXECUTIVE COMMUNICATIONS, ETC.",CREC,HOUSE,H,H,1,https://www.govinfo.gov/app/details/CREC-2016-05-31/CREC-2016-05-31-pt1-PgH3457-7,https://api.govinfo.gov/packages/CREC-2016-05-31/granules/CREC-2016-05-31-pt1-PgH3457-7/htm,https://api.govinfo.gov/packages/CREC-2016-05-31/granules/CREC-2016-05-31-pt1-PgH3457-7/pdf,https://api.govinfo.gov/packages/CREC-2016-05-31/summary,"[Congressional Record Volume 162, Number 86 (Tuesday, May 31, 2016)] [House] [Page H3457] From the Congressional Record Online through the Government Publishing Office [ www.gpo.gov ] EXECUTIVE COMMUNICATIONS, ETC. Under clause 2 of rule XIV, executive communications were taken from the Speaker's table and referred as follows: 5536. A letter from the Assistant Secretary for Legislation, Department of Health and Human Services, transmitting the Report to Congress on the Newborn Screening Program, pursuant to Public Law 113-240; to the Committee on Energy and Commerce. 5537. A letter from the Director, International Cooperation, Office of Acquisition, Technology, and Logistics, Department of Defense, transmitting the Department's intent to sign the Memorandum of Understanding among Australia, Belgium, Canada, Denmark, Germany, Greece, The Netherlands, Norway, Portugal, Spain, and Turkey for the Cooperative Production of the Evolved SEASPARROW Missile Block 2, pursuant to 22 U.S.C. 2767(f); Public Law 90-629, Sec. 27(f) (as amended by Public Law 113-276, Sec. 208(a)(4)); (128 Stat. 2993); to the Committee on Foreign Affairs. 5538. A letter from the Assistant Secretary, Legislative Affairs, Department of State, transmitting the Department's interim final rule -- International Traffic in Arms: Revisions to Definition of Export and Related Definitions [Public Notice: 9487] (RIN:1400-AD70) received May 25, 2016, pursuant to 5 U.S.C. 801(a)(1)(A); Public Law 104-121, Sec. 251; (110 Stat. 868); to the Committee on Foreign Affairs. 5539. A letter from the Secretary, Department of Veterans Affairs, transmitting the Inspector General's semiannual report for October 1, 2015, through March 31, 2016, pursuant to 5 U.S.C. app. (Insp. Gen. Act) Sec. 5(b); Public Law 95- 452, Sec. 5(b); (92 Stat. 1103); to the Committee on Oversight and Government Reform. 5540. A letter from the Chairman and Members, Federal Labor Relations Authority, transmitting the Authority's Semiannual Report to Congress for the period October 1, 2015, through March 31, 2016, pursuant to 5 U.S.C. app. (Insp. Gen. Act) Sec. 5(b); Public Law 95-452, Sec. 5(b); (92 Stat. 1103); to the Committee on Oversight and Government Reform. 5541. A letter from the Administrator, Environmental Protection Agency, transmitting the report entitled ``Review of the Allotment of the Clean Water State Revolving Fund'' report to Congress, pursuant to Public Law 113-121, Sec. 5005; to the Committee on Transportation and Infrastructure. ____________________",,"[Congressional Record Volume 162, Number 86 (Tuesday, May 31, 2016)] [House] [Page H3457] From the Congressional Record Online through the Government Publishing Office [ www.gpo.gov ] EXECUTIVE COMMUNICATIONS, ETC. Under clause 2 of rule XIV, executive communications were taken from the Speaker's table and referred as follows: 5536. A letter from the Assistant Secretary for Legislation, Department of Health and Human Services, transmitting the Report to Congress on the Newborn Screening Program, pursuant to Public Law 113-240; to the Committee on Energy and Commerce. 5537. A letter from the Director, International Cooperation, Office of Acquisition, Technology, and Logistics, Department of Defense, transmitting the Department's intent to sign the Memorandum of Understanding among Australia, Belgium, Canada, Denmark, Germany, Greece, The Netherlands, Norway, Portugal, Spain, and Turkey for the Cooperative Production of the Evolved SEASPARROW Missile Block 2, pursuant to 22 U.S.C. 2767(f); Public Law 90-629, Sec. 27(f) (as amended by Public Law 113-276, Sec. 208(a)(4)); (128 Stat. 2993); to the Committee on Foreign Affairs. 5538. A letter from the Assistant Secretary, Legislative Affairs, Department of State, transmitting the Department's interim final rule -- International Traffic in Arms: Revisions to Definition of Export and Related Definitions [Public Notice: 9487] (RIN:1400-AD70) received May 25, 2016, pursuant to 5 U.S.C. 801(a)(1)(A); Public Law 104-121, Sec. 251; (110 Stat. 868); to the Committee on Foreign Affairs. 5539. A letter from the Secretary, Department of Veterans Affairs, transmitting the Inspector General's semiannual report for October 1, 2015, through March 31, 2016, pursuant to 5 U.S.C. app. (Insp. Gen. Act) Sec. 5(b); Public Law 95- 452, Sec. 5(b); (92 Stat. 1103); to the Committee on Oversight and Government Reform. 5540. A letter from the Chairman and Members, Federal Labor Relations Authority, transmitting the Authority's Semiannual Report to Congress for the period October 1, 2015, through March 31, 2016, pursuant to 5 U.S.C. app. (Insp. Gen. Act) Sec. 5(b); Public Law 95-452, Sec. 5(b); (92 Stat. 1103); to the Committee on Oversight and Government Reform. 5541. A letter from the Administrator, Environmental Protection Agency, transmitting the report entitled ``Review of the Allotment of the Clean Water State Revolving Fund'' report to Congress, pursuant to Public Law 113-121, Sec. 5005; to the Committee on Transportation and Infrastructure. ____________________",https://api.govinfo.gov/related/CREC-2016-05-31-pt1-PgH3457-7,CREC,Proceedings of Congress and General Congressional Publications,2025-03-07T17:23:20Z,Congressional Record,package_114_271.csv,2531,0,2531,"[congressional record volume 162, number 86 (tuesday, may 31, 2016)] [house] [page h3457] from the congressional record online through the government publishing office [ www.gpo.gov ] executive communications, etc. under clause 2 of rule xiv, executive communications were taken from the speaker's table and referred as follows: 5536. a letter from the assistant secretary for legislation, department of health and human services, transmitting the report to congress on the newborn screening program, pursuant to public law 113-240; to the committee on energy and commerce. 5537. a letter from the director, international cooperation, office of acquisition, technology, and logistics, department of defense, transmitting the department's intent to sign the memorandum of understanding among australia, belgium, canada, denmark, germany, greece, the netherlands, norway, portugal, spain, and turkey for the cooperative production of the evolved seasparrow missile block 2, pursuant to 22 u.s.c. 2767(f); public law 90-629, sec. 27(f) (as amended by public law 113-276, sec. 208(a)(4)); (128 stat. 2993); to the committee on foreign affairs. 5538. a letter from the assistant secretary, legislative affairs, department of state, transmitting the department's interim final rule -- international traffic in arms: revisions to definition of export and related definitions [public notice: 9487] (rin:1400-ad70) received may 25, 2016, pursuant to 5 u.s.c. 801(a)(1)(a); public law 104-121, sec. 251; (110 stat. 868); to the committee on foreign affairs. 5539. a letter from the secretary, department of veterans affairs, transmitting the inspector general's semiannual report for october 1, 2015, through march 31, 2016, pursuant to 5 u.s.c. app. (insp. gen. act) sec. 5(b); public law 95- 452, sec. 5(b); (92 stat. 1103); to the committee on oversight and government reform. 5540. a letter from the chairman and members, federal labor relations authority, transmitting the authority's semiannual report to congress for the period october 1, 2015, through march 31, 2016, pursuant to 5 u.s.c. app. (insp. gen. act) sec. 5(b); public law 95-452, sec. 5(b); (92 stat. 1103); to the committee on oversight and government reform. 5541. a letter from the administrator, environmental protection agency, transmitting the report entitled ``review of the allotment of the clean water state revolving fund'' report to congress, pursuant to public law 113-121, sec. 5005; to the committee on transportation and infrastructure. ____________________",2531
CREC-2016-05-31-pt1-PgH3458,CREC-2016-05-31,2016-05-31,PUBLIC BILLS AND RESOLUTIONS,CREC,HOUSE,H,H,1,https://www.govinfo.gov/app/details/CREC-2016-05-31/CREC-2016-05-31-pt1-PgH3458,https://api.govinfo.gov/packages/CREC-2016-05-31/granules/CREC-2016-05-31-pt1-PgH3458/htm,https://api.govinfo.gov/packages/CREC-2016-05-31/granules/CREC-2016-05-31-pt1-PgH3458/pdf,https://api.govinfo.gov/packages/CREC-2016-05-31/summary,"[Congressional Record Volume 162, Number 86 (Tuesday, May 31, 2016)] [House] [Page H3458] From the Congressional Record Online through the Government Publishing Office [ www.gpo.gov ] PUBLIC BILLS AND RESOLUTIONS Under clause 2 of rule XII, public bills and resolutions of the following titles were introduced and severally referred, as follows: By Ms. JACKSON LEE: H. Res. 764. A resolution honoring in praise and remembrance the wonderful achievements in academic, athletic and humanitarian distinction of Quincy Williams; to the Committee on Oversight and Government Reform. By Ms. JACKSON LEE: H. Res. 765. A resolution honoring in praise and remembrance the outstanding achievements in scholastic, athletic and humanitarian excellence of Mr. Sarid Chaim Shahdaiah; to the Committee on Oversight and Government Reform. ____________________",,"[Congressional Record Volume 162, Number 86 (Tuesday, May 31, 2016)] [House] [Page H3458] From the Congressional Record Online through the Government Publishing Office [ www.gpo.gov ] PUBLIC BILLS AND RESOLUTIONS Under clause 2 of rule XII, public bills and resolutions of the following titles were introduced and severally referred, as follows: By Ms. JACKSON LEE: H. Res. 764. A resolution honoring in praise and remembrance the wonderful achievements in academic, athletic and humanitarian distinction of Quincy Williams; to the Committee on Oversight and Government Reform. By Ms. JACKSON LEE: H. Res. 765. A resolution honoring in praise and remembrance the outstanding achievements in scholastic, athletic and humanitarian excellence of Mr. Sarid Chaim Shahdaiah; to the Committee on Oversight and Government Reform. ____________________",https://api.govinfo.gov/related/CREC-2016-05-31-pt1-PgH3458,CREC,Proceedings of Congress and General Congressional Publications,2025-03-07T17:23:20Z,Congressional Record,package_114_271.csv,843,0,843,"[congressional record volume 162, number 86 (tuesday, may 31, 2016)] [house] [page h3458] from the congressional record online through the government publishing office [ www.gpo.gov ] public bills and resolutions under clause 2 of rule xii, public bills and resolutions of the following titles were introduced and severally referred, as follows: by ms. jackson lee: h. res. 764. a resolution honoring in praise and remembrance the wonderful achievements in academic, athletic and humanitarian distinction of quincy williams; to the committee on oversight and government reform. by ms. jackson lee: h. res. 765. a resolution honoring in praise and remembrance the outstanding achievements in scholastic, athletic and humanitarian excellence of mr. sarid chaim shahdaiah; to the committee on oversight and government reform. ____________________",843
CREC-2016-05-31-pt1-PgH3458-2,CREC-2016-05-31,2016-05-31,MEMORIALS,CREC,HOUSE,H,H,1,https://www.govinfo.gov/app/details/CREC-2016-05-31/CREC-2016-05-31-pt1-PgH3458-2,https://api.govinfo.gov/packages/CREC-2016-05-31/granules/CREC-2016-05-31-pt1-PgH3458-2/htm,https://api.govinfo.gov/packages/CREC-2016-05-31/granules/CREC-2016-05-31-pt1-PgH3458-2/pdf,https://api.govinfo.gov/packages/CREC-2016-05-31/summary,"[Congressional Record Volume 162, Number 86 (Tuesday, May 31, 2016)] [House] [Page H3458] From the Congressional Record Online through the Government Publishing Office [ www.gpo.gov ] MEMORIALS Under clause 3 of rule XII, 245. The SPEAKER presented a memorial of the Legislature of the Commonwealth of Pennsylvania, relative to House Resolution No. 236, requesting the Congress of the United States call a convention of the states to propose amendments to the Constitution of the United States; which was referred to the Committee on the Judiciary. ____________________",,"[Congressional Record Volume 162, Number 86 (Tuesday, May 31, 2016)] [House] [Page H3458] From the Congressional Record Online through the Government Publishing Office [ www.gpo.gov ] MEMORIALS Under clause 3 of rule XII, 245. The SPEAKER presented a memorial of the Legislature of the Commonwealth of Pennsylvania, relative to House Resolution No. 236, requesting the Congress of the United States call a convention of the states to propose amendments to the Constitution of the United States; which was referred to the Committee on the Judiciary. ____________________",https://api.govinfo.gov/related/CREC-2016-05-31-pt1-PgH3458-2,CREC,Proceedings of Congress and General Congressional Publications,2025-03-07T17:23:20Z,Congressional Record,package_114_271.csv,569,0,569,"[congressional record volume 162, number 86 (tuesday, may 31, 2016)] [house] [page h3458] from the congressional record online through the government publishing office [ www.gpo.gov ] memorials under clause 3 of rule xii, 245. the speaker presented a memorial of the legislature of the commonwealth of pennsylvania, relative to house resolution no. 236, requesting the congress of the united states call a convention of the states to propose amendments to the constitution of the united states; which was referred to the committee on the judiciary. ____________________",569
CREC-2016-05-31-pt1-PgH3458-3,CREC-2016-05-31,2016-05-31,ADDITIONAL SPONSORS,CREC,HOUSE,H,H,1,https://www.govinfo.gov/app/details/CREC-2016-05-31/CREC-2016-05-31-pt1-PgH3458-3,https://api.govinfo.gov/packages/CREC-2016-05-31/granules/CREC-2016-05-31-pt1-PgH3458-3/htm,https://api.govinfo.gov/packages/CREC-2016-05-31/granules/CREC-2016-05-31-pt1-PgH3458-3/pdf,https://api.govinfo.gov/packages/CREC-2016-05-31/summary,"[Congressional Record Volume 162, Number 86 (Tuesday, May 31, 2016)] [House] [Page H3458] From the Congressional Record Online through the Government Publishing Office [ www.gpo.gov ] ADDITIONAL SPONSORS Under clause 7 of rule XII, sponsors were added to public bills and resolutions, as follows: H.R. 430: Ms. Titus, Mr. Carson of Indiana, and Mr. Keating. H.R. 592: Mr. Sean Patrick Maloney of New York. H.R. 836: Mr. Tipton and Mr. Graves of Georgia. H.R. 1062: Mr. Fitzpatrick, Mr. Fincher, and Mr. Mullin. H.R. 1733: Mr. Trott. H.R. 2083: Mrs. Carolyn B. Maloney of New York. H.R. 2290: Mr. Katko. H.R. 2411: Mr. Ryan of Ohio, Ms. Brownley of California, Mr. Brady of Pennsylvania, Mr. Conyers, and Mrs. Dingell. H.R. 2539: Mr. Norcross. H.R. 2646: Mr. Knight. H.R. 2902: Mr. Kilmer. H.R. 2980: Mr. Perlmutter. H.R. 3084: Ms. Kaptur. H.R. 3225: Mrs. Radewagen. H.R. 3520: Mr. Schrader. H.R. 3687: Mr. Beyer, Mr. Conyers, and Ms. McCollum. H.R. 4275: Mr. Moolenaar. H.R. 4333: Mr. Roe of Tennessee, Mr. MacArthur, and Mr. David Scott of Georgia. H.R. 4365: Mr. Pittenger and Mr. Ellison. H.R. 4443: Mr. O'Rourke. H.R. 4585: Mr. Grayson. H.R. 4626: Mr. Yoder. H.R. 4849: Mr. Gibbs. H.R. 4870: Mr. Ellison. H.R. 5044: Ms. Sinema, Mr. Walz, Mr. Hines, Mr. Cleaver, and Mr. Beyer. H.R. 5181: Mr. Moulton. H.R. 5253: Mr. Farenthold. H.R. 5262: Mr. Sanford. H.R. 5272: Ms. Norton, Mr. Cicilline, Mr. McGovern, and Mr. Sean Patrick Maloney of New York. H.R. 5292: Mr. Honda, Miss Rice of New York, and Mr. McKinley. H.R. 5338: Mr. LaMalfa. H.R. 5356: Mr. Cuellar, Mr. Culberson, Mr. Farenthold, Mr. Weber of Texas, and Mr. O'Rourke. H.R. 5361: Mr. Neal. H. Con. Res. 36: Mr. Beyer. H. Con. Res. 89: Mr. DeSantis. H. Res. 683: Ms. Clark of Massachusetts. H. Res. 686: Mr. Garamendi, Mr. Rush, Ms. Slaughter, Ms. Kuster, and Ms. Speier. H. Res. 717: Mr. Tipton. H. Res. 759: Mr. Moulton.",,"[Congressional Record Volume 162, Number 86 (Tuesday, May 31, 2016)] [House] [Page H3458] From the Congressional Record Online through the Government Publishing Office [ www.gpo.gov ] ADDITIONAL SPONSORS Under clause 7 of rule XII, sponsors were added to public bills and resolutions, as follows: H.R. 430: Ms. Titus, Mr. Carson of Indiana, and Mr. Keating. H.R. 592: Mr. Sean Patrick Maloney of New York. H.R. 836: Mr. Tipton and Mr. Graves of Georgia. H.R. 1062: Mr. Fitzpatrick, Mr. Fincher, and Mr. Mullin. H.R. 1733: Mr. Trott. H.R. 2083: Mrs. Carolyn B. Maloney of New York. H.R. 2290: Mr. Katko. H.R. 2411: Mr. Ryan of Ohio, Ms. Brownley of California, Mr. Brady of Pennsylvania, Mr. Conyers, and Mrs. Dingell. H.R. 2539: Mr. Norcross. H.R. 2646: Mr. Knight. H.R. 2902: Mr. Kilmer. H.R. 2980: Mr. Perlmutter. H.R. 3084: Ms. Kaptur. H.R. 3225: Mrs. Radewagen. H.R. 3520: Mr. Schrader. H.R. 3687: Mr. Beyer, Mr. Conyers, and Ms. McCollum. H.R. 4275: Mr. Moolenaar. H.R. 4333: Mr. Roe of Tennessee, Mr. MacArthur, and Mr. David Scott of Georgia. H.R. 4365: Mr. Pittenger and Mr. Ellison. H.R. 4443: Mr. O'Rourke. H.R. 4585: Mr. Grayson. H.R. 4626: Mr. Yoder. H.R. 4849: Mr. Gibbs. H.R. 4870: Mr. Ellison. H.R. 5044: Ms. Sinema, Mr. Walz, Mr. Hines, Mr. Cleaver, and Mr. Beyer. H.R. 5181: Mr. Moulton. H.R. 5253: Mr. Farenthold. H.R. 5262: Mr. Sanford. H.R. 5272: Ms. Norton, Mr. Cicilline, Mr. McGovern, and Mr. Sean Patrick Maloney of New York. H.R. 5292: Mr. Honda, Miss Rice of New York, and Mr. McKinley. H.R. 5338: Mr. LaMalfa. H.R. 5356: Mr. Cuellar, Mr. Culberson, Mr. Farenthold, Mr. Weber of Texas, and Mr. O'Rourke. H.R. 5361: Mr. Neal. H. Con. Res. 36: Mr. Beyer. H. Con. Res. 89: Mr. DeSantis. H. Res. 683: Ms. Clark of Massachusetts. H. Res. 686: Mr. Garamendi, Mr. Rush, Ms. Slaughter, Ms. Kuster, and Ms. Speier. H. Res. 717: Mr. Tipton. H. Res. 759: Mr. Moulton.",https://api.govinfo.gov/related/CREC-2016-05-31-pt1-PgH3458-3,CREC,Proceedings of Congress and General Congressional Publications,2025-03-07T17:23:20Z,Congressional Record,package_114_271.csv,1882,0,1882,"[congressional record volume 162, number 86 (tuesday, may 31, 2016)] [house] [page h3458] from the congressional record online through the government publishing office [ www.gpo.gov ] additional sponsors under clause 7 of rule xii, sponsors were added to public bills and resolutions, as follows: h.r. 430: ms. titus, mr. carson of indiana, and mr. keating. h.r. 592: mr. sean patrick maloney of new york. h.r. 836: mr. tipton and mr. graves of georgia. h.r. 1062: mr. fitzpatrick, mr. fincher, and mr. mullin. h.r. 1733: mr. trott. h.r. 2083: mrs. carolyn b. maloney of new york. h.r. 2290: mr. katko. h.r. 2411: mr. ryan of ohio, ms. brownley of california, mr. brady of pennsylvania, mr. conyers, and mrs. dingell. h.r. 2539: mr. norcross. h.r. 2646: mr. knight. h.r. 2902: mr. kilmer. h.r. 2980: mr. perlmutter. h.r. 3084: ms. kaptur. h.r. 3225: mrs. radewagen. h.r. 3520: mr. schrader. h.r. 3687: mr. beyer, mr. conyers, and ms. mccollum. h.r. 4275: mr. moolenaar. h.r. 4333: mr. roe of tennessee, mr. macarthur, and mr. david scott of georgia. h.r. 4365: mr. pittenger and mr. ellison. h.r. 4443: mr. o'rourke. h.r. 4585: mr. grayson. h.r. 4626: mr. yoder. h.r. 4849: mr. gibbs. h.r. 4870: mr. ellison. h.r. 5044: ms. sinema, mr. walz, mr. hines, mr. cleaver, and mr. beyer. h.r. 5181: mr. moulton. h.r. 5253: mr. farenthold. h.r. 5262: mr. sanford. h.r. 5272: ms. norton, mr. cicilline, mr. mcgovern, and mr. sean patrick maloney of new york. h.r. 5292: mr. honda, miss rice of new york, and mr. mckinley. h.r. 5338: mr. lamalfa. h.r. 5356: mr. cuellar, mr. culberson, mr. farenthold, mr. weber of texas, and mr. o'rourke. h.r. 5361: mr. neal. h. con. res. 36: mr. beyer. h. con. res. 89: mr. desantis. h. res. 683: ms. clark of massachusetts. h. res. 686: mr. garamendi, mr. rush, ms. slaughter, ms. kuster, and ms. speier. h. res. 717: mr. tipton. h. res. 759: mr. moulton.",1882
CREC-2016-05-31-pt1-PgS-FrontMatter-4,CREC-2016-05-31,2016-05-31,Senate,CREC,SENATE,S,S,1,https://www.govinfo.gov/app/details/CREC-2016-05-31/CREC-2016-05-31-pt1-PgS-FrontMatter-4,https://api.govinfo.gov/packages/CREC-2016-05-31/granules/CREC-2016-05-31-pt1-PgS-FrontMatter-4/htm,https://api.govinfo.gov/packages/CREC-2016-05-31/granules/CREC-2016-05-31-pt1-PgS-FrontMatter-4/pdf,https://api.govinfo.gov/packages/CREC-2016-05-31/summary,"[Congressional Record Volume 162, Number 86 (Tuesday, May 31, 2016)] [Senate] [Page S3387] From the Congressional Record Online through the Government Publishing Office [ www.gpo.gov ] S E N A T E Vol. 162 WASHINGTON, TUESDAY, MAY 31, 2016 No. 86",,"[Congressional Record Volume 162, Number 86 (Tuesday, May 31, 2016)] [Senate] [Page S3387] From the Congressional Record Online through the Government Publishing Office [ www.gpo.gov ] S E N A T E Vol. 162 WASHINGTON, TUESDAY, MAY 31, 2016 No. 86",https://api.govinfo.gov/related/CREC-2016-05-31-pt1-PgS-FrontMatter-4,CREC,Proceedings of Congress and General Congressional Publications,2025-03-07T17:23:20Z,Congressional Record,package_114_271.csv,246,0,246,"[congressional record volume 162, number 86 (tuesday, may 31, 2016)] [senate] [page s3387] from the congressional record online through the government publishing office [ www.gpo.gov ] s e n a t e vol. 162 washington, tuesday, may 31, 2016 no. 86",246
CREC-2016-05-31-pt1-PgS3387,CREC-2016-05-31,2016-05-31,Senate,CREC,SENATE,S,S,1,https://www.govinfo.gov/app/details/CREC-2016-05-31/CREC-2016-05-31-pt1-PgS3387,https://api.govinfo.gov/packages/CREC-2016-05-31/granules/CREC-2016-05-31-pt1-PgS3387/htm,https://api.govinfo.gov/packages/CREC-2016-05-31/granules/CREC-2016-05-31-pt1-PgS3387/pdf,https://api.govinfo.gov/packages/CREC-2016-05-31/summary,"[Congressional Record Volume 162, Number 86 (Tuesday, May 31, 2016)] [Senate] [Page S3387] From the Congressional Record Online through the Government Publishing Office [ www.gpo.gov ] [[Page S3387]] Senate The Senate met at 8:30 and 3 seconds a.m., and was called to order by the Honorable Bill Cassidy, a Senator from the State of Louisiana. ____________________",,"[Congressional Record Volume 162, Number 86 (Tuesday, May 31, 2016)] [Senate] [Page S3387] From the Congressional Record Online through the Government Publishing Office [ www.gpo.gov ] [[Page S3387]] Senate The Senate met at 8:30 and 3 seconds a.m., and was called to order by the Honorable Bill Cassidy, a Senator from the State of Louisiana. ____________________",https://api.govinfo.gov/related/CREC-2016-05-31-pt1-PgS3387,CREC,Proceedings of Congress and General Congressional Publications,2025-03-07T17:23:20Z,Congressional Record,package_114_271.csv,364,0,364,"[congressional record volume 162, number 86 (tuesday, may 31, 2016)] [senate] [page s3387] from the congressional record online through the government publishing office [ www.gpo.gov ] [[page s3387]] senate the senate met at 8:30 and 3 seconds a.m., and was called to order by the honorable bill cassidy, a senator from the state of louisiana. ____________________",364
CREC-2016-05-31-pt1-PgS3387-2,CREC-2016-05-31,2016-05-31,APPOINTMENT OF ACTING PRESIDENT PRO TEMPORE,CREC,SENATE,S,S,1,https://www.govinfo.gov/app/details/CREC-2016-05-31/CREC-2016-05-31-pt1-PgS3387-2,https://api.govinfo.gov/packages/CREC-2016-05-31/granules/CREC-2016-05-31-pt1-PgS3387-2/htm,https://api.govinfo.gov/packages/CREC-2016-05-31/granules/CREC-2016-05-31-pt1-PgS3387-2/pdf,https://api.govinfo.gov/packages/CREC-2016-05-31/summary,"[Congressional Record Volume 162, Number 86 (Tuesday, May 31, 2016)] [Senate] [Page S3387] From the Congressional Record Online through the Government Publishing Office [ www.gpo.gov ] APPOINTMENT OF ACTING PRESIDENT PRO TEMPORE The PRESIDING OFFICER. The clerk will please read a communication to the Senate from the President pro tempore (Mr. Hatch). The senior assistant legislative clerk read the following letter: U.S. Senate, President pro tempore, Washington, DC, May 31, 2016. To the Senate: Under the provisions of rule I, paragraph 3, of the Standing Rules of the Senate, I hereby appoint the Honorable Bill Cassidy, a Senator from the State of Louisiana, to perform the duties of the Chair. Orrin G. Hatch, President pro tempore. Mr. CASSIDY thereupon assumed the Chair as Acting President pro tempore. ____________________",,"[Congressional Record Volume 162, Number 86 (Tuesday, May 31, 2016)] [Senate] [Page S3387] From the Congressional Record Online through the Government Publishing Office [ www.gpo.gov ] APPOINTMENT OF ACTING PRESIDENT PRO TEMPORE The PRESIDING OFFICER. The clerk will please read a communication to the Senate from the President pro tempore (Mr. Hatch). The senior assistant legislative clerk read the following letter: U.S. Senate, President pro tempore, Washington, DC, May 31, 2016. To the Senate: Under the provisions of rule I, paragraph 3, of the Standing Rules of the Senate, I hereby appoint the Honorable Bill Cassidy, a Senator from the State of Louisiana, to perform the duties of the Chair. Orrin G. Hatch, President pro tempore. Mr. CASSIDY thereupon assumed the Chair as Acting President pro tempore. ____________________",https://api.govinfo.gov/related/CREC-2016-05-31-pt1-PgS3387-2,CREC,Proceedings of Congress and General Congressional Publications,2025-03-07T17:23:20Z,Congressional Record,package_114_271.csv,834,0,834,"[congressional record volume 162, number 86 (tuesday, may 31, 2016)] [senate] [page s3387] from the congressional record online through the government publishing office [ www.gpo.gov ] appointment of acting president pro tempore the presiding officer. the clerk will please read a communication to the senate from the president pro tempore (mr. hatch). the senior assistant legislative clerk read the following letter: u.s. senate, president pro tempore, washington, dc, may 31, 2016. to the senate: under the provisions of rule i, paragraph 3, of the standing rules of the senate, i hereby appoint the honorable bill cassidy, a senator from the state of louisiana, to perform the duties of the chair. orrin g. hatch, president pro tempore. mr. cassidy thereupon assumed the chair as acting president pro tempore. ____________________",834
CREC-2016-05-31-pt1-PgS3387-3,CREC-2016-05-31,2016-05-31,"ADJOURNMENT UNTIL FRIDAY, JUNE 3, 2016, AT 1 P.M.",CREC,SENATE,S,S,1,https://www.govinfo.gov/app/details/CREC-2016-05-31/CREC-2016-05-31-pt1-PgS3387-3,https://api.govinfo.gov/packages/CREC-2016-05-31/granules/CREC-2016-05-31-pt1-PgS3387-3/htm,https://api.govinfo.gov/packages/CREC-2016-05-31/granules/CREC-2016-05-31-pt1-PgS3387-3/pdf,https://api.govinfo.gov/packages/CREC-2016-05-31/summary,"[Congressional Record Volume 162, Number 86 (Tuesday, May 31, 2016)] [Senate] [Page S3387] From the Congressional Record Online through the Government Publishing Office [ www.gpo.gov ] ADJOURNMENT UNTIL FRIDAY, JUNE 3, 2016, AT 1 P.M. The ACTING PRESIDENT pro tempore. Under the previous order, the Senate stands adjourned until 1 p.m. on Friday, June, 3, 2016. Thereupon, the Senate, at 8:30 and 30 seconds a.m., adjourned until Friday, June 3, 2016, at 1 p.m.",,"[Congressional Record Volume 162, Number 86 (Tuesday, May 31, 2016)] [Senate] [Page S3387] From the Congressional Record Online through the Government Publishing Office [ www.gpo.gov ] ADJOURNMENT UNTIL FRIDAY, JUNE 3, 2016, AT 1 P.M. The ACTING PRESIDENT pro tempore. Under the previous order, the Senate stands adjourned until 1 p.m. on Friday, June, 3, 2016. Thereupon, the Senate, at 8:30 and 30 seconds a.m., adjourned until Friday, June 3, 2016, at 1 p.m.",https://api.govinfo.gov/related/CREC-2016-05-31-pt1-PgS3387-3,CREC,Proceedings of Congress and General Congressional Publications,2025-03-07T17:23:20Z,Congressional Record,package_114_271.csv,461,0,461,"[congressional record volume 162, number 86 (tuesday, may 31, 2016)] [senate] [page s3387] from the congressional record online through the government publishing office [ www.gpo.gov ] adjournment until friday, june 3, 2016, at 1 p.m. the acting president pro tempore. under the previous order, the senate stands adjourned until 1 p.m. on friday, june, 3, 2016. thereupon, the senate, at 8:30 and 30 seconds a.m., adjourned until friday, june 3, 2016, at 1 p.m.",461
CREC-2016-05-31-pt1-PgE817-2,CREC-2016-05-31,2016-05-31,CELEBRATING THE LIFE OF ERIC BRADLEY,CREC,EXTENSIONS,E,E,1,https://www.govinfo.gov/app/details/CREC-2016-05-31/CREC-2016-05-31-pt1-PgE817-2,https://api.govinfo.gov/packages/CREC-2016-05-31/granules/CREC-2016-05-31-pt1-PgE817-2/htm,https://api.govinfo.gov/packages/CREC-2016-05-31/granules/CREC-2016-05-31-pt1-PgE817-2/pdf,https://api.govinfo.gov/packages/CREC-2016-05-31/summary,"[Congressional Record Volume 162, Number 86 (Tuesday, May 31, 2016)] [Extensions of Remarks] [Page E817] From the Congressional Record Online through the Government Publishing Office [ www.gpo.gov ] CELEBRATING THE LIFE OF ERIC BRADLEY ______ HON. TED LIEU of california in the house of representatives Tuesday, May 31, 2016 Mr. TED LIEU of California. Mr. Speaker, I rise today to celebrate the life of Eric Bradley--husband, father, and community leader--who passed away on Sunday, May 15, 2016. Eric was well known locally and nationally as a political activist and strategist who possessed unparalleled abilities in organizing and advocating for numerous causes. He served his community, his state, and his country loyally and effectively through his work. Eric began his career after studying political science at the University of California, Santa Barbara and continued to serve the people of Southern California until his last days. He dedicated his life to improving the lives of others and he will be remembered for his compassionate spirit, which moved everyone who met him. Trusted and beloved by many, Eric was a man of resolute character, integrity, honesty, and kindness. His advice was invaluable and his approval, once earned, was treasured. He believed in fairness and justice for all; equal opportunity and protection under the law; creating an economy that supports everyone, especially working families; and above all, the value of public service. Eric Bradley's legacy will live on in the institutions that he served and through the people that he empowered. He is survived by his wife, Gail Bradley, and his son, Anders Bradley, whom I hope take comfort in the way he lived as an outstanding and honest man. I ask that my colleagues join me in recognizing Eric Bradley's incredible life. ____________________",,"[Congressional Record Volume 162, Number 86 (Tuesday, May 31, 2016)] [Extensions of Remarks] [Page E817] From the Congressional Record Online through the Government Publishing Office [ www.gpo.gov ] CELEBRATING THE LIFE OF ERIC BRADLEY ______ HON. TED LIEU of california in the house of representatives Tuesday, May 31, 2016 Mr. TED LIEU of California. Mr. Speaker, I rise today to celebrate the life of Eric Bradley--husband, father, and community leader--who passed away on Sunday, May 15, 2016. Eric was well known locally and nationally as a political activist and strategist who possessed unparalleled abilities in organizing and advocating for numerous causes. He served his community, his state, and his country loyally and effectively through his work. Eric began his career after studying political science at the University of California, Santa Barbara and continued to serve the people of Southern California until his last days. He dedicated his life to improving the lives of others and he will be remembered for his compassionate spirit, which moved everyone who met him. Trusted and beloved by many, Eric was a man of resolute character, integrity, honesty, and kindness. His advice was invaluable and his approval, once earned, was treasured. He believed in fairness and justice for all; equal opportunity and protection under the law; creating an economy that supports everyone, especially working families; and above all, the value of public service. Eric Bradley's legacy will live on in the institutions that he served and through the people that he empowered. He is survived by his wife, Gail Bradley, and his son, Anders Bradley, whom I hope take comfort in the way he lived as an outstanding and honest man. I ask that my colleagues join me in recognizing Eric Bradley's incredible life. ____________________",https://api.govinfo.gov/related/CREC-2016-05-31-pt1-PgE817-2,CREC,Proceedings of Congress and General Congressional Publications,2025-03-07T17:23:20Z,Congressional Record,package_114_271.csv,1831,0,1831,"[congressional record volume 162, number 86 (tuesday, may 31, 2016)] [extensions of remarks] [page e817] from the congressional record online through the government publishing office [ www.gpo.gov ] celebrating the life of eric bradley ______ hon. ted lieu of california in the house of representatives tuesday, may 31, 2016 mr. ted lieu of california. mr. speaker, i rise today to celebrate the life of eric bradley--husband, father, and community leader--who passed away on sunday, may 15, 2016. eric was well known locally and nationally as a political activist and strategist who possessed unparalleled abilities in organizing and advocating for numerous causes. he served his community, his state, and his country loyally and effectively through his work. eric began his career after studying political science at the university of california, santa barbara and continued to serve the people of southern california until his last days. he dedicated his life to improving the lives of others and he will be remembered for his compassionate spirit, which moved everyone who met him. trusted and beloved by many, eric was a man of resolute character, integrity, honesty, and kindness. his advice was invaluable and his approval, once earned, was treasured. he believed in fairness and justice for all; equal opportunity and protection under the law; creating an economy that supports everyone, especially working families; and above all, the value of public service. eric bradley's legacy will live on in the institutions that he served and through the people that he empowered. he is survived by his wife, gail bradley, and his son, anders bradley, whom i hope take comfort in the way he lived as an outstanding and honest man. i ask that my colleagues join me in recognizing eric bradley's incredible life. ____________________",1831
CREC-2016-05-31-pt1-PgE817-4,CREC-2016-05-31,2016-05-31,CELEBRATING THE CAREER AND CONTRIBUTIONS OF JOHN KELSALL,CREC,EXTENSIONS,E,E,1,https://www.govinfo.gov/app/details/CREC-2016-05-31/CREC-2016-05-31-pt1-PgE817-4,https://api.govinfo.gov/packages/CREC-2016-05-31/granules/CREC-2016-05-31-pt1-PgE817-4/htm,https://api.govinfo.gov/packages/CREC-2016-05-31/granules/CREC-2016-05-31-pt1-PgE817-4/pdf,https://api.govinfo.gov/packages/CREC-2016-05-31/summary,"[Congressional Record Volume 162, Number 86 (Tuesday, May 31, 2016)] [Extensions of Remarks] [Page E817] From the Congressional Record Online through the Government Publishing Office [ www.gpo.gov ] CELEBRATING THE CAREER AND CONTRIBUTIONS OF JOHN KELSALL ______ HON. LINDA T. SANCHEZ of california in the house of representatives Tuesday, May 31, 2016 Ms. LINDA T. SANCHEZ of California. Mr. Speaker, I rise today to celebrate the career and contributions of Mr. John Kelsall, the President and CEO of the Greater Lakewood Chamber of Commerce, located in my congressional district. As the head of the Chamber of Commerce for more than ten years, Mr. Kelsall has been a tireless champion for local and small businesses in Lakewood. Throughout his tenure, Mr. Kelsall has been instrumental in creating new programs to benefit the Lakewood community. His ``Shop Lakewood, Stay Lakewood Local'' initiative to improve commerce within the city was so successful that the city adopted it as one of its mottos. He also insisted on starting business councils, including those for veteran-owned and home-based companies. More recently, Mr. Kelsall shifted his focus to bringing new businesses into Lakewood. After seeing a need in his community for an establishment that sells fresh organic produce, he and the Chamber of Commerce partnered with the city and Lakewood Center mall to make it happen. Due to his vision and leadership, Lakewood opened its first Farmer's Market just a few weeks ago. This is just a small sampling of the many initiatives spearheaded by Mr. Kelsall during his time at the Lakewood Chamber. For the past decade, Mr. Kelsall has been a terrific leader for the Lakewood business community, but his greatest achievement may be as an advocate for veterans returning to civilian life. Following the tragic death of his son Lieutenant Commander Jonas Kelsall, a U.S. Navy SEAL, in 2011, anyone could excuse Mr. Kelsall time to grieve. Instead, he and his wife Teri Kelsall poured their energy into providing opportunities for our returning servicemen and women. In 2012, the Kelsalls founded the Jonas Project, a nonprofit that offers mentorship and services to veterans who wish to start a business. In just four years of operation, the Jonas Project has aided in the development of a number of successful, veteran-owned small businesses across the country. America needs more people like John Kelsall. Faced with unspeakable tragedy that would halt so many of us in our tracks, he instead chose to use his talent to create an organization dedicated to serving those men and women who risk their life to preserve our freedom. We owe our veterans an unpayable debt, and so I hope that Mr. Kelsall and the Jonas Project will inspire others to help ease their transition back to civilian life. I applaud Mr. Kelsall on his successful tenure at helm of the Lakewood Chamber and wish him well as he departs that post to dedicate himself full-time to the Jonas Project. ____________________",,"[Congressional Record Volume 162, Number 86 (Tuesday, May 31, 2016)] [Extensions of Remarks] [Page E817] From the Congressional Record Online through the Government Publishing Office [ www.gpo.gov ] CELEBRATING THE CAREER AND CONTRIBUTIONS OF JOHN KELSALL ______ HON. LINDA T. SANCHEZ of california in the house of representatives Tuesday, May 31, 2016 Ms. LINDA T. SANCHEZ of California. Mr. Speaker, I rise today to celebrate the career and contributions of Mr. John Kelsall, the President and CEO of the Greater Lakewood Chamber of Commerce, located in my congressional district. As the head of the Chamber of Commerce for more than ten years, Mr. Kelsall has been a tireless champion for local and small businesses in Lakewood. Throughout his tenure, Mr. Kelsall has been instrumental in creating new programs to benefit the Lakewood community. His ``Shop Lakewood, Stay Lakewood Local'' initiative to improve commerce within the city was so successful that the city adopted it as one of its mottos. He also insisted on starting business councils, including those for veteran-owned and home-based companies. More recently, Mr. Kelsall shifted his focus to bringing new businesses into Lakewood. After seeing a need in his community for an establishment that sells fresh organic produce, he and the Chamber of Commerce partnered with the city and Lakewood Center mall to make it happen. Due to his vision and leadership, Lakewood opened its first Farmer's Market just a few weeks ago. This is just a small sampling of the many initiatives spearheaded by Mr. Kelsall during his time at the Lakewood Chamber. For the past decade, Mr. Kelsall has been a terrific leader for the Lakewood business community, but his greatest achievement may be as an advocate for veterans returning to civilian life. Following the tragic death of his son Lieutenant Commander Jonas Kelsall, a U.S. Navy SEAL, in 2011, anyone could excuse Mr. Kelsall time to grieve. Instead, he and his wife Teri Kelsall poured their energy into providing opportunities for our returning servicemen and women. In 2012, the Kelsalls founded the Jonas Project, a nonprofit that offers mentorship and services to veterans who wish to start a business. In just four years of operation, the Jonas Project has aided in the development of a number of successful, veteran-owned small businesses across the country. America needs more people like John Kelsall. Faced with unspeakable tragedy that would halt so many of us in our tracks, he instead chose to use his talent to create an organization dedicated to serving those men and women who risk their life to preserve our freedom. We owe our veterans an unpayable debt, and so I hope that Mr. Kelsall and the Jonas Project will inspire others to help ease their transition back to civilian life. I applaud Mr. Kelsall on his successful tenure at helm of the Lakewood Chamber and wish him well as he departs that post to dedicate himself full-time to the Jonas Project. ____________________",https://api.govinfo.gov/related/CREC-2016-05-31-pt1-PgE817-4,CREC,Proceedings of Congress and General Congressional Publications,2025-03-07T17:23:20Z,Congressional Record,package_114_271.csv,2998,0,2998,"[congressional record volume 162, number 86 (tuesday, may 31, 2016)] [extensions of remarks] [page e817] from the congressional record online through the government publishing office [ www.gpo.gov ] celebrating the career and contributions of john kelsall ______ hon. linda t. sanchez of california in the house of representatives tuesday, may 31, 2016 ms. linda t. sanchez of california. mr. speaker, i rise today to celebrate the career and contributions of mr. john kelsall, the president and ceo of the greater lakewood chamber of commerce, located in my congressional district. as the head of the chamber of commerce for more than ten years, mr. kelsall has been a tireless champion for local and small businesses in lakewood. throughout his tenure, mr. kelsall has been instrumental in creating new programs to benefit the lakewood community. his ``shop lakewood, stay lakewood local'' initiative to improve commerce within the city was so successful that the city adopted it as one of its mottos. he also insisted on starting business councils, including those for veteran-owned and home-based companies. more recently, mr. kelsall shifted his focus to bringing new businesses into lakewood. after seeing a need in his community for an establishment that sells fresh organic produce, he and the chamber of commerce partnered with the city and lakewood center mall to make it happen. due to his vision and leadership, lakewood opened its first farmer's market just a few weeks ago. this is just a small sampling of the many initiatives spearheaded by mr. kelsall during his time at the lakewood chamber. for the past decade, mr. kelsall has been a terrific leader for the lakewood business community, but his greatest achievement may be as an advocate for veterans returning to civilian life. following the tragic death of his son lieutenant commander jonas kelsall, a u.s. navy seal, in 2011, anyone could excuse mr. kelsall time to grieve. instead, he and his wife teri kelsall poured their energy into providing opportunities for our returning servicemen and women. in 2012, the kelsalls founded the jonas project, a nonprofit that offers mentorship and services to veterans who wish to start a business. in just four years of operation, the jonas project has aided in the development of a number of successful, veteran-owned small businesses across the country. america needs more people like john kelsall. faced with unspeakable tragedy that would halt so many of us in our tracks, he instead chose to use his talent to create an organization dedicated to serving those men and women who risk their life to preserve our freedom. we owe our veterans an unpayable debt, and so i hope that mr. kelsall and the jonas project will inspire others to help ease their transition back to civilian life. i applaud mr. kelsall on his successful tenure at helm of the lakewood chamber and wish him well as he departs that post to dedicate himself full-time to the jonas project. ____________________",2998
CREC-2016-05-31-pt1-PgE817-5,CREC-2016-05-31,2016-05-31,PERSONAL EXPLANATION,CREC,EXTENSIONS,E,E,1,https://www.govinfo.gov/app/details/CREC-2016-05-31/CREC-2016-05-31-pt1-PgE817-5,https://api.govinfo.gov/packages/CREC-2016-05-31/granules/CREC-2016-05-31-pt1-PgE817-5/htm,https://api.govinfo.gov/packages/CREC-2016-05-31/granules/CREC-2016-05-31-pt1-PgE817-5/pdf,https://api.govinfo.gov/packages/CREC-2016-05-31/summary,"[Congressional Record Volume 162, Number 86 (Tuesday, May 31, 2016)] [Extensions of Remarks] [Pages E817-E818] From the Congressional Record Online through the Government Publishing Office [ www.gpo.gov ] PERSONAL EXPLANATION ______ HON. JOHN A. YARMUTH of kentucky in the house of representatives Tuesday, May 31, 2016 Mr. YARMUTH. Mr. Speaker, I unfortunately was unable to be present for several votes taken on the House floor on May 25 and May 26, 2016, missing Roll Call Vote Number 239 through Number 268. Had I been present, I would have voted in the following manner: Roll Call No. 239: NAY, Roll Call No. 240: NAY, Roll Call No. 241: NAY, Roll Call No. 242: YEA, Roll Call No. 243: NAY, Roll Call No. 244: NAY, Roll Call No. 245: YEA, Roll Call No. 246: NAY, Roll Call No. 247: YEA, Roll Call No. 248: NAY, Roll Call No. 249: YEA, Roll Call No. 250: NAY, Roll Call No. 251: NAY, Roll Call No. 252: YEA, Roll Call No. 253: YEA. Roll Call No. 254: YEA, Roll Call No. 255: NAY, Roll Call No. 256: NAY, Roll Call No. 257: NAY, Roll Call No. 258: YEA, Roll Call No. 259: NAY, Roll Call No. 260: NAY, Roll Call No. 261: NAY, Roll Call No. 262: NAY, Roll Call No. 263: NAY, Roll Call No. 264: YEA, Roll Call No. 265: YEA, Roll Call No. 266: NAY, Roll Call No. 267: NAY, Roll Call No. 268: NAY. [[Page E818]] ____________________",,"[Congressional Record Volume 162, Number 86 (Tuesday, May 31, 2016)] [Extensions of Remarks] [Pages E817-E818] From the Congressional Record Online through the Government Publishing Office [ www.gpo.gov ] PERSONAL EXPLANATION ______ HON. JOHN A. YARMUTH of kentucky in the house of representatives Tuesday, May 31, 2016 Mr. YARMUTH. Mr. Speaker, I unfortunately was unable to be present for several votes taken on the House floor on May 25 and May 26, 2016, missing Roll Call Vote Number 239 through Number 268. Had I been present, I would have voted in the following manner: Roll Call No. 239: NAY, Roll Call No. 240: NAY, Roll Call No. 241: NAY, Roll Call No. 242: YEA, Roll Call No. 243: NAY, Roll Call No. 244: NAY, Roll Call No. 245: YEA, Roll Call No. 246: NAY, Roll Call No. 247: YEA, Roll Call No. 248: NAY, Roll Call No. 249: YEA, Roll Call No. 250: NAY, Roll Call No. 251: NAY, Roll Call No. 252: YEA, Roll Call No. 253: YEA. Roll Call No. 254: YEA, Roll Call No. 255: NAY, Roll Call No. 256: NAY, Roll Call No. 257: NAY, Roll Call No. 258: YEA, Roll Call No. 259: NAY, Roll Call No. 260: NAY, Roll Call No. 261: NAY, Roll Call No. 262: NAY, Roll Call No. 263: NAY, Roll Call No. 264: YEA, Roll Call No. 265: YEA, Roll Call No. 266: NAY, Roll Call No. 267: NAY, Roll Call No. 268: NAY. [[Page E818]] ____________________",https://api.govinfo.gov/related/CREC-2016-05-31-pt1-PgE817-5,CREC,Proceedings of Congress and General Congressional Publications,2025-03-07T17:23:20Z,Congressional Record,package_114_271.csv,1330,0,1330,"[congressional record volume 162, number 86 (tuesday, may 31, 2016)] [extensions of remarks] [pages e817-e818] from the congressional record online through the government publishing office [ www.gpo.gov ] personal explanation ______ hon. john a. yarmuth of kentucky in the house of representatives tuesday, may 31, 2016 mr. yarmuth. mr. speaker, i unfortunately was unable to be present for several votes taken on the house floor on may 25 and may 26, 2016, missing roll call vote number 239 through number 268. had i been present, i would have voted in the following manner: roll call no. 239: nay, roll call no. 240: nay, roll call no. 241: nay, roll call no. 242: yea, roll call no. 243: nay, roll call no. 244: nay, roll call no. 245: yea, roll call no. 246: nay, roll call no. 247: yea, roll call no. 248: nay, roll call no. 249: yea, roll call no. 250: nay, roll call no. 251: nay, roll call no. 252: yea, roll call no. 253: yea. roll call no. 254: yea, roll call no. 255: nay, roll call no. 256: nay, roll call no. 257: nay, roll call no. 258: yea, roll call no. 259: nay, roll call no. 260: nay, roll call no. 261: nay, roll call no. 262: nay, roll call no. 263: nay, roll call no. 264: yea, roll call no. 265: yea, roll call no. 266: nay, roll call no. 267: nay, roll call no. 268: nay. [[page e818]] ____________________",1330
CREC-2016-05-31-pt1-PgE817-3,CREC-2016-05-31,2016-05-31,"CELEBRATING THE 68TH YOM HA'ATZMAUT, ISRAEL'S INDEPENDENCE DAY",CREC,EXTENSIONS,E,E,1,https://www.govinfo.gov/app/details/CREC-2016-05-31/CREC-2016-05-31-pt1-PgE817-3,https://api.govinfo.gov/packages/CREC-2016-05-31/granules/CREC-2016-05-31-pt1-PgE817-3/htm,https://api.govinfo.gov/packages/CREC-2016-05-31/granules/CREC-2016-05-31-pt1-PgE817-3/pdf,https://api.govinfo.gov/packages/CREC-2016-05-31/summary,"[Congressional Record Volume 162, Number 86 (Tuesday, May 31, 2016)] [Extensions of Remarks] [Page E817] From the Congressional Record Online through the Government Publishing Office [ www.gpo.gov ] CELEBRATING THE 68TH YOM HA'ATZMAUT, ISRAEL'S INDEPENDENCE DAY ______ HON. JERROLD NADLER of new york in the house of representatives Tuesday, May 31, 2016 Mr. NADLER. Mr. Speaker, I rise today to celebrate the 68th Yom Ha'Atzmaut, Israel's Independence Day, which took place on May 12th, 2016. Sixty-eight years ago, the founders of Israel sat in a hall at the Tel Aviv Museum of Art and made the fateful decision to declare Israel an independent state for the Jewish people. Following centuries of persecution in Europe, the Middle East, North Africa, and even, sadly, the United States, with the worst culmination of anti-Semitism during the Shoah--in which six million Jews were systematically executed-- Israel became the first modern homeland for Jews. I am proud that the United States of America played a role in the birth of this new state, becoming the first country in the world to recognize Israel's existence just minutes after David Ben-Gurion proclaimed Israel's nationhood. President Truman rightfully understood the new State of Israel represented the same western democratic values that the United States cherished, and acknowledged that an independent state for the Jewish people was long overdue. His endorsement of the State of Israel on May 14, 1948 sealed our two nations in an unbreakable bond that remains strong to this very day. Over the last sixty-eight years, the relationship between the United States and Israel has flourished. In addition to promoting our continued shared values, Israel has emerged as a crucial ally in the Middle East, and a strong partner in our work to enhance global security. Furthermore, Israel has contributed valuable innovations to the global community that help our businesses run more efficiently and make our world more environmentally friendly. Mr. Speaker, I stand here today proud of my work to support and strengthen the U.S.-Israel relationship. On this occasion, I reflect on the importance of maintaining strong ties with Israel, and remind my colleagues of the importance of working together to create a lasting peace in the region. I congratulate the State of Israel on its sixty-eighth anniversary, and am confident that our bond will remain unbreakable for years to come. ____________________",,"[Congressional Record Volume 162, Number 86 (Tuesday, May 31, 2016)] [Extensions of Remarks] [Page E817] From the Congressional Record Online through the Government Publishing Office [ www.gpo.gov ] CELEBRATING THE 68TH YOM HA'ATZMAUT, ISRAEL'S INDEPENDENCE DAY ______ HON. JERROLD NADLER of new york in the house of representatives Tuesday, May 31, 2016 Mr. NADLER. Mr. Speaker, I rise today to celebrate the 68th Yom Ha'Atzmaut, Israel's Independence Day, which took place on May 12th, 2016. Sixty-eight years ago, the founders of Israel sat in a hall at the Tel Aviv Museum of Art and made the fateful decision to declare Israel an independent state for the Jewish people. Following centuries of persecution in Europe, the Middle East, North Africa, and even, sadly, the United States, with the worst culmination of anti-Semitism during the Shoah--in which six million Jews were systematically executed-- Israel became the first modern homeland for Jews. I am proud that the United States of America played a role in the birth of this new state, becoming the first country in the world to recognize Israel's existence just minutes after David Ben-Gurion proclaimed Israel's nationhood. President Truman rightfully understood the new State of Israel represented the same western democratic values that the United States cherished, and acknowledged that an independent state for the Jewish people was long overdue. His endorsement of the State of Israel on May 14, 1948 sealed our two nations in an unbreakable bond that remains strong to this very day. Over the last sixty-eight years, the relationship between the United States and Israel has flourished. In addition to promoting our continued shared values, Israel has emerged as a crucial ally in the Middle East, and a strong partner in our work to enhance global security. Furthermore, Israel has contributed valuable innovations to the global community that help our businesses run more efficiently and make our world more environmentally friendly. Mr. Speaker, I stand here today proud of my work to support and strengthen the U.S.-Israel relationship. On this occasion, I reflect on the importance of maintaining strong ties with Israel, and remind my colleagues of the importance of working together to create a lasting peace in the region. I congratulate the State of Israel on its sixty-eighth anniversary, and am confident that our bond will remain unbreakable for years to come. ____________________",https://api.govinfo.gov/related/CREC-2016-05-31-pt1-PgE817-3,CREC,Proceedings of Congress and General Congressional Publications,2025-03-07T17:23:20Z,Congressional Record,package_114_271.csv,2464,0,2464,"[congressional record volume 162, number 86 (tuesday, may 31, 2016)] [extensions of remarks] [page e817] from the congressional record online through the government publishing office [ www.gpo.gov ] celebrating the 68th yom ha'atzmaut, israel's independence day ______ hon. jerrold nadler of new york in the house of representatives tuesday, may 31, 2016 mr. nadler. mr. speaker, i rise today to celebrate the 68th yom ha'atzmaut, israel's independence day, which took place on may 12th, 2016. sixty-eight years ago, the founders of israel sat in a hall at the tel aviv museum of art and made the fateful decision to declare israel an independent state for the jewish people. following centuries of persecution in europe, the middle east, north africa, and even, sadly, the united states, with the worst culmination of anti-semitism during the shoah--in which six million jews were systematically executed-- israel became the first modern homeland for jews. i am proud that the united states of america played a role in the birth of this new state, becoming the first country in the world to recognize israel's existence just minutes after david ben-gurion proclaimed israel's nationhood. president truman rightfully understood the new state of israel represented the same western democratic values that the united states cherished, and acknowledged that an independent state for the jewish people was long overdue. his endorsement of the state of israel on may 14, 1948 sealed our two nations in an unbreakable bond that remains strong to this very day. over the last sixty-eight years, the relationship between the united states and israel has flourished. in addition to promoting our continued shared values, israel has emerged as a crucial ally in the middle east, and a strong partner in our work to enhance global security. furthermore, israel has contributed valuable innovations to the global community that help our businesses run more efficiently and make our world more environmentally friendly. mr. speaker, i stand here today proud of my work to support and strengthen the u.s.-israel relationship. on this occasion, i reflect on the importance of maintaining strong ties with israel, and remind my colleagues of the importance of working together to create a lasting peace in the region. i congratulate the state of israel on its sixty-eighth anniversary, and am confident that our bond will remain unbreakable for years to come. ____________________",2464
CREC-2016-05-31-pt1-PgE818,CREC-2016-05-31,2016-05-31,IN REMEMBRANCE OF THE LIFE OF SARID CHAIM SHAHDAIAH AND QUINCY GEMAL WILLIAMS,CREC,EXTENSIONS,E,E,1,https://www.govinfo.gov/app/details/CREC-2016-05-31/CREC-2016-05-31-pt1-PgE818,https://api.govinfo.gov/packages/CREC-2016-05-31/granules/CREC-2016-05-31-pt1-PgE818/htm,https://api.govinfo.gov/packages/CREC-2016-05-31/granules/CREC-2016-05-31-pt1-PgE818/pdf,https://api.govinfo.gov/packages/CREC-2016-05-31/summary,"[Congressional Record Volume 162, Number 86 (Tuesday, May 31, 2016)] [Extensions of Remarks] [Page E818] From the Congressional Record Online through the Government Publishing Office [ www.gpo.gov ] IN REMEMBRANCE OF THE LIFE OF SARID CHAIM SHAHDAIAH AND QUINCY GEMAL WILLIAMS ______ HON. SHEILA JACKSON LEE of texas in the house of representatives Tuesday, May 31, 2016 ``What is a fear of living? It's being preeminently afraid of dying. It is not doing what you came here to do, out of timidity and spinelessness. The antidote is to take full responsibility for yourself--for the time you take up and the space you occupy. If you don't know what you're here to do, then just do some good.''--Maya Angelou Ms. JACKSON LEE. Mr. Speaker, I rise today in remembrance and recognition of the life of Sarid Chaim Shahdaiah, and Quincy Gemal Williams two very accomplished young men who tragically lost their lives in a car accident on December 3, 2014. Many parents, teachers, neighbors and young people hope to find the kindness and dedication that these two young men exhibited regularly as sons, students, friends and incredibly well-rounded, commendable young men. The achievements these young men earned far exceed the highest expectations of any proud parent or community member in awe of exceptional young leaders in today's America. I understand as well, that in recognition and honor of his pursuit of excellence, several highly esteemed universities expressed interest in Sarid, hoping that he would join their respected student bodies. I was thoroughly impressed to learn that, through his dedication to his studies, Sarid earned a grade point average of 3.6 and was inducted into the National Society of High School Scholars. As a highly accomplished student-athlete, he served the U.S.A. International Football Team as Captain, Team Ambassador and starting linebacker, in addition to exalting fervent school pride, during his junior year as a highly valued teammate of the DeKaney Wildcats, his high school varsity track and football teams. Expanding the bounds of his requisite studies, he explored his curiosities for the world of science becoming a member of the Texas High School Engineering Career and Technology Council. I join his family and many admirers in genuinely celebrating Sarid's life and outstanding contributions. Quincy was a beaming light of talent and happiness. Affectionately called by his parents a ``Junior'', Quincy was one of the most outgoing, lovable kids that a parent could ever want. Quincy was one of the world's best comedians. He had the ability to make anyone who came into contact with him laugh. All who knew Quincy admired his prowess for presentation--deemed one of the ``sharpest'' brothers you'd meet. Although young in body Mr. Williams was old in song; He was a profound lover of any and all Motown Performers and would listen to them regularly. While at Andy DeKaney High School Quincy became branded as the ``Soul Brother'' of the football team. Quincy was also a highly valued teammate of the DeKaney Wildcats high school varsity track team. Quincy and Sarid were not only classmates and teammates, they were bonded and talented friends who earned the love and respect by all those who knew them. These two young men cultivated their efforts, positioning themselves to successfully matriculate in May of 2016; and, but for their ill- fated passing, would by all accounts have celebrated their well- deserved accomplishments with their families as a milestone achievement in their young lives. While I have no doubt they would have realized countless ambitions, we are left to accept that their dreams of immeasurable magnitude now rest with them. These young men worked hard and touched many lives with their ambition and dedicated commitments to their families, friends, school and their community. I cannot think of a more solemn manner of celebrating their life than to honor their efforts by bestowing upon their families recognition of the achievement for which they so ardently strode. In the words of Booker T. Washington ``character is power''. Character truly is power and that power was present in the lives of these prolific young men. Yes, their lives were cut short, but with what time they did have they effectively made the best of it. Heaven has truly gained a dynamic pair of angels, while young Sarid and Quincy's families lost their most promising stars. Please join me in a moment of silence for the life of Sarid Chaim Shahdaiah and Quincy Gemal Williams. ____________________",,"[Congressional Record Volume 162, Number 86 (Tuesday, May 31, 2016)] [Extensions of Remarks] [Page E818] From the Congressional Record Online through the Government Publishing Office [ www.gpo.gov ] IN REMEMBRANCE OF THE LIFE OF SARID CHAIM SHAHDAIAH AND QUINCY GEMAL WILLIAMS ______ HON. SHEILA JACKSON LEE of texas in the house of representatives Tuesday, May 31, 2016 ``What is a fear of living? It's being preeminently afraid of dying. It is not doing what you came here to do, out of timidity and spinelessness. The antidote is to take full responsibility for yourself--for the time you take up and the space you occupy. If you don't know what you're here to do, then just do some good.''--Maya Angelou Ms. JACKSON LEE. Mr. Speaker, I rise today in remembrance and recognition of the life of Sarid Chaim Shahdaiah, and Quincy Gemal Williams two very accomplished young men who tragically lost their lives in a car accident on December 3, 2014. Many parents, teachers, neighbors and young people hope to find the kindness and dedication that these two young men exhibited regularly as sons, students, friends and incredibly well-rounded, commendable young men. The achievements these young men earned far exceed the highest expectations of any proud parent or community member in awe of exceptional young leaders in today's America. I understand as well, that in recognition and honor of his pursuit of excellence, several highly esteemed universities expressed interest in Sarid, hoping that he would join their respected student bodies. I was thoroughly impressed to learn that, through his dedication to his studies, Sarid earned a grade point average of 3.6 and was inducted into the National Society of High School Scholars. As a highly accomplished student-athlete, he served the U.S.A. International Football Team as Captain, Team Ambassador and starting linebacker, in addition to exalting fervent school pride, during his junior year as a highly valued teammate of the DeKaney Wildcats, his high school varsity track and football teams. Expanding the bounds of his requisite studies, he explored his curiosities for the world of science becoming a member of the Texas High School Engineering Career and Technology Council. I join his family and many admirers in genuinely celebrating Sarid's life and outstanding contributions. Quincy was a beaming light of talent and happiness. Affectionately called by his parents a ``Junior'', Quincy was one of the most outgoing, lovable kids that a parent could ever want. Quincy was one of the world's best comedians. He had the ability to make anyone who came into contact with him laugh. All who knew Quincy admired his prowess for presentation--deemed one of the ``sharpest'' brothers you'd meet. Although young in body Mr. Williams was old in song; He was a profound lover of any and all Motown Performers and would listen to them regularly. While at Andy DeKaney High School Quincy became branded as the ``Soul Brother'' of the football team. Quincy was also a highly valued teammate of the DeKaney Wildcats high school varsity track team. Quincy and Sarid were not only classmates and teammates, they were bonded and talented friends who earned the love and respect by all those who knew them. These two young men cultivated their efforts, positioning themselves to successfully matriculate in May of 2016; and, but for their ill- fated passing, would by all accounts have celebrated their well- deserved accomplishments with their families as a milestone achievement in their young lives. While I have no doubt they would have realized countless ambitions, we are left to accept that their dreams of immeasurable magnitude now rest with them. These young men worked hard and touched many lives with their ambition and dedicated commitments to their families, friends, school and their community. I cannot think of a more solemn manner of celebrating their life than to honor their efforts by bestowing upon their families recognition of the achievement for which they so ardently strode. In the words of Booker T. Washington ``character is power''. Character truly is power and that power was present in the lives of these prolific young men. Yes, their lives were cut short, but with what time they did have they effectively made the best of it. Heaven has truly gained a dynamic pair of angels, while young Sarid and Quincy's families lost their most promising stars. Please join me in a moment of silence for the life of Sarid Chaim Shahdaiah and Quincy Gemal Williams. ____________________",https://api.govinfo.gov/related/CREC-2016-05-31-pt1-PgE818,CREC,Proceedings of Congress and General Congressional Publications,2025-03-07T17:23:20Z,Congressional Record,package_114_271.csv,4553,0,4553,"[congressional record volume 162, number 86 (tuesday, may 31, 2016)] [extensions of remarks] [page e818] from the congressional record online through the government publishing office [ www.gpo.gov ] in remembrance of the life of sarid chaim shahdaiah and quincy gemal williams ______ hon. sheila jackson lee of texas in the house of representatives tuesday, may 31, 2016 ``what is a fear of living? it's being preeminently afraid of dying. it is not doing what you came here to do, out of timidity and spinelessness. the antidote is to take full responsibility for yourself--for the time you take up and the space you occupy. if you don't know what you're here to do, then just do some good.''--maya angelou ms. jackson lee. mr. speaker, i rise today in remembrance and recognition of the life of sarid chaim shahdaiah, and quincy gemal williams two very accomplished young men who tragically lost their lives in a car accident on december 3, 2014. many parents, teachers, neighbors and young people hope to find the kindness and dedication that these two young men exhibited regularly as sons, students, friends and incredibly well-rounded, commendable young men. the achievements these young men earned far exceed the highest expectations of any proud parent or community member in awe of exceptional young leaders in today's america. i understand as well, that in recognition and honor of his pursuit of excellence, several highly esteemed universities expressed interest in sarid, hoping that he would join their respected student bodies. i was thoroughly impressed to learn that, through his dedication to his studies, sarid earned a grade point average of 3.6 and was inducted into the national society of high school scholars. as a highly accomplished student-athlete, he served the u.s.a. international football team as captain, team ambassador and starting linebacker, in addition to exalting fervent school pride, during his junior year as a highly valued teammate of the dekaney wildcats, his high school varsity track and football teams. expanding the bounds of his requisite studies, he explored his curiosities for the world of science becoming a member of the texas high school engineering career and technology council. i join his family and many admirers in genuinely celebrating sarid's life and outstanding contributions. quincy was a beaming light of talent and happiness. affectionately called by his parents a ``junior'', quincy was one of the most outgoing, lovable kids that a parent could ever want. quincy was one of the world's best comedians. he had the ability to make anyone who came into contact with him laugh. all who knew quincy admired his prowess for presentation--deemed one of the ``sharpest'' brothers you'd meet. although young in body mr. williams was old in song; he was a profound lover of any and all motown performers and would listen to them regularly. while at andy dekaney high school quincy became branded as the ``soul brother'' of the football team. quincy was also a highly valued teammate of the dekaney wildcats high school varsity track team. quincy and sarid were not only classmates and teammates, they were bonded and talented friends who earned the love and respect by all those who knew them. these two young men cultivated their efforts, positioning themselves to successfully matriculate in may of 2016; and, but for their ill- fated passing, would by all accounts have celebrated their well- deserved accomplishments with their families as a milestone achievement in their young lives. while i have no doubt they would have realized countless ambitions, we are left to accept that their dreams of immeasurable magnitude now rest with them. these young men worked hard and touched many lives with their ambition and dedicated commitments to their families, friends, school and their community. i cannot think of a more solemn manner of celebrating their life than to honor their efforts by bestowing upon their families recognition of the achievement for which they so ardently strode. in the words of booker t. washington ``character is power''. character truly is power and that power was present in the lives of these prolific young men. yes, their lives were cut short, but with what time they did have they effectively made the best of it. heaven has truly gained a dynamic pair of angels, while young sarid and quincy's families lost their most promising stars. please join me in a moment of silence for the life of sarid chaim shahdaiah and quincy gemal williams. ____________________",4553
CREC-2016-05-31-pt1-PgE818-2,CREC-2016-05-31,2016-05-31,SUPPORT FOR THE ESTABLISHMENT OF A ``NATIONAL CAMEROONIAN HERITAGE AND DIASPORA MONTH'',CREC,EXTENSIONS,E,E,1,https://www.govinfo.gov/app/details/CREC-2016-05-31/CREC-2016-05-31-pt1-PgE818-2,https://api.govinfo.gov/packages/CREC-2016-05-31/granules/CREC-2016-05-31-pt1-PgE818-2/htm,https://api.govinfo.gov/packages/CREC-2016-05-31/granules/CREC-2016-05-31-pt1-PgE818-2/pdf,https://api.govinfo.gov/packages/CREC-2016-05-31/summary,"[Congressional Record Volume 162, Number 86 (Tuesday, May 31, 2016)] [Extensions of Remarks] [Page E818] From the Congressional Record Online through the Government Publishing Office [ www.gpo.gov ] SUPPORT FOR THE ESTABLISHMENT OF A ``NATIONAL CAMEROONIAN HERITAGE AND DIASPORA MONTH'' ______ HON. CHRISTOPHER P. GIBSON of new york in the house of representatives Tuesday, May 31, 2016 Mr. GIBSON. Mr. Speaker, I rise today to express my support for the establishment of a ``National Cameroonian Heritage and Diaspora Month'' during the month of May to celebrate the great contributions of Americans of Cameroonian immigrant heritage in the United States, who have enriched the history of our Nation. Mr. Speaker, people of recent Cameroonian immigrant heritage and the greater Cameroonian diaspora are found in every State of the Union. Furthermore, the history of Americans of Cameroonian descent in the United States is inextricably tied to the story of the Nation. This past year, I have been proud to establish and co-chair the Congressional Cameroon Caucus, along with Congressman Andre Carson (D- IN), Congressman Steve Russell (R-OK) and Congressman Hank Johnson (D- GA). The Congressional Cameroon Caucus enjoys strong bi-partisan support, which includes Congresswoman Sheila Jackson-Lee (D-TX). The community of Americans of Cameroonian immigrant heritage in the United States poses an inherently diverse population comprised of distinct ethnicities, religions and more than 100 language dialects. Americans of Cameroonian immigrant heritage in the United States come from all regions in Cameroon and do not constitute a homogeneous group. They include people from different religious, linguistic, ethnic, racial, cultural, and social backgrounds. Cameroon is nicknamed `Africa in Miniature or Mini Africa' for its religious, linguistics, geographic and ethnic diversity. Mr. Speaker, the month of May has been celebrated by Cameroonians at home and abroad, since 1972, because `Cameroon National Day' is on May 20. Since independence in 1960, Cameroon has earned a reputation as a peaceful and welcoming nation, and as a linchpin of regional stability. Undoubtedly, Cameroon serves as an important economic, military, and cultural partner of the United States. Additionally, Americans of Cameroonian descents have traced their heritage via DNA to various kingdoms in Cameroon such as Bamileke, Hausa, Tikar, Baka. Individuals such as Secretary Condelezza Rice, Congresswoman Karen Bass, Congresswoman Kelly Robin; artists such as Quincy Jones, Blair Underwood, Venessa L. Williams, Sheryl Lee Ralph; and thousands of Americans of African-American, Afro-Latino America, Afro-European Americans and others, have traced their heritage to Cameroon. Recent Cameroonian immigrants have also made significant contributions to American culture, including in areas of American life such as the military, health care, arts, education, community service, and public policy. Raising awareness about Cameroonian immigrant heritage is crucial to effectively fighting disparities within the greater Black population in the American narrative and is essential to building a stronger America. Additionally, Americans of recent Cameroonian immigrant heritage have played an active role in the civil rights movement and other social and political movements in the United States such as Sylvie Qwasinwi Bello of the Cameroon American Council. Mr. Speaker, the people of Cameroon share the hopes and aspirations of the people of the United States for peace and prosperity throughout the world, but there remains much to be done to ensure that Americans of recent Cameroonian immigrant heritage and the greater Cameroonian diaspora have access to resources and a voice in the United States Government and continue to advance in the political, social, and economic landscape of the United States. Celebrating `National Cameroonian Heritage and Diaspora Month' in the month of May would provide the people of the United States with an opportunity to recognize the achievements, contributions, and history of and to appreciate the challenges faced by Americans of recent Cameroonian immigrant heritage. For that reason, Mr. Speaker, I believe that a ``National Cameroonian Heritage and Diaspora Month'' should be recognized in May to celebrate the significant contributions of Americans of recent Cameroonian Immigrant Heritage to the history of the United States.",,"[Congressional Record Volume 162, Number 86 (Tuesday, May 31, 2016)] [Extensions of Remarks] [Page E818] From the Congressional Record Online through the Government Publishing Office [ www.gpo.gov ] SUPPORT FOR THE ESTABLISHMENT OF A ``NATIONAL CAMEROONIAN HERITAGE AND DIASPORA MONTH'' ______ HON. CHRISTOPHER P. GIBSON of new york in the house of representatives Tuesday, May 31, 2016 Mr. GIBSON. Mr. Speaker, I rise today to express my support for the establishment of a ``National Cameroonian Heritage and Diaspora Month'' during the month of May to celebrate the great contributions of Americans of Cameroonian immigrant heritage in the United States, who have enriched the history of our Nation. Mr. Speaker, people of recent Cameroonian immigrant heritage and the greater Cameroonian diaspora are found in every State of the Union. Furthermore, the history of Americans of Cameroonian descent in the United States is inextricably tied to the story of the Nation. This past year, I have been proud to establish and co-chair the Congressional Cameroon Caucus, along with Congressman Andre Carson (D- IN), Congressman Steve Russell (R-OK) and Congressman Hank Johnson (D- GA). The Congressional Cameroon Caucus enjoys strong bi-partisan support, which includes Congresswoman Sheila Jackson-Lee (D-TX). The community of Americans of Cameroonian immigrant heritage in the United States poses an inherently diverse population comprised of distinct ethnicities, religions and more than 100 language dialects. Americans of Cameroonian immigrant heritage in the United States come from all regions in Cameroon and do not constitute a homogeneous group. They include people from different religious, linguistic, ethnic, racial, cultural, and social backgrounds. Cameroon is nicknamed `Africa in Miniature or Mini Africa' for its religious, linguistics, geographic and ethnic diversity. Mr. Speaker, the month of May has been celebrated by Cameroonians at home and abroad, since 1972, because `Cameroon National Day' is on May 20. Since independence in 1960, Cameroon has earned a reputation as a peaceful and welcoming nation, and as a linchpin of regional stability. Undoubtedly, Cameroon serves as an important economic, military, and cultural partner of the United States. Additionally, Americans of Cameroonian descents have traced their heritage via DNA to various kingdoms in Cameroon such as Bamileke, Hausa, Tikar, Baka. Individuals such as Secretary Condelezza Rice, Congresswoman Karen Bass, Congresswoman Kelly Robin; artists such as Quincy Jones, Blair Underwood, Venessa L. Williams, Sheryl Lee Ralph; and thousands of Americans of African-American, Afro-Latino America, Afro-European Americans and others, have traced their heritage to Cameroon. Recent Cameroonian immigrants have also made significant contributions to American culture, including in areas of American life such as the military, health care, arts, education, community service, and public policy. Raising awareness about Cameroonian immigrant heritage is crucial to effectively fighting disparities within the greater Black population in the American narrative and is essential to building a stronger America. Additionally, Americans of recent Cameroonian immigrant heritage have played an active role in the civil rights movement and other social and political movements in the United States such as Sylvie Qwasinwi Bello of the Cameroon American Council. Mr. Speaker, the people of Cameroon share the hopes and aspirations of the people of the United States for peace and prosperity throughout the world, but there remains much to be done to ensure that Americans of recent Cameroonian immigrant heritage and the greater Cameroonian diaspora have access to resources and a voice in the United States Government and continue to advance in the political, social, and economic landscape of the United States. Celebrating `National Cameroonian Heritage and Diaspora Month' in the month of May would provide the people of the United States with an opportunity to recognize the achievements, contributions, and history of and to appreciate the challenges faced by Americans of recent Cameroonian immigrant heritage. For that reason, Mr. Speaker, I believe that a ``National Cameroonian Heritage and Diaspora Month'' should be recognized in May to celebrate the significant contributions of Americans of recent Cameroonian Immigrant Heritage to the history of the United States.",https://api.govinfo.gov/related/CREC-2016-05-31-pt1-PgE818-2,CREC,Proceedings of Congress and General Congressional Publications,2025-03-07T17:23:20Z,Congressional Record,package_114_271.csv,4451,0,4451,"[congressional record volume 162, number 86 (tuesday, may 31, 2016)] [extensions of remarks] [page e818] from the congressional record online through the government publishing office [ www.gpo.gov ] support for the establishment of a ``national cameroonian heritage and diaspora month'' ______ hon. christopher p. gibson of new york in the house of representatives tuesday, may 31, 2016 mr. gibson. mr. speaker, i rise today to express my support for the establishment of a ``national cameroonian heritage and diaspora month'' during the month of may to celebrate the great contributions of americans of cameroonian immigrant heritage in the united states, who have enriched the history of our nation. mr. speaker, people of recent cameroonian immigrant heritage and the greater cameroonian diaspora are found in every state of the union. furthermore, the history of americans of cameroonian descent in the united states is inextricably tied to the story of the nation. this past year, i have been proud to establish and co-chair the congressional cameroon caucus, along with congressman andre carson (d- in), congressman steve russell (r-ok) and congressman hank johnson (d- ga). the congressional cameroon caucus enjoys strong bi-partisan support, which includes congresswoman sheila jackson-lee (d-tx). the community of americans of cameroonian immigrant heritage in the united states poses an inherently diverse population comprised of distinct ethnicities, religions and more than 100 language dialects. americans of cameroonian immigrant heritage in the united states come from all regions in cameroon and do not constitute a homogeneous group. they include people from different religious, linguistic, ethnic, racial, cultural, and social backgrounds. cameroon is nicknamed `africa in miniature or mini africa' for its religious, linguistics, geographic and ethnic diversity. mr. speaker, the month of may has been celebrated by cameroonians at home and abroad, since 1972, because `cameroon national day' is on may 20. since independence in 1960, cameroon has earned a reputation as a peaceful and welcoming nation, and as a linchpin of regional stability. undoubtedly, cameroon serves as an important economic, military, and cultural partner of the united states. additionally, americans of cameroonian descents have traced their heritage via dna to various kingdoms in cameroon such as bamileke, hausa, tikar, baka. individuals such as secretary condelezza rice, congresswoman karen bass, congresswoman kelly robin; artists such as quincy jones, blair underwood, venessa l. williams, sheryl lee ralph; and thousands of americans of african-american, afro-latino america, afro-european americans and others, have traced their heritage to cameroon. recent cameroonian immigrants have also made significant contributions to american culture, including in areas of american life such as the military, health care, arts, education, community service, and public policy. raising awareness about cameroonian immigrant heritage is crucial to effectively fighting disparities within the greater black population in the american narrative and is essential to building a stronger america. additionally, americans of recent cameroonian immigrant heritage have played an active role in the civil rights movement and other social and political movements in the united states such as sylvie qwasinwi bello of the cameroon american council. mr. speaker, the people of cameroon share the hopes and aspirations of the people of the united states for peace and prosperity throughout the world, but there remains much to be done to ensure that americans of recent cameroonian immigrant heritage and the greater cameroonian diaspora have access to resources and a voice in the united states government and continue to advance in the political, social, and economic landscape of the united states. celebrating `national cameroonian heritage and diaspora month' in the month of may would provide the people of the united states with an opportunity to recognize the achievements, contributions, and history of and to appreciate the challenges faced by americans of recent cameroonian immigrant heritage. for that reason, mr. speaker, i believe that a ``national cameroonian heritage and diaspora month'' should be recognized in may to celebrate the significant contributions of americans of recent cameroonian immigrant heritage to the history of the united states.",4451
CREC-2016-05-31-pt1-PgD603,CREC-2016-05-31,2016-05-31,Daily Digest/Senate,CREC,DAILYDIGEST,,D,1,https://www.govinfo.gov/app/details/CREC-2016-05-31/CREC-2016-05-31-pt1-PgD603,https://api.govinfo.gov/packages/CREC-2016-05-31/granules/CREC-2016-05-31-pt1-PgD603/htm,https://api.govinfo.gov/packages/CREC-2016-05-31/granules/CREC-2016-05-31-pt1-PgD603/pdf,https://api.govinfo.gov/packages/CREC-2016-05-31/summary,"[Congressional Record Volume 162, Number 86 (Tuesday, May 31, 2016)] [Daily Digest] [Page D603] From the Congressional Record Online through the Government Publishing Office [ www.gpo.gov ] Monday, May 31, 2016 [[Page D603]] Daily Digest Senate Chamber Action The Senate met at 8:30:03 a.m. in pro forma session, and adjourned at 8:30:30 a.m. until 1 p.m., on Friday, June 3, 2016.",,"[Congressional Record Volume 162, Number 86 (Tuesday, May 31, 2016)] [Daily Digest] [Page D603] From the Congressional Record Online through the Government Publishing Office [ www.gpo.gov ] Monday, May 31, 2016 [[Page D603]] Daily Digest Senate Chamber Action The Senate met at 8:30:03 a.m. in pro forma session, and adjourned at 8:30:30 a.m. until 1 p.m., on Friday, June 3, 2016.",https://api.govinfo.gov/related/CREC-2016-05-31-pt1-PgD603,CREC,Proceedings of Congress and General Congressional Publications,2025-03-07T17:23:20Z,Congressional Record,package_114_271.csv,381,0,381,"[congressional record volume 162, number 86 (tuesday, may 31, 2016)] [daily digest] [page d603] from the congressional record online through the government publishing office [ www.gpo.gov ] monday, may 31, 2016 [[page d603]] daily digest senate chamber action the senate met at 8:30:03 a.m. in pro forma session, and adjourned at 8:30:30 a.m. until 1 p.m., on friday, june 3, 2016.",381
CREC-2016-05-31-pt1-PgD603-2,CREC-2016-05-31,2016-05-31,Daily Digest/Senate Committee Meetings,CREC,DAILYDIGEST,,D,1,https://www.govinfo.gov/app/details/CREC-2016-05-31/CREC-2016-05-31-pt1-PgD603-2,https://api.govinfo.gov/packages/CREC-2016-05-31/granules/CREC-2016-05-31-pt1-PgD603-2/htm,https://api.govinfo.gov/packages/CREC-2016-05-31/granules/CREC-2016-05-31-pt1-PgD603-2/pdf,https://api.govinfo.gov/packages/CREC-2016-05-31/summary,"[Congressional Record Volume 162, Number 86 (Tuesday, May 31, 2016)] [Daily Digest] [Page D603] From the Congressional Record Online through the Government Publishing Office [ www.gpo.gov ] Committee Meetings No committee meetings were held.",,"[Congressional Record Volume 162, Number 86 (Tuesday, May 31, 2016)] [Daily Digest] [Page D603] From the Congressional Record Online through the Government Publishing Office [ www.gpo.gov ] Committee Meetings No committee meetings were held.",https://api.govinfo.gov/related/CREC-2016-05-31-pt1-PgD603-2,CREC,Proceedings of Congress and General Congressional Publications,2025-03-07T17:23:20Z,Congressional Record,package_114_271.csv,241,0,241,"[congressional record volume 162, number 86 (tuesday, may 31, 2016)] [daily digest] [page d603] from the congressional record online through the government publishing office [ www.gpo.gov ] committee meetings no committee meetings were held.",241
CREC-2016-05-31-pt1-PgD603-4,CREC-2016-05-31,2016-05-31,Daily Digest/House Committee Meetings,CREC,DAILYDIGEST,,D,1,https://www.govinfo.gov/app/details/CREC-2016-05-31/CREC-2016-05-31-pt1-PgD603-4,https://api.govinfo.gov/packages/CREC-2016-05-31/granules/CREC-2016-05-31-pt1-PgD603-4/htm,https://api.govinfo.gov/packages/CREC-2016-05-31/granules/CREC-2016-05-31-pt1-PgD603-4/pdf,https://api.govinfo.gov/packages/CREC-2016-05-31/summary,"[Congressional Record Volume 162, Number 86 (Tuesday, May 31, 2016)] [Daily Digest] [Page D603] From the Congressional Record Online through the Government Publishing Office [ www.gpo.gov ] Committee Meetings No hearings were held. Joint Meetings No joint committee meetings were held.",,"[Congressional Record Volume 162, Number 86 (Tuesday, May 31, 2016)] [Daily Digest] [Page D603] From the Congressional Record Online through the Government Publishing Office [ www.gpo.gov ] Committee Meetings No hearings were held. Joint Meetings No joint committee meetings were held.",https://api.govinfo.gov/related/CREC-2016-05-31-pt1-PgD603-4,CREC,Proceedings of Congress and General Congressional Publications,2025-03-07T17:23:20Z,Congressional Record,package_114_271.csv,285,0,285,"[congressional record volume 162, number 86 (tuesday, may 31, 2016)] [daily digest] [page d603] from the congressional record online through the government publishing office [ www.gpo.gov ] committee meetings no hearings were held. joint meetings no joint committee meetings were held.",285
CREC-2016-05-31-pt1-PgD603-3,CREC-2016-05-31,2016-05-31,Daily Digest/House of Representatives,CREC,DAILYDIGEST,,D,1,https://www.govinfo.gov/app/details/CREC-2016-05-31/CREC-2016-05-31-pt1-PgD603-3,https://api.govinfo.gov/packages/CREC-2016-05-31/granules/CREC-2016-05-31-pt1-PgD603-3/htm,https://api.govinfo.gov/packages/CREC-2016-05-31/granules/CREC-2016-05-31-pt1-PgD603-3/pdf,https://api.govinfo.gov/packages/CREC-2016-05-31/summary,"[Congressional Record Volume 162, Number 86 (Tuesday, May 31, 2016)] [Daily Digest] [Page D603] From the Congressional Record Online through the Government Publishing Office [ www.gpo.gov ] House of Representatives Chamber Action Public Bills and Resolutions Introduced: 2 resolutions, H. Res.764-765 were introduced. Page H3458 Additional Cosponsors: Page H3458 Reports Filed: Reports were filed today as follows: H.R. 4361, to amend section 3554 of title 44, United States Code, to provide for enhanced security of Federal information systems, and for other purposes, with an amendment (H. Rept. 114-599); H.R . 4902, to amend title 5, United States Code, to expand law enforcement availability pay to employees of U.S. Customs and Border Protection's Air and Marine Operations (H. Rept. 114-600); and H.R. 4906, to amend title 5, United States Code, to clarify the eligibility of employees of a land management agency in a time-limited appointment to compete for a permanent appointment at any Federal agency, and for other purposes (H. Rept. 114-601). Page H3457 Speaker: Read a letter from the Speaker wherein he appointed Representative Stutzman to act as Speaker pro tempore for today. Page H3457 Guest Chaplain: The prayer was offered by the Guest Chaplain, Reverend Gene Hemrick, St. Joseph Catholic Church, Washington, DC. Page H3457 Quorum Calls--Votes: There were no Yea and Nay votes, and there were no Recorded votes. There were no quorum calls. Adjournment: The House met at 1 p.m. and adjourned at 1:02 p.m.",,"[Congressional Record Volume 162, Number 86 (Tuesday, May 31, 2016)] [Daily Digest] [Page D603] From the Congressional Record Online through the Government Publishing Office [ www.gpo.gov ] House of Representatives Chamber Action Public Bills and Resolutions Introduced: 2 resolutions, H. Res.764-765 were introduced. Page H3458 Additional Cosponsors: Page H3458 Reports Filed: Reports were filed today as follows: H.R. 4361, to amend section 3554 of title 44, United States Code, to provide for enhanced security of Federal information systems, and for other purposes, with an amendment (H. Rept. 114-599); H.R . 4902, to amend title 5, United States Code, to expand law enforcement availability pay to employees of U.S. Customs and Border Protection's Air and Marine Operations (H. Rept. 114-600); and H.R. 4906, to amend title 5, United States Code, to clarify the eligibility of employees of a land management agency in a time-limited appointment to compete for a permanent appointment at any Federal agency, and for other purposes (H. Rept. 114-601). Page H3457 Speaker: Read a letter from the Speaker wherein he appointed Representative Stutzman to act as Speaker pro tempore for today. Page H3457 Guest Chaplain: The prayer was offered by the Guest Chaplain, Reverend Gene Hemrick, St. Joseph Catholic Church, Washington, DC. Page H3457 Quorum Calls--Votes: There were no Yea and Nay votes, and there were no Recorded votes. There were no quorum calls. Adjournment: The House met at 1 p.m. and adjourned at 1:02 p.m.",https://api.govinfo.gov/related/CREC-2016-05-31-pt1-PgD603-3,CREC,Proceedings of Congress and General Congressional Publications,2025-03-07T17:23:20Z,Congressional Record,package_114_271.csv,1523,0,1523,"[congressional record volume 162, number 86 (tuesday, may 31, 2016)] [daily digest] [page d603] from the congressional record online through the government publishing office [ www.gpo.gov ] house of representatives chamber action public bills and resolutions introduced: 2 resolutions, h. res.764-765 were introduced. page h3458 additional cosponsors: page h3458 reports filed: reports were filed today as follows: h.r. 4361, to amend section 3554 of title 44, united states code, to provide for enhanced security of federal information systems, and for other purposes, with an amendment (h. rept. 114-599); h.r . 4902, to amend title 5, united states code, to expand law enforcement availability pay to employees of u.s. customs and border protection's air and marine operations (h. rept. 114-600); and h.r. 4906, to amend title 5, united states code, to clarify the eligibility of employees of a land management agency in a time-limited appointment to compete for a permanent appointment at any federal agency, and for other purposes (h. rept. 114-601). page h3457 speaker: read a letter from the speaker wherein he appointed representative stutzman to act as speaker pro tempore for today. page h3457 guest chaplain: the prayer was offered by the guest chaplain, reverend gene hemrick, st. joseph catholic church, washington, dc. page h3457 quorum calls--votes: there were no yea and nay votes, and there were no recorded votes. there were no quorum calls. adjournment: the house met at 1 p.m. and adjourned at 1:02 p.m.",1523
CREC-2016-05-31-pt1-PgD603-5,CREC-2016-05-31,2016-05-31,Daily Digest/COMMITTEE MEETINGS FOR 2016-06-03,CREC,DAILYDIGEST,,D,1,https://www.govinfo.gov/app/details/CREC-2016-05-31/CREC-2016-05-31-pt1-PgD603-5,https://api.govinfo.gov/packages/CREC-2016-05-31/granules/CREC-2016-05-31-pt1-PgD603-5/htm,https://api.govinfo.gov/packages/CREC-2016-05-31/granules/CREC-2016-05-31-pt1-PgD603-5/pdf,https://api.govinfo.gov/packages/CREC-2016-05-31/summary,"[Congressional Record Volume 162, Number 86 (Tuesday, May 31, 2016)] [Daily Digest] [Page D603] From the Congressional Record Online through the Government Publishing Office [ www.gpo.gov ] COMMITTEE MEETINGS FOR FRIDAY, JUNE 3, 2016 (Committee meetings are open unless otherwise indicated) Senate No meetings/hearings scheduled. House No hearings are scheduled.",,"[Congressional Record Volume 162, Number 86 (Tuesday, May 31, 2016)] [Daily Digest] [Page D603] From the Congressional Record Online through the Government Publishing Office [ www.gpo.gov ] COMMITTEE MEETINGS FOR FRIDAY, JUNE 3, 2016 (Committee meetings are open unless otherwise indicated) Senate No meetings/hearings scheduled. House No hearings are scheduled.",https://api.govinfo.gov/related/CREC-2016-05-31-pt1-PgD603-5,CREC,Proceedings of Congress and General Congressional Publications,2025-03-07T17:23:20Z,Congressional Record,package_114_271.csv,362,0,362,"[congressional record volume 162, number 86 (tuesday, may 31, 2016)] [daily digest] [page d603] from the congressional record online through the government publishing office [ www.gpo.gov ] committee meetings for friday, june 3, 2016 (committee meetings are open unless otherwise indicated) senate no meetings/hearings scheduled. house no hearings are scheduled.",362
CREC-2016-05-31-pt1-PgD603-6,CREC-2016-05-31,2016-05-31,Daily Digest/Next Meeting of the SENATE + Next Meeting of the HOUSE OF REPRESENTATIVES + Other End Matter,CREC,DAILYDIGEST,,D,1,https://www.govinfo.gov/app/details/CREC-2016-05-31/CREC-2016-05-31-pt1-PgD603-6,https://api.govinfo.gov/packages/CREC-2016-05-31/granules/CREC-2016-05-31-pt1-PgD603-6/htm,https://api.govinfo.gov/packages/CREC-2016-05-31/granules/CREC-2016-05-31-pt1-PgD603-6/pdf,https://api.govinfo.gov/packages/CREC-2016-05-31/summary,"[Congressional Record Volume 162, Number 86 (Tuesday, May 31, 2016)] [Daily Digest] [Pages D603-D604] From the Congressional Record Online through the Government Publishing Office [ www.gpo.gov ] CONGRESSIONAL RECORD (USPS 087-390). The Periodicals postage is paid at Washington, D.C. The public proceedings of each House of Congress, as reported by the Official Reporters thereof, are printed pursuant to directions of the Joint Committee on Printing as authorized by appropriate provisions of Title 44, United States Code, and published for each day that one or both Houses are in session, excepting very infrequent instances when two or more unusually small consecutive issues are printed one time. Public access to the Congressional Record is available online through the U.S. Government Publishing Office, at www.fdsys.gov , free of charge to the user. The information is updated online each day the Congressional Record is published. For more information, contact the GPO Customer Contact Center, U.S. Government Publishing Office. Phone 202-512-1800, or 866-512-1800 (toll-free). E-Mail, contactcenter@gpo.gov . To place an order for any of these products, visit the U.S. Government Online Bookstore at: bookstore.gpo.gov. Mail orders to: Superintendent of Documents, P.O. Box 979050, St. Louis, MO 63197-9000, or phone orders to 866-512 091800 (toll-free), 202-512-1800 (D.C. area), or fax to 202-512-2104. Remit check or money order, made payable to the Superintendent of Documents, or use VISA, MasterCard, Discover, American Express, or GPO Deposit Account. Following each session of Congress, the daily Congressional Record is revised, printed, permanently bound and sold by the Superintendent of Documents in individual parts or by sets. With the exception of copyrighted articles, there are no restrictions on the republication of material from the Congressional Record. POSTMASTER: Send address changes to the Superintendent of Documents, Congressional Record, U.S. Government Publishing Office, Washington, D.C. 20402, along with the entire mailing label from the last issue received. [[Page D604]] _______________________________________________________________________ Next Meeting of the SENATE 1 p.m., Friday, June 3 Senate Chamber Program for Friday: Senate will meet in a pro forma session. Next Meeting of the HOUSE OF REPRESENTATIVES 4:30 p.m., Friday, June 3 House Chamber Program for Friday: House will meet in Pro Forma session at 4:30 p.m. _______________________________________________________________________ Extensions of Remarks, as inserted in this issue HOUSE Gibson, Christopher P., N.Y., E818 Jackson Lee, Sheila, Tex., E818 Lieu, Ted, Calif., E817 Nadler, Jerrold, N.Y., E817 Sanchez, Linda T., Calif., E817 Yarmuth, John A., Ky., E817",,"[Congressional Record Volume 162, Number 86 (Tuesday, May 31, 2016)] [Daily Digest] [Pages D603-D604] From the Congressional Record Online through the Government Publishing Office [ www.gpo.gov ] CONGRESSIONAL RECORD (USPS 087-390). The Periodicals postage is paid at Washington, D.C. The public proceedings of each House of Congress, as reported by the Official Reporters thereof, are printed pursuant to directions of the Joint Committee on Printing as authorized by appropriate provisions of Title 44, United States Code, and published for each day that one or both Houses are in session, excepting very infrequent instances when two or more unusually small consecutive issues are printed one time. Public access to the Congressional Record is available online through the U.S. Government Publishing Office, at www.fdsys.gov , free of charge to the user. The information is updated online each day the Congressional Record is published. For more information, contact the GPO Customer Contact Center, U.S. Government Publishing Office. Phone 202-512-1800, or 866-512-1800 (toll-free). E-Mail, contactcenter@gpo.gov . To place an order for any of these products, visit the U.S. Government Online Bookstore at: bookstore.gpo.gov. Mail orders to: Superintendent of Documents, P.O. Box 979050, St. Louis, MO 63197-9000, or phone orders to 866-512 091800 (toll-free), 202-512-1800 (D.C. area), or fax to 202-512-2104. Remit check or money order, made payable to the Superintendent of Documents, or use VISA, MasterCard, Discover, American Express, or GPO Deposit Account. Following each session of Congress, the daily Congressional Record is revised, printed, permanently bound and sold by the Superintendent of Documents in individual parts or by sets. With the exception of copyrighted articles, there are no restrictions on the republication of material from the Congressional Record. POSTMASTER: Send address changes to the Superintendent of Documents, Congressional Record, U.S. Government Publishing Office, Washington, D.C. 20402, along with the entire mailing label from the last issue received. [[Page D604]] _______________________________________________________________________ Next Meeting of the SENATE 1 p.m., Friday, June 3 Senate Chamber Program for Friday: Senate will meet in a pro forma session. Next Meeting of the HOUSE OF REPRESENTATIVES 4:30 p.m., Friday, June 3 House Chamber Program for Friday: House will meet in Pro Forma session at 4:30 p.m. _______________________________________________________________________ Extensions of Remarks, as inserted in this issue HOUSE Gibson, Christopher P., N.Y., E818 Jackson Lee, Sheila, Tex., E818 Lieu, Ted, Calif., E817 Nadler, Jerrold, N.Y., E817 Sanchez, Linda T., Calif., E817 Yarmuth, John A., Ky., E817",https://api.govinfo.gov/related/CREC-2016-05-31-pt1-PgD603-6,CREC,Proceedings of Congress and General Congressional Publications,2025-03-07T17:23:20Z,Congressional Record,package_114_271.csv,2773,0,2773,"[congressional record volume 162, number 86 (tuesday, may 31, 2016)] [daily digest] [pages d603-d604] from the congressional record online through the government publishing office [ www.gpo.gov ] congressional record (usps 087-390). the periodicals postage is paid at washington, d.c. the public proceedings of each house of congress, as reported by the official reporters thereof, are printed pursuant to directions of the joint committee on printing as authorized by appropriate provisions of title 44, united states code, and published for each day that one or both houses are in session, excepting very infrequent instances when two or more unusually small consecutive issues are printed one time. public access to the congressional record is available online through the u.s. government publishing office, at www.fdsys.gov , free of charge to the user. the information is updated online each day the congressional record is published. for more information, contact the gpo customer contact center, u.s. government publishing office. phone 202-512-1800, or 866-512-1800 (toll-free). e-mail, contactcenter@gpo.gov . to place an order for any of these products, visit the u.s. government online bookstore at: bookstore.gpo.gov. mail orders to: superintendent of documents, p.o. box 979050, st. louis, mo 63197-9000, or phone orders to 866-512 091800 (toll-free), 202-512-1800 (d.c. area), or fax to 202-512-2104. remit check or money order, made payable to the superintendent of documents, or use visa, mastercard, discover, american express, or gpo deposit account. following each session of congress, the daily congressional record is revised, printed, permanently bound and sold by the superintendent of documents in individual parts or by sets. with the exception of copyrighted articles, there are no restrictions on the republication of material from the congressional record. postmaster: send address changes to the superintendent of documents, congressional record, u.s. government publishing office, washington, d.c. 20402, along with the entire mailing label from the last issue received. [[page d604]] _______________________________________________________________________ next meeting of the senate 1 p.m., friday, june 3 senate chamber program for friday: senate will meet in a pro forma session. next meeting of the house of representatives 4:30 p.m., friday, june 3 house chamber program for friday: house will meet in pro forma session at 4:30 p.m. _______________________________________________________________________ extensions of remarks, as inserted in this issue house gibson, christopher p., n.y., e818 jackson lee, sheila, tex., e818 lieu, ted, calif., e817 nadler, jerrold, n.y., e817 sanchez, linda t., calif., e817 yarmuth, john a., ky., e817",2773
