granuleId,packageId,text_src,n_cues,first_cue,n_members
CREC-2015-04-27-pt1-PgH-FrontMatter,CREC-2015-04-27,text_for_speaker,0,,1
CREC-2015-04-27-pt1-PgH2469-3,CREC-2015-04-27,text_for_speaker,0,,1
CREC-2015-04-27-pt1-PgH2469-2,CREC-2015-04-27,text_for_speaker,0,,1
CREC-2015-04-27-pt1-PgH2469-6,CREC-2015-04-27,text_for_speaker,0,,1
CREC-2015-04-27-pt1-PgH2469,CREC-2015-04-27,text_for_speaker,0,,1
CREC-2015-04-27-pt1-PgH2469-7,CREC-2015-04-27,text_for_speaker,0,,1
CREC-2015-04-27-pt1-PgH2469-8,CREC-2015-04-27,text_for_speaker,0,,1
CREC-2015-04-27-pt1-PgH2469-9,CREC-2015-04-27,text_for_speaker,0,,1
CREC-2015-04-27-pt1-PgH2472-2,CREC-2015-04-27,text_for_speaker,0,,1
CREC-2015-04-27-pt1-PgH2470,CREC-2015-04-27,text_for_speaker,0,,1
CREC-2015-04-27-pt1-PgH2474-3,CREC-2015-04-27,text_for_speaker,0,,1
CREC-2015-04-27-pt1-PgH2474-2,CREC-2015-04-27,text_for_speaker,0,,1
CREC-2015-04-27-pt1-PgH2475,CREC-2015-04-27,text_for_speaker,0,,1
CREC-2015-04-27-pt1-PgH2475-2,CREC-2015-04-27,text_for_speaker,0,,1
CREC-2015-04-27-pt1-PgH2475-3,CREC-2015-04-27,text_for_speaker,0,,1
CREC-2015-04-27-pt1-PgH2475-4,CREC-2015-04-27,text_for_speaker,0,,1
CREC-2015-04-27-pt1-PgH2475-6,CREC-2015-04-27,text_for_speaker,0,,1
CREC-2015-04-27-pt1-PgH2475-5,CREC-2015-04-27,text_for_speaker,0,,1
CREC-2015-04-27-pt1-PgH2475-7,CREC-2015-04-27,text_for_speaker,0,,1
CREC-2015-04-27-pt1-PgH2475-8,CREC-2015-04-27,text_for_speaker,0,,1
CREC-2015-04-27-pt1-PgH2475-9,CREC-2015-04-27,text_for_speaker,0,,1
CREC-2015-04-27-pt1-PgH2475-10,CREC-2015-04-27,text_for_speaker,0,,1
CREC-2015-04-27-pt1-PgH2475-11,CREC-2015-04-27,text_for_speaker,0,,1
CREC-2015-04-27-pt1-PgH2475-12,CREC-2015-04-27,text_for_speaker,0,,1
CREC-2015-04-27-pt1-PgH2475-13,CREC-2015-04-27,text_for_speaker,0,,1
CREC-2015-04-27-pt1-PgH2475-14,CREC-2015-04-27,text_for_speaker,0,,1
CREC-2015-04-27-pt1-PgH2475-15,CREC-2015-04-27,text_for_speaker,0,,1
CREC-2015-04-27-pt1-PgH2475-16,CREC-2015-04-27,text_for_speaker,0,,1
CREC-2015-04-27-pt1-PgH2475-17,CREC-2015-04-27,text_for_speaker,0,,1
CREC-2015-04-27-pt1-PgH2475-18,CREC-2015-04-27,text_for_speaker,0,,1
CREC-2015-04-27-pt1-PgH2476,CREC-2015-04-27,text_for_speaker,0,,1
CREC-2015-04-27-pt1-PgS-FrontMatter,CREC-2015-04-27,text_for_speaker,0,,1
CREC-2015-04-27-pt1-PgS2419-2,CREC-2015-04-27,text_for_speaker,0,,1
CREC-2015-04-27-pt1-PgS2419,CREC-2015-04-27,text_for_speaker,0,,1
CREC-2015-04-27-pt1-PgS2419-3,CREC-2015-04-27,text_for_speaker,0,,1
CREC-2015-04-27-pt1-PgS2419-4,CREC-2015-04-27,text_for_speaker,0,,1
CREC-2015-04-27-pt1-PgS2431-3,CREC-2015-04-27,text_for_speaker,0,,1
CREC-2015-04-27-pt1-PgS2431,CREC-2015-04-27,text_for_speaker,0,,1
CREC-2015-04-27-pt1-PgS2431-2,CREC-2015-04-27,text_for_speaker,0,,1
CREC-2015-04-27-pt1-PgS2431-4,CREC-2015-04-27,text_for_speaker,0,,1
CREC-2015-04-27-pt1-PgS2431-5,CREC-2015-04-27,text_for_speaker,0,,1
CREC-2015-04-27-pt1-PgS2434,CREC-2015-04-27,text_for_speaker,0,,1
CREC-2015-04-27-pt1-PgS2434-3,CREC-2015-04-27,text_for_speaker,0,,1
CREC-2015-04-27-pt1-PgS2434-4,CREC-2015-04-27,text_for_speaker,0,,1
CREC-2015-04-27-pt1-PgS2435,CREC-2015-04-27,text_for_speaker,0,,1
CREC-2015-04-27-pt1-PgS2434-5,CREC-2015-04-27,text_for_speaker,0,,1
CREC-2015-04-27-pt1-PgS2435-2,CREC-2015-04-27,text_for_speaker,0,,1
CREC-2015-04-27-pt1-PgS2435-3,CREC-2015-04-27,text_for_speaker,0,,1
CREC-2015-04-27-pt1-PgS2435-4,CREC-2015-04-27,text_for_speaker,0,,1
CREC-2015-04-27-pt1-PgS2435-5,CREC-2015-04-27,text_for_speaker,0,,1
CREC-2015-04-27-pt1-PgS2435-6,CREC-2015-04-27,text_for_speaker,0,,1
CREC-2015-04-27-pt1-PgS2436,CREC-2015-04-27,text_for_speaker,0,,1
CREC-2015-04-27-pt1-PgS2437,CREC-2015-04-27,text_for_speaker,0,,1
CREC-2015-04-27-pt1-PgS2437-3,CREC-2015-04-27,text_for_speaker,0,,1
CREC-2015-04-27-pt1-PgS2437-2,CREC-2015-04-27,text_for_speaker,0,,1
CREC-2015-04-27-pt1-PgS2437-4,CREC-2015-04-27,text_for_speaker,0,,1
CREC-2015-04-27-pt1-PgS2437-5,CREC-2015-04-27,text_for_speaker,0,,1
CREC-2015-04-27-pt1-PgS2438,CREC-2015-04-27,text_for_speaker,0,,1
CREC-2015-04-27-pt1-PgS2438-2,CREC-2015-04-27,text_for_speaker,0,,1
CREC-2015-04-27-pt1-PgS2438-3,CREC-2015-04-27,text_for_speaker,0,,1
CREC-2015-04-27-pt1-PgS2438-4,CREC-2015-04-27,text_for_speaker,0,,1
CREC-2015-04-27-pt1-PgS2438-5,CREC-2015-04-27,text_for_speaker,0,,1
CREC-2015-04-27-pt1-PgS2439,CREC-2015-04-27,text_for_speaker,0,,1
CREC-2015-04-27-pt1-PgS2438-6,CREC-2015-04-27,text_for_speaker,0,,1
CREC-2015-04-27-pt1-PgS2439-2,CREC-2015-04-27,text_for_speaker,0,,1
CREC-2015-04-27-pt1-PgS2440-2,CREC-2015-04-27,text_for_speaker,0,,1
CREC-2015-04-27-pt1-PgS2440-3,CREC-2015-04-27,text_for_speaker,0,,1
CREC-2015-04-27-pt1-PgE587,CREC-2015-04-27,text_for_speaker,0,,1
CREC-2015-04-27-pt1-PgD444-2,CREC-2015-04-27,text_for_speaker,0,,1
CREC-2015-04-27-pt1-PgD444,CREC-2015-04-27,text_for_speaker,0,,1
CREC-2015-04-27-pt1-PgD445-2,CREC-2015-04-27,text_for_speaker,0,,1
CREC-2015-04-27-pt1-PgD445,CREC-2015-04-27,text_for_speaker,0,,1
CREC-2015-04-27-pt1-PgD445-3,CREC-2015-04-27,text_for_speaker,0,,1
CREC-2015-04-27-pt1-PgD446,CREC-2015-04-27,text_for_speaker,0,,1
CREC-2015-04-27-pt1-PgD449,CREC-2015-04-27,text_for_speaker,0,,1
CREC-2015-04-28-pt1-PgH-FrontMatter-4,CREC-2015-04-28,text_for_speaker,0,,1
CREC-2015-04-28-pt1-PgH2477-2,CREC-2015-04-28,text_for_speaker,0,,1
CREC-2015-04-28-pt1-PgH2477,CREC-2015-04-28,text_for_speaker,0,,1
CREC-2015-04-28-pt1-PgH2479-4,CREC-2015-04-28,text_for_speaker,0,,1
CREC-2015-04-28-pt1-PgH2480,CREC-2015-04-28,text_for_speaker,0,,1
CREC-2015-04-28-pt1-PgH2481-4,CREC-2015-04-28,text_for_speaker,0,,1
CREC-2015-04-28-pt1-PgH2481-7,CREC-2015-04-28,text_for_speaker,0,,1
CREC-2015-04-28-pt1-PgH2489-2,CREC-2015-04-28,text_for_speaker,0,,1
CREC-2015-04-28-pt1-PgH2492-3,CREC-2015-04-28,text_for_speaker,0,,1
CREC-2015-04-28-pt1-PgH2495-2,CREC-2015-04-28,text_for_speaker,0,,1
CREC-2015-04-28-pt1-PgH2495-3,CREC-2015-04-28,text_for_speaker,0,,1
CREC-2015-04-28-pt1-PgH2495-4,CREC-2015-04-28,text_for_speaker,0,,1
CREC-2015-04-28-pt1-PgH2498,CREC-2015-04-28,text_for_speaker,0,,1
CREC-2015-04-28-pt1-PgH2495-7,CREC-2015-04-28,text_for_speaker,0,,1
CREC-2015-04-28-pt1-PgH2498-2,CREC-2015-04-28,text_for_speaker,0,,1
CREC-2015-04-28-pt1-PgH2498-3,CREC-2015-04-28,text_for_speaker,0,,1
CREC-2015-04-28-pt1-PgH2498-4,CREC-2015-04-28,text_for_speaker,0,,1
CREC-2015-04-28-pt1-PgH2498-5,CREC-2015-04-28,text_for_speaker,0,,1
CREC-2015-04-28-pt1-PgH2498-6,CREC-2015-04-28,text_for_speaker,0,,1
CREC-2015-04-28-pt1-PgH2498-7,CREC-2015-04-28,text_for_speaker,0,,1
CREC-2015-04-28-pt1-PgH2498-8,CREC-2015-04-28,text_for_speaker,0,,1
CREC-2015-04-28-pt1-PgH2498-9,CREC-2015-04-28,text_for_speaker,0,,1
CREC-2015-04-28-pt1-PgH2498-10,CREC-2015-04-28,text_for_speaker,0,,1
CREC-2015-04-28-pt1-PgH2498-11,CREC-2015-04-28,text_for_speaker,0,,1
CREC-2015-04-28-pt1-PgH2498-12,CREC-2015-04-28,text_for_speaker,0,,1
CREC-2015-04-28-pt1-PgH2498-13,CREC-2015-04-28,text_for_speaker,0,,1
CREC-2015-04-28-pt1-PgH2498-15,CREC-2015-04-28,text_for_speaker,0,,1
CREC-2015-04-28-pt1-PgH2498-14,CREC-2015-04-28,text_for_speaker,0,,1
CREC-2015-04-28-pt1-PgH2498-16,CREC-2015-04-28,text_for_speaker,0,,1
CREC-2015-04-28-pt1-PgH2498-17,CREC-2015-04-28,text_for_speaker,0,,1
CREC-2015-04-28-pt1-PgH2498-18,CREC-2015-04-28,text_for_speaker,0,,1
CREC-2015-04-28-pt1-PgH2499,CREC-2015-04-28,text_for_speaker,0,,1
CREC-2015-04-28-pt1-PgH2499-2,CREC-2015-04-28,text_for_speaker,0,,1
CREC-2015-04-28-pt1-PgH2499-3,CREC-2015-04-28,text_for_speaker,0,,1
CREC-2015-04-28-pt1-PgH2499-4,CREC-2015-04-28,text_for_speaker,0,,1
CREC-2015-04-28-pt1-PgH2499-5,CREC-2015-04-28,text_for_speaker,0,,1
CREC-2015-04-28-pt1-PgH2499-6,CREC-2015-04-28,text_for_speaker,0,,1
CREC-2015-04-28-pt1-PgH2499-7,CREC-2015-04-28,text_for_speaker,0,,1
CREC-2015-04-28-pt1-PgH2499-9,CREC-2015-04-28,text_for_speaker,0,,1
CREC-2015-04-28-pt1-PgH2499-8,CREC-2015-04-28,text_for_speaker,0,,1
CREC-2015-04-28-pt1-PgH2499-10,CREC-2015-04-28,text_for_speaker,0,,1
CREC-2015-04-28-pt1-PgH2499-12,CREC-2015-04-28,text_for_speaker,0,,1
CREC-2015-04-28-pt1-PgH2499-11,CREC-2015-04-28,text_for_speaker,0,,1
CREC-2015-04-28-pt1-PgH2499-13,CREC-2015-04-28,text_for_speaker,0,,1
CREC-2015-04-28-pt1-PgH2499-14,CREC-2015-04-28,text_for_speaker,0,,1
CREC-2015-04-28-pt1-PgH2499-16,CREC-2015-04-28,text_for_speaker,0,,1
CREC-2015-04-28-pt1-PgH2499-15,CREC-2015-04-28,text_for_speaker,0,,1
CREC-2015-04-28-pt1-PgH2499-17,CREC-2015-04-28,text_for_speaker,0,,1
CREC-2015-04-28-pt1-PgH2499-18,CREC-2015-04-28,text_for_speaker,0,,1
CREC-2015-04-28-pt1-PgH2499-19,CREC-2015-04-28,text_for_speaker,0,,1
CREC-2015-04-28-pt1-PgH2499-20,CREC-2015-04-28,text_for_speaker,0,,1
CREC-2015-04-28-pt1-PgH2499-22,CREC-2015-04-28,text_for_speaker,0,,1
CREC-2015-04-28-pt1-PgH2499-21,CREC-2015-04-28,text_for_speaker,0,,1
CREC-2015-04-28-pt1-PgH2499-23,CREC-2015-04-28,text_for_speaker,0,,1
CREC-2015-04-28-pt1-PgH2499-24,CREC-2015-04-28,text_for_speaker,0,,1
CREC-2015-04-28-pt1-PgH2499-25,CREC-2015-04-28,text_for_speaker,0,,1
CREC-2015-04-28-pt1-PgH2499-26,CREC-2015-04-28,text_for_speaker,0,,1
CREC-2015-04-28-pt1-PgH2499-27,CREC-2015-04-28,text_for_speaker,0,,1
CREC-2015-04-28-pt1-PgH2499-28,CREC-2015-04-28,text_for_speaker,0,,1
CREC-2015-04-28-pt1-PgH2501,CREC-2015-04-28,text_for_speaker,0,,1
CREC-2015-04-28-pt1-PgH2501-2,CREC-2015-04-28,text_for_speaker,0,,1
CREC-2015-04-28-pt1-PgH2501-3,CREC-2015-04-28,text_for_speaker,0,,1
CREC-2015-04-28-pt1-PgH2501-4,CREC-2015-04-28,text_for_speaker,0,,1
CREC-2015-04-28-pt1-PgH2501-6,CREC-2015-04-28,text_for_speaker,0,,1
CREC-2015-04-28-pt1-PgH2501-5,CREC-2015-04-28,text_for_speaker,0,,1
CREC-2015-04-28-pt1-PgH2501-7,CREC-2015-04-28,text_for_speaker,0,,1
CREC-2015-04-28-pt1-PgH2501-8,CREC-2015-04-28,text_for_speaker,0,,1
CREC-2015-04-28-pt1-PgH2501-9,CREC-2015-04-28,text_for_speaker,0,,1
CREC-2015-04-28-pt1-PgS-FrontMatter-9,CREC-2015-04-28,text_for_speaker,0,,1
CREC-2015-04-28-pt1-PgS2441,CREC-2015-04-28,text_for_speaker,0,,1
CREC-2015-04-28-pt1-PgS2441-3,CREC-2015-04-28,text_for_speaker,0,,1
CREC-2015-04-28-pt1-PgS2441-2,CREC-2015-04-28,text_for_speaker,0,,1
CREC-2015-04-28-pt1-PgS2441-4,CREC-2015-04-28,text_for_speaker,0,,1
CREC-2015-04-28-pt1-PgS2441-5,CREC-2015-04-28,text_for_speaker,0,,1
CREC-2015-04-28-pt1-PgS2472-4,CREC-2015-04-28,text_for_speaker,0,,1
CREC-2015-04-28-pt1-PgS2472-5,CREC-2015-04-28,text_for_speaker,0,,1
CREC-2015-04-28-pt1-PgS2472-6,CREC-2015-04-28,text_for_speaker,0,,1
CREC-2015-04-28-pt1-PgS2472-7,CREC-2015-04-28,text_for_speaker,0,,1
CREC-2015-04-28-pt1-PgS2473,CREC-2015-04-28,text_for_speaker,0,,1
CREC-2015-04-28-pt1-PgS2473-2,CREC-2015-04-28,text_for_speaker,0,,1
CREC-2015-04-28-pt1-PgS2480,CREC-2015-04-28,text_for_speaker,0,,1
CREC-2015-04-28-pt1-PgS2481,CREC-2015-04-28,text_for_speaker,0,,1
CREC-2015-04-28-pt1-PgS2480-2,CREC-2015-04-28,text_for_speaker,0,,1
CREC-2015-04-28-pt1-PgS2481-3,CREC-2015-04-28,text_for_speaker,0,,1
CREC-2015-04-28-pt1-PgS2482,CREC-2015-04-28,text_for_speaker,0,,1
CREC-2015-04-28-pt1-PgS2481-2,CREC-2015-04-28,text_for_speaker,0,,1
CREC-2015-04-28-pt1-PgS2482-2,CREC-2015-04-28,text_for_speaker,0,,1
CREC-2015-04-28-pt1-PgS2482-3,CREC-2015-04-28,text_for_speaker,0,,1
CREC-2015-04-28-pt1-PgS2482-4,CREC-2015-04-28,text_for_speaker,0,,1
CREC-2015-04-28-pt1-PgS2483,CREC-2015-04-28,text_for_speaker,0,,1
CREC-2015-04-28-pt1-PgS2483-2,CREC-2015-04-28,text_for_speaker,0,,1
CREC-2015-04-28-pt1-PgS2483-3,CREC-2015-04-28,text_for_speaker,0,,1
CREC-2015-04-28-pt1-PgS2483-4,CREC-2015-04-28,text_for_speaker,0,,1
CREC-2015-04-28-pt1-PgS2483-6,CREC-2015-04-28,text_for_speaker,0,,1
CREC-2015-04-28-pt1-PgS2483-5,CREC-2015-04-28,text_for_speaker,0,,1
CREC-2015-04-28-pt1-PgS2486,CREC-2015-04-28,text_for_speaker,0,,1
CREC-2015-04-28-pt1-PgS2486-4,CREC-2015-04-28,text_for_speaker,0,,2
CREC-2015-04-28-pt1-PgS2486-3,CREC-2015-04-28,text_for_speaker,0,,1
CREC-2015-04-28-pt1-PgS2486-2,CREC-2015-04-28,text_for_speaker,0,,1
CREC-2015-04-28-pt1-PgS2486-5,CREC-2015-04-28,text_for_speaker,0,,2
CREC-2015-04-28-pt1-PgS2487,CREC-2015-04-28,text_for_speaker,0,,1
CREC-2015-04-28-pt1-PgS2486-6,CREC-2015-04-28,text_for_speaker,0,,2
CREC-2015-04-28-pt1-PgS2489-6,CREC-2015-04-28,text_for_speaker,0,,1
CREC-2015-04-28-pt1-PgE601-4,CREC-2015-04-28,text_for_speaker,0,,1
CREC-2015-04-28-pt1-PgD452,CREC-2015-04-28,text_for_speaker,0,,1
CREC-2015-04-28-pt1-PgD452-2,CREC-2015-04-28,text_for_speaker,0,,1
CREC-2015-04-28-pt1-PgD453,CREC-2015-04-28,text_for_speaker,0,,1
CREC-2015-04-28-pt1-PgD453-2,CREC-2015-04-28,text_for_speaker,0,,1
CREC-2015-04-28-pt1-PgD454,CREC-2015-04-28,text_for_speaker,0,,1
CREC-2015-04-28-pt1-PgD455,CREC-2015-04-28,text_for_speaker,0,,1
CREC-2015-04-28-pt1-PgD454-2,CREC-2015-04-28,text_for_speaker,0,,1
CREC-2015-04-28-pt1-PgD455-2,CREC-2015-04-28,text_for_speaker,0,,1
CREC-2015-04-28-pt1-PgD456,CREC-2015-04-28,text_for_speaker,0,,1
CREC-2015-04-28-pt1-PgD456-2,CREC-2015-04-28,text_for_speaker,0,,1
CREC-2015-04-28-pt1-PgD457,CREC-2015-04-28,text_for_speaker,0,,1
CREC-2015-04-28-pt1-PgD457-2,CREC-2015-04-28,text_for_speaker,0,,1
CREC-2015-04-29-pt1-PgH2503-2,CREC-2015-04-29,text_for_speaker,0,,1
CREC-2015-04-29-pt1-PgH2503,CREC-2015-04-29,text_for_speaker,0,,1
CREC-2015-04-29-pt1-PgH-FrontMatter-2,CREC-2015-04-29,text_for_speaker,0,,1
CREC-2015-04-29-pt1-PgH2506-2,CREC-2015-04-29,text_for_speaker,0,,1
CREC-2015-04-29-pt1-PgH2506-3,CREC-2015-04-29,text_for_speaker,0,,1
CREC-2015-04-29-pt1-PgH2623,CREC-2015-04-29,text_for_speaker,0,,1
CREC-2015-04-29-pt1-PgH2516,CREC-2015-04-29,text_for_speaker,0,,1
CREC-2015-04-29-pt1-PgH2651,CREC-2015-04-29,text_for_speaker,0,,1
CREC-2015-04-29-pt1-PgH2651-3,CREC-2015-04-29,text_for_speaker,0,,1
CREC-2015-04-29-pt1-PgH2654,CREC-2015-04-29,text_for_speaker,0,,1
CREC-2015-04-29-pt1-PgH2652-2,CREC-2015-04-29,text_for_speaker,0,,1
CREC-2015-04-29-pt1-PgH2654-2,CREC-2015-04-29,text_for_speaker,0,,1
CREC-2015-04-29-pt1-PgH2654-3,CREC-2015-04-29,text_for_speaker,0,,1
CREC-2015-04-29-pt1-PgH2654-4,CREC-2015-04-29,text_for_speaker,0,,1
CREC-2015-04-29-pt1-PgH2654-5,CREC-2015-04-29,text_for_speaker,0,,1
CREC-2015-04-29-pt1-PgH2654-6,CREC-2015-04-29,text_for_speaker,0,,1
CREC-2015-04-29-pt1-PgH2654-7,CREC-2015-04-29,text_for_speaker,0,,1
CREC-2015-04-29-pt1-PgH2654-8,CREC-2015-04-29,text_for_speaker,0,,1
CREC-2015-04-29-pt1-PgH2654-9,CREC-2015-04-29,text_for_speaker,0,,1
CREC-2015-04-29-pt1-PgH2654-10,CREC-2015-04-29,text_for_speaker,0,,1
CREC-2015-04-29-pt1-PgH2654-12,CREC-2015-04-29,text_for_speaker,0,,1
CREC-2015-04-29-pt1-PgH2654-11,CREC-2015-04-29,text_for_speaker,0,,1
CREC-2015-04-29-pt1-PgH2654-13,CREC-2015-04-29,text_for_speaker,0,,1
CREC-2015-04-29-pt1-PgH2654-14,CREC-2015-04-29,text_for_speaker,0,,1
CREC-2015-04-29-pt1-PgH2654-15,CREC-2015-04-29,text_for_speaker,0,,1
CREC-2015-04-29-pt1-PgH2654-16,CREC-2015-04-29,text_for_speaker,0,,1
CREC-2015-04-29-pt1-PgH2655,CREC-2015-04-29,text_for_speaker,0,,1
CREC-2015-04-29-pt1-PgH2655-3,CREC-2015-04-29,text_for_speaker,0,,1
CREC-2015-04-29-pt1-PgH2655-2,CREC-2015-04-29,text_for_speaker,0,,1
CREC-2015-04-29-pt1-PgH2655-4,CREC-2015-04-29,text_for_speaker,0,,1
CREC-2015-04-29-pt1-PgH2655-5,CREC-2015-04-29,text_for_speaker,0,,1
CREC-2015-04-29-pt1-PgH2655-6,CREC-2015-04-29,text_for_speaker,0,,1
CREC-2015-04-29-pt1-PgH2655-7,CREC-2015-04-29,text_for_speaker,0,,1
CREC-2015-04-29-pt1-PgH2655-8,CREC-2015-04-29,text_for_speaker,0,,1
CREC-2015-04-29-pt1-PgH2655-9,CREC-2015-04-29,text_for_speaker,0,,1
CREC-2015-04-29-pt1-PgH2655-10,CREC-2015-04-29,text_for_speaker,0,,1
CREC-2015-04-29-pt1-PgH2655-11,CREC-2015-04-29,text_for_speaker,0,,1
CREC-2015-04-29-pt1-PgH2655-13,CREC-2015-04-29,text_for_speaker,0,,1
CREC-2015-04-29-pt1-PgH2655-12,CREC-2015-04-29,text_for_speaker,0,,1
CREC-2015-04-29-pt1-PgH2655-14,CREC-2015-04-29,text_for_speaker,0,,1
CREC-2015-04-29-pt1-PgH2655-16,CREC-2015-04-29,text_for_speaker,0,,1
CREC-2015-04-29-pt1-PgH2655-15,CREC-2015-04-29,text_for_speaker,0,,1
CREC-2015-04-29-pt1-PgH2655-17,CREC-2015-04-29,text_for_speaker,0,,1
CREC-2015-04-29-pt1-PgH2655-18,CREC-2015-04-29,text_for_speaker,0,,1
CREC-2015-04-29-pt1-PgH2655-19,CREC-2015-04-29,text_for_speaker,0,,1
CREC-2015-04-29-pt1-PgH2655-20,CREC-2015-04-29,text_for_speaker,0,,1
CREC-2015-04-29-pt1-PgH2655-22,CREC-2015-04-29,text_for_speaker,0,,1
CREC-2015-04-29-pt1-PgH2655-21,CREC-2015-04-29,text_for_speaker,0,,1
CREC-2015-04-29-pt1-PgH2655-23,CREC-2015-04-29,text_for_speaker,0,,1
CREC-2015-04-29-pt1-PgH2655-24,CREC-2015-04-29,text_for_speaker,0,,1
CREC-2015-04-29-pt1-PgH2655-26,CREC-2015-04-29,text_for_speaker,0,,1
CREC-2015-04-29-pt1-PgH2655-25,CREC-2015-04-29,text_for_speaker,0,,1
CREC-2015-04-29-pt1-PgH2655-27,CREC-2015-04-29,text_for_speaker,0,,1
CREC-2015-04-29-pt1-PgH2655-28,CREC-2015-04-29,text_for_speaker,0,,1
CREC-2015-04-29-pt1-PgH2656,CREC-2015-04-29,text_for_speaker,0,,1
CREC-2015-04-29-pt1-PgH2656-3,CREC-2015-04-29,text_for_speaker,0,,1
CREC-2015-04-29-pt1-PgH2656-2,CREC-2015-04-29,text_for_speaker,0,,1
CREC-2015-04-29-pt1-PgH2656-4,CREC-2015-04-29,text_for_speaker,0,,2
CREC-2015-04-29-pt1-PgH2656-5,CREC-2015-04-29,text_for_speaker,0,,1
CREC-2015-04-29-pt1-PgH2656-6,CREC-2015-04-29,text_for_speaker,0,,1
CREC-2015-04-29-pt1-PgH2656-7,CREC-2015-04-29,text_for_speaker,0,,1
CREC-2015-04-29-pt1-PgH2657,CREC-2015-04-29,text_for_speaker,0,,1
CREC-2015-04-29-pt1-PgH2657-2,CREC-2015-04-29,text_for_speaker,0,,1
CREC-2015-04-29-pt1-PgH2657-3,CREC-2015-04-29,text_for_speaker,0,,1
CREC-2015-04-29-pt1-PgH2657-4,CREC-2015-04-29,text_for_speaker,0,,1
CREC-2015-04-29-pt1-PgH2657-5,CREC-2015-04-29,text_for_speaker,0,,1
CREC-2015-04-29-pt1-PgH2657-6,CREC-2015-04-29,text_for_speaker,0,,1
CREC-2015-04-29-pt1-PgH2657-7,CREC-2015-04-29,text_for_speaker,0,,1
CREC-2015-04-29-pt1-PgH2657-8,CREC-2015-04-29,text_for_speaker,0,,1
CREC-2015-04-29-pt1-PgH2657-9,CREC-2015-04-29,text_for_speaker,0,,1
CREC-2015-04-29-pt1-PgH2657-10,CREC-2015-04-29,text_for_speaker,0,,1
CREC-2015-04-29-pt1-PgH2657-12,CREC-2015-04-29,text_for_speaker,0,,1
CREC-2015-04-29-pt1-PgH2657-11,CREC-2015-04-29,text_for_speaker,0,,1
CREC-2015-04-29-pt1-PgH2657-13,CREC-2015-04-29,text_for_speaker,0,,1
CREC-2015-04-29-pt1-PgH2657-15,CREC-2015-04-29,text_for_speaker,0,,2
CREC-2015-04-29-pt1-PgH2657-14,CREC-2015-04-29,text_for_speaker,0,,1
CREC-2015-04-29-pt1-PgH2657-16,CREC-2015-04-29,text_for_speaker,0,,1
CREC-2015-04-29-pt1-PgH2658,CREC-2015-04-29,text_for_speaker,0,,1
CREC-2015-04-29-pt1-PgH2658-2,CREC-2015-04-29,text_for_speaker,0,,1
CREC-2015-04-29-pt1-PgS-FrontMatter-3,CREC-2015-04-29,text_for_speaker,0,,1
CREC-2015-04-29-pt1-PgH2658-3,CREC-2015-04-29,text_for_speaker,0,,1
CREC-2015-04-29-pt1-PgS2491,CREC-2015-04-29,text_for_speaker,0,,1
CREC-2015-04-29-pt1-PgS2491-2,CREC-2015-04-29,text_for_speaker,0,,1
CREC-2015-04-29-pt1-PgS2491-3,CREC-2015-04-29,text_for_speaker,0,,1
CREC-2015-04-29-pt1-PgS2491-4,CREC-2015-04-29,text_for_speaker,0,,1
CREC-2015-04-29-pt1-PgS2491-5,CREC-2015-04-29,text_for_speaker,0,,1
CREC-2015-04-29-pt1-PgS2491-6,CREC-2015-04-29,text_for_speaker,0,,1
CREC-2015-04-29-pt1-PgS2525,CREC-2015-04-29,text_for_speaker,0,,1
CREC-2015-04-29-pt1-PgS2525-3,CREC-2015-04-29,text_for_speaker,0,,1
CREC-2015-04-29-pt1-PgS2525-2,CREC-2015-04-29,text_for_speaker,0,,1
CREC-2015-04-29-pt1-PgS2530,CREC-2015-04-29,text_for_speaker,0,,1
CREC-2015-04-29-pt1-PgS2529,CREC-2015-04-29,text_for_speaker,0,,1
CREC-2015-04-29-pt1-PgS2530-2,CREC-2015-04-29,text_for_speaker,0,,1
CREC-2015-04-29-pt1-PgS2539,CREC-2015-04-29,text_for_speaker,0,,1
CREC-2015-04-29-pt1-PgS2540,CREC-2015-04-29,text_for_speaker,0,,1
CREC-2015-04-29-pt1-PgS2540-2,CREC-2015-04-29,text_for_speaker,0,,1
CREC-2015-04-29-pt1-PgS2540-3,CREC-2015-04-29,text_for_speaker,0,,1
CREC-2015-04-29-pt1-PgS2540-4,CREC-2015-04-29,text_for_speaker,0,,1
CREC-2015-04-29-pt1-PgS2540-5,CREC-2015-04-29,text_for_speaker,0,,1
CREC-2015-04-29-pt1-PgE611-3,CREC-2015-04-29,text_for_speaker,0,,1
CREC-2015-04-29-pt1-PgE612,CREC-2015-04-29,text_for_speaker,0,,1
CREC-2015-04-29-pt1-PgE617-2,CREC-2015-04-29,text_for_speaker,0,,1
CREC-2015-04-29-pt1-PgD459-2,CREC-2015-04-29,text_for_speaker,0,,1
CREC-2015-04-29-pt1-PgE620-2,CREC-2015-04-29,text_for_speaker,0,,1
CREC-2015-04-29-pt1-PgD459,CREC-2015-04-29,text_for_speaker,0,,1
CREC-2015-04-29-pt1-PgD461,CREC-2015-04-29,text_for_speaker,0,,1
CREC-2015-04-29-pt1-PgD465,CREC-2015-04-29,text_for_speaker,0,,1
CREC-2015-04-29-pt1-PgD468,CREC-2015-04-29,text_for_speaker,0,,1
CREC-2015-04-29-pt1-PgD469,CREC-2015-04-29,text_for_speaker,0,,1
CREC-2015-04-30-pt1-PgH-FrontMatter-3,CREC-2015-04-30,text_for_speaker,0,,1
CREC-2015-04-30-pt1-PgH2659-2,CREC-2015-04-30,text_for_speaker,0,,1
CREC-2015-04-30-pt1-PgH2659,CREC-2015-04-30,text_for_speaker,0,,1
CREC-2015-04-30-pt1-PgH2668-3,CREC-2015-04-30,text_for_speaker,0,,1
CREC-2015-04-30-pt1-PgH2668-4,CREC-2015-04-30,text_for_speaker,0,,1
CREC-2015-04-30-pt1-PgH2671,CREC-2015-04-30,text_for_speaker,0,,1
CREC-2015-04-30-pt1-PgH2684,CREC-2015-04-30,text_for_speaker,0,,1
CREC-2015-04-30-pt1-PgH2702-2,CREC-2015-04-30,text_for_speaker,0,,1
CREC-2015-04-30-pt1-PgH2765,CREC-2015-04-30,text_for_speaker,0,,1
CREC-2015-04-30-pt1-PgH2765-2,CREC-2015-04-30,text_for_speaker,0,,1
CREC-2015-04-30-pt1-PgH2765-4,CREC-2015-04-30,text_for_speaker,0,,1
CREC-2015-04-30-pt1-PgH2770,CREC-2015-04-30,text_for_speaker,0,,1
CREC-2015-04-30-pt1-PgH2766-2,CREC-2015-04-30,text_for_speaker,0,,1
CREC-2015-04-30-pt1-PgH2770-2,CREC-2015-04-30,text_for_speaker,0,,1
CREC-2015-04-30-pt1-PgH2770-3,CREC-2015-04-30,text_for_speaker,0,,1
CREC-2015-04-30-pt1-PgH2770-5,CREC-2015-04-30,text_for_speaker,0,,1
CREC-2015-04-30-pt1-PgH2770-4,CREC-2015-04-30,text_for_speaker,0,,1
CREC-2015-04-30-pt1-PgH2770-6,CREC-2015-04-30,text_for_speaker,0,,1
CREC-2015-04-30-pt1-PgH2770-7,CREC-2015-04-30,text_for_speaker,0,,1
CREC-2015-04-30-pt1-PgH2770-8,CREC-2015-04-30,text_for_speaker,0,,1
CREC-2015-04-30-pt1-PgH2770-9,CREC-2015-04-30,text_for_speaker,0,,1
CREC-2015-04-30-pt1-PgH2770-10,CREC-2015-04-30,text_for_speaker,0,,1
CREC-2015-04-30-pt1-PgH2770-11,CREC-2015-04-30,text_for_speaker,0,,1
CREC-2015-04-30-pt1-PgH2770-12,CREC-2015-04-30,text_for_speaker,0,,1
CREC-2015-04-30-pt1-PgH2770-13,CREC-2015-04-30,text_for_speaker,0,,1
CREC-2015-04-30-pt1-PgH2770-15,CREC-2015-04-30,text_for_speaker,0,,1
CREC-2015-04-30-pt1-PgH2770-14,CREC-2015-04-30,text_for_speaker,0,,1
CREC-2015-04-30-pt1-PgH2770-16,CREC-2015-04-30,text_for_speaker,0,,1
CREC-2015-04-30-pt1-PgH2770-17,CREC-2015-04-30,text_for_speaker,0,,1
CREC-2015-04-30-pt1-PgH2770-19,CREC-2015-04-30,text_for_speaker,0,,1
CREC-2015-04-30-pt1-PgH2770-18,CREC-2015-04-30,text_for_speaker,0,,1
CREC-2015-04-30-pt1-PgH2770-20,CREC-2015-04-30,text_for_speaker,0,,1
CREC-2015-04-30-pt1-PgH2770-21,CREC-2015-04-30,text_for_speaker,0,,1
CREC-2015-04-30-pt1-PgH2771,CREC-2015-04-30,text_for_speaker,0,,1
CREC-2015-04-30-pt1-PgH2771-2,CREC-2015-04-30,text_for_speaker,0,,1
CREC-2015-04-30-pt1-PgH2771-3,CREC-2015-04-30,text_for_speaker,0,,1
CREC-2015-04-30-pt1-PgH2771-5,CREC-2015-04-30,text_for_speaker,0,,1
CREC-2015-04-30-pt1-PgH2771-4,CREC-2015-04-30,text_for_speaker,0,,1
CREC-2015-04-30-pt1-PgH2771-6,CREC-2015-04-30,text_for_speaker,0,,1
CREC-2015-04-30-pt1-PgH2771-7,CREC-2015-04-30,text_for_speaker,0,,1
CREC-2015-04-30-pt1-PgH2771-8,CREC-2015-04-30,text_for_speaker,0,,1
CREC-2015-04-30-pt1-PgH2771-9,CREC-2015-04-30,text_for_speaker,0,,1
CREC-2015-04-30-pt1-PgH2771-10,CREC-2015-04-30,text_for_speaker,0,,1
CREC-2015-04-30-pt1-PgH2771-11,CREC-2015-04-30,text_for_speaker,0,,1
CREC-2015-04-30-pt1-PgH2771-14,CREC-2015-04-30,text_for_speaker,0,,1
CREC-2015-04-30-pt1-PgH2771-12,CREC-2015-04-30,text_for_speaker,0,,1
CREC-2015-04-30-pt1-PgH2771-13,CREC-2015-04-30,text_for_speaker,0,,1
CREC-2015-04-30-pt1-PgH2771-15,CREC-2015-04-30,text_for_speaker,0,,1
CREC-2015-04-30-pt1-PgH2771-17,CREC-2015-04-30,text_for_speaker,0,,1
CREC-2015-04-30-pt1-PgH2771-16,CREC-2015-04-30,text_for_speaker,0,,1
CREC-2015-04-30-pt1-PgH2771-18,CREC-2015-04-30,text_for_speaker,0,,1
CREC-2015-04-30-pt1-PgH2771-19,CREC-2015-04-30,text_for_speaker,0,,1
CREC-2015-04-30-pt1-PgH2771-20,CREC-2015-04-30,text_for_speaker,0,,1
CREC-2015-04-30-pt1-PgH2771-21,CREC-2015-04-30,text_for_speaker,0,,1
CREC-2015-04-30-pt1-PgH2771-22,CREC-2015-04-30,text_for_speaker,0,,1
CREC-2015-04-30-pt1-PgH2771-23,CREC-2015-04-30,text_for_speaker,0,,1
CREC-2015-04-30-pt1-PgH2771-24,CREC-2015-04-30,text_for_speaker,0,,1
CREC-2015-04-30-pt1-PgH2771-26,CREC-2015-04-30,text_for_speaker,0,,1
CREC-2015-04-30-pt1-PgH2771-27,CREC-2015-04-30,text_for_speaker,0,,1
CREC-2015-04-30-pt1-PgH2771-25,CREC-2015-04-30,text_for_speaker,0,,1
CREC-2015-04-30-pt1-PgH2771-28,CREC-2015-04-30,text_for_speaker,0,,1
CREC-2015-04-30-pt1-PgH2771-30,CREC-2015-04-30,text_for_speaker,0,,1
CREC-2015-04-30-pt1-PgH2771-29,CREC-2015-04-30,text_for_speaker,0,,1
CREC-2015-04-30-pt1-PgH2771-31,CREC-2015-04-30,text_for_speaker,0,,1
CREC-2015-04-30-pt1-PgH2771-32,CREC-2015-04-30,text_for_speaker,0,,1
CREC-2015-04-30-pt1-PgH2771-33,CREC-2015-04-30,text_for_speaker,0,,1
CREC-2015-04-30-pt1-PgH2771-34,CREC-2015-04-30,text_for_speaker,0,,1
CREC-2015-04-30-pt1-PgH2771-35,CREC-2015-04-30,text_for_speaker,0,,1
CREC-2015-04-30-pt1-PgH2772,CREC-2015-04-30,text_for_speaker,0,,1
CREC-2015-04-30-pt1-PgH2772-3,CREC-2015-04-30,text_for_speaker,0,,1
CREC-2015-04-30-pt1-PgH2772-2,CREC-2015-04-30,text_for_speaker,0,,1
CREC-2015-04-30-pt1-PgH2772-4,CREC-2015-04-30,text_for_speaker,0,,1
CREC-2015-04-30-pt1-PgH2772-5,CREC-2015-04-30,text_for_speaker,0,,1
CREC-2015-04-30-pt1-PgH2772-6,CREC-2015-04-30,text_for_speaker,0,,1
CREC-2015-04-30-pt1-PgH2772-7,CREC-2015-04-30,text_for_speaker,0,,1
CREC-2015-04-30-pt1-PgH2772-9,CREC-2015-04-30,text_for_speaker,0,,1
CREC-2015-04-30-pt1-PgH2772-10,CREC-2015-04-30,text_for_speaker,0,,1
CREC-2015-04-30-pt1-PgH2772-8,CREC-2015-04-30,text_for_speaker,0,,1
CREC-2015-04-30-pt1-PgH2772-13,CREC-2015-04-30,text_for_speaker,0,,1
CREC-2015-04-30-pt1-PgH2772-11,CREC-2015-04-30,text_for_speaker,0,,1
CREC-2015-04-30-pt1-PgH2772-12,CREC-2015-04-30,text_for_speaker,0,,1
CREC-2015-04-30-pt1-PgH2772-15,CREC-2015-04-30,text_for_speaker,0,,1
CREC-2015-04-30-pt1-PgH2772-14,CREC-2015-04-30,text_for_speaker,0,,1
CREC-2015-04-30-pt1-PgH2772-16,CREC-2015-04-30,text_for_speaker,0,,1
CREC-2015-04-30-pt1-PgH2772-17,CREC-2015-04-30,text_for_speaker,0,,1
CREC-2015-04-30-pt1-PgH2773,CREC-2015-04-30,text_for_speaker,0,,1
CREC-2015-04-30-pt1-PgH2773-2,CREC-2015-04-30,text_for_speaker,0,,1
CREC-2015-04-30-pt1-PgH2772-18,CREC-2015-04-30,text_for_speaker,0,,1
CREC-2015-04-30-pt1-PgH2773-3,CREC-2015-04-30,text_for_speaker,0,,1
CREC-2015-04-30-pt1-PgH2773-4,CREC-2015-04-30,text_for_speaker,0,,1
CREC-2015-04-30-pt1-PgH2773-5,CREC-2015-04-30,text_for_speaker,0,,1
CREC-2015-04-30-pt1-PgH2773-6,CREC-2015-04-30,text_for_speaker,0,,1
CREC-2015-04-30-pt1-PgH2773-8,CREC-2015-04-30,text_for_speaker,0,,1
CREC-2015-04-30-pt1-PgH2773-7,CREC-2015-04-30,text_for_speaker,0,,1
CREC-2015-04-30-pt1-PgH2774,CREC-2015-04-30,text_for_speaker,0,,1
CREC-2015-04-30-pt1-PgH2774-2,CREC-2015-04-30,text_for_speaker,0,,1
CREC-2015-04-30-pt1-PgH2774-3,CREC-2015-04-30,text_for_speaker,0,,1
CREC-2015-04-30-pt1-PgS-FrontMatter-3,CREC-2015-04-30,text_for_speaker,0,,1
CREC-2015-04-30-pt1-PgS2543-2,CREC-2015-04-30,text_for_speaker,0,,1
CREC-2015-04-30-pt1-PgS2543,CREC-2015-04-30,text_for_speaker,0,,1
CREC-2015-04-30-pt1-PgS2543-3,CREC-2015-04-30,text_for_speaker,0,,1
CREC-2015-04-30-pt1-PgS2545,CREC-2015-04-30,text_for_speaker,0,,1
CREC-2015-04-30-pt1-PgS2544-4,CREC-2015-04-30,text_for_speaker,0,,1
CREC-2015-04-30-pt1-PgS2564-3,CREC-2015-04-30,text_for_speaker,0,,1
CREC-2015-04-30-pt1-PgS2564-4,CREC-2015-04-30,text_for_speaker,0,,1
CREC-2015-04-30-pt1-PgS2564-5,CREC-2015-04-30,text_for_speaker,0,,1
CREC-2015-04-30-pt1-PgS2565,CREC-2015-04-30,text_for_speaker,0,,1
CREC-2015-04-30-pt1-PgS2565-2,CREC-2015-04-30,text_for_speaker,0,,1
CREC-2015-04-30-pt1-PgS2566,CREC-2015-04-30,text_for_speaker,0,,1
CREC-2015-04-30-pt1-PgS2565-3,CREC-2015-04-30,text_for_speaker,0,,1
CREC-2015-04-30-pt1-PgS2566-2,CREC-2015-04-30,text_for_speaker,0,,1
CREC-2015-04-30-pt1-PgS2567,CREC-2015-04-30,text_for_speaker,0,,1
CREC-2015-04-30-pt1-PgS2568,CREC-2015-04-30,text_for_speaker,0,,1
CREC-2015-04-30-pt1-PgS2569,CREC-2015-04-30,text_for_speaker,0,,1
CREC-2015-04-30-pt1-PgS2578-3,CREC-2015-04-30,text_for_speaker,0,,1
CREC-2015-04-30-pt1-PgS2579,CREC-2015-04-30,text_for_speaker,0,,1
CREC-2015-04-30-pt1-PgS2579-2,CREC-2015-04-30,text_for_speaker,0,,1
CREC-2015-04-30-pt1-PgS2580,CREC-2015-04-30,text_for_speaker,0,,1
CREC-2015-04-30-pt1-PgS2580-2,CREC-2015-04-30,text_for_speaker,0,,1
CREC-2015-04-30-pt1-PgS2581,CREC-2015-04-30,text_for_speaker,0,,1
CREC-2015-04-30-pt1-PgS2581-2,CREC-2015-04-30,text_for_speaker,0,,1
CREC-2015-04-30-pt1-PgS2582,CREC-2015-04-30,text_for_speaker,0,,1
CREC-2015-04-30-pt1-PgS2581-3,CREC-2015-04-30,text_for_speaker,0,,1
CREC-2015-04-30-pt1-PgS2582-2,CREC-2015-04-30,text_for_speaker,0,,1
CREC-2015-04-30-pt1-PgS2583,CREC-2015-04-30,text_for_speaker,0,,1
CREC-2015-04-30-pt1-PgS2583-2,CREC-2015-04-30,text_for_speaker,0,,1
CREC-2015-04-30-pt1-PgS2583-4,CREC-2015-04-30,text_for_speaker,0,,1
CREC-2015-04-30-pt1-PgS2583-3,CREC-2015-04-30,text_for_speaker,0,,1
CREC-2015-04-30-pt1-PgS2584,CREC-2015-04-30,text_for_speaker,0,,1
CREC-2015-04-30-pt1-PgS2586,CREC-2015-04-30,text_for_speaker,0,,1
CREC-2015-04-30-pt1-PgS2590-5,CREC-2015-04-30,text_for_speaker,0,,1
CREC-2015-04-30-pt1-PgS2592,CREC-2015-04-30,text_for_speaker,0,,1
CREC-2015-04-30-pt1-PgE623-3,CREC-2015-04-30,text_for_speaker,0,,1
CREC-2015-04-30-pt1-PgE635-2,CREC-2015-04-30,text_for_speaker,0,,1
CREC-2015-04-30-pt1-PgE636-3,CREC-2015-04-30,text_for_speaker,0,,1
CREC-2015-04-30-pt1-PgD472,CREC-2015-04-30,text_for_speaker,0,,1
CREC-2015-04-30-pt1-PgD473,CREC-2015-04-30,text_for_speaker,0,,1
CREC-2015-04-30-pt1-PgD479,CREC-2015-04-30,text_for_speaker,0,,1
CREC-2015-04-30-pt1-PgD475,CREC-2015-04-30,text_for_speaker,0,,1
CREC-2015-04-30-pt1-PgD481,CREC-2015-04-30,text_for_speaker,0,,1
CREC-2015-04-30-pt1-PgD481-2,CREC-2015-04-30,text_for_speaker,0,,1
CREC-2015-05-13-pt1-PgH2881-3,CREC-2015-05-13,text_for_speaker,0,,1
CREC-2015-05-13-pt1-PgH-FrontMatter,CREC-2015-05-13,text_for_speaker,0,,1
CREC-2015-05-13-pt1-PgH2881-2,CREC-2015-05-13,text_for_speaker,0,,1
CREC-2015-05-13-pt1-PgH2887-3,CREC-2015-05-13,text_for_speaker,0,,1
CREC-2015-05-13-pt1-PgH2887-4,CREC-2015-05-13,text_for_speaker,0,,1
CREC-2015-05-13-pt1-PgH2892-2,CREC-2015-05-13,text_for_speaker,0,,1
CREC-2015-05-13-pt1-PgH2923,CREC-2015-05-13,text_for_speaker,0,,1
CREC-2015-05-13-pt1-PgH2923-2,CREC-2015-05-13,text_for_speaker,0,,1
CREC-2015-05-13-pt1-PgH2949-6,CREC-2015-05-13,text_for_speaker,0,,1
CREC-2015-05-13-pt1-PgH2949-7,CREC-2015-05-13,text_for_speaker,0,,1
CREC-2015-05-13-pt1-PgH2949-8,CREC-2015-05-13,text_for_speaker,0,,1
CREC-2015-05-13-pt1-PgH2955-2,CREC-2015-05-13,text_for_speaker,0,,1
CREC-2015-05-13-pt1-PgH2955-3,CREC-2015-05-13,text_for_speaker,0,,1
CREC-2015-05-13-pt1-PgH2955-4,CREC-2015-05-13,text_for_speaker,0,,1
CREC-2015-05-13-pt1-PgH2955-5,CREC-2015-05-13,text_for_speaker,0,,1
CREC-2015-05-13-pt1-PgH2956,CREC-2015-05-13,text_for_speaker,0,,1
CREC-2015-05-13-pt1-PgH2958,CREC-2015-05-13,text_for_speaker,0,,1
CREC-2015-05-13-pt1-PgH2956-3,CREC-2015-05-13,text_for_speaker,0,,1
CREC-2015-05-13-pt1-PgH2958-2,CREC-2015-05-13,text_for_speaker,0,,1
CREC-2015-05-13-pt1-PgH2958-3,CREC-2015-05-13,text_for_speaker,0,,1
CREC-2015-05-13-pt1-PgH2958-4,CREC-2015-05-13,text_for_speaker,0,,1
CREC-2015-05-13-pt1-PgH2958-5,CREC-2015-05-13,text_for_speaker,0,,1
CREC-2015-05-13-pt1-PgH2958-6,CREC-2015-05-13,text_for_speaker,0,,1
CREC-2015-05-13-pt1-PgH2958-7,CREC-2015-05-13,text_for_speaker,0,,1
CREC-2015-05-13-pt1-PgH2958-8,CREC-2015-05-13,text_for_speaker,0,,1
CREC-2015-05-13-pt1-PgH2958-9,CREC-2015-05-13,text_for_speaker,0,,1
CREC-2015-05-13-pt1-PgH2958-10,CREC-2015-05-13,text_for_speaker,0,,1
CREC-2015-05-13-pt1-PgH2958-13,CREC-2015-05-13,text_for_speaker,0,,1
CREC-2015-05-13-pt1-PgH2958-11,CREC-2015-05-13,text_for_speaker,0,,1
CREC-2015-05-13-pt1-PgH2958-12,CREC-2015-05-13,text_for_speaker,0,,1
CREC-2015-05-13-pt1-PgH2958-14,CREC-2015-05-13,text_for_speaker,0,,1
CREC-2015-05-13-pt1-PgH2958-16,CREC-2015-05-13,text_for_speaker,0,,1
CREC-2015-05-13-pt1-PgH2958-15,CREC-2015-05-13,text_for_speaker,0,,1
CREC-2015-05-13-pt1-PgH2958-17,CREC-2015-05-13,text_for_speaker,0,,1
CREC-2015-05-13-pt1-PgH2959,CREC-2015-05-13,text_for_speaker,0,,1
CREC-2015-05-13-pt1-PgH2958-18,CREC-2015-05-13,text_for_speaker,0,,1
CREC-2015-05-13-pt1-PgH2959-2,CREC-2015-05-13,text_for_speaker,0,,1
CREC-2015-05-13-pt1-PgH2959-3,CREC-2015-05-13,text_for_speaker,0,,1
CREC-2015-05-13-pt1-PgH2959-4,CREC-2015-05-13,text_for_speaker,0,,1
CREC-2015-05-13-pt1-PgH2959-5,CREC-2015-05-13,text_for_speaker,0,,1
CREC-2015-05-13-pt1-PgH2959-6,CREC-2015-05-13,text_for_speaker,0,,1
CREC-2015-05-13-pt1-PgH2959-7,CREC-2015-05-13,text_for_speaker,0,,1
CREC-2015-05-13-pt1-PgH2959-9,CREC-2015-05-13,text_for_speaker,0,,1
CREC-2015-05-13-pt1-PgH2959-8,CREC-2015-05-13,text_for_speaker,0,,1
CREC-2015-05-13-pt1-PgH2959-10,CREC-2015-05-13,text_for_speaker,0,,1
CREC-2015-05-13-pt1-PgH2959-11,CREC-2015-05-13,text_for_speaker,0,,1
CREC-2015-05-13-pt1-PgH2959-12,CREC-2015-05-13,text_for_speaker,0,,1
CREC-2015-05-13-pt1-PgH2959-13,CREC-2015-05-13,text_for_speaker,0,,1
CREC-2015-05-13-pt1-PgH2959-14,CREC-2015-05-13,text_for_speaker,0,,1
CREC-2015-05-13-pt1-PgH2960,CREC-2015-05-13,text_for_speaker,0,,1
CREC-2015-05-13-pt1-PgH2959-15,CREC-2015-05-13,text_for_speaker,0,,1
CREC-2015-05-13-pt1-PgS-FrontMatter,CREC-2015-05-13,text_for_speaker,0,,1
CREC-2015-05-13-pt1-PgS2815,CREC-2015-05-13,text_for_speaker,0,,1
CREC-2015-05-13-pt1-PgS2815-2,CREC-2015-05-13,text_for_speaker,0,,1
CREC-2015-05-13-pt1-PgS2815-4,CREC-2015-05-13,text_for_speaker,0,,1
CREC-2015-05-13-pt1-PgS2815-3,CREC-2015-05-13,text_for_speaker,0,,1
CREC-2015-05-13-pt1-PgS2815-5,CREC-2015-05-13,text_for_speaker,0,,1
CREC-2015-05-13-pt1-PgS2815-6,CREC-2015-05-13,text_for_speaker,0,,1
CREC-2015-05-13-pt1-PgS2821-2,CREC-2015-05-13,text_for_speaker,0,,1
CREC-2015-05-13-pt1-PgS2848-2,CREC-2015-05-13,text_for_speaker,0,,1
CREC-2015-05-13-pt1-PgS2848,CREC-2015-05-13,text_for_speaker,0,,1
CREC-2015-05-13-pt1-PgS2848-3,CREC-2015-05-13,text_for_speaker,0,,1
CREC-2015-05-13-pt1-PgS2848-4,CREC-2015-05-13,text_for_speaker,0,,1
CREC-2015-05-13-pt1-PgS2849,CREC-2015-05-13,text_for_speaker,0,,1
CREC-2015-05-13-pt1-PgS2848-5,CREC-2015-05-13,text_for_speaker,0,,1
CREC-2015-05-13-pt1-PgS2849-2,CREC-2015-05-13,text_for_speaker,0,,1
CREC-2015-05-13-pt1-PgS2850,CREC-2015-05-13,text_for_speaker,0,,1
CREC-2015-05-13-pt1-PgS2851-3,CREC-2015-05-13,text_for_speaker,0,,1
CREC-2015-05-13-pt1-PgS2852-2,CREC-2015-05-13,text_for_speaker,0,,1
CREC-2015-05-13-pt1-PgS2852-3,CREC-2015-05-13,text_for_speaker,0,,2
CREC-2015-05-13-pt1-PgS2895,CREC-2015-05-13,text_for_speaker,0,,1
CREC-2015-05-13-pt1-PgS2896-5,CREC-2015-05-13,text_for_speaker,0,,1
CREC-2015-05-13-pt1-PgS2896-6,CREC-2015-05-13,text_for_speaker,0,,1
CREC-2015-05-13-pt1-PgE691,CREC-2015-05-13,text_for_speaker,0,,1
CREC-2015-05-13-pt1-PgE696,CREC-2015-05-13,text_for_speaker,0,,1
CREC-2015-05-13-pt1-PgD528,CREC-2015-05-13,text_for_speaker,0,,1
CREC-2015-05-13-pt1-PgE699,CREC-2015-05-13,text_for_speaker,0,,1
CREC-2015-05-13-pt1-PgD527,CREC-2015-05-13,text_for_speaker,0,,1
CREC-2015-05-13-pt1-PgD529,CREC-2015-05-13,text_for_speaker,0,,1
CREC-2015-05-13-pt1-PgD531,CREC-2015-05-13,text_for_speaker,0,,1
CREC-2015-05-13-pt1-PgD533,CREC-2015-05-13,text_for_speaker,0,,1
CREC-2015-05-13-pt1-PgD535,CREC-2015-05-13,text_for_speaker,0,,1
CREC-2015-06-01-pt1-PgH3583,CREC-2015-06-01,text_for_speaker,0,,1
CREC-2015-06-01-pt1-PgH3583-2,CREC-2015-06-01,text_for_speaker,0,,1
CREC-2015-06-01-pt1-PgH-FrontMatter,CREC-2015-06-01,text_for_speaker,0,,1
CREC-2015-06-01-pt1-PgH3585-2,CREC-2015-06-01,text_for_speaker,0,,1
CREC-2015-06-01-pt1-PgH3585-3,CREC-2015-06-01,text_for_speaker,0,,1
CREC-2015-06-01-pt1-PgH3586-2,CREC-2015-06-01,text_for_speaker,0,,1
CREC-2015-06-01-pt1-PgH3617,CREC-2015-06-01,text_for_speaker,0,,1
CREC-2015-06-01-pt1-PgH3619-2,CREC-2015-06-01,text_for_speaker,0,,1
CREC-2015-06-01-pt1-PgH3624-2,CREC-2015-06-01,text_for_speaker,0,,1
CREC-2015-06-01-pt1-PgH3640,CREC-2015-06-01,text_for_speaker,0,,1
CREC-2015-06-01-pt1-PgH3640-2,CREC-2015-06-01,text_for_speaker,0,,1
CREC-2015-06-01-pt1-PgH3640-3,CREC-2015-06-01,text_for_speaker,0,,1
CREC-2015-06-01-pt1-PgH3640-5,CREC-2015-06-01,text_for_speaker,0,,1
CREC-2015-06-01-pt1-PgH3641-2,CREC-2015-06-01,text_for_speaker,0,,1
CREC-2015-06-01-pt1-PgH3641-3,CREC-2015-06-01,text_for_speaker,0,,1
CREC-2015-06-01-pt1-PgH3641-5,CREC-2015-06-01,text_for_speaker,0,,1
CREC-2015-06-01-pt1-PgH3641-4,CREC-2015-06-01,text_for_speaker,0,,1
CREC-2015-06-01-pt1-PgH3642,CREC-2015-06-01,text_for_speaker,0,,1
CREC-2015-06-01-pt1-PgH3642-3,CREC-2015-06-01,text_for_speaker,0,,1
CREC-2015-06-01-pt1-PgH3642-4,CREC-2015-06-01,text_for_speaker,0,,1
CREC-2015-06-01-pt1-PgH3642-2,CREC-2015-06-01,text_for_speaker,0,,1
CREC-2015-06-01-pt1-PgH3642-5,CREC-2015-06-01,text_for_speaker,0,,1
CREC-2015-06-01-pt1-PgH3642-6,CREC-2015-06-01,text_for_speaker,0,,1
CREC-2015-06-01-pt1-PgH3642-7,CREC-2015-06-01,text_for_speaker,0,,1
CREC-2015-06-01-pt1-PgH3642-8,CREC-2015-06-01,text_for_speaker,0,,1
CREC-2015-06-01-pt1-PgH3642-9,CREC-2015-06-01,text_for_speaker,0,,1
CREC-2015-06-01-pt1-PgH3642-10,CREC-2015-06-01,text_for_speaker,0,,1
CREC-2015-06-01-pt1-PgH3642-11,CREC-2015-06-01,text_for_speaker,0,,1
CREC-2015-06-01-pt1-PgH3642-12,CREC-2015-06-01,text_for_speaker,0,,1
CREC-2015-06-01-pt1-PgH3642-13,CREC-2015-06-01,text_for_speaker,0,,1
CREC-2015-06-01-pt1-PgH3642-15,CREC-2015-06-01,text_for_speaker,0,,1
CREC-2015-06-01-pt1-PgH3642-14,CREC-2015-06-01,text_for_speaker,0,,1
CREC-2015-06-01-pt1-PgH3642-16,CREC-2015-06-01,text_for_speaker,0,,1
CREC-2015-06-01-pt1-PgH3643,CREC-2015-06-01,text_for_speaker,0,,1
CREC-2015-06-01-pt1-PgH3643-2,CREC-2015-06-01,text_for_speaker,0,,1
CREC-2015-06-01-pt1-PgH3642-17,CREC-2015-06-01,text_for_speaker,0,,1
CREC-2015-06-01-pt1-PgH3643-3,CREC-2015-06-01,text_for_speaker,0,,1
CREC-2015-06-01-pt1-PgH3643-4,CREC-2015-06-01,text_for_speaker,0,,1
CREC-2015-06-01-pt1-PgH3643-5,CREC-2015-06-01,text_for_speaker,0,,1
CREC-2015-06-01-pt1-PgH3643-6,CREC-2015-06-01,text_for_speaker,0,,1
CREC-2015-06-01-pt1-PgH3643-8,CREC-2015-06-01,text_for_speaker,0,,1
CREC-2015-06-01-pt1-PgH3643-9,CREC-2015-06-01,text_for_speaker,0,,1
CREC-2015-06-01-pt1-PgH3643-7,CREC-2015-06-01,text_for_speaker,0,,1
CREC-2015-06-01-pt1-PgH3643-10,CREC-2015-06-01,text_for_speaker,0,,1
CREC-2015-06-01-pt1-PgS-FrontMatter-11,CREC-2015-06-01,text_for_speaker,0,,1
CREC-2015-06-01-pt1-PgH3643-11,CREC-2015-06-01,text_for_speaker,0,,1
CREC-2015-06-01-pt1-PgS3373,CREC-2015-06-01,text_for_speaker,0,,1
CREC-2015-06-01-pt1-PgS3373-2,CREC-2015-06-01,text_for_speaker,0,,1
CREC-2015-06-01-pt1-PgS3373-3,CREC-2015-06-01,text_for_speaker,0,,1
CREC-2015-06-01-pt1-PgS3373-4,CREC-2015-06-01,text_for_speaker,0,,1
CREC-2015-06-01-pt1-PgS3373-6,CREC-2015-06-01,text_for_speaker,0,,1
CREC-2015-06-01-pt1-PgS3399-2,CREC-2015-06-01,text_for_speaker,0,,1
CREC-2015-06-01-pt1-PgS3402-2,CREC-2015-06-01,text_for_speaker,0,,1
CREC-2015-06-01-pt1-PgS3406,CREC-2015-06-01,text_for_speaker,0,,1
CREC-2015-06-01-pt1-PgS3406-2,CREC-2015-06-01,text_for_speaker,0,,1
CREC-2015-06-01-pt1-PgS3406-3,CREC-2015-06-01,text_for_speaker,0,,1
CREC-2015-06-01-pt1-PgS3407,CREC-2015-06-01,text_for_speaker,0,,1
CREC-2015-06-01-pt1-PgS3408,CREC-2015-06-01,text_for_speaker,0,,1
CREC-2015-06-01-pt1-PgS3408-3,CREC-2015-06-01,text_for_speaker,0,,1
CREC-2015-06-01-pt1-PgS3408-2,CREC-2015-06-01,text_for_speaker,0,,1
CREC-2015-06-01-pt1-PgS3408-4,CREC-2015-06-01,text_for_speaker,0,,1
CREC-2015-06-01-pt1-PgS3408-5,CREC-2015-06-01,text_for_speaker,0,,1
CREC-2015-06-01-pt1-PgS3409,CREC-2015-06-01,text_for_speaker,0,,1
CREC-2015-06-01-pt1-PgS3409-2,CREC-2015-06-01,text_for_speaker,0,,1
CREC-2015-06-01-pt1-PgS3410,CREC-2015-06-01,text_for_speaker,0,,1
CREC-2015-06-01-pt1-PgS3410-2,CREC-2015-06-01,text_for_speaker,0,,1
CREC-2015-06-01-pt1-PgS3417,CREC-2015-06-01,text_for_speaker,0,,1
CREC-2015-06-01-pt1-PgS3417-2,CREC-2015-06-01,text_for_speaker,0,,1
CREC-2015-06-01-pt1-PgS3418,CREC-2015-06-01,text_for_speaker,0,,1
CREC-2015-06-01-pt1-PgS3418-2,CREC-2015-06-01,text_for_speaker,0,,1
CREC-2015-06-01-pt1-PgE798,CREC-2015-06-01,text_for_speaker,0,,1
CREC-2015-06-01-pt1-PgD616,CREC-2015-06-01,text_for_speaker,0,,1
CREC-2015-06-01-pt1-PgE808,CREC-2015-06-01,text_for_speaker,0,,1
CREC-2015-06-01-pt1-PgD617,CREC-2015-06-01,text_for_speaker,0,,1
CREC-2015-06-01-pt1-PgD616-2,CREC-2015-06-01,text_for_speaker,0,,1
CREC-2015-06-01-pt1-PgD618,CREC-2015-06-01,text_for_speaker,0,,1
CREC-2015-06-01-pt1-PgD620,CREC-2015-06-01,text_for_speaker,0,,1
CREC-2015-06-01-pt1-PgD619,CREC-2015-06-01,text_for_speaker,0,,1
CREC-2015-06-01-pt1-PgD623,CREC-2015-06-01,text_for_speaker,0,,1
CREC-2015-06-01-pt1-PgD623-2,CREC-2015-06-01,text_for_speaker,0,,1
CREC-2015-06-02-pt1-PgH-FrontMatter-6,CREC-2015-06-02,text_for_speaker,0,,1
CREC-2015-06-02-pt1-PgH3645-2,CREC-2015-06-02,text_for_speaker,0,,1
CREC-2015-06-02-pt1-PgH3645,CREC-2015-06-02,text_for_speaker,0,,1
CREC-2015-06-02-pt1-PgH3649-3,CREC-2015-06-02,text_for_speaker,0,,1
CREC-2015-06-02-pt1-PgH3649-4,CREC-2015-06-02,text_for_speaker,0,,1
CREC-2015-06-02-pt1-PgH3700,CREC-2015-06-02,text_for_speaker,0,,1
CREC-2015-06-02-pt1-PgH3755,CREC-2015-06-02,text_for_speaker,0,,1
CREC-2015-06-02-pt1-PgH3755-2,CREC-2015-06-02,text_for_speaker,0,,1
CREC-2015-06-02-pt1-PgH3755-4,CREC-2015-06-02,text_for_speaker,0,,1
CREC-2015-06-02-pt1-PgH3756-2,CREC-2015-06-02,text_for_speaker,0,,1
CREC-2015-06-02-pt1-PgH3757,CREC-2015-06-02,text_for_speaker,0,,1
CREC-2015-06-02-pt1-PgH3757-3,CREC-2015-06-02,text_for_speaker,0,,1
CREC-2015-06-02-pt1-PgH3757-2,CREC-2015-06-02,text_for_speaker,0,,1
CREC-2015-06-02-pt1-PgH3757-4,CREC-2015-06-02,text_for_speaker,0,,1
CREC-2015-06-02-pt1-PgH3758,CREC-2015-06-02,text_for_speaker,0,,1
CREC-2015-06-02-pt1-PgH3758-3,CREC-2015-06-02,text_for_speaker,0,,1
CREC-2015-06-02-pt1-PgH3758-2,CREC-2015-06-02,text_for_speaker,0,,1
CREC-2015-06-02-pt1-PgH3758-4,CREC-2015-06-02,text_for_speaker,0,,1
CREC-2015-06-02-pt1-PgH3758-5,CREC-2015-06-02,text_for_speaker,0,,1
CREC-2015-06-02-pt1-PgH3758-6,CREC-2015-06-02,text_for_speaker,0,,1
CREC-2015-06-02-pt1-PgH3758-7,CREC-2015-06-02,text_for_speaker,0,,1
CREC-2015-06-02-pt1-PgH3758-8,CREC-2015-06-02,text_for_speaker,0,,1
CREC-2015-06-02-pt1-PgH3758-9,CREC-2015-06-02,text_for_speaker,0,,1
CREC-2015-06-02-pt1-PgH3758-10,CREC-2015-06-02,text_for_speaker,0,,1
CREC-2015-06-02-pt1-PgH3758-11,CREC-2015-06-02,text_for_speaker,0,,1
CREC-2015-06-02-pt1-PgH3758-12,CREC-2015-06-02,text_for_speaker,0,,1
CREC-2015-06-02-pt1-PgH3758-13,CREC-2015-06-02,text_for_speaker,0,,1
CREC-2015-06-02-pt1-PgH3758-15,CREC-2015-06-02,text_for_speaker,0,,1
CREC-2015-06-02-pt1-PgH3758-14,CREC-2015-06-02,text_for_speaker,0,,1
CREC-2015-06-02-pt1-PgH3758-16,CREC-2015-06-02,text_for_speaker,0,,1
CREC-2015-06-02-pt1-PgH3758-18,CREC-2015-06-02,text_for_speaker,0,,1
CREC-2015-06-02-pt1-PgH3758-17,CREC-2015-06-02,text_for_speaker,0,,1
CREC-2015-06-02-pt1-PgH3758-19,CREC-2015-06-02,text_for_speaker,0,,1
CREC-2015-06-02-pt1-PgH3760,CREC-2015-06-02,text_for_speaker,0,,1
CREC-2015-06-02-pt1-PgH3760-2,CREC-2015-06-02,text_for_speaker,0,,1
CREC-2015-06-02-pt1-PgH3760-4,CREC-2015-06-02,text_for_speaker,0,,1
CREC-2015-06-02-pt1-PgH3760-3,CREC-2015-06-02,text_for_speaker,0,,1
CREC-2015-06-02-pt1-PgH3758-20,CREC-2015-06-02,text_for_speaker,0,,1
CREC-2015-06-02-pt1-PgH3760-5,CREC-2015-06-02,text_for_speaker,0,,1
CREC-2015-06-02-pt1-PgH3760-6,CREC-2015-06-02,text_for_speaker,0,,1
CREC-2015-06-02-pt1-PgH3760-8,CREC-2015-06-02,text_for_speaker,0,,1
CREC-2015-06-02-pt1-PgH3760-7,CREC-2015-06-02,text_for_speaker,0,,1
CREC-2015-06-02-pt1-PgH3760-9,CREC-2015-06-02,text_for_speaker,0,,1
CREC-2015-06-02-pt1-PgH3760-11,CREC-2015-06-02,text_for_speaker,0,,1
CREC-2015-06-02-pt1-PgH3760-10,CREC-2015-06-02,text_for_speaker,0,,1
CREC-2015-06-02-pt1-PgH3760-12,CREC-2015-06-02,text_for_speaker,0,,1
CREC-2015-06-02-pt1-PgH3760-14,CREC-2015-06-02,text_for_speaker,0,,1
CREC-2015-06-02-pt1-PgH3760-13,CREC-2015-06-02,text_for_speaker,0,,1
CREC-2015-06-02-pt1-PgH3760-15,CREC-2015-06-02,text_for_speaker,0,,1
CREC-2015-06-02-pt1-PgH3760-16,CREC-2015-06-02,text_for_speaker,0,,1
CREC-2015-06-02-pt1-PgH3760-17,CREC-2015-06-02,text_for_speaker,0,,1
CREC-2015-06-02-pt1-PgH3760-18,CREC-2015-06-02,text_for_speaker,0,,1
CREC-2015-06-02-pt1-PgH3760-19,CREC-2015-06-02,text_for_speaker,0,,1
CREC-2015-06-02-pt1-PgH3760-21,CREC-2015-06-02,text_for_speaker,0,,1
CREC-2015-06-02-pt1-PgH3760-20,CREC-2015-06-02,text_for_speaker,0,,1
CREC-2015-06-02-pt1-PgH3761-2,CREC-2015-06-02,text_for_speaker,0,,1
CREC-2015-06-02-pt1-PgH3761,CREC-2015-06-02,text_for_speaker,0,,1
CREC-2015-06-02-pt1-PgH3761-3,CREC-2015-06-02,text_for_speaker,0,,1
CREC-2015-06-02-pt1-PgH3761-4,CREC-2015-06-02,text_for_speaker,0,,1
CREC-2015-06-02-pt1-PgH3761-5,CREC-2015-06-02,text_for_speaker,0,,1
CREC-2015-06-02-pt1-PgH3761-6,CREC-2015-06-02,text_for_speaker,0,,1
CREC-2015-06-02-pt1-PgH3761-8,CREC-2015-06-02,text_for_speaker,0,,1
CREC-2015-06-02-pt1-PgH3761-7,CREC-2015-06-02,text_for_speaker,0,,1
CREC-2015-06-02-pt1-PgH3761-9,CREC-2015-06-02,text_for_speaker,0,,1
CREC-2015-06-02-pt1-PgH3761-10,CREC-2015-06-02,text_for_speaker,0,,1
CREC-2015-06-02-pt1-PgH3761-12,CREC-2015-06-02,text_for_speaker,0,,1
CREC-2015-06-02-pt1-PgH3761-11,CREC-2015-06-02,text_for_speaker,0,,1
CREC-2015-06-02-pt1-PgH3761-13,CREC-2015-06-02,text_for_speaker,0,,1
CREC-2015-06-02-pt1-PgH3761-14,CREC-2015-06-02,text_for_speaker,0,,1
CREC-2015-06-02-pt1-PgH3761-15,CREC-2015-06-02,text_for_speaker,0,,1
CREC-2015-06-02-pt1-PgH3762,CREC-2015-06-02,text_for_speaker,0,,1
CREC-2015-06-02-pt1-PgH3762-3,CREC-2015-06-02,text_for_speaker,0,,1
CREC-2015-06-02-pt1-PgH3762-2,CREC-2015-06-02,text_for_speaker,0,,1
CREC-2015-06-02-pt1-PgH3762-4,CREC-2015-06-02,text_for_speaker,0,,1
CREC-2015-06-02-pt1-PgH3762-5,CREC-2015-06-02,text_for_speaker,0,,1
CREC-2015-06-02-pt1-PgH3762-6,CREC-2015-06-02,text_for_speaker,0,,1
CREC-2015-06-02-pt1-PgS3419,CREC-2015-06-02,text_for_speaker,0,,1
CREC-2015-06-02-pt1-PgS-FrontMatter-6,CREC-2015-06-02,text_for_speaker,0,,1
CREC-2015-06-02-pt1-PgS3419-2,CREC-2015-06-02,text_for_speaker,0,,1
CREC-2015-06-02-pt1-PgS3419-3,CREC-2015-06-02,text_for_speaker,0,,1
CREC-2015-06-02-pt1-PgS3419-4,CREC-2015-06-02,text_for_speaker,0,,1
CREC-2015-06-02-pt1-PgS3419-5,CREC-2015-06-02,text_for_speaker,0,,1
CREC-2015-06-02-pt1-PgS3454-2,CREC-2015-06-02,text_for_speaker,0,,1
CREC-2015-06-02-pt1-PgS3454-3,CREC-2015-06-02,text_for_speaker,0,,1
CREC-2015-06-02-pt1-PgS3454-4,CREC-2015-06-02,text_for_speaker,0,,1
CREC-2015-06-02-pt1-PgS3454-5,CREC-2015-06-02,text_for_speaker,0,,1
CREC-2015-06-02-pt1-PgS3455,CREC-2015-06-02,text_for_speaker,0,,1
CREC-2015-06-02-pt1-PgS3454-6,CREC-2015-06-02,text_for_speaker,0,,1
CREC-2015-06-02-pt1-PgS3455-2,CREC-2015-06-02,text_for_speaker,0,,1
CREC-2015-06-02-pt1-PgS3456,CREC-2015-06-02,text_for_speaker,0,,1
CREC-2015-06-02-pt1-PgS3461,CREC-2015-06-02,text_for_speaker,0,,1
CREC-2015-06-02-pt1-PgS3517,CREC-2015-06-02,text_for_speaker,0,,1
CREC-2015-06-02-pt1-PgS3517-2,CREC-2015-06-02,text_for_speaker,0,,1
CREC-2015-06-02-pt1-PgS3517-3,CREC-2015-06-02,text_for_speaker,0,,1
CREC-2015-06-02-pt1-PgS3462-2,CREC-2015-06-02,text_for_speaker,0,,1
CREC-2015-06-02-pt1-PgS3517-4,CREC-2015-06-02,text_for_speaker,0,,1
CREC-2015-06-02-pt1-PgS3462,CREC-2015-06-02,text_for_speaker,0,,1
CREC-2015-06-02-pt1-PgS3517-5,CREC-2015-06-02,text_for_speaker,0,,1
CREC-2015-06-02-pt1-PgS3622,CREC-2015-06-02,text_for_speaker,0,,1
CREC-2015-06-02-pt1-PgS3622-2,CREC-2015-06-02,text_for_speaker,0,,1
CREC-2015-06-02-pt1-PgS3621,CREC-2015-06-02,text_for_speaker,0,,1
CREC-2015-06-02-pt1-PgS3628,CREC-2015-06-02,text_for_speaker,0,,1
CREC-2015-06-02-pt1-PgS3629,CREC-2015-06-02,text_for_speaker,0,,1
CREC-2015-06-02-pt1-PgS3629-2,CREC-2015-06-02,text_for_speaker,0,,1
CREC-2015-06-02-pt1-PgS3630,CREC-2015-06-02,text_for_speaker,0,,1
CREC-2015-06-02-pt1-PgS3634,CREC-2015-06-02,text_for_speaker,0,,1
CREC-2015-06-02-pt1-PgS3634-2,CREC-2015-06-02,text_for_speaker,0,,1
CREC-2015-06-02-pt1-PgS3631-6,CREC-2015-06-02,text_for_speaker,0,,1
CREC-2015-06-02-pt1-PgE820-2,CREC-2015-06-02,text_for_speaker,0,,1
CREC-2015-06-02-pt1-PgE820-3,CREC-2015-06-02,text_for_speaker,0,,1
CREC-2015-06-02-pt1-PgD628,CREC-2015-06-02,text_for_speaker,0,,1
CREC-2015-06-02-pt1-PgD627,CREC-2015-06-02,text_for_speaker,0,,1
CREC-2015-06-02-pt1-PgD626,CREC-2015-06-02,text_for_speaker,0,,1
CREC-2015-06-02-pt1-PgD632,CREC-2015-06-02,text_for_speaker,0,,1
CREC-2015-06-02-pt1-PgD634-2,CREC-2015-06-02,text_for_speaker,0,,1
CREC-2015-06-02-pt1-PgD634,CREC-2015-06-02,text_for_speaker,0,,1
CREC-2015-06-02-pt1-PgD635,CREC-2015-06-02,text_for_speaker,0,,1
CREC-2015-06-03-pt1-PgH-FrontMatter-3,CREC-2015-06-03,text_for_speaker,0,,1
CREC-2015-06-03-pt1-PgH3763-2,CREC-2015-06-03,text_for_speaker,0,,1
CREC-2015-06-03-pt1-PgH3763,CREC-2015-06-03,text_for_speaker,0,,1
CREC-2015-06-03-pt1-PgH3770-4,CREC-2015-06-03,text_for_speaker,0,,1
CREC-2015-06-03-pt1-PgH3770-5,CREC-2015-06-03,text_for_speaker,0,,1
CREC-2015-06-03-pt1-PgH3771-2,CREC-2015-06-03,text_for_speaker,0,,1
CREC-2015-06-03-pt1-PgH3877-2,CREC-2015-06-03,text_for_speaker,0,,1
CREC-2015-06-03-pt1-PgH3877-4,CREC-2015-06-03,text_for_speaker,0,,1
CREC-2015-06-03-pt1-PgH3878,CREC-2015-06-03,text_for_speaker,0,,1
CREC-2015-06-03-pt1-PgH3878-3,CREC-2015-06-03,text_for_speaker,0,,1
CREC-2015-06-03-pt1-PgH3878-2,CREC-2015-06-03,text_for_speaker,0,,1
CREC-2015-06-03-pt1-PgH3878-4,CREC-2015-06-03,text_for_speaker,0,,1
CREC-2015-06-03-pt1-PgH3878-6,CREC-2015-06-03,text_for_speaker,0,,1
CREC-2015-06-03-pt1-PgH3878-5,CREC-2015-06-03,text_for_speaker,0,,1
CREC-2015-06-03-pt1-PgH3878-7,CREC-2015-06-03,text_for_speaker,0,,1
CREC-2015-06-03-pt1-PgH3878-9,CREC-2015-06-03,text_for_speaker,0,,1
CREC-2015-06-03-pt1-PgH3878-8,CREC-2015-06-03,text_for_speaker,0,,1
CREC-2015-06-03-pt1-PgH3878-10,CREC-2015-06-03,text_for_speaker,0,,1
CREC-2015-06-03-pt1-PgH3878-12,CREC-2015-06-03,text_for_speaker,0,,1
CREC-2015-06-03-pt1-PgH3878-11,CREC-2015-06-03,text_for_speaker,0,,1
CREC-2015-06-03-pt1-PgH3878-13,CREC-2015-06-03,text_for_speaker,0,,1
CREC-2015-06-03-pt1-PgH3878-15,CREC-2015-06-03,text_for_speaker,0,,1
CREC-2015-06-03-pt1-PgH3878-14,CREC-2015-06-03,text_for_speaker,0,,1
CREC-2015-06-03-pt1-PgH3878-16,CREC-2015-06-03,text_for_speaker,0,,1
CREC-2015-06-03-pt1-PgH3878-17,CREC-2015-06-03,text_for_speaker,0,,1
CREC-2015-06-03-pt1-PgH3878-18,CREC-2015-06-03,text_for_speaker,0,,1
CREC-2015-06-03-pt1-PgH3878-19,CREC-2015-06-03,text_for_speaker,0,,1
CREC-2015-06-03-pt1-PgH3879,CREC-2015-06-03,text_for_speaker,0,,1
CREC-2015-06-03-pt1-PgH3879-2,CREC-2015-06-03,text_for_speaker,0,,1
CREC-2015-06-03-pt1-PgH3879-4,CREC-2015-06-03,text_for_speaker,0,,1
CREC-2015-06-03-pt1-PgH3879-3,CREC-2015-06-03,text_for_speaker,0,,1
CREC-2015-06-03-pt1-PgH3879-5,CREC-2015-06-03,text_for_speaker,0,,1
CREC-2015-06-03-pt1-PgH3880-2,CREC-2015-06-03,text_for_speaker,0,,1
CREC-2015-06-03-pt1-PgH3880,CREC-2015-06-03,text_for_speaker,0,,1
CREC-2015-06-03-pt1-PgH3880-4,CREC-2015-06-03,text_for_speaker,0,,1
CREC-2015-06-03-pt1-PgH3880-5,CREC-2015-06-03,text_for_speaker,0,,1
CREC-2015-06-03-pt1-PgH3880-3,CREC-2015-06-03,text_for_speaker,0,,1
CREC-2015-06-03-pt1-PgH3880-6,CREC-2015-06-03,text_for_speaker,0,,1
CREC-2015-06-03-pt1-PgH3880-8,CREC-2015-06-03,text_for_speaker,0,,1
CREC-2015-06-03-pt1-PgH3880-7,CREC-2015-06-03,text_for_speaker,0,,1
CREC-2015-06-03-pt1-PgH3880-9,CREC-2015-06-03,text_for_speaker,0,,1
CREC-2015-06-03-pt1-PgH3880-11,CREC-2015-06-03,text_for_speaker,0,,1
CREC-2015-06-03-pt1-PgH3880-10,CREC-2015-06-03,text_for_speaker,0,,1
CREC-2015-06-03-pt1-PgH3880-12,CREC-2015-06-03,text_for_speaker,0,,1
CREC-2015-06-03-pt1-PgH3880-13,CREC-2015-06-03,text_for_speaker,0,,1
CREC-2015-06-03-pt1-PgH3880-14,CREC-2015-06-03,text_for_speaker,0,,1
CREC-2015-06-03-pt1-PgH3880-15,CREC-2015-06-03,text_for_speaker,0,,1
CREC-2015-06-03-pt1-PgH3880-16,CREC-2015-06-03,text_for_speaker,0,,1
CREC-2015-06-03-pt1-PgH3880-17,CREC-2015-06-03,text_for_speaker,0,,1
CREC-2015-06-03-pt1-PgH3880-18,CREC-2015-06-03,text_for_speaker,0,,1
CREC-2015-06-03-pt1-PgS-FrontMatter-19,CREC-2015-06-03,text_for_speaker,0,,1
CREC-2015-06-03-pt1-PgH3880-19,CREC-2015-06-03,text_for_speaker,0,,1
CREC-2015-06-03-pt1-PgS3635,CREC-2015-06-03,text_for_speaker,0,,1
CREC-2015-06-03-pt1-PgS3635-2,CREC-2015-06-03,text_for_speaker,0,,1
CREC-2015-06-03-pt1-PgS3635-3,CREC-2015-06-03,text_for_speaker,0,,1
CREC-2015-06-03-pt1-PgS3635-4,CREC-2015-06-03,text_for_speaker,0,,1
CREC-2015-06-03-pt1-PgS3636-2,CREC-2015-06-03,text_for_speaker,0,,1
CREC-2015-06-03-pt1-PgS3675-3,CREC-2015-06-03,text_for_speaker,0,,1
CREC-2015-06-03-pt1-PgS3675-4,CREC-2015-06-03,text_for_speaker,0,,1
CREC-2015-06-03-pt1-PgS3675-5,CREC-2015-06-03,text_for_speaker,0,,1
CREC-2015-06-03-pt1-PgS3677,CREC-2015-06-03,text_for_speaker,0,,1
CREC-2015-06-03-pt1-PgS3678,CREC-2015-06-03,text_for_speaker,0,,1
CREC-2015-06-03-pt1-PgS3679,CREC-2015-06-03,text_for_speaker,0,,1
CREC-2015-06-03-pt1-PgS3679-2,CREC-2015-06-03,text_for_speaker,0,,1
CREC-2015-06-03-pt1-PgS3682,CREC-2015-06-03,text_for_speaker,0,,1
CREC-2015-06-03-pt1-PgS3683,CREC-2015-06-03,text_for_speaker,0,,1
CREC-2015-06-03-pt1-PgS3683-2,CREC-2015-06-03,text_for_speaker,0,,1
CREC-2015-06-03-pt1-PgS3686-2,CREC-2015-06-03,text_for_speaker,0,,1
CREC-2015-06-03-pt1-PgS3686-3,CREC-2015-06-03,text_for_speaker,0,,1
CREC-2015-06-03-pt1-PgS3686-4,CREC-2015-06-03,text_for_speaker,0,,2
CREC-2015-06-03-pt1-PgS3687,CREC-2015-06-03,text_for_speaker,0,,2
CREC-2015-06-03-pt1-PgS3686,CREC-2015-06-03,text_for_speaker,0,,1
CREC-2015-06-03-pt1-PgS3687-3,CREC-2015-06-03,text_for_speaker,0,,1
CREC-2015-06-03-pt1-PgS3687-2,CREC-2015-06-03,text_for_speaker,0,,1
CREC-2015-06-03-pt1-PgS3687-4,CREC-2015-06-03,text_for_speaker,0,,1
CREC-2015-06-03-pt1-PgS3687-5,CREC-2015-06-03,text_for_speaker,0,,1
CREC-2015-06-03-pt1-PgS3687-6,CREC-2015-06-03,text_for_speaker,0,,1
CREC-2015-06-03-pt1-PgS3687-7,CREC-2015-06-03,text_for_speaker,0,,1
CREC-2015-06-03-pt1-PgS3688-2,CREC-2015-06-03,text_for_speaker,0,,1
CREC-2015-06-03-pt1-PgS3688,CREC-2015-06-03,text_for_speaker,0,,1
CREC-2015-06-03-pt1-PgS3688-3,CREC-2015-06-03,text_for_speaker,0,,1
CREC-2015-06-03-pt1-PgS3689,CREC-2015-06-03,text_for_speaker,0,,1
CREC-2015-06-03-pt1-PgS3689-2,CREC-2015-06-03,text_for_speaker,0,,1
CREC-2015-06-03-pt1-PgS3689-3,CREC-2015-06-03,text_for_speaker,0,,1
CREC-2015-06-03-pt1-PgS3689-4,CREC-2015-06-03,text_for_speaker,0,,1
CREC-2015-06-03-pt1-PgS3690-2,CREC-2015-06-03,text_for_speaker,0,,1
CREC-2015-06-03-pt1-PgS3690,CREC-2015-06-03,text_for_speaker,0,,1
CREC-2015-06-03-pt1-PgS3690-3,CREC-2015-06-03,text_for_speaker,0,,1
CREC-2015-06-03-pt1-PgS3690-4,CREC-2015-06-03,text_for_speaker,0,,1
CREC-2015-06-03-pt1-PgS3690-5,CREC-2015-06-03,text_for_speaker,0,,1
CREC-2015-06-03-pt1-PgS3691-2,CREC-2015-06-03,text_for_speaker,0,,1
CREC-2015-06-03-pt1-PgS3691-3,CREC-2015-06-03,text_for_speaker,0,,1
CREC-2015-06-03-pt1-PgS3691,CREC-2015-06-03,text_for_speaker,0,,1
CREC-2015-06-03-pt1-PgS3691-5,CREC-2015-06-03,text_for_speaker,0,,1
CREC-2015-06-03-pt1-PgS3691-4,CREC-2015-06-03,text_for_speaker,0,,1
CREC-2015-06-03-pt1-PgS3691-6,CREC-2015-06-03,text_for_speaker,0,,1
CREC-2015-06-03-pt1-PgS3692,CREC-2015-06-03,text_for_speaker,0,,1
CREC-2015-06-03-pt1-PgS3693,CREC-2015-06-03,text_for_speaker,0,,2
CREC-2015-06-03-pt1-PgS3691-7,CREC-2015-06-03,text_for_speaker,0,,1
CREC-2015-06-03-pt1-PgS3693-3,CREC-2015-06-03,text_for_speaker,0,,1
CREC-2015-06-03-pt1-PgS3693-2,CREC-2015-06-03,text_for_speaker,0,,1
CREC-2015-06-03-pt1-PgS3693-4,CREC-2015-06-03,text_for_speaker,0,,1
CREC-2015-06-03-pt1-PgS3693-5,CREC-2015-06-03,text_for_speaker,0,,1
CREC-2015-06-03-pt1-PgS3694,CREC-2015-06-03,text_for_speaker,0,,1
CREC-2015-06-03-pt1-PgS3694-2,CREC-2015-06-03,text_for_speaker,0,,1
CREC-2015-06-03-pt1-PgS3694-4,CREC-2015-06-03,text_for_speaker,0,,1
CREC-2015-06-03-pt1-PgS3694-3,CREC-2015-06-03,text_for_speaker,0,,1
CREC-2015-06-03-pt1-PgS3694-5,CREC-2015-06-03,text_for_speaker,0,,1
CREC-2015-06-03-pt1-PgS3695-2,CREC-2015-06-03,text_for_speaker,0,,1
CREC-2015-06-03-pt1-PgS3695,CREC-2015-06-03,text_for_speaker,0,,1
CREC-2015-06-03-pt1-PgS3695-3,CREC-2015-06-03,text_for_speaker,0,,1
CREC-2015-06-03-pt1-PgS3696-2,CREC-2015-06-03,text_for_speaker,0,,1
CREC-2015-06-03-pt1-PgS3696,CREC-2015-06-03,text_for_speaker,0,,1
CREC-2015-06-03-pt1-PgS3696-3,CREC-2015-06-03,text_for_speaker,0,,2
CREC-2015-06-03-pt1-PgS3696-4,CREC-2015-06-03,text_for_speaker,0,,1
CREC-2015-06-03-pt1-PgS3696-5,CREC-2015-06-03,text_for_speaker,0,,1
CREC-2015-06-03-pt1-PgS3697,CREC-2015-06-03,text_for_speaker,0,,1
CREC-2015-06-03-pt1-PgS3698,CREC-2015-06-03,text_for_speaker,0,,1
CREC-2015-06-03-pt1-PgS3697-2,CREC-2015-06-03,text_for_speaker,0,,1
CREC-2015-06-03-pt1-PgS3697-3,CREC-2015-06-03,text_for_speaker,0,,1
CREC-2015-06-03-pt1-PgS3698-2,CREC-2015-06-03,text_for_speaker,0,,1
CREC-2015-06-03-pt1-PgS3698-3,CREC-2015-06-03,text_for_speaker,0,,1
CREC-2015-06-03-pt1-PgS3698-4,CREC-2015-06-03,text_for_speaker,0,,1
CREC-2015-06-03-pt1-PgS3699,CREC-2015-06-03,text_for_speaker,0,,1
CREC-2015-06-03-pt1-PgS3699-2,CREC-2015-06-03,text_for_speaker,0,,1
CREC-2015-06-03-pt1-PgS3699-4,CREC-2015-06-03,text_for_speaker,0,,1
CREC-2015-06-03-pt1-PgS3699-3,CREC-2015-06-03,text_for_speaker,0,,1
CREC-2015-06-03-pt1-PgS3700,CREC-2015-06-03,text_for_speaker,0,,1
CREC-2015-06-03-pt1-PgS3701,CREC-2015-06-03,text_for_speaker,0,,1
CREC-2015-06-03-pt1-PgS3700-2,CREC-2015-06-03,text_for_speaker,0,,1
CREC-2015-06-03-pt1-PgS3701-2,CREC-2015-06-03,text_for_speaker,0,,1
CREC-2015-06-03-pt1-PgS3701-3,CREC-2015-06-03,text_for_speaker,0,,1
CREC-2015-06-03-pt1-PgS3702,CREC-2015-06-03,text_for_speaker,0,,1
CREC-2015-06-03-pt1-PgS3705,CREC-2015-06-03,text_for_speaker,0,,1
CREC-2015-06-03-pt1-PgS3706,CREC-2015-06-03,text_for_speaker,0,,1
CREC-2015-06-03-pt1-PgS3706-2,CREC-2015-06-03,text_for_speaker,0,,1
CREC-2015-06-03-pt1-PgS3706-3,CREC-2015-06-03,text_for_speaker,0,,1
CREC-2015-06-03-pt1-PgS3706-4,CREC-2015-06-03,text_for_speaker,0,,1
CREC-2015-06-03-pt1-PgS3707,CREC-2015-06-03,text_for_speaker,0,,1
CREC-2015-06-03-pt1-PgS3707-2,CREC-2015-06-03,text_for_speaker,0,,1
CREC-2015-06-03-pt1-PgS3707-3,CREC-2015-06-03,text_for_speaker,0,,1
CREC-2015-06-03-pt1-PgS3708,CREC-2015-06-03,text_for_speaker,0,,1
CREC-2015-06-03-pt1-PgS3708-2,CREC-2015-06-03,text_for_speaker,0,,1
CREC-2015-06-03-pt1-PgS3708-3,CREC-2015-06-03,text_for_speaker,0,,1
CREC-2015-06-03-pt1-PgS3708-4,CREC-2015-06-03,text_for_speaker,0,,1
CREC-2015-06-03-pt1-PgS3709,CREC-2015-06-03,text_for_speaker,0,,1
CREC-2015-06-03-pt1-PgS3709-2,CREC-2015-06-03,text_for_speaker,0,,1
CREC-2015-06-03-pt1-PgS3710-2,CREC-2015-06-03,text_for_speaker,0,,1
CREC-2015-06-03-pt1-PgS3710,CREC-2015-06-03,text_for_speaker,0,,1
CREC-2015-06-03-pt1-PgS3711,CREC-2015-06-03,text_for_speaker,0,,1
CREC-2015-06-03-pt1-PgS3711-2,CREC-2015-06-03,text_for_speaker,0,,1
CREC-2015-06-03-pt1-PgS3712-2,CREC-2015-06-03,text_for_speaker,0,,1
CREC-2015-06-03-pt1-PgS3712,CREC-2015-06-03,text_for_speaker,0,,1
CREC-2015-06-03-pt1-PgS3712-3,CREC-2015-06-03,text_for_speaker,0,,1
CREC-2015-06-03-pt1-PgS3713,CREC-2015-06-03,text_for_speaker,0,,1
CREC-2015-06-03-pt1-PgS3713-3,CREC-2015-06-03,text_for_speaker,0,,1
CREC-2015-06-03-pt1-PgS3713-2,CREC-2015-06-03,text_for_speaker,0,,1
CREC-2015-06-03-pt1-PgS3713-4,CREC-2015-06-03,text_for_speaker,0,,1
CREC-2015-06-03-pt1-PgS3713-5,CREC-2015-06-03,text_for_speaker,0,,1
CREC-2015-06-03-pt1-PgS3713-6,CREC-2015-06-03,text_for_speaker,0,,1
CREC-2015-06-03-pt1-PgS3714,CREC-2015-06-03,text_for_speaker,0,,1
CREC-2015-06-03-pt1-PgS3714-2,CREC-2015-06-03,text_for_speaker,0,,1
CREC-2015-06-03-pt1-PgS3714-3,CREC-2015-06-03,text_for_speaker,0,,1
CREC-2015-06-03-pt1-PgS3714-4,CREC-2015-06-03,text_for_speaker,0,,1
CREC-2015-06-03-pt1-PgS3714-5,CREC-2015-06-03,text_for_speaker,0,,1
CREC-2015-06-03-pt1-PgS3715-2,CREC-2015-06-03,text_for_speaker,0,,1
CREC-2015-06-03-pt1-PgS3715,CREC-2015-06-03,text_for_speaker,0,,1
CREC-2015-06-03-pt1-PgS3716,CREC-2015-06-03,text_for_speaker,0,,1
CREC-2015-06-03-pt1-PgS3717,CREC-2015-06-03,text_for_speaker,0,,1
CREC-2015-06-03-pt1-PgS3716-2,CREC-2015-06-03,text_for_speaker,0,,1
CREC-2015-06-03-pt1-PgS3718,CREC-2015-06-03,text_for_speaker,0,,1
CREC-2015-06-03-pt1-PgS3718-3,CREC-2015-06-03,text_for_speaker,0,,1
CREC-2015-06-03-pt1-PgS3718-2,CREC-2015-06-03,text_for_speaker,0,,1
CREC-2015-06-03-pt1-PgS3719,CREC-2015-06-03,text_for_speaker,0,,1
CREC-2015-06-03-pt1-PgS3719-3,CREC-2015-06-03,text_for_speaker,0,,1
CREC-2015-06-03-pt1-PgS3719-2,CREC-2015-06-03,text_for_speaker,0,,1
CREC-2015-06-03-pt1-PgS3720,CREC-2015-06-03,text_for_speaker,0,,1
CREC-2015-06-03-pt1-PgS3720-2,CREC-2015-06-03,text_for_speaker,0,,1
CREC-2015-06-03-pt1-PgS3719-4,CREC-2015-06-03,text_for_speaker,0,,1
CREC-2015-06-03-pt1-PgS3720-3,CREC-2015-06-03,text_for_speaker,0,,1
CREC-2015-06-03-pt1-PgS3721,CREC-2015-06-03,text_for_speaker,0,,1
CREC-2015-06-03-pt1-PgS3721-2,CREC-2015-06-03,text_for_speaker,0,,1
CREC-2015-06-03-pt1-PgS3721-3,CREC-2015-06-03,text_for_speaker,0,,1
CREC-2015-06-03-pt1-PgS3721-4,CREC-2015-06-03,text_for_speaker,0,,1
CREC-2015-06-03-pt1-PgS3721-6,CREC-2015-06-03,text_for_speaker,0,,1
CREC-2015-06-03-pt1-PgS3721-5,CREC-2015-06-03,text_for_speaker,0,,1
CREC-2015-06-03-pt1-PgS3722,CREC-2015-06-03,text_for_speaker,0,,1
CREC-2015-06-03-pt1-PgS3722-2,CREC-2015-06-03,text_for_speaker,0,,1
CREC-2015-06-03-pt1-PgS3723,CREC-2015-06-03,text_for_speaker,0,,1
CREC-2015-06-03-pt1-PgS3723-2,CREC-2015-06-03,text_for_speaker,0,,1
CREC-2015-06-03-pt1-PgS3724,CREC-2015-06-03,text_for_speaker,0,,1
CREC-2015-06-03-pt1-PgS3723-3,CREC-2015-06-03,text_for_speaker,0,,1
CREC-2015-06-03-pt1-PgS3724-2,CREC-2015-06-03,text_for_speaker,0,,1
CREC-2015-06-03-pt1-PgS3724-3,CREC-2015-06-03,text_for_speaker,0,,1
CREC-2015-06-03-pt1-PgS3725,CREC-2015-06-03,text_for_speaker,0,,1
CREC-2015-06-03-pt1-PgS3725-2,CREC-2015-06-03,text_for_speaker,0,,1
CREC-2015-06-03-pt1-PgS3725-3,CREC-2015-06-03,text_for_speaker,0,,1
CREC-2015-06-03-pt1-PgS3725-4,CREC-2015-06-03,text_for_speaker,0,,1
CREC-2015-06-03-pt1-PgS3726,CREC-2015-06-03,text_for_speaker,0,,1
CREC-2015-06-03-pt1-PgS3726-2,CREC-2015-06-03,text_for_speaker,0,,1
CREC-2015-06-03-pt1-PgS3727,CREC-2015-06-03,text_for_speaker,0,,1
CREC-2015-06-03-pt1-PgS3727-2,CREC-2015-06-03,text_for_speaker,0,,1
CREC-2015-06-03-pt1-PgS3727-4,CREC-2015-06-03,text_for_speaker,0,,1
CREC-2015-06-03-pt1-PgS3727-3,CREC-2015-06-03,text_for_speaker,0,,1
CREC-2015-06-03-pt1-PgS3727-5,CREC-2015-06-03,text_for_speaker,0,,1
CREC-2015-06-03-pt1-PgS3729-3,CREC-2015-06-03,text_for_speaker,0,,1
CREC-2015-06-03-pt1-PgS3729-2,CREC-2015-06-03,text_for_speaker,0,,1
CREC-2015-06-03-pt1-PgD637,CREC-2015-06-03,text_for_speaker,0,,1
CREC-2015-06-03-pt1-PgE835-3,CREC-2015-06-03,text_for_speaker,0,,1
CREC-2015-06-03-pt1-PgD638,CREC-2015-06-03,text_for_speaker,0,,1
CREC-2015-06-03-pt1-PgD639,CREC-2015-06-03,text_for_speaker,0,,1
CREC-2015-06-03-pt1-PgD643,CREC-2015-06-03,text_for_speaker,0,,1
CREC-2015-06-03-pt1-PgD644,CREC-2015-06-03,text_for_speaker,0,,1
CREC-2015-06-03-pt1-PgD645,CREC-2015-06-03,text_for_speaker,0,,1
CREC-2015-06-04-pt1-PgH3881,CREC-2015-06-04,text_for_speaker,0,,1
CREC-2015-06-04-pt1-PgH-FrontMatter-3,CREC-2015-06-04,text_for_speaker,0,,1
CREC-2015-06-04-pt1-PgH3881-2,CREC-2015-06-04,text_for_speaker,0,,1
CREC-2015-06-04-pt1-PgH3904-4,CREC-2015-06-04,text_for_speaker,0,,1
CREC-2015-06-04-pt1-PgH3905-4,CREC-2015-06-04,text_for_speaker,0,,1
CREC-2015-06-04-pt1-PgH3906-4,CREC-2015-06-04,text_for_speaker,0,,1
CREC-2015-06-04-pt1-PgH3912,CREC-2015-06-04,text_for_speaker,0,,1
CREC-2015-06-04-pt1-PgH3912-3,CREC-2015-06-04,text_for_speaker,0,,1
CREC-2015-06-04-pt1-PgH3915,CREC-2015-06-04,text_for_speaker,0,,1
CREC-2015-06-04-pt1-PgH3912-5,CREC-2015-06-04,text_for_speaker,0,,1
CREC-2015-06-04-pt1-PgH3915-2,CREC-2015-06-04,text_for_speaker,0,,1
CREC-2015-06-04-pt1-PgH3915-3,CREC-2015-06-04,text_for_speaker,0,,1
CREC-2015-06-04-pt1-PgH3915-5,CREC-2015-06-04,text_for_speaker,0,,1
CREC-2015-06-04-pt1-PgH3915-4,CREC-2015-06-04,text_for_speaker,0,,1
CREC-2015-06-04-pt1-PgH3915-6,CREC-2015-06-04,text_for_speaker,0,,1
CREC-2015-06-04-pt1-PgH3915-7,CREC-2015-06-04,text_for_speaker,0,,1
CREC-2015-06-04-pt1-PgH3915-8,CREC-2015-06-04,text_for_speaker,0,,1
CREC-2015-06-04-pt1-PgH3915-10,CREC-2015-06-04,text_for_speaker,0,,1
CREC-2015-06-04-pt1-PgH3915-9,CREC-2015-06-04,text_for_speaker,0,,1
CREC-2015-06-04-pt1-PgH3915-11,CREC-2015-06-04,text_for_speaker,0,,1
CREC-2015-06-04-pt1-PgH3915-12,CREC-2015-06-04,text_for_speaker,0,,1
CREC-2015-06-04-pt1-PgH3915-13,CREC-2015-06-04,text_for_speaker,0,,1
CREC-2015-06-04-pt1-PgH3915-14,CREC-2015-06-04,text_for_speaker,0,,1
CREC-2015-06-04-pt1-PgH3915-15,CREC-2015-06-04,text_for_speaker,0,,1
CREC-2015-06-04-pt1-PgH3915-16,CREC-2015-06-04,text_for_speaker,0,,1
CREC-2015-06-04-pt1-PgH3915-17,CREC-2015-06-04,text_for_speaker,0,,1
CREC-2015-06-04-pt1-PgH3915-18,CREC-2015-06-04,text_for_speaker,0,,1
CREC-2015-06-04-pt1-PgH3915-19,CREC-2015-06-04,text_for_speaker,0,,1
CREC-2015-06-04-pt1-PgH3915-20,CREC-2015-06-04,text_for_speaker,0,,1
CREC-2015-06-04-pt1-PgH3916,CREC-2015-06-04,text_for_speaker,0,,1
CREC-2015-06-04-pt1-PgH3916-2,CREC-2015-06-04,text_for_speaker,0,,1
CREC-2015-06-04-pt1-PgH3916-3,CREC-2015-06-04,text_for_speaker,0,,1
CREC-2015-06-04-pt1-PgH3916-4,CREC-2015-06-04,text_for_speaker,0,,1
CREC-2015-06-04-pt1-PgH3916-5,CREC-2015-06-04,text_for_speaker,0,,1
CREC-2015-06-04-pt1-PgH3916-6,CREC-2015-06-04,text_for_speaker,0,,1
CREC-2015-06-04-pt1-PgH3916-7,CREC-2015-06-04,text_for_speaker,0,,1
CREC-2015-06-04-pt1-PgH3916-8,CREC-2015-06-04,text_for_speaker,0,,1
CREC-2015-06-04-pt1-PgH3916-9,CREC-2015-06-04,text_for_speaker,0,,1
CREC-2015-06-04-pt1-PgH3916-12,CREC-2015-06-04,text_for_speaker,0,,1
CREC-2015-06-04-pt1-PgH3916-10,CREC-2015-06-04,text_for_speaker,0,,1
CREC-2015-06-04-pt1-PgH3916-11,CREC-2015-06-04,text_for_speaker,0,,1
CREC-2015-06-04-pt1-PgH3916-13,CREC-2015-06-04,text_for_speaker,0,,1
CREC-2015-06-04-pt1-PgH3916-15,CREC-2015-06-04,text_for_speaker,0,,1
CREC-2015-06-04-pt1-PgH3916-14,CREC-2015-06-04,text_for_speaker,0,,1
CREC-2015-06-04-pt1-PgH3916-16,CREC-2015-06-04,text_for_speaker,0,,1
CREC-2015-06-04-pt1-PgH3916-17,CREC-2015-06-04,text_for_speaker,0,,1
CREC-2015-06-04-pt1-PgH3916-18,CREC-2015-06-04,text_for_speaker,0,,1
CREC-2015-06-04-pt1-PgH3916-19,CREC-2015-06-04,text_for_speaker,0,,1
CREC-2015-06-04-pt1-PgH3916-20,CREC-2015-06-04,text_for_speaker,0,,1
CREC-2015-06-04-pt1-PgH3916-21,CREC-2015-06-04,text_for_speaker,0,,1
CREC-2015-06-04-pt1-PgH3916-22,CREC-2015-06-04,text_for_speaker,0,,1
CREC-2015-06-04-pt1-PgH3917,CREC-2015-06-04,text_for_speaker,0,,1
CREC-2015-06-04-pt1-PgH3917-2,CREC-2015-06-04,text_for_speaker,0,,1
CREC-2015-06-04-pt1-PgH3917-4,CREC-2015-06-04,text_for_speaker,0,,1
CREC-2015-06-04-pt1-PgH3917-3,CREC-2015-06-04,text_for_speaker,0,,1
CREC-2015-06-04-pt1-PgH3917-5,CREC-2015-06-04,text_for_speaker,0,,1
CREC-2015-06-04-pt1-PgH3917-8,CREC-2015-06-04,text_for_speaker,0,,1
CREC-2015-06-04-pt1-PgH3917-6,CREC-2015-06-04,text_for_speaker,0,,1
CREC-2015-06-04-pt1-PgH3917-7,CREC-2015-06-04,text_for_speaker,0,,1
CREC-2015-06-04-pt1-PgS3731,CREC-2015-06-04,text_for_speaker,0,,1
CREC-2015-06-04-pt1-PgS-FrontMatter-8,CREC-2015-06-04,text_for_speaker,0,,1
CREC-2015-06-04-pt1-PgS3731-2,CREC-2015-06-04,text_for_speaker,0,,1
CREC-2015-06-04-pt1-PgS3731-4,CREC-2015-06-04,text_for_speaker,0,,1
CREC-2015-06-04-pt1-PgS3731-5,CREC-2015-06-04,text_for_speaker,0,,1
CREC-2015-06-04-pt1-PgS3731-3,CREC-2015-06-04,text_for_speaker,0,,1
CREC-2015-06-04-pt1-PgS3731-6,CREC-2015-06-04,text_for_speaker,0,,1
CREC-2015-06-04-pt1-PgS3732,CREC-2015-06-04,text_for_speaker,0,,1
CREC-2015-06-04-pt1-PgS3770,CREC-2015-06-04,text_for_speaker,0,,1
CREC-2015-06-04-pt1-PgS3775-3,CREC-2015-06-04,text_for_speaker,0,,1
CREC-2015-06-04-pt1-PgS3775-4,CREC-2015-06-04,text_for_speaker,0,,1
CREC-2015-06-04-pt1-PgS3775-5,CREC-2015-06-04,text_for_speaker,0,,1
CREC-2015-06-04-pt1-PgS3775-6,CREC-2015-06-04,text_for_speaker,0,,1
CREC-2015-06-04-pt1-PgS3775-7,CREC-2015-06-04,text_for_speaker,0,,1
CREC-2015-06-04-pt1-PgS3775-8,CREC-2015-06-04,text_for_speaker,0,,1
CREC-2015-06-04-pt1-PgS3776,CREC-2015-06-04,text_for_speaker,0,,1
CREC-2015-06-04-pt1-PgS3776-2,CREC-2015-06-04,text_for_speaker,0,,1
CREC-2015-06-04-pt1-PgS3781,CREC-2015-06-04,text_for_speaker,0,,1
CREC-2015-06-04-pt1-PgS3780,CREC-2015-06-04,text_for_speaker,0,,1
CREC-2015-06-04-pt1-PgS3780-2,CREC-2015-06-04,text_for_speaker,0,,1
CREC-2015-06-04-pt1-PgS3784-2,CREC-2015-06-04,text_for_speaker,0,,1
CREC-2015-06-04-pt1-PgS3784-3,CREC-2015-06-04,text_for_speaker,0,,1
CREC-2015-06-04-pt1-PgS3785,CREC-2015-06-04,text_for_speaker,0,,1
CREC-2015-06-04-pt1-PgS3785-2,CREC-2015-06-04,text_for_speaker,0,,1
CREC-2015-06-04-pt1-PgS3786,CREC-2015-06-04,text_for_speaker,0,,1
CREC-2015-06-04-pt1-PgS3786-2,CREC-2015-06-04,text_for_speaker,0,,1
CREC-2015-06-04-pt1-PgS3784,CREC-2015-06-04,text_for_speaker,0,,1
CREC-2015-06-04-pt1-PgS3786-3,CREC-2015-06-04,text_for_speaker,0,,1
CREC-2015-06-04-pt1-PgS3786-5,CREC-2015-06-04,text_for_speaker,0,,1
CREC-2015-06-04-pt1-PgS3786-4,CREC-2015-06-04,text_for_speaker,0,,1
CREC-2015-06-04-pt1-PgS3787,CREC-2015-06-04,text_for_speaker,0,,1
CREC-2015-06-04-pt1-PgS3786-6,CREC-2015-06-04,text_for_speaker,0,,1
CREC-2015-06-04-pt1-PgS3787-2,CREC-2015-06-04,text_for_speaker,0,,1
CREC-2015-06-04-pt1-PgS3788-2,CREC-2015-06-04,text_for_speaker,0,,1
CREC-2015-06-04-pt1-PgS3788,CREC-2015-06-04,text_for_speaker,0,,1
CREC-2015-06-04-pt1-PgS3787-3,CREC-2015-06-04,text_for_speaker,0,,1
CREC-2015-06-04-pt1-PgS3788-3,CREC-2015-06-04,text_for_speaker,0,,1
CREC-2015-06-04-pt1-PgS3789,CREC-2015-06-04,text_for_speaker,0,,1
CREC-2015-06-04-pt1-PgS3789-2,CREC-2015-06-04,text_for_speaker,0,,1
CREC-2015-06-04-pt1-PgS3791-2,CREC-2015-06-04,text_for_speaker,0,,1
CREC-2015-06-04-pt1-PgS3789-3,CREC-2015-06-04,text_for_speaker,0,,1
CREC-2015-06-04-pt1-PgS3791,CREC-2015-06-04,text_for_speaker,0,,1
CREC-2015-06-04-pt1-PgS3792,CREC-2015-06-04,text_for_speaker,0,,1
CREC-2015-06-04-pt1-PgS3791-3,CREC-2015-06-04,text_for_speaker,0,,1
CREC-2015-06-04-pt1-PgS3792-2,CREC-2015-06-04,text_for_speaker,0,,1
CREC-2015-06-04-pt1-PgS3792-4,CREC-2015-06-04,text_for_speaker,0,,1
CREC-2015-06-04-pt1-PgS3793,CREC-2015-06-04,text_for_speaker,0,,1
CREC-2015-06-04-pt1-PgS3792-3,CREC-2015-06-04,text_for_speaker,0,,1
CREC-2015-06-04-pt1-PgS3793-2,CREC-2015-06-04,text_for_speaker,0,,1
CREC-2015-06-04-pt1-PgS3793-4,CREC-2015-06-04,text_for_speaker,0,,1
CREC-2015-06-04-pt1-PgS3793-3,CREC-2015-06-04,text_for_speaker,0,,1
CREC-2015-06-04-pt1-PgS3793-5,CREC-2015-06-04,text_for_speaker,0,,1
CREC-2015-06-04-pt1-PgS3794-2,CREC-2015-06-04,text_for_speaker,0,,1
CREC-2015-06-04-pt1-PgS3794,CREC-2015-06-04,text_for_speaker,0,,1
CREC-2015-06-04-pt1-PgS3794-3,CREC-2015-06-04,text_for_speaker,0,,1
CREC-2015-06-04-pt1-PgS3794-4,CREC-2015-06-04,text_for_speaker,0,,1
CREC-2015-06-04-pt1-PgS3794-5,CREC-2015-06-04,text_for_speaker,0,,1
CREC-2015-06-04-pt1-PgS3795,CREC-2015-06-04,text_for_speaker,0,,1
CREC-2015-06-04-pt1-PgS3795-2,CREC-2015-06-04,text_for_speaker,0,,1
CREC-2015-06-04-pt1-PgS3796,CREC-2015-06-04,text_for_speaker,0,,1
CREC-2015-06-04-pt1-PgS3796-2,CREC-2015-06-04,text_for_speaker,0,,1
CREC-2015-06-04-pt1-PgS3796-3,CREC-2015-06-04,text_for_speaker,0,,1
CREC-2015-06-04-pt1-PgS3797,CREC-2015-06-04,text_for_speaker,0,,1
CREC-2015-06-04-pt1-PgS3797-2,CREC-2015-06-04,text_for_speaker,0,,1
CREC-2015-06-04-pt1-PgS3797-3,CREC-2015-06-04,text_for_speaker,0,,1
CREC-2015-06-04-pt1-PgS3797-4,CREC-2015-06-04,text_for_speaker,0,,1
CREC-2015-06-04-pt1-PgS3798,CREC-2015-06-04,text_for_speaker,0,,1
CREC-2015-06-04-pt1-PgS3798-3,CREC-2015-06-04,text_for_speaker,0,,1
CREC-2015-06-04-pt1-PgS3798-2,CREC-2015-06-04,text_for_speaker,0,,1
CREC-2015-06-04-pt1-PgS3798-4,CREC-2015-06-04,text_for_speaker,0,,1
CREC-2015-06-04-pt1-PgS3799,CREC-2015-06-04,text_for_speaker,0,,1
CREC-2015-06-04-pt1-PgS3800,CREC-2015-06-04,text_for_speaker,0,,1
CREC-2015-06-04-pt1-PgS3800-2,CREC-2015-06-04,text_for_speaker,0,,1
CREC-2015-06-04-pt1-PgS3800-4,CREC-2015-06-04,text_for_speaker,0,,1
CREC-2015-06-04-pt1-PgS3800-3,CREC-2015-06-04,text_for_speaker,0,,1
CREC-2015-06-04-pt1-PgS3800-5,CREC-2015-06-04,text_for_speaker,0,,1
CREC-2015-06-04-pt1-PgS3801,CREC-2015-06-04,text_for_speaker,0,,1
CREC-2015-06-04-pt1-PgS3801-2,CREC-2015-06-04,text_for_speaker,0,,1
CREC-2015-06-04-pt1-PgS3801-3,CREC-2015-06-04,text_for_speaker,0,,1
CREC-2015-06-04-pt1-PgS3801-4,CREC-2015-06-04,text_for_speaker,0,,1
CREC-2015-06-04-pt1-PgS3801-5,CREC-2015-06-04,text_for_speaker,0,,1
CREC-2015-06-04-pt1-PgS3802,CREC-2015-06-04,text_for_speaker,0,,1
CREC-2015-06-04-pt1-PgS3801-6,CREC-2015-06-04,text_for_speaker,0,,1
CREC-2015-06-04-pt1-PgS3802-2,CREC-2015-06-04,text_for_speaker,0,,1
CREC-2015-06-04-pt1-PgS3802-3,CREC-2015-06-04,text_for_speaker,0,,1
CREC-2015-06-04-pt1-PgS3802-4,CREC-2015-06-04,text_for_speaker,0,,1
CREC-2015-06-04-pt1-PgS3802-5,CREC-2015-06-04,text_for_speaker,0,,1
CREC-2015-06-04-pt1-PgS3803-2,CREC-2015-06-04,text_for_speaker,0,,1
CREC-2015-06-04-pt1-PgS3802-6,CREC-2015-06-04,text_for_speaker,0,,1
CREC-2015-06-04-pt1-PgS3803,CREC-2015-06-04,text_for_speaker,0,,1
CREC-2015-06-04-pt1-PgS3804,CREC-2015-06-04,text_for_speaker,0,,2
CREC-2015-06-04-pt1-PgS3803-3,CREC-2015-06-04,text_for_speaker,0,,1
CREC-2015-06-04-pt1-PgS3803-4,CREC-2015-06-04,text_for_speaker,0,,1
CREC-2015-06-04-pt1-PgS3804-2,CREC-2015-06-04,text_for_speaker,0,,1
CREC-2015-06-04-pt1-PgS3805,CREC-2015-06-04,text_for_speaker,0,,1
CREC-2015-06-04-pt1-PgS3806,CREC-2015-06-04,text_for_speaker,0,,1
CREC-2015-06-04-pt1-PgS3807,CREC-2015-06-04,text_for_speaker,0,,1
CREC-2015-06-04-pt1-PgS3807-2,CREC-2015-06-04,text_for_speaker,0,,1
CREC-2015-06-04-pt1-PgS3807-3,CREC-2015-06-04,text_for_speaker,0,,1
CREC-2015-06-04-pt1-PgS3807-4,CREC-2015-06-04,text_for_speaker,0,,1
CREC-2015-06-04-pt1-PgS3808,CREC-2015-06-04,text_for_speaker,0,,1
CREC-2015-06-04-pt1-PgS3808-2,CREC-2015-06-04,text_for_speaker,0,,1
CREC-2015-06-04-pt1-PgS3808-3,CREC-2015-06-04,text_for_speaker,0,,1
CREC-2015-06-04-pt1-PgS3808-4,CREC-2015-06-04,text_for_speaker,0,,1
CREC-2015-06-04-pt1-PgS3809,CREC-2015-06-04,text_for_speaker,0,,1
CREC-2015-06-04-pt1-PgS3809-3,CREC-2015-06-04,text_for_speaker,0,,1
CREC-2015-06-04-pt1-PgS3809-2,CREC-2015-06-04,text_for_speaker,0,,1
CREC-2015-06-04-pt1-PgS3809-5,CREC-2015-06-04,text_for_speaker,0,,1
CREC-2015-06-04-pt1-PgS3809-4,CREC-2015-06-04,text_for_speaker,0,,1
CREC-2015-06-04-pt1-PgS3809-6,CREC-2015-06-04,text_for_speaker,0,,1
CREC-2015-06-04-pt1-PgS3810-2,CREC-2015-06-04,text_for_speaker,0,,1
CREC-2015-06-04-pt1-PgS3810,CREC-2015-06-04,text_for_speaker,0,,1
CREC-2015-06-04-pt1-PgS3810-3,CREC-2015-06-04,text_for_speaker,0,,1
CREC-2015-06-04-pt1-PgS3811,CREC-2015-06-04,text_for_speaker,0,,1
CREC-2015-06-04-pt1-PgS3810-4,CREC-2015-06-04,text_for_speaker,0,,1
CREC-2015-06-04-pt1-PgS3810-5,CREC-2015-06-04,text_for_speaker,0,,1
CREC-2015-06-04-pt1-PgS3811-2,CREC-2015-06-04,text_for_speaker,0,,1
CREC-2015-06-04-pt1-PgS3812,CREC-2015-06-04,text_for_speaker,0,,1
CREC-2015-06-04-pt1-PgS3812-2,CREC-2015-06-04,text_for_speaker,0,,1
CREC-2015-06-04-pt1-PgS3812-3,CREC-2015-06-04,text_for_speaker,0,,1
CREC-2015-06-04-pt1-PgS3813,CREC-2015-06-04,text_for_speaker,0,,1
CREC-2015-06-04-pt1-PgS3812-4,CREC-2015-06-04,text_for_speaker,0,,1
CREC-2015-06-04-pt1-PgS3813-2,CREC-2015-06-04,text_for_speaker,0,,1
CREC-2015-06-04-pt1-PgS3813-3,CREC-2015-06-04,text_for_speaker,0,,1
CREC-2015-06-04-pt1-PgS3813-5,CREC-2015-06-04,text_for_speaker,0,,1
CREC-2015-06-04-pt1-PgS3813-4,CREC-2015-06-04,text_for_speaker,0,,1
CREC-2015-06-04-pt1-PgS3814-2,CREC-2015-06-04,text_for_speaker,0,,1
CREC-2015-06-04-pt1-PgS3814,CREC-2015-06-04,text_for_speaker,0,,1
CREC-2015-06-04-pt1-PgS3814-3,CREC-2015-06-04,text_for_speaker,0,,1
CREC-2015-06-04-pt1-PgS3814-4,CREC-2015-06-04,text_for_speaker,0,,1
CREC-2015-06-04-pt1-PgS3815,CREC-2015-06-04,text_for_speaker,0,,1
CREC-2015-06-04-pt1-PgS3814-5,CREC-2015-06-04,text_for_speaker,0,,1
CREC-2015-06-04-pt1-PgS3815-2,CREC-2015-06-04,text_for_speaker,0,,1
CREC-2015-06-04-pt1-PgS3815-3,CREC-2015-06-04,text_for_speaker,0,,1
CREC-2015-06-04-pt1-PgS3815-5,CREC-2015-06-04,text_for_speaker,0,,1
CREC-2015-06-04-pt1-PgS3815-4,CREC-2015-06-04,text_for_speaker,0,,1
CREC-2015-06-04-pt1-PgS3816,CREC-2015-06-04,text_for_speaker,0,,2
CREC-2015-06-04-pt1-PgS3816-2,CREC-2015-06-04,text_for_speaker,0,,2
CREC-2015-06-04-pt1-PgS3816-3,CREC-2015-06-04,text_for_speaker,0,,1
CREC-2015-06-04-pt1-PgS3818-2,CREC-2015-06-04,text_for_speaker,0,,1
CREC-2015-06-04-pt1-PgS3817,CREC-2015-06-04,text_for_speaker,0,,1
CREC-2015-06-04-pt1-PgS3818,CREC-2015-06-04,text_for_speaker,0,,1
CREC-2015-06-04-pt1-PgS3820,CREC-2015-06-04,text_for_speaker,0,,1
CREC-2015-06-04-pt1-PgS3818-3,CREC-2015-06-04,text_for_speaker,0,,1
CREC-2015-06-04-pt1-PgS3819,CREC-2015-06-04,text_for_speaker,0,,1
CREC-2015-06-04-pt1-PgS3821,CREC-2015-06-04,text_for_speaker,0,,1
CREC-2015-06-04-pt1-PgS3821-2,CREC-2015-06-04,text_for_speaker,0,,1
CREC-2015-06-04-pt1-PgS3821-3,CREC-2015-06-04,text_for_speaker,0,,1
CREC-2015-06-04-pt1-PgS3821-4,CREC-2015-06-04,text_for_speaker,0,,1
CREC-2015-06-04-pt1-PgS3821-5,CREC-2015-06-04,text_for_speaker,0,,1
CREC-2015-06-04-pt1-PgS3821-6,CREC-2015-06-04,text_for_speaker,0,,1
CREC-2015-06-04-pt1-PgS3822,CREC-2015-06-04,text_for_speaker,0,,1
CREC-2015-06-04-pt1-PgS3822-2,CREC-2015-06-04,text_for_speaker,0,,1
CREC-2015-06-04-pt1-PgS3822-3,CREC-2015-06-04,text_for_speaker,0,,1
CREC-2015-06-04-pt1-PgS3822-4,CREC-2015-06-04,text_for_speaker,0,,1
CREC-2015-06-04-pt1-PgS3823-2,CREC-2015-06-04,text_for_speaker,0,,1
CREC-2015-06-04-pt1-PgS3823,CREC-2015-06-04,text_for_speaker,0,,1
CREC-2015-06-04-pt1-PgS3824,CREC-2015-06-04,text_for_speaker,0,,1
CREC-2015-06-04-pt1-PgS3824-2,CREC-2015-06-04,text_for_speaker,0,,1
CREC-2015-06-04-pt1-PgS3824-3,CREC-2015-06-04,text_for_speaker,0,,1
CREC-2015-06-04-pt1-PgS3824-4,CREC-2015-06-04,text_for_speaker,0,,1
CREC-2015-06-04-pt1-PgS3825,CREC-2015-06-04,text_for_speaker,0,,1
CREC-2015-06-04-pt1-PgS3824-5,CREC-2015-06-04,text_for_speaker,0,,1
CREC-2015-06-04-pt1-PgS3826,CREC-2015-06-04,text_for_speaker,0,,1
CREC-2015-06-04-pt1-PgS3826-2,CREC-2015-06-04,text_for_speaker,0,,1
CREC-2015-06-04-pt1-PgS3827,CREC-2015-06-04,text_for_speaker,0,,1
CREC-2015-06-04-pt1-PgS3827-2,CREC-2015-06-04,text_for_speaker,0,,1
CREC-2015-06-04-pt1-PgS3828,CREC-2015-06-04,text_for_speaker,0,,1
CREC-2015-06-04-pt1-PgS3828-3,CREC-2015-06-04,text_for_speaker,0,,1
CREC-2015-06-04-pt1-PgS3828-2,CREC-2015-06-04,text_for_speaker,0,,1
CREC-2015-06-04-pt1-PgS3828-4,CREC-2015-06-04,text_for_speaker,0,,1
CREC-2015-06-04-pt1-PgS3829-2,CREC-2015-06-04,text_for_speaker,0,,1
CREC-2015-06-04-pt1-PgS3829,CREC-2015-06-04,text_for_speaker,0,,1
CREC-2015-06-04-pt1-PgS3829-3,CREC-2015-06-04,text_for_speaker,0,,1
CREC-2015-06-04-pt1-PgS3829-5,CREC-2015-06-04,text_for_speaker,0,,1
CREC-2015-06-04-pt1-PgS3829-4,CREC-2015-06-04,text_for_speaker,0,,1
CREC-2015-06-04-pt1-PgS3829-6,CREC-2015-06-04,text_for_speaker,0,,2
CREC-2015-06-04-pt1-PgS3829-7,CREC-2015-06-04,text_for_speaker,0,,1
CREC-2015-06-04-pt1-PgS3829-8,CREC-2015-06-04,text_for_speaker,0,,1
CREC-2015-06-04-pt1-PgS3829-9,CREC-2015-06-04,text_for_speaker,0,,1
CREC-2015-06-04-pt1-PgS3830,CREC-2015-06-04,text_for_speaker,0,,2
CREC-2015-06-04-pt1-PgS3831,CREC-2015-06-04,text_for_speaker,0,,1
CREC-2015-06-04-pt1-PgS3830-2,CREC-2015-06-04,text_for_speaker,0,,1
CREC-2015-06-04-pt1-PgS3832,CREC-2015-06-04,text_for_speaker,0,,1
CREC-2015-06-04-pt1-PgS3831-2,CREC-2015-06-04,text_for_speaker,0,,1
CREC-2015-06-04-pt1-PgS3832-2,CREC-2015-06-04,text_for_speaker,0,,1
CREC-2015-06-04-pt1-PgS3832-3,CREC-2015-06-04,text_for_speaker,0,,1
CREC-2015-06-04-pt1-PgS3839,CREC-2015-06-04,text_for_speaker,0,,1
CREC-2015-06-04-pt1-PgS3832-4,CREC-2015-06-04,text_for_speaker,0,,1
CREC-2015-06-04-pt1-PgS3839-2,CREC-2015-06-04,text_for_speaker,0,,1
CREC-2015-06-04-pt1-PgS3839-3,CREC-2015-06-04,text_for_speaker,0,,1
CREC-2015-06-04-pt1-PgS3840-3,CREC-2015-06-04,text_for_speaker,0,,1
CREC-2015-06-04-pt1-PgS3840-2,CREC-2015-06-04,text_for_speaker,0,,1
CREC-2015-06-04-pt1-PgS3840,CREC-2015-06-04,text_for_speaker,0,,1
CREC-2015-06-04-pt1-PgS3840-4,CREC-2015-06-04,text_for_speaker,0,,1
CREC-2015-06-04-pt1-PgS3841,CREC-2015-06-04,text_for_speaker,0,,1
CREC-2015-06-04-pt1-PgS3841-3,CREC-2015-06-04,text_for_speaker,0,,1
CREC-2015-06-04-pt1-PgS3841-2,CREC-2015-06-04,text_for_speaker,0,,1
CREC-2015-06-04-pt1-PgS3841-4,CREC-2015-06-04,text_for_speaker,0,,1
CREC-2015-06-04-pt1-PgS3842,CREC-2015-06-04,text_for_speaker,0,,1
CREC-2015-06-04-pt1-PgS3842-3,CREC-2015-06-04,text_for_speaker,0,,1
CREC-2015-06-04-pt1-PgS3842-2,CREC-2015-06-04,text_for_speaker,0,,1
CREC-2015-06-04-pt1-PgS3844-5,CREC-2015-06-04,text_for_speaker,0,,1
CREC-2015-06-04-pt1-PgS3847-2,CREC-2015-06-04,text_for_speaker,0,,1
CREC-2015-06-04-pt1-PgE842-3,CREC-2015-06-04,text_for_speaker,0,,1
CREC-2015-06-04-pt1-PgD647,CREC-2015-06-04,text_for_speaker,0,,1
CREC-2015-06-04-pt1-PgD648,CREC-2015-06-04,text_for_speaker,0,,1
CREC-2015-06-04-pt1-PgD649,CREC-2015-06-04,text_for_speaker,0,,1
CREC-2015-06-04-pt1-PgD651,CREC-2015-06-04,text_for_speaker,0,,1
CREC-2015-06-04-pt1-PgD651-3,CREC-2015-06-04,text_for_speaker,0,,1
CREC-2015-06-04-pt1-PgD651-2,CREC-2015-06-04,text_for_speaker,0,,1
CREC-2015-06-04-pt1-PgD651-4,CREC-2015-06-04,text_for_speaker,0,,1
CREC-2015-06-08-pt1-PgH3919-2,CREC-2015-06-08,text_for_speaker,0,,1
CREC-2015-06-08-pt1-PgH3919,CREC-2015-06-08,text_for_speaker,0,,1
CREC-2015-06-08-pt1-PgH-FrontMatter-3,CREC-2015-06-08,text_for_speaker,0,,1
CREC-2015-06-08-pt1-PgH3919-3,CREC-2015-06-08,text_for_speaker,0,,1
CREC-2015-06-08-pt1-PgH3919-6,CREC-2015-06-08,text_for_speaker,0,,1
CREC-2015-06-08-pt1-PgH3919-8,CREC-2015-06-08,text_for_speaker,0,,1
CREC-2015-06-08-pt1-PgH3921-2,CREC-2015-06-08,text_for_speaker,0,,1
CREC-2015-06-08-pt1-PgH3921-4,CREC-2015-06-08,text_for_speaker,0,,1
CREC-2015-06-08-pt1-PgH3921-5,CREC-2015-06-08,text_for_speaker,0,,1
CREC-2015-06-08-pt1-PgH3921-3,CREC-2015-06-08,text_for_speaker,0,,1
CREC-2015-06-08-pt1-PgH3921-6,CREC-2015-06-08,text_for_speaker,0,,1
CREC-2015-06-08-pt1-PgH3921-7,CREC-2015-06-08,text_for_speaker,0,,1
CREC-2015-06-08-pt1-PgH3921-8,CREC-2015-06-08,text_for_speaker,0,,1
CREC-2015-06-08-pt1-PgS3849-2,CREC-2015-06-08,text_for_speaker,0,,1
CREC-2015-06-08-pt1-PgS3849,CREC-2015-06-08,text_for_speaker,0,,1
CREC-2015-06-08-pt1-PgS-FrontMatter-8,CREC-2015-06-08,text_for_speaker,0,,1
CREC-2015-06-08-pt1-PgS3849-4,CREC-2015-06-08,text_for_speaker,0,,1
CREC-2015-06-08-pt1-PgS3849-3,CREC-2015-06-08,text_for_speaker,0,,1
CREC-2015-06-08-pt1-PgS3857-3,CREC-2015-06-08,text_for_speaker,0,,1
CREC-2015-06-08-pt1-PgS3857-4,CREC-2015-06-08,text_for_speaker,0,,1
CREC-2015-06-08-pt1-PgS3857-5,CREC-2015-06-08,text_for_speaker,0,,1
CREC-2015-06-08-pt1-PgS3857-6,CREC-2015-06-08,text_for_speaker,0,,1
CREC-2015-06-08-pt1-PgS3860,CREC-2015-06-08,text_for_speaker,0,,1
CREC-2015-06-08-pt1-PgS3858,CREC-2015-06-08,text_for_speaker,0,,1
CREC-2015-06-08-pt1-PgS3859,CREC-2015-06-08,text_for_speaker,0,,1
CREC-2015-06-08-pt1-PgS3861,CREC-2015-06-08,text_for_speaker,0,,1
CREC-2015-06-08-pt1-PgS3860-2,CREC-2015-06-08,text_for_speaker,0,,1
CREC-2015-06-08-pt1-PgS3861-2,CREC-2015-06-08,text_for_speaker,0,,1
CREC-2015-06-08-pt1-PgS3864,CREC-2015-06-08,text_for_speaker,0,,1
CREC-2015-06-08-pt1-PgS3864-2,CREC-2015-06-08,text_for_speaker,0,,1
CREC-2015-06-08-pt1-PgS3866-2,CREC-2015-06-08,text_for_speaker,0,,1
CREC-2015-06-08-pt1-PgS3866,CREC-2015-06-08,text_for_speaker,0,,1
CREC-2015-06-08-pt1-PgS3866-3,CREC-2015-06-08,text_for_speaker,0,,1
CREC-2015-06-08-pt1-PgS3866-4,CREC-2015-06-08,text_for_speaker,0,,1
CREC-2015-06-08-pt1-PgS3866-5,CREC-2015-06-08,text_for_speaker,0,,1
CREC-2015-06-08-pt1-PgS3868,CREC-2015-06-08,text_for_speaker,0,,1
CREC-2015-06-08-pt1-PgS3866-6,CREC-2015-06-08,text_for_speaker,0,,1
CREC-2015-06-08-pt1-PgS3868-4,CREC-2015-06-08,text_for_speaker,0,,1
CREC-2015-06-08-pt1-PgS3868-2,CREC-2015-06-08,text_for_speaker,0,,1
CREC-2015-06-08-pt1-PgS3868-5,CREC-2015-06-08,text_for_speaker,0,,1
CREC-2015-06-08-pt1-PgS3868-3,CREC-2015-06-08,text_for_speaker,0,,1
CREC-2015-06-08-pt1-PgS3868-6,CREC-2015-06-08,text_for_speaker,0,,1
CREC-2015-06-08-pt1-PgS3869,CREC-2015-06-08,text_for_speaker,0,,1
CREC-2015-06-08-pt1-PgS3869-2,CREC-2015-06-08,text_for_speaker,0,,1
CREC-2015-06-08-pt1-PgS3869-3,CREC-2015-06-08,text_for_speaker,0,,1
CREC-2015-06-08-pt1-PgS3870-3,CREC-2015-06-08,text_for_speaker,0,,2
CREC-2015-06-08-pt1-PgS3870,CREC-2015-06-08,text_for_speaker,0,,1
CREC-2015-06-08-pt1-PgS3870-2,CREC-2015-06-08,text_for_speaker,0,,2
CREC-2015-06-08-pt1-PgS3870-4,CREC-2015-06-08,text_for_speaker,0,,1
CREC-2015-06-08-pt1-PgS3871-2,CREC-2015-06-08,text_for_speaker,0,,1
CREC-2015-06-08-pt1-PgS3871,CREC-2015-06-08,text_for_speaker,0,,1
CREC-2015-06-08-pt1-PgS3871-4,CREC-2015-06-08,text_for_speaker,0,,1
CREC-2015-06-08-pt1-PgS3871-3,CREC-2015-06-08,text_for_speaker,0,,1
CREC-2015-06-08-pt1-PgS3871-5,CREC-2015-06-08,text_for_speaker,0,,1
CREC-2015-06-08-pt1-PgS3872,CREC-2015-06-08,text_for_speaker,0,,1
CREC-2015-06-08-pt1-PgS3872-2,CREC-2015-06-08,text_for_speaker,0,,1
CREC-2015-06-08-pt1-PgS3873,CREC-2015-06-08,text_for_speaker,0,,1
CREC-2015-06-08-pt1-PgS3873-2,CREC-2015-06-08,text_for_speaker,0,,1
CREC-2015-06-08-pt1-PgS3874,CREC-2015-06-08,text_for_speaker,0,,1
CREC-2015-06-08-pt1-PgS3873-3,CREC-2015-06-08,text_for_speaker,0,,1
CREC-2015-06-08-pt1-PgS3874-3,CREC-2015-06-08,text_for_speaker,0,,1
CREC-2015-06-08-pt1-PgS3874-2,CREC-2015-06-08,text_for_speaker,0,,1
CREC-2015-06-08-pt1-PgS3876,CREC-2015-06-08,text_for_speaker,0,,1
CREC-2015-06-08-pt1-PgS3876-3,CREC-2015-06-08,text_for_speaker,0,,1
CREC-2015-06-08-pt1-PgS3876-2,CREC-2015-06-08,text_for_speaker,0,,2
CREC-2015-06-08-pt1-PgS3876-4,CREC-2015-06-08,text_for_speaker,0,,1
CREC-2015-06-08-pt1-PgS3876-7,CREC-2015-06-08,text_for_speaker,0,,1
CREC-2015-06-08-pt1-PgS3876-5,CREC-2015-06-08,text_for_speaker,0,,1
CREC-2015-06-08-pt1-PgS3876-6,CREC-2015-06-08,text_for_speaker,0,,1
CREC-2015-06-08-pt1-PgS3877,CREC-2015-06-08,text_for_speaker,0,,1
CREC-2015-06-08-pt1-PgS3877-2,CREC-2015-06-08,text_for_speaker,0,,1
CREC-2015-06-08-pt1-PgS3877-3,CREC-2015-06-08,text_for_speaker,0,,1
CREC-2015-06-08-pt1-PgS3878-2,CREC-2015-06-08,text_for_speaker,0,,1
CREC-2015-06-08-pt1-PgS3877-4,CREC-2015-06-08,text_for_speaker,0,,1
CREC-2015-06-08-pt1-PgS3878,CREC-2015-06-08,text_for_speaker,0,,1
CREC-2015-06-08-pt1-PgS3878-4,CREC-2015-06-08,text_for_speaker,0,,1
CREC-2015-06-08-pt1-PgS3878-5,CREC-2015-06-08,text_for_speaker,0,,1
CREC-2015-06-08-pt1-PgS3878-3,CREC-2015-06-08,text_for_speaker,0,,1
CREC-2015-06-08-pt1-PgS3878-6,CREC-2015-06-08,text_for_speaker,0,,1
CREC-2015-06-08-pt1-PgS3879-2,CREC-2015-06-08,text_for_speaker,0,,1
CREC-2015-06-08-pt1-PgS3879,CREC-2015-06-08,text_for_speaker,0,,1
CREC-2015-06-08-pt1-PgS3879-3,CREC-2015-06-08,text_for_speaker,0,,1
CREC-2015-06-08-pt1-PgS3880,CREC-2015-06-08,text_for_speaker,0,,1
CREC-2015-06-08-pt1-PgS3879-4,CREC-2015-06-08,text_for_speaker,0,,1
CREC-2015-06-08-pt1-PgS3881-2,CREC-2015-06-08,text_for_speaker,0,,1
CREC-2015-06-08-pt1-PgS3881,CREC-2015-06-08,text_for_speaker,0,,1
CREC-2015-06-08-pt1-PgS3881-3,CREC-2015-06-08,text_for_speaker,0,,1
CREC-2015-06-08-pt1-PgS3881-4,CREC-2015-06-08,text_for_speaker,0,,1
CREC-2015-06-08-pt1-PgS3882,CREC-2015-06-08,text_for_speaker,0,,1
CREC-2015-06-08-pt1-PgS3882-2,CREC-2015-06-08,text_for_speaker,0,,1
CREC-2015-06-08-pt1-PgS3882-5,CREC-2015-06-08,text_for_speaker,0,,1
CREC-2015-06-08-pt1-PgS3882-3,CREC-2015-06-08,text_for_speaker,0,,1
CREC-2015-06-08-pt1-PgS3882-4,CREC-2015-06-08,text_for_speaker,0,,1
CREC-2015-06-08-pt1-PgS3883,CREC-2015-06-08,text_for_speaker,0,,1
CREC-2015-06-08-pt1-PgS3883-2,CREC-2015-06-08,text_for_speaker,0,,1
CREC-2015-06-08-pt1-PgS3882-6,CREC-2015-06-08,text_for_speaker,0,,1
CREC-2015-06-08-pt1-PgS3883-4,CREC-2015-06-08,text_for_speaker,0,,1
CREC-2015-06-08-pt1-PgS3883-5,CREC-2015-06-08,text_for_speaker,0,,1
CREC-2015-06-08-pt1-PgS3883-3,CREC-2015-06-08,text_for_speaker,0,,1
CREC-2015-06-08-pt1-PgS3884-3,CREC-2015-06-08,text_for_speaker,0,,1
CREC-2015-06-08-pt1-PgS3884,CREC-2015-06-08,text_for_speaker,0,,1
CREC-2015-06-08-pt1-PgS3884-2,CREC-2015-06-08,text_for_speaker,0,,1
CREC-2015-06-08-pt1-PgS3884-4,CREC-2015-06-08,text_for_speaker,0,,1
CREC-2015-06-08-pt1-PgS3884-5,CREC-2015-06-08,text_for_speaker,0,,1
CREC-2015-06-08-pt1-PgS3884-7,CREC-2015-06-08,text_for_speaker,0,,1
CREC-2015-06-08-pt1-PgS3884-6,CREC-2015-06-08,text_for_speaker,0,,1
CREC-2015-06-08-pt1-PgS3887-2,CREC-2015-06-08,text_for_speaker,0,,1
CREC-2015-06-08-pt1-PgS3887-3,CREC-2015-06-08,text_for_speaker,0,,1
CREC-2015-06-08-pt1-PgE851-3,CREC-2015-06-08,text_for_speaker,0,,1
CREC-2015-06-08-pt1-PgD654,CREC-2015-06-08,text_for_speaker,0,,1
CREC-2015-06-08-pt1-PgD655-2,CREC-2015-06-08,text_for_speaker,0,,1
CREC-2015-06-08-pt1-PgD655,CREC-2015-06-08,text_for_speaker,0,,1
CREC-2015-06-08-pt1-PgD655-3,CREC-2015-06-08,text_for_speaker,0,,1
CREC-2015-06-08-pt1-PgD655-4,CREC-2015-06-08,text_for_speaker,0,,1
CREC-2015-06-08-pt1-PgD661,CREC-2015-06-08,text_for_speaker,0,,1
CREC-2015-06-09-pt1-PgH-FrontMatter,CREC-2015-06-09,text_for_speaker,0,,1
CREC-2015-06-09-pt1-PgH3923,CREC-2015-06-09,text_for_speaker,0,,1
CREC-2015-06-09-pt1-PgH3923-2,CREC-2015-06-09,text_for_speaker,0,,1
CREC-2015-06-09-pt1-PgH3925-3,CREC-2015-06-09,text_for_speaker,0,,1
CREC-2015-06-09-pt1-PgH3925-2,CREC-2015-06-09,text_for_speaker,0,,1
CREC-2015-06-09-pt1-PgH3926-6,CREC-2015-06-09,text_for_speaker,0,,1
CREC-2015-06-09-pt1-PgH3963-2,CREC-2015-06-09,text_for_speaker,0,,1
CREC-2015-06-09-pt1-PgH3964,CREC-2015-06-09,text_for_speaker,0,,1
CREC-2015-06-09-pt1-PgH3971,CREC-2015-06-09,text_for_speaker,0,,1
CREC-2015-06-09-pt1-PgH3999-4,CREC-2015-06-09,text_for_speaker,0,,1
CREC-2015-06-09-pt1-PgH3999-7,CREC-2015-06-09,text_for_speaker,0,,1
CREC-2015-06-09-pt1-PgH3999-6,CREC-2015-06-09,text_for_speaker,0,,1
CREC-2015-06-09-pt1-PgH4001-2,CREC-2015-06-09,text_for_speaker,0,,1
CREC-2015-06-09-pt1-PgH4001,CREC-2015-06-09,text_for_speaker,0,,1
CREC-2015-06-09-pt1-PgH4002,CREC-2015-06-09,text_for_speaker,0,,1
CREC-2015-06-09-pt1-PgH4002-2,CREC-2015-06-09,text_for_speaker,0,,1
CREC-2015-06-09-pt1-PgH4002-3,CREC-2015-06-09,text_for_speaker,0,,1
CREC-2015-06-09-pt1-PgH4002-4,CREC-2015-06-09,text_for_speaker,0,,1
CREC-2015-06-09-pt1-PgH4002-5,CREC-2015-06-09,text_for_speaker,0,,1
CREC-2015-06-09-pt1-PgH4002-6,CREC-2015-06-09,text_for_speaker,0,,1
CREC-2015-06-09-pt1-PgH4002-7,CREC-2015-06-09,text_for_speaker,0,,1
CREC-2015-06-09-pt1-PgH4002-8,CREC-2015-06-09,text_for_speaker,0,,1
CREC-2015-06-09-pt1-PgH4002-9,CREC-2015-06-09,text_for_speaker,0,,1
CREC-2015-06-09-pt1-PgH4002-10,CREC-2015-06-09,text_for_speaker,0,,1
CREC-2015-06-09-pt1-PgH4002-12,CREC-2015-06-09,text_for_speaker,0,,1
CREC-2015-06-09-pt1-PgH4002-11,CREC-2015-06-09,text_for_speaker,0,,1
CREC-2015-06-09-pt1-PgH4002-13,CREC-2015-06-09,text_for_speaker,0,,1
CREC-2015-06-09-pt1-PgH4002-14,CREC-2015-06-09,text_for_speaker,0,,1
CREC-2015-06-09-pt1-PgH4002-15,CREC-2015-06-09,text_for_speaker,0,,1
CREC-2015-06-09-pt1-PgH4002-16,CREC-2015-06-09,text_for_speaker,0,,1
CREC-2015-06-09-pt1-PgH4002-17,CREC-2015-06-09,text_for_speaker,0,,1
CREC-2015-06-09-pt1-PgH4002-18,CREC-2015-06-09,text_for_speaker,0,,1
CREC-2015-06-09-pt1-PgH4002-20,CREC-2015-06-09,text_for_speaker,0,,1
CREC-2015-06-09-pt1-PgH4002-19,CREC-2015-06-09,text_for_speaker,0,,1
CREC-2015-06-09-pt1-PgH4002-21,CREC-2015-06-09,text_for_speaker,0,,1
CREC-2015-06-09-pt1-PgH4002-22,CREC-2015-06-09,text_for_speaker,0,,1
CREC-2015-06-09-pt1-PgH4004,CREC-2015-06-09,text_for_speaker,0,,1
CREC-2015-06-09-pt1-PgH4002-23,CREC-2015-06-09,text_for_speaker,0,,1
CREC-2015-06-09-pt1-PgH4004-2,CREC-2015-06-09,text_for_speaker,0,,1
CREC-2015-06-09-pt1-PgH4004-4,CREC-2015-06-09,text_for_speaker,0,,1
CREC-2015-06-09-pt1-PgH4004-5,CREC-2015-06-09,text_for_speaker,0,,1
CREC-2015-06-09-pt1-PgH4004-3,CREC-2015-06-09,text_for_speaker,0,,1
CREC-2015-06-09-pt1-PgH4004-6,CREC-2015-06-09,text_for_speaker,0,,1
CREC-2015-06-09-pt1-PgH4004-7,CREC-2015-06-09,text_for_speaker,0,,1
CREC-2015-06-09-pt1-PgH4004-8,CREC-2015-06-09,text_for_speaker,0,,1
CREC-2015-06-09-pt1-PgH4004-9,CREC-2015-06-09,text_for_speaker,0,,1
CREC-2015-06-09-pt1-PgH4004-10,CREC-2015-06-09,text_for_speaker,0,,1
CREC-2015-06-09-pt1-PgH4004-11,CREC-2015-06-09,text_for_speaker,0,,1
CREC-2015-06-09-pt1-PgH4004-12,CREC-2015-06-09,text_for_speaker,0,,1
CREC-2015-06-09-pt1-PgH4004-13,CREC-2015-06-09,text_for_speaker,0,,1
CREC-2015-06-09-pt1-PgH4004-14,CREC-2015-06-09,text_for_speaker,0,,1
CREC-2015-06-09-pt1-PgH4004-15,CREC-2015-06-09,text_for_speaker,0,,1
CREC-2015-06-09-pt1-PgH4005,CREC-2015-06-09,text_for_speaker,0,,1
CREC-2015-06-09-pt1-PgH4005-2,CREC-2015-06-09,text_for_speaker,0,,1
CREC-2015-06-09-pt1-PgH4005-3,CREC-2015-06-09,text_for_speaker,0,,1
CREC-2015-06-09-pt1-PgS3889,CREC-2015-06-09,text_for_speaker,0,,1
CREC-2015-06-09-pt1-PgS3889-2,CREC-2015-06-09,text_for_speaker,0,,1
CREC-2015-06-09-pt1-PgS-FrontMatter-3,CREC-2015-06-09,text_for_speaker,0,,1
CREC-2015-06-09-pt1-PgS3889-6,CREC-2015-06-09,text_for_speaker,0,,1
CREC-2015-06-09-pt1-PgS3890,CREC-2015-06-09,text_for_speaker,0,,1
CREC-2015-06-09-pt1-PgS3925,CREC-2015-06-09,text_for_speaker,0,,1
CREC-2015-06-09-pt1-PgS3925-2,CREC-2015-06-09,text_for_speaker,0,,1
CREC-2015-06-09-pt1-PgS3925-4,CREC-2015-06-09,text_for_speaker,0,,1
CREC-2015-06-09-pt1-PgS3925-3,CREC-2015-06-09,text_for_speaker,0,,1
CREC-2015-06-09-pt1-PgS3932,CREC-2015-06-09,text_for_speaker,0,,1
CREC-2015-06-09-pt1-PgS3932-2,CREC-2015-06-09,text_for_speaker,0,,1
CREC-2015-06-09-pt1-PgS3932-3,CREC-2015-06-09,text_for_speaker,0,,1
CREC-2015-06-09-pt1-PgS3933,CREC-2015-06-09,text_for_speaker,0,,1
CREC-2015-06-09-pt1-PgS3935-2,CREC-2015-06-09,text_for_speaker,0,,1
CREC-2015-06-09-pt1-PgS3935-3,CREC-2015-06-09,text_for_speaker,0,,1
CREC-2015-06-09-pt1-PgS3935,CREC-2015-06-09,text_for_speaker,0,,1
CREC-2015-06-09-pt1-PgS3935-4,CREC-2015-06-09,text_for_speaker,0,,1
CREC-2015-06-09-pt1-PgS3936,CREC-2015-06-09,text_for_speaker,0,,1
CREC-2015-06-09-pt1-PgS3936-3,CREC-2015-06-09,text_for_speaker,0,,1
CREC-2015-06-09-pt1-PgS3936-2,CREC-2015-06-09,text_for_speaker,0,,1
CREC-2015-06-09-pt1-PgS3937,CREC-2015-06-09,text_for_speaker,0,,1
CREC-2015-06-09-pt1-PgS3937-2,CREC-2015-06-09,text_for_speaker,0,,1
CREC-2015-06-09-pt1-PgS3937-3,CREC-2015-06-09,text_for_speaker,0,,1
CREC-2015-06-09-pt1-PgS3937-4,CREC-2015-06-09,text_for_speaker,0,,1
CREC-2015-06-09-pt1-PgS3937-5,CREC-2015-06-09,text_for_speaker,0,,1
CREC-2015-06-09-pt1-PgS3937-6,CREC-2015-06-09,text_for_speaker,0,,1
CREC-2015-06-09-pt1-PgS3937-7,CREC-2015-06-09,text_for_speaker,0,,1
CREC-2015-06-09-pt1-PgS3937-8,CREC-2015-06-09,text_for_speaker,0,,2
CREC-2015-06-09-pt1-PgS3938,CREC-2015-06-09,text_for_speaker,0,,1
CREC-2015-06-09-pt1-PgS3938-2,CREC-2015-06-09,text_for_speaker,0,,1
CREC-2015-06-09-pt1-PgS3938-3,CREC-2015-06-09,text_for_speaker,0,,2
CREC-2015-06-09-pt1-PgS3938-4,CREC-2015-06-09,text_for_speaker,0,,2
CREC-2015-06-09-pt1-PgS3938-5,CREC-2015-06-09,text_for_speaker,0,,1
CREC-2015-06-09-pt1-PgS3939,CREC-2015-06-09,text_for_speaker,0,,1
CREC-2015-06-09-pt1-PgS3939-2,CREC-2015-06-09,text_for_speaker,0,,1
CREC-2015-06-09-pt1-PgS3939-3,CREC-2015-06-09,text_for_speaker,0,,1
CREC-2015-06-09-pt1-PgS3940,CREC-2015-06-09,text_for_speaker,0,,1
CREC-2015-06-09-pt1-PgS3940-2,CREC-2015-06-09,text_for_speaker,0,,1
CREC-2015-06-09-pt1-PgS3941,CREC-2015-06-09,text_for_speaker,0,,1
CREC-2015-06-09-pt1-PgS3940-3,CREC-2015-06-09,text_for_speaker,0,,1
CREC-2015-06-09-pt1-PgS3941-2,CREC-2015-06-09,text_for_speaker,0,,1
CREC-2015-06-09-pt1-PgS3941-4,CREC-2015-06-09,text_for_speaker,0,,1
CREC-2015-06-09-pt1-PgS3941-3,CREC-2015-06-09,text_for_speaker,0,,1
CREC-2015-06-09-pt1-PgS3941-5,CREC-2015-06-09,text_for_speaker,0,,2
CREC-2015-06-09-pt1-PgS3942,CREC-2015-06-09,text_for_speaker,0,,1
CREC-2015-06-09-pt1-PgS3942-2,CREC-2015-06-09,text_for_speaker,0,,1
CREC-2015-06-09-pt1-PgS3941-6,CREC-2015-06-09,text_for_speaker,0,,1
CREC-2015-06-09-pt1-PgS3943-2,CREC-2015-06-09,text_for_speaker,0,,1
CREC-2015-06-09-pt1-PgS3944,CREC-2015-06-09,text_for_speaker,0,,1
CREC-2015-06-09-pt1-PgS3943,CREC-2015-06-09,text_for_speaker,0,,1
CREC-2015-06-09-pt1-PgS3944-2,CREC-2015-06-09,text_for_speaker,0,,1
CREC-2015-06-09-pt1-PgS3944-3,CREC-2015-06-09,text_for_speaker,0,,1
CREC-2015-06-09-pt1-PgS3944-4,CREC-2015-06-09,text_for_speaker,0,,1
CREC-2015-06-09-pt1-PgS3944-6,CREC-2015-06-09,text_for_speaker,0,,1
CREC-2015-06-09-pt1-PgS3944-5,CREC-2015-06-09,text_for_speaker,0,,1
CREC-2015-06-09-pt1-PgS3945,CREC-2015-06-09,text_for_speaker,0,,2
CREC-2015-06-09-pt1-PgS3945-2,CREC-2015-06-09,text_for_speaker,0,,1
CREC-2015-06-09-pt1-PgS3945-3,CREC-2015-06-09,text_for_speaker,0,,1
CREC-2015-06-09-pt1-PgS3945-4,CREC-2015-06-09,text_for_speaker,0,,1
CREC-2015-06-09-pt1-PgS3947,CREC-2015-06-09,text_for_speaker,0,,1
CREC-2015-06-09-pt1-PgS3946,CREC-2015-06-09,text_for_speaker,0,,1
CREC-2015-06-09-pt1-PgS3947-2,CREC-2015-06-09,text_for_speaker,0,,2
CREC-2015-06-09-pt1-PgS3947-4,CREC-2015-06-09,text_for_speaker,0,,1
CREC-2015-06-09-pt1-PgS3947-3,CREC-2015-06-09,text_for_speaker,0,,1
CREC-2015-06-09-pt1-PgS3949,CREC-2015-06-09,text_for_speaker,0,,1
CREC-2015-06-09-pt1-PgS3956,CREC-2015-06-09,text_for_speaker,0,,1
CREC-2015-06-09-pt1-PgS3951,CREC-2015-06-09,text_for_speaker,0,,1
CREC-2015-06-09-pt1-PgS3956-2,CREC-2015-06-09,text_for_speaker,0,,1
CREC-2015-06-09-pt1-PgS3957-2,CREC-2015-06-09,text_for_speaker,0,,1
CREC-2015-06-09-pt1-PgS3957,CREC-2015-06-09,text_for_speaker,0,,1
CREC-2015-06-09-pt1-PgS3957-3,CREC-2015-06-09,text_for_speaker,0,,1
CREC-2015-06-09-pt1-PgS3957-4,CREC-2015-06-09,text_for_speaker,0,,1
CREC-2015-06-09-pt1-PgS3958-2,CREC-2015-06-09,text_for_speaker,0,,1
CREC-2015-06-09-pt1-PgS3958,CREC-2015-06-09,text_for_speaker,0,,1
CREC-2015-06-09-pt1-PgS3958-3,CREC-2015-06-09,text_for_speaker,0,,1
CREC-2015-06-09-pt1-PgS3958-4,CREC-2015-06-09,text_for_speaker,0,,1
CREC-2015-06-09-pt1-PgS3958-5,CREC-2015-06-09,text_for_speaker,0,,2
CREC-2015-06-09-pt1-PgS3958-6,CREC-2015-06-09,text_for_speaker,0,,1
CREC-2015-06-09-pt1-PgS3958-7,CREC-2015-06-09,text_for_speaker,0,,1
CREC-2015-06-09-pt1-PgS3959,CREC-2015-06-09,text_for_speaker,0,,1
CREC-2015-06-09-pt1-PgS3959-2,CREC-2015-06-09,text_for_speaker,0,,1
CREC-2015-06-09-pt1-PgS3959-3,CREC-2015-06-09,text_for_speaker,0,,1
CREC-2015-06-09-pt1-PgS3959-4,CREC-2015-06-09,text_for_speaker,0,,1
CREC-2015-06-09-pt1-PgS3960,CREC-2015-06-09,text_for_speaker,0,,1
CREC-2015-06-09-pt1-PgS3960-3,CREC-2015-06-09,text_for_speaker,0,,1
CREC-2015-06-09-pt1-PgS3960-2,CREC-2015-06-09,text_for_speaker,0,,1
CREC-2015-06-09-pt1-PgS3961,CREC-2015-06-09,text_for_speaker,0,,1
CREC-2015-06-09-pt1-PgS3961-2,CREC-2015-06-09,text_for_speaker,0,,1
CREC-2015-06-09-pt1-PgS3961-3,CREC-2015-06-09,text_for_speaker,0,,1
CREC-2015-06-09-pt1-PgS3963,CREC-2015-06-09,text_for_speaker,0,,1
CREC-2015-06-09-pt1-PgS3963-2,CREC-2015-06-09,text_for_speaker,0,,1
CREC-2015-06-09-pt1-PgS3964,CREC-2015-06-09,text_for_speaker,0,,1
CREC-2015-06-09-pt1-PgS3963-3,CREC-2015-06-09,text_for_speaker,0,,1
CREC-2015-06-09-pt1-PgS3964-2,CREC-2015-06-09,text_for_speaker,0,,1
CREC-2015-06-09-pt1-PgS3964-4,CREC-2015-06-09,text_for_speaker,0,,1
CREC-2015-06-09-pt1-PgS3964-3,CREC-2015-06-09,text_for_speaker,0,,1
CREC-2015-06-09-pt1-PgS3965,CREC-2015-06-09,text_for_speaker,0,,1
CREC-2015-06-09-pt1-PgS3965-3,CREC-2015-06-09,text_for_speaker,0,,1
CREC-2015-06-09-pt1-PgS3965-2,CREC-2015-06-09,text_for_speaker,0,,2
CREC-2015-06-09-pt1-PgS3965-4,CREC-2015-06-09,text_for_speaker,0,,1
CREC-2015-06-09-pt1-PgS3966-2,CREC-2015-06-09,text_for_speaker,0,,1
CREC-2015-06-09-pt1-PgS3966,CREC-2015-06-09,text_for_speaker,0,,1
CREC-2015-06-09-pt1-PgS3966-3,CREC-2015-06-09,text_for_speaker,0,,1
CREC-2015-06-09-pt1-PgS3966-4,CREC-2015-06-09,text_for_speaker,0,,1
CREC-2015-06-09-pt1-PgS3967,CREC-2015-06-09,text_for_speaker,0,,1
CREC-2015-06-09-pt1-PgS3967-2,CREC-2015-06-09,text_for_speaker,0,,1
CREC-2015-06-09-pt1-PgS3967-3,CREC-2015-06-09,text_for_speaker,0,,1
CREC-2015-06-09-pt1-PgS3968-2,CREC-2015-06-09,text_for_speaker,0,,1
CREC-2015-06-09-pt1-PgS3967-4,CREC-2015-06-09,text_for_speaker,0,,1
CREC-2015-06-09-pt1-PgS3968,CREC-2015-06-09,text_for_speaker,0,,1
CREC-2015-06-09-pt1-PgS3969,CREC-2015-06-09,text_for_speaker,0,,1
CREC-2015-06-09-pt1-PgS3968-3,CREC-2015-06-09,text_for_speaker,0,,1
CREC-2015-06-09-pt1-PgS3969-2,CREC-2015-06-09,text_for_speaker,0,,1
CREC-2015-06-09-pt1-PgS3970,CREC-2015-06-09,text_for_speaker,0,,1
CREC-2015-06-09-pt1-PgS3970-2,CREC-2015-06-09,text_for_speaker,0,,1
CREC-2015-06-09-pt1-PgS3971,CREC-2015-06-09,text_for_speaker,0,,1
CREC-2015-06-09-pt1-PgS3973,CREC-2015-06-09,text_for_speaker,0,,1
CREC-2015-06-09-pt1-PgS3974,CREC-2015-06-09,text_for_speaker,0,,1
CREC-2015-06-09-pt1-PgS3975,CREC-2015-06-09,text_for_speaker,0,,1
CREC-2015-06-09-pt1-PgS3976-3,CREC-2015-06-09,text_for_speaker,0,,1
CREC-2015-06-09-pt1-PgE853-2,CREC-2015-06-09,text_for_speaker,0,,1
CREC-2015-06-09-pt1-PgE853-4,CREC-2015-06-09,text_for_speaker,0,,1
CREC-2015-06-09-pt1-PgD664,CREC-2015-06-09,text_for_speaker,0,,1
CREC-2015-06-09-pt1-PgD666,CREC-2015-06-09,text_for_speaker,0,,1
CREC-2015-06-09-pt1-PgD668,CREC-2015-06-09,text_for_speaker,0,,1
CREC-2015-06-09-pt1-PgD671,CREC-2015-06-09,text_for_speaker,0,,1
CREC-2015-06-09-pt1-PgD672,CREC-2015-06-09,text_for_speaker,0,,1
CREC-2015-06-09-pt1-PgD673,CREC-2015-06-09,text_for_speaker,0,,1
CREC-2015-06-10-pt1-PgH4007,CREC-2015-06-10,text_for_speaker,0,,1
CREC-2015-06-10-pt1-PgH4007-2,CREC-2015-06-10,text_for_speaker,0,,1
CREC-2015-06-10-pt1-PgH-FrontMatter-3,CREC-2015-06-10,text_for_speaker,0,,1
CREC-2015-06-10-pt1-PgH4015-2,CREC-2015-06-10,text_for_speaker,0,,1
CREC-2015-06-10-pt1-PgH4015-3,CREC-2015-06-10,text_for_speaker,0,,1
CREC-2015-06-10-pt1-PgH4032,CREC-2015-06-10,text_for_speaker,0,,1
CREC-2015-06-10-pt1-PgH4032-2,CREC-2015-06-10,text_for_speaker,0,,1
CREC-2015-06-10-pt1-PgH4039,CREC-2015-06-10,text_for_speaker,0,,1
CREC-2015-06-10-pt1-PgH4039-2,CREC-2015-06-10,text_for_speaker,0,,1
CREC-2015-06-10-pt1-PgH4127,CREC-2015-06-10,text_for_speaker,0,,1
CREC-2015-06-10-pt1-PgH4133-2,CREC-2015-06-10,text_for_speaker,0,,1
CREC-2015-06-10-pt1-PgH4133-4,CREC-2015-06-10,text_for_speaker,0,,1
CREC-2015-06-10-pt1-PgH4136,CREC-2015-06-10,text_for_speaker,0,,1
CREC-2015-06-10-pt1-PgH4135,CREC-2015-06-10,text_for_speaker,0,,1
CREC-2015-06-10-pt1-PgH4136-2,CREC-2015-06-10,text_for_speaker,0,,1
CREC-2015-06-10-pt1-PgH4136-3,CREC-2015-06-10,text_for_speaker,0,,1
CREC-2015-06-10-pt1-PgH4136-4,CREC-2015-06-10,text_for_speaker,0,,1
CREC-2015-06-10-pt1-PgH4136-5,CREC-2015-06-10,text_for_speaker,0,,1
CREC-2015-06-10-pt1-PgH4136-6,CREC-2015-06-10,text_for_speaker,0,,1
CREC-2015-06-10-pt1-PgH4136-7,CREC-2015-06-10,text_for_speaker,0,,1
CREC-2015-06-10-pt1-PgH4137,CREC-2015-06-10,text_for_speaker,0,,1
CREC-2015-06-10-pt1-PgH4137-2,CREC-2015-06-10,text_for_speaker,0,,1
CREC-2015-06-10-pt1-PgH4137-3,CREC-2015-06-10,text_for_speaker,0,,1
CREC-2015-06-10-pt1-PgH4137-4,CREC-2015-06-10,text_for_speaker,0,,1
CREC-2015-06-10-pt1-PgH4137-7,CREC-2015-06-10,text_for_speaker,0,,1
CREC-2015-06-10-pt1-PgH4137-5,CREC-2015-06-10,text_for_speaker,0,,1
CREC-2015-06-10-pt1-PgH4137-6,CREC-2015-06-10,text_for_speaker,0,,1
CREC-2015-06-10-pt1-PgH4137-9,CREC-2015-06-10,text_for_speaker,0,,1
CREC-2015-06-10-pt1-PgH4137-8,CREC-2015-06-10,text_for_speaker,0,,1
CREC-2015-06-10-pt1-PgH4137-10,CREC-2015-06-10,text_for_speaker,0,,1
CREC-2015-06-10-pt1-PgH4137-11,CREC-2015-06-10,text_for_speaker,0,,1
CREC-2015-06-10-pt1-PgH4137-12,CREC-2015-06-10,text_for_speaker,0,,1
CREC-2015-06-10-pt1-PgH4137-13,CREC-2015-06-10,text_for_speaker,0,,1
CREC-2015-06-10-pt1-PgH4137-14,CREC-2015-06-10,text_for_speaker,0,,1
CREC-2015-06-10-pt1-PgH4137-15,CREC-2015-06-10,text_for_speaker,0,,1
CREC-2015-06-10-pt1-PgH4139,CREC-2015-06-10,text_for_speaker,0,,1
CREC-2015-06-10-pt1-PgH4160,CREC-2015-06-10,text_for_speaker,0,,1
CREC-2015-06-10-pt1-PgH4139-2,CREC-2015-06-10,text_for_speaker,0,,1
CREC-2015-06-10-pt1-PgH4160-2,CREC-2015-06-10,text_for_speaker,0,,1
CREC-2015-06-10-pt1-PgH4160-3,CREC-2015-06-10,text_for_speaker,0,,1
CREC-2015-06-10-pt1-PgH4161-2,CREC-2015-06-10,text_for_speaker,0,,1
CREC-2015-06-10-pt1-PgH4161,CREC-2015-06-10,text_for_speaker,0,,1
CREC-2015-06-10-pt1-PgH4161-3,CREC-2015-06-10,text_for_speaker,0,,1
CREC-2015-06-10-pt1-PgH4161-4,CREC-2015-06-10,text_for_speaker,0,,1
CREC-2015-06-10-pt1-PgH4161-5,CREC-2015-06-10,text_for_speaker,0,,1
CREC-2015-06-10-pt1-PgH4161-6,CREC-2015-06-10,text_for_speaker,0,,1
CREC-2015-06-10-pt1-PgH4161-8,CREC-2015-06-10,text_for_speaker,0,,1
CREC-2015-06-10-pt1-PgH4161-7,CREC-2015-06-10,text_for_speaker,0,,1
CREC-2015-06-10-pt1-PgH4161-9,CREC-2015-06-10,text_for_speaker,0,,1
CREC-2015-06-10-pt1-PgH4161-10,CREC-2015-06-10,text_for_speaker,0,,1
CREC-2015-06-10-pt1-PgH4161-11,CREC-2015-06-10,text_for_speaker,0,,1
CREC-2015-06-10-pt1-PgH4161-12,CREC-2015-06-10,text_for_speaker,0,,1
CREC-2015-06-10-pt1-PgH4161-14,CREC-2015-06-10,text_for_speaker,0,,1
CREC-2015-06-10-pt1-PgH4161-13,CREC-2015-06-10,text_for_speaker,0,,1
CREC-2015-06-10-pt1-PgH4161-15,CREC-2015-06-10,text_for_speaker,0,,1
CREC-2015-06-10-pt1-PgH4161-16,CREC-2015-06-10,text_for_speaker,0,,1
CREC-2015-06-10-pt1-PgH4161-18,CREC-2015-06-10,text_for_speaker,0,,1
CREC-2015-06-10-pt1-PgH4161-17,CREC-2015-06-10,text_for_speaker,0,,1
CREC-2015-06-10-pt1-PgH4161-19,CREC-2015-06-10,text_for_speaker,0,,2
CREC-2015-06-10-pt1-PgH4161-20,CREC-2015-06-10,text_for_speaker,0,,2
CREC-2015-06-10-pt1-PgH4161-22,CREC-2015-06-10,text_for_speaker,0,,1
CREC-2015-06-10-pt1-PgH4161-21,CREC-2015-06-10,text_for_speaker,0,,1
CREC-2015-06-10-pt1-PgS-FrontMatter-22,CREC-2015-06-10,text_for_speaker,0,,1
CREC-2015-06-10-pt1-PgS3977-2,CREC-2015-06-10,text_for_speaker,0,,1
CREC-2015-06-10-pt1-PgS3977,CREC-2015-06-10,text_for_speaker,0,,1
CREC-2015-06-10-pt1-PgS3977-3,CREC-2015-06-10,text_for_speaker,0,,1
CREC-2015-06-10-pt1-PgS3977-4,CREC-2015-06-10,text_for_speaker,0,,1
CREC-2015-06-10-pt1-PgS3977-5,CREC-2015-06-10,text_for_speaker,0,,1
CREC-2015-06-10-pt1-PgS3978,CREC-2015-06-10,text_for_speaker,0,,1
CREC-2015-06-10-pt1-PgS3980,CREC-2015-06-10,text_for_speaker,0,,1
CREC-2015-06-10-pt1-PgS3985-2,CREC-2015-06-10,text_for_speaker,0,,1
CREC-2015-06-10-pt1-PgS4020-2,CREC-2015-06-10,text_for_speaker,0,,1
CREC-2015-06-10-pt1-PgS4020-3,CREC-2015-06-10,text_for_speaker,0,,1
CREC-2015-06-10-pt1-PgS4020-4,CREC-2015-06-10,text_for_speaker,0,,1
CREC-2015-06-10-pt1-PgS4020-5,CREC-2015-06-10,text_for_speaker,0,,1
CREC-2015-06-10-pt1-PgS4020-6,CREC-2015-06-10,text_for_speaker,0,,1
CREC-2015-06-10-pt1-PgS4020-7,CREC-2015-06-10,text_for_speaker,0,,1
CREC-2015-06-10-pt1-PgS4022,CREC-2015-06-10,text_for_speaker,0,,1
CREC-2015-06-10-pt1-PgS4021-2,CREC-2015-06-10,text_for_speaker,0,,1
CREC-2015-06-10-pt1-PgS4022-2,CREC-2015-06-10,text_for_speaker,0,,1
CREC-2015-06-10-pt1-PgS4033-2,CREC-2015-06-10,text_for_speaker,0,,1
CREC-2015-06-10-pt1-PgS4033,CREC-2015-06-10,text_for_speaker,0,,1
CREC-2015-06-10-pt1-PgS4034-3,CREC-2015-06-10,text_for_speaker,0,,1
CREC-2015-06-10-pt1-PgS4034-2,CREC-2015-06-10,text_for_speaker,0,,1
CREC-2015-06-10-pt1-PgS4034,CREC-2015-06-10,text_for_speaker,0,,1
CREC-2015-06-10-pt1-PgS4034-5,CREC-2015-06-10,text_for_speaker,0,,1
CREC-2015-06-10-pt1-PgS4034-4,CREC-2015-06-10,text_for_speaker,0,,1
CREC-2015-06-10-pt1-PgS4035,CREC-2015-06-10,text_for_speaker,0,,1
CREC-2015-06-10-pt1-PgS4035-3,CREC-2015-06-10,text_for_speaker,0,,1
CREC-2015-06-10-pt1-PgS4035-2,CREC-2015-06-10,text_for_speaker,0,,1
CREC-2015-06-10-pt1-PgS4035-4,CREC-2015-06-10,text_for_speaker,0,,2
CREC-2015-06-10-pt1-PgS4035-5,CREC-2015-06-10,text_for_speaker,0,,1
CREC-2015-06-10-pt1-PgS4053,CREC-2015-06-10,text_for_speaker,0,,1
CREC-2015-06-10-pt1-PgS4036,CREC-2015-06-10,text_for_speaker,0,,1
CREC-2015-06-10-pt1-PgS4053-2,CREC-2015-06-10,text_for_speaker,0,,1
CREC-2015-06-10-pt1-PgS4056,CREC-2015-06-10,text_for_speaker,0,,1
CREC-2015-06-10-pt1-PgS4056-2,CREC-2015-06-10,text_for_speaker,0,,1
CREC-2015-06-10-pt1-PgS4054,CREC-2015-06-10,text_for_speaker,0,,1
CREC-2015-06-10-pt1-PgS4056-4,CREC-2015-06-10,text_for_speaker,0,,1
CREC-2015-06-10-pt1-PgS4056-3,CREC-2015-06-10,text_for_speaker,0,,1
CREC-2015-06-10-pt1-PgS4057,CREC-2015-06-10,text_for_speaker,0,,1
CREC-2015-06-10-pt1-PgS4057-2,CREC-2015-06-10,text_for_speaker,0,,1
CREC-2015-06-10-pt1-PgS4057-3,CREC-2015-06-10,text_for_speaker,0,,2
CREC-2015-06-10-pt1-PgS4057-4,CREC-2015-06-10,text_for_speaker,0,,1
CREC-2015-06-10-pt1-PgS4057-5,CREC-2015-06-10,text_for_speaker,0,,1
CREC-2015-06-10-pt1-PgS4057-6,CREC-2015-06-10,text_for_speaker,0,,1
CREC-2015-06-10-pt1-PgS4061-4,CREC-2015-06-10,text_for_speaker,0,,1
CREC-2015-06-10-pt1-PgS4062,CREC-2015-06-10,text_for_speaker,0,,1
CREC-2015-06-10-pt1-PgE872-3,CREC-2015-06-10,text_for_speaker,0,,1
CREC-2015-06-10-pt1-PgE873-3,CREC-2015-06-10,text_for_speaker,0,,1
CREC-2015-06-10-pt1-PgE875-3,CREC-2015-06-10,text_for_speaker,0,,1
CREC-2015-06-10-pt1-PgD678,CREC-2015-06-10,text_for_speaker,0,,1
CREC-2015-06-10-pt1-PgD680,CREC-2015-06-10,text_for_speaker,0,,1
CREC-2015-06-10-pt1-PgD676,CREC-2015-06-10,text_for_speaker,0,,1
CREC-2015-06-10-pt1-PgD684,CREC-2015-06-10,text_for_speaker,0,,1
CREC-2015-06-10-pt1-PgD687,CREC-2015-06-10,text_for_speaker,0,,1
CREC-2015-06-10-pt1-PgD686,CREC-2015-06-10,text_for_speaker,0,,1
CREC-2015-06-11-pt1-PgH-FrontMatter,CREC-2015-06-11,text_for_speaker,0,,1
CREC-2015-06-11-pt1-PgH4163-2,CREC-2015-06-11,text_for_speaker,0,,1
CREC-2015-06-11-pt1-PgH4163,CREC-2015-06-11,text_for_speaker,0,,1
CREC-2015-06-11-pt1-PgH4169-4,CREC-2015-06-11,text_for_speaker,0,,1
CREC-2015-06-11-pt1-PgH4169-3,CREC-2015-06-11,text_for_speaker,0,,1
CREC-2015-06-11-pt1-PgH4227,CREC-2015-06-11,text_for_speaker,0,,1
CREC-2015-06-11-pt1-PgH4237-3,CREC-2015-06-11,text_for_speaker,0,,1
CREC-2015-06-11-pt1-PgH4237-4,CREC-2015-06-11,text_for_speaker,0,,1
CREC-2015-06-11-pt1-PgH4239,CREC-2015-06-11,text_for_speaker,0,,1
CREC-2015-06-11-pt1-PgH4240,CREC-2015-06-11,text_for_speaker,0,,1
CREC-2015-06-11-pt1-PgH4240-3,CREC-2015-06-11,text_for_speaker,0,,1
CREC-2015-06-11-pt1-PgH4241-2,CREC-2015-06-11,text_for_speaker,0,,1
CREC-2015-06-11-pt1-PgH4242,CREC-2015-06-11,text_for_speaker,0,,1
CREC-2015-06-11-pt1-PgH4242-2,CREC-2015-06-11,text_for_speaker,0,,1
CREC-2015-06-11-pt1-PgH4242-3,CREC-2015-06-11,text_for_speaker,0,,1
CREC-2015-06-11-pt1-PgH4242-4,CREC-2015-06-11,text_for_speaker,0,,1
CREC-2015-06-11-pt1-PgH4242-5,CREC-2015-06-11,text_for_speaker,0,,1
CREC-2015-06-11-pt1-PgH4242-6,CREC-2015-06-11,text_for_speaker,0,,1
CREC-2015-06-11-pt1-PgH4242-7,CREC-2015-06-11,text_for_speaker,0,,1
CREC-2015-06-11-pt1-PgH4242-8,CREC-2015-06-11,text_for_speaker,0,,1
CREC-2015-06-11-pt1-PgH4242-9,CREC-2015-06-11,text_for_speaker,0,,1
CREC-2015-06-11-pt1-PgH4242-11,CREC-2015-06-11,text_for_speaker,0,,1
CREC-2015-06-11-pt1-PgH4242-10,CREC-2015-06-11,text_for_speaker,0,,1
CREC-2015-06-11-pt1-PgH4242-12,CREC-2015-06-11,text_for_speaker,0,,1
CREC-2015-06-11-pt1-PgH4242-13,CREC-2015-06-11,text_for_speaker,0,,1
CREC-2015-06-11-pt1-PgH4242-14,CREC-2015-06-11,text_for_speaker,0,,1
CREC-2015-06-11-pt1-PgH4242-16,CREC-2015-06-11,text_for_speaker,0,,1
CREC-2015-06-11-pt1-PgH4243,CREC-2015-06-11,text_for_speaker,0,,1
CREC-2015-06-11-pt1-PgH4242-15,CREC-2015-06-11,text_for_speaker,0,,1
CREC-2015-06-11-pt1-PgH4243-4,CREC-2015-06-11,text_for_speaker,0,,1
CREC-2015-06-11-pt1-PgH4243-2,CREC-2015-06-11,text_for_speaker,0,,1
CREC-2015-06-11-pt1-PgH4243-3,CREC-2015-06-11,text_for_speaker,0,,1
CREC-2015-06-11-pt1-PgH4243-6,CREC-2015-06-11,text_for_speaker,0,,2
CREC-2015-06-11-pt1-PgH4243-5,CREC-2015-06-11,text_for_speaker,0,,1
CREC-2015-06-11-pt1-PgH4243-7,CREC-2015-06-11,text_for_speaker,0,,2
CREC-2015-06-11-pt1-PgS-FrontMatter-7,CREC-2015-06-11,text_for_speaker,0,,1
CREC-2015-06-11-pt1-PgS4063,CREC-2015-06-11,text_for_speaker,0,,1
CREC-2015-06-11-pt1-PgS4063-2,CREC-2015-06-11,text_for_speaker,0,,1
CREC-2015-06-11-pt1-PgS4063-4,CREC-2015-06-11,text_for_speaker,0,,1
CREC-2015-06-11-pt1-PgS4063-3,CREC-2015-06-11,text_for_speaker,0,,1
CREC-2015-06-11-pt1-PgS4063-5,CREC-2015-06-11,text_for_speaker,0,,1
CREC-2015-06-11-pt1-PgS4064,CREC-2015-06-11,text_for_speaker,0,,1
CREC-2015-06-11-pt1-PgS4063-6,CREC-2015-06-11,text_for_speaker,0,,1
CREC-2015-06-11-pt1-PgS4102-2,CREC-2015-06-11,text_for_speaker,0,,1
CREC-2015-06-11-pt1-PgS4102-4,CREC-2015-06-11,text_for_speaker,0,,1
CREC-2015-06-11-pt1-PgS4103,CREC-2015-06-11,text_for_speaker,0,,1
CREC-2015-06-11-pt1-PgS4103-2,CREC-2015-06-11,text_for_speaker,0,,1
CREC-2015-06-11-pt1-PgS4103-3,CREC-2015-06-11,text_for_speaker,0,,1
CREC-2015-06-11-pt1-PgS4103-4,CREC-2015-06-11,text_for_speaker,0,,1
CREC-2015-06-11-pt1-PgS4104-2,CREC-2015-06-11,text_for_speaker,0,,1
CREC-2015-06-11-pt1-PgS4104,CREC-2015-06-11,text_for_speaker,0,,1
CREC-2015-06-11-pt1-PgS4110,CREC-2015-06-11,text_for_speaker,0,,1
CREC-2015-06-11-pt1-PgS4109-2,CREC-2015-06-11,text_for_speaker,0,,1
CREC-2015-06-11-pt1-PgS4110-2,CREC-2015-06-11,text_for_speaker,0,,1
CREC-2015-06-11-pt1-PgS4110-4,CREC-2015-06-11,text_for_speaker,0,,1
CREC-2015-06-11-pt1-PgS4111,CREC-2015-06-11,text_for_speaker,0,,1
CREC-2015-06-11-pt1-PgS4110-3,CREC-2015-06-11,text_for_speaker,0,,1
CREC-2015-06-11-pt1-PgS4111-4,CREC-2015-06-11,text_for_speaker,0,,1
CREC-2015-06-11-pt1-PgS4111-2,CREC-2015-06-11,text_for_speaker,0,,1
CREC-2015-06-11-pt1-PgS4111-3,CREC-2015-06-11,text_for_speaker,0,,1
CREC-2015-06-11-pt1-PgS4111-5,CREC-2015-06-11,text_for_speaker,0,,1
CREC-2015-06-11-pt1-PgS4112-2,CREC-2015-06-11,text_for_speaker,0,,1
CREC-2015-06-11-pt1-PgS4112,CREC-2015-06-11,text_for_speaker,0,,1
CREC-2015-06-11-pt1-PgS4112-4,CREC-2015-06-11,text_for_speaker,0,,1
CREC-2015-06-11-pt1-PgS4112-5,CREC-2015-06-11,text_for_speaker,0,,1
CREC-2015-06-11-pt1-PgS4112-3,CREC-2015-06-11,text_for_speaker,0,,1
CREC-2015-06-11-pt1-PgS4112-6,CREC-2015-06-11,text_for_speaker,0,,1
CREC-2015-06-11-pt1-PgS4113-2,CREC-2015-06-11,text_for_speaker,0,,1
CREC-2015-06-11-pt1-PgS4113,CREC-2015-06-11,text_for_speaker,0,,2
CREC-2015-06-11-pt1-PgS4113-3,CREC-2015-06-11,text_for_speaker,0,,1
CREC-2015-06-11-pt1-PgS4114,CREC-2015-06-11,text_for_speaker,0,,1
CREC-2015-06-11-pt1-PgS4114-2,CREC-2015-06-11,text_for_speaker,0,,1
CREC-2015-06-11-pt1-PgS4115,CREC-2015-06-11,text_for_speaker,0,,1
CREC-2015-06-11-pt1-PgS4115-2,CREC-2015-06-11,text_for_speaker,0,,1
CREC-2015-06-11-pt1-PgS4117-6,CREC-2015-06-11,text_for_speaker,0,,1
CREC-2015-06-11-pt1-PgS4118,CREC-2015-06-11,text_for_speaker,0,,1
CREC-2015-06-11-pt1-PgD692,CREC-2015-06-11,text_for_speaker,0,,1
CREC-2015-06-11-pt1-PgD690,CREC-2015-06-11,text_for_speaker,0,,1
CREC-2015-06-11-pt1-PgD694,CREC-2015-06-11,text_for_speaker,0,,1
CREC-2015-06-11-pt1-PgD692-2,CREC-2015-06-11,text_for_speaker,0,,1
CREC-2015-06-11-pt1-PgD695,CREC-2015-06-11,text_for_speaker,0,,1
CREC-2015-06-11-pt1-PgD695-2,CREC-2015-06-11,text_for_speaker,0,,1
CREC-2015-06-15-pt1-PgH4347,CREC-2015-06-15,text_for_speaker,0,,1
CREC-2015-06-15-pt1-PgH-FrontMatter-5,CREC-2015-06-15,text_for_speaker,0,,1
CREC-2015-06-15-pt1-PgH4347-2,CREC-2015-06-15,text_for_speaker,0,,1
CREC-2015-06-15-pt1-PgH4349-3,CREC-2015-06-15,text_for_speaker,0,,1
CREC-2015-06-15-pt1-PgH4349-4,CREC-2015-06-15,text_for_speaker,0,,1
CREC-2015-06-15-pt1-PgH4350-8,CREC-2015-06-15,text_for_speaker,0,,1
CREC-2015-06-15-pt1-PgH4357-2,CREC-2015-06-15,text_for_speaker,0,,1
CREC-2015-06-15-pt1-PgH4361-2,CREC-2015-06-15,text_for_speaker,0,,1
CREC-2015-06-15-pt1-PgH4362,CREC-2015-06-15,text_for_speaker,0,,1
CREC-2015-06-15-pt1-PgH4363-4,CREC-2015-06-15,text_for_speaker,0,,1
CREC-2015-06-15-pt1-PgH4376,CREC-2015-06-15,text_for_speaker,0,,1
CREC-2015-06-15-pt1-PgH4380,CREC-2015-06-15,text_for_speaker,0,,1
CREC-2015-06-15-pt1-PgH4380-2,CREC-2015-06-15,text_for_speaker,0,,1
CREC-2015-06-15-pt1-PgH4380-4,CREC-2015-06-15,text_for_speaker,0,,1
CREC-2015-06-15-pt1-PgH4381-2,CREC-2015-06-15,text_for_speaker,0,,1
CREC-2015-06-15-pt1-PgH4382,CREC-2015-06-15,text_for_speaker,0,,1
CREC-2015-06-15-pt1-PgH4382-2,CREC-2015-06-15,text_for_speaker,0,,1
CREC-2015-06-15-pt1-PgH4382-3,CREC-2015-06-15,text_for_speaker,0,,1
CREC-2015-06-15-pt1-PgH4382-5,CREC-2015-06-15,text_for_speaker,0,,1
CREC-2015-06-15-pt1-PgH4382-4,CREC-2015-06-15,text_for_speaker,0,,1
CREC-2015-06-15-pt1-PgH4382-6,CREC-2015-06-15,text_for_speaker,0,,1
CREC-2015-06-15-pt1-PgH4382-7,CREC-2015-06-15,text_for_speaker,0,,1
CREC-2015-06-15-pt1-PgH4382-8,CREC-2015-06-15,text_for_speaker,0,,1
CREC-2015-06-15-pt1-PgH4382-10,CREC-2015-06-15,text_for_speaker,0,,1
CREC-2015-06-15-pt1-PgH4382-9,CREC-2015-06-15,text_for_speaker,0,,1
CREC-2015-06-15-pt1-PgH4382-11,CREC-2015-06-15,text_for_speaker,0,,1
CREC-2015-06-15-pt1-PgH4382-12,CREC-2015-06-15,text_for_speaker,0,,1
CREC-2015-06-15-pt1-PgH4382-13,CREC-2015-06-15,text_for_speaker,0,,1
CREC-2015-06-15-pt1-PgH4382-14,CREC-2015-06-15,text_for_speaker,0,,1
CREC-2015-06-15-pt1-PgH4382-15,CREC-2015-06-15,text_for_speaker,0,,1
CREC-2015-06-15-pt1-PgH4382-16,CREC-2015-06-15,text_for_speaker,0,,1
CREC-2015-06-15-pt1-PgH4382-17,CREC-2015-06-15,text_for_speaker,0,,1
CREC-2015-06-15-pt1-PgH4382-18,CREC-2015-06-15,text_for_speaker,0,,1
CREC-2015-06-15-pt1-PgH4383,CREC-2015-06-15,text_for_speaker,0,,1
CREC-2015-06-15-pt1-PgH4383-2,CREC-2015-06-15,text_for_speaker,0,,1
CREC-2015-06-15-pt1-PgH4383-3,CREC-2015-06-15,text_for_speaker,0,,1
CREC-2015-06-15-pt1-PgH4383-4,CREC-2015-06-15,text_for_speaker,0,,1
CREC-2015-06-15-pt1-PgS-FrontMatter-6,CREC-2015-06-15,text_for_speaker,0,,1
CREC-2015-06-15-pt1-PgH4383-6,CREC-2015-06-15,text_for_speaker,0,,1
CREC-2015-06-15-pt1-PgH4383-5,CREC-2015-06-15,text_for_speaker,0,,1
CREC-2015-06-15-pt1-PgS4119-2,CREC-2015-06-15,text_for_speaker,0,,1
CREC-2015-06-15-pt1-PgS4119,CREC-2015-06-15,text_for_speaker,0,,1
CREC-2015-06-15-pt1-PgS4119-3,CREC-2015-06-15,text_for_speaker,0,,1
CREC-2015-06-15-pt1-PgS4119-4,CREC-2015-06-15,text_for_speaker,0,,1
CREC-2015-06-15-pt1-PgS4121,CREC-2015-06-15,text_for_speaker,0,,1
CREC-2015-06-15-pt1-PgS4133,CREC-2015-06-15,text_for_speaker,0,,1
CREC-2015-06-15-pt1-PgS4133-3,CREC-2015-06-15,text_for_speaker,0,,1
CREC-2015-06-15-pt1-PgS4133-2,CREC-2015-06-15,text_for_speaker,0,,1
CREC-2015-06-15-pt1-PgS4134,CREC-2015-06-15,text_for_speaker,0,,1
CREC-2015-06-15-pt1-PgS4137,CREC-2015-06-15,text_for_speaker,0,,1
CREC-2015-06-15-pt1-PgS4137-2,CREC-2015-06-15,text_for_speaker,0,,1
CREC-2015-06-15-pt1-PgS4134-2,CREC-2015-06-15,text_for_speaker,0,,1
CREC-2015-06-15-pt1-PgS4137-3,CREC-2015-06-15,text_for_speaker,0,,1
CREC-2015-06-15-pt1-PgS4137-4,CREC-2015-06-15,text_for_speaker,0,,1
CREC-2015-06-15-pt1-PgS4138,CREC-2015-06-15,text_for_speaker,0,,1
CREC-2015-06-15-pt1-PgS4140-3,CREC-2015-06-15,text_for_speaker,0,,1
CREC-2015-06-15-pt1-PgS4140-4,CREC-2015-06-15,text_for_speaker,0,,1
CREC-2015-06-15-pt1-PgS4141,CREC-2015-06-15,text_for_speaker,0,,1
CREC-2015-06-15-pt1-PgS4141-3,CREC-2015-06-15,text_for_speaker,0,,1
CREC-2015-06-15-pt1-PgS4141-2,CREC-2015-06-15,text_for_speaker,0,,1
CREC-2015-06-15-pt1-PgS4142,CREC-2015-06-15,text_for_speaker,0,,1
CREC-2015-06-15-pt1-PgS4142-2,CREC-2015-06-15,text_for_speaker,0,,1
CREC-2015-06-15-pt1-PgS4143-2,CREC-2015-06-15,text_for_speaker,0,,2
CREC-2015-06-15-pt1-PgS4143,CREC-2015-06-15,text_for_speaker,0,,1
CREC-2015-06-15-pt1-PgS4143-3,CREC-2015-06-15,text_for_speaker,0,,1
CREC-2015-06-15-pt1-PgS4144-2,CREC-2015-06-15,text_for_speaker,0,,2
CREC-2015-06-15-pt1-PgS4144-3,CREC-2015-06-15,text_for_speaker,0,,1
CREC-2015-06-15-pt1-PgS4144,CREC-2015-06-15,text_for_speaker,0,,1
CREC-2015-06-15-pt1-PgS4145,CREC-2015-06-15,text_for_speaker,0,,1
CREC-2015-06-15-pt1-PgS4144-4,CREC-2015-06-15,text_for_speaker,0,,2
CREC-2015-06-15-pt1-PgS4145-2,CREC-2015-06-15,text_for_speaker,0,,1
CREC-2015-06-15-pt1-PgS4146,CREC-2015-06-15,text_for_speaker,0,,1
CREC-2015-06-15-pt1-PgS4145-3,CREC-2015-06-15,text_for_speaker,0,,1
CREC-2015-06-15-pt1-PgS4146-2,CREC-2015-06-15,text_for_speaker,0,,1
CREC-2015-06-15-pt1-PgS4146-3,CREC-2015-06-15,text_for_speaker,0,,1
CREC-2015-06-15-pt1-PgS4146-4,CREC-2015-06-15,text_for_speaker,0,,1
CREC-2015-06-15-pt1-PgS4146-5,CREC-2015-06-15,text_for_speaker,0,,1
CREC-2015-06-15-pt1-PgS4163,CREC-2015-06-15,text_for_speaker,0,,1
CREC-2015-06-15-pt1-PgS4163-2,CREC-2015-06-15,text_for_speaker,0,,1
CREC-2015-06-15-pt1-PgS4164,CREC-2015-06-15,text_for_speaker,0,,1
CREC-2015-06-15-pt1-PgS4165,CREC-2015-06-15,text_for_speaker,0,,2
CREC-2015-06-15-pt1-PgS4166-2,CREC-2015-06-15,text_for_speaker,0,,1
CREC-2015-06-15-pt1-PgS4166,CREC-2015-06-15,text_for_speaker,0,,1
CREC-2015-06-15-pt1-PgS4166-3,CREC-2015-06-15,text_for_speaker,0,,1
CREC-2015-06-15-pt1-PgS4166-4,CREC-2015-06-15,text_for_speaker,0,,1
CREC-2015-06-15-pt1-PgS4167-2,CREC-2015-06-15,text_for_speaker,0,,1
CREC-2015-06-15-pt1-PgS4167-3,CREC-2015-06-15,text_for_speaker,0,,1
CREC-2015-06-15-pt1-PgS4167,CREC-2015-06-15,text_for_speaker,0,,1
CREC-2015-06-15-pt1-PgS4168,CREC-2015-06-15,text_for_speaker,0,,1
CREC-2015-06-15-pt1-PgS4167-4,CREC-2015-06-15,text_for_speaker,0,,1
CREC-2015-06-15-pt1-PgS4169,CREC-2015-06-15,text_for_speaker,0,,1
CREC-2015-06-15-pt1-PgS4169-2,CREC-2015-06-15,text_for_speaker,0,,1
CREC-2015-06-15-pt1-PgE900-5,CREC-2015-06-15,text_for_speaker,0,,1
CREC-2015-06-15-pt1-PgD701,CREC-2015-06-15,text_for_speaker,0,,1
CREC-2015-06-15-pt1-PgD702,CREC-2015-06-15,text_for_speaker,0,,1
CREC-2015-06-15-pt1-PgD702-2,CREC-2015-06-15,text_for_speaker,0,,1
CREC-2015-06-15-pt1-PgD704,CREC-2015-06-15,text_for_speaker,0,,1
CREC-2015-06-15-pt1-PgD703,CREC-2015-06-15,text_for_speaker,0,,1
CREC-2015-06-15-pt1-PgD704-2,CREC-2015-06-15,text_for_speaker,0,,1
CREC-2015-06-15-pt1-PgD705,CREC-2015-06-15,text_for_speaker,0,,1
CREC-2015-06-15-pt1-PgD707,CREC-2015-06-15,text_for_speaker,0,,1
CREC-2015-06-16-pt1-PgH4385,CREC-2015-06-16,text_for_speaker,0,,1
CREC-2015-06-16-pt1-PgH-FrontMatter-6,CREC-2015-06-16,text_for_speaker,0,,1
CREC-2015-06-16-pt1-PgH4385-2,CREC-2015-06-16,text_for_speaker,0,,1
CREC-2015-06-16-pt1-PgH4386,CREC-2015-06-16,text_for_speaker,0,,1
CREC-2015-06-16-pt1-PgH4386-4,CREC-2015-06-16,text_for_speaker,0,,1
CREC-2015-06-16-pt1-PgH4386-3,CREC-2015-06-16,text_for_speaker,0,,1
CREC-2015-06-16-pt1-PgH4387-2,CREC-2015-06-16,text_for_speaker,0,,1
CREC-2015-06-16-pt1-PgH4389-5,CREC-2015-06-16,text_for_speaker,0,,1
CREC-2015-06-16-pt1-PgH4395-2,CREC-2015-06-16,text_for_speaker,0,,1
CREC-2015-06-16-pt1-PgH4418-2,CREC-2015-06-16,text_for_speaker,0,,1
CREC-2015-06-16-pt1-PgH4421-3,CREC-2015-06-16,text_for_speaker,0,,1
CREC-2015-06-16-pt1-PgH4428,CREC-2015-06-16,text_for_speaker,0,,1
CREC-2015-06-16-pt1-PgH4430,CREC-2015-06-16,text_for_speaker,0,,1
CREC-2015-06-16-pt1-PgH4430-2,CREC-2015-06-16,text_for_speaker,0,,1
CREC-2015-06-16-pt1-PgH4430-4,CREC-2015-06-16,text_for_speaker,0,,1
CREC-2015-06-16-pt1-PgH4431,CREC-2015-06-16,text_for_speaker,0,,1
CREC-2015-06-16-pt1-PgH4431-2,CREC-2015-06-16,text_for_speaker,0,,1
CREC-2015-06-16-pt1-PgH4431-3,CREC-2015-06-16,text_for_speaker,0,,1
CREC-2015-06-16-pt1-PgH4431-4,CREC-2015-06-16,text_for_speaker,0,,1
CREC-2015-06-16-pt1-PgH4431-5,CREC-2015-06-16,text_for_speaker,0,,1
CREC-2015-06-16-pt1-PgH4431-6,CREC-2015-06-16,text_for_speaker,0,,1
CREC-2015-06-16-pt1-PgH4431-7,CREC-2015-06-16,text_for_speaker,0,,1
CREC-2015-06-16-pt1-PgH4431-8,CREC-2015-06-16,text_for_speaker,0,,1
CREC-2015-06-16-pt1-PgH4431-10,CREC-2015-06-16,text_for_speaker,0,,1
CREC-2015-06-16-pt1-PgH4431-9,CREC-2015-06-16,text_for_speaker,0,,1
CREC-2015-06-16-pt1-PgH4432,CREC-2015-06-16,text_for_speaker,0,,1
CREC-2015-06-16-pt1-PgH4432-2,CREC-2015-06-16,text_for_speaker,0,,1
CREC-2015-06-16-pt1-PgH4432-3,CREC-2015-06-16,text_for_speaker,0,,1
CREC-2015-06-16-pt1-PgH4432-5,CREC-2015-06-16,text_for_speaker,0,,1
CREC-2015-06-16-pt1-PgH4432-4,CREC-2015-06-16,text_for_speaker,0,,1
CREC-2015-06-16-pt1-PgS4171,CREC-2015-06-16,text_for_speaker,0,,1
CREC-2015-06-16-pt1-PgH4433,CREC-2015-06-16,text_for_speaker,0,,1
CREC-2015-06-16-pt1-PgS-FrontMatter,CREC-2015-06-16,text_for_speaker,0,,1
CREC-2015-06-16-pt1-PgS4171-3,CREC-2015-06-16,text_for_speaker,0,,1
CREC-2015-06-16-pt1-PgS4171-4,CREC-2015-06-16,text_for_speaker,0,,1
CREC-2015-06-16-pt1-PgS4171-2,CREC-2015-06-16,text_for_speaker,0,,1
CREC-2015-06-16-pt1-PgS4198-2,CREC-2015-06-16,text_for_speaker,0,,1
CREC-2015-06-16-pt1-PgS4198-3,CREC-2015-06-16,text_for_speaker,0,,1
CREC-2015-06-16-pt1-PgS4198-4,CREC-2015-06-16,text_for_speaker,0,,1
CREC-2015-06-16-pt1-PgS4199-2,CREC-2015-06-16,text_for_speaker,0,,1
CREC-2015-06-16-pt1-PgS4199-3,CREC-2015-06-16,text_for_speaker,0,,1
CREC-2015-06-16-pt1-PgS4199,CREC-2015-06-16,text_for_speaker,0,,1
CREC-2015-06-16-pt1-PgS4202,CREC-2015-06-16,text_for_speaker,0,,1
CREC-2015-06-16-pt1-PgS4202-2,CREC-2015-06-16,text_for_speaker,0,,1
CREC-2015-06-16-pt1-PgS4200,CREC-2015-06-16,text_for_speaker,0,,1
CREC-2015-06-16-pt1-PgS4202-3,CREC-2015-06-16,text_for_speaker,0,,1
CREC-2015-06-16-pt1-PgS4206-2,CREC-2015-06-16,text_for_speaker,0,,1
CREC-2015-06-16-pt1-PgS4206-4,CREC-2015-06-16,text_for_speaker,0,,1
CREC-2015-06-16-pt1-PgS4206-3,CREC-2015-06-16,text_for_speaker,0,,1
CREC-2015-06-16-pt1-PgS4206-5,CREC-2015-06-16,text_for_speaker,0,,1
CREC-2015-06-16-pt1-PgS4207,CREC-2015-06-16,text_for_speaker,0,,1
CREC-2015-06-16-pt1-PgS4207-3,CREC-2015-06-16,text_for_speaker,0,,1
CREC-2015-06-16-pt1-PgS4207-2,CREC-2015-06-16,text_for_speaker,0,,1
CREC-2015-06-16-pt1-PgS4207-4,CREC-2015-06-16,text_for_speaker,0,,1
CREC-2015-06-16-pt1-PgS4207-5,CREC-2015-06-16,text_for_speaker,0,,1
CREC-2015-06-16-pt1-PgS4208,CREC-2015-06-16,text_for_speaker,0,,1
CREC-2015-06-16-pt1-PgS4207-6,CREC-2015-06-16,text_for_speaker,0,,1
CREC-2015-06-16-pt1-PgS4208-2,CREC-2015-06-16,text_for_speaker,0,,1
CREC-2015-06-16-pt1-PgS4209,CREC-2015-06-16,text_for_speaker,0,,1
CREC-2015-06-16-pt1-PgS4211-2,CREC-2015-06-16,text_for_speaker,0,,1
CREC-2015-06-16-pt1-PgE907,CREC-2015-06-16,text_for_speaker,0,,1
CREC-2015-06-16-pt1-PgD709,CREC-2015-06-16,text_for_speaker,0,,1
CREC-2015-06-16-pt1-PgD710,CREC-2015-06-16,text_for_speaker,0,,1
CREC-2015-06-16-pt1-PgD713,CREC-2015-06-16,text_for_speaker,0,,1
CREC-2015-06-16-pt1-PgD711,CREC-2015-06-16,text_for_speaker,0,,1
CREC-2015-06-16-pt1-PgD716,CREC-2015-06-16,text_for_speaker,0,,1
CREC-2015-06-16-pt1-PgD717,CREC-2015-06-16,text_for_speaker,0,,1
CREC-2015-06-17-pt1-PgH-FrontMatter-3,CREC-2015-06-17,text_for_speaker,0,,1
CREC-2015-06-17-pt1-PgH4435,CREC-2015-06-17,text_for_speaker,0,,1
CREC-2015-06-17-pt1-PgH4435-2,CREC-2015-06-17,text_for_speaker,0,,1
CREC-2015-06-17-pt1-PgH4445-2,CREC-2015-06-17,text_for_speaker,0,,1
CREC-2015-06-17-pt1-PgH4445,CREC-2015-06-17,text_for_speaker,0,,1
CREC-2015-06-17-pt1-PgH4485,CREC-2015-06-17,text_for_speaker,0,,1
CREC-2015-06-17-pt1-PgH4489,CREC-2015-06-17,text_for_speaker,0,,1
CREC-2015-06-17-pt1-PgH4489-3,CREC-2015-06-17,text_for_speaker,0,,1
CREC-2015-06-17-pt1-PgH4490-2,CREC-2015-06-17,text_for_speaker,0,,1
CREC-2015-06-17-pt1-PgH4492,CREC-2015-06-17,text_for_speaker,0,,1
CREC-2015-06-17-pt1-PgH4492-3,CREC-2015-06-17,text_for_speaker,0,,1
CREC-2015-06-17-pt1-PgH4492-2,CREC-2015-06-17,text_for_speaker,0,,1
CREC-2015-06-17-pt1-PgH4492-4,CREC-2015-06-17,text_for_speaker,0,,1
CREC-2015-06-17-pt1-PgH4492-5,CREC-2015-06-17,text_for_speaker,0,,1
CREC-2015-06-17-pt1-PgH4492-6,CREC-2015-06-17,text_for_speaker,0,,1
CREC-2015-06-17-pt1-PgH4492-8,CREC-2015-06-17,text_for_speaker,0,,1
CREC-2015-06-17-pt1-PgH4492-7,CREC-2015-06-17,text_for_speaker,0,,1
CREC-2015-06-17-pt1-PgH4492-10,CREC-2015-06-17,text_for_speaker,0,,1
CREC-2015-06-17-pt1-PgH4492-9,CREC-2015-06-17,text_for_speaker,0,,1
CREC-2015-06-17-pt1-PgH4492-11,CREC-2015-06-17,text_for_speaker,0,,1
CREC-2015-06-17-pt1-PgH4492-12,CREC-2015-06-17,text_for_speaker,0,,1
CREC-2015-06-17-pt1-PgH4492-13,CREC-2015-06-17,text_for_speaker,0,,1
CREC-2015-06-17-pt1-PgH4492-14,CREC-2015-06-17,text_for_speaker,0,,1
CREC-2015-06-17-pt1-PgH4492-15,CREC-2015-06-17,text_for_speaker,0,,1
CREC-2015-06-17-pt1-PgH4492-16,CREC-2015-06-17,text_for_speaker,0,,1
CREC-2015-06-17-pt1-PgH4492-17,CREC-2015-06-17,text_for_speaker,0,,1
CREC-2015-06-17-pt1-PgH4492-18,CREC-2015-06-17,text_for_speaker,0,,1
CREC-2015-06-17-pt1-PgH4492-19,CREC-2015-06-17,text_for_speaker,0,,1
CREC-2015-06-17-pt1-PgH4492-20,CREC-2015-06-17,text_for_speaker,0,,1
CREC-2015-06-17-pt1-PgH4492-21,CREC-2015-06-17,text_for_speaker,0,,1
CREC-2015-06-17-pt1-PgH4492-22,CREC-2015-06-17,text_for_speaker,0,,1
CREC-2015-06-17-pt1-PgS-FrontMatter,CREC-2015-06-17,text_for_speaker,0,,1
CREC-2015-06-17-pt1-PgH4493,CREC-2015-06-17,text_for_speaker,0,,1
CREC-2015-06-17-pt1-PgS4213,CREC-2015-06-17,text_for_speaker,0,,1
CREC-2015-06-17-pt1-PgS4213-3,CREC-2015-06-17,text_for_speaker,0,,1
CREC-2015-06-17-pt1-PgS4213-2,CREC-2015-06-17,text_for_speaker,0,,1
CREC-2015-06-17-pt1-PgS4213-4,CREC-2015-06-17,text_for_speaker,0,,1
CREC-2015-06-17-pt1-PgS4213-5,CREC-2015-06-17,text_for_speaker,0,,1
CREC-2015-06-17-pt1-PgS4249-3,CREC-2015-06-17,text_for_speaker,0,,1
CREC-2015-06-17-pt1-PgS4249-5,CREC-2015-06-17,text_for_speaker,0,,1
CREC-2015-06-17-pt1-PgS4249-6,CREC-2015-06-17,text_for_speaker,0,,1
CREC-2015-06-17-pt1-PgS4249-4,CREC-2015-06-17,text_for_speaker,0,,1
CREC-2015-06-17-pt1-PgS4250,CREC-2015-06-17,text_for_speaker,0,,1
CREC-2015-06-17-pt1-PgS4249-7,CREC-2015-06-17,text_for_speaker,0,,1
CREC-2015-06-17-pt1-PgS4251-2,CREC-2015-06-17,text_for_speaker,0,,2
CREC-2015-06-17-pt1-PgS4250-2,CREC-2015-06-17,text_for_speaker,0,,1
CREC-2015-06-17-pt1-PgS4252-2,CREC-2015-06-17,text_for_speaker,0,,1
CREC-2015-06-17-pt1-PgS4253,CREC-2015-06-17,text_for_speaker,0,,1
CREC-2015-06-17-pt1-PgS4253-3,CREC-2015-06-17,text_for_speaker,0,,1
CREC-2015-06-17-pt1-PgS4253-2,CREC-2015-06-17,text_for_speaker,0,,1
CREC-2015-06-17-pt1-PgS4253-4,CREC-2015-06-17,text_for_speaker,0,,1
CREC-2015-06-17-pt1-PgE918-2,CREC-2015-06-17,text_for_speaker,0,,1
CREC-2015-06-17-pt1-PgE918-3,CREC-2015-06-17,text_for_speaker,0,,1
CREC-2015-06-17-pt1-PgD720,CREC-2015-06-17,text_for_speaker,0,,1
CREC-2015-06-17-pt1-PgD719,CREC-2015-06-17,text_for_speaker,0,,1
CREC-2015-06-17-pt1-PgD724,CREC-2015-06-17,text_for_speaker,0,,1
CREC-2015-06-17-pt1-PgD721,CREC-2015-06-17,text_for_speaker,0,,1
CREC-2015-06-17-pt1-PgD722,CREC-2015-06-17,text_for_speaker,0,,1
CREC-2015-06-17-pt1-PgD724-2,CREC-2015-06-17,text_for_speaker,0,,1
CREC-2015-06-17-pt1-PgD725,CREC-2015-06-17,text_for_speaker,0,,1
CREC-2015-06-18-pt1-PgH-FrontMatter-5,CREC-2015-06-18,text_for_speaker,0,,1
CREC-2015-06-18-pt1-PgH4495,CREC-2015-06-18,text_for_speaker,0,,1
CREC-2015-06-18-pt1-PgH4495-2,CREC-2015-06-18,text_for_speaker,0,,1
CREC-2015-06-18-pt1-PgH4528,CREC-2015-06-18,text_for_speaker,0,,1
CREC-2015-06-18-pt1-PgH4535-3,CREC-2015-06-18,text_for_speaker,0,,1
CREC-2015-06-18-pt1-PgH4540-3,CREC-2015-06-18,text_for_speaker,0,,1
CREC-2015-06-18-pt1-PgH4540,CREC-2015-06-18,text_for_speaker,0,,1
CREC-2015-06-18-pt1-PgH4541,CREC-2015-06-18,text_for_speaker,0,,1
CREC-2015-06-18-pt1-PgH4542,CREC-2015-06-18,text_for_speaker,0,,1
CREC-2015-06-18-pt1-PgH4542-2,CREC-2015-06-18,text_for_speaker,0,,1
CREC-2015-06-18-pt1-PgH4542-3,CREC-2015-06-18,text_for_speaker,0,,1
CREC-2015-06-18-pt1-PgH4542-4,CREC-2015-06-18,text_for_speaker,0,,1
CREC-2015-06-18-pt1-PgH4542-6,CREC-2015-06-18,text_for_speaker,0,,1
CREC-2015-06-18-pt1-PgH4542-5,CREC-2015-06-18,text_for_speaker,0,,1
CREC-2015-06-18-pt1-PgH4542-7,CREC-2015-06-18,text_for_speaker,0,,1
CREC-2015-06-18-pt1-PgH4543,CREC-2015-06-18,text_for_speaker,0,,1
CREC-2015-06-18-pt1-PgH4543-2,CREC-2015-06-18,text_for_speaker,0,,1
CREC-2015-06-18-pt1-PgH4543-3,CREC-2015-06-18,text_for_speaker,0,,1
CREC-2015-06-18-pt1-PgH4543-4,CREC-2015-06-18,text_for_speaker,0,,1
CREC-2015-06-18-pt1-PgH4543-5,CREC-2015-06-18,text_for_speaker,0,,1
CREC-2015-06-18-pt1-PgH4543-6,CREC-2015-06-18,text_for_speaker,0,,1
CREC-2015-06-18-pt1-PgH4543-9,CREC-2015-06-18,text_for_speaker,0,,1
CREC-2015-06-18-pt1-PgH4543-7,CREC-2015-06-18,text_for_speaker,0,,1
CREC-2015-06-18-pt1-PgH4543-8,CREC-2015-06-18,text_for_speaker,0,,1
CREC-2015-06-18-pt1-PgH4543-11,CREC-2015-06-18,text_for_speaker,0,,1
CREC-2015-06-18-pt1-PgH4543-10,CREC-2015-06-18,text_for_speaker,0,,1
CREC-2015-06-18-pt1-PgH4543-12,CREC-2015-06-18,text_for_speaker,0,,1
CREC-2015-06-18-pt1-PgH4543-14,CREC-2015-06-18,text_for_speaker,0,,1
CREC-2015-06-18-pt1-PgH4543-13,CREC-2015-06-18,text_for_speaker,0,,1
CREC-2015-06-18-pt1-PgH4543-15,CREC-2015-06-18,text_for_speaker,0,,1
CREC-2015-06-18-pt1-PgH4543-17,CREC-2015-06-18,text_for_speaker,0,,1
CREC-2015-06-18-pt1-PgH4543-16,CREC-2015-06-18,text_for_speaker,0,,1
CREC-2015-06-18-pt1-PgH4543-18,CREC-2015-06-18,text_for_speaker,0,,1
CREC-2015-06-18-pt1-PgH4543-20,CREC-2015-06-18,text_for_speaker,0,,1
CREC-2015-06-18-pt1-PgH4543-19,CREC-2015-06-18,text_for_speaker,0,,1
CREC-2015-06-18-pt1-PgS-FrontMatter,CREC-2015-06-18,text_for_speaker,0,,1
CREC-2015-06-18-pt1-PgH4543-21,CREC-2015-06-18,text_for_speaker,0,,1
CREC-2015-06-18-pt1-PgH4544,CREC-2015-06-18,text_for_speaker,0,,1
CREC-2015-06-18-pt1-PgS4255,CREC-2015-06-18,text_for_speaker,0,,1
CREC-2015-06-18-pt1-PgS4255-2,CREC-2015-06-18,text_for_speaker,0,,1
CREC-2015-06-18-pt1-PgS4255-3,CREC-2015-06-18,text_for_speaker,0,,1
CREC-2015-06-18-pt1-PgS4255-4,CREC-2015-06-18,text_for_speaker,0,,1
CREC-2015-06-18-pt1-PgS4292,CREC-2015-06-18,text_for_speaker,0,,1
CREC-2015-06-18-pt1-PgS4295-3,CREC-2015-06-18,text_for_speaker,0,,1
CREC-2015-06-18-pt1-PgS4295-4,CREC-2015-06-18,text_for_speaker,0,,1
CREC-2015-06-18-pt1-PgS4296,CREC-2015-06-18,text_for_speaker,0,,1
CREC-2015-06-18-pt1-PgS4297,CREC-2015-06-18,text_for_speaker,0,,1
CREC-2015-06-18-pt1-PgS4299,CREC-2015-06-18,text_for_speaker,0,,1
CREC-2015-06-18-pt1-PgS4299-2,CREC-2015-06-18,text_for_speaker,0,,1
CREC-2015-06-18-pt1-PgS4306-2,CREC-2015-06-18,text_for_speaker,0,,1
CREC-2015-06-18-pt1-PgS4306,CREC-2015-06-18,text_for_speaker,0,,1
CREC-2015-06-18-pt1-PgS4307,CREC-2015-06-18,text_for_speaker,0,,1
CREC-2015-06-18-pt1-PgS4307-4,CREC-2015-06-18,text_for_speaker,0,,1
CREC-2015-06-18-pt1-PgS4307-3,CREC-2015-06-18,text_for_speaker,0,,1
CREC-2015-06-18-pt1-PgS4307-2,CREC-2015-06-18,text_for_speaker,0,,1
CREC-2015-06-18-pt1-PgS4307-5,CREC-2015-06-18,text_for_speaker,0,,1
CREC-2015-06-18-pt1-PgS4307-6,CREC-2015-06-18,text_for_speaker,0,,1
CREC-2015-06-18-pt1-PgS4307-7,CREC-2015-06-18,text_for_speaker,0,,1
CREC-2015-06-18-pt1-PgS4328-2,CREC-2015-06-18,text_for_speaker,0,,1
CREC-2015-06-18-pt1-PgS4328,CREC-2015-06-18,text_for_speaker,0,,1
CREC-2015-06-18-pt1-PgS4307-8,CREC-2015-06-18,text_for_speaker,0,,1
CREC-2015-06-18-pt1-PgS4328-4,CREC-2015-06-18,text_for_speaker,0,,1
CREC-2015-06-18-pt1-PgS4328-3,CREC-2015-06-18,text_for_speaker,0,,1
CREC-2015-06-18-pt1-PgS4332-5,CREC-2015-06-18,text_for_speaker,0,,1
CREC-2015-06-18-pt1-PgD728,CREC-2015-06-18,text_for_speaker,0,,1
CREC-2015-06-18-pt1-PgD731,CREC-2015-06-18,text_for_speaker,0,,1
CREC-2015-06-18-pt1-PgD732,CREC-2015-06-18,text_for_speaker,0,,1
CREC-2015-06-18-pt1-PgD732-2,CREC-2015-06-18,text_for_speaker,0,,1
CREC-2015-06-18-pt1-PgD733,CREC-2015-06-18,text_for_speaker,0,,1
CREC-2015-06-18-pt1-PgD733-2,CREC-2015-06-18,text_for_speaker,0,,1
CREC-2015-06-22-pt1-PgS4333,CREC-2015-06-22,text_for_speaker,0,,1
CREC-2015-06-22-pt1-PgS4333-2,CREC-2015-06-22,text_for_speaker,0,,1
CREC-2015-06-22-pt1-PgS4333-3,CREC-2015-06-22,text_for_speaker,0,,1
CREC-2015-06-22-pt1-PgS4333-4,CREC-2015-06-22,text_for_speaker,0,,1
CREC-2015-06-22-pt1-PgS4333-5,CREC-2015-06-22,text_for_speaker,0,,1
CREC-2015-06-22-pt1-PgS4333-6,CREC-2015-06-22,text_for_speaker,0,,1
CREC-2015-06-22-pt1-PgS4343-3,CREC-2015-06-22,text_for_speaker,0,,1
CREC-2015-06-22-pt1-PgS4343-4,CREC-2015-06-22,text_for_speaker,0,,1
CREC-2015-06-22-pt1-PgS4343-6,CREC-2015-06-22,text_for_speaker,0,,1
CREC-2015-06-22-pt1-PgS4343-5,CREC-2015-06-22,text_for_speaker,0,,1
CREC-2015-06-22-pt1-PgS4345,CREC-2015-06-22,text_for_speaker,0,,1
CREC-2015-06-22-pt1-PgS4343-7,CREC-2015-06-22,text_for_speaker,0,,1
CREC-2015-06-22-pt1-PgS4345-2,CREC-2015-06-22,text_for_speaker,0,,1
CREC-2015-06-22-pt1-PgS4345-3,CREC-2015-06-22,text_for_speaker,0,,1
CREC-2015-06-22-pt1-PgS4346,CREC-2015-06-22,text_for_speaker,0,,1
CREC-2015-06-22-pt1-PgS4347,CREC-2015-06-22,text_for_speaker,0,,1
CREC-2015-06-22-pt1-PgS4346-2,CREC-2015-06-22,text_for_speaker,0,,1
CREC-2015-06-22-pt1-PgS4348,CREC-2015-06-22,text_for_speaker,0,,1
CREC-2015-06-22-pt1-PgS4348-2,CREC-2015-06-22,text_for_speaker,0,,1
CREC-2015-06-22-pt1-PgS4348-4,CREC-2015-06-22,text_for_speaker,0,,1
CREC-2015-06-22-pt1-PgS4348-5,CREC-2015-06-22,text_for_speaker,0,,1
CREC-2015-06-22-pt1-PgS4348-6,CREC-2015-06-22,text_for_speaker,0,,1
CREC-2015-06-22-pt1-PgS4348-3,CREC-2015-06-22,text_for_speaker,0,,1
CREC-2015-06-22-pt1-PgS4352,CREC-2015-06-22,text_for_speaker,0,,1
CREC-2015-06-22-pt1-PgS4357,CREC-2015-06-22,text_for_speaker,0,,1
CREC-2015-06-22-pt1-PgS4348-7,CREC-2015-06-22,text_for_speaker,0,,1
CREC-2015-06-22-pt1-PgS4357-2,CREC-2015-06-22,text_for_speaker,0,,1
CREC-2015-06-22-pt1-PgS4522-3,CREC-2015-06-22,text_for_speaker,0,,1
CREC-2015-06-22-pt1-PgS4522-4,CREC-2015-06-22,text_for_speaker,0,,1
CREC-2015-06-22-pt1-PgS4522-5,CREC-2015-06-22,text_for_speaker,0,,1
CREC-2015-06-22-pt1-PgE939-2,CREC-2015-06-22,text_for_speaker,0,,1
CREC-2015-06-22-pt1-PgD738,CREC-2015-06-22,text_for_speaker,0,,1
CREC-2015-06-22-pt1-PgD738-2,CREC-2015-06-22,text_for_speaker,0,,1
CREC-2015-06-22-pt1-PgD739,CREC-2015-06-22,text_for_speaker,0,,1
CREC-2015-06-22-pt1-PgS4358-2,CREC-2015-06-22,text_for_speaker,0,,1
CREC-2015-06-22-pt1-PgD739-2,CREC-2015-06-22,text_for_speaker,0,,1
CREC-2015-06-22-pt1-PgD739-3,CREC-2015-06-22,text_for_speaker,0,,1
CREC-2015-06-22-pt1-PgD739-4,CREC-2015-06-22,text_for_speaker,0,,1
CREC-2015-06-22-pt1-PgD743,CREC-2015-06-22,text_for_speaker,0,,1
CREC-2015-06-25-pt1-PgH4655,CREC-2015-06-25,text_for_speaker,0,,1
CREC-2015-06-25-pt1-PgH4655-2,CREC-2015-06-25,text_for_speaker,0,,1
CREC-2015-06-25-pt1-PgH-FrontMatter,CREC-2015-06-25,text_for_speaker,0,,1
CREC-2015-06-25-pt1-PgH4655-6,CREC-2015-06-25,text_for_speaker,0,,1
CREC-2015-06-25-pt1-PgH4656-3,CREC-2015-06-25,text_for_speaker,0,,1
CREC-2015-06-25-pt1-PgH4699,CREC-2015-06-25,text_for_speaker,0,,1
CREC-2015-06-25-pt1-PgH4699-2,CREC-2015-06-25,text_for_speaker,0,,1
CREC-2015-06-25-pt1-PgH4766,CREC-2015-06-25,text_for_speaker,0,,1
CREC-2015-06-25-pt1-PgH4766-2,CREC-2015-06-25,text_for_speaker,0,,1
CREC-2015-06-25-pt1-PgH4766-4,CREC-2015-06-25,text_for_speaker,0,,1
CREC-2015-06-25-pt1-PgH4766-6,CREC-2015-06-25,text_for_speaker,0,,1
CREC-2015-06-25-pt1-PgH4771,CREC-2015-06-25,text_for_speaker,0,,1
CREC-2015-06-25-pt1-PgH4771-2,CREC-2015-06-25,text_for_speaker,0,,1
CREC-2015-06-25-pt1-PgH4768-2,CREC-2015-06-25,text_for_speaker,0,,1
CREC-2015-06-25-pt1-PgH4771-3,CREC-2015-06-25,text_for_speaker,0,,1
CREC-2015-06-25-pt1-PgH4771-4,CREC-2015-06-25,text_for_speaker,0,,1
CREC-2015-06-25-pt1-PgH4771-5,CREC-2015-06-25,text_for_speaker,0,,1
CREC-2015-06-25-pt1-PgH4772-2,CREC-2015-06-25,text_for_speaker,0,,1
CREC-2015-06-25-pt1-PgH4772-3,CREC-2015-06-25,text_for_speaker,0,,1
CREC-2015-06-25-pt1-PgH4772-4,CREC-2015-06-25,text_for_speaker,0,,1
CREC-2015-06-25-pt1-PgH4772-5,CREC-2015-06-25,text_for_speaker,0,,1
CREC-2015-06-25-pt1-PgH4772-6,CREC-2015-06-25,text_for_speaker,0,,1
CREC-2015-06-25-pt1-PgH4772-7,CREC-2015-06-25,text_for_speaker,0,,1
CREC-2015-06-25-pt1-PgH4772-8,CREC-2015-06-25,text_for_speaker,0,,1
CREC-2015-06-25-pt1-PgH4772-9,CREC-2015-06-25,text_for_speaker,0,,1
CREC-2015-06-25-pt1-PgH4772-10,CREC-2015-06-25,text_for_speaker,0,,1
CREC-2015-06-25-pt1-PgH4772-12,CREC-2015-06-25,text_for_speaker,0,,1
CREC-2015-06-25-pt1-PgH4772-11,CREC-2015-06-25,text_for_speaker,0,,1
CREC-2015-06-25-pt1-PgH4772-13,CREC-2015-06-25,text_for_speaker,0,,1
CREC-2015-06-25-pt1-PgH4772-16,CREC-2015-06-25,text_for_speaker,0,,1
CREC-2015-06-25-pt1-PgH4772-14,CREC-2015-06-25,text_for_speaker,0,,1
CREC-2015-06-25-pt1-PgH4772-15,CREC-2015-06-25,text_for_speaker,0,,1
CREC-2015-06-25-pt1-PgH4772-18,CREC-2015-06-25,text_for_speaker,0,,1
CREC-2015-06-25-pt1-PgH4772-17,CREC-2015-06-25,text_for_speaker,0,,1
CREC-2015-06-25-pt1-PgH4772-19,CREC-2015-06-25,text_for_speaker,0,,1
CREC-2015-06-25-pt1-PgH4772-22,CREC-2015-06-25,text_for_speaker,0,,1
CREC-2015-06-25-pt1-PgH4772-21,CREC-2015-06-25,text_for_speaker,0,,1
CREC-2015-06-25-pt1-PgH4772-20,CREC-2015-06-25,text_for_speaker,0,,1
CREC-2015-06-25-pt1-PgH4772-25,CREC-2015-06-25,text_for_speaker,0,,1
CREC-2015-06-25-pt1-PgH4772-23,CREC-2015-06-25,text_for_speaker,0,,1
CREC-2015-06-25-pt1-PgH4772-24,CREC-2015-06-25,text_for_speaker,0,,1
CREC-2015-06-25-pt1-PgH4772-26,CREC-2015-06-25,text_for_speaker,0,,1
CREC-2015-06-25-pt1-PgH4772-28,CREC-2015-06-25,text_for_speaker,0,,1
CREC-2015-06-25-pt1-PgH4772-27,CREC-2015-06-25,text_for_speaker,0,,1
CREC-2015-06-25-pt1-PgH4772-29,CREC-2015-06-25,text_for_speaker,0,,1
CREC-2015-06-25-pt1-PgH4772-30,CREC-2015-06-25,text_for_speaker,0,,1
CREC-2015-06-25-pt1-PgH4772-31,CREC-2015-06-25,text_for_speaker,0,,1
CREC-2015-06-25-pt1-PgH4773,CREC-2015-06-25,text_for_speaker,0,,1
CREC-2015-06-25-pt1-PgH4773-2,CREC-2015-06-25,text_for_speaker,0,,1
CREC-2015-06-25-pt1-PgH4773-3,CREC-2015-06-25,text_for_speaker,0,,1
CREC-2015-06-25-pt1-PgH4773-4,CREC-2015-06-25,text_for_speaker,0,,1
CREC-2015-06-25-pt1-PgH4773-5,CREC-2015-06-25,text_for_speaker,0,,1
CREC-2015-06-25-pt1-PgH4773-6,CREC-2015-06-25,text_for_speaker,0,,1
CREC-2015-06-25-pt1-PgH4773-7,CREC-2015-06-25,text_for_speaker,0,,1
CREC-2015-06-25-pt1-PgH4773-9,CREC-2015-06-25,text_for_speaker,0,,1
CREC-2015-06-25-pt1-PgH4773-8,CREC-2015-06-25,text_for_speaker,0,,1
CREC-2015-06-25-pt1-PgH4773-10,CREC-2015-06-25,text_for_speaker,0,,1
CREC-2015-06-25-pt1-PgH4773-11,CREC-2015-06-25,text_for_speaker,0,,1
CREC-2015-06-25-pt1-PgH4773-12,CREC-2015-06-25,text_for_speaker,0,,1
CREC-2015-06-25-pt1-PgH4773-13,CREC-2015-06-25,text_for_speaker,0,,1
CREC-2015-06-25-pt1-PgH4773-15,CREC-2015-06-25,text_for_speaker,0,,1
CREC-2015-06-25-pt1-PgH4773-16,CREC-2015-06-25,text_for_speaker,0,,1
CREC-2015-06-25-pt1-PgH4773-14,CREC-2015-06-25,text_for_speaker,0,,1
CREC-2015-06-25-pt1-PgH4773-19,CREC-2015-06-25,text_for_speaker,0,,1
CREC-2015-06-25-pt1-PgH4773-18,CREC-2015-06-25,text_for_speaker,0,,1
CREC-2015-06-25-pt1-PgH4773-20,CREC-2015-06-25,text_for_speaker,0,,1
CREC-2015-06-25-pt1-PgH4773-22,CREC-2015-06-25,text_for_speaker,0,,1
CREC-2015-06-25-pt1-PgH4773-21,CREC-2015-06-25,text_for_speaker,0,,1
CREC-2015-06-25-pt1-PgH4773-23,CREC-2015-06-25,text_for_speaker,0,,1
CREC-2015-06-25-pt1-PgH4773-24,CREC-2015-06-25,text_for_speaker,0,,1
CREC-2015-06-25-pt1-PgH4773-25,CREC-2015-06-25,text_for_speaker,0,,1
CREC-2015-06-25-pt1-PgH4773-26,CREC-2015-06-25,text_for_speaker,0,,1
CREC-2015-06-25-pt1-PgH4773-27,CREC-2015-06-25,text_for_speaker,0,,1
CREC-2015-06-25-pt1-PgH4775,CREC-2015-06-25,text_for_speaker,0,,1
CREC-2015-06-25-pt1-PgH4775-2,CREC-2015-06-25,text_for_speaker,0,,1
CREC-2015-06-25-pt1-PgH4773-28,CREC-2015-06-25,text_for_speaker,0,,1
CREC-2015-06-25-pt1-PgH4775-3,CREC-2015-06-25,text_for_speaker,0,,1
CREC-2015-06-25-pt1-PgH4775-4,CREC-2015-06-25,text_for_speaker,0,,1
CREC-2015-06-25-pt1-PgH4775-5,CREC-2015-06-25,text_for_speaker,0,,1
CREC-2015-06-25-pt1-PgH4775-6,CREC-2015-06-25,text_for_speaker,0,,1
CREC-2015-06-25-pt1-PgH4775-7,CREC-2015-06-25,text_for_speaker,0,,1
CREC-2015-06-25-pt1-PgH4775-8,CREC-2015-06-25,text_for_speaker,0,,1
CREC-2015-06-25-pt1-PgH4775-9,CREC-2015-06-25,text_for_speaker,0,,1
CREC-2015-06-25-pt1-PgH4775-10,CREC-2015-06-25,text_for_speaker,0,,1
CREC-2015-06-25-pt1-PgH4775-11,CREC-2015-06-25,text_for_speaker,0,,1
CREC-2015-06-25-pt1-PgH4775-12,CREC-2015-06-25,text_for_speaker,0,,1
CREC-2015-06-25-pt1-PgH4775-13,CREC-2015-06-25,text_for_speaker,0,,1
CREC-2015-06-25-pt1-PgH4775-14,CREC-2015-06-25,text_for_speaker,0,,1
CREC-2015-06-25-pt1-PgH4775-16,CREC-2015-06-25,text_for_speaker,0,,1
CREC-2015-06-25-pt1-PgH4775-15,CREC-2015-06-25,text_for_speaker,0,,1
CREC-2015-06-25-pt1-PgH4775-17,CREC-2015-06-25,text_for_speaker,0,,1
CREC-2015-06-25-pt1-PgH4776,CREC-2015-06-25,text_for_speaker,0,,2
CREC-2015-06-25-pt1-PgH4775-18,CREC-2015-06-25,text_for_speaker,0,,1
CREC-2015-06-25-pt1-PgH4776-2,CREC-2015-06-25,text_for_speaker,0,,1
CREC-2015-06-25-pt1-PgH4776-3,CREC-2015-06-25,text_for_speaker,0,,1
CREC-2015-06-25-pt1-PgS-FrontMatter-3,CREC-2015-06-25,text_for_speaker,0,,1
CREC-2015-06-25-pt1-PgS4619,CREC-2015-06-25,text_for_speaker,0,,1
CREC-2015-06-25-pt1-PgS4619-2,CREC-2015-06-25,text_for_speaker,0,,1
CREC-2015-06-25-pt1-PgS4619-4,CREC-2015-06-25,text_for_speaker,0,,1
CREC-2015-06-25-pt1-PgS4619-3,CREC-2015-06-25,text_for_speaker,0,,1
CREC-2015-06-25-pt1-PgS4620-3,CREC-2015-06-25,text_for_speaker,0,,1
CREC-2015-06-25-pt1-PgS4620-2,CREC-2015-06-25,text_for_speaker,0,,1
CREC-2015-06-25-pt1-PgS4640-2,CREC-2015-06-25,text_for_speaker,0,,1
CREC-2015-06-25-pt1-PgS4640-3,CREC-2015-06-25,text_for_speaker,0,,1
CREC-2015-06-25-pt1-PgS4643-2,CREC-2015-06-25,text_for_speaker,0,,1
CREC-2015-06-25-pt1-PgS4646-3,CREC-2015-06-25,text_for_speaker,0,,1
CREC-2015-06-25-pt1-PgS4646-4,CREC-2015-06-25,text_for_speaker,0,,1
CREC-2015-06-25-pt1-PgS4646-5,CREC-2015-06-25,text_for_speaker,0,,1
CREC-2015-06-25-pt1-PgS4646-6,CREC-2015-06-25,text_for_speaker,0,,1
CREC-2015-06-25-pt1-PgS4648,CREC-2015-06-25,text_for_speaker,0,,1
CREC-2015-06-25-pt1-PgS4648-2,CREC-2015-06-25,text_for_speaker,0,,1
CREC-2015-06-25-pt1-PgS4649,CREC-2015-06-25,text_for_speaker,0,,1
CREC-2015-06-25-pt1-PgS4654,CREC-2015-06-25,text_for_speaker,0,,1
CREC-2015-06-25-pt1-PgS4653-2,CREC-2015-06-25,text_for_speaker,0,,1
CREC-2015-06-25-pt1-PgS4655,CREC-2015-06-25,text_for_speaker,0,,1
CREC-2015-06-25-pt1-PgS4655-2,CREC-2015-06-25,text_for_speaker,0,,1
CREC-2015-06-25-pt1-PgS4655-3,CREC-2015-06-25,text_for_speaker,0,,1
CREC-2015-06-25-pt1-PgS4657-6,CREC-2015-06-25,text_for_speaker,0,,1
CREC-2015-06-25-pt1-PgE980,CREC-2015-06-25,text_for_speaker,0,,1
CREC-2015-06-25-pt1-PgE983-4,CREC-2015-06-25,text_for_speaker,0,,1
CREC-2015-06-25-pt1-PgD769,CREC-2015-06-25,text_for_speaker,0,,1
CREC-2015-06-25-pt1-PgD768,CREC-2015-06-25,text_for_speaker,0,,1
CREC-2015-06-25-pt1-PgD770,CREC-2015-06-25,text_for_speaker,0,,1
CREC-2015-06-25-pt1-PgD775,CREC-2015-06-25,text_for_speaker,0,,1
CREC-2015-06-25-pt1-PgD773,CREC-2015-06-25,text_for_speaker,0,,1
CREC-2015-06-25-pt1-PgD775-2,CREC-2015-06-25,text_for_speaker,0,,1
CREC-2015-07-07-pt1-PgH-FrontMatter-2,CREC-2015-07-07,text_for_speaker,0,,1
CREC-2015-07-07-pt1-PgH4777-3,CREC-2015-07-07,text_for_speaker,0,,1
CREC-2015-07-07-pt1-PgH4777-2,CREC-2015-07-07,text_for_speaker,0,,1
CREC-2015-07-07-pt1-PgH4777-4,CREC-2015-07-07,text_for_speaker,0,,1
CREC-2015-07-07-pt1-PgH4779-2,CREC-2015-07-07,text_for_speaker,0,,1
CREC-2015-07-07-pt1-PgH4816,CREC-2015-07-07,text_for_speaker,0,,1
CREC-2015-07-07-pt1-PgH4856,CREC-2015-07-07,text_for_speaker,0,,1
CREC-2015-07-07-pt1-PgH4857,CREC-2015-07-07,text_for_speaker,0,,1
CREC-2015-07-07-pt1-PgH4857-3,CREC-2015-07-07,text_for_speaker,0,,1
CREC-2015-07-07-pt1-PgH4857-2,CREC-2015-07-07,text_for_speaker,0,,1
CREC-2015-07-07-pt1-PgH4857-4,CREC-2015-07-07,text_for_speaker,0,,1
CREC-2015-07-07-pt1-PgH4857-6,CREC-2015-07-07,text_for_speaker,0,,1
CREC-2015-07-07-pt1-PgH4860-2,CREC-2015-07-07,text_for_speaker,0,,1
CREC-2015-07-07-pt1-PgH4861,CREC-2015-07-07,text_for_speaker,0,,1
CREC-2015-07-07-pt1-PgH4861-2,CREC-2015-07-07,text_for_speaker,0,,1
CREC-2015-07-07-pt1-PgH4861-3,CREC-2015-07-07,text_for_speaker,0,,1
CREC-2015-07-07-pt1-PgH4861-4,CREC-2015-07-07,text_for_speaker,0,,1
CREC-2015-07-07-pt1-PgH4861-6,CREC-2015-07-07,text_for_speaker,0,,1
CREC-2015-07-07-pt1-PgH4861-5,CREC-2015-07-07,text_for_speaker,0,,1
CREC-2015-07-07-pt1-PgH4861-7,CREC-2015-07-07,text_for_speaker,0,,1
CREC-2015-07-07-pt1-PgH4861-9,CREC-2015-07-07,text_for_speaker,0,,1
CREC-2015-07-07-pt1-PgH4862,CREC-2015-07-07,text_for_speaker,0,,1
CREC-2015-07-07-pt1-PgH4861-8,CREC-2015-07-07,text_for_speaker,0,,1
CREC-2015-07-07-pt1-PgH4862-2,CREC-2015-07-07,text_for_speaker,0,,1
CREC-2015-07-07-pt1-PgH4862-3,CREC-2015-07-07,text_for_speaker,0,,1
CREC-2015-07-07-pt1-PgH4862-4,CREC-2015-07-07,text_for_speaker,0,,1
CREC-2015-07-07-pt1-PgH4862-6,CREC-2015-07-07,text_for_speaker,0,,1
CREC-2015-07-07-pt1-PgH4862-5,CREC-2015-07-07,text_for_speaker,0,,1
CREC-2015-07-07-pt1-PgH4862-7,CREC-2015-07-07,text_for_speaker,0,,1
CREC-2015-07-07-pt1-PgH4862-8,CREC-2015-07-07,text_for_speaker,0,,1
CREC-2015-07-07-pt1-PgH4864,CREC-2015-07-07,text_for_speaker,0,,1
CREC-2015-07-07-pt1-PgH4862-9,CREC-2015-07-07,text_for_speaker,0,,1
CREC-2015-07-07-pt1-PgH4864-3,CREC-2015-07-07,text_for_speaker,0,,1
CREC-2015-07-07-pt1-PgH4864-2,CREC-2015-07-07,text_for_speaker,0,,1
CREC-2015-07-07-pt1-PgH4864-4,CREC-2015-07-07,text_for_speaker,0,,1
CREC-2015-07-07-pt1-PgH4864-6,CREC-2015-07-07,text_for_speaker,0,,1
CREC-2015-07-07-pt1-PgH4864-5,CREC-2015-07-07,text_for_speaker,0,,1
CREC-2015-07-07-pt1-PgH4864-7,CREC-2015-07-07,text_for_speaker,0,,1
CREC-2015-07-07-pt1-PgH4864-8,CREC-2015-07-07,text_for_speaker,0,,1
CREC-2015-07-07-pt1-PgH4864-10,CREC-2015-07-07,text_for_speaker,0,,1
CREC-2015-07-07-pt1-PgH4864-9,CREC-2015-07-07,text_for_speaker,0,,1
CREC-2015-07-07-pt1-PgH4864-11,CREC-2015-07-07,text_for_speaker,0,,1
CREC-2015-07-07-pt1-PgH4864-12,CREC-2015-07-07,text_for_speaker,0,,2
CREC-2015-07-07-pt1-PgH4864-13,CREC-2015-07-07,text_for_speaker,0,,1
CREC-2015-07-07-pt1-PgH4864-14,CREC-2015-07-07,text_for_speaker,0,,1
CREC-2015-07-07-pt1-PgH4864-16,CREC-2015-07-07,text_for_speaker,0,,1
CREC-2015-07-07-pt1-PgH4864-15,CREC-2015-07-07,text_for_speaker,0,,1
CREC-2015-07-07-pt1-PgH4864-17,CREC-2015-07-07,text_for_speaker,0,,1
CREC-2015-07-07-pt1-PgH4864-18,CREC-2015-07-07,text_for_speaker,0,,1
CREC-2015-07-07-pt1-PgH4865,CREC-2015-07-07,text_for_speaker,0,,1
CREC-2015-07-07-pt1-PgH4865-3,CREC-2015-07-07,text_for_speaker,0,,1
CREC-2015-07-07-pt1-PgH4865-4,CREC-2015-07-07,text_for_speaker,0,,1
CREC-2015-07-07-pt1-PgH4865-2,CREC-2015-07-07,text_for_speaker,0,,1
CREC-2015-07-07-pt1-PgH4865-5,CREC-2015-07-07,text_for_speaker,0,,1
CREC-2015-07-07-pt1-PgH4865-6,CREC-2015-07-07,text_for_speaker,0,,1
CREC-2015-07-07-pt1-PgH4865-7,CREC-2015-07-07,text_for_speaker,0,,1
CREC-2015-07-07-pt1-PgH4865-8,CREC-2015-07-07,text_for_speaker,0,,1
CREC-2015-07-07-pt1-PgS-FrontMatter-8,CREC-2015-07-07,text_for_speaker,0,,1
CREC-2015-07-07-pt1-PgS4659,CREC-2015-07-07,text_for_speaker,0,,1
CREC-2015-07-07-pt1-PgS4659-3,CREC-2015-07-07,text_for_speaker,0,,1
CREC-2015-07-07-pt1-PgS4659-2,CREC-2015-07-07,text_for_speaker,0,,1
CREC-2015-07-07-pt1-PgS4659-4,CREC-2015-07-07,text_for_speaker,0,,1
CREC-2015-07-07-pt1-PgS4659-6,CREC-2015-07-07,text_for_speaker,0,,1
CREC-2015-07-07-pt1-PgS4659-7,CREC-2015-07-07,text_for_speaker,0,,1
CREC-2015-07-07-pt1-PgS4684-3,CREC-2015-07-07,text_for_speaker,0,,1
CREC-2015-07-07-pt1-PgS4685,CREC-2015-07-07,text_for_speaker,0,,1
CREC-2015-07-07-pt1-PgS4685-2,CREC-2015-07-07,text_for_speaker,0,,1
CREC-2015-07-07-pt1-PgS4685-3,CREC-2015-07-07,text_for_speaker,0,,1
CREC-2015-07-07-pt1-PgS4685-4,CREC-2015-07-07,text_for_speaker,0,,1
CREC-2015-07-07-pt1-PgS4685-5,CREC-2015-07-07,text_for_speaker,0,,1
CREC-2015-07-07-pt1-PgS4685-6,CREC-2015-07-07,text_for_speaker,0,,1
CREC-2015-07-07-pt1-PgS4686,CREC-2015-07-07,text_for_speaker,0,,1
CREC-2015-07-07-pt1-PgS4685-7,CREC-2015-07-07,text_for_speaker,0,,1
CREC-2015-07-07-pt1-PgS4689-2,CREC-2015-07-07,text_for_speaker,0,,1
CREC-2015-07-07-pt1-PgS4690-2,CREC-2015-07-07,text_for_speaker,0,,1
CREC-2015-07-07-pt1-PgS4691,CREC-2015-07-07,text_for_speaker,0,,1
CREC-2015-07-07-pt1-PgS4691-2,CREC-2015-07-07,text_for_speaker,0,,2
CREC-2015-07-07-pt1-PgS4691-3,CREC-2015-07-07,text_for_speaker,0,,2
CREC-2015-07-07-pt1-PgS4692,CREC-2015-07-07,text_for_speaker,0,,2
CREC-2015-07-07-pt1-PgS4692-2,CREC-2015-07-07,text_for_speaker,0,,1
CREC-2015-07-07-pt1-PgS4692-3,CREC-2015-07-07,text_for_speaker,0,,1
CREC-2015-07-07-pt1-PgS4693,CREC-2015-07-07,text_for_speaker,0,,2
CREC-2015-07-07-pt1-PgS4694,CREC-2015-07-07,text_for_speaker,0,,1
CREC-2015-07-07-pt1-PgS4690,CREC-2015-07-07,text_for_speaker,0,,1
CREC-2015-07-07-pt1-PgS4694-2,CREC-2015-07-07,text_for_speaker,0,,1
CREC-2015-07-07-pt1-PgS4694-3,CREC-2015-07-07,text_for_speaker,0,,2
CREC-2015-07-07-pt1-PgS4777,CREC-2015-07-07,text_for_speaker,0,,1
CREC-2015-07-07-pt1-PgS4780,CREC-2015-07-07,text_for_speaker,0,,1
CREC-2015-07-07-pt1-PgS4780-2,CREC-2015-07-07,text_for_speaker,0,,1
CREC-2015-07-07-pt1-PgS4780-3,CREC-2015-07-07,text_for_speaker,0,,1
CREC-2015-07-07-pt1-PgS4782,CREC-2015-07-07,text_for_speaker,0,,1
CREC-2015-07-07-pt1-PgS4694-4,CREC-2015-07-07,text_for_speaker,0,,1
CREC-2015-07-07-pt1-PgS4782-2,CREC-2015-07-07,text_for_speaker,0,,1
CREC-2015-07-07-pt1-PgS4782-3,CREC-2015-07-07,text_for_speaker,0,,2
CREC-2015-07-07-pt1-PgS4782-4,CREC-2015-07-07,text_for_speaker,0,,1
CREC-2015-07-07-pt1-PgS4789,CREC-2015-07-07,text_for_speaker,0,,1
CREC-2015-07-07-pt1-PgS4792-2,CREC-2015-07-07,text_for_speaker,0,,1
CREC-2015-07-07-pt1-PgS4792,CREC-2015-07-07,text_for_speaker,0,,1
CREC-2015-07-07-pt1-PgS4794,CREC-2015-07-07,text_for_speaker,0,,1
CREC-2015-07-07-pt1-PgS4795,CREC-2015-07-07,text_for_speaker,0,,1
CREC-2015-07-07-pt1-PgS4795-2,CREC-2015-07-07,text_for_speaker,0,,1
CREC-2015-07-07-pt1-PgS4795-3,CREC-2015-07-07,text_for_speaker,0,,1
CREC-2015-07-07-pt1-PgS4796,CREC-2015-07-07,text_for_speaker,0,,1
CREC-2015-07-07-pt1-PgS4795-4,CREC-2015-07-07,text_for_speaker,0,,1
CREC-2015-07-07-pt1-PgS4796-2,CREC-2015-07-07,text_for_speaker,0,,1
CREC-2015-07-07-pt1-PgS4796-4,CREC-2015-07-07,text_for_speaker,0,,1
CREC-2015-07-07-pt1-PgS4796-3,CREC-2015-07-07,text_for_speaker,0,,1
CREC-2015-07-07-pt1-PgS4796-5,CREC-2015-07-07,text_for_speaker,0,,1
CREC-2015-07-07-pt1-PgS4797,CREC-2015-07-07,text_for_speaker,0,,1
CREC-2015-07-07-pt1-PgS4798,CREC-2015-07-07,text_for_speaker,0,,1
CREC-2015-07-07-pt1-PgS4799-2,CREC-2015-07-07,text_for_speaker,0,,1
CREC-2015-07-07-pt1-PgS4799,CREC-2015-07-07,text_for_speaker,0,,1
CREC-2015-07-07-pt1-PgS4800,CREC-2015-07-07,text_for_speaker,0,,1
CREC-2015-07-07-pt1-PgS4800-4,CREC-2015-07-07,text_for_speaker,0,,2
CREC-2015-07-07-pt1-PgS4800-2,CREC-2015-07-07,text_for_speaker,0,,1
CREC-2015-07-07-pt1-PgS4800-3,CREC-2015-07-07,text_for_speaker,0,,1
CREC-2015-07-07-pt1-PgS4801,CREC-2015-07-07,text_for_speaker,0,,1
CREC-2015-07-07-pt1-PgS4801-2,CREC-2015-07-07,text_for_speaker,0,,1
CREC-2015-07-07-pt1-PgS4801-3,CREC-2015-07-07,text_for_speaker,0,,1
CREC-2015-07-07-pt1-PgS4802-2,CREC-2015-07-07,text_for_speaker,0,,1
CREC-2015-07-07-pt1-PgS4802-5,CREC-2015-07-07,text_for_speaker,0,,1
CREC-2015-07-07-pt1-PgS4803-2,CREC-2015-07-07,text_for_speaker,0,,1
CREC-2015-07-07-pt1-PgE1008,CREC-2015-07-07,text_for_speaker,0,,1
CREC-2015-07-07-pt1-PgD777,CREC-2015-07-07,text_for_speaker,0,,1
CREC-2015-07-07-pt1-PgD779,CREC-2015-07-07,text_for_speaker,0,,1
CREC-2015-07-07-pt1-PgD778,CREC-2015-07-07,text_for_speaker,0,,1
CREC-2015-07-07-pt1-PgD783,CREC-2015-07-07,text_for_speaker,0,,1
CREC-2015-07-07-pt1-PgD783-2,CREC-2015-07-07,text_for_speaker,0,,1
CREC-2015-07-07-pt1-PgD784,CREC-2015-07-07,text_for_speaker,0,,1
CREC-2015-07-07-pt1-PgD785,CREC-2015-07-07,text_for_speaker,0,,1
CREC-2015-07-07-pt1-PgD787,CREC-2015-07-07,text_for_speaker,0,,1
CREC-2015-07-07-pt1-PgD787-2,CREC-2015-07-07,text_for_speaker,0,,1
CREC-2015-07-08-pt1-PgH4867,CREC-2015-07-08,text_for_speaker,0,,1
CREC-2015-07-08-pt1-PgH4867-2,CREC-2015-07-08,text_for_speaker,0,,1
CREC-2015-07-08-pt1-PgH-FrontMatter,CREC-2015-07-08,text_for_speaker,0,,1
CREC-2015-07-08-pt1-PgH4874-2,CREC-2015-07-08,text_for_speaker,0,,1
CREC-2015-07-08-pt1-PgH4874-3,CREC-2015-07-08,text_for_speaker,0,,1
CREC-2015-07-08-pt1-PgH4874-7,CREC-2015-07-08,text_for_speaker,0,,1
CREC-2015-07-08-pt1-PgH4878-3,CREC-2015-07-08,text_for_speaker,0,,1
CREC-2015-07-08-pt1-PgH4878-5,CREC-2015-07-08,text_for_speaker,0,,1
CREC-2015-07-08-pt1-PgH4879,CREC-2015-07-08,text_for_speaker,0,,1
CREC-2015-07-08-pt1-PgH4900,CREC-2015-07-08,text_for_speaker,0,,1
CREC-2015-07-08-pt1-PgH4943,CREC-2015-07-08,text_for_speaker,0,,1
CREC-2015-07-08-pt1-PgH4952,CREC-2015-07-08,text_for_speaker,0,,1
CREC-2015-07-08-pt1-PgH4952-2,CREC-2015-07-08,text_for_speaker,0,,1
CREC-2015-07-08-pt1-PgH4954-2,CREC-2015-07-08,text_for_speaker,0,,1
CREC-2015-07-08-pt1-PgH4952-4,CREC-2015-07-08,text_for_speaker,0,,1
CREC-2015-07-08-pt1-PgH4956,CREC-2015-07-08,text_for_speaker,0,,1
CREC-2015-07-08-pt1-PgH4956-2,CREC-2015-07-08,text_for_speaker,0,,1
CREC-2015-07-08-pt1-PgH4956-3,CREC-2015-07-08,text_for_speaker,0,,1
CREC-2015-07-08-pt1-PgH4956-6,CREC-2015-07-08,text_for_speaker,0,,1
CREC-2015-07-08-pt1-PgH4956-4,CREC-2015-07-08,text_for_speaker,0,,1
CREC-2015-07-08-pt1-PgH4956-5,CREC-2015-07-08,text_for_speaker,0,,1
CREC-2015-07-08-pt1-PgH4956-7,CREC-2015-07-08,text_for_speaker,0,,1
CREC-2015-07-08-pt1-PgH4956-9,CREC-2015-07-08,text_for_speaker,0,,1
CREC-2015-07-08-pt1-PgH4956-8,CREC-2015-07-08,text_for_speaker,0,,1
CREC-2015-07-08-pt1-PgH4956-10,CREC-2015-07-08,text_for_speaker,0,,1
CREC-2015-07-08-pt1-PgH4956-11,CREC-2015-07-08,text_for_speaker,0,,1
CREC-2015-07-08-pt1-PgH4956-12,CREC-2015-07-08,text_for_speaker,0,,1
CREC-2015-07-08-pt1-PgH4956-13,CREC-2015-07-08,text_for_speaker,0,,1
CREC-2015-07-08-pt1-PgH4956-14,CREC-2015-07-08,text_for_speaker,0,,1
CREC-2015-07-08-pt1-PgH4956-15,CREC-2015-07-08,text_for_speaker,0,,1
CREC-2015-07-08-pt1-PgH4956-16,CREC-2015-07-08,text_for_speaker,0,,1
CREC-2015-07-08-pt1-PgH4956-17,CREC-2015-07-08,text_for_speaker,0,,1
CREC-2015-07-08-pt1-PgH4956-18,CREC-2015-07-08,text_for_speaker,0,,1
CREC-2015-07-08-pt1-PgH4956-19,CREC-2015-07-08,text_for_speaker,0,,1
CREC-2015-07-08-pt1-PgH4956-20,CREC-2015-07-08,text_for_speaker,0,,1
CREC-2015-07-08-pt1-PgH4956-21,CREC-2015-07-08,text_for_speaker,0,,1
CREC-2015-07-08-pt1-PgH4956-22,CREC-2015-07-08,text_for_speaker,0,,1
CREC-2015-07-08-pt1-PgH4956-23,CREC-2015-07-08,text_for_speaker,0,,1
CREC-2015-07-08-pt1-PgH4956-24,CREC-2015-07-08,text_for_speaker,0,,1
CREC-2015-07-08-pt1-PgH4956-25,CREC-2015-07-08,text_for_speaker,0,,1
CREC-2015-07-08-pt1-PgH4956-26,CREC-2015-07-08,text_for_speaker,0,,1
CREC-2015-07-08-pt1-PgH4956-27,CREC-2015-07-08,text_for_speaker,0,,1
CREC-2015-07-08-pt1-PgH4957,CREC-2015-07-08,text_for_speaker,0,,1
CREC-2015-07-08-pt1-PgH4957-2,CREC-2015-07-08,text_for_speaker,0,,1
CREC-2015-07-08-pt1-PgH4957-3,CREC-2015-07-08,text_for_speaker,0,,1
CREC-2015-07-08-pt1-PgS-FrontMatter-3,CREC-2015-07-08,text_for_speaker,0,,1
CREC-2015-07-08-pt1-PgS4805,CREC-2015-07-08,text_for_speaker,0,,1
CREC-2015-07-08-pt1-PgS4805-2,CREC-2015-07-08,text_for_speaker,0,,1
CREC-2015-07-08-pt1-PgS4805-4,CREC-2015-07-08,text_for_speaker,0,,1
CREC-2015-07-08-pt1-PgS4805-3,CREC-2015-07-08,text_for_speaker,0,,1
CREC-2015-07-08-pt1-PgS4805-5,CREC-2015-07-08,text_for_speaker,0,,1
CREC-2015-07-08-pt1-PgS4839,CREC-2015-07-08,text_for_speaker,0,,1
CREC-2015-07-08-pt1-PgS4838-3,CREC-2015-07-08,text_for_speaker,0,,1
CREC-2015-07-08-pt1-PgS4839-2,CREC-2015-07-08,text_for_speaker,0,,1
CREC-2015-07-08-pt1-PgS4839-3,CREC-2015-07-08,text_for_speaker,0,,1
CREC-2015-07-08-pt1-PgS4839-5,CREC-2015-07-08,text_for_speaker,0,,1
CREC-2015-07-08-pt1-PgS4839-4,CREC-2015-07-08,text_for_speaker,0,,1
CREC-2015-07-08-pt1-PgS4840-2,CREC-2015-07-08,text_for_speaker,0,,1
CREC-2015-07-08-pt1-PgS4840,CREC-2015-07-08,text_for_speaker,0,,1
CREC-2015-07-08-pt1-PgS4839-6,CREC-2015-07-08,text_for_speaker,0,,1
CREC-2015-07-08-pt1-PgS4841,CREC-2015-07-08,text_for_speaker,0,,1
CREC-2015-07-08-pt1-PgS4841-2,CREC-2015-07-08,text_for_speaker,0,,1
CREC-2015-07-08-pt1-PgS4844-2,CREC-2015-07-08,text_for_speaker,0,,1
CREC-2015-07-08-pt1-PgS4844,CREC-2015-07-08,text_for_speaker,0,,1
CREC-2015-07-08-pt1-PgS4844-3,CREC-2015-07-08,text_for_speaker,0,,1
CREC-2015-07-08-pt1-PgS4846,CREC-2015-07-08,text_for_speaker,0,,1
CREC-2015-07-08-pt1-PgS4845-2,CREC-2015-07-08,text_for_speaker,0,,1
CREC-2015-07-08-pt1-PgS4845,CREC-2015-07-08,text_for_speaker,0,,1
CREC-2015-07-08-pt1-PgS4847,CREC-2015-07-08,text_for_speaker,0,,1
CREC-2015-07-08-pt1-PgS4847-2,CREC-2015-07-08,text_for_speaker,0,,1
CREC-2015-07-08-pt1-PgS4849,CREC-2015-07-08,text_for_speaker,0,,1
CREC-2015-07-08-pt1-PgS4847-3,CREC-2015-07-08,text_for_speaker,0,,1
CREC-2015-07-08-pt1-PgS4851,CREC-2015-07-08,text_for_speaker,0,,2
CREC-2015-07-08-pt1-PgS4852,CREC-2015-07-08,text_for_speaker,0,,1
CREC-2015-07-08-pt1-PgS4852-3,CREC-2015-07-08,text_for_speaker,0,,1
CREC-2015-07-08-pt1-PgS4852-2,CREC-2015-07-08,text_for_speaker,0,,1
CREC-2015-07-08-pt1-PgS4853,CREC-2015-07-08,text_for_speaker,0,,1
CREC-2015-07-08-pt1-PgS4854,CREC-2015-07-08,text_for_speaker,0,,1
CREC-2015-07-08-pt1-PgS4854-2,CREC-2015-07-08,text_for_speaker,0,,1
CREC-2015-07-08-pt1-PgS4856,CREC-2015-07-08,text_for_speaker,0,,1
CREC-2015-07-08-pt1-PgS4859,CREC-2015-07-08,text_for_speaker,0,,1
CREC-2015-07-08-pt1-PgS4856-2,CREC-2015-07-08,text_for_speaker,0,,1
CREC-2015-07-08-pt1-PgS4862,CREC-2015-07-08,text_for_speaker,0,,1
CREC-2015-07-08-pt1-PgS4859-2,CREC-2015-07-08,text_for_speaker,0,,1
CREC-2015-07-08-pt1-PgS4859-3,CREC-2015-07-08,text_for_speaker,0,,1
CREC-2015-07-08-pt1-PgS4862-2,CREC-2015-07-08,text_for_speaker,0,,1
CREC-2015-07-08-pt1-PgS4862-3,CREC-2015-07-08,text_for_speaker,0,,1
CREC-2015-07-08-pt1-PgS4862-4,CREC-2015-07-08,text_for_speaker,0,,1
CREC-2015-07-08-pt1-PgS4863,CREC-2015-07-08,text_for_speaker,0,,1
CREC-2015-07-08-pt1-PgS4864,CREC-2015-07-08,text_for_speaker,0,,1
CREC-2015-07-08-pt1-PgS4864-4,CREC-2015-07-08,text_for_speaker,0,,1
CREC-2015-07-08-pt1-PgS4864-2,CREC-2015-07-08,text_for_speaker,0,,1
CREC-2015-07-08-pt1-PgS4864-3,CREC-2015-07-08,text_for_speaker,0,,1
CREC-2015-07-08-pt1-PgS4864-5,CREC-2015-07-08,text_for_speaker,0,,1
CREC-2015-07-08-pt1-PgS4864-6,CREC-2015-07-08,text_for_speaker,0,,1
CREC-2015-07-08-pt1-PgS4864-7,CREC-2015-07-08,text_for_speaker,0,,1
CREC-2015-07-08-pt1-PgS4872,CREC-2015-07-08,text_for_speaker,0,,1
CREC-2015-07-08-pt1-PgS4864-8,CREC-2015-07-08,text_for_speaker,0,,1
CREC-2015-07-08-pt1-PgS4874,CREC-2015-07-08,text_for_speaker,0,,1
CREC-2015-07-08-pt1-PgS4874-2,CREC-2015-07-08,text_for_speaker,0,,1
CREC-2015-07-08-pt1-PgS4874-3,CREC-2015-07-08,text_for_speaker,0,,1
CREC-2015-07-08-pt1-PgS4875,CREC-2015-07-08,text_for_speaker,0,,1
CREC-2015-07-08-pt1-PgS4875-2,CREC-2015-07-08,text_for_speaker,0,,1
CREC-2015-07-08-pt1-PgS4875-3,CREC-2015-07-08,text_for_speaker,0,,1
CREC-2015-07-08-pt1-PgS4876,CREC-2015-07-08,text_for_speaker,0,,1
CREC-2015-07-08-pt1-PgS4879,CREC-2015-07-08,text_for_speaker,0,,1
CREC-2015-07-08-pt1-PgS4879-2,CREC-2015-07-08,text_for_speaker,0,,1
CREC-2015-07-08-pt1-PgS4880,CREC-2015-07-08,text_for_speaker,0,,1
CREC-2015-07-08-pt1-PgS4880-2,CREC-2015-07-08,text_for_speaker,0,,1
CREC-2015-07-08-pt1-PgS4880-3,CREC-2015-07-08,text_for_speaker,0,,1
CREC-2015-07-08-pt1-PgS4880-4,CREC-2015-07-08,text_for_speaker,0,,1
CREC-2015-07-08-pt1-PgS4881,CREC-2015-07-08,text_for_speaker,0,,1
CREC-2015-07-08-pt1-PgS4882,CREC-2015-07-08,text_for_speaker,0,,1
CREC-2015-07-08-pt1-PgS4884-2,CREC-2015-07-08,text_for_speaker,0,,1
CREC-2015-07-08-pt1-PgS4884,CREC-2015-07-08,text_for_speaker,0,,1
CREC-2015-07-08-pt1-PgS4884-3,CREC-2015-07-08,text_for_speaker,0,,1
CREC-2015-07-08-pt1-PgS4885,CREC-2015-07-08,text_for_speaker,0,,1
CREC-2015-07-08-pt1-PgS4886,CREC-2015-07-08,text_for_speaker,0,,1
CREC-2015-07-08-pt1-PgS4886-3,CREC-2015-07-08,text_for_speaker,0,,1
CREC-2015-07-08-pt1-PgS4886-4,CREC-2015-07-08,text_for_speaker,0,,1
CREC-2015-07-08-pt1-PgS4886-2,CREC-2015-07-08,text_for_speaker,0,,1
CREC-2015-07-08-pt1-PgS4887,CREC-2015-07-08,text_for_speaker,0,,1
CREC-2015-07-08-pt1-PgS4894-4,CREC-2015-07-08,text_for_speaker,0,,1
CREC-2015-07-08-pt1-PgS4894-5,CREC-2015-07-08,text_for_speaker,0,,1
CREC-2015-07-08-pt1-PgS4894-6,CREC-2015-07-08,text_for_speaker,0,,1
CREC-2015-07-08-pt1-PgS4894-7,CREC-2015-07-08,text_for_speaker,0,,1
CREC-2015-07-08-pt1-PgS4895-2,CREC-2015-07-08,text_for_speaker,0,,1
CREC-2015-07-08-pt1-PgS4899,CREC-2015-07-08,text_for_speaker,0,,1
CREC-2015-07-08-pt1-PgS4896-2,CREC-2015-07-08,text_for_speaker,0,,1
CREC-2015-07-08-pt1-PgE1017-3,CREC-2015-07-08,text_for_speaker,0,,1
CREC-2015-07-08-pt1-PgE1020,CREC-2015-07-08,text_for_speaker,0,,1
CREC-2015-07-08-pt1-PgD790,CREC-2015-07-08,text_for_speaker,0,,1
CREC-2015-07-08-pt1-PgD791,CREC-2015-07-08,text_for_speaker,0,,1
CREC-2015-07-08-pt1-PgD793,CREC-2015-07-08,text_for_speaker,0,,1
CREC-2015-07-08-pt1-PgD796,CREC-2015-07-08,text_for_speaker,0,,1
CREC-2015-07-08-pt1-PgD798,CREC-2015-07-08,text_for_speaker,0,,1
CREC-2015-07-08-pt1-PgD799,CREC-2015-07-08,text_for_speaker,0,,1
CREC-2015-07-08-pt1-PgD798-2,CREC-2015-07-08,text_for_speaker,0,,1
CREC-2015-07-09-pt1-PgH-FrontMatter-2,CREC-2015-07-09,text_for_speaker,0,,1
CREC-2015-07-09-pt1-PgH4959,CREC-2015-07-09,text_for_speaker,0,,1
CREC-2015-07-09-pt1-PgH4959-2,CREC-2015-07-09,text_for_speaker,0,,1
CREC-2015-07-09-pt1-PgH4970,CREC-2015-07-09,text_for_speaker,0,,1
CREC-2015-07-09-pt1-PgH4970-2,CREC-2015-07-09,text_for_speaker,0,,1
CREC-2015-07-09-pt1-PgH4970-3,CREC-2015-07-09,text_for_speaker,0,,1
CREC-2015-07-09-pt1-PgH4976,CREC-2015-07-09,text_for_speaker,0,,1
CREC-2015-07-09-pt1-PgH5027,CREC-2015-07-09,text_for_speaker,0,,1
CREC-2015-07-09-pt1-PgH5027-2,CREC-2015-07-09,text_for_speaker,0,,1
CREC-2015-07-09-pt1-PgH5027-3,CREC-2015-07-09,text_for_speaker,0,,1
CREC-2015-07-09-pt1-PgH5027-5,CREC-2015-07-09,text_for_speaker,0,,1
CREC-2015-07-09-pt1-PgH5028-2,CREC-2015-07-09,text_for_speaker,0,,1
CREC-2015-07-09-pt1-PgH5030-2,CREC-2015-07-09,text_for_speaker,0,,1
CREC-2015-07-09-pt1-PgH5030,CREC-2015-07-09,text_for_speaker,0,,1
CREC-2015-07-09-pt1-PgH5030-4,CREC-2015-07-09,text_for_speaker,0,,1
CREC-2015-07-09-pt1-PgH5030-3,CREC-2015-07-09,text_for_speaker,0,,1
CREC-2015-07-09-pt1-PgH5030-5,CREC-2015-07-09,text_for_speaker,0,,1
CREC-2015-07-09-pt1-PgH5030-6,CREC-2015-07-09,text_for_speaker,0,,1
CREC-2015-07-09-pt1-PgH5030-7,CREC-2015-07-09,text_for_speaker,0,,1
CREC-2015-07-09-pt1-PgH5030-8,CREC-2015-07-09,text_for_speaker,0,,1
CREC-2015-07-09-pt1-PgH5030-9,CREC-2015-07-09,text_for_speaker,0,,1
CREC-2015-07-09-pt1-PgH5030-10,CREC-2015-07-09,text_for_speaker,0,,1
CREC-2015-07-09-pt1-PgH5030-11,CREC-2015-07-09,text_for_speaker,0,,1
CREC-2015-07-09-pt1-PgH5030-12,CREC-2015-07-09,text_for_speaker,0,,1
CREC-2015-07-09-pt1-PgH5030-13,CREC-2015-07-09,text_for_speaker,0,,1
CREC-2015-07-09-pt1-PgH5030-14,CREC-2015-07-09,text_for_speaker,0,,1
CREC-2015-07-09-pt1-PgH5030-15,CREC-2015-07-09,text_for_speaker,0,,1
CREC-2015-07-09-pt1-PgH5030-16,CREC-2015-07-09,text_for_speaker,0,,1
CREC-2015-07-09-pt1-PgH5030-18,CREC-2015-07-09,text_for_speaker,0,,1
CREC-2015-07-09-pt1-PgH5030-17,CREC-2015-07-09,text_for_speaker,0,,1
CREC-2015-07-09-pt1-PgH5030-19,CREC-2015-07-09,text_for_speaker,0,,1
CREC-2015-07-09-pt1-PgH5030-20,CREC-2015-07-09,text_for_speaker,0,,1
CREC-2015-07-09-pt1-PgH5030-21,CREC-2015-07-09,text_for_speaker,0,,1
CREC-2015-07-09-pt1-PgH5030-22,CREC-2015-07-09,text_for_speaker,0,,1
CREC-2015-07-09-pt1-PgH5030-23,CREC-2015-07-09,text_for_speaker,0,,1
CREC-2015-07-09-pt1-PgH5031,CREC-2015-07-09,text_for_speaker,0,,1
CREC-2015-07-09-pt1-PgH5031-2,CREC-2015-07-09,text_for_speaker,0,,1
CREC-2015-07-09-pt1-PgH5031-4,CREC-2015-07-09,text_for_speaker,0,,1
CREC-2015-07-09-pt1-PgH5031-3,CREC-2015-07-09,text_for_speaker,0,,1
CREC-2015-07-09-pt1-PgH5031-6,CREC-2015-07-09,text_for_speaker,0,,1
CREC-2015-07-09-pt1-PgH5031-7,CREC-2015-07-09,text_for_speaker,0,,1
CREC-2015-07-09-pt1-PgH5031-8,CREC-2015-07-09,text_for_speaker,0,,1
CREC-2015-07-09-pt1-PgS-FrontMatter-8,CREC-2015-07-09,text_for_speaker,0,,1
CREC-2015-07-09-pt1-PgH5031-5,CREC-2015-07-09,text_for_speaker,0,,1
CREC-2015-07-09-pt1-PgS4901,CREC-2015-07-09,text_for_speaker,0,,1
CREC-2015-07-09-pt1-PgS4901-2,CREC-2015-07-09,text_for_speaker,0,,1
CREC-2015-07-09-pt1-PgS4901-3,CREC-2015-07-09,text_for_speaker,0,,1
CREC-2015-07-09-pt1-PgS4901-5,CREC-2015-07-09,text_for_speaker,0,,1
CREC-2015-07-09-pt1-PgS4901-6,CREC-2015-07-09,text_for_speaker,0,,1
CREC-2015-07-09-pt1-PgS4902,CREC-2015-07-09,text_for_speaker,0,,1
CREC-2015-07-09-pt1-PgS4902-2,CREC-2015-07-09,text_for_speaker,0,,1
CREC-2015-07-09-pt1-PgS4904,CREC-2015-07-09,text_for_speaker,0,,1
CREC-2015-07-09-pt1-PgS4947,CREC-2015-07-09,text_for_speaker,0,,1
CREC-2015-07-09-pt1-PgS4950-3,CREC-2015-07-09,text_for_speaker,0,,1
CREC-2015-07-09-pt1-PgS4950-2,CREC-2015-07-09,text_for_speaker,0,,1
CREC-2015-07-09-pt1-PgS4950-4,CREC-2015-07-09,text_for_speaker,0,,1
CREC-2015-07-09-pt1-PgS4950-5,CREC-2015-07-09,text_for_speaker,0,,1
CREC-2015-07-09-pt1-PgS4952,CREC-2015-07-09,text_for_speaker,0,,1
CREC-2015-07-09-pt1-PgS4952-3,CREC-2015-07-09,text_for_speaker,0,,1
CREC-2015-07-09-pt1-PgS4952-2,CREC-2015-07-09,text_for_speaker,0,,1
CREC-2015-07-09-pt1-PgS4953,CREC-2015-07-09,text_for_speaker,0,,1
CREC-2015-07-09-pt1-PgS4953-2,CREC-2015-07-09,text_for_speaker,0,,1
CREC-2015-07-09-pt1-PgS4962-2,CREC-2015-07-09,text_for_speaker,0,,1
CREC-2015-07-09-pt1-PgS4962,CREC-2015-07-09,text_for_speaker,0,,1
CREC-2015-07-09-pt1-PgS4962-3,CREC-2015-07-09,text_for_speaker,0,,1
CREC-2015-07-09-pt1-PgS4963,CREC-2015-07-09,text_for_speaker,0,,1
CREC-2015-07-09-pt1-PgS4964-2,CREC-2015-07-09,text_for_speaker,0,,1
CREC-2015-07-09-pt1-PgS4964-3,CREC-2015-07-09,text_for_speaker,0,,1
CREC-2015-07-09-pt1-PgS4964,CREC-2015-07-09,text_for_speaker,0,,1
CREC-2015-07-09-pt1-PgS4964-4,CREC-2015-07-09,text_for_speaker,0,,1
CREC-2015-07-09-pt1-PgS4965,CREC-2015-07-09,text_for_speaker,0,,1
CREC-2015-07-09-pt1-PgS4965-2,CREC-2015-07-09,text_for_speaker,0,,1
CREC-2015-07-09-pt1-PgS4965-4,CREC-2015-07-09,text_for_speaker,0,,1
CREC-2015-07-09-pt1-PgS4965-3,CREC-2015-07-09,text_for_speaker,0,,1
CREC-2015-07-09-pt1-PgS4965-5,CREC-2015-07-09,text_for_speaker,0,,1
CREC-2015-07-09-pt1-PgS4968,CREC-2015-07-09,text_for_speaker,0,,1
CREC-2015-07-09-pt1-PgS4967,CREC-2015-07-09,text_for_speaker,0,,1
CREC-2015-07-09-pt1-PgS4968-2,CREC-2015-07-09,text_for_speaker,0,,1
CREC-2015-07-09-pt1-PgS4969,CREC-2015-07-09,text_for_speaker,0,,1
CREC-2015-07-09-pt1-PgS4971,CREC-2015-07-09,text_for_speaker,0,,1
CREC-2015-07-09-pt1-PgS4972-2,CREC-2015-07-09,text_for_speaker,0,,1
CREC-2015-07-09-pt1-PgS4972,CREC-2015-07-09,text_for_speaker,0,,1
CREC-2015-07-09-pt1-PgS4973,CREC-2015-07-09,text_for_speaker,0,,1
CREC-2015-07-09-pt1-PgS4973-2,CREC-2015-07-09,text_for_speaker,0,,1
CREC-2015-07-09-pt1-PgS4974,CREC-2015-07-09,text_for_speaker,0,,1
CREC-2015-07-09-pt1-PgS4974-2,CREC-2015-07-09,text_for_speaker,0,,1
CREC-2015-07-09-pt1-PgS4974-3,CREC-2015-07-09,text_for_speaker,0,,1
CREC-2015-07-09-pt1-PgS4974-4,CREC-2015-07-09,text_for_speaker,0,,1
CREC-2015-07-09-pt1-PgS4975,CREC-2015-07-09,text_for_speaker,0,,1
CREC-2015-07-09-pt1-PgS4975-3,CREC-2015-07-09,text_for_speaker,0,,1
CREC-2015-07-09-pt1-PgS4975-2,CREC-2015-07-09,text_for_speaker,0,,1
CREC-2015-07-09-pt1-PgS4975-4,CREC-2015-07-09,text_for_speaker,0,,1
CREC-2015-07-09-pt1-PgS4976,CREC-2015-07-09,text_for_speaker,0,,1
CREC-2015-07-09-pt1-PgS4975-5,CREC-2015-07-09,text_for_speaker,0,,1
CREC-2015-07-09-pt1-PgS4976-2,CREC-2015-07-09,text_for_speaker,0,,1
CREC-2015-07-09-pt1-PgS4976-3,CREC-2015-07-09,text_for_speaker,0,,1
CREC-2015-07-09-pt1-PgS4977,CREC-2015-07-09,text_for_speaker,0,,2
CREC-2015-07-09-pt1-PgS4978,CREC-2015-07-09,text_for_speaker,0,,1
CREC-2015-07-09-pt1-PgS4978-3,CREC-2015-07-09,text_for_speaker,0,,1
CREC-2015-07-09-pt1-PgS4978-2,CREC-2015-07-09,text_for_speaker,0,,1
CREC-2015-07-09-pt1-PgS4978-4,CREC-2015-07-09,text_for_speaker,0,,1
CREC-2015-07-09-pt1-PgS4979-2,CREC-2015-07-09,text_for_speaker,0,,1
CREC-2015-07-09-pt1-PgS4979,CREC-2015-07-09,text_for_speaker,0,,1
CREC-2015-07-09-pt1-PgS4979-3,CREC-2015-07-09,text_for_speaker,0,,1
CREC-2015-07-09-pt1-PgS4984-3,CREC-2015-07-09,text_for_speaker,0,,1
CREC-2015-07-09-pt1-PgS4984-5,CREC-2015-07-09,text_for_speaker,0,,1
CREC-2015-07-09-pt1-PgS4984-6,CREC-2015-07-09,text_for_speaker,0,,1
CREC-2015-07-09-pt1-PgS4984-7,CREC-2015-07-09,text_for_speaker,0,,1
CREC-2015-07-09-pt1-PgE1030-2,CREC-2015-07-09,text_for_speaker,0,,1
CREC-2015-07-09-pt1-PgD801,CREC-2015-07-09,text_for_speaker,0,,1
CREC-2015-07-09-pt1-PgD803,CREC-2015-07-09,text_for_speaker,0,,1
CREC-2015-07-09-pt1-PgD804,CREC-2015-07-09,text_for_speaker,0,,1
CREC-2015-07-09-pt1-PgD805,CREC-2015-07-09,text_for_speaker,0,,1
CREC-2015-07-09-pt1-PgD807,CREC-2015-07-09,text_for_speaker,0,,1
CREC-2015-07-09-pt1-PgD807-2,CREC-2015-07-09,text_for_speaker,0,,1
CREC-2015-07-13-pt1-PgH-FrontMatter-2,CREC-2015-07-13,text_for_speaker,0,,1
CREC-2015-07-13-pt1-PgH5091-2,CREC-2015-07-13,text_for_speaker,0,,1
CREC-2015-07-13-pt1-PgH5091,CREC-2015-07-13,text_for_speaker,0,,1
CREC-2015-07-13-pt1-PgH5093-3,CREC-2015-07-13,text_for_speaker,0,,1
CREC-2015-07-13-pt1-PgH5093-4,CREC-2015-07-13,text_for_speaker,0,,1
CREC-2015-07-13-pt1-PgH5094-3,CREC-2015-07-13,text_for_speaker,0,,1
CREC-2015-07-13-pt1-PgH5094-4,CREC-2015-07-13,text_for_speaker,0,,1
CREC-2015-07-13-pt1-PgH5095,CREC-2015-07-13,text_for_speaker,0,,1
CREC-2015-07-13-pt1-PgH5095-3,CREC-2015-07-13,text_for_speaker,0,,1
CREC-2015-07-13-pt1-PgH5104-2,CREC-2015-07-13,text_for_speaker,0,,1
CREC-2015-07-13-pt1-PgH5115,CREC-2015-07-13,text_for_speaker,0,,1
CREC-2015-07-13-pt1-PgH5115-2,CREC-2015-07-13,text_for_speaker,0,,1
CREC-2015-07-13-pt1-PgH5115-3,CREC-2015-07-13,text_for_speaker,0,,1
CREC-2015-07-13-pt1-PgH5115-4,CREC-2015-07-13,text_for_speaker,0,,1
CREC-2015-07-13-pt1-PgH5115-6,CREC-2015-07-13,text_for_speaker,0,,1
CREC-2015-07-13-pt1-PgH5116-2,CREC-2015-07-13,text_for_speaker,0,,1
CREC-2015-07-13-pt1-PgH5117,CREC-2015-07-13,text_for_speaker,0,,1
CREC-2015-07-13-pt1-PgH5117-2,CREC-2015-07-13,text_for_speaker,0,,1
CREC-2015-07-13-pt1-PgH5117-3,CREC-2015-07-13,text_for_speaker,0,,1
CREC-2015-07-13-pt1-PgH5117-4,CREC-2015-07-13,text_for_speaker,0,,1
CREC-2015-07-13-pt1-PgH5117-5,CREC-2015-07-13,text_for_speaker,0,,1
CREC-2015-07-13-pt1-PgH5117-6,CREC-2015-07-13,text_for_speaker,0,,1
CREC-2015-07-13-pt1-PgH5117-7,CREC-2015-07-13,text_for_speaker,0,,1
CREC-2015-07-13-pt1-PgH5117-8,CREC-2015-07-13,text_for_speaker,0,,1
CREC-2015-07-13-pt1-PgH5117-9,CREC-2015-07-13,text_for_speaker,0,,1
CREC-2015-07-13-pt1-PgH5117-10,CREC-2015-07-13,text_for_speaker,0,,1
CREC-2015-07-13-pt1-PgH5117-11,CREC-2015-07-13,text_for_speaker,0,,1
CREC-2015-07-13-pt1-PgH5117-12,CREC-2015-07-13,text_for_speaker,0,,1
CREC-2015-07-13-pt1-PgH5117-14,CREC-2015-07-13,text_for_speaker,0,,1
CREC-2015-07-13-pt1-PgH5117-13,CREC-2015-07-13,text_for_speaker,0,,1
CREC-2015-07-13-pt1-PgH5117-15,CREC-2015-07-13,text_for_speaker,0,,1
CREC-2015-07-13-pt1-PgH5117-16,CREC-2015-07-13,text_for_speaker,0,,1
CREC-2015-07-13-pt1-PgH5117-17,CREC-2015-07-13,text_for_speaker,0,,1
CREC-2015-07-13-pt1-PgH5118,CREC-2015-07-13,text_for_speaker,0,,1
CREC-2015-07-13-pt1-PgH5117-18,CREC-2015-07-13,text_for_speaker,0,,1
CREC-2015-07-13-pt1-PgH5118-2,CREC-2015-07-13,text_for_speaker,0,,1
CREC-2015-07-13-pt1-PgS4987,CREC-2015-07-13,text_for_speaker,0,,1
CREC-2015-07-13-pt1-PgS-FrontMatter-2,CREC-2015-07-13,text_for_speaker,0,,1
CREC-2015-07-13-pt1-PgS4987-2,CREC-2015-07-13,text_for_speaker,0,,1
CREC-2015-07-13-pt1-PgS4987-4,CREC-2015-07-13,text_for_speaker,0,,1
CREC-2015-07-13-pt1-PgS4987-3,CREC-2015-07-13,text_for_speaker,0,,1
CREC-2015-07-13-pt1-PgS5004-3,CREC-2015-07-13,text_for_speaker,0,,1
CREC-2015-07-13-pt1-PgS5004-2,CREC-2015-07-13,text_for_speaker,0,,1
CREC-2015-07-13-pt1-PgS5004-4,CREC-2015-07-13,text_for_speaker,0,,1
CREC-2015-07-13-pt1-PgS5005-2,CREC-2015-07-13,text_for_speaker,0,,1
CREC-2015-07-13-pt1-PgS5005,CREC-2015-07-13,text_for_speaker,0,,1
CREC-2015-07-13-pt1-PgS5005-3,CREC-2015-07-13,text_for_speaker,0,,1
CREC-2015-07-13-pt1-PgS5005-4,CREC-2015-07-13,text_for_speaker,0,,1
CREC-2015-07-13-pt1-PgS5007,CREC-2015-07-13,text_for_speaker,0,,1
CREC-2015-07-13-pt1-PgS5008,CREC-2015-07-13,text_for_speaker,0,,1
CREC-2015-07-13-pt1-PgS5008-2,CREC-2015-07-13,text_for_speaker,0,,1
CREC-2015-07-13-pt1-PgS5009,CREC-2015-07-13,text_for_speaker,0,,1
CREC-2015-07-13-pt1-PgS5011-2,CREC-2015-07-13,text_for_speaker,0,,1
CREC-2015-07-13-pt1-PgS5012-2,CREC-2015-07-13,text_for_speaker,0,,1
CREC-2015-07-13-pt1-PgS5012,CREC-2015-07-13,text_for_speaker,0,,1
CREC-2015-07-13-pt1-PgS5012-3,CREC-2015-07-13,text_for_speaker,0,,1
CREC-2015-07-13-pt1-PgS5013,CREC-2015-07-13,text_for_speaker,0,,1
CREC-2015-07-13-pt1-PgS5013-2,CREC-2015-07-13,text_for_speaker,0,,1
CREC-2015-07-13-pt1-PgS5012-4,CREC-2015-07-13,text_for_speaker,0,,1
CREC-2015-07-13-pt1-PgS5015-2,CREC-2015-07-13,text_for_speaker,0,,1
CREC-2015-07-13-pt1-PgS5015,CREC-2015-07-13,text_for_speaker,0,,1
CREC-2015-07-13-pt1-PgS5015-3,CREC-2015-07-13,text_for_speaker,0,,1
CREC-2015-07-13-pt1-PgS5015-4,CREC-2015-07-13,text_for_speaker,0,,1
CREC-2015-07-13-pt1-PgS5015-5,CREC-2015-07-13,text_for_speaker,0,,1
CREC-2015-07-13-pt1-PgS5015-6,CREC-2015-07-13,text_for_speaker,0,,1
CREC-2015-07-13-pt1-PgS5015-7,CREC-2015-07-13,text_for_speaker,0,,1
CREC-2015-07-13-pt1-PgS5016,CREC-2015-07-13,text_for_speaker,0,,1
CREC-2015-07-13-pt1-PgS5018,CREC-2015-07-13,text_for_speaker,0,,1
CREC-2015-07-13-pt1-PgS5019-3,CREC-2015-07-13,text_for_speaker,0,,1
CREC-2015-07-13-pt1-PgE1045-2,CREC-2015-07-13,text_for_speaker,0,,1
CREC-2015-07-13-pt1-PgE1056-2,CREC-2015-07-13,text_for_speaker,0,,1
CREC-2015-07-13-pt1-PgD813,CREC-2015-07-13,text_for_speaker,0,,1
CREC-2015-07-13-pt1-PgD814,CREC-2015-07-13,text_for_speaker,0,,1
CREC-2015-07-13-pt1-PgD814-2,CREC-2015-07-13,text_for_speaker,0,,1
CREC-2015-07-13-pt1-PgD815,CREC-2015-07-13,text_for_speaker,0,,1
CREC-2015-07-13-pt1-PgD815-2,CREC-2015-07-13,text_for_speaker,0,,1
CREC-2015-07-13-pt1-PgD816,CREC-2015-07-13,text_for_speaker,0,,1
CREC-2015-07-13-pt1-PgD817,CREC-2015-07-13,text_for_speaker,0,,1
CREC-2015-07-14-pt1-PgH5119-2,CREC-2015-07-14,text_for_speaker,0,,1
CREC-2015-07-14-pt1-PgH-FrontMatter-2,CREC-2015-07-14,text_for_speaker,0,,1
CREC-2015-07-14-pt1-PgH5119,CREC-2015-07-14,text_for_speaker,0,,1
CREC-2015-07-14-pt1-PgH5123-2,CREC-2015-07-14,text_for_speaker,0,,1
CREC-2015-07-14-pt1-PgH5123-3,CREC-2015-07-14,text_for_speaker,0,,1
CREC-2015-07-14-pt1-PgH5125-3,CREC-2015-07-14,text_for_speaker,0,,1
CREC-2015-07-14-pt1-PgH5127,CREC-2015-07-14,text_for_speaker,0,,1
CREC-2015-07-14-pt1-PgH5159,CREC-2015-07-14,text_for_speaker,0,,1
CREC-2015-07-14-pt1-PgH5168,CREC-2015-07-14,text_for_speaker,0,,1
CREC-2015-07-14-pt1-PgH5168-2,CREC-2015-07-14,text_for_speaker,0,,1
CREC-2015-07-14-pt1-PgH5168-4,CREC-2015-07-14,text_for_speaker,0,,1
CREC-2015-07-14-pt1-PgH5170-2,CREC-2015-07-14,text_for_speaker,0,,1
CREC-2015-07-14-pt1-PgH5171-2,CREC-2015-07-14,text_for_speaker,0,,1
CREC-2015-07-14-pt1-PgH5172,CREC-2015-07-14,text_for_speaker,0,,1
CREC-2015-07-14-pt1-PgH5172-3,CREC-2015-07-14,text_for_speaker,0,,1
CREC-2015-07-14-pt1-PgH5172-2,CREC-2015-07-14,text_for_speaker,0,,1
CREC-2015-07-14-pt1-PgH5172-4,CREC-2015-07-14,text_for_speaker,0,,1
CREC-2015-07-14-pt1-PgH5172-6,CREC-2015-07-14,text_for_speaker,0,,1
CREC-2015-07-14-pt1-PgH5172-5,CREC-2015-07-14,text_for_speaker,0,,1
CREC-2015-07-14-pt1-PgH5172-7,CREC-2015-07-14,text_for_speaker,0,,1
CREC-2015-07-14-pt1-PgH5172-8,CREC-2015-07-14,text_for_speaker,0,,1
CREC-2015-07-14-pt1-PgH5172-10,CREC-2015-07-14,text_for_speaker,0,,1
CREC-2015-07-14-pt1-PgH5172-9,CREC-2015-07-14,text_for_speaker,0,,1
CREC-2015-07-14-pt1-PgH5172-12,CREC-2015-07-14,text_for_speaker,0,,1
CREC-2015-07-14-pt1-PgH5172-11,CREC-2015-07-14,text_for_speaker,0,,1
CREC-2015-07-14-pt1-PgH5172-13,CREC-2015-07-14,text_for_speaker,0,,1
CREC-2015-07-14-pt1-PgH5172-14,CREC-2015-07-14,text_for_speaker,0,,1
CREC-2015-07-14-pt1-PgH5172-15,CREC-2015-07-14,text_for_speaker,0,,1
CREC-2015-07-14-pt1-PgH5172-16,CREC-2015-07-14,text_for_speaker,0,,1
CREC-2015-07-14-pt1-PgH5172-17,CREC-2015-07-14,text_for_speaker,0,,1
CREC-2015-07-14-pt1-PgH5173,CREC-2015-07-14,text_for_speaker,0,,1
CREC-2015-07-14-pt1-PgH5173-2,CREC-2015-07-14,text_for_speaker,0,,1
CREC-2015-07-14-pt1-PgH5172-18,CREC-2015-07-14,text_for_speaker,0,,1
CREC-2015-07-14-pt1-PgS-FrontMatter-2,CREC-2015-07-14,text_for_speaker,0,,1
CREC-2015-07-14-pt1-PgS5021,CREC-2015-07-14,text_for_speaker,0,,1
CREC-2015-07-14-pt1-PgS5021-2,CREC-2015-07-14,text_for_speaker,0,,1
CREC-2015-07-14-pt1-PgS5021-3,CREC-2015-07-14,text_for_speaker,0,,1
CREC-2015-07-14-pt1-PgS5021-4,CREC-2015-07-14,text_for_speaker,0,,1
CREC-2015-07-14-pt1-PgS5021-5,CREC-2015-07-14,text_for_speaker,0,,1
CREC-2015-07-14-pt1-PgS5022,CREC-2015-07-14,text_for_speaker,0,,1
CREC-2015-07-14-pt1-PgS5059,CREC-2015-07-14,text_for_speaker,0,,1
CREC-2015-07-14-pt1-PgS5061,CREC-2015-07-14,text_for_speaker,0,,1
CREC-2015-07-14-pt1-PgS5060-3,CREC-2015-07-14,text_for_speaker,0,,1
CREC-2015-07-14-pt1-PgS5061-2,CREC-2015-07-14,text_for_speaker,0,,1
CREC-2015-07-14-pt1-PgS5061-3,CREC-2015-07-14,text_for_speaker,0,,1
CREC-2015-07-14-pt1-PgS5061-5,CREC-2015-07-14,text_for_speaker,0,,1
CREC-2015-07-14-pt1-PgS5061-4,CREC-2015-07-14,text_for_speaker,0,,1
CREC-2015-07-14-pt1-PgS5061-6,CREC-2015-07-14,text_for_speaker,0,,1
CREC-2015-07-14-pt1-PgS5063-3,CREC-2015-07-14,text_for_speaker,0,,1
CREC-2015-07-14-pt1-PgS5063-4,CREC-2015-07-14,text_for_speaker,0,,1
CREC-2015-07-14-pt1-PgS5064-2,CREC-2015-07-14,text_for_speaker,0,,1
CREC-2015-07-14-pt1-PgS5064-3,CREC-2015-07-14,text_for_speaker,0,,1
CREC-2015-07-14-pt1-PgS5064,CREC-2015-07-14,text_for_speaker,0,,1
CREC-2015-07-14-pt1-PgS5065,CREC-2015-07-14,text_for_speaker,0,,1
CREC-2015-07-14-pt1-PgS5065-2,CREC-2015-07-14,text_for_speaker,0,,1
CREC-2015-07-14-pt1-PgS5065-3,CREC-2015-07-14,text_for_speaker,0,,1
CREC-2015-07-14-pt1-PgS5066,CREC-2015-07-14,text_for_speaker,0,,1
CREC-2015-07-14-pt1-PgS5066-2,CREC-2015-07-14,text_for_speaker,0,,1
CREC-2015-07-14-pt1-PgS5067,CREC-2015-07-14,text_for_speaker,0,,1
CREC-2015-07-14-pt1-PgS5066-3,CREC-2015-07-14,text_for_speaker,0,,1
CREC-2015-07-14-pt1-PgS5066-4,CREC-2015-07-14,text_for_speaker,0,,1
CREC-2015-07-14-pt1-PgS5067-2,CREC-2015-07-14,text_for_speaker,0,,1
CREC-2015-07-14-pt1-PgS5067-3,CREC-2015-07-14,text_for_speaker,0,,1
CREC-2015-07-14-pt1-PgS5068,CREC-2015-07-14,text_for_speaker,0,,1
CREC-2015-07-14-pt1-PgS5069,CREC-2015-07-14,text_for_speaker,0,,1
CREC-2015-07-14-pt1-PgS5080,CREC-2015-07-14,text_for_speaker,0,,1
CREC-2015-07-14-pt1-PgS5078,CREC-2015-07-14,text_for_speaker,0,,1
CREC-2015-07-14-pt1-PgS5080-2,CREC-2015-07-14,text_for_speaker,0,,1
CREC-2015-07-14-pt1-PgS5080-3,CREC-2015-07-14,text_for_speaker,0,,1
CREC-2015-07-14-pt1-PgS5080-4,CREC-2015-07-14,text_for_speaker,0,,1
CREC-2015-07-14-pt1-PgS5085,CREC-2015-07-14,text_for_speaker,0,,1
CREC-2015-07-14-pt1-PgS5082,CREC-2015-07-14,text_for_speaker,0,,1
CREC-2015-07-14-pt1-PgS5086,CREC-2015-07-14,text_for_speaker,0,,1
CREC-2015-07-14-pt1-PgS5086-2,CREC-2015-07-14,text_for_speaker,0,,1
CREC-2015-07-14-pt1-PgS5085-2,CREC-2015-07-14,text_for_speaker,0,,1
CREC-2015-07-14-pt1-PgS5087-3,CREC-2015-07-14,text_for_speaker,0,,1
CREC-2015-07-14-pt1-PgS5087,CREC-2015-07-14,text_for_speaker,0,,1
CREC-2015-07-14-pt1-PgS5087-2,CREC-2015-07-14,text_for_speaker,0,,2
CREC-2015-07-14-pt1-PgS5090-6,CREC-2015-07-14,text_for_speaker,0,,1
CREC-2015-07-14-pt1-PgD819,CREC-2015-07-14,text_for_speaker,0,,1
CREC-2015-07-14-pt1-PgD820,CREC-2015-07-14,text_for_speaker,0,,1
CREC-2015-07-14-pt1-PgD821,CREC-2015-07-14,text_for_speaker,0,,1
CREC-2015-07-14-pt1-PgD822,CREC-2015-07-14,text_for_speaker,0,,1
CREC-2015-07-14-pt1-PgD824,CREC-2015-07-14,text_for_speaker,0,,1
CREC-2015-07-14-pt1-PgD825,CREC-2015-07-14,text_for_speaker,0,,1
CREC-2015-07-15-pt1-PgH-FrontMatter-2,CREC-2015-07-15,text_for_speaker,0,,1
CREC-2015-07-15-pt1-PgH5175-2,CREC-2015-07-15,text_for_speaker,0,,1
CREC-2015-07-15-pt1-PgH5175,CREC-2015-07-15,text_for_speaker,0,,1
CREC-2015-07-15-pt1-PgH5183-3,CREC-2015-07-15,text_for_speaker,0,,1
CREC-2015-07-15-pt1-PgH5183-4,CREC-2015-07-15,text_for_speaker,0,,1
CREC-2015-07-15-pt1-PgH5184,CREC-2015-07-15,text_for_speaker,0,,1
CREC-2015-07-15-pt1-PgH5185,CREC-2015-07-15,text_for_speaker,0,,1
CREC-2015-07-15-pt1-PgH5214,CREC-2015-07-15,text_for_speaker,0,,1
CREC-2015-07-15-pt1-PgH5234-2,CREC-2015-07-15,text_for_speaker,0,,1
CREC-2015-07-15-pt1-PgH5234-4,CREC-2015-07-15,text_for_speaker,0,,1
CREC-2015-07-15-pt1-PgH5235-2,CREC-2015-07-15,text_for_speaker,0,,1
CREC-2015-07-15-pt1-PgH5237,CREC-2015-07-15,text_for_speaker,0,,1
CREC-2015-07-15-pt1-PgH5237-3,CREC-2015-07-15,text_for_speaker,0,,1
CREC-2015-07-15-pt1-PgH5237-2,CREC-2015-07-15,text_for_speaker,0,,1
CREC-2015-07-15-pt1-PgH5237-6,CREC-2015-07-15,text_for_speaker,0,,1
CREC-2015-07-15-pt1-PgH5237-4,CREC-2015-07-15,text_for_speaker,0,,1
CREC-2015-07-15-pt1-PgH5237-5,CREC-2015-07-15,text_for_speaker,0,,1
CREC-2015-07-15-pt1-PgH5237-7,CREC-2015-07-15,text_for_speaker,0,,1
CREC-2015-07-15-pt1-PgH5237-9,CREC-2015-07-15,text_for_speaker,0,,1
CREC-2015-07-15-pt1-PgH5237-8,CREC-2015-07-15,text_for_speaker,0,,1
CREC-2015-07-15-pt1-PgH5237-12,CREC-2015-07-15,text_for_speaker,0,,1
CREC-2015-07-15-pt1-PgH5237-10,CREC-2015-07-15,text_for_speaker,0,,1
CREC-2015-07-15-pt1-PgH5237-11,CREC-2015-07-15,text_for_speaker,0,,1
CREC-2015-07-15-pt1-PgH5238,CREC-2015-07-15,text_for_speaker,0,,1
CREC-2015-07-15-pt1-PgH5238-2,CREC-2015-07-15,text_for_speaker,0,,1
CREC-2015-07-15-pt1-PgH5238-3,CREC-2015-07-15,text_for_speaker,0,,1
CREC-2015-07-15-pt1-PgH5238-4,CREC-2015-07-15,text_for_speaker,0,,1
CREC-2015-07-15-pt1-PgH5238-5,CREC-2015-07-15,text_for_speaker,0,,1
CREC-2015-07-15-pt1-PgH5238-6,CREC-2015-07-15,text_for_speaker,0,,1
CREC-2015-07-15-pt1-PgH5238-7,CREC-2015-07-15,text_for_speaker,0,,1
CREC-2015-07-15-pt1-PgH5238-8,CREC-2015-07-15,text_for_speaker,0,,1
CREC-2015-07-15-pt1-PgH5238-9,CREC-2015-07-15,text_for_speaker,0,,1
CREC-2015-07-15-pt1-PgH5238-10,CREC-2015-07-15,text_for_speaker,0,,1
CREC-2015-07-15-pt1-PgH5239,CREC-2015-07-15,text_for_speaker,0,,1
CREC-2015-07-15-pt1-PgH5238-11,CREC-2015-07-15,text_for_speaker,0,,1
CREC-2015-07-15-pt1-PgH5239-2,CREC-2015-07-15,text_for_speaker,0,,1
CREC-2015-07-15-pt1-PgS-FrontMatter-2,CREC-2015-07-15,text_for_speaker,0,,1
CREC-2015-07-15-pt1-PgS5091,CREC-2015-07-15,text_for_speaker,0,,1
CREC-2015-07-15-pt1-PgS5091-2,CREC-2015-07-15,text_for_speaker,0,,1
CREC-2015-07-15-pt1-PgS5091-3,CREC-2015-07-15,text_for_speaker,0,,1
CREC-2015-07-15-pt1-PgS5091-4,CREC-2015-07-15,text_for_speaker,0,,1
CREC-2015-07-15-pt1-PgS5091-5,CREC-2015-07-15,text_for_speaker,0,,1
CREC-2015-07-15-pt1-PgS5091-6,CREC-2015-07-15,text_for_speaker,0,,1
CREC-2015-07-15-pt1-PgS5091-7,CREC-2015-07-15,text_for_speaker,0,,1
CREC-2015-07-15-pt1-PgS5125-4,CREC-2015-07-15,text_for_speaker,0,,1
CREC-2015-07-15-pt1-PgS5125-5,CREC-2015-07-15,text_for_speaker,0,,1
CREC-2015-07-15-pt1-PgS5126,CREC-2015-07-15,text_for_speaker,0,,1
CREC-2015-07-15-pt1-PgS5126-2,CREC-2015-07-15,text_for_speaker,0,,1
CREC-2015-07-15-pt1-PgS5128,CREC-2015-07-15,text_for_speaker,0,,1
CREC-2015-07-15-pt1-PgS5129,CREC-2015-07-15,text_for_speaker,0,,1
CREC-2015-07-15-pt1-PgS5126-3,CREC-2015-07-15,text_for_speaker,0,,1
CREC-2015-07-15-pt1-PgS5129-2,CREC-2015-07-15,text_for_speaker,0,,1
CREC-2015-07-15-pt1-PgS5131-3,CREC-2015-07-15,text_for_speaker,0,,1
CREC-2015-07-15-pt1-PgS5131-4,CREC-2015-07-15,text_for_speaker,0,,1
CREC-2015-07-15-pt1-PgS5131-5,CREC-2015-07-15,text_for_speaker,0,,2
CREC-2015-07-15-pt1-PgS5132-3,CREC-2015-07-15,text_for_speaker,0,,1
CREC-2015-07-15-pt1-PgS5132-4,CREC-2015-07-15,text_for_speaker,0,,1
CREC-2015-07-15-pt1-PgE1076-2,CREC-2015-07-15,text_for_speaker,0,,1
CREC-2015-07-15-pt1-PgD828,CREC-2015-07-15,text_for_speaker,0,,1
CREC-2015-07-15-pt1-PgD832,CREC-2015-07-15,text_for_speaker,0,,1
CREC-2015-07-15-pt1-PgD831,CREC-2015-07-15,text_for_speaker,0,,1
CREC-2015-07-15-pt1-PgD833,CREC-2015-07-15,text_for_speaker,0,,1
CREC-2015-07-15-pt1-PgD835-2,CREC-2015-07-15,text_for_speaker,0,,1
CREC-2015-07-15-pt1-PgD835,CREC-2015-07-15,text_for_speaker,0,,1
CREC-2015-07-16-pt1-PgH5241-2,CREC-2015-07-16,text_for_speaker,0,,1
CREC-2015-07-16-pt1-PgH5241,CREC-2015-07-16,text_for_speaker,0,,1
CREC-2015-07-16-pt1-PgH-FrontMatter-3,CREC-2015-07-16,text_for_speaker,0,,1
CREC-2015-07-16-pt1-PgH5286,CREC-2015-07-16,text_for_speaker,0,,1
CREC-2015-07-16-pt1-PgH5288-2,CREC-2015-07-16,text_for_speaker,0,,1
CREC-2015-07-16-pt1-PgH5288-4,CREC-2015-07-16,text_for_speaker,0,,1
CREC-2015-07-16-pt1-PgH5288-5,CREC-2015-07-16,text_for_speaker,0,,1
CREC-2015-07-16-pt1-PgH5288-6,CREC-2015-07-16,text_for_speaker,0,,1
CREC-2015-07-16-pt1-PgH5291,CREC-2015-07-16,text_for_speaker,0,,1
CREC-2015-07-16-pt1-PgH5291-2,CREC-2015-07-16,text_for_speaker,0,,1
CREC-2015-07-16-pt1-PgH5289-2,CREC-2015-07-16,text_for_speaker,0,,1
CREC-2015-07-16-pt1-PgH5291-3,CREC-2015-07-16,text_for_speaker,0,,1
CREC-2015-07-16-pt1-PgH5291-5,CREC-2015-07-16,text_for_speaker,0,,1
CREC-2015-07-16-pt1-PgH5291-4,CREC-2015-07-16,text_for_speaker,0,,1
CREC-2015-07-16-pt1-PgH5291-6,CREC-2015-07-16,text_for_speaker,0,,1
CREC-2015-07-16-pt1-PgH5291-7,CREC-2015-07-16,text_for_speaker,0,,1
CREC-2015-07-16-pt1-PgH5292,CREC-2015-07-16,text_for_speaker,0,,1
CREC-2015-07-16-pt1-PgH5292-2,CREC-2015-07-16,text_for_speaker,0,,1
CREC-2015-07-16-pt1-PgH5292-3,CREC-2015-07-16,text_for_speaker,0,,1
CREC-2015-07-16-pt1-PgH5292-4,CREC-2015-07-16,text_for_speaker,0,,1
CREC-2015-07-16-pt1-PgH5292-5,CREC-2015-07-16,text_for_speaker,0,,1
CREC-2015-07-16-pt1-PgH5292-6,CREC-2015-07-16,text_for_speaker,0,,1
CREC-2015-07-16-pt1-PgH5292-7,CREC-2015-07-16,text_for_speaker,0,,1
CREC-2015-07-16-pt1-PgH5292-9,CREC-2015-07-16,text_for_speaker,0,,1
CREC-2015-07-16-pt1-PgH5292-8,CREC-2015-07-16,text_for_speaker,0,,1
CREC-2015-07-16-pt1-PgH5292-10,CREC-2015-07-16,text_for_speaker,0,,1
CREC-2015-07-16-pt1-PgH5292-12,CREC-2015-07-16,text_for_speaker,0,,1
CREC-2015-07-16-pt1-PgH5292-11,CREC-2015-07-16,text_for_speaker,0,,1
CREC-2015-07-16-pt1-PgH5292-13,CREC-2015-07-16,text_for_speaker,0,,1
CREC-2015-07-16-pt1-PgH5292-14,CREC-2015-07-16,text_for_speaker,0,,1
CREC-2015-07-16-pt1-PgH5292-15,CREC-2015-07-16,text_for_speaker,0,,1
CREC-2015-07-16-pt1-PgH5292-16,CREC-2015-07-16,text_for_speaker,0,,1
CREC-2015-07-16-pt1-PgH5292-17,CREC-2015-07-16,text_for_speaker,0,,1
CREC-2015-07-16-pt1-PgH5292-18,CREC-2015-07-16,text_for_speaker,0,,1
CREC-2015-07-16-pt1-PgH5292-20,CREC-2015-07-16,text_for_speaker,0,,1
CREC-2015-07-16-pt1-PgH5292-19,CREC-2015-07-16,text_for_speaker,0,,1
CREC-2015-07-16-pt1-PgH5292-21,CREC-2015-07-16,text_for_speaker,0,,1
CREC-2015-07-16-pt1-PgH5292-23,CREC-2015-07-16,text_for_speaker,0,,1
CREC-2015-07-16-pt1-PgH5292-22,CREC-2015-07-16,text_for_speaker,0,,1
CREC-2015-07-16-pt1-PgH5292-24,CREC-2015-07-16,text_for_speaker,0,,1
CREC-2015-07-16-pt1-PgH5292-25,CREC-2015-07-16,text_for_speaker,0,,1
CREC-2015-07-16-pt1-PgH5292-26,CREC-2015-07-16,text_for_speaker,0,,1
CREC-2015-07-16-pt1-PgH5293,CREC-2015-07-16,text_for_speaker,0,,1
CREC-2015-07-16-pt1-PgS5133,CREC-2015-07-16,text_for_speaker,0,,1
CREC-2015-07-16-pt1-PgH5293-2,CREC-2015-07-16,text_for_speaker,0,,1
CREC-2015-07-16-pt1-PgS-FrontMatter-2,CREC-2015-07-16,text_for_speaker,0,,1
CREC-2015-07-16-pt1-PgS5133-2,CREC-2015-07-16,text_for_speaker,0,,1
CREC-2015-07-16-pt1-PgS5133-3,CREC-2015-07-16,text_for_speaker,0,,1
CREC-2015-07-16-pt1-PgS5133-4,CREC-2015-07-16,text_for_speaker,0,,1
CREC-2015-07-16-pt1-PgS5133-5,CREC-2015-07-16,text_for_speaker,0,,1
CREC-2015-07-16-pt1-PgS5133-7,CREC-2015-07-16,text_for_speaker,0,,1
CREC-2015-07-16-pt1-PgS5166,CREC-2015-07-16,text_for_speaker,0,,1
CREC-2015-07-16-pt1-PgS5166-2,CREC-2015-07-16,text_for_speaker,0,,1
CREC-2015-07-16-pt1-PgS5169-2,CREC-2015-07-16,text_for_speaker,0,,1
CREC-2015-07-16-pt1-PgS5169-3,CREC-2015-07-16,text_for_speaker,0,,1
CREC-2015-07-16-pt1-PgS5169-4,CREC-2015-07-16,text_for_speaker,0,,1
CREC-2015-07-16-pt1-PgS5169-5,CREC-2015-07-16,text_for_speaker,0,,1
CREC-2015-07-16-pt1-PgS5169-7,CREC-2015-07-16,text_for_speaker,0,,1
CREC-2015-07-16-pt1-PgS5169-6,CREC-2015-07-16,text_for_speaker,0,,1
CREC-2015-07-16-pt1-PgS5170,CREC-2015-07-16,text_for_speaker,0,,1
CREC-2015-07-16-pt1-PgS5170-2,CREC-2015-07-16,text_for_speaker,0,,1
CREC-2015-07-16-pt1-PgS5172-2,CREC-2015-07-16,text_for_speaker,0,,1
CREC-2015-07-16-pt1-PgS5174,CREC-2015-07-16,text_for_speaker,0,,1
CREC-2015-07-16-pt1-PgS5174-2,CREC-2015-07-16,text_for_speaker,0,,1
CREC-2015-07-16-pt1-PgS5174-3,CREC-2015-07-16,text_for_speaker,0,,1
CREC-2015-07-16-pt1-PgS5175-4,CREC-2015-07-16,text_for_speaker,0,,1
CREC-2015-07-16-pt1-PgS5175-5,CREC-2015-07-16,text_for_speaker,0,,1
CREC-2015-07-16-pt1-PgS5175-6,CREC-2015-07-16,text_for_speaker,0,,1
CREC-2015-07-16-pt1-PgD838,CREC-2015-07-16,text_for_speaker,0,,1
CREC-2015-07-16-pt1-PgD840,CREC-2015-07-16,text_for_speaker,0,,1
CREC-2015-07-16-pt1-PgD841,CREC-2015-07-16,text_for_speaker,0,,1
CREC-2015-07-16-pt1-PgD842,CREC-2015-07-16,text_for_speaker,0,,1
CREC-2015-07-16-pt1-PgD843,CREC-2015-07-16,text_for_speaker,0,,1
CREC-2015-07-16-pt1-PgD843-2,CREC-2015-07-16,text_for_speaker,0,,1
CREC-2015-07-21-pt1-PgH5299-2,CREC-2015-07-21,text_for_speaker,0,,1
CREC-2015-07-21-pt1-PgH5299,CREC-2015-07-21,text_for_speaker,0,,1
CREC-2015-07-21-pt1-PgH-FrontMatter-5,CREC-2015-07-21,text_for_speaker,0,,1
CREC-2015-07-21-pt1-PgH5302-2,CREC-2015-07-21,text_for_speaker,0,,1
CREC-2015-07-21-pt1-PgH5302-3,CREC-2015-07-21,text_for_speaker,0,,1
CREC-2015-07-21-pt1-PgH5303-2,CREC-2015-07-21,text_for_speaker,0,,1
CREC-2015-07-21-pt1-PgH5303-8,CREC-2015-07-21,text_for_speaker,0,,1
CREC-2015-07-21-pt1-PgH5303-7,CREC-2015-07-21,text_for_speaker,0,,1
CREC-2015-07-21-pt1-PgH5303-6,CREC-2015-07-21,text_for_speaker,0,,1
CREC-2015-07-21-pt1-PgH5312,CREC-2015-07-21,text_for_speaker,0,,1
CREC-2015-07-21-pt1-PgH5312-3,CREC-2015-07-21,text_for_speaker,0,,1
CREC-2015-07-21-pt1-PgH5314-2,CREC-2015-07-21,text_for_speaker,0,,1
CREC-2015-07-21-pt1-PgH5316-2,CREC-2015-07-21,text_for_speaker,0,,1
CREC-2015-07-21-pt1-PgH5317-2,CREC-2015-07-21,text_for_speaker,0,,1
CREC-2015-07-21-pt1-PgH5318-4,CREC-2015-07-21,text_for_speaker,0,,1
CREC-2015-07-21-pt1-PgH5328,CREC-2015-07-21,text_for_speaker,0,,1
CREC-2015-07-21-pt1-PgH5328-2,CREC-2015-07-21,text_for_speaker,0,,1
CREC-2015-07-21-pt1-PgH5328-4,CREC-2015-07-21,text_for_speaker,0,,1
CREC-2015-07-21-pt1-PgH5329-2,CREC-2015-07-21,text_for_speaker,0,,1
CREC-2015-07-21-pt1-PgH5331,CREC-2015-07-21,text_for_speaker,0,,1
CREC-2015-07-21-pt1-PgH5330,CREC-2015-07-21,text_for_speaker,0,,1
CREC-2015-07-21-pt1-PgH5331-2,CREC-2015-07-21,text_for_speaker,0,,1
CREC-2015-07-21-pt1-PgH5331-3,CREC-2015-07-21,text_for_speaker,0,,1
CREC-2015-07-21-pt1-PgH5331-5,CREC-2015-07-21,text_for_speaker,0,,1
CREC-2015-07-21-pt1-PgH5331-4,CREC-2015-07-21,text_for_speaker,0,,1
CREC-2015-07-21-pt1-PgH5331-7,CREC-2015-07-21,text_for_speaker,0,,1
CREC-2015-07-21-pt1-PgH5331-8,CREC-2015-07-21,text_for_speaker,0,,1
CREC-2015-07-21-pt1-PgH5331-6,CREC-2015-07-21,text_for_speaker,0,,1
CREC-2015-07-21-pt1-PgH5331-10,CREC-2015-07-21,text_for_speaker,0,,1
CREC-2015-07-21-pt1-PgH5331-11,CREC-2015-07-21,text_for_speaker,0,,1
CREC-2015-07-21-pt1-PgH5331-9,CREC-2015-07-21,text_for_speaker,0,,1
CREC-2015-07-21-pt1-PgH5331-12,CREC-2015-07-21,text_for_speaker,0,,1
CREC-2015-07-21-pt1-PgH5331-13,CREC-2015-07-21,text_for_speaker,0,,1
CREC-2015-07-21-pt1-PgH5331-14,CREC-2015-07-21,text_for_speaker,0,,1
CREC-2015-07-21-pt1-PgH5331-15,CREC-2015-07-21,text_for_speaker,0,,1
CREC-2015-07-21-pt1-PgH5331-16,CREC-2015-07-21,text_for_speaker,0,,1
CREC-2015-07-21-pt1-PgH5331-17,CREC-2015-07-21,text_for_speaker,0,,1
CREC-2015-07-21-pt1-PgH5331-18,CREC-2015-07-21,text_for_speaker,0,,1
CREC-2015-07-21-pt1-PgH5331-19,CREC-2015-07-21,text_for_speaker,0,,1
CREC-2015-07-21-pt1-PgH5331-20,CREC-2015-07-21,text_for_speaker,0,,1
CREC-2015-07-21-pt1-PgH5331-21,CREC-2015-07-21,text_for_speaker,0,,1
CREC-2015-07-21-pt1-PgH5331-22,CREC-2015-07-21,text_for_speaker,0,,1
CREC-2015-07-21-pt1-PgH5331-23,CREC-2015-07-21,text_for_speaker,0,,1
CREC-2015-07-21-pt1-PgH5331-24,CREC-2015-07-21,text_for_speaker,0,,1
CREC-2015-07-21-pt1-PgH5331-25,CREC-2015-07-21,text_for_speaker,0,,1
CREC-2015-07-21-pt1-PgH5331-26,CREC-2015-07-21,text_for_speaker,0,,1
CREC-2015-07-21-pt1-PgH5331-27,CREC-2015-07-21,text_for_speaker,0,,1
CREC-2015-07-21-pt1-PgH5331-29,CREC-2015-07-21,text_for_speaker,0,,1
CREC-2015-07-21-pt1-PgH5331-28,CREC-2015-07-21,text_for_speaker,0,,1
CREC-2015-07-21-pt1-PgH5331-30,CREC-2015-07-21,text_for_speaker,0,,1
CREC-2015-07-21-pt1-PgH5331-31,CREC-2015-07-21,text_for_speaker,0,,1
CREC-2015-07-21-pt1-PgH5331-32,CREC-2015-07-21,text_for_speaker,0,,1
CREC-2015-07-21-pt1-PgH5332,CREC-2015-07-21,text_for_speaker,0,,1
CREC-2015-07-21-pt1-PgH5333,CREC-2015-07-21,text_for_speaker,0,,1
CREC-2015-07-21-pt1-PgH5333-2,CREC-2015-07-21,text_for_speaker,0,,1
CREC-2015-07-21-pt1-PgS5179,CREC-2015-07-21,text_for_speaker,0,,1
CREC-2015-07-21-pt1-PgS-FrontMatter-2,CREC-2015-07-21,text_for_speaker,0,,1
CREC-2015-07-21-pt1-PgS5179-2,CREC-2015-07-21,text_for_speaker,0,,1
CREC-2015-07-21-pt1-PgS5179-3,CREC-2015-07-21,text_for_speaker,0,,1
CREC-2015-07-21-pt1-PgS5181-3,CREC-2015-07-21,text_for_speaker,0,,1
CREC-2015-07-21-pt1-PgS5207-3,CREC-2015-07-21,text_for_speaker,0,,1
CREC-2015-07-21-pt1-PgS5207-4,CREC-2015-07-21,text_for_speaker,0,,1
CREC-2015-07-21-pt1-PgS5207-5,CREC-2015-07-21,text_for_speaker,0,,1
CREC-2015-07-21-pt1-PgS5208,CREC-2015-07-21,text_for_speaker,0,,1
CREC-2015-07-21-pt1-PgS5208-2,CREC-2015-07-21,text_for_speaker,0,,1
CREC-2015-07-21-pt1-PgS5208-3,CREC-2015-07-21,text_for_speaker,0,,1
CREC-2015-07-21-pt1-PgS5208-4,CREC-2015-07-21,text_for_speaker,0,,1
CREC-2015-07-21-pt1-PgS5208-5,CREC-2015-07-21,text_for_speaker,0,,1
CREC-2015-07-21-pt1-PgS5209,CREC-2015-07-21,text_for_speaker,0,,1
CREC-2015-07-21-pt1-PgS5210,CREC-2015-07-21,text_for_speaker,0,,1
CREC-2015-07-21-pt1-PgS5210-2,CREC-2015-07-21,text_for_speaker,0,,1
CREC-2015-07-21-pt1-PgS5210-3,CREC-2015-07-21,text_for_speaker,0,,1
CREC-2015-07-21-pt1-PgS5211,CREC-2015-07-21,text_for_speaker,0,,1
CREC-2015-07-21-pt1-PgS5213,CREC-2015-07-21,text_for_speaker,0,,1
CREC-2015-07-21-pt1-PgS5213-2,CREC-2015-07-21,text_for_speaker,0,,1
CREC-2015-07-21-pt1-PgS5214,CREC-2015-07-21,text_for_speaker,0,,1
CREC-2015-07-21-pt1-PgS5214-2,CREC-2015-07-21,text_for_speaker,0,,1
CREC-2015-07-21-pt1-PgS5214-3,CREC-2015-07-21,text_for_speaker,0,,1
CREC-2015-07-21-pt1-PgS5215-3,CREC-2015-07-21,text_for_speaker,0,,1
CREC-2015-07-21-pt1-PgS5215-2,CREC-2015-07-21,text_for_speaker,0,,1
CREC-2015-07-21-pt1-PgS5215-5,CREC-2015-07-21,text_for_speaker,0,,1
CREC-2015-07-21-pt1-PgS5215-4,CREC-2015-07-21,text_for_speaker,0,,1
CREC-2015-07-21-pt1-PgS5216,CREC-2015-07-21,text_for_speaker,0,,1
CREC-2015-07-21-pt1-PgS5216-2,CREC-2015-07-21,text_for_speaker,0,,1
CREC-2015-07-21-pt1-PgS5215,CREC-2015-07-21,text_for_speaker,0,,1
CREC-2015-07-21-pt1-PgS5216-3,CREC-2015-07-21,text_for_speaker,0,,1
CREC-2015-07-21-pt1-PgS5216-4,CREC-2015-07-21,text_for_speaker,0,,1
CREC-2015-07-21-pt1-PgS5322,CREC-2015-07-21,text_for_speaker,0,,1
CREC-2015-07-21-pt1-PgS5217,CREC-2015-07-21,text_for_speaker,0,,1
CREC-2015-07-21-pt1-PgS5429-3,CREC-2015-07-21,text_for_speaker,0,,1
CREC-2015-07-21-pt1-PgS5326-3,CREC-2015-07-21,text_for_speaker,0,,1
CREC-2015-07-21-pt1-PgS5429-4,CREC-2015-07-21,text_for_speaker,0,,1
CREC-2015-07-21-pt1-PgE1090-4,CREC-2015-07-21,text_for_speaker,0,,1
CREC-2015-07-21-pt1-PgD851,CREC-2015-07-21,text_for_speaker,0,,1
CREC-2015-07-21-pt1-PgD852,CREC-2015-07-21,text_for_speaker,0,,1
CREC-2015-07-21-pt1-PgD852-2,CREC-2015-07-21,text_for_speaker,0,,1
CREC-2015-07-21-pt1-PgD853,CREC-2015-07-21,text_for_speaker,0,,1
CREC-2015-07-21-pt1-PgD854,CREC-2015-07-21,text_for_speaker,0,,1
CREC-2015-07-21-pt1-PgD857,CREC-2015-07-21,text_for_speaker,0,,1
CREC-2015-07-21-pt1-PgD856,CREC-2015-07-21,text_for_speaker,0,,1
CREC-2015-07-22-pt1-PgH-FrontMatter-2,CREC-2015-07-22,text_for_speaker,0,,1
CREC-2015-07-22-pt1-PgH5335-2,CREC-2015-07-22,text_for_speaker,0,,1
CREC-2015-07-22-pt1-PgH5335,CREC-2015-07-22,text_for_speaker,0,,1
CREC-2015-07-22-pt1-PgH5342-3,CREC-2015-07-22,text_for_speaker,0,,1
CREC-2015-07-22-pt1-PgH5342-2,CREC-2015-07-22,text_for_speaker,0,,1
CREC-2015-07-22-pt1-PgH5345-3,CREC-2015-07-22,text_for_speaker,0,,1
CREC-2015-07-22-pt1-PgH5357-4,CREC-2015-07-22,text_for_speaker,0,,1
CREC-2015-07-22-pt1-PgH5358,CREC-2015-07-22,text_for_speaker,0,,1
CREC-2015-07-22-pt1-PgH5380,CREC-2015-07-22,text_for_speaker,0,,1
CREC-2015-07-22-pt1-PgH5381,CREC-2015-07-22,text_for_speaker,0,,1
CREC-2015-07-22-pt1-PgH5400,CREC-2015-07-22,text_for_speaker,0,,1
CREC-2015-07-22-pt1-PgH5401,CREC-2015-07-22,text_for_speaker,0,,1
CREC-2015-07-22-pt1-PgH5401-3,CREC-2015-07-22,text_for_speaker,0,,1
CREC-2015-07-22-pt1-PgH5403,CREC-2015-07-22,text_for_speaker,0,,1
CREC-2015-07-22-pt1-PgH5401-5,CREC-2015-07-22,text_for_speaker,0,,1
CREC-2015-07-22-pt1-PgH5403-2,CREC-2015-07-22,text_for_speaker,0,,1
CREC-2015-07-22-pt1-PgH5403-3,CREC-2015-07-22,text_for_speaker,0,,1
CREC-2015-07-22-pt1-PgH5403-4,CREC-2015-07-22,text_for_speaker,0,,1
CREC-2015-07-22-pt1-PgH5403-5,CREC-2015-07-22,text_for_speaker,0,,1
CREC-2015-07-22-pt1-PgH5403-6,CREC-2015-07-22,text_for_speaker,0,,1
CREC-2015-07-22-pt1-PgH5403-7,CREC-2015-07-22,text_for_speaker,0,,1
CREC-2015-07-22-pt1-PgH5403-8,CREC-2015-07-22,text_for_speaker,0,,1
CREC-2015-07-22-pt1-PgH5403-9,CREC-2015-07-22,text_for_speaker,0,,1
CREC-2015-07-22-pt1-PgH5403-11,CREC-2015-07-22,text_for_speaker,0,,1
CREC-2015-07-22-pt1-PgH5403-10,CREC-2015-07-22,text_for_speaker,0,,1
CREC-2015-07-22-pt1-PgH5403-12,CREC-2015-07-22,text_for_speaker,0,,1
CREC-2015-07-22-pt1-PgH5403-14,CREC-2015-07-22,text_for_speaker,0,,1
CREC-2015-07-22-pt1-PgH5403-13,CREC-2015-07-22,text_for_speaker,0,,1
CREC-2015-07-22-pt1-PgH5403-15,CREC-2015-07-22,text_for_speaker,0,,1
CREC-2015-07-22-pt1-PgH5403-17,CREC-2015-07-22,text_for_speaker,0,,1
CREC-2015-07-22-pt1-PgH5403-16,CREC-2015-07-22,text_for_speaker,0,,1
CREC-2015-07-22-pt1-PgH5403-18,CREC-2015-07-22,text_for_speaker,0,,1
CREC-2015-07-22-pt1-PgH5403-20,CREC-2015-07-22,text_for_speaker,0,,1
CREC-2015-07-22-pt1-PgH5403-21,CREC-2015-07-22,text_for_speaker,0,,1
CREC-2015-07-22-pt1-PgH5403-19,CREC-2015-07-22,text_for_speaker,0,,1
CREC-2015-07-22-pt1-PgH5403-22,CREC-2015-07-22,text_for_speaker,0,,1
CREC-2015-07-22-pt1-PgH5403-23,CREC-2015-07-22,text_for_speaker,0,,1
CREC-2015-07-22-pt1-PgH5403-24,CREC-2015-07-22,text_for_speaker,0,,1
CREC-2015-07-22-pt1-PgH5403-25,CREC-2015-07-22,text_for_speaker,0,,1
CREC-2015-07-22-pt1-PgH5404,CREC-2015-07-22,text_for_speaker,0,,1
CREC-2015-07-22-pt1-PgH5405,CREC-2015-07-22,text_for_speaker,0,,1
CREC-2015-07-22-pt1-PgH5404-2,CREC-2015-07-22,text_for_speaker,0,,1
CREC-2015-07-22-pt1-PgS-FrontMatter-2,CREC-2015-07-22,text_for_speaker,0,,1
CREC-2015-07-22-pt1-PgS5431,CREC-2015-07-22,text_for_speaker,0,,1
CREC-2015-07-22-pt1-PgH5405-2,CREC-2015-07-22,text_for_speaker,0,,1
CREC-2015-07-22-pt1-PgS5431-2,CREC-2015-07-22,text_for_speaker,0,,1
CREC-2015-07-22-pt1-PgS5431-3,CREC-2015-07-22,text_for_speaker,0,,1
CREC-2015-07-22-pt1-PgS5431-4,CREC-2015-07-22,text_for_speaker,0,,1
CREC-2015-07-22-pt1-PgS5431-5,CREC-2015-07-22,text_for_speaker,0,,1
CREC-2015-07-22-pt1-PgS5431-6,CREC-2015-07-22,text_for_speaker,0,,1
CREC-2015-07-22-pt1-PgS5454-3,CREC-2015-07-22,text_for_speaker,0,,1
CREC-2015-07-22-pt1-PgS5454-4,CREC-2015-07-22,text_for_speaker,0,,1
CREC-2015-07-22-pt1-PgS5455,CREC-2015-07-22,text_for_speaker,0,,1
CREC-2015-07-22-pt1-PgS5454-5,CREC-2015-07-22,text_for_speaker,0,,1
CREC-2015-07-22-pt1-PgS5455-2,CREC-2015-07-22,text_for_speaker,0,,1
CREC-2015-07-22-pt1-PgS5455-3,CREC-2015-07-22,text_for_speaker,0,,1
CREC-2015-07-22-pt1-PgS5455-4,CREC-2015-07-22,text_for_speaker,0,,1
CREC-2015-07-22-pt1-PgS5468,CREC-2015-07-22,text_for_speaker,0,,1
CREC-2015-07-22-pt1-PgS5468-3,CREC-2015-07-22,text_for_speaker,0,,1
CREC-2015-07-22-pt1-PgS5468-2,CREC-2015-07-22,text_for_speaker,0,,1
CREC-2015-07-22-pt1-PgS5468-4,CREC-2015-07-22,text_for_speaker,0,,1
CREC-2015-07-22-pt1-PgS5468-5,CREC-2015-07-22,text_for_speaker,0,,1
CREC-2015-07-22-pt1-PgS5468-6,CREC-2015-07-22,text_for_speaker,0,,1
CREC-2015-07-22-pt1-PgS5469,CREC-2015-07-22,text_for_speaker,0,,1
CREC-2015-07-22-pt1-PgS5469-2,CREC-2015-07-22,text_for_speaker,0,,1
CREC-2015-07-22-pt1-PgS5469-4,CREC-2015-07-22,text_for_speaker,0,,1
CREC-2015-07-22-pt1-PgS5471,CREC-2015-07-22,text_for_speaker,0,,1
CREC-2015-07-22-pt1-PgS5469-3,CREC-2015-07-22,text_for_speaker,0,,1
CREC-2015-07-22-pt1-PgS5471-2,CREC-2015-07-22,text_for_speaker,0,,1
CREC-2015-07-22-pt1-PgS5472,CREC-2015-07-22,text_for_speaker,0,,1
CREC-2015-07-22-pt1-PgS5472-2,CREC-2015-07-22,text_for_speaker,0,,1
CREC-2015-07-22-pt1-PgS5472-3,CREC-2015-07-22,text_for_speaker,0,,1
CREC-2015-07-22-pt1-PgS5472-4,CREC-2015-07-22,text_for_speaker,0,,1
CREC-2015-07-22-pt1-PgS5472-5,CREC-2015-07-22,text_for_speaker,0,,1
CREC-2015-07-22-pt1-PgS5473,CREC-2015-07-22,text_for_speaker,0,,1
CREC-2015-07-22-pt1-PgS5475-2,CREC-2015-07-22,text_for_speaker,0,,1
CREC-2015-07-22-pt1-PgE1108-2,CREC-2015-07-22,text_for_speaker,0,,1
CREC-2015-07-22-pt1-PgD860,CREC-2015-07-22,text_for_speaker,0,,1
CREC-2015-07-22-pt1-PgD860-2,CREC-2015-07-22,text_for_speaker,0,,1
CREC-2015-07-22-pt1-PgD865,CREC-2015-07-22,text_for_speaker,0,,1
CREC-2015-07-22-pt1-PgD864,CREC-2015-07-22,text_for_speaker,0,,1
CREC-2015-07-22-pt1-PgD862,CREC-2015-07-22,text_for_speaker,0,,1
CREC-2015-07-22-pt1-PgD866,CREC-2015-07-22,text_for_speaker,0,,1
CREC-2015-07-22-pt1-PgD867,CREC-2015-07-22,text_for_speaker,0,,1
CREC-2015-07-23-pt1-PgH5407,CREC-2015-07-23,text_for_speaker,0,,1
CREC-2015-07-23-pt1-PgH5407-2,CREC-2015-07-23,text_for_speaker,0,,1
CREC-2015-07-23-pt1-PgH-FrontMatter-2,CREC-2015-07-23,text_for_speaker,0,,1
CREC-2015-07-23-pt1-PgH5407-3,CREC-2015-07-23,text_for_speaker,0,,1
CREC-2015-07-23-pt1-PgH5409,CREC-2015-07-23,text_for_speaker,0,,1
CREC-2015-07-23-pt1-PgH5409-5,CREC-2015-07-23,text_for_speaker,0,,1
CREC-2015-07-23-pt1-PgH5451,CREC-2015-07-23,text_for_speaker,0,,1
CREC-2015-07-23-pt1-PgH5463,CREC-2015-07-23,text_for_speaker,0,,1
CREC-2015-07-23-pt1-PgH5463-4,CREC-2015-07-23,text_for_speaker,0,,1
CREC-2015-07-23-pt1-PgH5463-2,CREC-2015-07-23,text_for_speaker,0,,1
CREC-2015-07-23-pt1-PgH5464-2,CREC-2015-07-23,text_for_speaker,0,,1
CREC-2015-07-23-pt1-PgH5467-2,CREC-2015-07-23,text_for_speaker,0,,1
CREC-2015-07-23-pt1-PgH5467,CREC-2015-07-23,text_for_speaker,0,,1
CREC-2015-07-23-pt1-PgH5467-3,CREC-2015-07-23,text_for_speaker,0,,1
CREC-2015-07-23-pt1-PgH5467-4,CREC-2015-07-23,text_for_speaker,0,,1
CREC-2015-07-23-pt1-PgH5467-5,CREC-2015-07-23,text_for_speaker,0,,1
CREC-2015-07-23-pt1-PgH5467-6,CREC-2015-07-23,text_for_speaker,0,,1
CREC-2015-07-23-pt1-PgH5467-7,CREC-2015-07-23,text_for_speaker,0,,1
CREC-2015-07-23-pt1-PgH5467-8,CREC-2015-07-23,text_for_speaker,0,,1
CREC-2015-07-23-pt1-PgH5467-9,CREC-2015-07-23,text_for_speaker,0,,1
CREC-2015-07-23-pt1-PgH5467-10,CREC-2015-07-23,text_for_speaker,0,,1
CREC-2015-07-23-pt1-PgH5467-11,CREC-2015-07-23,text_for_speaker,0,,1
CREC-2015-07-23-pt1-PgH5467-12,CREC-2015-07-23,text_for_speaker,0,,1
CREC-2015-07-23-pt1-PgH5467-13,CREC-2015-07-23,text_for_speaker,0,,1
CREC-2015-07-23-pt1-PgH5467-14,CREC-2015-07-23,text_for_speaker,0,,1
CREC-2015-07-23-pt1-PgH5467-15,CREC-2015-07-23,text_for_speaker,0,,1
CREC-2015-07-23-pt1-PgH5467-16,CREC-2015-07-23,text_for_speaker,0,,1
CREC-2015-07-23-pt1-PgH5467-17,CREC-2015-07-23,text_for_speaker,0,,1
CREC-2015-07-23-pt1-PgH5467-18,CREC-2015-07-23,text_for_speaker,0,,1
CREC-2015-07-23-pt1-PgH5468,CREC-2015-07-23,text_for_speaker,0,,1
CREC-2015-07-23-pt1-PgH5468-2,CREC-2015-07-23,text_for_speaker,0,,1
CREC-2015-07-23-pt1-PgH5468-4,CREC-2015-07-23,text_for_speaker,0,,1
CREC-2015-07-23-pt1-PgH5468-3,CREC-2015-07-23,text_for_speaker,0,,1
CREC-2015-07-23-pt1-PgH5468-6,CREC-2015-07-23,text_for_speaker,0,,1
CREC-2015-07-23-pt1-PgH5468-5,CREC-2015-07-23,text_for_speaker,0,,1
CREC-2015-07-23-pt1-PgH5468-7,CREC-2015-07-23,text_for_speaker,0,,1
CREC-2015-07-23-pt1-PgH5468-9,CREC-2015-07-23,text_for_speaker,0,,1
CREC-2015-07-23-pt1-PgH5468-8,CREC-2015-07-23,text_for_speaker,0,,1
CREC-2015-07-23-pt1-PgH5468-10,CREC-2015-07-23,text_for_speaker,0,,1
CREC-2015-07-23-pt1-PgH5468-11,CREC-2015-07-23,text_for_speaker,0,,1
CREC-2015-07-23-pt1-PgH5468-13,CREC-2015-07-23,text_for_speaker,0,,1
CREC-2015-07-23-pt1-PgH5468-12,CREC-2015-07-23,text_for_speaker,0,,1
CREC-2015-07-23-pt1-PgH5468-14,CREC-2015-07-23,text_for_speaker,0,,1
CREC-2015-07-23-pt1-PgH5468-17,CREC-2015-07-23,text_for_speaker,0,,1
CREC-2015-07-23-pt1-PgH5468-16,CREC-2015-07-23,text_for_speaker,0,,1
CREC-2015-07-23-pt1-PgH5468-15,CREC-2015-07-23,text_for_speaker,0,,1
CREC-2015-07-23-pt1-PgH5468-20,CREC-2015-07-23,text_for_speaker,0,,1
CREC-2015-07-23-pt1-PgH5468-18,CREC-2015-07-23,text_for_speaker,0,,1
CREC-2015-07-23-pt1-PgH5468-19,CREC-2015-07-23,text_for_speaker,0,,1
CREC-2015-07-23-pt1-PgH5468-22,CREC-2015-07-23,text_for_speaker,0,,1
CREC-2015-07-23-pt1-PgH5468-23,CREC-2015-07-23,text_for_speaker,0,,1
CREC-2015-07-23-pt1-PgH5468-21,CREC-2015-07-23,text_for_speaker,0,,1
CREC-2015-07-23-pt1-PgH5468-24,CREC-2015-07-23,text_for_speaker,0,,1
CREC-2015-07-23-pt1-PgH5468-25,CREC-2015-07-23,text_for_speaker,0,,1
CREC-2015-07-23-pt1-PgH5468-26,CREC-2015-07-23,text_for_speaker,0,,1
CREC-2015-07-23-pt1-PgS-FrontMatter-27,CREC-2015-07-23,text_for_speaker,0,,1
CREC-2015-07-23-pt1-PgH5468-27,CREC-2015-07-23,text_for_speaker,0,,1
CREC-2015-07-23-pt1-PgS5477,CREC-2015-07-23,text_for_speaker,0,,1
CREC-2015-07-23-pt1-PgS5477-3,CREC-2015-07-23,text_for_speaker,0,,1
CREC-2015-07-23-pt1-PgS5477-6,CREC-2015-07-23,text_for_speaker,0,,1
CREC-2015-07-23-pt1-PgS5477-7,CREC-2015-07-23,text_for_speaker,0,,1
CREC-2015-07-23-pt1-PgS5516-2,CREC-2015-07-23,text_for_speaker,0,,1
CREC-2015-07-23-pt1-PgS5516-3,CREC-2015-07-23,text_for_speaker,0,,1
CREC-2015-07-23-pt1-PgS5516-4,CREC-2015-07-23,text_for_speaker,0,,1
CREC-2015-07-23-pt1-PgS5516-5,CREC-2015-07-23,text_for_speaker,0,,1
CREC-2015-07-23-pt1-PgS5525,CREC-2015-07-23,text_for_speaker,0,,1
CREC-2015-07-23-pt1-PgS5517,CREC-2015-07-23,text_for_speaker,0,,1
CREC-2015-07-23-pt1-PgS5526,CREC-2015-07-23,text_for_speaker,0,,1
CREC-2015-07-23-pt1-PgS5526-2,CREC-2015-07-23,text_for_speaker,0,,1
CREC-2015-07-23-pt1-PgS5526-3,CREC-2015-07-23,text_for_speaker,0,,1
CREC-2015-07-23-pt1-PgS5537,CREC-2015-07-23,text_for_speaker,0,,1
CREC-2015-07-23-pt1-PgS5537-2,CREC-2015-07-23,text_for_speaker,0,,1
CREC-2015-07-23-pt1-PgS5537-3,CREC-2015-07-23,text_for_speaker,0,,1
CREC-2015-07-23-pt1-PgS5538-2,CREC-2015-07-23,text_for_speaker,0,,1
CREC-2015-07-23-pt1-PgS5538-3,CREC-2015-07-23,text_for_speaker,0,,1
CREC-2015-07-23-pt1-PgS5538-4,CREC-2015-07-23,text_for_speaker,0,,1
CREC-2015-07-23-pt1-PgS5539,CREC-2015-07-23,text_for_speaker,0,,1
CREC-2015-07-23-pt1-PgS5538,CREC-2015-07-23,text_for_speaker,0,,1
CREC-2015-07-23-pt1-PgS5539-2,CREC-2015-07-23,text_for_speaker,0,,1
CREC-2015-07-23-pt1-PgS5540,CREC-2015-07-23,text_for_speaker,0,,1
CREC-2015-07-23-pt1-PgS5540-2,CREC-2015-07-23,text_for_speaker,0,,1
CREC-2015-07-23-pt1-PgS5540-3,CREC-2015-07-23,text_for_speaker,0,,1
CREC-2015-07-23-pt1-PgS5541,CREC-2015-07-23,text_for_speaker,0,,1
CREC-2015-07-23-pt1-PgS5541-2,CREC-2015-07-23,text_for_speaker,0,,1
CREC-2015-07-23-pt1-PgS5544,CREC-2015-07-23,text_for_speaker,0,,1
CREC-2015-07-23-pt1-PgS5544-2,CREC-2015-07-23,text_for_speaker,0,,1
CREC-2015-07-23-pt1-PgS5545,CREC-2015-07-23,text_for_speaker,0,,1
CREC-2015-07-23-pt1-PgS5545-2,CREC-2015-07-23,text_for_speaker,0,,1
CREC-2015-07-23-pt1-PgS5545-3,CREC-2015-07-23,text_for_speaker,0,,1
CREC-2015-07-23-pt1-PgS5546-2,CREC-2015-07-23,text_for_speaker,0,,1
CREC-2015-07-23-pt1-PgS5546,CREC-2015-07-23,text_for_speaker,0,,1
CREC-2015-07-23-pt1-PgS5546-3,CREC-2015-07-23,text_for_speaker,0,,1
CREC-2015-07-23-pt1-PgS5546-4,CREC-2015-07-23,text_for_speaker,0,,1
CREC-2015-07-23-pt1-PgS5546-5,CREC-2015-07-23,text_for_speaker,0,,1
CREC-2015-07-23-pt1-PgS5548,CREC-2015-07-23,text_for_speaker,0,,1
CREC-2015-07-23-pt1-PgS5549,CREC-2015-07-23,text_for_speaker,0,,1
CREC-2015-07-23-pt1-PgS5549-2,CREC-2015-07-23,text_for_speaker,0,,1
CREC-2015-07-23-pt1-PgS5549-3,CREC-2015-07-23,text_for_speaker,0,,1
CREC-2015-07-23-pt1-PgS5550,CREC-2015-07-23,text_for_speaker,0,,1
CREC-2015-07-23-pt1-PgS5550-2,CREC-2015-07-23,text_for_speaker,0,,1
CREC-2015-07-23-pt1-PgS5550-3,CREC-2015-07-23,text_for_speaker,0,,1
CREC-2015-07-23-pt1-PgS5550-5,CREC-2015-07-23,text_for_speaker,0,,1
CREC-2015-07-23-pt1-PgS5550-4,CREC-2015-07-23,text_for_speaker,0,,1
CREC-2015-07-23-pt1-PgS5550-6,CREC-2015-07-23,text_for_speaker,0,,1
CREC-2015-07-23-pt1-PgS5550-7,CREC-2015-07-23,text_for_speaker,0,,1
CREC-2015-07-23-pt1-PgS5552,CREC-2015-07-23,text_for_speaker,0,,1
CREC-2015-07-23-pt1-PgS5552-2,CREC-2015-07-23,text_for_speaker,0,,1
CREC-2015-07-23-pt1-PgS5552-3,CREC-2015-07-23,text_for_speaker,0,,1
CREC-2015-07-23-pt1-PgS5552-4,CREC-2015-07-23,text_for_speaker,0,,1
CREC-2015-07-23-pt1-PgS5553-2,CREC-2015-07-23,text_for_speaker,0,,1
CREC-2015-07-23-pt1-PgS5553,CREC-2015-07-23,text_for_speaker,0,,1
CREC-2015-07-23-pt1-PgS5554,CREC-2015-07-23,text_for_speaker,0,,1
CREC-2015-07-23-pt1-PgS5555,CREC-2015-07-23,text_for_speaker,0,,1
CREC-2015-07-23-pt1-PgS5555-3,CREC-2015-07-23,text_for_speaker,0,,1
CREC-2015-07-23-pt1-PgS5555-2,CREC-2015-07-23,text_for_speaker,0,,1
CREC-2015-07-23-pt1-PgS5555-4,CREC-2015-07-23,text_for_speaker,0,,1
CREC-2015-07-23-pt1-PgS5556,CREC-2015-07-23,text_for_speaker,0,,1
CREC-2015-07-23-pt1-PgS5559-4,CREC-2015-07-23,text_for_speaker,0,,1
CREC-2015-07-23-pt1-PgE1116,CREC-2015-07-23,text_for_speaker,0,,1
CREC-2015-07-23-pt1-PgE1120-3,CREC-2015-07-23,text_for_speaker,0,,1
CREC-2015-07-23-pt1-PgE1122-6,CREC-2015-07-23,text_for_speaker,0,,1
CREC-2015-07-23-pt1-PgD871,CREC-2015-07-23,text_for_speaker,0,,1
CREC-2015-07-23-pt1-PgD869,CREC-2015-07-23,text_for_speaker,0,,1
CREC-2015-07-23-pt1-PgD870,CREC-2015-07-23,text_for_speaker,0,,1
CREC-2015-07-23-pt1-PgD872,CREC-2015-07-23,text_for_speaker,0,,1
CREC-2015-07-23-pt1-PgD873,CREC-2015-07-23,text_for_speaker,0,,1
CREC-2015-07-23-pt1-PgD873-2,CREC-2015-07-23,text_for_speaker,0,,1
CREC-2015-07-24-pt1-PgS5565-2,CREC-2015-07-24,text_for_speaker,0,,1
CREC-2015-07-24-pt1-PgS5565-3,CREC-2015-07-24,text_for_speaker,0,,1
CREC-2015-07-24-pt1-PgS5565,CREC-2015-07-24,text_for_speaker,0,,1
CREC-2015-07-24-pt1-PgS5565-4,CREC-2015-07-24,text_for_speaker,0,,1
CREC-2015-07-24-pt1-PgS5682-2,CREC-2015-07-24,text_for_speaker,0,,1
CREC-2015-07-24-pt1-PgS5682-3,CREC-2015-07-24,text_for_speaker,0,,1
CREC-2015-07-24-pt1-PgS5682-4,CREC-2015-07-24,text_for_speaker,0,,1
CREC-2015-07-24-pt1-PgS5682-5,CREC-2015-07-24,text_for_speaker,0,,1
CREC-2015-07-24-pt1-PgS5682-6,CREC-2015-07-24,text_for_speaker,0,,1
CREC-2015-07-24-pt1-PgS5682-7,CREC-2015-07-24,text_for_speaker,0,,1
CREC-2015-07-24-pt1-PgS5683,CREC-2015-07-24,text_for_speaker,0,,1
CREC-2015-07-24-pt1-PgS5683-3,CREC-2015-07-24,text_for_speaker,0,,1
CREC-2015-07-24-pt1-PgS5685,CREC-2015-07-24,text_for_speaker,0,,1
CREC-2015-07-24-pt1-PgS5683-2,CREC-2015-07-24,text_for_speaker,0,,1
CREC-2015-07-24-pt1-PgS5687,CREC-2015-07-24,text_for_speaker,0,,1
CREC-2015-07-24-pt1-PgS5687-2,CREC-2015-07-24,text_for_speaker,0,,1
CREC-2015-07-24-pt1-PgS5689,CREC-2015-07-24,text_for_speaker,0,,1
CREC-2015-07-24-pt1-PgS5686,CREC-2015-07-24,text_for_speaker,0,,1
CREC-2015-07-24-pt1-PgS5690-2,CREC-2015-07-24,text_for_speaker,0,,1
CREC-2015-07-24-pt1-PgS5690,CREC-2015-07-24,text_for_speaker,0,,1
CREC-2015-07-24-pt1-PgS5690-3,CREC-2015-07-24,text_for_speaker,0,,1
CREC-2015-07-24-pt1-PgS5691,CREC-2015-07-24,text_for_speaker,0,,1
CREC-2015-07-24-pt1-PgS5691-3,CREC-2015-07-24,text_for_speaker,0,,1
CREC-2015-07-24-pt1-PgS5691-2,CREC-2015-07-24,text_for_speaker,0,,1
CREC-2015-07-24-pt1-PgS5691-4,CREC-2015-07-24,text_for_speaker,0,,1
CREC-2015-07-24-pt1-PgS5691-5,CREC-2015-07-24,text_for_speaker,0,,1
CREC-2015-07-24-pt1-PgS5692,CREC-2015-07-24,text_for_speaker,0,,1
CREC-2015-07-24-pt1-PgS5692-2,CREC-2015-07-24,text_for_speaker,0,,1
CREC-2015-07-24-pt1-PgS5693,CREC-2015-07-24,text_for_speaker,0,,1
CREC-2015-07-24-pt1-PgS5692-3,CREC-2015-07-24,text_for_speaker,0,,1
CREC-2015-07-24-pt1-PgS5693-2,CREC-2015-07-24,text_for_speaker,0,,1
CREC-2015-07-24-pt1-PgS5693-3,CREC-2015-07-24,text_for_speaker,0,,1
CREC-2015-07-24-pt1-PgS5694,CREC-2015-07-24,text_for_speaker,0,,1
CREC-2015-07-24-pt1-PgS5696,CREC-2015-07-24,text_for_speaker,0,,2
CREC-2015-07-24-pt1-PgS5694-2,CREC-2015-07-24,text_for_speaker,0,,1
CREC-2015-07-24-pt1-PgS5699,CREC-2015-07-24,text_for_speaker,0,,1
CREC-2015-07-24-pt1-PgS5696-2,CREC-2015-07-24,text_for_speaker,0,,1
CREC-2015-07-24-pt1-PgS5699-4,CREC-2015-07-24,text_for_speaker,0,,1
CREC-2015-07-24-pt1-PgD876,CREC-2015-07-24,text_for_speaker,0,,1
CREC-2015-07-24-pt1-PgD877,CREC-2015-07-24,text_for_speaker,0,,1
CREC-2015-07-24-pt1-PgD877-2,CREC-2015-07-24,text_for_speaker,0,,1
CREC-2015-07-24-pt1-PgD877-3,CREC-2015-07-24,text_for_speaker,0,,1
CREC-2015-07-24-pt1-PgD877-4,CREC-2015-07-24,text_for_speaker,0,,1
CREC-2015-07-24-pt1-PgD877-5,CREC-2015-07-24,text_for_speaker,0,,1
CREC-2015-07-26-pt1-PgS5701-3,CREC-2015-07-26,text_for_speaker,0,,1
CREC-2015-07-26-pt1-PgS5701-2,CREC-2015-07-26,text_for_speaker,0,,1
CREC-2015-07-26-pt1-PgS5701,CREC-2015-07-26,text_for_speaker,0,,1
CREC-2015-07-26-pt1-PgS5701-4,CREC-2015-07-26,text_for_speaker,0,,1
CREC-2015-07-26-pt1-PgS5701-5,CREC-2015-07-26,text_for_speaker,0,,1
CREC-2015-07-26-pt1-PgS5701-6,CREC-2015-07-26,text_for_speaker,0,,1
CREC-2015-07-26-pt1-PgS5701-7,CREC-2015-07-26,text_for_speaker,0,,1
CREC-2015-07-26-pt1-PgS5710-5,CREC-2015-07-26,text_for_speaker,0,,1
CREC-2015-07-26-pt1-PgS5710-4,CREC-2015-07-26,text_for_speaker,0,,1
CREC-2015-07-26-pt1-PgS5710-6,CREC-2015-07-26,text_for_speaker,0,,1
CREC-2015-07-26-pt1-PgS5711,CREC-2015-07-26,text_for_speaker,0,,1
CREC-2015-07-26-pt1-PgS5715,CREC-2015-07-26,text_for_speaker,0,,1
CREC-2015-07-26-pt1-PgS5714-2,CREC-2015-07-26,text_for_speaker,0,,1
CREC-2015-07-26-pt1-PgS5715-2,CREC-2015-07-26,text_for_speaker,0,,1
CREC-2015-07-26-pt1-PgS5715-3,CREC-2015-07-26,text_for_speaker,0,,1
CREC-2015-07-26-pt1-PgS5715-4,CREC-2015-07-26,text_for_speaker,0,,1
CREC-2015-07-26-pt1-PgS5715-5,CREC-2015-07-26,text_for_speaker,0,,1
CREC-2015-07-26-pt1-PgS5716,CREC-2015-07-26,text_for_speaker,0,,1
CREC-2015-07-26-pt1-PgS5715-6,CREC-2015-07-26,text_for_speaker,0,,1
CREC-2015-07-26-pt1-PgS5716-2,CREC-2015-07-26,text_for_speaker,0,,1
CREC-2015-07-26-pt1-PgS5714,CREC-2015-07-26,text_for_speaker,0,,1
CREC-2015-07-26-pt1-PgS5716-3,CREC-2015-07-26,text_for_speaker,0,,1
CREC-2015-07-26-pt1-PgS5717,CREC-2015-07-26,text_for_speaker,0,,1
CREC-2015-07-26-pt1-PgS5717-2,CREC-2015-07-26,text_for_speaker,0,,1
CREC-2015-07-26-pt1-PgS5718,CREC-2015-07-26,text_for_speaker,0,,1
CREC-2015-07-26-pt1-PgS5718-2,CREC-2015-07-26,text_for_speaker,0,,1
CREC-2015-07-26-pt1-PgS5718-3,CREC-2015-07-26,text_for_speaker,0,,1
CREC-2015-07-26-pt1-PgS5720-2,CREC-2015-07-26,text_for_speaker,0,,1
CREC-2015-07-26-pt1-PgS5719,CREC-2015-07-26,text_for_speaker,0,,1
CREC-2015-07-26-pt1-PgS5720,CREC-2015-07-26,text_for_speaker,0,,1
CREC-2015-07-26-pt1-PgS5720-4,CREC-2015-07-26,text_for_speaker,0,,1
CREC-2015-07-26-pt1-PgS5720-3,CREC-2015-07-26,text_for_speaker,0,,1
CREC-2015-07-26-pt1-PgS5720-5,CREC-2015-07-26,text_for_speaker,0,,1
CREC-2015-07-26-pt1-PgS5721,CREC-2015-07-26,text_for_speaker,0,,1
CREC-2015-07-26-pt1-PgS5721-3,CREC-2015-07-26,text_for_speaker,0,,1
CREC-2015-07-26-pt1-PgS5721-2,CREC-2015-07-26,text_for_speaker,0,,1
CREC-2015-07-26-pt1-PgS5721-4,CREC-2015-07-26,text_for_speaker,0,,1
CREC-2015-07-26-pt1-PgS5722,CREC-2015-07-26,text_for_speaker,0,,1
CREC-2015-07-26-pt1-PgS5722-2,CREC-2015-07-26,text_for_speaker,0,,1
CREC-2015-07-26-pt1-PgS5722-3,CREC-2015-07-26,text_for_speaker,0,,1
CREC-2015-07-26-pt1-PgS5722-5,CREC-2015-07-26,text_for_speaker,0,,1
CREC-2015-07-26-pt1-PgS5722-4,CREC-2015-07-26,text_for_speaker,0,,1
CREC-2015-07-26-pt1-PgS5723,CREC-2015-07-26,text_for_speaker,0,,1
CREC-2015-07-26-pt1-PgS5724,CREC-2015-07-26,text_for_speaker,0,,1
CREC-2015-07-26-pt1-PgS5724-2,CREC-2015-07-26,text_for_speaker,0,,1
CREC-2015-07-26-pt1-PgS5724-4,CREC-2015-07-26,text_for_speaker,0,,1
CREC-2015-07-26-pt1-PgS5724-3,CREC-2015-07-26,text_for_speaker,0,,1
CREC-2015-07-26-pt1-PgS5724-5,CREC-2015-07-26,text_for_speaker,0,,1
CREC-2015-07-26-pt1-PgS5724-6,CREC-2015-07-26,text_for_speaker,0,,1
CREC-2015-07-26-pt1-PgS5725,CREC-2015-07-26,text_for_speaker,0,,1
CREC-2015-07-26-pt1-PgS5726,CREC-2015-07-26,text_for_speaker,0,,1
CREC-2015-07-26-pt1-PgS5725-3,CREC-2015-07-26,text_for_speaker,0,,1
CREC-2015-07-26-pt1-PgS5725-2,CREC-2015-07-26,text_for_speaker,0,,1
CREC-2015-07-26-pt1-PgS5726-3,CREC-2015-07-26,text_for_speaker,0,,1
CREC-2015-07-26-pt1-PgS5727,CREC-2015-07-26,text_for_speaker,0,,1
CREC-2015-07-26-pt1-PgS5726-2,CREC-2015-07-26,text_for_speaker,0,,1
CREC-2015-07-26-pt1-PgS5728-2,CREC-2015-07-26,text_for_speaker,0,,1
CREC-2015-07-26-pt1-PgS5727-2,CREC-2015-07-26,text_for_speaker,0,,2
CREC-2015-07-26-pt1-PgS5728,CREC-2015-07-26,text_for_speaker,0,,1
CREC-2015-07-26-pt1-PgS5728-3,CREC-2015-07-26,text_for_speaker,0,,1
CREC-2015-07-26-pt1-PgS5734,CREC-2015-07-26,text_for_speaker,0,,1
CREC-2015-07-26-pt1-PgS5728-4,CREC-2015-07-26,text_for_speaker,0,,1
CREC-2015-07-26-pt1-PgS5734-2,CREC-2015-07-26,text_for_speaker,0,,1
CREC-2015-07-26-pt1-PgS5734-3,CREC-2015-07-26,text_for_speaker,0,,1
CREC-2015-07-26-pt1-PgS5735,CREC-2015-07-26,text_for_speaker,0,,1
CREC-2015-07-26-pt1-PgS5736,CREC-2015-07-26,text_for_speaker,0,,1
CREC-2015-07-26-pt1-PgS5735-2,CREC-2015-07-26,text_for_speaker,0,,1
CREC-2015-07-26-pt1-PgS5736-2,CREC-2015-07-26,text_for_speaker,0,,1
CREC-2015-07-26-pt1-PgS5738,CREC-2015-07-26,text_for_speaker,0,,1
CREC-2015-07-26-pt1-PgS5738-2,CREC-2015-07-26,text_for_speaker,0,,1
CREC-2015-07-26-pt1-PgS5738-3,CREC-2015-07-26,text_for_speaker,0,,1
CREC-2015-07-26-pt1-PgS5739,CREC-2015-07-26,text_for_speaker,0,,2
CREC-2015-07-26-pt1-PgS5740,CREC-2015-07-26,text_for_speaker,0,,2
CREC-2015-07-26-pt1-PgS5739-2,CREC-2015-07-26,text_for_speaker,0,,2
CREC-2015-07-26-pt1-PgS5740-2,CREC-2015-07-26,text_for_speaker,0,,2
CREC-2015-07-26-pt1-PgS5740-3,CREC-2015-07-26,text_for_speaker,0,,2
CREC-2015-07-26-pt1-PgS5741,CREC-2015-07-26,text_for_speaker,0,,1
CREC-2015-07-26-pt1-PgS5742,CREC-2015-07-26,text_for_speaker,0,,1
CREC-2015-07-26-pt1-PgS5742-2,CREC-2015-07-26,text_for_speaker,0,,1
CREC-2015-07-26-pt1-PgS5742-3,CREC-2015-07-26,text_for_speaker,0,,1
CREC-2015-07-26-pt1-PgS5742-4,CREC-2015-07-26,text_for_speaker,0,,1
CREC-2015-07-26-pt1-PgS5845,CREC-2015-07-26,text_for_speaker,0,,1
CREC-2015-07-26-pt1-PgS5847,CREC-2015-07-26,text_for_speaker,0,,2
CREC-2015-07-26-pt1-PgS5847-2,CREC-2015-07-26,text_for_speaker,0,,1
CREC-2015-07-26-pt1-PgS5848,CREC-2015-07-26,text_for_speaker,0,,1
CREC-2015-07-26-pt1-PgS5849,CREC-2015-07-26,text_for_speaker,0,,1
CREC-2015-07-26-pt1-PgS5849-2,CREC-2015-07-26,text_for_speaker,0,,1
CREC-2015-07-26-pt1-PgS5849-3,CREC-2015-07-26,text_for_speaker,0,,1
CREC-2015-07-26-pt1-PgS5742-5,CREC-2015-07-26,text_for_speaker,0,,1
CREC-2015-07-26-pt1-PgS5849-4,CREC-2015-07-26,text_for_speaker,0,,1
CREC-2015-07-26-pt1-PgS5850,CREC-2015-07-26,text_for_speaker,0,,1
CREC-2015-07-26-pt1-PgS5850-2,CREC-2015-07-26,text_for_speaker,0,,1
CREC-2015-07-26-pt1-PgS5850-3,CREC-2015-07-26,text_for_speaker,0,,1
CREC-2015-07-26-pt1-PgS5850-4,CREC-2015-07-26,text_for_speaker,0,,1
CREC-2015-07-26-pt1-PgS5850-5,CREC-2015-07-26,text_for_speaker,0,,1
CREC-2015-07-26-pt1-PgS5850-6,CREC-2015-07-26,text_for_speaker,0,,1
CREC-2015-07-26-pt1-PgS5851-3,CREC-2015-07-26,text_for_speaker,0,,1
CREC-2015-07-26-pt1-PgS5851,CREC-2015-07-26,text_for_speaker,0,,1
CREC-2015-07-26-pt1-PgS5851-2,CREC-2015-07-26,text_for_speaker,0,,1
CREC-2015-07-26-pt1-PgS5857,CREC-2015-07-26,text_for_speaker,0,,1
CREC-2015-07-26-pt1-PgS5851-4,CREC-2015-07-26,text_for_speaker,0,,1
CREC-2015-07-26-pt1-PgS5851-5,CREC-2015-07-26,text_for_speaker,0,,1
CREC-2015-07-26-pt1-PgS5857-2,CREC-2015-07-26,text_for_speaker,0,,1
CREC-2015-07-26-pt1-PgS5857-3,CREC-2015-07-26,text_for_speaker,0,,1
CREC-2015-07-26-pt1-PgS5858,CREC-2015-07-26,text_for_speaker,0,,1
CREC-2015-07-26-pt1-PgS5858-2,CREC-2015-07-26,text_for_speaker,0,,1
CREC-2015-07-26-pt1-PgS5858-3,CREC-2015-07-26,text_for_speaker,0,,1
CREC-2015-07-26-pt1-PgS5858-4,CREC-2015-07-26,text_for_speaker,0,,1
CREC-2015-07-26-pt1-PgS5860,CREC-2015-07-26,text_for_speaker,0,,1
CREC-2015-07-26-pt1-PgS5859,CREC-2015-07-26,text_for_speaker,0,,1
CREC-2015-07-26-pt1-PgS5860-2,CREC-2015-07-26,text_for_speaker,0,,1
CREC-2015-07-26-pt1-PgS5860-3,CREC-2015-07-26,text_for_speaker,0,,1
CREC-2015-07-26-pt1-PgS5861,CREC-2015-07-26,text_for_speaker,0,,1
CREC-2015-07-26-pt1-PgS5861-2,CREC-2015-07-26,text_for_speaker,0,,1
CREC-2015-07-26-pt1-PgS5869,CREC-2015-07-26,text_for_speaker,0,,1
CREC-2015-07-26-pt1-PgS5869-3,CREC-2015-07-26,text_for_speaker,0,,1
CREC-2015-07-26-pt1-PgS5869-2,CREC-2015-07-26,text_for_speaker,0,,1
CREC-2015-07-26-pt1-PgS5869-4,CREC-2015-07-26,text_for_speaker,0,,1
CREC-2015-07-26-pt1-PgS5870,CREC-2015-07-26,text_for_speaker,0,,1
CREC-2015-07-26-pt1-PgS5870-2,CREC-2015-07-26,text_for_speaker,0,,1
CREC-2015-07-26-pt1-PgS5869-5,CREC-2015-07-26,text_for_speaker,0,,1
CREC-2015-07-26-pt1-PgS5870-3,CREC-2015-07-26,text_for_speaker,0,,1
CREC-2015-07-26-pt1-PgS5870-5,CREC-2015-07-26,text_for_speaker,0,,1
CREC-2015-07-26-pt1-PgS5870-4,CREC-2015-07-26,text_for_speaker,0,,1
CREC-2015-07-26-pt1-PgS5870-6,CREC-2015-07-26,text_for_speaker,0,,1
CREC-2015-07-26-pt1-PgS5871,CREC-2015-07-26,text_for_speaker,0,,1
CREC-2015-07-26-pt1-PgS5871-2,CREC-2015-07-26,text_for_speaker,0,,1
CREC-2015-07-26-pt1-PgS5871-3,CREC-2015-07-26,text_for_speaker,0,,1
CREC-2015-07-26-pt1-PgS5871-4,CREC-2015-07-26,text_for_speaker,0,,1
CREC-2015-07-26-pt1-PgS5872,CREC-2015-07-26,text_for_speaker,0,,1
CREC-2015-07-26-pt1-PgS5871-5,CREC-2015-07-26,text_for_speaker,0,,1
CREC-2015-07-26-pt1-PgS5872-2,CREC-2015-07-26,text_for_speaker,0,,1
CREC-2015-07-26-pt1-PgS5872-3,CREC-2015-07-26,text_for_speaker,0,,1
CREC-2015-07-26-pt1-PgS5872-4,CREC-2015-07-26,text_for_speaker,0,,1
CREC-2015-07-26-pt1-PgS5872-5,CREC-2015-07-26,text_for_speaker,0,,1
CREC-2015-07-26-pt1-PgS5873-2,CREC-2015-07-26,text_for_speaker,0,,1
CREC-2015-07-26-pt1-PgS5873,CREC-2015-07-26,text_for_speaker,0,,1
CREC-2015-07-26-pt1-PgS5873-4,CREC-2015-07-26,text_for_speaker,0,,1
CREC-2015-07-26-pt1-PgS5873-3,CREC-2015-07-26,text_for_speaker,0,,1
CREC-2015-07-26-pt1-PgS5873-5,CREC-2015-07-26,text_for_speaker,0,,1
CREC-2015-07-26-pt1-PgS5873-6,CREC-2015-07-26,text_for_speaker,0,,1
CREC-2015-07-26-pt1-PgS5873-7,CREC-2015-07-26,text_for_speaker,0,,1
CREC-2015-07-26-pt1-PgS5873-8,CREC-2015-07-26,text_for_speaker,0,,1
CREC-2015-07-26-pt1-PgS5873-10,CREC-2015-07-26,text_for_speaker,0,,1
CREC-2015-07-26-pt1-PgS5873-9,CREC-2015-07-26,text_for_speaker,0,,1
CREC-2015-07-26-pt1-PgS5874,CREC-2015-07-26,text_for_speaker,0,,1
CREC-2015-07-26-pt1-PgS5874-2,CREC-2015-07-26,text_for_speaker,0,,1
CREC-2015-07-26-pt1-PgS5874-3,CREC-2015-07-26,text_for_speaker,0,,1
CREC-2015-07-26-pt1-PgS5874-4,CREC-2015-07-26,text_for_speaker,0,,1
CREC-2015-07-26-pt1-PgS5875,CREC-2015-07-26,text_for_speaker,0,,1
CREC-2015-07-26-pt1-PgS5876,CREC-2015-07-26,text_for_speaker,0,,1
CREC-2015-07-26-pt1-PgS5875-2,CREC-2015-07-26,text_for_speaker,0,,1
CREC-2015-07-26-pt1-PgS5876-2,CREC-2015-07-26,text_for_speaker,0,,1
CREC-2015-07-26-pt1-PgS5877-2,CREC-2015-07-26,text_for_speaker,0,,1
CREC-2015-07-26-pt1-PgS5877,CREC-2015-07-26,text_for_speaker,0,,1
CREC-2015-07-26-pt1-PgS5877-3,CREC-2015-07-26,text_for_speaker,0,,1
CREC-2015-07-26-pt1-PgS5877-4,CREC-2015-07-26,text_for_speaker,0,,1
CREC-2015-07-26-pt1-PgS5877-6,CREC-2015-07-26,text_for_speaker,0,,1
CREC-2015-07-26-pt1-PgS5877-5,CREC-2015-07-26,text_for_speaker,0,,1
CREC-2015-07-26-pt1-PgS5877-7,CREC-2015-07-26,text_for_speaker,0,,1
CREC-2015-07-26-pt1-PgS5878,CREC-2015-07-26,text_for_speaker,0,,1
CREC-2015-07-26-pt1-PgS5878-2,CREC-2015-07-26,text_for_speaker,0,,1
CREC-2015-07-26-pt1-PgS5878-3,CREC-2015-07-26,text_for_speaker,0,,1
CREC-2015-07-26-pt1-PgS5880,CREC-2015-07-26,text_for_speaker,0,,1
CREC-2015-07-26-pt1-PgS5885,CREC-2015-07-26,text_for_speaker,0,,1
CREC-2015-07-26-pt1-PgS5885-2,CREC-2015-07-26,text_for_speaker,0,,1
CREC-2015-07-26-pt1-PgS5880-2,CREC-2015-07-26,text_for_speaker,0,,1
CREC-2015-07-26-pt1-PgS5885-3,CREC-2015-07-26,text_for_speaker,0,,1
CREC-2015-07-26-pt1-PgS5885-5,CREC-2015-07-26,text_for_speaker,0,,1
CREC-2015-07-26-pt1-PgS5885-4,CREC-2015-07-26,text_for_speaker,0,,1
CREC-2015-07-26-pt1-PgS5885-6,CREC-2015-07-26,text_for_speaker,0,,1
CREC-2015-07-26-pt1-PgS5886,CREC-2015-07-26,text_for_speaker,0,,1
CREC-2015-07-26-pt1-PgS5886-2,CREC-2015-07-26,text_for_speaker,0,,1
CREC-2015-07-26-pt1-PgS5886-4,CREC-2015-07-26,text_for_speaker,0,,1
CREC-2015-07-26-pt1-PgS5886-5,CREC-2015-07-26,text_for_speaker,0,,1
CREC-2015-07-26-pt1-PgS5886-3,CREC-2015-07-26,text_for_speaker,0,,1
CREC-2015-07-26-pt1-PgS5886-7,CREC-2015-07-26,text_for_speaker,0,,1
CREC-2015-07-26-pt1-PgS5887,CREC-2015-07-26,text_for_speaker,0,,1
CREC-2015-07-26-pt1-PgS5886-6,CREC-2015-07-26,text_for_speaker,0,,1
CREC-2015-07-26-pt1-PgS5887-2,CREC-2015-07-26,text_for_speaker,0,,1
CREC-2015-07-26-pt1-PgS5890,CREC-2015-07-26,text_for_speaker,0,,1
CREC-2015-07-26-pt1-PgS5887-3,CREC-2015-07-26,text_for_speaker,0,,1
CREC-2015-07-26-pt1-PgS5891,CREC-2015-07-26,text_for_speaker,0,,1
CREC-2015-07-26-pt1-PgS5891-3,CREC-2015-07-26,text_for_speaker,0,,2
CREC-2015-07-26-pt1-PgS5891-2,CREC-2015-07-26,text_for_speaker,0,,2
CREC-2015-07-26-pt1-PgS5892-2,CREC-2015-07-26,text_for_speaker,0,,1
CREC-2015-07-26-pt1-PgS5891-4,CREC-2015-07-26,text_for_speaker,0,,1
CREC-2015-07-26-pt1-PgD881,CREC-2015-07-26,text_for_speaker,0,,1
CREC-2015-07-26-pt1-PgD880,CREC-2015-07-26,text_for_speaker,0,,1
CREC-2015-07-26-pt1-PgD880-2,CREC-2015-07-26,text_for_speaker,0,,1
CREC-2015-07-26-pt1-PgD881-3,CREC-2015-07-26,text_for_speaker,0,,1
CREC-2015-07-26-pt1-PgD881-4,CREC-2015-07-26,text_for_speaker,0,,1
CREC-2015-07-26-pt1-PgD881-2,CREC-2015-07-26,text_for_speaker,0,,1
CREC-2015-07-27-pt1-PgH-FrontMatter-3,CREC-2015-07-27,text_for_speaker,0,,1
CREC-2015-07-27-pt1-PgH5471-2,CREC-2015-07-27,text_for_speaker,0,,1
CREC-2015-07-27-pt1-PgH5471,CREC-2015-07-27,text_for_speaker,0,,1
CREC-2015-07-27-pt1-PgH5473-2,CREC-2015-07-27,text_for_speaker,0,,1
CREC-2015-07-27-pt1-PgH5473,CREC-2015-07-27,text_for_speaker,0,,1
CREC-2015-07-27-pt1-PgH5473-3,CREC-2015-07-27,text_for_speaker,0,,1
CREC-2015-07-27-pt1-PgH5474-6,CREC-2015-07-27,text_for_speaker,0,,1
CREC-2015-07-27-pt1-PgH5475-2,CREC-2015-07-27,text_for_speaker,0,,1
CREC-2015-07-27-pt1-PgH5510-2,CREC-2015-07-27,text_for_speaker,0,,1
CREC-2015-07-27-pt1-PgH5513,CREC-2015-07-27,text_for_speaker,0,,1
CREC-2015-07-27-pt1-PgH5519,CREC-2015-07-27,text_for_speaker,0,,1
CREC-2015-07-27-pt1-PgH5520-3,CREC-2015-07-27,text_for_speaker,0,,1
CREC-2015-07-27-pt1-PgH5520-4,CREC-2015-07-27,text_for_speaker,0,,1
CREC-2015-07-27-pt1-PgH5520-6,CREC-2015-07-27,text_for_speaker,0,,1
CREC-2015-07-27-pt1-PgH5520-5,CREC-2015-07-27,text_for_speaker,0,,1
CREC-2015-07-27-pt1-PgH5521-2,CREC-2015-07-27,text_for_speaker,0,,1
CREC-2015-07-27-pt1-PgH5523,CREC-2015-07-27,text_for_speaker,0,,1
CREC-2015-07-27-pt1-PgH5522-3,CREC-2015-07-27,text_for_speaker,0,,1
CREC-2015-07-27-pt1-PgH5523-2,CREC-2015-07-27,text_for_speaker,0,,1
CREC-2015-07-27-pt1-PgH5523-4,CREC-2015-07-27,text_for_speaker,0,,1
CREC-2015-07-27-pt1-PgH5523-3,CREC-2015-07-27,text_for_speaker,0,,1
CREC-2015-07-27-pt1-PgH5523-5,CREC-2015-07-27,text_for_speaker,0,,1
CREC-2015-07-27-pt1-PgH5524,CREC-2015-07-27,text_for_speaker,0,,1
CREC-2015-07-27-pt1-PgH5524-2,CREC-2015-07-27,text_for_speaker,0,,1
CREC-2015-07-27-pt1-PgH5524-3,CREC-2015-07-27,text_for_speaker,0,,1
CREC-2015-07-27-pt1-PgH5524-4,CREC-2015-07-27,text_for_speaker,0,,1
CREC-2015-07-27-pt1-PgH5524-5,CREC-2015-07-27,text_for_speaker,0,,1
CREC-2015-07-27-pt1-PgH5524-6,CREC-2015-07-27,text_for_speaker,0,,1
CREC-2015-07-27-pt1-PgH5524-7,CREC-2015-07-27,text_for_speaker,0,,1
CREC-2015-07-27-pt1-PgH5524-9,CREC-2015-07-27,text_for_speaker,0,,1
CREC-2015-07-27-pt1-PgH5524-8,CREC-2015-07-27,text_for_speaker,0,,1
CREC-2015-07-27-pt1-PgH5524-11,CREC-2015-07-27,text_for_speaker,0,,1
CREC-2015-07-27-pt1-PgH5524-10,CREC-2015-07-27,text_for_speaker,0,,1
CREC-2015-07-27-pt1-PgH5524-12,CREC-2015-07-27,text_for_speaker,0,,1
CREC-2015-07-27-pt1-PgH5524-13,CREC-2015-07-27,text_for_speaker,0,,1
CREC-2015-07-27-pt1-PgH5524-14,CREC-2015-07-27,text_for_speaker,0,,1
CREC-2015-07-27-pt1-PgH5524-15,CREC-2015-07-27,text_for_speaker,0,,1
CREC-2015-07-27-pt1-PgH5525,CREC-2015-07-27,text_for_speaker,0,,1
CREC-2015-07-27-pt1-PgH5525-2,CREC-2015-07-27,text_for_speaker,0,,1
CREC-2015-07-27-pt1-PgS-FrontMatter-2,CREC-2015-07-27,text_for_speaker,0,,1
CREC-2015-07-27-pt1-PgS5893-2,CREC-2015-07-27,text_for_speaker,0,,1
CREC-2015-07-27-pt1-PgS5893,CREC-2015-07-27,text_for_speaker,0,,1
CREC-2015-07-27-pt1-PgS5893-3,CREC-2015-07-27,text_for_speaker,0,,1
CREC-2015-07-27-pt1-PgS5893-4,CREC-2015-07-27,text_for_speaker,0,,1
CREC-2015-07-27-pt1-PgS5893-5,CREC-2015-07-27,text_for_speaker,0,,1
CREC-2015-07-27-pt1-PgS5928,CREC-2015-07-27,text_for_speaker,0,,1
CREC-2015-07-27-pt1-PgS5928-2,CREC-2015-07-27,text_for_speaker,0,,1
CREC-2015-07-27-pt1-PgS5928-3,CREC-2015-07-27,text_for_speaker,0,,1
CREC-2015-07-27-pt1-PgS5928-4,CREC-2015-07-27,text_for_speaker,0,,1
CREC-2015-07-27-pt1-PgS5928-5,CREC-2015-07-27,text_for_speaker,0,,1
CREC-2015-07-27-pt1-PgS5928-6,CREC-2015-07-27,text_for_speaker,0,,1
CREC-2015-07-27-pt1-PgS5929,CREC-2015-07-27,text_for_speaker,0,,1
CREC-2015-07-27-pt1-PgS5932-3,CREC-2015-07-27,text_for_speaker,0,,1
CREC-2015-07-27-pt1-PgS5932-4,CREC-2015-07-27,text_for_speaker,0,,1
CREC-2015-07-27-pt1-PgS5933-2,CREC-2015-07-27,text_for_speaker,0,,1
CREC-2015-07-27-pt1-PgS5933,CREC-2015-07-27,text_for_speaker,0,,1
CREC-2015-07-27-pt1-PgS5933-4,CREC-2015-07-27,text_for_speaker,0,,1
CREC-2015-07-27-pt1-PgS5933-5,CREC-2015-07-27,text_for_speaker,0,,1
CREC-2015-07-27-pt1-PgS5933-6,CREC-2015-07-27,text_for_speaker,0,,1
CREC-2015-07-27-pt1-PgS5934,CREC-2015-07-27,text_for_speaker,0,,1
CREC-2015-07-27-pt1-PgS5934-2,CREC-2015-07-27,text_for_speaker,0,,1
CREC-2015-07-27-pt1-PgS5933-3,CREC-2015-07-27,text_for_speaker,0,,1
CREC-2015-07-27-pt1-PgS6039,CREC-2015-07-27,text_for_speaker,0,,1
CREC-2015-07-27-pt1-PgS6041,CREC-2015-07-27,text_for_speaker,0,,1
CREC-2015-07-27-pt1-PgS6042-2,CREC-2015-07-27,text_for_speaker,0,,1
CREC-2015-07-27-pt1-PgS6042,CREC-2015-07-27,text_for_speaker,0,,1
CREC-2015-07-27-pt1-PgS5934-3,CREC-2015-07-27,text_for_speaker,0,,1
CREC-2015-07-27-pt1-PgS6042-4,CREC-2015-07-27,text_for_speaker,0,,1
CREC-2015-07-27-pt1-PgS6042-5,CREC-2015-07-27,text_for_speaker,0,,1
CREC-2015-07-27-pt1-PgS6042-6,CREC-2015-07-27,text_for_speaker,0,,1
CREC-2015-07-27-pt1-PgE1131-3,CREC-2015-07-27,text_for_speaker,0,,1
CREC-2015-07-27-pt1-PgD883,CREC-2015-07-27,text_for_speaker,0,,1
CREC-2015-07-27-pt1-PgD884,CREC-2015-07-27,text_for_speaker,0,,1
CREC-2015-07-27-pt1-PgD884-2,CREC-2015-07-27,text_for_speaker,0,,1
CREC-2015-07-27-pt1-PgD886,CREC-2015-07-27,text_for_speaker,0,,1
CREC-2015-07-27-pt1-PgD886-2,CREC-2015-07-27,text_for_speaker,0,,1
CREC-2015-07-27-pt1-PgD888,CREC-2015-07-27,text_for_speaker,0,,1
CREC-2015-07-27-pt1-PgD891,CREC-2015-07-27,text_for_speaker,0,,1
CREC-2015-07-28-pt1-PgH5564-2,CREC-2015-07-28,text_for_speaker,0,,1
CREC-2015-07-28-pt1-PgH5574-4,CREC-2015-07-28,text_for_speaker,0,,1
CREC-2015-07-28-pt1-PgH5574-3,CREC-2015-07-28,text_for_speaker,0,,1
CREC-2015-07-28-pt1-PgH5580,CREC-2015-07-28,text_for_speaker,0,,1
CREC-2015-07-28-pt1-PgH5587,CREC-2015-07-28,text_for_speaker,0,,1
CREC-2015-07-28-pt1-PgH5587-2,CREC-2015-07-28,text_for_speaker,0,,1
CREC-2015-07-28-pt1-PgH5587-3,CREC-2015-07-28,text_for_speaker,0,,1
CREC-2015-07-28-pt1-PgH5587-5,CREC-2015-07-28,text_for_speaker,0,,1
CREC-2015-07-28-pt1-PgH5587-7,CREC-2015-07-28,text_for_speaker,0,,1
CREC-2015-07-28-pt1-PgH5590,CREC-2015-07-28,text_for_speaker,0,,1
CREC-2015-07-28-pt1-PgH5590-2,CREC-2015-07-28,text_for_speaker,0,,1
CREC-2015-07-28-pt1-PgH5590-3,CREC-2015-07-28,text_for_speaker,0,,1
CREC-2015-07-28-pt1-PgH5590-4,CREC-2015-07-28,text_for_speaker,0,,1
CREC-2015-07-28-pt1-PgH5590-6,CREC-2015-07-28,text_for_speaker,0,,1
CREC-2015-07-28-pt1-PgH5590-7,CREC-2015-07-28,text_for_speaker,0,,1
CREC-2015-07-28-pt1-PgH5590-5,CREC-2015-07-28,text_for_speaker,0,,1
CREC-2015-07-28-pt1-PgH5590-9,CREC-2015-07-28,text_for_speaker,0,,1
CREC-2015-07-28-pt1-PgH5590-8,CREC-2015-07-28,text_for_speaker,0,,1
CREC-2015-07-28-pt1-PgH5590-10,CREC-2015-07-28,text_for_speaker,0,,1
CREC-2015-07-28-pt1-PgH5590-11,CREC-2015-07-28,text_for_speaker,0,,1
CREC-2015-07-28-pt1-PgH5590-12,CREC-2015-07-28,text_for_speaker,0,,1
CREC-2015-07-28-pt1-PgH5590-13,CREC-2015-07-28,text_for_speaker,0,,1
CREC-2015-07-28-pt1-PgH5590-15,CREC-2015-07-28,text_for_speaker,0,,1
CREC-2015-07-28-pt1-PgH5590-14,CREC-2015-07-28,text_for_speaker,0,,1
CREC-2015-07-28-pt1-PgH5590-16,CREC-2015-07-28,text_for_speaker,0,,1
CREC-2015-07-28-pt1-PgH5590-18,CREC-2015-07-28,text_for_speaker,0,,1
CREC-2015-07-28-pt1-PgH5590-17,CREC-2015-07-28,text_for_speaker,0,,1
CREC-2015-07-28-pt1-PgH5590-19,CREC-2015-07-28,text_for_speaker,0,,1
CREC-2015-07-28-pt1-PgH5590-20,CREC-2015-07-28,text_for_speaker,0,,1
CREC-2015-07-28-pt1-PgH5590-21,CREC-2015-07-28,text_for_speaker,0,,1
CREC-2015-07-28-pt1-PgH5590-22,CREC-2015-07-28,text_for_speaker,0,,1
CREC-2015-07-28-pt1-PgH5590-24,CREC-2015-07-28,text_for_speaker,0,,1
CREC-2015-07-28-pt1-PgH5590-23,CREC-2015-07-28,text_for_speaker,0,,1
CREC-2015-07-28-pt1-PgH5590-25,CREC-2015-07-28,text_for_speaker,0,,1
CREC-2015-07-28-pt1-PgH5590-26,CREC-2015-07-28,text_for_speaker,0,,1
CREC-2015-07-28-pt1-PgH5591,CREC-2015-07-28,text_for_speaker,0,,1
CREC-2015-07-28-pt1-PgH5591-2,CREC-2015-07-28,text_for_speaker,0,,1
CREC-2015-07-28-pt1-PgH5591-3,CREC-2015-07-28,text_for_speaker,0,,1
CREC-2015-07-28-pt1-PgH5591-4,CREC-2015-07-28,text_for_speaker,0,,1
CREC-2015-07-28-pt1-PgH5591-5,CREC-2015-07-28,text_for_speaker,0,,1
CREC-2015-07-28-pt1-PgH5591-6,CREC-2015-07-28,text_for_speaker,0,,1
CREC-2015-07-28-pt1-PgH5591-7,CREC-2015-07-28,text_for_speaker,0,,1
CREC-2015-07-28-pt1-PgH5591-8,CREC-2015-07-28,text_for_speaker,0,,1
CREC-2015-07-28-pt1-PgH5591-10,CREC-2015-07-28,text_for_speaker,0,,1
CREC-2015-07-28-pt1-PgH5591-11,CREC-2015-07-28,text_for_speaker,0,,1
CREC-2015-07-28-pt1-PgH5591-9,CREC-2015-07-28,text_for_speaker,0,,1
CREC-2015-07-28-pt1-PgH5591-13,CREC-2015-07-28,text_for_speaker,0,,1
CREC-2015-07-28-pt1-PgH5591-12,CREC-2015-07-28,text_for_speaker,0,,1
CREC-2015-07-28-pt1-PgH5591-14,CREC-2015-07-28,text_for_speaker,0,,1
CREC-2015-07-28-pt1-PgH5591-15,CREC-2015-07-28,text_for_speaker,0,,1
CREC-2015-07-28-pt1-PgH5591-16,CREC-2015-07-28,text_for_speaker,0,,1
CREC-2015-07-28-pt1-PgH5591-18,CREC-2015-07-28,text_for_speaker,0,,1
CREC-2015-07-28-pt1-PgH5591-17,CREC-2015-07-28,text_for_speaker,0,,1
CREC-2015-07-28-pt1-PgH5591-19,CREC-2015-07-28,text_for_speaker,0,,1
CREC-2015-07-28-pt1-PgH-FrontMatter-3,CREC-2015-07-28,text_for_speaker,0,,1
CREC-2015-07-28-pt1-PgH5593,CREC-2015-07-28,text_for_speaker,0,,1
CREC-2015-07-28-pt1-PgH5591-20,CREC-2015-07-28,text_for_speaker,0,,1
CREC-2015-07-28-pt1-PgH8527,CREC-2015-07-28,text_for_speaker,0,,1
CREC-2015-07-28-pt1-PgH8527-2,CREC-2015-07-28,text_for_speaker,0,,1
CREC-2015-07-28-pt1-PgH8533-4,CREC-2015-07-28,text_for_speaker,0,,1
CREC-2015-07-28-pt1-PgH8533-5,CREC-2015-07-28,text_for_speaker,0,,1
CREC-2015-07-28-pt1-PgH8534-3,CREC-2015-07-28,text_for_speaker,0,,1
CREC-2015-07-28-pt1-PgH8538-5,CREC-2015-07-28,text_for_speaker,0,,1
CREC-2015-07-28-pt1-PgH8538-4,CREC-2015-07-28,text_for_speaker,0,,1
CREC-2015-07-28-pt1-PgS-FrontMatter,CREC-2015-07-28,text_for_speaker,0,,1
CREC-2015-07-28-pt1-PgS6045,CREC-2015-07-28,text_for_speaker,0,,1
CREC-2015-07-28-pt1-PgS6045-2,CREC-2015-07-28,text_for_speaker,0,,1
CREC-2015-07-28-pt1-PgS6045-4,CREC-2015-07-28,text_for_speaker,0,,1
CREC-2015-07-28-pt1-PgS6045-3,CREC-2015-07-28,text_for_speaker,0,,1
CREC-2015-07-28-pt1-PgS6045-6,CREC-2015-07-28,text_for_speaker,0,,1
CREC-2015-07-28-pt1-PgS6070-2,CREC-2015-07-28,text_for_speaker,0,,1
CREC-2015-07-28-pt1-PgS6070-4,CREC-2015-07-28,text_for_speaker,0,,1
CREC-2015-07-28-pt1-PgS6070-3,CREC-2015-07-28,text_for_speaker,0,,1
CREC-2015-07-28-pt1-PgS6073,CREC-2015-07-28,text_for_speaker,0,,1
CREC-2015-07-28-pt1-PgS6072,CREC-2015-07-28,text_for_speaker,0,,1
CREC-2015-07-28-pt1-PgS6070-5,CREC-2015-07-28,text_for_speaker,0,,1
CREC-2015-07-28-pt1-PgS6073-3,CREC-2015-07-28,text_for_speaker,0,,1
CREC-2015-07-28-pt1-PgS6073-2,CREC-2015-07-28,text_for_speaker,0,,1
CREC-2015-07-28-pt1-PgS6073-4,CREC-2015-07-28,text_for_speaker,0,,1
CREC-2015-07-28-pt1-PgS6074,CREC-2015-07-28,text_for_speaker,0,,1
CREC-2015-07-28-pt1-PgS6078,CREC-2015-07-28,text_for_speaker,0,,1
CREC-2015-07-28-pt1-PgS6078-2,CREC-2015-07-28,text_for_speaker,0,,1
CREC-2015-07-28-pt1-PgS6077-3,CREC-2015-07-28,text_for_speaker,0,,1
CREC-2015-07-28-pt1-PgS6079-2,CREC-2015-07-28,text_for_speaker,0,,1
CREC-2015-07-28-pt1-PgS6079-3,CREC-2015-07-28,text_for_speaker,0,,1
CREC-2015-07-28-pt1-PgS6079,CREC-2015-07-28,text_for_speaker,0,,1
CREC-2015-07-28-pt1-PgS6079-4,CREC-2015-07-28,text_for_speaker,0,,1
CREC-2015-07-28-pt1-PgS6083,CREC-2015-07-28,text_for_speaker,0,,1
CREC-2015-07-28-pt1-PgS6087-6,CREC-2015-07-28,text_for_speaker,0,,1
CREC-2015-07-28-pt1-PgS6087-7,CREC-2015-07-28,text_for_speaker,0,,1
CREC-2015-07-28-pt1-PgE1141-2,CREC-2015-07-28,text_for_speaker,0,,1
CREC-2015-07-28-pt1-PgE1143-3,CREC-2015-07-28,text_for_speaker,0,,1
CREC-2015-07-28-pt1-PgE1147-2,CREC-2015-07-28,text_for_speaker,0,,1
CREC-2015-07-28-pt1-PgD893,CREC-2015-07-28,text_for_speaker,0,,1
CREC-2015-07-28-pt1-PgD894-2,CREC-2015-07-28,text_for_speaker,0,,1
CREC-2015-07-28-pt1-PgD894,CREC-2015-07-28,text_for_speaker,0,,1
CREC-2015-07-28-pt1-PgD896,CREC-2015-07-28,text_for_speaker,0,,1
CREC-2015-07-28-pt1-PgD898,CREC-2015-07-28,text_for_speaker,0,,1
CREC-2015-07-28-pt1-PgD901,CREC-2015-07-28,text_for_speaker,0,,1
CREC-2015-07-30-pt1-PgS6147-2,CREC-2015-07-30,text_for_speaker,0,,1
CREC-2015-07-30-pt1-PgS6147-3,CREC-2015-07-30,text_for_speaker,0,,1
CREC-2015-07-30-pt1-PgS6147,CREC-2015-07-30,text_for_speaker,0,,1
CREC-2015-07-30-pt1-PgS6147-4,CREC-2015-07-30,text_for_speaker,0,,1
CREC-2015-07-30-pt1-PgS6147-6,CREC-2015-07-30,text_for_speaker,0,,1
CREC-2015-07-30-pt1-PgS6148,CREC-2015-07-30,text_for_speaker,0,,1
CREC-2015-07-30-pt1-PgS6181-4,CREC-2015-07-30,text_for_speaker,0,,1
CREC-2015-07-30-pt1-PgS6185-4,CREC-2015-07-30,text_for_speaker,0,,1
CREC-2015-07-30-pt1-PgS6185-5,CREC-2015-07-30,text_for_speaker,0,,1
CREC-2015-07-30-pt1-PgS6185-6,CREC-2015-07-30,text_for_speaker,0,,1
CREC-2015-07-30-pt1-PgS6186,CREC-2015-07-30,text_for_speaker,0,,1
CREC-2015-07-30-pt1-PgS6186-2,CREC-2015-07-30,text_for_speaker,0,,1
CREC-2015-07-30-pt1-PgS6186-3,CREC-2015-07-30,text_for_speaker,0,,1
CREC-2015-07-30-pt1-PgS6186-4,CREC-2015-07-30,text_for_speaker,0,,1
CREC-2015-07-30-pt1-PgS6187,CREC-2015-07-30,text_for_speaker,0,,1
CREC-2015-07-30-pt1-PgS6187-2,CREC-2015-07-30,text_for_speaker,0,,1
CREC-2015-07-30-pt1-PgS6191-2,CREC-2015-07-30,text_for_speaker,0,,1
CREC-2015-07-30-pt1-PgS6192,CREC-2015-07-30,text_for_speaker,0,,1
CREC-2015-07-30-pt1-PgS6193,CREC-2015-07-30,text_for_speaker,0,,1
CREC-2015-07-30-pt1-PgS6194-2,CREC-2015-07-30,text_for_speaker,0,,1
CREC-2015-07-30-pt1-PgS6194-4,CREC-2015-07-30,text_for_speaker,0,,1
CREC-2015-07-30-pt1-PgS6194-5,CREC-2015-07-30,text_for_speaker,0,,1
CREC-2015-07-30-pt1-PgS6194-3,CREC-2015-07-30,text_for_speaker,0,,1
CREC-2015-07-30-pt1-PgS6195-2,CREC-2015-07-30,text_for_speaker,0,,1
CREC-2015-07-30-pt1-PgS6209-2,CREC-2015-07-30,text_for_speaker,0,,1
CREC-2015-07-30-pt1-PgS6210,CREC-2015-07-30,text_for_speaker,0,,1
CREC-2015-07-30-pt1-PgS6209-3,CREC-2015-07-30,text_for_speaker,0,,1
CREC-2015-07-30-pt1-PgD913,CREC-2015-07-30,text_for_speaker,0,,1
CREC-2015-07-30-pt1-PgD915,CREC-2015-07-30,text_for_speaker,0,,1
CREC-2015-07-30-pt1-PgD916,CREC-2015-07-30,text_for_speaker,0,,1
CREC-2015-07-30-pt1-PgD916-2,CREC-2015-07-30,text_for_speaker,0,,1
CREC-2015-07-30-pt1-PgD917,CREC-2015-07-30,text_for_speaker,0,,1
CREC-2015-07-30-pt1-PgD917-2,CREC-2015-07-30,text_for_speaker,0,,1
CREC-2015-08-03-pt1-PgS6213-2,CREC-2015-08-03,text_for_speaker,0,,1
CREC-2015-08-03-pt1-PgS6213,CREC-2015-08-03,text_for_speaker,0,,1
CREC-2015-08-03-pt1-PgS6213-3,CREC-2015-08-03,text_for_speaker,0,,1
CREC-2015-08-03-pt1-PgS6213-4,CREC-2015-08-03,text_for_speaker,0,,1
CREC-2015-08-03-pt1-PgS6213-6,CREC-2015-08-03,text_for_speaker,0,,1
CREC-2015-08-03-pt1-PgS6214,CREC-2015-08-03,text_for_speaker,0,,1
CREC-2015-08-03-pt1-PgS6239-9,CREC-2015-08-03,text_for_speaker,0,,1
CREC-2015-08-03-pt1-PgS6239-10,CREC-2015-08-03,text_for_speaker,0,,1
CREC-2015-08-03-pt1-PgS6239-11,CREC-2015-08-03,text_for_speaker,0,,1
CREC-2015-08-03-pt1-PgS6240,CREC-2015-08-03,text_for_speaker,0,,1
CREC-2015-08-03-pt1-PgS6242,CREC-2015-08-03,text_for_speaker,0,,1
CREC-2015-08-03-pt1-PgS6242-2,CREC-2015-08-03,text_for_speaker,0,,1
CREC-2015-08-03-pt1-PgS6243,CREC-2015-08-03,text_for_speaker,0,,1
CREC-2015-08-03-pt1-PgS6243-2,CREC-2015-08-03,text_for_speaker,0,,1
CREC-2015-08-03-pt1-PgS6243-3,CREC-2015-08-03,text_for_speaker,0,,1
CREC-2015-08-03-pt1-PgS6243-4,CREC-2015-08-03,text_for_speaker,0,,1
CREC-2015-08-03-pt1-PgS6243-5,CREC-2015-08-03,text_for_speaker,0,,1
CREC-2015-08-03-pt1-PgS6244,CREC-2015-08-03,text_for_speaker,0,,1
CREC-2015-08-03-pt1-PgS6244-2,CREC-2015-08-03,text_for_speaker,0,,1
CREC-2015-08-03-pt1-PgS6245-2,CREC-2015-08-03,text_for_speaker,0,,1
CREC-2015-08-03-pt1-PgE1205-2,CREC-2015-08-03,text_for_speaker,0,,1
CREC-2015-08-03-pt1-PgD921,CREC-2015-08-03,text_for_speaker,0,,1
CREC-2015-08-03-pt1-PgD921-2,CREC-2015-08-03,text_for_speaker,0,,1
CREC-2015-08-03-pt1-PgD922,CREC-2015-08-03,text_for_speaker,0,,1
CREC-2015-08-03-pt1-PgD922-2,CREC-2015-08-03,text_for_speaker,0,,1
CREC-2015-08-03-pt1-PgD922-3,CREC-2015-08-03,text_for_speaker,0,,1
CREC-2015-08-03-pt1-PgD922-4,CREC-2015-08-03,text_for_speaker,0,,1
CREC-2015-08-03-pt1-PgD925,CREC-2015-08-03,text_for_speaker,0,,1
CREC-2015-08-03-pt1-PgD922-5,CREC-2015-08-03,text_for_speaker,0,,1
CREC-2015-08-03-pt1-PgD925-2,CREC-2015-08-03,text_for_speaker,0,,1
CREC-2015-08-04-pt1-PgH-FrontMatter,CREC-2015-08-04,text_for_speaker,0,,1
CREC-2015-08-04-pt1-PgH5785-2,CREC-2015-08-04,text_for_speaker,0,,1
CREC-2015-08-04-pt1-PgH5785,CREC-2015-08-04,text_for_speaker,0,,1
CREC-2015-08-04-pt1-PgH5785-3,CREC-2015-08-04,text_for_speaker,0,,1
CREC-2015-08-04-pt1-PgH5785-6,CREC-2015-08-04,text_for_speaker,0,,1
CREC-2015-08-04-pt1-PgH5785-8,CREC-2015-08-04,text_for_speaker,0,,1
CREC-2015-08-04-pt1-PgH5787-2,CREC-2015-08-04,text_for_speaker,0,,1
CREC-2015-08-04-pt1-PgH5786-2,CREC-2015-08-04,text_for_speaker,0,,1
CREC-2015-08-04-pt1-PgH5787,CREC-2015-08-04,text_for_speaker,0,,1
CREC-2015-08-04-pt1-PgH5787-3,CREC-2015-08-04,text_for_speaker,0,,1
CREC-2015-08-04-pt1-PgH5788-2,CREC-2015-08-04,text_for_speaker,0,,1
CREC-2015-08-04-pt1-PgH5788,CREC-2015-08-04,text_for_speaker,0,,1
CREC-2015-08-04-pt1-PgH5788-3,CREC-2015-08-04,text_for_speaker,0,,1
CREC-2015-08-04-pt1-PgH5788-4,CREC-2015-08-04,text_for_speaker,0,,1
CREC-2015-08-04-pt1-PgH5788-5,CREC-2015-08-04,text_for_speaker,0,,1
CREC-2015-08-04-pt1-PgS-FrontMatter-6,CREC-2015-08-04,text_for_speaker,0,,1
CREC-2015-08-04-pt1-PgH5788-6,CREC-2015-08-04,text_for_speaker,0,,1
CREC-2015-08-04-pt1-PgS6247,CREC-2015-08-04,text_for_speaker,0,,1
CREC-2015-08-04-pt1-PgS6247-2,CREC-2015-08-04,text_for_speaker,0,,1
CREC-2015-08-04-pt1-PgS6247-3,CREC-2015-08-04,text_for_speaker,0,,1
CREC-2015-08-04-pt1-PgS6247-4,CREC-2015-08-04,text_for_speaker,0,,1
CREC-2015-08-04-pt1-PgS6247-5,CREC-2015-08-04,text_for_speaker,0,,1
CREC-2015-08-04-pt1-PgS6247-6,CREC-2015-08-04,text_for_speaker,0,,1
CREC-2015-08-04-pt1-PgS6291-2,CREC-2015-08-04,text_for_speaker,0,,1
CREC-2015-08-04-pt1-PgS6294-2,CREC-2015-08-04,text_for_speaker,0,,1
CREC-2015-08-04-pt1-PgS6291-3,CREC-2015-08-04,text_for_speaker,0,,1
CREC-2015-08-04-pt1-PgS6294,CREC-2015-08-04,text_for_speaker,0,,1
CREC-2015-08-04-pt1-PgS6295,CREC-2015-08-04,text_for_speaker,0,,1
CREC-2015-08-04-pt1-PgS6296,CREC-2015-08-04,text_for_speaker,0,,1
CREC-2015-08-04-pt1-PgS6299,CREC-2015-08-04,text_for_speaker,0,,1
CREC-2015-08-04-pt1-PgS6300-2,CREC-2015-08-04,text_for_speaker,0,,1
CREC-2015-08-04-pt1-PgS6300-3,CREC-2015-08-04,text_for_speaker,0,,1
CREC-2015-08-04-pt1-PgS6300-4,CREC-2015-08-04,text_for_speaker,0,,1
CREC-2015-08-04-pt1-PgS6301,CREC-2015-08-04,text_for_speaker,0,,1
CREC-2015-08-04-pt1-PgS6300-5,CREC-2015-08-04,text_for_speaker,0,,1
CREC-2015-08-04-pt1-PgS6300,CREC-2015-08-04,text_for_speaker,0,,1
CREC-2015-08-04-pt1-PgS6301-2,CREC-2015-08-04,text_for_speaker,0,,1
CREC-2015-08-04-pt1-PgS6301-3,CREC-2015-08-04,text_for_speaker,0,,1
CREC-2015-08-04-pt1-PgS6301-4,CREC-2015-08-04,text_for_speaker,0,,1
CREC-2015-08-04-pt1-PgS6303,CREC-2015-08-04,text_for_speaker,0,,2
CREC-2015-08-04-pt1-PgS6304,CREC-2015-08-04,text_for_speaker,0,,1
CREC-2015-08-04-pt1-PgS6304-2,CREC-2015-08-04,text_for_speaker,0,,1
CREC-2015-08-04-pt1-PgS6303-2,CREC-2015-08-04,text_for_speaker,0,,1
CREC-2015-08-04-pt1-PgS6304-4,CREC-2015-08-04,text_for_speaker,0,,1
CREC-2015-08-04-pt1-PgS6305,CREC-2015-08-04,text_for_speaker,0,,1
CREC-2015-08-04-pt1-PgS6304-3,CREC-2015-08-04,text_for_speaker,0,,1
CREC-2015-08-04-pt1-PgS6305-4,CREC-2015-08-04,text_for_speaker,0,,1
CREC-2015-08-04-pt1-PgS6305-2,CREC-2015-08-04,text_for_speaker,0,,1
CREC-2015-08-04-pt1-PgS6305-3,CREC-2015-08-04,text_for_speaker,0,,1
CREC-2015-08-04-pt1-PgS6305-5,CREC-2015-08-04,text_for_speaker,0,,1
CREC-2015-08-04-pt1-PgS6306,CREC-2015-08-04,text_for_speaker,0,,1
CREC-2015-08-04-pt1-PgS6306-2,CREC-2015-08-04,text_for_speaker,0,,1
CREC-2015-08-04-pt1-PgS6306-3,CREC-2015-08-04,text_for_speaker,0,,1
CREC-2015-08-04-pt1-PgS6306-4,CREC-2015-08-04,text_for_speaker,0,,1
CREC-2015-08-04-pt1-PgS6306-5,CREC-2015-08-04,text_for_speaker,0,,1
CREC-2015-08-04-pt1-PgS6307,CREC-2015-08-04,text_for_speaker,0,,2
CREC-2015-08-04-pt1-PgS6308,CREC-2015-08-04,text_for_speaker,0,,1
CREC-2015-08-04-pt1-PgS6306-6,CREC-2015-08-04,text_for_speaker,0,,1
CREC-2015-08-04-pt1-PgS6309,CREC-2015-08-04,text_for_speaker,0,,1
CREC-2015-08-04-pt1-PgS6310-2,CREC-2015-08-04,text_for_speaker,0,,1
CREC-2015-08-04-pt1-PgS6310,CREC-2015-08-04,text_for_speaker,0,,1
CREC-2015-08-04-pt1-PgS6310-3,CREC-2015-08-04,text_for_speaker,0,,1
CREC-2015-08-04-pt1-PgS6311-2,CREC-2015-08-04,text_for_speaker,0,,1
CREC-2015-08-04-pt1-PgS6311,CREC-2015-08-04,text_for_speaker,0,,1
CREC-2015-08-04-pt1-PgS6311-3,CREC-2015-08-04,text_for_speaker,0,,1
CREC-2015-08-04-pt1-PgS6311-4,CREC-2015-08-04,text_for_speaker,0,,1
CREC-2015-08-04-pt1-PgS6311-6,CREC-2015-08-04,text_for_speaker,0,,1
CREC-2015-08-04-pt1-PgS6311-5,CREC-2015-08-04,text_for_speaker,0,,1
CREC-2015-08-04-pt1-PgS6312,CREC-2015-08-04,text_for_speaker,0,,1
CREC-2015-08-04-pt1-PgS6312-2,CREC-2015-08-04,text_for_speaker,0,,1
CREC-2015-08-04-pt1-PgS6312-3,CREC-2015-08-04,text_for_speaker,0,,1
CREC-2015-08-04-pt1-PgS6313,CREC-2015-08-04,text_for_speaker,0,,1
CREC-2015-08-04-pt1-PgS6313-2,CREC-2015-08-04,text_for_speaker,0,,1
CREC-2015-08-04-pt1-PgS6312-4,CREC-2015-08-04,text_for_speaker,0,,1
CREC-2015-08-04-pt1-PgS6315,CREC-2015-08-04,text_for_speaker,0,,1
CREC-2015-08-04-pt1-PgS6315-2,CREC-2015-08-04,text_for_speaker,0,,1
CREC-2015-08-04-pt1-PgS6315-3,CREC-2015-08-04,text_for_speaker,0,,1
CREC-2015-08-04-pt1-PgS6315-4,CREC-2015-08-04,text_for_speaker,0,,1
CREC-2015-08-04-pt1-PgS6315-5,CREC-2015-08-04,text_for_speaker,0,,1
CREC-2015-08-04-pt1-PgS6315-6,CREC-2015-08-04,text_for_speaker,0,,1
CREC-2015-08-04-pt1-PgS6320,CREC-2015-08-04,text_for_speaker,0,,1
CREC-2015-08-04-pt1-PgS6320-2,CREC-2015-08-04,text_for_speaker,0,,1
CREC-2015-08-04-pt1-PgS6315-7,CREC-2015-08-04,text_for_speaker,0,,1
CREC-2015-08-04-pt1-PgS6320-3,CREC-2015-08-04,text_for_speaker,0,,1
CREC-2015-08-04-pt1-PgS6320-4,CREC-2015-08-04,text_for_speaker,0,,1
CREC-2015-08-04-pt1-PgS6320-5,CREC-2015-08-04,text_for_speaker,0,,1
CREC-2015-08-04-pt1-PgS6321,CREC-2015-08-04,text_for_speaker,0,,1
CREC-2015-08-04-pt1-PgS6321-2,CREC-2015-08-04,text_for_speaker,0,,1
CREC-2015-08-04-pt1-PgS6321-3,CREC-2015-08-04,text_for_speaker,0,,1
CREC-2015-08-04-pt1-PgS6321-4,CREC-2015-08-04,text_for_speaker,0,,1
CREC-2015-08-04-pt1-PgS6321-5,CREC-2015-08-04,text_for_speaker,0,,1
CREC-2015-08-04-pt1-PgS6321-6,CREC-2015-08-04,text_for_speaker,0,,1
CREC-2015-08-04-pt1-PgS6321-7,CREC-2015-08-04,text_for_speaker,0,,1
CREC-2015-08-04-pt1-PgS6322,CREC-2015-08-04,text_for_speaker,0,,1
CREC-2015-08-04-pt1-PgS6321-8,CREC-2015-08-04,text_for_speaker,0,,1
CREC-2015-08-04-pt1-PgS6322-2,CREC-2015-08-04,text_for_speaker,0,,1
CREC-2015-08-04-pt1-PgS6322-3,CREC-2015-08-04,text_for_speaker,0,,1
CREC-2015-08-04-pt1-PgS6322-4,CREC-2015-08-04,text_for_speaker,0,,1
CREC-2015-08-04-pt1-PgS6322-5,CREC-2015-08-04,text_for_speaker,0,,1
CREC-2015-08-04-pt1-PgD928,CREC-2015-08-04,text_for_speaker,0,,1
CREC-2015-08-04-pt1-PgD929,CREC-2015-08-04,text_for_speaker,0,,1
CREC-2015-08-04-pt1-PgD930-2,CREC-2015-08-04,text_for_speaker,0,,1
CREC-2015-08-04-pt1-PgD930,CREC-2015-08-04,text_for_speaker,0,,1
CREC-2015-08-04-pt1-PgD930-3,CREC-2015-08-04,text_for_speaker,0,,1
CREC-2015-08-04-pt1-PgD931,CREC-2015-08-04,text_for_speaker,0,,1
CREC-2015-08-05-pt1-PgS6327-3,CREC-2015-08-05,text_for_speaker,0,,1
CREC-2015-08-05-pt1-PgS6327-2,CREC-2015-08-05,text_for_speaker,0,,1
CREC-2015-08-05-pt1-PgS6327,CREC-2015-08-05,text_for_speaker,0,,1
CREC-2015-08-05-pt1-PgS6327-4,CREC-2015-08-05,text_for_speaker,0,,1
CREC-2015-08-05-pt1-PgS6327-6,CREC-2015-08-05,text_for_speaker,0,,1
CREC-2015-08-05-pt1-PgS6327-5,CREC-2015-08-05,text_for_speaker,0,,1
CREC-2015-08-05-pt1-PgS6328,CREC-2015-08-05,text_for_speaker,0,,1
CREC-2015-08-05-pt1-PgS6363-3,CREC-2015-08-05,text_for_speaker,0,,1
CREC-2015-08-05-pt1-PgS6365,CREC-2015-08-05,text_for_speaker,0,,1
CREC-2015-08-05-pt1-PgS6364,CREC-2015-08-05,text_for_speaker,0,,1
CREC-2015-08-05-pt1-PgS6378,CREC-2015-08-05,text_for_speaker,0,,1
CREC-2015-08-05-pt1-PgS6379-2,CREC-2015-08-05,text_for_speaker,0,,1
CREC-2015-08-05-pt1-PgS6379-3,CREC-2015-08-05,text_for_speaker,0,,1
CREC-2015-08-05-pt1-PgS6379-4,CREC-2015-08-05,text_for_speaker,0,,1
CREC-2015-08-05-pt1-PgS6379-5,CREC-2015-08-05,text_for_speaker,0,,1
CREC-2015-08-05-pt1-PgS6379-6,CREC-2015-08-05,text_for_speaker,0,,1
CREC-2015-08-05-pt1-PgS6381,CREC-2015-08-05,text_for_speaker,0,,1
CREC-2015-08-05-pt1-PgS6379-7,CREC-2015-08-05,text_for_speaker,0,,1
CREC-2015-08-05-pt1-PgS6381-2,CREC-2015-08-05,text_for_speaker,0,,1
CREC-2015-08-05-pt1-PgS6391,CREC-2015-08-05,text_for_speaker,0,,1
CREC-2015-08-05-pt1-PgS6401,CREC-2015-08-05,text_for_speaker,0,,1
CREC-2015-08-05-pt1-PgS6402,CREC-2015-08-05,text_for_speaker,0,,1
CREC-2015-08-05-pt1-PgS6402-2,CREC-2015-08-05,text_for_speaker,0,,1
CREC-2015-08-05-pt1-PgS6405,CREC-2015-08-05,text_for_speaker,0,,1
CREC-2015-08-05-pt1-PgS6405-2,CREC-2015-08-05,text_for_speaker,0,,1
CREC-2015-08-05-pt1-PgS6405-3,CREC-2015-08-05,text_for_speaker,0,,1
CREC-2015-08-05-pt1-PgS6406-2,CREC-2015-08-05,text_for_speaker,0,,1
CREC-2015-08-05-pt1-PgS6406-3,CREC-2015-08-05,text_for_speaker,0,,1
CREC-2015-08-05-pt1-PgS6406,CREC-2015-08-05,text_for_speaker,0,,1
CREC-2015-08-05-pt1-PgS6410,CREC-2015-08-05,text_for_speaker,0,,1
CREC-2015-08-05-pt1-PgS6406-4,CREC-2015-08-05,text_for_speaker,0,,1
CREC-2015-08-05-pt1-PgS6411-2,CREC-2015-08-05,text_for_speaker,0,,1
CREC-2015-08-05-pt1-PgS6411-3,CREC-2015-08-05,text_for_speaker,0,,1
CREC-2015-08-05-pt1-PgS6411,CREC-2015-08-05,text_for_speaker,0,,1
CREC-2015-08-05-pt1-PgS6412,CREC-2015-08-05,text_for_speaker,0,,1
CREC-2015-08-05-pt1-PgS6412-2,CREC-2015-08-05,text_for_speaker,0,,1
CREC-2015-08-05-pt1-PgS6411-4,CREC-2015-08-05,text_for_speaker,0,,1
CREC-2015-08-05-pt1-PgS6415,CREC-2015-08-05,text_for_speaker,0,,1
CREC-2015-08-05-pt1-PgS6419,CREC-2015-08-05,text_for_speaker,0,,1
CREC-2015-08-05-pt1-PgS6416,CREC-2015-08-05,text_for_speaker,0,,1
CREC-2015-08-05-pt1-PgS6419-3,CREC-2015-08-05,text_for_speaker,0,,1
CREC-2015-08-05-pt1-PgS6420-2,CREC-2015-08-05,text_for_speaker,0,,1
CREC-2015-08-05-pt1-PgS6420,CREC-2015-08-05,text_for_speaker,0,,1
CREC-2015-08-05-pt1-PgS6419-2,CREC-2015-08-05,text_for_speaker,0,,1
CREC-2015-08-05-pt1-PgS6421,CREC-2015-08-05,text_for_speaker,0,,1
CREC-2015-08-05-pt1-PgS6421-3,CREC-2015-08-05,text_for_speaker,0,,1
CREC-2015-08-05-pt1-PgS6421-2,CREC-2015-08-05,text_for_speaker,0,,1
CREC-2015-08-05-pt1-PgS6421-4,CREC-2015-08-05,text_for_speaker,0,,1
CREC-2015-08-05-pt1-PgS6421-5,CREC-2015-08-05,text_for_speaker,0,,1
CREC-2015-08-05-pt1-PgS6421-6,CREC-2015-08-05,text_for_speaker,0,,1
CREC-2015-08-05-pt1-PgS6422,CREC-2015-08-05,text_for_speaker,0,,1
CREC-2015-08-05-pt1-PgS6422-2,CREC-2015-08-05,text_for_speaker,0,,1
CREC-2015-08-05-pt1-PgS6424-2,CREC-2015-08-05,text_for_speaker,0,,1
CREC-2015-08-05-pt1-PgS6424-3,CREC-2015-08-05,text_for_speaker,0,,1
CREC-2015-08-05-pt1-PgS6426-9,CREC-2015-08-05,text_for_speaker,0,,1
CREC-2015-08-05-pt1-PgS6427,CREC-2015-08-05,text_for_speaker,0,,1
CREC-2015-08-05-pt1-PgE1211-2,CREC-2015-08-05,text_for_speaker,0,,1
CREC-2015-08-05-pt1-PgS6427-2,CREC-2015-08-05,text_for_speaker,0,,1
CREC-2015-08-05-pt1-PgD934,CREC-2015-08-05,text_for_speaker,0,,1
CREC-2015-08-05-pt1-PgD937,CREC-2015-08-05,text_for_speaker,0,,1
CREC-2015-08-05-pt1-PgD938,CREC-2015-08-05,text_for_speaker,0,,1
CREC-2015-08-05-pt1-PgD938-2,CREC-2015-08-05,text_for_speaker,0,,1
CREC-2015-08-05-pt1-PgD939,CREC-2015-08-05,text_for_speaker,0,,1
CREC-2015-08-05-pt1-PgD939-2,CREC-2015-08-05,text_for_speaker,0,,1
CREC-2015-09-08-pt1-PgH-FrontMatter,CREC-2015-09-08,text_for_speaker,0,,1
CREC-2015-09-08-pt1-PgH5789-2,CREC-2015-09-08,text_for_speaker,0,,1
CREC-2015-09-08-pt1-PgH5789,CREC-2015-09-08,text_for_speaker,0,,1
CREC-2015-09-08-pt1-PgH5789-3,CREC-2015-09-08,text_for_speaker,0,,1
CREC-2015-09-08-pt1-PgH5789-7,CREC-2015-09-08,text_for_speaker,0,,1
CREC-2015-09-08-pt1-PgH5789-6,CREC-2015-09-08,text_for_speaker,0,,1
CREC-2015-09-08-pt1-PgH5789-8,CREC-2015-09-08,text_for_speaker,0,,1
CREC-2015-09-08-pt1-PgH5790,CREC-2015-09-08,text_for_speaker,0,,1
CREC-2015-09-08-pt1-PgH5790-2,CREC-2015-09-08,text_for_speaker,0,,1
CREC-2015-09-08-pt1-PgH5794-3,CREC-2015-09-08,text_for_speaker,0,,1
CREC-2015-09-08-pt1-PgH5805-2,CREC-2015-09-08,text_for_speaker,0,,1
CREC-2015-09-08-pt1-PgH5809-3,CREC-2015-09-08,text_for_speaker,0,,1
CREC-2015-09-08-pt1-PgH5815,CREC-2015-09-08,text_for_speaker,0,,1
CREC-2015-09-08-pt1-PgH5826,CREC-2015-09-08,text_for_speaker,0,,1
CREC-2015-09-08-pt1-PgH5826-2,CREC-2015-09-08,text_for_speaker,0,,1
CREC-2015-09-08-pt1-PgH5826-3,CREC-2015-09-08,text_for_speaker,0,,1
CREC-2015-09-08-pt1-PgH5826-4,CREC-2015-09-08,text_for_speaker,0,,1
CREC-2015-09-08-pt1-PgH5827,CREC-2015-09-08,text_for_speaker,0,,1
CREC-2015-09-08-pt1-PgH5837-2,CREC-2015-09-08,text_for_speaker,0,,1
CREC-2015-09-08-pt1-PgH5847,CREC-2015-09-08,text_for_speaker,0,,1
CREC-2015-09-08-pt1-PgH5848,CREC-2015-09-08,text_for_speaker,0,,1
CREC-2015-09-08-pt1-PgH5848-2,CREC-2015-09-08,text_for_speaker,0,,1
CREC-2015-09-08-pt1-PgH5847-2,CREC-2015-09-08,text_for_speaker,0,,1
CREC-2015-09-08-pt1-PgH5848-3,CREC-2015-09-08,text_for_speaker,0,,1
CREC-2015-09-08-pt1-PgH5848-4,CREC-2015-09-08,text_for_speaker,0,,1
CREC-2015-09-08-pt1-PgH5848-5,CREC-2015-09-08,text_for_speaker,0,,1
CREC-2015-09-08-pt1-PgH5848-7,CREC-2015-09-08,text_for_speaker,0,,1
CREC-2015-09-08-pt1-PgH5848-6,CREC-2015-09-08,text_for_speaker,0,,1
CREC-2015-09-08-pt1-PgH5848-8,CREC-2015-09-08,text_for_speaker,0,,1
CREC-2015-09-08-pt1-PgH5848-9,CREC-2015-09-08,text_for_speaker,0,,1
CREC-2015-09-08-pt1-PgH5848-11,CREC-2015-09-08,text_for_speaker,0,,1
CREC-2015-09-08-pt1-PgH5848-10,CREC-2015-09-08,text_for_speaker,0,,1
CREC-2015-09-08-pt1-PgH5848-12,CREC-2015-09-08,text_for_speaker,0,,1
CREC-2015-09-08-pt1-PgH5848-13,CREC-2015-09-08,text_for_speaker,0,,1
CREC-2015-09-08-pt1-PgH5848-14,CREC-2015-09-08,text_for_speaker,0,,1
CREC-2015-09-08-pt1-PgH5848-15,CREC-2015-09-08,text_for_speaker,0,,1
CREC-2015-09-08-pt1-PgH5850,CREC-2015-09-08,text_for_speaker,0,,1
CREC-2015-09-08-pt1-PgH5850-2,CREC-2015-09-08,text_for_speaker,0,,1
CREC-2015-09-08-pt1-PgH5848-16,CREC-2015-09-08,text_for_speaker,0,,1
CREC-2015-09-08-pt1-PgS-FrontMatter-3,CREC-2015-09-08,text_for_speaker,0,,1
CREC-2015-09-08-pt1-PgH5850-3,CREC-2015-09-08,text_for_speaker,0,,1
CREC-2015-09-08-pt1-PgS6437,CREC-2015-09-08,text_for_speaker,0,,1
CREC-2015-09-08-pt1-PgS6437-2,CREC-2015-09-08,text_for_speaker,0,,1
CREC-2015-09-08-pt1-PgS6437-3,CREC-2015-09-08,text_for_speaker,0,,1
CREC-2015-09-08-pt1-PgS6437-4,CREC-2015-09-08,text_for_speaker,0,,1
CREC-2015-09-08-pt1-PgS6437-5,CREC-2015-09-08,text_for_speaker,0,,1
CREC-2015-09-08-pt1-PgS6455,CREC-2015-09-08,text_for_speaker,0,,1
CREC-2015-09-08-pt1-PgS6461,CREC-2015-09-08,text_for_speaker,0,,1
CREC-2015-09-08-pt1-PgS6461-2,CREC-2015-09-08,text_for_speaker,0,,1
CREC-2015-09-08-pt1-PgS6461-3,CREC-2015-09-08,text_for_speaker,0,,1
CREC-2015-09-08-pt1-PgS6466,CREC-2015-09-08,text_for_speaker,0,,1
CREC-2015-09-08-pt1-PgS6466-2,CREC-2015-09-08,text_for_speaker,0,,1
CREC-2015-09-08-pt1-PgS6461-4,CREC-2015-09-08,text_for_speaker,0,,1
CREC-2015-09-08-pt1-PgS6466-3,CREC-2015-09-08,text_for_speaker,0,,1
CREC-2015-09-08-pt1-PgS6468,CREC-2015-09-08,text_for_speaker,0,,1
CREC-2015-09-08-pt1-PgS6469-2,CREC-2015-09-08,text_for_speaker,0,,1
CREC-2015-09-08-pt1-PgS6469,CREC-2015-09-08,text_for_speaker,0,,1
CREC-2015-09-08-pt1-PgS6469-3,CREC-2015-09-08,text_for_speaker,0,,1
CREC-2015-09-08-pt1-PgS6469-4,CREC-2015-09-08,text_for_speaker,0,,1
CREC-2015-09-08-pt1-PgS6469-5,CREC-2015-09-08,text_for_speaker,0,,1
CREC-2015-09-08-pt1-PgS6469-6,CREC-2015-09-08,text_for_speaker,0,,1
CREC-2015-09-08-pt1-PgS6469-10,CREC-2015-09-08,text_for_speaker,0,,1
CREC-2015-09-08-pt1-PgS6475,CREC-2015-09-08,text_for_speaker,0,,1
CREC-2015-09-08-pt1-PgS6469-11,CREC-2015-09-08,text_for_speaker,0,,1
CREC-2015-09-08-pt1-PgE1214-3,CREC-2015-09-08,text_for_speaker,0,,1
CREC-2015-09-08-pt1-PgE1218-2,CREC-2015-09-08,text_for_speaker,0,,1
CREC-2015-09-08-pt1-PgE1236,CREC-2015-09-08,text_for_speaker,0,,1
CREC-2015-09-08-pt1-PgD944,CREC-2015-09-08,text_for_speaker,0,,1
CREC-2015-09-08-pt1-PgD943,CREC-2015-09-08,text_for_speaker,0,,1
CREC-2015-09-08-pt1-PgD946,CREC-2015-09-08,text_for_speaker,0,,1
CREC-2015-09-08-pt1-PgD944-2,CREC-2015-09-08,text_for_speaker,0,,1
CREC-2015-09-08-pt1-PgD946-2,CREC-2015-09-08,text_for_speaker,0,,1
CREC-2015-09-08-pt1-PgD947,CREC-2015-09-08,text_for_speaker,0,,1
CREC-2015-09-08-pt1-PgD949,CREC-2015-09-08,text_for_speaker,0,,1
CREC-2015-09-08-pt1-PgD946-3,CREC-2015-09-08,text_for_speaker,0,,1
CREC-2015-09-08-pt1-PgD949-2,CREC-2015-09-08,text_for_speaker,0,,1
CREC-2015-09-09-pt1-PgH-FrontMatter,CREC-2015-09-09,text_for_speaker,0,,1
CREC-2015-09-09-pt1-PgH5853,CREC-2015-09-09,text_for_speaker,0,,1
CREC-2015-09-09-pt1-PgH5853-2,CREC-2015-09-09,text_for_speaker,0,,1
CREC-2015-09-09-pt1-PgH5860-3,CREC-2015-09-09,text_for_speaker,0,,1
CREC-2015-09-09-pt1-PgH5860-4,CREC-2015-09-09,text_for_speaker,0,,1
CREC-2015-09-09-pt1-PgH5861,CREC-2015-09-09,text_for_speaker,0,,1
CREC-2015-09-09-pt1-PgH5861-3,CREC-2015-09-09,text_for_speaker,0,,1
CREC-2015-09-09-pt1-PgH5861-6,CREC-2015-09-09,text_for_speaker,0,,1
CREC-2015-09-09-pt1-PgH5864-3,CREC-2015-09-09,text_for_speaker,0,,1
CREC-2015-09-09-pt1-PgH5864-2,CREC-2015-09-09,text_for_speaker,0,,1
CREC-2015-09-09-pt1-PgH5864-4,CREC-2015-09-09,text_for_speaker,0,,1
CREC-2015-09-09-pt1-PgH5864-7,CREC-2015-09-09,text_for_speaker,0,,1
CREC-2015-09-09-pt1-PgH5866,CREC-2015-09-09,text_for_speaker,0,,1
CREC-2015-09-09-pt1-PgH5865-2,CREC-2015-09-09,text_for_speaker,0,,1
CREC-2015-09-09-pt1-PgH5866-2,CREC-2015-09-09,text_for_speaker,0,,1
CREC-2015-09-09-pt1-PgH5866-3,CREC-2015-09-09,text_for_speaker,0,,1
CREC-2015-09-09-pt1-PgH5866-5,CREC-2015-09-09,text_for_speaker,0,,1
CREC-2015-09-09-pt1-PgH5866-4,CREC-2015-09-09,text_for_speaker,0,,1
CREC-2015-09-09-pt1-PgH5866-6,CREC-2015-09-09,text_for_speaker,0,,1
CREC-2015-09-09-pt1-PgH5866-7,CREC-2015-09-09,text_for_speaker,0,,1
CREC-2015-09-09-pt1-PgH5866-8,CREC-2015-09-09,text_for_speaker,0,,1
CREC-2015-09-09-pt1-PgH5866-10,CREC-2015-09-09,text_for_speaker,0,,1
CREC-2015-09-09-pt1-PgH5866-9,CREC-2015-09-09,text_for_speaker,0,,1
CREC-2015-09-09-pt1-PgH5866-11,CREC-2015-09-09,text_for_speaker,0,,1
CREC-2015-09-09-pt1-PgH5866-12,CREC-2015-09-09,text_for_speaker,0,,1
CREC-2015-09-09-pt1-PgH5866-13,CREC-2015-09-09,text_for_speaker,0,,1
CREC-2015-09-09-pt1-PgH5866-14,CREC-2015-09-09,text_for_speaker,0,,1
CREC-2015-09-09-pt1-PgH5866-15,CREC-2015-09-09,text_for_speaker,0,,1
CREC-2015-09-09-pt1-PgH5866-16,CREC-2015-09-09,text_for_speaker,0,,1
CREC-2015-09-09-pt1-PgH5866-18,CREC-2015-09-09,text_for_speaker,0,,1
CREC-2015-09-09-pt1-PgH5866-17,CREC-2015-09-09,text_for_speaker,0,,1
CREC-2015-09-09-pt1-PgS-FrontMatter-19,CREC-2015-09-09,text_for_speaker,0,,1
CREC-2015-09-09-pt1-PgS6477,CREC-2015-09-09,text_for_speaker,0,,1
CREC-2015-09-09-pt1-PgH5866-19,CREC-2015-09-09,text_for_speaker,0,,1
CREC-2015-09-09-pt1-PgS6477-2,CREC-2015-09-09,text_for_speaker,0,,1
CREC-2015-09-09-pt1-PgS6477-4,CREC-2015-09-09,text_for_speaker,0,,1
CREC-2015-09-09-pt1-PgS6477-3,CREC-2015-09-09,text_for_speaker,0,,1
CREC-2015-09-09-pt1-PgS6477-5,CREC-2015-09-09,text_for_speaker,0,,1
CREC-2015-09-09-pt1-PgS6527-4,CREC-2015-09-09,text_for_speaker,0,,1
CREC-2015-09-09-pt1-PgS6527-5,CREC-2015-09-09,text_for_speaker,0,,1
CREC-2015-09-09-pt1-PgS6527-6,CREC-2015-09-09,text_for_speaker,0,,1
CREC-2015-09-09-pt1-PgS6528,CREC-2015-09-09,text_for_speaker,0,,1
CREC-2015-09-09-pt1-PgS6528-2,CREC-2015-09-09,text_for_speaker,0,,1
CREC-2015-09-09-pt1-PgS6532-2,CREC-2015-09-09,text_for_speaker,0,,1
CREC-2015-09-09-pt1-PgS6532,CREC-2015-09-09,text_for_speaker,0,,1
CREC-2015-09-09-pt1-PgS6533,CREC-2015-09-09,text_for_speaker,0,,1
CREC-2015-09-09-pt1-PgS6533-2,CREC-2015-09-09,text_for_speaker,0,,1
CREC-2015-09-09-pt1-PgS6537,CREC-2015-09-09,text_for_speaker,0,,1
CREC-2015-09-09-pt1-PgS6537-2,CREC-2015-09-09,text_for_speaker,0,,1
CREC-2015-09-09-pt1-PgS6538,CREC-2015-09-09,text_for_speaker,0,,1
CREC-2015-09-09-pt1-PgS6538-3,CREC-2015-09-09,text_for_speaker,0,,1
CREC-2015-09-09-pt1-PgS6538-2,CREC-2015-09-09,text_for_speaker,0,,1
CREC-2015-09-09-pt1-PgS6540-4,CREC-2015-09-09,text_for_speaker,0,,1
CREC-2015-09-09-pt1-PgS6542,CREC-2015-09-09,text_for_speaker,0,,1
CREC-2015-09-09-pt1-PgE1242-3,CREC-2015-09-09,text_for_speaker,0,,1
CREC-2015-09-09-pt1-PgE1242-6,CREC-2015-09-09,text_for_speaker,0,,1
CREC-2015-09-09-pt1-PgE1245,CREC-2015-09-09,text_for_speaker,0,,1
CREC-2015-09-09-pt1-PgD951,CREC-2015-09-09,text_for_speaker,0,,1
CREC-2015-09-09-pt1-PgD952,CREC-2015-09-09,text_for_speaker,0,,1
CREC-2015-09-09-pt1-PgD953,CREC-2015-09-09,text_for_speaker,0,,1
CREC-2015-09-09-pt1-PgD955,CREC-2015-09-09,text_for_speaker,0,,1
CREC-2015-09-09-pt1-PgD953-2,CREC-2015-09-09,text_for_speaker,0,,1
CREC-2015-09-09-pt1-PgD955-2,CREC-2015-09-09,text_for_speaker,0,,1
CREC-2015-09-10-pt1-PgH-FrontMatter,CREC-2015-09-10,text_for_speaker,0,,1
CREC-2015-09-10-pt1-PgH5869-2,CREC-2015-09-10,text_for_speaker,0,,1
CREC-2015-09-10-pt1-PgH5869,CREC-2015-09-10,text_for_speaker,0,,1
CREC-2015-09-10-pt1-PgH5869-3,CREC-2015-09-10,text_for_speaker,0,,1
CREC-2015-09-10-pt1-PgH5875-2,CREC-2015-09-10,text_for_speaker,0,,1
CREC-2015-09-10-pt1-PgH5878-2,CREC-2015-09-10,text_for_speaker,0,,1
CREC-2015-09-10-pt1-PgH5878-3,CREC-2015-09-10,text_for_speaker,0,,1
CREC-2015-09-10-pt1-PgH5878-9,CREC-2015-09-10,text_for_speaker,0,,1
CREC-2015-09-10-pt1-PgH5881-5,CREC-2015-09-10,text_for_speaker,0,,1
CREC-2015-09-10-pt1-PgH5882,CREC-2015-09-10,text_for_speaker,0,,1
CREC-2015-09-10-pt1-PgH5882-2,CREC-2015-09-10,text_for_speaker,0,,1
CREC-2015-09-10-pt1-PgH5891,CREC-2015-09-10,text_for_speaker,0,,1
CREC-2015-09-10-pt1-PgH5939,CREC-2015-09-10,text_for_speaker,0,,1
CREC-2015-09-10-pt1-PgH5939-2,CREC-2015-09-10,text_for_speaker,0,,1
CREC-2015-09-10-pt1-PgH5939-4,CREC-2015-09-10,text_for_speaker,0,,1
CREC-2015-09-10-pt1-PgH5941-2,CREC-2015-09-10,text_for_speaker,0,,1
CREC-2015-09-10-pt1-PgH5942,CREC-2015-09-10,text_for_speaker,0,,1
CREC-2015-09-10-pt1-PgH5942-2,CREC-2015-09-10,text_for_speaker,0,,1
CREC-2015-09-10-pt1-PgH5942-3,CREC-2015-09-10,text_for_speaker,0,,1
CREC-2015-09-10-pt1-PgH5942-4,CREC-2015-09-10,text_for_speaker,0,,1
CREC-2015-09-10-pt1-PgH5942-5,CREC-2015-09-10,text_for_speaker,0,,1
CREC-2015-09-10-pt1-PgH5942-6,CREC-2015-09-10,text_for_speaker,0,,1
CREC-2015-09-10-pt1-PgH5942-7,CREC-2015-09-10,text_for_speaker,0,,1
CREC-2015-09-10-pt1-PgH5942-8,CREC-2015-09-10,text_for_speaker,0,,1
CREC-2015-09-10-pt1-PgH5942-9,CREC-2015-09-10,text_for_speaker,0,,1
CREC-2015-09-10-pt1-PgH5942-10,CREC-2015-09-10,text_for_speaker,0,,1
CREC-2015-09-10-pt1-PgH5942-11,CREC-2015-09-10,text_for_speaker,0,,1
CREC-2015-09-10-pt1-PgH5942-12,CREC-2015-09-10,text_for_speaker,0,,1
CREC-2015-09-10-pt1-PgH5942-13,CREC-2015-09-10,text_for_speaker,0,,1
CREC-2015-09-10-pt1-PgH5942-14,CREC-2015-09-10,text_for_speaker,0,,1
CREC-2015-09-10-pt1-PgH5942-15,CREC-2015-09-10,text_for_speaker,0,,1
CREC-2015-09-10-pt1-PgH5942-16,CREC-2015-09-10,text_for_speaker,0,,1
CREC-2015-09-10-pt1-PgH5942-17,CREC-2015-09-10,text_for_speaker,0,,1
CREC-2015-09-10-pt1-PgH5942-18,CREC-2015-09-10,text_for_speaker,0,,1
CREC-2015-09-10-pt1-PgH5942-19,CREC-2015-09-10,text_for_speaker,0,,1
CREC-2015-09-10-pt1-PgH5943-2,CREC-2015-09-10,text_for_speaker,0,,1
CREC-2015-09-10-pt1-PgH5943,CREC-2015-09-10,text_for_speaker,0,,1
CREC-2015-09-10-pt1-PgH5943-3,CREC-2015-09-10,text_for_speaker,0,,1
CREC-2015-09-10-pt1-PgH5944,CREC-2015-09-10,text_for_speaker,0,,1
CREC-2015-09-10-pt1-PgH5944-2,CREC-2015-09-10,text_for_speaker,0,,1
CREC-2015-09-10-pt1-PgH5943-4,CREC-2015-09-10,text_for_speaker,0,,1
CREC-2015-09-10-pt1-PgS-FrontMatter-2,CREC-2015-09-10,text_for_speaker,0,,1
CREC-2015-09-10-pt1-PgS6543,CREC-2015-09-10,text_for_speaker,0,,1
CREC-2015-09-10-pt1-PgS6543-2,CREC-2015-09-10,text_for_speaker,0,,1
CREC-2015-09-10-pt1-PgS6544,CREC-2015-09-10,text_for_speaker,0,,1
CREC-2015-09-10-pt1-PgS6601-2,CREC-2015-09-10,text_for_speaker,0,,1
CREC-2015-09-10-pt1-PgS6604-3,CREC-2015-09-10,text_for_speaker,0,,1
CREC-2015-09-10-pt1-PgS6604-4,CREC-2015-09-10,text_for_speaker,0,,1
CREC-2015-09-10-pt1-PgS6604-5,CREC-2015-09-10,text_for_speaker,0,,1
CREC-2015-09-10-pt1-PgS6604-7,CREC-2015-09-10,text_for_speaker,0,,1
CREC-2015-09-10-pt1-PgS6604-6,CREC-2015-09-10,text_for_speaker,0,,1
CREC-2015-09-10-pt1-PgS6604-8,CREC-2015-09-10,text_for_speaker,0,,1
CREC-2015-09-10-pt1-PgS6604-9,CREC-2015-09-10,text_for_speaker,0,,1
CREC-2015-09-10-pt1-PgS6605-2,CREC-2015-09-10,text_for_speaker,0,,1
CREC-2015-09-10-pt1-PgS6605,CREC-2015-09-10,text_for_speaker,0,,1
CREC-2015-09-10-pt1-PgS6609,CREC-2015-09-10,text_for_speaker,0,,1
CREC-2015-09-10-pt1-PgS6609-2,CREC-2015-09-10,text_for_speaker,0,,1
CREC-2015-09-10-pt1-PgS6608,CREC-2015-09-10,text_for_speaker,0,,1
CREC-2015-09-10-pt1-PgS6609-4,CREC-2015-09-10,text_for_speaker,0,,1
CREC-2015-09-10-pt1-PgS6609-5,CREC-2015-09-10,text_for_speaker,0,,1
CREC-2015-09-10-pt1-PgS6609-3,CREC-2015-09-10,text_for_speaker,0,,1
CREC-2015-09-10-pt1-PgS6609-6,CREC-2015-09-10,text_for_speaker,0,,1
CREC-2015-09-10-pt1-PgS6609-7,CREC-2015-09-10,text_for_speaker,0,,1
CREC-2015-09-10-pt1-PgS6609-8,CREC-2015-09-10,text_for_speaker,0,,1
CREC-2015-09-10-pt1-PgS6609-9,CREC-2015-09-10,text_for_speaker,0,,1
CREC-2015-09-10-pt1-PgS6611-3,CREC-2015-09-10,text_for_speaker,0,,1
CREC-2015-09-10-pt1-PgD957,CREC-2015-09-10,text_for_speaker,0,,1
CREC-2015-09-10-pt1-PgD958-2,CREC-2015-09-10,text_for_speaker,0,,1
CREC-2015-09-10-pt1-PgD958,CREC-2015-09-10,text_for_speaker,0,,1
CREC-2015-09-10-pt1-PgD959,CREC-2015-09-10,text_for_speaker,0,,1
CREC-2015-09-10-pt1-PgD961,CREC-2015-09-10,text_for_speaker,0,,1
CREC-2015-09-10-pt1-PgD961-2,CREC-2015-09-10,text_for_speaker,0,,1
CREC-2015-09-15-pt1-PgH5977,CREC-2015-09-15,text_for_speaker,0,,1
CREC-2015-09-15-pt1-PgH5977-2,CREC-2015-09-15,text_for_speaker,0,,1
CREC-2015-09-15-pt1-PgH-FrontMatter-2,CREC-2015-09-15,text_for_speaker,0,,1
CREC-2015-09-15-pt1-PgH5977-3,CREC-2015-09-15,text_for_speaker,0,,1
CREC-2015-09-15-pt1-PgH5977-7,CREC-2015-09-15,text_for_speaker,0,,1
CREC-2015-09-15-pt1-PgH5980-2,CREC-2015-09-15,text_for_speaker,0,,1
CREC-2015-09-15-pt1-PgH5980,CREC-2015-09-15,text_for_speaker,0,,1
CREC-2015-09-15-pt1-PgH5980-4,CREC-2015-09-15,text_for_speaker,0,,1
CREC-2015-09-15-pt1-PgH5980-3,CREC-2015-09-15,text_for_speaker,0,,1
CREC-2015-09-15-pt1-PgH5980-5,CREC-2015-09-15,text_for_speaker,0,,1
CREC-2015-09-15-pt1-PgH5980-6,CREC-2015-09-15,text_for_speaker,0,,1
CREC-2015-09-15-pt1-PgH5980-7,CREC-2015-09-15,text_for_speaker,0,,1
CREC-2015-09-15-pt1-PgH5980-8,CREC-2015-09-15,text_for_speaker,0,,1
CREC-2015-09-15-pt1-PgH5980-9,CREC-2015-09-15,text_for_speaker,0,,1
CREC-2015-09-15-pt1-PgH5980-10,CREC-2015-09-15,text_for_speaker,0,,1
CREC-2015-09-15-pt1-PgH5981-2,CREC-2015-09-15,text_for_speaker,0,,1
CREC-2015-09-15-pt1-PgH5981,CREC-2015-09-15,text_for_speaker,0,,1
CREC-2015-09-15-pt1-PgS-FrontMatter-2,CREC-2015-09-15,text_for_speaker,0,,1
CREC-2015-09-15-pt1-PgS6615,CREC-2015-09-15,text_for_speaker,0,,1
CREC-2015-09-15-pt1-PgS6615-2,CREC-2015-09-15,text_for_speaker,0,,1
CREC-2015-09-15-pt1-PgS6615-3,CREC-2015-09-15,text_for_speaker,0,,1
CREC-2015-09-15-pt1-PgS6615-4,CREC-2015-09-15,text_for_speaker,0,,1
CREC-2015-09-15-pt1-PgS6615-5,CREC-2015-09-15,text_for_speaker,0,,1
CREC-2015-09-15-pt1-PgS6615-6,CREC-2015-09-15,text_for_speaker,0,,1
CREC-2015-09-15-pt1-PgS6649,CREC-2015-09-15,text_for_speaker,0,,1
CREC-2015-09-15-pt1-PgS6649-3,CREC-2015-09-15,text_for_speaker,0,,1
CREC-2015-09-15-pt1-PgS6649-2,CREC-2015-09-15,text_for_speaker,0,,1
CREC-2015-09-15-pt1-PgS6649-5,CREC-2015-09-15,text_for_speaker,0,,1
CREC-2015-09-15-pt1-PgS6649-4,CREC-2015-09-15,text_for_speaker,0,,1
CREC-2015-09-15-pt1-PgS6649-6,CREC-2015-09-15,text_for_speaker,0,,1
CREC-2015-09-15-pt1-PgS6651,CREC-2015-09-15,text_for_speaker,0,,1
CREC-2015-09-15-pt1-PgS6651-2,CREC-2015-09-15,text_for_speaker,0,,1
CREC-2015-09-15-pt1-PgS6651-3,CREC-2015-09-15,text_for_speaker,0,,1
CREC-2015-09-15-pt1-PgS6652,CREC-2015-09-15,text_for_speaker,0,,1
CREC-2015-09-15-pt1-PgS6657,CREC-2015-09-15,text_for_speaker,0,,1
CREC-2015-09-15-pt1-PgS6654,CREC-2015-09-15,text_for_speaker,0,,1
CREC-2015-09-15-pt1-PgS6656,CREC-2015-09-15,text_for_speaker,0,,1
CREC-2015-09-15-pt1-PgS6657-2,CREC-2015-09-15,text_for_speaker,0,,1
CREC-2015-09-15-pt1-PgS6658,CREC-2015-09-15,text_for_speaker,0,,1
CREC-2015-09-15-pt1-PgS6658-2,CREC-2015-09-15,text_for_speaker,0,,1
CREC-2015-09-15-pt1-PgS6658-3,CREC-2015-09-15,text_for_speaker,0,,1
CREC-2015-09-15-pt1-PgS6658-5,CREC-2015-09-15,text_for_speaker,0,,1
CREC-2015-09-15-pt1-PgS6658-4,CREC-2015-09-15,text_for_speaker,0,,1
CREC-2015-09-15-pt1-PgS6658-6,CREC-2015-09-15,text_for_speaker,0,,1
CREC-2015-09-15-pt1-PgS6659,CREC-2015-09-15,text_for_speaker,0,,1
CREC-2015-09-15-pt1-PgS6659-2,CREC-2015-09-15,text_for_speaker,0,,1
CREC-2015-09-15-pt1-PgS6659-3,CREC-2015-09-15,text_for_speaker,0,,1
CREC-2015-09-15-pt1-PgS6659-4,CREC-2015-09-15,text_for_speaker,0,,1
CREC-2015-09-15-pt1-PgS6660-5,CREC-2015-09-15,text_for_speaker,0,,1
CREC-2015-09-15-pt1-PgS6660-4,CREC-2015-09-15,text_for_speaker,0,,1
CREC-2015-09-15-pt1-PgE1279-3,CREC-2015-09-15,text_for_speaker,0,,1
CREC-2015-09-15-pt1-PgE1280-3,CREC-2015-09-15,text_for_speaker,0,,1
CREC-2015-09-15-pt1-PgE1281-4,CREC-2015-09-15,text_for_speaker,0,,1
CREC-2015-09-15-pt1-PgD970,CREC-2015-09-15,text_for_speaker,0,,1
CREC-2015-09-15-pt1-PgD968,CREC-2015-09-15,text_for_speaker,0,,1
CREC-2015-09-15-pt1-PgD970-2,CREC-2015-09-15,text_for_speaker,0,,1
CREC-2015-09-15-pt1-PgD970-3,CREC-2015-09-15,text_for_speaker,0,,1
CREC-2015-09-15-pt1-PgD970-4,CREC-2015-09-15,text_for_speaker,0,,1
CREC-2015-09-15-pt1-PgD971,CREC-2015-09-15,text_for_speaker,0,,1
CREC-2015-09-15-pt1-PgD973,CREC-2015-09-15,text_for_speaker,0,,1
CREC-2015-09-16-pt1-PgH5983-2,CREC-2015-09-16,text_for_speaker,0,,1
CREC-2015-09-16-pt1-PgH-FrontMatter-4,CREC-2015-09-16,text_for_speaker,0,,1
CREC-2015-09-16-pt1-PgH5983,CREC-2015-09-16,text_for_speaker,0,,1
CREC-2015-09-16-pt1-PgH5985-3,CREC-2015-09-16,text_for_speaker,0,,1
CREC-2015-09-16-pt1-PgH5985-2,CREC-2015-09-16,text_for_speaker,0,,1
CREC-2015-09-16-pt1-PgH5987-3,CREC-2015-09-16,text_for_speaker,0,,1
CREC-2015-09-16-pt1-PgH5987-5,CREC-2015-09-16,text_for_speaker,0,,1
CREC-2015-09-16-pt1-PgH6003-2,CREC-2015-09-16,text_for_speaker,0,,1
CREC-2015-09-16-pt1-PgH6012-2,CREC-2015-09-16,text_for_speaker,0,,1
CREC-2015-09-16-pt1-PgH6012-3,CREC-2015-09-16,text_for_speaker,0,,1
CREC-2015-09-16-pt1-PgH6012-4,CREC-2015-09-16,text_for_speaker,0,,1
CREC-2015-09-16-pt1-PgH6012-5,CREC-2015-09-16,text_for_speaker,0,,1
CREC-2015-09-16-pt1-PgH6012-6,CREC-2015-09-16,text_for_speaker,0,,1
CREC-2015-09-16-pt1-PgH6012-8,CREC-2015-09-16,text_for_speaker,0,,1
CREC-2015-09-16-pt1-PgH6073,CREC-2015-09-16,text_for_speaker,0,,1
CREC-2015-09-16-pt1-PgH6074,CREC-2015-09-16,text_for_speaker,0,,1
CREC-2015-09-16-pt1-PgH6075,CREC-2015-09-16,text_for_speaker,0,,1
CREC-2015-09-16-pt1-PgH6075-3,CREC-2015-09-16,text_for_speaker,0,,1
CREC-2015-09-16-pt1-PgH6075-2,CREC-2015-09-16,text_for_speaker,0,,1
CREC-2015-09-16-pt1-PgH6075-4,CREC-2015-09-16,text_for_speaker,0,,1
CREC-2015-09-16-pt1-PgH6075-5,CREC-2015-09-16,text_for_speaker,0,,1
CREC-2015-09-16-pt1-PgH6075-6,CREC-2015-09-16,text_for_speaker,0,,1
CREC-2015-09-16-pt1-PgH6075-8,CREC-2015-09-16,text_for_speaker,0,,1
CREC-2015-09-16-pt1-PgH6075-7,CREC-2015-09-16,text_for_speaker,0,,1
CREC-2015-09-16-pt1-PgH6075-9,CREC-2015-09-16,text_for_speaker,0,,1
CREC-2015-09-16-pt1-PgH6075-10,CREC-2015-09-16,text_for_speaker,0,,1
CREC-2015-09-16-pt1-PgH6075-11,CREC-2015-09-16,text_for_speaker,0,,1
CREC-2015-09-16-pt1-PgH6075-12,CREC-2015-09-16,text_for_speaker,0,,1
CREC-2015-09-16-pt1-PgH6075-13,CREC-2015-09-16,text_for_speaker,0,,1
CREC-2015-09-16-pt1-PgH6075-14,CREC-2015-09-16,text_for_speaker,0,,1
CREC-2015-09-16-pt1-PgH6075-15,CREC-2015-09-16,text_for_speaker,0,,1
CREC-2015-09-16-pt1-PgH6075-16,CREC-2015-09-16,text_for_speaker,0,,1
CREC-2015-09-16-pt1-PgH6075-17,CREC-2015-09-16,text_for_speaker,0,,1
CREC-2015-09-16-pt1-PgH6075-19,CREC-2015-09-16,text_for_speaker,0,,1
CREC-2015-09-16-pt1-PgH6075-18,CREC-2015-09-16,text_for_speaker,0,,1
CREC-2015-09-16-pt1-PgH6075-21,CREC-2015-09-16,text_for_speaker,0,,1
CREC-2015-09-16-pt1-PgH6075-20,CREC-2015-09-16,text_for_speaker,0,,1
CREC-2015-09-16-pt1-PgH6076,CREC-2015-09-16,text_for_speaker,0,,1
CREC-2015-09-16-pt1-PgH6076-2,CREC-2015-09-16,text_for_speaker,0,,1
CREC-2015-09-16-pt1-PgH6077,CREC-2015-09-16,text_for_speaker,0,,1
CREC-2015-09-16-pt1-PgH6076-3,CREC-2015-09-16,text_for_speaker,0,,1
CREC-2015-09-16-pt1-PgS-FrontMatter,CREC-2015-09-16,text_for_speaker,0,,1
CREC-2015-09-16-pt1-PgS6661,CREC-2015-09-16,text_for_speaker,0,,1
CREC-2015-09-16-pt1-PgS6661-2,CREC-2015-09-16,text_for_speaker,0,,1
CREC-2015-09-16-pt1-PgS6661-3,CREC-2015-09-16,text_for_speaker,0,,1
CREC-2015-09-16-pt1-PgS6661-4,CREC-2015-09-16,text_for_speaker,0,,1
CREC-2015-09-16-pt1-PgS6694-3,CREC-2015-09-16,text_for_speaker,0,,1
CREC-2015-09-16-pt1-PgS6694-5,CREC-2015-09-16,text_for_speaker,0,,1
CREC-2015-09-16-pt1-PgS6694-4,CREC-2015-09-16,text_for_speaker,0,,1
CREC-2015-09-16-pt1-PgS6694-6,CREC-2015-09-16,text_for_speaker,0,,1
CREC-2015-09-16-pt1-PgS6695,CREC-2015-09-16,text_for_speaker,0,,1
CREC-2015-09-16-pt1-PgS6695-2,CREC-2015-09-16,text_for_speaker,0,,1
CREC-2015-09-16-pt1-PgS6699,CREC-2015-09-16,text_for_speaker,0,,1
CREC-2015-09-16-pt1-PgS6699-3,CREC-2015-09-16,text_for_speaker,0,,1
CREC-2015-09-16-pt1-PgS6699-2,CREC-2015-09-16,text_for_speaker,0,,1
CREC-2015-09-16-pt1-PgS6703,CREC-2015-09-16,text_for_speaker,0,,1
CREC-2015-09-16-pt1-PgS6703-2,CREC-2015-09-16,text_for_speaker,0,,1
CREC-2015-09-16-pt1-PgS6703-3,CREC-2015-09-16,text_for_speaker,0,,2
CREC-2015-09-16-pt1-PgS6704-2,CREC-2015-09-16,text_for_speaker,0,,2
CREC-2015-09-16-pt1-PgS6704,CREC-2015-09-16,text_for_speaker,0,,2
CREC-2015-09-16-pt1-PgS6766-2,CREC-2015-09-16,text_for_speaker,0,,1
CREC-2015-09-16-pt1-PgE1287,CREC-2015-09-16,text_for_speaker,0,,1
CREC-2015-09-16-pt1-PgE1298-2,CREC-2015-09-16,text_for_speaker,0,,1
CREC-2015-09-16-pt1-PgE1298-4,CREC-2015-09-16,text_for_speaker,0,,1
CREC-2015-09-16-pt1-PgE1299-4,CREC-2015-09-16,text_for_speaker,0,,1
CREC-2015-09-16-pt1-PgE1301,CREC-2015-09-16,text_for_speaker,0,,1
CREC-2015-09-16-pt1-PgE1301-4,CREC-2015-09-16,text_for_speaker,0,,1
CREC-2015-09-16-pt1-PgE1303-4,CREC-2015-09-16,text_for_speaker,0,,1
CREC-2015-09-16-pt1-PgD978,CREC-2015-09-16,text_for_speaker,0,,1
CREC-2015-09-16-pt1-PgD975,CREC-2015-09-16,text_for_speaker,0,,1
CREC-2015-09-16-pt1-PgD976,CREC-2015-09-16,text_for_speaker,0,,1
CREC-2015-09-16-pt1-PgD979,CREC-2015-09-16,text_for_speaker,0,,1
CREC-2015-09-16-pt1-PgD980,CREC-2015-09-16,text_for_speaker,0,,1
CREC-2015-09-16-pt1-PgD981,CREC-2015-09-16,text_for_speaker,0,,1
CREC-2015-09-17-pt1-PgH6079-2,CREC-2015-09-17,text_for_speaker,0,,1
CREC-2015-09-17-pt1-PgH6079,CREC-2015-09-17,text_for_speaker,0,,1
CREC-2015-09-17-pt1-PgH-FrontMatter,CREC-2015-09-17,text_for_speaker,0,,1
CREC-2015-09-17-pt1-PgH6086-2,CREC-2015-09-17,text_for_speaker,0,,1
CREC-2015-09-17-pt1-PgH6086-3,CREC-2015-09-17,text_for_speaker,0,,1
CREC-2015-09-17-pt1-PgH6087,CREC-2015-09-17,text_for_speaker,0,,1
CREC-2015-09-17-pt1-PgH6090-3,CREC-2015-09-17,text_for_speaker,0,,1
CREC-2015-09-17-pt1-PgH6125-4,CREC-2015-09-17,text_for_speaker,0,,1
CREC-2015-09-17-pt1-PgH6133,CREC-2015-09-17,text_for_speaker,0,,1
CREC-2015-09-17-pt1-PgH6133-2,CREC-2015-09-17,text_for_speaker,0,,1
CREC-2015-09-17-pt1-PgH6134,CREC-2015-09-17,text_for_speaker,0,,1
CREC-2015-09-17-pt1-PgH6135,CREC-2015-09-17,text_for_speaker,0,,1
CREC-2015-09-17-pt1-PgH6134-2,CREC-2015-09-17,text_for_speaker,0,,1
CREC-2015-09-17-pt1-PgH6137,CREC-2015-09-17,text_for_speaker,0,,1
CREC-2015-09-17-pt1-PgH6137-2,CREC-2015-09-17,text_for_speaker,0,,1
CREC-2015-09-17-pt1-PgH6137-3,CREC-2015-09-17,text_for_speaker,0,,1
CREC-2015-09-17-pt1-PgH6137-4,CREC-2015-09-17,text_for_speaker,0,,1
CREC-2015-09-17-pt1-PgH6137-6,CREC-2015-09-17,text_for_speaker,0,,1
CREC-2015-09-17-pt1-PgH6137-7,CREC-2015-09-17,text_for_speaker,0,,1
CREC-2015-09-17-pt1-PgH6137-5,CREC-2015-09-17,text_for_speaker,0,,1
CREC-2015-09-17-pt1-PgH6137-8,CREC-2015-09-17,text_for_speaker,0,,1
CREC-2015-09-17-pt1-PgH6137-9,CREC-2015-09-17,text_for_speaker,0,,1
CREC-2015-09-17-pt1-PgH6137-10,CREC-2015-09-17,text_for_speaker,0,,1
CREC-2015-09-17-pt1-PgH6137-11,CREC-2015-09-17,text_for_speaker,0,,1
CREC-2015-09-17-pt1-PgH6137-12,CREC-2015-09-17,text_for_speaker,0,,1
CREC-2015-09-17-pt1-PgH6137-13,CREC-2015-09-17,text_for_speaker,0,,1
CREC-2015-09-17-pt1-PgH6137-14,CREC-2015-09-17,text_for_speaker,0,,1
CREC-2015-09-17-pt1-PgH6137-15,CREC-2015-09-17,text_for_speaker,0,,1
CREC-2015-09-17-pt1-PgH6138,CREC-2015-09-17,text_for_speaker,0,,1
CREC-2015-09-17-pt1-PgH6138-3,CREC-2015-09-17,text_for_speaker,0,,1
CREC-2015-09-17-pt1-PgH6138-4,CREC-2015-09-17,text_for_speaker,0,,1
CREC-2015-09-17-pt1-PgH6138-2,CREC-2015-09-17,text_for_speaker,0,,1
CREC-2015-09-17-pt1-PgH6138-5,CREC-2015-09-17,text_for_speaker,0,,1
CREC-2015-09-17-pt1-PgH6138-7,CREC-2015-09-17,text_for_speaker,0,,1
CREC-2015-09-17-pt1-PgH6138-6,CREC-2015-09-17,text_for_speaker,0,,1
CREC-2015-09-17-pt1-PgH6138-8,CREC-2015-09-17,text_for_speaker,0,,1
CREC-2015-09-17-pt1-PgH6138-10,CREC-2015-09-17,text_for_speaker,0,,1
CREC-2015-09-17-pt1-PgH6138-9,CREC-2015-09-17,text_for_speaker,0,,1
CREC-2015-09-17-pt1-PgH6138-11,CREC-2015-09-17,text_for_speaker,0,,1
CREC-2015-09-17-pt1-PgH6138-12,CREC-2015-09-17,text_for_speaker,0,,1
CREC-2015-09-17-pt1-PgH6139,CREC-2015-09-17,text_for_speaker,0,,1
CREC-2015-09-17-pt1-PgS-FrontMatter,CREC-2015-09-17,text_for_speaker,0,,1
CREC-2015-09-17-pt1-PgS6773,CREC-2015-09-17,text_for_speaker,0,,1
CREC-2015-09-17-pt1-PgS6773-2,CREC-2015-09-17,text_for_speaker,0,,1
CREC-2015-09-17-pt1-PgS6773-3,CREC-2015-09-17,text_for_speaker,0,,1
CREC-2015-09-17-pt1-PgS6773-6,CREC-2015-09-17,text_for_speaker,0,,1
CREC-2015-09-17-pt1-PgS6801,CREC-2015-09-17,text_for_speaker,0,,1
CREC-2015-09-17-pt1-PgS6806-4,CREC-2015-09-17,text_for_speaker,0,,1
CREC-2015-09-17-pt1-PgS6807,CREC-2015-09-17,text_for_speaker,0,,1
CREC-2015-09-17-pt1-PgS6809,CREC-2015-09-17,text_for_speaker,0,,1
CREC-2015-09-17-pt1-PgS6809-2,CREC-2015-09-17,text_for_speaker,0,,1
CREC-2015-09-17-pt1-PgS6807-2,CREC-2015-09-17,text_for_speaker,0,,1
CREC-2015-09-17-pt1-PgS6809-3,CREC-2015-09-17,text_for_speaker,0,,1
CREC-2015-09-17-pt1-PgS6809-4,CREC-2015-09-17,text_for_speaker,0,,1
CREC-2015-09-17-pt1-PgS6810,CREC-2015-09-17,text_for_speaker,0,,1
CREC-2015-09-17-pt1-PgS6816,CREC-2015-09-17,text_for_speaker,0,,1
CREC-2015-09-17-pt1-PgS6817,CREC-2015-09-17,text_for_speaker,0,,1
CREC-2015-09-17-pt1-PgS6817-2,CREC-2015-09-17,text_for_speaker,0,,1
CREC-2015-09-17-pt1-PgS6817-3,CREC-2015-09-17,text_for_speaker,0,,1
CREC-2015-09-17-pt1-PgS6817-4,CREC-2015-09-17,text_for_speaker,0,,1
CREC-2015-09-17-pt1-PgS6820-2,CREC-2015-09-17,text_for_speaker,0,,1
CREC-2015-09-17-pt1-PgS6820-3,CREC-2015-09-17,text_for_speaker,0,,1
CREC-2015-09-17-pt1-PgE1305-2,CREC-2015-09-17,text_for_speaker,0,,1
CREC-2015-09-17-pt1-PgE1307,CREC-2015-09-17,text_for_speaker,0,,1
CREC-2015-09-17-pt1-PgE1307-2,CREC-2015-09-17,text_for_speaker,0,,1
CREC-2015-09-17-pt1-PgE1309-2,CREC-2015-09-17,text_for_speaker,0,,1
CREC-2015-09-17-pt1-PgD984,CREC-2015-09-17,text_for_speaker,0,,1
CREC-2015-09-17-pt1-PgD985,CREC-2015-09-17,text_for_speaker,0,,1
CREC-2015-09-17-pt1-PgD986,CREC-2015-09-17,text_for_speaker,0,,1
CREC-2015-09-17-pt1-PgD987,CREC-2015-09-17,text_for_speaker,0,,1
CREC-2015-09-17-pt1-PgD989,CREC-2015-09-17,text_for_speaker,0,,1
CREC-2015-09-17-pt1-PgD989-2,CREC-2015-09-17,text_for_speaker,0,,1
CREC-2015-09-21-pt1-PgS6821-2,CREC-2015-09-21,text_for_speaker,0,,1
CREC-2015-09-21-pt1-PgS6821-3,CREC-2015-09-21,text_for_speaker,0,,1
CREC-2015-09-21-pt1-PgS6821,CREC-2015-09-21,text_for_speaker,0,,1
CREC-2015-09-21-pt1-PgS6821-4,CREC-2015-09-21,text_for_speaker,0,,1
CREC-2015-09-21-pt1-PgS6848-4,CREC-2015-09-21,text_for_speaker,0,,1
CREC-2015-09-21-pt1-PgS6849-2,CREC-2015-09-21,text_for_speaker,0,,1
CREC-2015-09-21-pt1-PgS6849,CREC-2015-09-21,text_for_speaker,0,,1
CREC-2015-09-21-pt1-PgS6849-4,CREC-2015-09-21,text_for_speaker,0,,1
CREC-2015-09-21-pt1-PgS6849-3,CREC-2015-09-21,text_for_speaker,0,,1
CREC-2015-09-21-pt1-PgS6849-5,CREC-2015-09-21,text_for_speaker,0,,1
CREC-2015-09-21-pt1-PgS6849-7,CREC-2015-09-21,text_for_speaker,0,,1
CREC-2015-09-21-pt1-PgS6849-6,CREC-2015-09-21,text_for_speaker,0,,1
CREC-2015-09-21-pt1-PgS6849-8,CREC-2015-09-21,text_for_speaker,0,,1
CREC-2015-09-21-pt1-PgS6849-9,CREC-2015-09-21,text_for_speaker,0,,1
CREC-2015-09-21-pt1-PgS6849-10,CREC-2015-09-21,text_for_speaker,0,,1
CREC-2015-09-21-pt1-PgS6850,CREC-2015-09-21,text_for_speaker,0,,1
CREC-2015-09-21-pt1-PgS6851,CREC-2015-09-21,text_for_speaker,0,,1
CREC-2015-09-21-pt1-PgS6851-2,CREC-2015-09-21,text_for_speaker,0,,1
CREC-2015-09-21-pt1-PgS6851-3,CREC-2015-09-21,text_for_speaker,0,,1
CREC-2015-09-21-pt1-PgS6851-4,CREC-2015-09-21,text_for_speaker,0,,1
CREC-2015-09-21-pt1-PgE1331,CREC-2015-09-21,text_for_speaker,0,,1
CREC-2015-09-21-pt1-PgS6855-6,CREC-2015-09-21,text_for_speaker,0,,1
CREC-2015-09-21-pt1-PgD995,CREC-2015-09-21,text_for_speaker,0,,1
CREC-2015-09-21-pt1-PgD996,CREC-2015-09-21,text_for_speaker,0,,1
CREC-2015-09-21-pt1-PgD996-2,CREC-2015-09-21,text_for_speaker,0,,1
CREC-2015-09-21-pt1-PgD996-3,CREC-2015-09-21,text_for_speaker,0,,1
CREC-2015-09-21-pt1-PgD996-5,CREC-2015-09-21,text_for_speaker,0,,1
CREC-2015-09-21-pt1-PgD996-4,CREC-2015-09-21,text_for_speaker,0,,1
CREC-2015-09-21-pt1-PgD997,CREC-2015-09-21,text_for_speaker,0,,1
CREC-2015-09-22-pt1-PgH6183-2,CREC-2015-09-22,text_for_speaker,0,,1
CREC-2015-09-22-pt1-PgH6183,CREC-2015-09-22,text_for_speaker,0,,1
CREC-2015-09-22-pt1-PgH-FrontMatter-2,CREC-2015-09-22,text_for_speaker,0,,1
CREC-2015-09-22-pt1-PgH6183-3,CREC-2015-09-22,text_for_speaker,0,,1
CREC-2015-09-22-pt1-PgH6185,CREC-2015-09-22,text_for_speaker,0,,1
CREC-2015-09-22-pt1-PgH6185-2,CREC-2015-09-22,text_for_speaker,0,,1
CREC-2015-09-22-pt1-PgH6185-3,CREC-2015-09-22,text_for_speaker,0,,1
CREC-2015-09-22-pt1-PgH6185-5,CREC-2015-09-22,text_for_speaker,0,,1
CREC-2015-09-22-pt1-PgH6188,CREC-2015-09-22,text_for_speaker,0,,1
CREC-2015-09-22-pt1-PgH6186-2,CREC-2015-09-22,text_for_speaker,0,,1
CREC-2015-09-22-pt1-PgH6189,CREC-2015-09-22,text_for_speaker,0,,1
CREC-2015-09-22-pt1-PgH6188-2,CREC-2015-09-22,text_for_speaker,0,,1
CREC-2015-09-22-pt1-PgH6189-3,CREC-2015-09-22,text_for_speaker,0,,1
CREC-2015-09-22-pt1-PgH6189-2,CREC-2015-09-22,text_for_speaker,0,,1
CREC-2015-09-22-pt1-PgH6189-4,CREC-2015-09-22,text_for_speaker,0,,1
CREC-2015-09-22-pt1-PgH6189-6,CREC-2015-09-22,text_for_speaker,0,,1
CREC-2015-09-22-pt1-PgH6189-5,CREC-2015-09-22,text_for_speaker,0,,1
CREC-2015-09-22-pt1-PgH6189-7,CREC-2015-09-22,text_for_speaker,0,,1
CREC-2015-09-22-pt1-PgH6189-8,CREC-2015-09-22,text_for_speaker,0,,1
CREC-2015-09-22-pt1-PgH6189-9,CREC-2015-09-22,text_for_speaker,0,,1
CREC-2015-09-22-pt1-PgH6189-11,CREC-2015-09-22,text_for_speaker,0,,1
CREC-2015-09-22-pt1-PgH6189-10,CREC-2015-09-22,text_for_speaker,0,,1
CREC-2015-09-22-pt1-PgH6189-12,CREC-2015-09-22,text_for_speaker,0,,1
CREC-2015-09-22-pt1-PgH6189-13,CREC-2015-09-22,text_for_speaker,0,,1
CREC-2015-09-22-pt1-PgH6189-14,CREC-2015-09-22,text_for_speaker,0,,1
CREC-2015-09-22-pt1-PgH6189-15,CREC-2015-09-22,text_for_speaker,0,,1
CREC-2015-09-22-pt1-PgS6859,CREC-2015-09-22,text_for_speaker,0,,1
CREC-2015-09-22-pt1-PgS-FrontMatter-15,CREC-2015-09-22,text_for_speaker,0,,1
CREC-2015-09-22-pt1-PgS6859-2,CREC-2015-09-22,text_for_speaker,0,,1
CREC-2015-09-22-pt1-PgS6859-3,CREC-2015-09-22,text_for_speaker,0,,1
CREC-2015-09-22-pt1-PgS6859-4,CREC-2015-09-22,text_for_speaker,0,,1
CREC-2015-09-22-pt1-PgS6859-5,CREC-2015-09-22,text_for_speaker,0,,1
CREC-2015-09-22-pt1-PgS6889-4,CREC-2015-09-22,text_for_speaker,0,,1
CREC-2015-09-22-pt1-PgS6892-4,CREC-2015-09-22,text_for_speaker,0,,1
CREC-2015-09-22-pt1-PgS6892-5,CREC-2015-09-22,text_for_speaker,0,,1
CREC-2015-09-22-pt1-PgS6893,CREC-2015-09-22,text_for_speaker,0,,1
CREC-2015-09-22-pt1-PgS6894,CREC-2015-09-22,text_for_speaker,0,,1
CREC-2015-09-22-pt1-PgS6894-2,CREC-2015-09-22,text_for_speaker,0,,1
CREC-2015-09-22-pt1-PgS6899,CREC-2015-09-22,text_for_speaker,0,,1
CREC-2015-09-22-pt1-PgS6898,CREC-2015-09-22,text_for_speaker,0,,1
CREC-2015-09-22-pt1-PgS6898-2,CREC-2015-09-22,text_for_speaker,0,,1
CREC-2015-09-22-pt1-PgS6900-2,CREC-2015-09-22,text_for_speaker,0,,1
CREC-2015-09-22-pt1-PgS6900,CREC-2015-09-22,text_for_speaker,0,,1
CREC-2015-09-22-pt1-PgS6901,CREC-2015-09-22,text_for_speaker,0,,1
CREC-2015-09-22-pt1-PgS6901-2,CREC-2015-09-22,text_for_speaker,0,,1
CREC-2015-09-22-pt1-PgS6901-4,CREC-2015-09-22,text_for_speaker,0,,1
CREC-2015-09-22-pt1-PgS6901-3,CREC-2015-09-22,text_for_speaker,0,,1
CREC-2015-09-22-pt1-PgS6904,CREC-2015-09-22,text_for_speaker,0,,1
CREC-2015-09-22-pt1-PgS6904-3,CREC-2015-09-22,text_for_speaker,0,,1
CREC-2015-09-22-pt1-PgS6904-4,CREC-2015-09-22,text_for_speaker,0,,1
CREC-2015-09-22-pt1-PgS6904-2,CREC-2015-09-22,text_for_speaker,0,,1
CREC-2015-09-22-pt1-PgS6904-5,CREC-2015-09-22,text_for_speaker,0,,1
CREC-2015-09-22-pt1-PgS6904-6,CREC-2015-09-22,text_for_speaker,0,,1
CREC-2015-09-22-pt1-PgS6904-7,CREC-2015-09-22,text_for_speaker,0,,1
CREC-2015-09-22-pt1-PgS6904-8,CREC-2015-09-22,text_for_speaker,0,,1
CREC-2015-09-22-pt1-PgS6907-5,CREC-2015-09-22,text_for_speaker,0,,1
CREC-2015-09-22-pt1-PgS6907-4,CREC-2015-09-22,text_for_speaker,0,,1
CREC-2015-09-22-pt1-PgD1000,CREC-2015-09-22,text_for_speaker,0,,1
CREC-2015-09-22-pt1-PgD1002,CREC-2015-09-22,text_for_speaker,0,,1
CREC-2015-09-22-pt1-PgD1003,CREC-2015-09-22,text_for_speaker,0,,1
CREC-2015-09-22-pt1-PgD1003-2,CREC-2015-09-22,text_for_speaker,0,,1
CREC-2015-09-22-pt1-PgD1003-3,CREC-2015-09-22,text_for_speaker,0,,1
CREC-2015-09-22-pt1-PgD1003-4,CREC-2015-09-22,text_for_speaker,0,,1
CREC-2015-09-24-pt1-PgH6191,CREC-2015-09-24,text_for_speaker,0,,1
CREC-2015-09-24-pt1-PgH6191-2,CREC-2015-09-24,text_for_speaker,0,,1
CREC-2015-09-24-pt1-PgH-FrontMatter-3,CREC-2015-09-24,text_for_speaker,0,,1
CREC-2015-09-24-pt1-PgH6191-3,CREC-2015-09-24,text_for_speaker,0,,1
CREC-2015-09-24-pt1-PgH6194,CREC-2015-09-24,text_for_speaker,0,,1
CREC-2015-09-24-pt1-PgH6194-3,CREC-2015-09-24,text_for_speaker,0,,1
CREC-2015-09-24-pt1-PgH6194-4,CREC-2015-09-24,text_for_speaker,0,,1
CREC-2015-09-24-pt1-PgH6194-5,CREC-2015-09-24,text_for_speaker,0,,1
CREC-2015-09-24-pt1-PgH6195,CREC-2015-09-24,text_for_speaker,0,,1
CREC-2015-09-24-pt1-PgH6195-2,CREC-2015-09-24,text_for_speaker,0,,1
CREC-2015-09-24-pt1-PgH6213,CREC-2015-09-24,text_for_speaker,0,,1
CREC-2015-09-24-pt1-PgH6222,CREC-2015-09-24,text_for_speaker,0,,1
CREC-2015-09-24-pt1-PgH6222-2,CREC-2015-09-24,text_for_speaker,0,,1
CREC-2015-09-24-pt1-PgH6225,CREC-2015-09-24,text_for_speaker,0,,1
CREC-2015-09-24-pt1-PgH6225-3,CREC-2015-09-24,text_for_speaker,0,,1
CREC-2015-09-24-pt1-PgH6226-2,CREC-2015-09-24,text_for_speaker,0,,1
CREC-2015-09-24-pt1-PgH6227,CREC-2015-09-24,text_for_speaker,0,,1
CREC-2015-09-24-pt1-PgH6227-2,CREC-2015-09-24,text_for_speaker,0,,1
CREC-2015-09-24-pt1-PgH6227-3,CREC-2015-09-24,text_for_speaker,0,,1
CREC-2015-09-24-pt1-PgH6227-4,CREC-2015-09-24,text_for_speaker,0,,1
CREC-2015-09-24-pt1-PgH6227-6,CREC-2015-09-24,text_for_speaker,0,,1
CREC-2015-09-24-pt1-PgH6227-5,CREC-2015-09-24,text_for_speaker,0,,1
CREC-2015-09-24-pt1-PgH6228,CREC-2015-09-24,text_for_speaker,0,,1
CREC-2015-09-24-pt1-PgH6228-2,CREC-2015-09-24,text_for_speaker,0,,1
CREC-2015-09-24-pt1-PgH6228-3,CREC-2015-09-24,text_for_speaker,0,,1
CREC-2015-09-24-pt1-PgH6228-4,CREC-2015-09-24,text_for_speaker,0,,1
CREC-2015-09-24-pt1-PgH6228-5,CREC-2015-09-24,text_for_speaker,0,,1
CREC-2015-09-24-pt1-PgH6228-6,CREC-2015-09-24,text_for_speaker,0,,1
CREC-2015-09-24-pt1-PgH6228-7,CREC-2015-09-24,text_for_speaker,0,,1
CREC-2015-09-24-pt1-PgH6228-9,CREC-2015-09-24,text_for_speaker,0,,1
CREC-2015-09-24-pt1-PgH6228-8,CREC-2015-09-24,text_for_speaker,0,,1
CREC-2015-09-24-pt1-PgH6228-10,CREC-2015-09-24,text_for_speaker,0,,1
CREC-2015-09-24-pt1-PgH6228-11,CREC-2015-09-24,text_for_speaker,0,,1
CREC-2015-09-24-pt1-PgH6228-12,CREC-2015-09-24,text_for_speaker,0,,1
CREC-2015-09-24-pt1-PgH6228-13,CREC-2015-09-24,text_for_speaker,0,,1
CREC-2015-09-24-pt1-PgS-FrontMatter-13,CREC-2015-09-24,text_for_speaker,0,,1
CREC-2015-09-24-pt1-PgS6909,CREC-2015-09-24,text_for_speaker,0,,1
CREC-2015-09-24-pt1-PgS6909-2,CREC-2015-09-24,text_for_speaker,0,,1
CREC-2015-09-24-pt1-PgS6909-3,CREC-2015-09-24,text_for_speaker,0,,1
CREC-2015-09-24-pt1-PgS6909-4,CREC-2015-09-24,text_for_speaker,0,,1
CREC-2015-09-24-pt1-PgS6935-3,CREC-2015-09-24,text_for_speaker,0,,1
CREC-2015-09-24-pt1-PgS6935-4,CREC-2015-09-24,text_for_speaker,0,,1
CREC-2015-09-24-pt1-PgS6938,CREC-2015-09-24,text_for_speaker,0,,1
CREC-2015-09-24-pt1-PgS6938-2,CREC-2015-09-24,text_for_speaker,0,,1
CREC-2015-09-24-pt1-PgS6935-5,CREC-2015-09-24,text_for_speaker,0,,1
CREC-2015-09-24-pt1-PgS6938-3,CREC-2015-09-24,text_for_speaker,0,,1
CREC-2015-09-24-pt1-PgS6941,CREC-2015-09-24,text_for_speaker,0,,1
CREC-2015-09-24-pt1-PgS6941-2,CREC-2015-09-24,text_for_speaker,0,,1
CREC-2015-09-24-pt1-PgS6938-4,CREC-2015-09-24,text_for_speaker,0,,1
CREC-2015-09-24-pt1-PgS6941-3,CREC-2015-09-24,text_for_speaker,0,,1
CREC-2015-09-24-pt1-PgS6942,CREC-2015-09-24,text_for_speaker,0,,1
CREC-2015-09-24-pt1-PgS6942-2,CREC-2015-09-24,text_for_speaker,0,,1
CREC-2015-09-24-pt1-PgS6942-3,CREC-2015-09-24,text_for_speaker,0,,1
CREC-2015-09-24-pt1-PgS6942-4,CREC-2015-09-24,text_for_speaker,0,,1
CREC-2015-09-24-pt1-PgS6943,CREC-2015-09-24,text_for_speaker,0,,1
CREC-2015-09-24-pt1-PgS6943-2,CREC-2015-09-24,text_for_speaker,0,,1
CREC-2015-09-24-pt1-PgS6945-2,CREC-2015-09-24,text_for_speaker,0,,1
CREC-2015-09-24-pt1-PgS6945,CREC-2015-09-24,text_for_speaker,0,,1
CREC-2015-09-24-pt1-PgS6945-3,CREC-2015-09-24,text_for_speaker,0,,1
CREC-2015-09-24-pt1-PgS6946,CREC-2015-09-24,text_for_speaker,0,,1
CREC-2015-09-24-pt1-PgS6946-2,CREC-2015-09-24,text_for_speaker,0,,1
CREC-2015-09-24-pt1-PgS6946-3,CREC-2015-09-24,text_for_speaker,0,,1
CREC-2015-09-24-pt1-PgS6946-5,CREC-2015-09-24,text_for_speaker,0,,1
CREC-2015-09-24-pt1-PgS6946-4,CREC-2015-09-24,text_for_speaker,0,,1
CREC-2015-09-24-pt1-PgS6946-6,CREC-2015-09-24,text_for_speaker,0,,1
CREC-2015-09-24-pt1-PgS6948,CREC-2015-09-24,text_for_speaker,0,,1
CREC-2015-09-24-pt1-PgS6948-2,CREC-2015-09-24,text_for_speaker,0,,1
CREC-2015-09-24-pt1-PgS6948-3,CREC-2015-09-24,text_for_speaker,0,,1
CREC-2015-09-24-pt1-PgS6948-4,CREC-2015-09-24,text_for_speaker,0,,1
CREC-2015-09-24-pt1-PgS6948-5,CREC-2015-09-24,text_for_speaker,0,,1
CREC-2015-09-24-pt1-PgS6949-5,CREC-2015-09-24,text_for_speaker,0,,1
CREC-2015-09-24-pt1-PgD1007,CREC-2015-09-24,text_for_speaker,0,,1
CREC-2015-09-24-pt1-PgD1006,CREC-2015-09-24,text_for_speaker,0,,1
CREC-2015-09-24-pt1-PgD1008,CREC-2015-09-24,text_for_speaker,0,,1
CREC-2015-09-24-pt1-PgD1009-2,CREC-2015-09-24,text_for_speaker,0,,1
CREC-2015-09-24-pt1-PgD1009,CREC-2015-09-24,text_for_speaker,0,,1
CREC-2015-09-24-pt1-PgD1009-3,CREC-2015-09-24,text_for_speaker,0,,1
CREC-2015-09-25-pt1-PgH6231,CREC-2015-09-25,text_for_speaker,0,,1
CREC-2015-09-25-pt1-PgH-FrontMatter-4,CREC-2015-09-25,text_for_speaker,0,,1
CREC-2015-09-25-pt1-PgH6231-2,CREC-2015-09-25,text_for_speaker,0,,1
CREC-2015-09-25-pt1-PgH6231-7,CREC-2015-09-25,text_for_speaker,0,,1
CREC-2015-09-25-pt1-PgH6259,CREC-2015-09-25,text_for_speaker,0,,1
CREC-2015-09-25-pt1-PgH6259-3,CREC-2015-09-25,text_for_speaker,0,,1
CREC-2015-09-25-pt1-PgH6259-5,CREC-2015-09-25,text_for_speaker,0,,1
CREC-2015-09-25-pt1-PgH6260,CREC-2015-09-25,text_for_speaker,0,,1
CREC-2015-09-25-pt1-PgH6260-2,CREC-2015-09-25,text_for_speaker,0,,1
CREC-2015-09-25-pt1-PgH6260-3,CREC-2015-09-25,text_for_speaker,0,,1
CREC-2015-09-25-pt1-PgH6260-4,CREC-2015-09-25,text_for_speaker,0,,1
CREC-2015-09-25-pt1-PgH6260-5,CREC-2015-09-25,text_for_speaker,0,,1
CREC-2015-09-25-pt1-PgH6260-6,CREC-2015-09-25,text_for_speaker,0,,1
CREC-2015-09-25-pt1-PgH6260-8,CREC-2015-09-25,text_for_speaker,0,,1
CREC-2015-09-25-pt1-PgH6260-7,CREC-2015-09-25,text_for_speaker,0,,1
CREC-2015-09-25-pt1-PgH6260-9,CREC-2015-09-25,text_for_speaker,0,,1
CREC-2015-09-25-pt1-PgH6260-10,CREC-2015-09-25,text_for_speaker,0,,1
CREC-2015-09-25-pt1-PgH6260-11,CREC-2015-09-25,text_for_speaker,0,,1
CREC-2015-09-25-pt1-PgH6260-12,CREC-2015-09-25,text_for_speaker,0,,1
CREC-2015-09-25-pt1-PgS-FrontMatter-13,CREC-2015-09-25,text_for_speaker,0,,1
CREC-2015-09-25-pt1-PgH6260-13,CREC-2015-09-25,text_for_speaker,0,,1
CREC-2015-09-25-pt1-PgS6951,CREC-2015-09-25,text_for_speaker,0,,1
CREC-2015-09-25-pt1-PgS6951-2,CREC-2015-09-25,text_for_speaker,0,,1
CREC-2015-09-25-pt1-PgS6951-3,CREC-2015-09-25,text_for_speaker,0,,1
CREC-2015-09-25-pt1-PgS6951-6,CREC-2015-09-25,text_for_speaker,0,,1
CREC-2015-09-25-pt1-PgS6954-4,CREC-2015-09-25,text_for_speaker,0,,1
CREC-2015-09-25-pt1-PgS6954-3,CREC-2015-09-25,text_for_speaker,0,,1
CREC-2015-09-25-pt1-PgS6955,CREC-2015-09-25,text_for_speaker,0,,1
CREC-2015-09-25-pt1-PgS6955-3,CREC-2015-09-25,text_for_speaker,0,,1
CREC-2015-09-25-pt1-PgS6955-2,CREC-2015-09-25,text_for_speaker,0,,1
CREC-2015-09-25-pt1-PgS6955-5,CREC-2015-09-25,text_for_speaker,0,,1
CREC-2015-09-25-pt1-PgS6955-4,CREC-2015-09-25,text_for_speaker,0,,1
CREC-2015-09-25-pt1-PgS6955-6,CREC-2015-09-25,text_for_speaker,0,,1
CREC-2015-09-25-pt1-PgS6955-7,CREC-2015-09-25,text_for_speaker,0,,1
CREC-2015-09-25-pt1-PgS6955-9,CREC-2015-09-25,text_for_speaker,0,,1
CREC-2015-09-25-pt1-PgS6955-8,CREC-2015-09-25,text_for_speaker,0,,1
CREC-2015-09-25-pt1-PgS6955-10,CREC-2015-09-25,text_for_speaker,0,,1
CREC-2015-09-25-pt1-PgS6959-3,CREC-2015-09-25,text_for_speaker,0,,1
CREC-2015-09-25-pt1-PgD1012,CREC-2015-09-25,text_for_speaker,0,,1
CREC-2015-09-25-pt1-PgD1012-2,CREC-2015-09-25,text_for_speaker,0,,1
CREC-2015-09-25-pt1-PgD1014,CREC-2015-09-25,text_for_speaker,0,,1
CREC-2015-09-25-pt1-PgD1012-3,CREC-2015-09-25,text_for_speaker,0,,1
CREC-2015-09-25-pt1-PgD1014-2,CREC-2015-09-25,text_for_speaker,0,,1
CREC-2015-09-25-pt1-PgD1014-3,CREC-2015-09-25,text_for_speaker,0,,1
CREC-2015-09-25-pt1-PgD1017,CREC-2015-09-25,text_for_speaker,0,,1
CREC-2015-09-25-pt1-PgD1014-4,CREC-2015-09-25,text_for_speaker,0,,1
CREC-2015-09-28-pt1-PgH-FrontMatter-6,CREC-2015-09-28,text_for_speaker,0,,1
CREC-2015-09-28-pt1-PgH6263-2,CREC-2015-09-28,text_for_speaker,0,,1
CREC-2015-09-28-pt1-PgH6263,CREC-2015-09-28,text_for_speaker,0,,1
CREC-2015-09-28-pt1-PgH6264-3,CREC-2015-09-28,text_for_speaker,0,,1
CREC-2015-09-28-pt1-PgH6264-4,CREC-2015-09-28,text_for_speaker,0,,1
CREC-2015-09-28-pt1-PgH6265-2,CREC-2015-09-28,text_for_speaker,0,,1
CREC-2015-09-28-pt1-PgH6265-4,CREC-2015-09-28,text_for_speaker,0,,1
CREC-2015-09-28-pt1-PgH6290-2,CREC-2015-09-28,text_for_speaker,0,,1
CREC-2015-09-28-pt1-PgH6290-3,CREC-2015-09-28,text_for_speaker,0,,1
CREC-2015-09-28-pt1-PgH6305,CREC-2015-09-28,text_for_speaker,0,,1
CREC-2015-09-28-pt1-PgH6306,CREC-2015-09-28,text_for_speaker,0,,1
CREC-2015-09-28-pt1-PgH6306-4,CREC-2015-09-28,text_for_speaker,0,,1
CREC-2015-09-28-pt1-PgH6306-5,CREC-2015-09-28,text_for_speaker,0,,1
CREC-2015-09-28-pt1-PgH6306-6,CREC-2015-09-28,text_for_speaker,0,,1
CREC-2015-09-28-pt1-PgH6307,CREC-2015-09-28,text_for_speaker,0,,1
CREC-2015-09-28-pt1-PgH6307-2,CREC-2015-09-28,text_for_speaker,0,,1
CREC-2015-09-28-pt1-PgH6307-3,CREC-2015-09-28,text_for_speaker,0,,1
CREC-2015-09-28-pt1-PgH6307-4,CREC-2015-09-28,text_for_speaker,0,,1
CREC-2015-09-28-pt1-PgH6307-5,CREC-2015-09-28,text_for_speaker,0,,1
CREC-2015-09-28-pt1-PgH6307-6,CREC-2015-09-28,text_for_speaker,0,,1
CREC-2015-09-28-pt1-PgH6307-7,CREC-2015-09-28,text_for_speaker,0,,1
CREC-2015-09-28-pt1-PgH6307-8,CREC-2015-09-28,text_for_speaker,0,,1
CREC-2015-09-28-pt1-PgH6307-9,CREC-2015-09-28,text_for_speaker,0,,1
CREC-2015-09-28-pt1-PgH6307-10,CREC-2015-09-28,text_for_speaker,0,,1
CREC-2015-09-28-pt1-PgH6307-11,CREC-2015-09-28,text_for_speaker,0,,1
CREC-2015-09-28-pt1-PgH6307-13,CREC-2015-09-28,text_for_speaker,0,,1
CREC-2015-09-28-pt1-PgH6307-12,CREC-2015-09-28,text_for_speaker,0,,1
CREC-2015-09-28-pt1-PgH6307-14,CREC-2015-09-28,text_for_speaker,0,,1
CREC-2015-09-28-pt1-PgH6308,CREC-2015-09-28,text_for_speaker,0,,1
CREC-2015-09-28-pt1-PgH6307-15,CREC-2015-09-28,text_for_speaker,0,,1
CREC-2015-09-28-pt1-PgS-FrontMatter,CREC-2015-09-28,text_for_speaker,0,,1
CREC-2015-09-28-pt1-PgS6961,CREC-2015-09-28,text_for_speaker,0,,1
CREC-2015-09-28-pt1-PgS6961-3,CREC-2015-09-28,text_for_speaker,0,,1
CREC-2015-09-28-pt1-PgS6961-2,CREC-2015-09-28,text_for_speaker,0,,1
CREC-2015-09-28-pt1-PgS6961-4,CREC-2015-09-28,text_for_speaker,0,,1
CREC-2015-09-28-pt1-PgS6961-5,CREC-2015-09-28,text_for_speaker,0,,1
CREC-2015-09-28-pt1-PgS6974-2,CREC-2015-09-28,text_for_speaker,0,,1
CREC-2015-09-28-pt1-PgS6974-3,CREC-2015-09-28,text_for_speaker,0,,1
CREC-2015-09-28-pt1-PgS6974-4,CREC-2015-09-28,text_for_speaker,0,,1
CREC-2015-09-28-pt1-PgS6974-5,CREC-2015-09-28,text_for_speaker,0,,1
CREC-2015-09-28-pt1-PgS6974-6,CREC-2015-09-28,text_for_speaker,0,,1
CREC-2015-09-28-pt1-PgS6975,CREC-2015-09-28,text_for_speaker,0,,1
CREC-2015-09-28-pt1-PgS6975-2,CREC-2015-09-28,text_for_speaker,0,,1
CREC-2015-09-28-pt1-PgS6977,CREC-2015-09-28,text_for_speaker,0,,1
CREC-2015-09-28-pt1-PgS6977-3,CREC-2015-09-28,text_for_speaker,0,,1
CREC-2015-09-28-pt1-PgS6977-2,CREC-2015-09-28,text_for_speaker,0,,1
CREC-2015-09-28-pt1-PgS6977-4,CREC-2015-09-28,text_for_speaker,0,,1
CREC-2015-09-28-pt1-PgS6978-2,CREC-2015-09-28,text_for_speaker,0,,1
CREC-2015-09-28-pt1-PgS6978,CREC-2015-09-28,text_for_speaker,0,,1
CREC-2015-09-28-pt1-PgS6980-5,CREC-2015-09-28,text_for_speaker,0,,1
CREC-2015-09-28-pt1-PgE1368-3,CREC-2015-09-28,text_for_speaker,0,,1
CREC-2015-09-28-pt1-PgE1370-3,CREC-2015-09-28,text_for_speaker,0,,1
CREC-2015-09-28-pt1-PgE1376-5,CREC-2015-09-28,text_for_speaker,0,,1
CREC-2015-09-28-pt1-PgE1376-6,CREC-2015-09-28,text_for_speaker,0,,1
CREC-2015-09-28-pt1-PgD1020,CREC-2015-09-28,text_for_speaker,0,,1
CREC-2015-09-28-pt1-PgD1021,CREC-2015-09-28,text_for_speaker,0,,1
CREC-2015-09-28-pt1-PgD1021-2,CREC-2015-09-28,text_for_speaker,0,,1
CREC-2015-09-28-pt1-PgD1022,CREC-2015-09-28,text_for_speaker,0,,1
CREC-2015-09-28-pt1-PgD1022-2,CREC-2015-09-28,text_for_speaker,0,,1
CREC-2015-09-28-pt1-PgD1023,CREC-2015-09-28,text_for_speaker,0,,1
CREC-2015-09-30-pt1-PgH6709-2,CREC-2015-09-30,text_for_speaker,0,,1
CREC-2015-09-30-pt1-PgH-FrontMatter-2,CREC-2015-09-30,text_for_speaker,0,,1
CREC-2015-09-30-pt1-PgH6709,CREC-2015-09-30,text_for_speaker,0,,1
CREC-2015-09-30-pt1-PgH6716,CREC-2015-09-30,text_for_speaker,0,,1
CREC-2015-09-30-pt1-PgH6716-3,CREC-2015-09-30,text_for_speaker,0,,1
CREC-2015-09-30-pt1-PgH6716-4,CREC-2015-09-30,text_for_speaker,0,,1
CREC-2015-09-30-pt1-PgH6716-8,CREC-2015-09-30,text_for_speaker,0,,1
CREC-2015-09-30-pt1-PgH6717-5,CREC-2015-09-30,text_for_speaker,0,,1
CREC-2015-09-30-pt1-PgH6718-5,CREC-2015-09-30,text_for_speaker,0,,1
CREC-2015-09-30-pt1-PgH6727-3,CREC-2015-09-30,text_for_speaker,0,,1
CREC-2015-09-30-pt1-PgH6727-2,CREC-2015-09-30,text_for_speaker,0,,1
CREC-2015-09-30-pt1-PgH6731,CREC-2015-09-30,text_for_speaker,0,,1
CREC-2015-09-30-pt1-PgH6731-2,CREC-2015-09-30,text_for_speaker,0,,1
CREC-2015-09-30-pt1-PgH6743,CREC-2015-09-30,text_for_speaker,0,,1
CREC-2015-09-30-pt1-PgH6743-3,CREC-2015-09-30,text_for_speaker,0,,1
CREC-2015-09-30-pt1-PgH6743-4,CREC-2015-09-30,text_for_speaker,0,,1
CREC-2015-09-30-pt1-PgH6743-5,CREC-2015-09-30,text_for_speaker,0,,1
CREC-2015-09-30-pt1-PgH6747,CREC-2015-09-30,text_for_speaker,0,,1
CREC-2015-09-30-pt1-PgH6747-3,CREC-2015-09-30,text_for_speaker,0,,1
CREC-2015-09-30-pt1-PgH6747-2,CREC-2015-09-30,text_for_speaker,0,,1
CREC-2015-09-30-pt1-PgH6747-4,CREC-2015-09-30,text_for_speaker,0,,1
CREC-2015-09-30-pt1-PgH6747-6,CREC-2015-09-30,text_for_speaker,0,,1
CREC-2015-09-30-pt1-PgH6748-2,CREC-2015-09-30,text_for_speaker,0,,1
CREC-2015-09-30-pt1-PgH6749,CREC-2015-09-30,text_for_speaker,0,,1
CREC-2015-09-30-pt1-PgH6749-2,CREC-2015-09-30,text_for_speaker,0,,1
CREC-2015-09-30-pt1-PgH6749-4,CREC-2015-09-30,text_for_speaker,0,,1
CREC-2015-09-30-pt1-PgH6749-5,CREC-2015-09-30,text_for_speaker,0,,1
CREC-2015-09-30-pt1-PgH6749-3,CREC-2015-09-30,text_for_speaker,0,,1
CREC-2015-09-30-pt1-PgH6749-6,CREC-2015-09-30,text_for_speaker,0,,1
CREC-2015-09-30-pt1-PgH6749-8,CREC-2015-09-30,text_for_speaker,0,,1
CREC-2015-09-30-pt1-PgH6749-7,CREC-2015-09-30,text_for_speaker,0,,1
CREC-2015-09-30-pt1-PgH6749-9,CREC-2015-09-30,text_for_speaker,0,,1
CREC-2015-09-30-pt1-PgH6749-10,CREC-2015-09-30,text_for_speaker,0,,1
CREC-2015-09-30-pt1-PgH6749-11,CREC-2015-09-30,text_for_speaker,0,,1
CREC-2015-09-30-pt1-PgS7011,CREC-2015-09-30,text_for_speaker,0,,1
CREC-2015-09-30-pt1-PgS-FrontMatter-11,CREC-2015-09-30,text_for_speaker,0,,1
CREC-2015-09-30-pt1-PgS7011-3,CREC-2015-09-30,text_for_speaker,0,,1
CREC-2015-09-30-pt1-PgS7011-2,CREC-2015-09-30,text_for_speaker,0,,1
CREC-2015-09-30-pt1-PgS7011-4,CREC-2015-09-30,text_for_speaker,0,,1
CREC-2015-09-30-pt1-PgS7011-5,CREC-2015-09-30,text_for_speaker,0,,1
CREC-2015-09-30-pt1-PgS7011-6,CREC-2015-09-30,text_for_speaker,0,,1
CREC-2015-09-30-pt1-PgS7045-3,CREC-2015-09-30,text_for_speaker,0,,1
CREC-2015-09-30-pt1-PgS7045-2,CREC-2015-09-30,text_for_speaker,0,,1
CREC-2015-09-30-pt1-PgS7045-4,CREC-2015-09-30,text_for_speaker,0,,1
CREC-2015-09-30-pt1-PgS7046,CREC-2015-09-30,text_for_speaker,0,,1
CREC-2015-09-30-pt1-PgS7046-2,CREC-2015-09-30,text_for_speaker,0,,1
CREC-2015-09-30-pt1-PgS7046-3,CREC-2015-09-30,text_for_speaker,0,,1
CREC-2015-09-30-pt1-PgS7046-4,CREC-2015-09-30,text_for_speaker,0,,1
CREC-2015-09-30-pt1-PgS7046-5,CREC-2015-09-30,text_for_speaker,0,,1
CREC-2015-09-30-pt1-PgS7047,CREC-2015-09-30,text_for_speaker,0,,1
CREC-2015-09-30-pt1-PgS7047-2,CREC-2015-09-30,text_for_speaker,0,,1
CREC-2015-09-30-pt1-PgS7049-2,CREC-2015-09-30,text_for_speaker,0,,1
CREC-2015-09-30-pt1-PgS7050,CREC-2015-09-30,text_for_speaker,0,,1
CREC-2015-09-30-pt1-PgS7050-2,CREC-2015-09-30,text_for_speaker,0,,1
CREC-2015-09-30-pt1-PgS7050-3,CREC-2015-09-30,text_for_speaker,0,,1
CREC-2015-09-30-pt1-PgS7050-4,CREC-2015-09-30,text_for_speaker,0,,1
CREC-2015-09-30-pt1-PgS7050-5,CREC-2015-09-30,text_for_speaker,0,,1
CREC-2015-09-30-pt1-PgS7050-6,CREC-2015-09-30,text_for_speaker,0,,1
CREC-2015-09-30-pt1-PgS7053,CREC-2015-09-30,text_for_speaker,0,,1
CREC-2015-09-30-pt1-PgS7053-2,CREC-2015-09-30,text_for_speaker,0,,1
CREC-2015-09-30-pt1-PgE1394,CREC-2015-09-30,text_for_speaker,0,,1
CREC-2015-09-30-pt1-PgD1033,CREC-2015-09-30,text_for_speaker,0,,1
CREC-2015-09-30-pt1-PgE1399-2,CREC-2015-09-30,text_for_speaker,0,,1
CREC-2015-09-30-pt1-PgD1034,CREC-2015-09-30,text_for_speaker,0,,1
CREC-2015-09-30-pt1-PgD1036,CREC-2015-09-30,text_for_speaker,0,,1
CREC-2015-09-30-pt1-PgD1035,CREC-2015-09-30,text_for_speaker,0,,1
CREC-2015-09-30-pt1-PgD1039,CREC-2015-09-30,text_for_speaker,0,,1
CREC-2015-09-30-pt1-PgD1039-2,CREC-2015-09-30,text_for_speaker,0,,1
CREC-2015-10-05-pt1-PgH6793-2,CREC-2015-10-05,text_for_speaker,0,,1
CREC-2015-10-05-pt1-PgH-FrontMatter-3,CREC-2015-10-05,text_for_speaker,0,,1
CREC-2015-10-05-pt1-PgH6793,CREC-2015-10-05,text_for_speaker,0,,1
CREC-2015-10-05-pt1-PgH6793-3,CREC-2015-10-05,text_for_speaker,0,,1
CREC-2015-10-05-pt1-PgH6794,CREC-2015-10-05,text_for_speaker,0,,1
CREC-2015-10-05-pt1-PgH6793-7,CREC-2015-10-05,text_for_speaker,0,,1
CREC-2015-10-05-pt1-PgH6794-3,CREC-2015-10-05,text_for_speaker,0,,1
CREC-2015-10-05-pt1-PgH6794-4,CREC-2015-10-05,text_for_speaker,0,,1
CREC-2015-10-05-pt1-PgH6794-5,CREC-2015-10-05,text_for_speaker,0,,1
CREC-2015-10-05-pt1-PgH6795,CREC-2015-10-05,text_for_speaker,0,,1
CREC-2015-10-05-pt1-PgH6795-2,CREC-2015-10-05,text_for_speaker,0,,1
CREC-2015-10-05-pt1-PgH6795-3,CREC-2015-10-05,text_for_speaker,0,,1
CREC-2015-10-05-pt1-PgH6795-4,CREC-2015-10-05,text_for_speaker,0,,1
CREC-2015-10-05-pt1-PgS-FrontMatter-4,CREC-2015-10-05,text_for_speaker,0,,1
CREC-2015-10-05-pt1-PgS7109,CREC-2015-10-05,text_for_speaker,0,,1
CREC-2015-10-05-pt1-PgS7109-3,CREC-2015-10-05,text_for_speaker,0,,1
CREC-2015-10-05-pt1-PgS7109-2,CREC-2015-10-05,text_for_speaker,0,,1
CREC-2015-10-05-pt1-PgS7109-4,CREC-2015-10-05,text_for_speaker,0,,1
CREC-2015-10-05-pt1-PgS7109-5,CREC-2015-10-05,text_for_speaker,0,,1
CREC-2015-10-05-pt1-PgS7122-2,CREC-2015-10-05,text_for_speaker,0,,1
CREC-2015-10-05-pt1-PgS7122-4,CREC-2015-10-05,text_for_speaker,0,,1
CREC-2015-10-05-pt1-PgS7122-3,CREC-2015-10-05,text_for_speaker,0,,1
CREC-2015-10-05-pt1-PgS7122-5,CREC-2015-10-05,text_for_speaker,0,,1
CREC-2015-10-05-pt1-PgS7122-6,CREC-2015-10-05,text_for_speaker,0,,1
CREC-2015-10-05-pt1-PgS7122-7,CREC-2015-10-05,text_for_speaker,0,,1
CREC-2015-10-05-pt1-PgS7123,CREC-2015-10-05,text_for_speaker,0,,1
CREC-2015-10-05-pt1-PgS7124,CREC-2015-10-05,text_for_speaker,0,,1
CREC-2015-10-05-pt1-PgS7123-2,CREC-2015-10-05,text_for_speaker,0,,1
CREC-2015-10-05-pt1-PgS7124-2,CREC-2015-10-05,text_for_speaker,0,,1
CREC-2015-10-05-pt1-PgS7125,CREC-2015-10-05,text_for_speaker,0,,1
CREC-2015-10-05-pt1-PgS7125-2,CREC-2015-10-05,text_for_speaker,0,,1
CREC-2015-10-05-pt1-PgS7126,CREC-2015-10-05,text_for_speaker,0,,1
CREC-2015-10-05-pt1-PgS7126-2,CREC-2015-10-05,text_for_speaker,0,,1
CREC-2015-10-05-pt1-PgS7127,CREC-2015-10-05,text_for_speaker,0,,1
CREC-2015-10-05-pt1-PgS7126-3,CREC-2015-10-05,text_for_speaker,0,,1
CREC-2015-10-05-pt1-PgS7127-7,CREC-2015-10-05,text_for_speaker,0,,1
CREC-2015-10-05-pt1-PgS7127-8,CREC-2015-10-05,text_for_speaker,0,,1
CREC-2015-10-05-pt1-PgS7128,CREC-2015-10-05,text_for_speaker,0,,1
CREC-2015-10-05-pt1-PgS7128-2,CREC-2015-10-05,text_for_speaker,0,,1
CREC-2015-10-05-pt1-PgE1422-3,CREC-2015-10-05,text_for_speaker,0,,1
CREC-2015-10-05-pt1-PgD1052,CREC-2015-10-05,text_for_speaker,0,,1
CREC-2015-10-05-pt1-PgD1052-2,CREC-2015-10-05,text_for_speaker,0,,1
CREC-2015-10-05-pt1-PgD1052-4,CREC-2015-10-05,text_for_speaker,0,,1
CREC-2015-10-05-pt1-PgD1052-5,CREC-2015-10-05,text_for_speaker,0,,1
CREC-2015-10-05-pt1-PgD1052-3,CREC-2015-10-05,text_for_speaker,0,,1
CREC-2015-10-05-pt1-PgD1054,CREC-2015-10-05,text_for_speaker,0,,1
CREC-2015-10-05-pt1-PgD1057,CREC-2015-10-05,text_for_speaker,0,,1
CREC-2015-10-05-pt1-PgD1052-6,CREC-2015-10-05,text_for_speaker,0,,1
CREC-2015-10-06-pt1-PgH-FrontMatter-4,CREC-2015-10-06,text_for_speaker,0,,1
CREC-2015-10-06-pt1-PgH6797,CREC-2015-10-06,text_for_speaker,0,,1
CREC-2015-10-06-pt1-PgH6797-2,CREC-2015-10-06,text_for_speaker,0,,1
CREC-2015-10-06-pt1-PgH6800,CREC-2015-10-06,text_for_speaker,0,,1
CREC-2015-10-06-pt1-PgH6799-3,CREC-2015-10-06,text_for_speaker,0,,1
CREC-2015-10-06-pt1-PgH6800-4,CREC-2015-10-06,text_for_speaker,0,,1
CREC-2015-10-06-pt1-PgH6800-8,CREC-2015-10-06,text_for_speaker,0,,1
CREC-2015-10-06-pt1-PgH6801-2,CREC-2015-10-06,text_for_speaker,0,,1
CREC-2015-10-06-pt1-PgH6801-3,CREC-2015-10-06,text_for_speaker,0,,1
CREC-2015-10-06-pt1-PgH6817-2,CREC-2015-10-06,text_for_speaker,0,,1
CREC-2015-10-06-pt1-PgH6819,CREC-2015-10-06,text_for_speaker,0,,1
CREC-2015-10-06-pt1-PgH6832,CREC-2015-10-06,text_for_speaker,0,,1
CREC-2015-10-06-pt1-PgH6832-2,CREC-2015-10-06,text_for_speaker,0,,1
CREC-2015-10-06-pt1-PgH6832-3,CREC-2015-10-06,text_for_speaker,0,,1
CREC-2015-10-06-pt1-PgH6832-4,CREC-2015-10-06,text_for_speaker,0,,1
CREC-2015-10-06-pt1-PgH6832-5,CREC-2015-10-06,text_for_speaker,0,,1
CREC-2015-10-06-pt1-PgH6833,CREC-2015-10-06,text_for_speaker,0,,1
CREC-2015-10-06-pt1-PgH6835-2,CREC-2015-10-06,text_for_speaker,0,,1
CREC-2015-10-06-pt1-PgH6835,CREC-2015-10-06,text_for_speaker,0,,1
CREC-2015-10-06-pt1-PgH6835-3,CREC-2015-10-06,text_for_speaker,0,,1
CREC-2015-10-06-pt1-PgH6836,CREC-2015-10-06,text_for_speaker,0,,1
CREC-2015-10-06-pt1-PgH6836-2,CREC-2015-10-06,text_for_speaker,0,,1
CREC-2015-10-06-pt1-PgH6836-3,CREC-2015-10-06,text_for_speaker,0,,1
CREC-2015-10-06-pt1-PgH6836-5,CREC-2015-10-06,text_for_speaker,0,,1
CREC-2015-10-06-pt1-PgH6836-4,CREC-2015-10-06,text_for_speaker,0,,1
CREC-2015-10-06-pt1-PgH6836-7,CREC-2015-10-06,text_for_speaker,0,,1
CREC-2015-10-06-pt1-PgH6836-6,CREC-2015-10-06,text_for_speaker,0,,1
CREC-2015-10-06-pt1-PgH6836-8,CREC-2015-10-06,text_for_speaker,0,,1
CREC-2015-10-06-pt1-PgH6836-10,CREC-2015-10-06,text_for_speaker,0,,1
CREC-2015-10-06-pt1-PgH6836-9,CREC-2015-10-06,text_for_speaker,0,,1
CREC-2015-10-06-pt1-PgH6836-11,CREC-2015-10-06,text_for_speaker,0,,1
CREC-2015-10-06-pt1-PgH6836-12,CREC-2015-10-06,text_for_speaker,0,,1
CREC-2015-10-06-pt1-PgS-FrontMatter-12,CREC-2015-10-06,text_for_speaker,0,,1
CREC-2015-10-06-pt1-PgS7129,CREC-2015-10-06,text_for_speaker,0,,1
CREC-2015-10-06-pt1-PgS7129-2,CREC-2015-10-06,text_for_speaker,0,,1
CREC-2015-10-06-pt1-PgS7129-4,CREC-2015-10-06,text_for_speaker,0,,1
CREC-2015-10-06-pt1-PgS7129-3,CREC-2015-10-06,text_for_speaker,0,,1
CREC-2015-10-06-pt1-PgS7159,CREC-2015-10-06,text_for_speaker,0,,1
CREC-2015-10-06-pt1-PgS7159-2,CREC-2015-10-06,text_for_speaker,0,,1
CREC-2015-10-06-pt1-PgS7159-4,CREC-2015-10-06,text_for_speaker,0,,1
CREC-2015-10-06-pt1-PgS7159-3,CREC-2015-10-06,text_for_speaker,0,,1
CREC-2015-10-06-pt1-PgS7159-5,CREC-2015-10-06,text_for_speaker,0,,1
CREC-2015-10-06-pt1-PgS7159-6,CREC-2015-10-06,text_for_speaker,0,,1
CREC-2015-10-06-pt1-PgS7159-7,CREC-2015-10-06,text_for_speaker,0,,1
CREC-2015-10-06-pt1-PgS7160,CREC-2015-10-06,text_for_speaker,0,,1
CREC-2015-10-06-pt1-PgS7160-2,CREC-2015-10-06,text_for_speaker,0,,1
CREC-2015-10-06-pt1-PgS7161-3,CREC-2015-10-06,text_for_speaker,0,,1
CREC-2015-10-06-pt1-PgS7162-2,CREC-2015-10-06,text_for_speaker,0,,1
CREC-2015-10-06-pt1-PgS7162,CREC-2015-10-06,text_for_speaker,0,,1
CREC-2015-10-06-pt1-PgS7163,CREC-2015-10-06,text_for_speaker,0,,1
CREC-2015-10-06-pt1-PgS7163-3,CREC-2015-10-06,text_for_speaker,0,,1
CREC-2015-10-06-pt1-PgS7163-2,CREC-2015-10-06,text_for_speaker,0,,1
CREC-2015-10-06-pt1-PgS7167,CREC-2015-10-06,text_for_speaker,0,,1
CREC-2015-10-06-pt1-PgS7163-4,CREC-2015-10-06,text_for_speaker,0,,1
CREC-2015-10-06-pt1-PgE1425-2,CREC-2015-10-06,text_for_speaker,0,,1
CREC-2015-10-06-pt1-PgE1425-5,CREC-2015-10-06,text_for_speaker,0,,1
CREC-2015-10-06-pt1-PgE1430-4,CREC-2015-10-06,text_for_speaker,0,,1
CREC-2015-10-06-pt1-PgE1434-4,CREC-2015-10-06,text_for_speaker,0,,1
CREC-2015-10-06-pt1-PgE1436-2,CREC-2015-10-06,text_for_speaker,0,,1
CREC-2015-10-06-pt1-PgD1060,CREC-2015-10-06,text_for_speaker,0,,1
CREC-2015-10-06-pt1-PgD1062,CREC-2015-10-06,text_for_speaker,0,,1
CREC-2015-10-06-pt1-PgD1063,CREC-2015-10-06,text_for_speaker,0,,1
CREC-2015-10-06-pt1-PgD1061,CREC-2015-10-06,text_for_speaker,0,,1
CREC-2015-10-06-pt1-PgD1064,CREC-2015-10-06,text_for_speaker,0,,1
CREC-2015-10-06-pt1-PgD1065,CREC-2015-10-06,text_for_speaker,0,,1
CREC-2015-10-08-pt1-PgH6895,CREC-2015-10-08,text_for_speaker,0,,1
CREC-2015-10-08-pt1-PgH6895-2,CREC-2015-10-08,text_for_speaker,0,,1
CREC-2015-10-08-pt1-PgH-FrontMatter,CREC-2015-10-08,text_for_speaker,0,,1
CREC-2015-10-08-pt1-PgH6900-3,CREC-2015-10-08,text_for_speaker,0,,1
CREC-2015-10-08-pt1-PgH6900-4,CREC-2015-10-08,text_for_speaker,0,,1
CREC-2015-10-08-pt1-PgH6901-3,CREC-2015-10-08,text_for_speaker,0,,1
CREC-2015-10-08-pt1-PgH6901-5,CREC-2015-10-08,text_for_speaker,0,,1
CREC-2015-10-08-pt1-PgH6902-2,CREC-2015-10-08,text_for_speaker,0,,1
CREC-2015-10-08-pt1-PgH6921-5,CREC-2015-10-08,text_for_speaker,0,,1
CREC-2015-10-08-pt1-PgH6932,CREC-2015-10-08,text_for_speaker,0,,1
CREC-2015-10-08-pt1-PgH6932-2,CREC-2015-10-08,text_for_speaker,0,,1
CREC-2015-10-08-pt1-PgH6932-3,CREC-2015-10-08,text_for_speaker,0,,1
CREC-2015-10-08-pt1-PgH6932-5,CREC-2015-10-08,text_for_speaker,0,,1
CREC-2015-10-08-pt1-PgH6933-2,CREC-2015-10-08,text_for_speaker,0,,1
CREC-2015-10-08-pt1-PgH6935,CREC-2015-10-08,text_for_speaker,0,,1
CREC-2015-10-08-pt1-PgH6936,CREC-2015-10-08,text_for_speaker,0,,1
CREC-2015-10-08-pt1-PgH6936-2,CREC-2015-10-08,text_for_speaker,0,,1
CREC-2015-10-08-pt1-PgH6936-3,CREC-2015-10-08,text_for_speaker,0,,1
CREC-2015-10-08-pt1-PgH6936-4,CREC-2015-10-08,text_for_speaker,0,,1
CREC-2015-10-08-pt1-PgH6936-5,CREC-2015-10-08,text_for_speaker,0,,1
CREC-2015-10-08-pt1-PgH6936-6,CREC-2015-10-08,text_for_speaker,0,,1
CREC-2015-10-08-pt1-PgH6936-7,CREC-2015-10-08,text_for_speaker,0,,1
CREC-2015-10-08-pt1-PgH6936-8,CREC-2015-10-08,text_for_speaker,0,,1
CREC-2015-10-08-pt1-PgH6936-9,CREC-2015-10-08,text_for_speaker,0,,1
CREC-2015-10-08-pt1-PgH6936-10,CREC-2015-10-08,text_for_speaker,0,,1
CREC-2015-10-08-pt1-PgH6936-11,CREC-2015-10-08,text_for_speaker,0,,1
CREC-2015-10-08-pt1-PgH6936-12,CREC-2015-10-08,text_for_speaker,0,,1
CREC-2015-10-08-pt1-PgH6937-2,CREC-2015-10-08,text_for_speaker,0,,1
CREC-2015-10-08-pt1-PgH6937,CREC-2015-10-08,text_for_speaker,0,,1
CREC-2015-10-08-pt1-PgH6937-3,CREC-2015-10-08,text_for_speaker,0,,1
CREC-2015-10-08-pt1-PgH6937-5,CREC-2015-10-08,text_for_speaker,0,,1
CREC-2015-10-08-pt1-PgH6937-4,CREC-2015-10-08,text_for_speaker,0,,1
CREC-2015-10-08-pt1-PgH6937-6,CREC-2015-10-08,text_for_speaker,0,,1
CREC-2015-10-08-pt1-PgH6937-7,CREC-2015-10-08,text_for_speaker,0,,1
CREC-2015-10-08-pt1-PgH6937-8,CREC-2015-10-08,text_for_speaker,0,,1
CREC-2015-10-08-pt1-PgH6937-9,CREC-2015-10-08,text_for_speaker,0,,1
CREC-2015-10-08-pt1-PgH6937-10,CREC-2015-10-08,text_for_speaker,0,,1
CREC-2015-10-08-pt1-PgH6937-11,CREC-2015-10-08,text_for_speaker,0,,1
CREC-2015-10-08-pt1-PgH6937-13,CREC-2015-10-08,text_for_speaker,0,,1
CREC-2015-10-08-pt1-PgH6937-12,CREC-2015-10-08,text_for_speaker,0,,1
CREC-2015-10-08-pt1-PgS-FrontMatter-14,CREC-2015-10-08,text_for_speaker,0,,1
CREC-2015-10-08-pt1-PgH6937-14,CREC-2015-10-08,text_for_speaker,0,,1
CREC-2015-10-08-pt1-PgS7227,CREC-2015-10-08,text_for_speaker,0,,1
CREC-2015-10-08-pt1-PgS7227-3,CREC-2015-10-08,text_for_speaker,0,,1
CREC-2015-10-08-pt1-PgS7227-2,CREC-2015-10-08,text_for_speaker,0,,1
CREC-2015-10-08-pt1-PgS7227-6,CREC-2015-10-08,text_for_speaker,0,,1
CREC-2015-10-08-pt1-PgS7228,CREC-2015-10-08,text_for_speaker,0,,1
CREC-2015-10-08-pt1-PgS7265,CREC-2015-10-08,text_for_speaker,0,,1
CREC-2015-10-08-pt1-PgS7266-3,CREC-2015-10-08,text_for_speaker,0,,1
CREC-2015-10-08-pt1-PgS7266,CREC-2015-10-08,text_for_speaker,0,,1
CREC-2015-10-08-pt1-PgS7266-2,CREC-2015-10-08,text_for_speaker,0,,1
CREC-2015-10-08-pt1-PgS7266-5,CREC-2015-10-08,text_for_speaker,0,,1
CREC-2015-10-08-pt1-PgS7266-4,CREC-2015-10-08,text_for_speaker,0,,1
CREC-2015-10-08-pt1-PgS7266-6,CREC-2015-10-08,text_for_speaker,0,,1
CREC-2015-10-08-pt1-PgS7271,CREC-2015-10-08,text_for_speaker,0,,1
CREC-2015-10-08-pt1-PgS7271-2,CREC-2015-10-08,text_for_speaker,0,,1
CREC-2015-10-08-pt1-PgS7272-2,CREC-2015-10-08,text_for_speaker,0,,1
CREC-2015-10-08-pt1-PgS7271-3,CREC-2015-10-08,text_for_speaker,0,,1
CREC-2015-10-08-pt1-PgS7272,CREC-2015-10-08,text_for_speaker,0,,1
CREC-2015-10-08-pt1-PgS7273,CREC-2015-10-08,text_for_speaker,0,,1
CREC-2015-10-08-pt1-PgS7277,CREC-2015-10-08,text_for_speaker,0,,1
CREC-2015-10-08-pt1-PgS7278,CREC-2015-10-08,text_for_speaker,0,,1
CREC-2015-10-08-pt1-PgS7277-2,CREC-2015-10-08,text_for_speaker,0,,1
CREC-2015-10-08-pt1-PgS7278-2,CREC-2015-10-08,text_for_speaker,0,,1
CREC-2015-10-08-pt1-PgS7279,CREC-2015-10-08,text_for_speaker,0,,1
CREC-2015-10-08-pt1-PgS7278-3,CREC-2015-10-08,text_for_speaker,0,,1
CREC-2015-10-08-pt1-PgS7279-2,CREC-2015-10-08,text_for_speaker,0,,1
CREC-2015-10-08-pt1-PgS7279-3,CREC-2015-10-08,text_for_speaker,0,,1
CREC-2015-10-08-pt1-PgS7279-4,CREC-2015-10-08,text_for_speaker,0,,1
CREC-2015-10-08-pt1-PgS7282,CREC-2015-10-08,text_for_speaker,0,,1
CREC-2015-10-08-pt1-PgS7282-2,CREC-2015-10-08,text_for_speaker,0,,1
CREC-2015-10-08-pt1-PgS7282-3,CREC-2015-10-08,text_for_speaker,0,,1
CREC-2015-10-08-pt1-PgD1077,CREC-2015-10-08,text_for_speaker,0,,1
CREC-2015-10-08-pt1-PgD1079,CREC-2015-10-08,text_for_speaker,0,,1
CREC-2015-10-08-pt1-PgD1082,CREC-2015-10-08,text_for_speaker,0,,1
CREC-2015-10-08-pt1-PgD1081,CREC-2015-10-08,text_for_speaker,0,,1
CREC-2015-10-08-pt1-PgD1083,CREC-2015-10-08,text_for_speaker,0,,1
CREC-2015-10-08-pt1-PgD1083-2,CREC-2015-10-08,text_for_speaker,0,,1
CREC-2015-10-19-pt1-PgS7289-2,CREC-2015-10-19,text_for_speaker,0,,1
CREC-2015-10-19-pt1-PgS7289-3,CREC-2015-10-19,text_for_speaker,0,,1
CREC-2015-10-19-pt1-PgS7289,CREC-2015-10-19,text_for_speaker,0,,1
CREC-2015-10-19-pt1-PgS7303-3,CREC-2015-10-19,text_for_speaker,0,,1
CREC-2015-10-19-pt1-PgS7303-4,CREC-2015-10-19,text_for_speaker,0,,1
CREC-2015-10-19-pt1-PgS7303-5,CREC-2015-10-19,text_for_speaker,0,,1
CREC-2015-10-19-pt1-PgS7303-6,CREC-2015-10-19,text_for_speaker,0,,1
CREC-2015-10-19-pt1-PgS7303-7,CREC-2015-10-19,text_for_speaker,0,,1
CREC-2015-10-19-pt1-PgS7304,CREC-2015-10-19,text_for_speaker,0,,1
CREC-2015-10-19-pt1-PgS7304-2,CREC-2015-10-19,text_for_speaker,0,,1
CREC-2015-10-19-pt1-PgS7304-3,CREC-2015-10-19,text_for_speaker,0,,1
CREC-2015-10-19-pt1-PgS7305,CREC-2015-10-19,text_for_speaker,0,,1
CREC-2015-10-19-pt1-PgS7305-2,CREC-2015-10-19,text_for_speaker,0,,1
CREC-2015-10-19-pt1-PgS7305-3,CREC-2015-10-19,text_for_speaker,0,,1
CREC-2015-10-19-pt1-PgS7305-4,CREC-2015-10-19,text_for_speaker,0,,1
CREC-2015-10-19-pt1-PgS7305-5,CREC-2015-10-19,text_for_speaker,0,,2
CREC-2015-10-19-pt1-PgS7306-2,CREC-2015-10-19,text_for_speaker,0,,1
CREC-2015-10-19-pt1-PgD1093,CREC-2015-10-19,text_for_speaker,0,,1
CREC-2015-10-19-pt1-PgD1093-2,CREC-2015-10-19,text_for_speaker,0,,1
CREC-2015-10-19-pt1-PgE1479-2,CREC-2015-10-19,text_for_speaker,0,,1
CREC-2015-10-19-pt1-PgD1094,CREC-2015-10-19,text_for_speaker,0,,1
CREC-2015-10-19-pt1-PgD1094-3,CREC-2015-10-19,text_for_speaker,0,,1
CREC-2015-10-19-pt1-PgD1094-2,CREC-2015-10-19,text_for_speaker,0,,1
CREC-2015-10-19-pt1-PgD1094-4,CREC-2015-10-19,text_for_speaker,0,,1
CREC-2015-10-19-pt1-PgD1095,CREC-2015-10-19,text_for_speaker,0,,1
CREC-2015-10-19-pt1-PgD1097,CREC-2015-10-19,text_for_speaker,0,,1
CREC-2015-10-20-pt1-PgH-FrontMatter-5,CREC-2015-10-20,text_for_speaker,0,,1
CREC-2015-10-20-pt1-PgH6983,CREC-2015-10-20,text_for_speaker,0,,1
CREC-2015-10-20-pt1-PgH6983-2,CREC-2015-10-20,text_for_speaker,0,,1
CREC-2015-10-20-pt1-PgH6984-2,CREC-2015-10-20,text_for_speaker,0,,1
CREC-2015-10-20-pt1-PgH6984-3,CREC-2015-10-20,text_for_speaker,0,,1
CREC-2015-10-20-pt1-PgH6985,CREC-2015-10-20,text_for_speaker,0,,1
CREC-2015-10-20-pt1-PgH6985-2,CREC-2015-10-20,text_for_speaker,0,,1
CREC-2015-10-20-pt1-PgH6985-4,CREC-2015-10-20,text_for_speaker,0,,1
CREC-2015-10-20-pt1-PgH7009-2,CREC-2015-10-20,text_for_speaker,0,,1
CREC-2015-10-20-pt1-PgH7010,CREC-2015-10-20,text_for_speaker,0,,1
CREC-2015-10-20-pt1-PgH7010-2,CREC-2015-10-20,text_for_speaker,0,,1
CREC-2015-10-20-pt1-PgH7013-5,CREC-2015-10-20,text_for_speaker,0,,1
CREC-2015-10-20-pt1-PgH7023,CREC-2015-10-20,text_for_speaker,0,,1
CREC-2015-10-20-pt1-PgH7024-2,CREC-2015-10-20,text_for_speaker,0,,1
CREC-2015-10-20-pt1-PgH7023-2,CREC-2015-10-20,text_for_speaker,0,,1
CREC-2015-10-20-pt1-PgH7026,CREC-2015-10-20,text_for_speaker,0,,1
CREC-2015-10-20-pt1-PgH7026-2,CREC-2015-10-20,text_for_speaker,0,,1
CREC-2015-10-20-pt1-PgH7026-3,CREC-2015-10-20,text_for_speaker,0,,1
CREC-2015-10-20-pt1-PgH7027,CREC-2015-10-20,text_for_speaker,0,,1
CREC-2015-10-20-pt1-PgH7027-2,CREC-2015-10-20,text_for_speaker,0,,1
CREC-2015-10-20-pt1-PgH7027-3,CREC-2015-10-20,text_for_speaker,0,,1
CREC-2015-10-20-pt1-PgH7027-4,CREC-2015-10-20,text_for_speaker,0,,1
CREC-2015-10-20-pt1-PgH7027-5,CREC-2015-10-20,text_for_speaker,0,,1
CREC-2015-10-20-pt1-PgH7027-6,CREC-2015-10-20,text_for_speaker,0,,1
CREC-2015-10-20-pt1-PgH7027-8,CREC-2015-10-20,text_for_speaker,0,,1
CREC-2015-10-20-pt1-PgH7027-7,CREC-2015-10-20,text_for_speaker,0,,1
CREC-2015-10-20-pt1-PgH7027-9,CREC-2015-10-20,text_for_speaker,0,,1
CREC-2015-10-20-pt1-PgH7027-11,CREC-2015-10-20,text_for_speaker,0,,1
CREC-2015-10-20-pt1-PgH7027-10,CREC-2015-10-20,text_for_speaker,0,,1
CREC-2015-10-20-pt1-PgH7028,CREC-2015-10-20,text_for_speaker,0,,1
CREC-2015-10-20-pt1-PgH7027-12,CREC-2015-10-20,text_for_speaker,0,,1
CREC-2015-10-20-pt1-PgS-FrontMatter-2,CREC-2015-10-20,text_for_speaker,0,,1
CREC-2015-10-20-pt1-PgH7027-13,CREC-2015-10-20,text_for_speaker,0,,1
CREC-2015-10-20-pt1-PgH7028-2,CREC-2015-10-20,text_for_speaker,0,,1
CREC-2015-10-20-pt1-PgS7309,CREC-2015-10-20,text_for_speaker,0,,1
CREC-2015-10-20-pt1-PgS7309-3,CREC-2015-10-20,text_for_speaker,0,,1
CREC-2015-10-20-pt1-PgS7309-2,CREC-2015-10-20,text_for_speaker,0,,1
CREC-2015-10-20-pt1-PgS7309-4,CREC-2015-10-20,text_for_speaker,0,,1
CREC-2015-10-20-pt1-PgS7309-5,CREC-2015-10-20,text_for_speaker,0,,1
CREC-2015-10-20-pt1-PgS7344-3,CREC-2015-10-20,text_for_speaker,0,,1
CREC-2015-10-20-pt1-PgS7344-4,CREC-2015-10-20,text_for_speaker,0,,1
CREC-2015-10-20-pt1-PgS7345-2,CREC-2015-10-20,text_for_speaker,0,,1
CREC-2015-10-20-pt1-PgS7346,CREC-2015-10-20,text_for_speaker,0,,1
CREC-2015-10-20-pt1-PgS7345,CREC-2015-10-20,text_for_speaker,0,,1
CREC-2015-10-20-pt1-PgS7346-2,CREC-2015-10-20,text_for_speaker,0,,1
CREC-2015-10-20-pt1-PgS7347-2,CREC-2015-10-20,text_for_speaker,0,,1
CREC-2015-10-20-pt1-PgS7347,CREC-2015-10-20,text_for_speaker,0,,1
CREC-2015-10-20-pt1-PgS7353,CREC-2015-10-20,text_for_speaker,0,,1
CREC-2015-10-20-pt1-PgS7347-3,CREC-2015-10-20,text_for_speaker,0,,1
CREC-2015-10-20-pt1-PgS7365,CREC-2015-10-20,text_for_speaker,0,,1
CREC-2015-10-20-pt1-PgS7365-2,CREC-2015-10-20,text_for_speaker,0,,1
CREC-2015-10-20-pt1-PgS7353-2,CREC-2015-10-20,text_for_speaker,0,,1
CREC-2015-10-20-pt1-PgS7365-3,CREC-2015-10-20,text_for_speaker,0,,1
CREC-2015-10-20-pt1-PgS7366-2,CREC-2015-10-20,text_for_speaker,0,,1
CREC-2015-10-20-pt1-PgS7366-3,CREC-2015-10-20,text_for_speaker,0,,1
CREC-2015-10-20-pt1-PgS7366-4,CREC-2015-10-20,text_for_speaker,0,,1
CREC-2015-10-20-pt1-PgS7366-6,CREC-2015-10-20,text_for_speaker,0,,1
CREC-2015-10-20-pt1-PgS7366-5,CREC-2015-10-20,text_for_speaker,0,,1
CREC-2015-10-20-pt1-PgS7366-7,CREC-2015-10-20,text_for_speaker,0,,1
CREC-2015-10-20-pt1-PgS7366-8,CREC-2015-10-20,text_for_speaker,0,,1
CREC-2015-10-20-pt1-PgS7366-11,CREC-2015-10-20,text_for_speaker,0,,1
CREC-2015-10-20-pt1-PgS7366-12,CREC-2015-10-20,text_for_speaker,0,,1
CREC-2015-10-20-pt1-PgE1483-2,CREC-2015-10-20,text_for_speaker,0,,1
CREC-2015-10-20-pt1-PgE1491-3,CREC-2015-10-20,text_for_speaker,0,,1
CREC-2015-10-20-pt1-PgE1491-4,CREC-2015-10-20,text_for_speaker,0,,1
CREC-2015-10-20-pt1-PgD1101,CREC-2015-10-20,text_for_speaker,0,,1
CREC-2015-10-20-pt1-PgD1100,CREC-2015-10-20,text_for_speaker,0,,1
CREC-2015-10-20-pt1-PgD1102,CREC-2015-10-20,text_for_speaker,0,,1
CREC-2015-10-20-pt1-PgD1103,CREC-2015-10-20,text_for_speaker,0,,1
CREC-2015-10-20-pt1-PgD1104,CREC-2015-10-20,text_for_speaker,0,,1
CREC-2015-10-20-pt1-PgD1104-2,CREC-2015-10-20,text_for_speaker,0,,1
CREC-2015-10-20-pt1-PgD1105,CREC-2015-10-20,text_for_speaker,0,,1
CREC-2015-10-21-pt1-PgH7031-2,CREC-2015-10-21,text_for_speaker,0,,1
CREC-2015-10-21-pt1-PgH-FrontMatter,CREC-2015-10-21,text_for_speaker,0,,1
CREC-2015-10-21-pt1-PgH7031,CREC-2015-10-21,text_for_speaker,0,,1
CREC-2015-10-21-pt1-PgH7036-4,CREC-2015-10-21,text_for_speaker,0,,1
CREC-2015-10-21-pt1-PgH7036-5,CREC-2015-10-21,text_for_speaker,0,,1
CREC-2015-10-21-pt1-PgH7038-3,CREC-2015-10-21,text_for_speaker,0,,1
CREC-2015-10-21-pt1-PgH7041,CREC-2015-10-21,text_for_speaker,0,,1
CREC-2015-10-21-pt1-PgH7060,CREC-2015-10-21,text_for_speaker,0,,1
CREC-2015-10-21-pt1-PgH7080,CREC-2015-10-21,text_for_speaker,0,,1
CREC-2015-10-21-pt1-PgH7087,CREC-2015-10-21,text_for_speaker,0,,1
CREC-2015-10-21-pt1-PgH7087-3,CREC-2015-10-21,text_for_speaker,0,,1
CREC-2015-10-21-pt1-PgH7087-5,CREC-2015-10-21,text_for_speaker,0,,1
CREC-2015-10-21-pt1-PgH7088-2,CREC-2015-10-21,text_for_speaker,0,,1
CREC-2015-10-21-pt1-PgH7089-2,CREC-2015-10-21,text_for_speaker,0,,1
CREC-2015-10-21-pt1-PgH7089,CREC-2015-10-21,text_for_speaker,0,,1
CREC-2015-10-21-pt1-PgH7089-3,CREC-2015-10-21,text_for_speaker,0,,1
CREC-2015-10-21-pt1-PgH7089-5,CREC-2015-10-21,text_for_speaker,0,,1
CREC-2015-10-21-pt1-PgH7089-4,CREC-2015-10-21,text_for_speaker,0,,1
CREC-2015-10-21-pt1-PgH7089-6,CREC-2015-10-21,text_for_speaker,0,,1
CREC-2015-10-21-pt1-PgH7089-7,CREC-2015-10-21,text_for_speaker,0,,1
CREC-2015-10-21-pt1-PgH7089-8,CREC-2015-10-21,text_for_speaker,0,,1
CREC-2015-10-21-pt1-PgH7089-10,CREC-2015-10-21,text_for_speaker,0,,1
CREC-2015-10-21-pt1-PgH7089-11,CREC-2015-10-21,text_for_speaker,0,,1
CREC-2015-10-21-pt1-PgH7089-9,CREC-2015-10-21,text_for_speaker,0,,1
CREC-2015-10-21-pt1-PgH7089-12,CREC-2015-10-21,text_for_speaker,0,,1
CREC-2015-10-21-pt1-PgH7089-13,CREC-2015-10-21,text_for_speaker,0,,1
CREC-2015-10-21-pt1-PgH7089-14,CREC-2015-10-21,text_for_speaker,0,,1
CREC-2015-10-21-pt1-PgH7090,CREC-2015-10-21,text_for_speaker,0,,1
CREC-2015-10-21-pt1-PgH7090-2,CREC-2015-10-21,text_for_speaker,0,,1
CREC-2015-10-21-pt1-PgH7090-3,CREC-2015-10-21,text_for_speaker,0,,1
CREC-2015-10-21-pt1-PgH7090-5,CREC-2015-10-21,text_for_speaker,0,,1
CREC-2015-10-21-pt1-PgH7090-4,CREC-2015-10-21,text_for_speaker,0,,1
CREC-2015-10-21-pt1-PgH7090-6,CREC-2015-10-21,text_for_speaker,0,,1
CREC-2015-10-21-pt1-PgH7090-7,CREC-2015-10-21,text_for_speaker,0,,1
CREC-2015-10-21-pt1-PgH7090-8,CREC-2015-10-21,text_for_speaker,0,,1
CREC-2015-10-21-pt1-PgS-FrontMatter-9,CREC-2015-10-21,text_for_speaker,0,,1
CREC-2015-10-21-pt1-PgS7367,CREC-2015-10-21,text_for_speaker,0,,1
CREC-2015-10-21-pt1-PgH7090-9,CREC-2015-10-21,text_for_speaker,0,,1
CREC-2015-10-21-pt1-PgS7367-2,CREC-2015-10-21,text_for_speaker,0,,1
CREC-2015-10-21-pt1-PgS7367-3,CREC-2015-10-21,text_for_speaker,0,,1
CREC-2015-10-21-pt1-PgS7367-4,CREC-2015-10-21,text_for_speaker,0,,1
CREC-2015-10-21-pt1-PgS7368-5,CREC-2015-10-21,text_for_speaker,0,,1
CREC-2015-10-21-pt1-PgS7368-6,CREC-2015-10-21,text_for_speaker,0,,1
CREC-2015-10-21-pt1-PgS7411,CREC-2015-10-21,text_for_speaker,0,,1
CREC-2015-10-21-pt1-PgS7410-4,CREC-2015-10-21,text_for_speaker,0,,1
CREC-2015-10-21-pt1-PgS7411-2,CREC-2015-10-21,text_for_speaker,0,,1
CREC-2015-10-21-pt1-PgS7411-3,CREC-2015-10-21,text_for_speaker,0,,1
CREC-2015-10-21-pt1-PgS7411-4,CREC-2015-10-21,text_for_speaker,0,,1
CREC-2015-10-21-pt1-PgS7411-5,CREC-2015-10-21,text_for_speaker,0,,1
CREC-2015-10-21-pt1-PgS7411-6,CREC-2015-10-21,text_for_speaker,0,,1
CREC-2015-10-21-pt1-PgS7413,CREC-2015-10-21,text_for_speaker,0,,1
CREC-2015-10-21-pt1-PgS7411-7,CREC-2015-10-21,text_for_speaker,0,,1
CREC-2015-10-21-pt1-PgS7413-2,CREC-2015-10-21,text_for_speaker,0,,1
CREC-2015-10-21-pt1-PgS7413-3,CREC-2015-10-21,text_for_speaker,0,,1
CREC-2015-10-21-pt1-PgS7413-4,CREC-2015-10-21,text_for_speaker,0,,1
CREC-2015-10-21-pt1-PgS7414,CREC-2015-10-21,text_for_speaker,0,,1
CREC-2015-10-21-pt1-PgS7415,CREC-2015-10-21,text_for_speaker,0,,1
CREC-2015-10-21-pt1-PgS7415-2,CREC-2015-10-21,text_for_speaker,0,,1
CREC-2015-10-21-pt1-PgS7415-3,CREC-2015-10-21,text_for_speaker,0,,1
CREC-2015-10-21-pt1-PgS7415-4,CREC-2015-10-21,text_for_speaker,0,,1
CREC-2015-10-21-pt1-PgS7415-5,CREC-2015-10-21,text_for_speaker,0,,1
CREC-2015-10-21-pt1-PgS7416,CREC-2015-10-21,text_for_speaker,0,,1
CREC-2015-10-21-pt1-PgS7416-2,CREC-2015-10-21,text_for_speaker,0,,1
CREC-2015-10-21-pt1-PgS7417,CREC-2015-10-21,text_for_speaker,0,,1
CREC-2015-10-21-pt1-PgS7417-2,CREC-2015-10-21,text_for_speaker,0,,1
CREC-2015-10-21-pt1-PgS7417-3,CREC-2015-10-21,text_for_speaker,0,,1
CREC-2015-10-21-pt1-PgS7417-4,CREC-2015-10-21,text_for_speaker,0,,1
CREC-2015-10-21-pt1-PgS7417-5,CREC-2015-10-21,text_for_speaker,0,,1
CREC-2015-10-21-pt1-PgS7417-6,CREC-2015-10-21,text_for_speaker,0,,1
CREC-2015-10-21-pt1-PgS7417-7,CREC-2015-10-21,text_for_speaker,0,,1
CREC-2015-10-21-pt1-PgS7417-8,CREC-2015-10-21,text_for_speaker,0,,1
CREC-2015-10-21-pt1-PgS7418,CREC-2015-10-21,text_for_speaker,0,,1
CREC-2015-10-21-pt1-PgS7417-9,CREC-2015-10-21,text_for_speaker,0,,1
CREC-2015-10-21-pt1-PgS7418-3,CREC-2015-10-21,text_for_speaker,0,,1
CREC-2015-10-21-pt1-PgS7418-2,CREC-2015-10-21,text_for_speaker,0,,1
CREC-2015-10-21-pt1-PgS7418-4,CREC-2015-10-21,text_for_speaker,0,,1
CREC-2015-10-21-pt1-PgS7418-5,CREC-2015-10-21,text_for_speaker,0,,1
CREC-2015-10-21-pt1-PgS7418-6,CREC-2015-10-21,text_for_speaker,0,,2
CREC-2015-10-21-pt1-PgS7419,CREC-2015-10-21,text_for_speaker,0,,1
CREC-2015-10-21-pt1-PgS7419-2,CREC-2015-10-21,text_for_speaker,0,,1
CREC-2015-10-21-pt1-PgS7419-3,CREC-2015-10-21,text_for_speaker,0,,1
CREC-2015-10-21-pt1-PgS7419-4,CREC-2015-10-21,text_for_speaker,0,,1
CREC-2015-10-21-pt1-PgS7419-5,CREC-2015-10-21,text_for_speaker,0,,1
CREC-2015-10-21-pt1-PgS7419-6,CREC-2015-10-21,text_for_speaker,0,,1
CREC-2015-10-21-pt1-PgS7422-2,CREC-2015-10-21,text_for_speaker,0,,1
CREC-2015-10-21-pt1-PgS7422,CREC-2015-10-21,text_for_speaker,0,,1
CREC-2015-10-21-pt1-PgS7426,CREC-2015-10-21,text_for_speaker,0,,1
CREC-2015-10-21-pt1-PgS7426-2,CREC-2015-10-21,text_for_speaker,0,,1
CREC-2015-10-21-pt1-PgE1506,CREC-2015-10-21,text_for_speaker,0,,1
CREC-2015-10-21-pt1-PgD1108,CREC-2015-10-21,text_for_speaker,0,,1
CREC-2015-10-21-pt1-PgD1109,CREC-2015-10-21,text_for_speaker,0,,1
CREC-2015-10-21-pt1-PgD1111,CREC-2015-10-21,text_for_speaker,0,,1
CREC-2015-10-21-pt1-PgD1112,CREC-2015-10-21,text_for_speaker,0,,1
CREC-2015-10-21-pt1-PgD1115,CREC-2015-10-21,text_for_speaker,0,,1
CREC-2015-10-21-pt1-PgD1114,CREC-2015-10-21,text_for_speaker,0,,1
CREC-2015-10-26-pt1-PgH-FrontMatter-2,CREC-2015-10-26,text_for_speaker,0,,1
CREC-2015-10-26-pt1-PgH7177,CREC-2015-10-26,text_for_speaker,0,,1
CREC-2015-10-26-pt1-PgH7177-2,CREC-2015-10-26,text_for_speaker,0,,1
CREC-2015-10-26-pt1-PgH7177-6,CREC-2015-10-26,text_for_speaker,0,,1
CREC-2015-10-26-pt1-PgH7177-7,CREC-2015-10-26,text_for_speaker,0,,1
CREC-2015-10-26-pt1-PgH7178-4,CREC-2015-10-26,text_for_speaker,0,,1
CREC-2015-10-26-pt1-PgH7178-6,CREC-2015-10-26,text_for_speaker,0,,1
CREC-2015-10-26-pt1-PgH7184,CREC-2015-10-26,text_for_speaker,0,,1
CREC-2015-10-26-pt1-PgH7183,CREC-2015-10-26,text_for_speaker,0,,1
CREC-2015-10-26-pt1-PgH7188-2,CREC-2015-10-26,text_for_speaker,0,,1
CREC-2015-10-26-pt1-PgH7188,CREC-2015-10-26,text_for_speaker,0,,1
CREC-2015-10-26-pt1-PgH7188-3,CREC-2015-10-26,text_for_speaker,0,,1
CREC-2015-10-26-pt1-PgH7188-5,CREC-2015-10-26,text_for_speaker,0,,1
CREC-2015-10-26-pt1-PgH7188-7,CREC-2015-10-26,text_for_speaker,0,,1
CREC-2015-10-26-pt1-PgH7189,CREC-2015-10-26,text_for_speaker,0,,1
CREC-2015-10-26-pt1-PgH7189-2,CREC-2015-10-26,text_for_speaker,0,,1
CREC-2015-10-26-pt1-PgH7189-3,CREC-2015-10-26,text_for_speaker,0,,1
CREC-2015-10-26-pt1-PgH7189-4,CREC-2015-10-26,text_for_speaker,0,,1
CREC-2015-10-26-pt1-PgH7189-6,CREC-2015-10-26,text_for_speaker,0,,1
CREC-2015-10-26-pt1-PgH7189-5,CREC-2015-10-26,text_for_speaker,0,,1
CREC-2015-10-26-pt1-PgH7189-7,CREC-2015-10-26,text_for_speaker,0,,1
CREC-2015-10-26-pt1-PgH7189-8,CREC-2015-10-26,text_for_speaker,0,,1
CREC-2015-10-26-pt1-PgH7189-9,CREC-2015-10-26,text_for_speaker,0,,1
CREC-2015-10-26-pt1-PgH7189-10,CREC-2015-10-26,text_for_speaker,0,,1
CREC-2015-10-26-pt1-PgH7190,CREC-2015-10-26,text_for_speaker,0,,1
CREC-2015-10-26-pt1-PgS-FrontMatter,CREC-2015-10-26,text_for_speaker,0,,1
CREC-2015-10-26-pt1-PgS7479,CREC-2015-10-26,text_for_speaker,0,,1
CREC-2015-10-26-pt1-PgS7479-2,CREC-2015-10-26,text_for_speaker,0,,1
CREC-2015-10-26-pt1-PgS7479-3,CREC-2015-10-26,text_for_speaker,0,,1
CREC-2015-10-26-pt1-PgS7479-4,CREC-2015-10-26,text_for_speaker,0,,1
CREC-2015-10-26-pt1-PgS7479-6,CREC-2015-10-26,text_for_speaker,0,,1
CREC-2015-10-26-pt1-PgS7489-2,CREC-2015-10-26,text_for_speaker,0,,1
CREC-2015-10-26-pt1-PgS7489,CREC-2015-10-26,text_for_speaker,0,,1
CREC-2015-10-26-pt1-PgS7489-3,CREC-2015-10-26,text_for_speaker,0,,1
CREC-2015-10-26-pt1-PgS7489-5,CREC-2015-10-26,text_for_speaker,0,,1
CREC-2015-10-26-pt1-PgS7491,CREC-2015-10-26,text_for_speaker,0,,1
CREC-2015-10-26-pt1-PgS7489-4,CREC-2015-10-26,text_for_speaker,0,,1
CREC-2015-10-26-pt1-PgS7491-2,CREC-2015-10-26,text_for_speaker,0,,1
CREC-2015-10-26-pt1-PgS7491-4,CREC-2015-10-26,text_for_speaker,0,,1
CREC-2015-10-26-pt1-PgS7491-3,CREC-2015-10-26,text_for_speaker,0,,1
CREC-2015-10-26-pt1-PgS7491-5,CREC-2015-10-26,text_for_speaker,0,,1
CREC-2015-10-26-pt1-PgS7492,CREC-2015-10-26,text_for_speaker,0,,1
CREC-2015-10-26-pt1-PgS7492-2,CREC-2015-10-26,text_for_speaker,0,,1
CREC-2015-10-26-pt1-PgS7493,CREC-2015-10-26,text_for_speaker,0,,1
CREC-2015-10-26-pt1-PgS7492-3,CREC-2015-10-26,text_for_speaker,0,,1
CREC-2015-10-26-pt1-PgS7493-2,CREC-2015-10-26,text_for_speaker,0,,1
CREC-2015-10-26-pt1-PgS7494,CREC-2015-10-26,text_for_speaker,0,,1
CREC-2015-10-26-pt1-PgE1531-2,CREC-2015-10-26,text_for_speaker,0,,1
CREC-2015-10-26-pt1-PgS7496-4,CREC-2015-10-26,text_for_speaker,0,,1
CREC-2015-10-26-pt1-PgE1532,CREC-2015-10-26,text_for_speaker,0,,1
CREC-2015-10-26-pt1-PgE1537,CREC-2015-10-26,text_for_speaker,0,,1
CREC-2015-10-26-pt1-PgE1538-2,CREC-2015-10-26,text_for_speaker,0,,1
CREC-2015-10-26-pt1-PgD1129,CREC-2015-10-26,text_for_speaker,0,,1
CREC-2015-10-26-pt1-PgD1129-2,CREC-2015-10-26,text_for_speaker,0,,1
CREC-2015-10-26-pt1-PgD1130,CREC-2015-10-26,text_for_speaker,0,,1
CREC-2015-10-26-pt1-PgD1130-2,CREC-2015-10-26,text_for_speaker,0,,1
CREC-2015-10-26-pt1-PgD1131,CREC-2015-10-26,text_for_speaker,0,,1
CREC-2015-10-26-pt1-PgD1131-2,CREC-2015-10-26,text_for_speaker,0,,1
CREC-2015-10-26-pt1-PgD1131-3,CREC-2015-10-26,text_for_speaker,0,,1
CREC-2015-10-26-pt1-PgD1133,CREC-2015-10-26,text_for_speaker,0,,1
CREC-2015-10-27-pt1-PgH-FrontMatter-4,CREC-2015-10-27,text_for_speaker,0,,1
CREC-2015-10-27-pt1-PgH7191-3,CREC-2015-10-27,text_for_speaker,0,,1
CREC-2015-10-27-pt1-PgH7191-2,CREC-2015-10-27,text_for_speaker,0,,1
CREC-2015-10-27-pt1-PgH7196-2,CREC-2015-10-27,text_for_speaker,0,,1
CREC-2015-10-27-pt1-PgH7196-3,CREC-2015-10-27,text_for_speaker,0,,1
CREC-2015-10-27-pt1-PgH7200-6,CREC-2015-10-27,text_for_speaker,0,,1
CREC-2015-10-27-pt1-PgH7244,CREC-2015-10-27,text_for_speaker,0,,1
CREC-2015-10-27-pt1-PgH7251-2,CREC-2015-10-27,text_for_speaker,0,,1
CREC-2015-10-27-pt1-PgH7251-3,CREC-2015-10-27,text_for_speaker,0,,1
CREC-2015-10-27-pt1-PgH7252,CREC-2015-10-27,text_for_speaker,0,,1
CREC-2015-10-27-pt1-PgH7251-4,CREC-2015-10-27,text_for_speaker,0,,1
CREC-2015-10-27-pt1-PgH7252-2,CREC-2015-10-27,text_for_speaker,0,,1
CREC-2015-10-27-pt1-PgH7252-4,CREC-2015-10-27,text_for_speaker,0,,1
CREC-2015-10-27-pt1-PgH7253-2,CREC-2015-10-27,text_for_speaker,0,,1
CREC-2015-10-27-pt1-PgH7254,CREC-2015-10-27,text_for_speaker,0,,1
CREC-2015-10-27-pt1-PgH7254-2,CREC-2015-10-27,text_for_speaker,0,,1
CREC-2015-10-27-pt1-PgH7254-3,CREC-2015-10-27,text_for_speaker,0,,1
CREC-2015-10-27-pt1-PgH7254-4,CREC-2015-10-27,text_for_speaker,0,,1
CREC-2015-10-27-pt1-PgH7254-5,CREC-2015-10-27,text_for_speaker,0,,1
CREC-2015-10-27-pt1-PgH7254-6,CREC-2015-10-27,text_for_speaker,0,,1
CREC-2015-10-27-pt1-PgH7254-8,CREC-2015-10-27,text_for_speaker,0,,1
CREC-2015-10-27-pt1-PgH7254-7,CREC-2015-10-27,text_for_speaker,0,,1
CREC-2015-10-27-pt1-PgH7254-9,CREC-2015-10-27,text_for_speaker,0,,1
CREC-2015-10-27-pt1-PgH7254-10,CREC-2015-10-27,text_for_speaker,0,,1
CREC-2015-10-27-pt1-PgS-FrontMatter-10,CREC-2015-10-27,text_for_speaker,0,,1
CREC-2015-10-27-pt1-PgS7497,CREC-2015-10-27,text_for_speaker,0,,1
CREC-2015-10-27-pt1-PgS7497-3,CREC-2015-10-27,text_for_speaker,0,,1
CREC-2015-10-27-pt1-PgS7497-2,CREC-2015-10-27,text_for_speaker,0,,1
CREC-2015-10-27-pt1-PgS7497-5,CREC-2015-10-27,text_for_speaker,0,,1
CREC-2015-10-27-pt1-PgS7497-6,CREC-2015-10-27,text_for_speaker,0,,1
CREC-2015-10-27-pt1-PgS7497-4,CREC-2015-10-27,text_for_speaker,0,,1
CREC-2015-10-27-pt1-PgS7541,CREC-2015-10-27,text_for_speaker,0,,1
CREC-2015-10-27-pt1-PgS7545-4,CREC-2015-10-27,text_for_speaker,0,,1
CREC-2015-10-27-pt1-PgS7545-3,CREC-2015-10-27,text_for_speaker,0,,1
CREC-2015-10-27-pt1-PgS7545-5,CREC-2015-10-27,text_for_speaker,0,,1
CREC-2015-10-27-pt1-PgS7545-6,CREC-2015-10-27,text_for_speaker,0,,1
CREC-2015-10-27-pt1-PgS7546,CREC-2015-10-27,text_for_speaker,0,,1
CREC-2015-10-27-pt1-PgS7546-2,CREC-2015-10-27,text_for_speaker,0,,1
CREC-2015-10-27-pt1-PgS7549,CREC-2015-10-27,text_for_speaker,0,,1
CREC-2015-10-27-pt1-PgS7549-2,CREC-2015-10-27,text_for_speaker,0,,1
CREC-2015-10-27-pt1-PgS7549-3,CREC-2015-10-27,text_for_speaker,0,,1
CREC-2015-10-27-pt1-PgS7550-4,CREC-2015-10-27,text_for_speaker,0,,1
CREC-2015-10-27-pt1-PgE1541-5,CREC-2015-10-27,text_for_speaker,0,,1
CREC-2015-10-27-pt1-PgE1546,CREC-2015-10-27,text_for_speaker,0,,1
CREC-2015-10-27-pt1-PgD1136,CREC-2015-10-27,text_for_speaker,0,,1
CREC-2015-10-27-pt1-PgD1137,CREC-2015-10-27,text_for_speaker,0,,1
CREC-2015-10-27-pt1-PgD1137-2,CREC-2015-10-27,text_for_speaker,0,,1
CREC-2015-10-27-pt1-PgD1140,CREC-2015-10-27,text_for_speaker,0,,1
CREC-2015-10-27-pt1-PgD1138,CREC-2015-10-27,text_for_speaker,0,,1
CREC-2015-10-27-pt1-PgD1141,CREC-2015-10-27,text_for_speaker,0,,1
CREC-2015-10-28-pt1-PgH7257,CREC-2015-10-28,text_for_speaker,0,,1
CREC-2015-10-28-pt1-PgH-FrontMatter-2,CREC-2015-10-28,text_for_speaker,0,,1
CREC-2015-10-28-pt1-PgH7257-2,CREC-2015-10-28,text_for_speaker,0,,1
CREC-2015-10-28-pt1-PgH7261,CREC-2015-10-28,text_for_speaker,0,,1
CREC-2015-10-28-pt1-PgH7264-3,CREC-2015-10-28,text_for_speaker,0,,1
CREC-2015-10-28-pt1-PgH7264-4,CREC-2015-10-28,text_for_speaker,0,,1
CREC-2015-10-28-pt1-PgH7264-8,CREC-2015-10-28,text_for_speaker,0,,1
CREC-2015-10-28-pt1-PgH7266,CREC-2015-10-28,text_for_speaker,0,,1
CREC-2015-10-28-pt1-PgH7267-6,CREC-2015-10-28,text_for_speaker,0,,1
CREC-2015-10-28-pt1-PgH7271-2,CREC-2015-10-28,text_for_speaker,0,,1
CREC-2015-10-28-pt1-PgH7273,CREC-2015-10-28,text_for_speaker,0,,1
CREC-2015-10-28-pt1-PgH7312-2,CREC-2015-10-28,text_for_speaker,0,,1
CREC-2015-10-28-pt1-PgH7312-3,CREC-2015-10-28,text_for_speaker,0,,1
CREC-2015-10-28-pt1-PgH7319-2,CREC-2015-10-28,text_for_speaker,0,,1
CREC-2015-10-28-pt1-PgH7329,CREC-2015-10-28,text_for_speaker,0,,1
CREC-2015-10-28-pt1-PgH7329-2,CREC-2015-10-28,text_for_speaker,0,,1
CREC-2015-10-28-pt1-PgH7329-4,CREC-2015-10-28,text_for_speaker,0,,1
CREC-2015-10-28-pt1-PgH7332,CREC-2015-10-28,text_for_speaker,0,,1
CREC-2015-10-28-pt1-PgH7332-2,CREC-2015-10-28,text_for_speaker,0,,1
CREC-2015-10-28-pt1-PgH7331-2,CREC-2015-10-28,text_for_speaker,0,,1
CREC-2015-10-28-pt1-PgH7332-3,CREC-2015-10-28,text_for_speaker,0,,1
CREC-2015-10-28-pt1-PgH7332-4,CREC-2015-10-28,text_for_speaker,0,,1
CREC-2015-10-28-pt1-PgH7332-5,CREC-2015-10-28,text_for_speaker,0,,1
CREC-2015-10-28-pt1-PgH7332-6,CREC-2015-10-28,text_for_speaker,0,,1
CREC-2015-10-28-pt1-PgH7332-7,CREC-2015-10-28,text_for_speaker,0,,1
CREC-2015-10-28-pt1-PgH7332-8,CREC-2015-10-28,text_for_speaker,0,,1
CREC-2015-10-28-pt1-PgH7332-9,CREC-2015-10-28,text_for_speaker,0,,1
CREC-2015-10-28-pt1-PgH7332-11,CREC-2015-10-28,text_for_speaker,0,,1
CREC-2015-10-28-pt1-PgH7332-10,CREC-2015-10-28,text_for_speaker,0,,1
CREC-2015-10-28-pt1-PgH7332-12,CREC-2015-10-28,text_for_speaker,0,,1
CREC-2015-10-28-pt1-PgH7332-13,CREC-2015-10-28,text_for_speaker,0,,1
CREC-2015-10-28-pt1-PgH7332-14,CREC-2015-10-28,text_for_speaker,0,,1
CREC-2015-10-28-pt1-PgH7332-16,CREC-2015-10-28,text_for_speaker,0,,1
CREC-2015-10-28-pt1-PgH7332-15,CREC-2015-10-28,text_for_speaker,0,,1
CREC-2015-10-28-pt1-PgS7551,CREC-2015-10-28,text_for_speaker,0,,1
CREC-2015-10-28-pt1-PgS-FrontMatter-17,CREC-2015-10-28,text_for_speaker,0,,1
CREC-2015-10-28-pt1-PgH7332-17,CREC-2015-10-28,text_for_speaker,0,,1
CREC-2015-10-28-pt1-PgS7551-2,CREC-2015-10-28,text_for_speaker,0,,1
CREC-2015-10-28-pt1-PgS7551-3,CREC-2015-10-28,text_for_speaker,0,,1
CREC-2015-10-28-pt1-PgS7551-4,CREC-2015-10-28,text_for_speaker,0,,1
CREC-2015-10-28-pt1-PgS7551-5,CREC-2015-10-28,text_for_speaker,0,,1
CREC-2015-10-28-pt1-PgS7590-2,CREC-2015-10-28,text_for_speaker,0,,1
CREC-2015-10-28-pt1-PgS7590-3,CREC-2015-10-28,text_for_speaker,0,,1
CREC-2015-10-28-pt1-PgS7590,CREC-2015-10-28,text_for_speaker,0,,1
CREC-2015-10-28-pt1-PgS7590-6,CREC-2015-10-28,text_for_speaker,0,,1
CREC-2015-10-28-pt1-PgS7590-5,CREC-2015-10-28,text_for_speaker,0,,1
CREC-2015-10-28-pt1-PgS7590-4,CREC-2015-10-28,text_for_speaker,0,,1
CREC-2015-10-28-pt1-PgS7590-7,CREC-2015-10-28,text_for_speaker,0,,1
CREC-2015-10-28-pt1-PgS7593,CREC-2015-10-28,text_for_speaker,0,,1
CREC-2015-10-28-pt1-PgS7594,CREC-2015-10-28,text_for_speaker,0,,1
CREC-2015-10-28-pt1-PgS7594-2,CREC-2015-10-28,text_for_speaker,0,,1
CREC-2015-10-28-pt1-PgS7594-3,CREC-2015-10-28,text_for_speaker,0,,1
CREC-2015-10-28-pt1-PgS7597,CREC-2015-10-28,text_for_speaker,0,,1
CREC-2015-10-28-pt1-PgS7598,CREC-2015-10-28,text_for_speaker,0,,1
CREC-2015-10-28-pt1-PgS7598-3,CREC-2015-10-28,text_for_speaker,0,,1
CREC-2015-10-28-pt1-PgS7598-2,CREC-2015-10-28,text_for_speaker,0,,1
CREC-2015-10-28-pt1-PgS7598-4,CREC-2015-10-28,text_for_speaker,0,,1
CREC-2015-10-28-pt1-PgS7598-5,CREC-2015-10-28,text_for_speaker,0,,1
CREC-2015-10-28-pt1-PgS7598-6,CREC-2015-10-28,text_for_speaker,0,,1
CREC-2015-10-28-pt1-PgS7598-7,CREC-2015-10-28,text_for_speaker,0,,1
CREC-2015-10-28-pt1-PgS7599-3,CREC-2015-10-28,text_for_speaker,0,,1
CREC-2015-10-28-pt1-PgS7599-4,CREC-2015-10-28,text_for_speaker,0,,1
CREC-2015-10-28-pt1-PgS7600,CREC-2015-10-28,text_for_speaker,0,,1
CREC-2015-10-28-pt1-PgS7600-2,CREC-2015-10-28,text_for_speaker,0,,1
CREC-2015-10-28-pt1-PgD1144,CREC-2015-10-28,text_for_speaker,0,,1
CREC-2015-10-28-pt1-PgE1559-2,CREC-2015-10-28,text_for_speaker,0,,1
CREC-2015-10-28-pt1-PgD1145,CREC-2015-10-28,text_for_speaker,0,,1
CREC-2015-10-28-pt1-PgD1146,CREC-2015-10-28,text_for_speaker,0,,1
CREC-2015-10-28-pt1-PgD1147,CREC-2015-10-28,text_for_speaker,0,,1
CREC-2015-10-28-pt1-PgD1149,CREC-2015-10-28,text_for_speaker,0,,1
CREC-2015-10-28-pt1-PgD1148,CREC-2015-10-28,text_for_speaker,0,,1
CREC-2015-10-29-pt1-PgH-FrontMatter-2,CREC-2015-10-29,text_for_speaker,0,,1
CREC-2015-10-29-pt1-PgH7335,CREC-2015-10-29,text_for_speaker,0,,1
CREC-2015-10-29-pt1-PgH7335-2,CREC-2015-10-29,text_for_speaker,0,,1
CREC-2015-10-29-pt1-PgH7340,CREC-2015-10-29,text_for_speaker,0,,1
CREC-2015-10-29-pt1-PgH7340-2,CREC-2015-10-29,text_for_speaker,0,,1
CREC-2015-10-29-pt1-PgH7340-6,CREC-2015-10-29,text_for_speaker,0,,1
CREC-2015-10-29-pt1-PgH7341,CREC-2015-10-29,text_for_speaker,0,,1
CREC-2015-10-29-pt1-PgH7345,CREC-2015-10-29,text_for_speaker,0,,1
CREC-2015-10-29-pt1-PgH7345-2,CREC-2015-10-29,text_for_speaker,0,,1
CREC-2015-10-29-pt1-PgH7345-3,CREC-2015-10-29,text_for_speaker,0,,1
CREC-2015-10-29-pt1-PgH7347,CREC-2015-10-29,text_for_speaker,0,,1
CREC-2015-10-29-pt1-PgH7346-2,CREC-2015-10-29,text_for_speaker,0,,1
CREC-2015-10-29-pt1-PgH7347-2,CREC-2015-10-29,text_for_speaker,0,,1
CREC-2015-10-29-pt1-PgH7347-3,CREC-2015-10-29,text_for_speaker,0,,1
CREC-2015-10-29-pt1-PgH7347-4,CREC-2015-10-29,text_for_speaker,0,,1
CREC-2015-10-29-pt1-PgH7347-5,CREC-2015-10-29,text_for_speaker,0,,1
CREC-2015-10-29-pt1-PgH7347-6,CREC-2015-10-29,text_for_speaker,0,,1
CREC-2015-10-29-pt1-PgH7347-8,CREC-2015-10-29,text_for_speaker,0,,1
CREC-2015-10-29-pt1-PgH7347-7,CREC-2015-10-29,text_for_speaker,0,,1
CREC-2015-10-29-pt1-PgH7347-9,CREC-2015-10-29,text_for_speaker,0,,1
CREC-2015-10-29-pt1-PgH7347-10,CREC-2015-10-29,text_for_speaker,0,,1
CREC-2015-10-29-pt1-PgH7347-11,CREC-2015-10-29,text_for_speaker,0,,1
CREC-2015-10-29-pt1-PgH7347-12,CREC-2015-10-29,text_for_speaker,0,,1
CREC-2015-10-29-pt1-PgS-FrontMatter-13,CREC-2015-10-29,text_for_speaker,0,,1
CREC-2015-10-29-pt1-PgH7347-13,CREC-2015-10-29,text_for_speaker,0,,1
CREC-2015-10-29-pt1-PgS7601,CREC-2015-10-29,text_for_speaker,0,,1
CREC-2015-10-29-pt1-PgS7601-2,CREC-2015-10-29,text_for_speaker,0,,1
CREC-2015-10-29-pt1-PgS7601-5,CREC-2015-10-29,text_for_speaker,0,,1
CREC-2015-10-29-pt1-PgS7602,CREC-2015-10-29,text_for_speaker,0,,1
CREC-2015-10-29-pt1-PgS7601-6,CREC-2015-10-29,text_for_speaker,0,,1
CREC-2015-10-29-pt1-PgS7654-3,CREC-2015-10-29,text_for_speaker,0,,1
CREC-2015-10-29-pt1-PgS7654-2,CREC-2015-10-29,text_for_speaker,0,,1
CREC-2015-10-29-pt1-PgS7654-4,CREC-2015-10-29,text_for_speaker,0,,1
CREC-2015-10-29-pt1-PgS7654-5,CREC-2015-10-29,text_for_speaker,0,,1
CREC-2015-10-29-pt1-PgS7654-6,CREC-2015-10-29,text_for_speaker,0,,1
CREC-2015-10-29-pt1-PgS7654-8,CREC-2015-10-29,text_for_speaker,0,,1
CREC-2015-10-29-pt1-PgS7654-7,CREC-2015-10-29,text_for_speaker,0,,1
CREC-2015-10-29-pt1-PgS7655,CREC-2015-10-29,text_for_speaker,0,,1
CREC-2015-10-29-pt1-PgS7656,CREC-2015-10-29,text_for_speaker,0,,1
CREC-2015-10-29-pt1-PgS7660,CREC-2015-10-29,text_for_speaker,0,,1
CREC-2015-10-29-pt1-PgS7656-3,CREC-2015-10-29,text_for_speaker,0,,1
CREC-2015-10-29-pt1-PgS7656-2,CREC-2015-10-29,text_for_speaker,0,,1
CREC-2015-10-29-pt1-PgS7660-2,CREC-2015-10-29,text_for_speaker,0,,1
CREC-2015-10-29-pt1-PgS7660-3,CREC-2015-10-29,text_for_speaker,0,,1
CREC-2015-10-29-pt1-PgS7661,CREC-2015-10-29,text_for_speaker,0,,1
CREC-2015-10-29-pt1-PgS7661-3,CREC-2015-10-29,text_for_speaker,0,,1
CREC-2015-10-29-pt1-PgS7661-2,CREC-2015-10-29,text_for_speaker,0,,1
CREC-2015-10-29-pt1-PgS7663-3,CREC-2015-10-29,text_for_speaker,0,,1
CREC-2015-10-29-pt1-PgE1564-2,CREC-2015-10-29,text_for_speaker,0,,1
CREC-2015-10-29-pt1-PgD1152,CREC-2015-10-29,text_for_speaker,0,,1
CREC-2015-10-29-pt1-PgD1153,CREC-2015-10-29,text_for_speaker,0,,1
CREC-2015-10-29-pt1-PgD1154,CREC-2015-10-29,text_for_speaker,0,,1
CREC-2015-10-29-pt1-PgD1155,CREC-2015-10-29,text_for_speaker,0,,1
CREC-2015-10-29-pt1-PgD1155-2,CREC-2015-10-29,text_for_speaker,0,,1
CREC-2015-10-29-pt1-PgD1155-3,CREC-2015-10-29,text_for_speaker,0,,1
CREC-2015-11-03-pt1-PgH-FrontMatter-4,CREC-2015-11-03,text_for_speaker,0,,1
CREC-2015-11-03-pt1-PgH7393-2,CREC-2015-11-03,text_for_speaker,0,,1
CREC-2015-11-03-pt1-PgH7393,CREC-2015-11-03,text_for_speaker,0,,1
CREC-2015-11-03-pt1-PgH7398-4,CREC-2015-11-03,text_for_speaker,0,,1
CREC-2015-11-03-pt1-PgH7398-5,CREC-2015-11-03,text_for_speaker,0,,1
CREC-2015-11-03-pt1-PgH7621,CREC-2015-11-03,text_for_speaker,0,,1
CREC-2015-11-03-pt1-PgH7621-3,CREC-2015-11-03,text_for_speaker,0,,1
CREC-2015-11-03-pt1-PgH7621-4,CREC-2015-11-03,text_for_speaker,0,,1
CREC-2015-11-03-pt1-PgH7621-5,CREC-2015-11-03,text_for_speaker,0,,1
CREC-2015-11-03-pt1-PgH7621-6,CREC-2015-11-03,text_for_speaker,0,,1
CREC-2015-11-03-pt1-PgH7622,CREC-2015-11-03,text_for_speaker,0,,1
CREC-2015-11-03-pt1-PgH7622-2,CREC-2015-11-03,text_for_speaker,0,,1
CREC-2015-11-03-pt1-PgH7622-4,CREC-2015-11-03,text_for_speaker,0,,1
CREC-2015-11-03-pt1-PgH7622-6,CREC-2015-11-03,text_for_speaker,0,,1
CREC-2015-11-03-pt1-PgH7624,CREC-2015-11-03,text_for_speaker,0,,1
CREC-2015-11-03-pt1-PgH7624-3,CREC-2015-11-03,text_for_speaker,0,,1
CREC-2015-11-03-pt1-PgH7624-2,CREC-2015-11-03,text_for_speaker,0,,1
CREC-2015-11-03-pt1-PgH7624-4,CREC-2015-11-03,text_for_speaker,0,,1
CREC-2015-11-03-pt1-PgH7624-6,CREC-2015-11-03,text_for_speaker,0,,1
CREC-2015-11-03-pt1-PgH7624-5,CREC-2015-11-03,text_for_speaker,0,,1
CREC-2015-11-03-pt1-PgH7624-7,CREC-2015-11-03,text_for_speaker,0,,1
CREC-2015-11-03-pt1-PgH7624-10,CREC-2015-11-03,text_for_speaker,0,,1
CREC-2015-11-03-pt1-PgH7624-9,CREC-2015-11-03,text_for_speaker,0,,1
CREC-2015-11-03-pt1-PgH7624-8,CREC-2015-11-03,text_for_speaker,0,,1
CREC-2015-11-03-pt1-PgH7624-12,CREC-2015-11-03,text_for_speaker,0,,1
CREC-2015-11-03-pt1-PgH7624-11,CREC-2015-11-03,text_for_speaker,0,,1
CREC-2015-11-03-pt1-PgH7624-13,CREC-2015-11-03,text_for_speaker,0,,1
CREC-2015-11-03-pt1-PgH7624-15,CREC-2015-11-03,text_for_speaker,0,,1
CREC-2015-11-03-pt1-PgH7624-14,CREC-2015-11-03,text_for_speaker,0,,1
CREC-2015-11-03-pt1-PgH7624-16,CREC-2015-11-03,text_for_speaker,0,,1
CREC-2015-11-03-pt1-PgH7625,CREC-2015-11-03,text_for_speaker,0,,1
CREC-2015-11-03-pt1-PgH7625-3,CREC-2015-11-03,text_for_speaker,0,,1
CREC-2015-11-03-pt1-PgH7625-4,CREC-2015-11-03,text_for_speaker,0,,1
CREC-2015-11-03-pt1-PgH7625-2,CREC-2015-11-03,text_for_speaker,0,,1
CREC-2015-11-03-pt1-PgH7625-5,CREC-2015-11-03,text_for_speaker,0,,1
CREC-2015-11-03-pt1-PgH7625-6,CREC-2015-11-03,text_for_speaker,0,,1
CREC-2015-11-03-pt1-PgH7625-7,CREC-2015-11-03,text_for_speaker,0,,1
CREC-2015-11-03-pt1-PgH7625-9,CREC-2015-11-03,text_for_speaker,0,,1
CREC-2015-11-03-pt1-PgH7625-8,CREC-2015-11-03,text_for_speaker,0,,1
CREC-2015-11-03-pt1-PgH7625-10,CREC-2015-11-03,text_for_speaker,0,,1
CREC-2015-11-03-pt1-PgH7625-11,CREC-2015-11-03,text_for_speaker,0,,1
CREC-2015-11-03-pt1-PgH7625-12,CREC-2015-11-03,text_for_speaker,0,,1
CREC-2015-11-03-pt1-PgH7625-13,CREC-2015-11-03,text_for_speaker,0,,1
CREC-2015-11-03-pt1-PgH7625-14,CREC-2015-11-03,text_for_speaker,0,,1
CREC-2015-11-03-pt1-PgH7625-15,CREC-2015-11-03,text_for_speaker,0,,1
CREC-2015-11-03-pt1-PgH7625-16,CREC-2015-11-03,text_for_speaker,0,,1
CREC-2015-11-03-pt1-PgH7625-18,CREC-2015-11-03,text_for_speaker,0,,1
CREC-2015-11-03-pt1-PgH7625-17,CREC-2015-11-03,text_for_speaker,0,,1
CREC-2015-11-03-pt1-PgH7625-19,CREC-2015-11-03,text_for_speaker,0,,1
CREC-2015-11-03-pt1-PgH7625-20,CREC-2015-11-03,text_for_speaker,0,,1
CREC-2015-11-03-pt1-PgH7625-21,CREC-2015-11-03,text_for_speaker,0,,1
CREC-2015-11-03-pt1-PgH7625-22,CREC-2015-11-03,text_for_speaker,0,,1
CREC-2015-11-03-pt1-PgH7625-23,CREC-2015-11-03,text_for_speaker,0,,1
CREC-2015-11-03-pt1-PgH7625-24,CREC-2015-11-03,text_for_speaker,0,,1
CREC-2015-11-03-pt1-PgH7625-25,CREC-2015-11-03,text_for_speaker,0,,1
CREC-2015-11-03-pt1-PgH7626,CREC-2015-11-03,text_for_speaker,0,,1
CREC-2015-11-03-pt1-PgH7625-26,CREC-2015-11-03,text_for_speaker,0,,1
CREC-2015-11-03-pt1-PgS-FrontMatter,CREC-2015-11-03,text_for_speaker,0,,1
CREC-2015-11-03-pt1-PgS7677,CREC-2015-11-03,text_for_speaker,0,,1
CREC-2015-11-03-pt1-PgS7677-3,CREC-2015-11-03,text_for_speaker,0,,1
CREC-2015-11-03-pt1-PgS7677-6,CREC-2015-11-03,text_for_speaker,0,,1
CREC-2015-11-03-pt1-PgS7678,CREC-2015-11-03,text_for_speaker,0,,1
CREC-2015-11-03-pt1-PgS7678-2,CREC-2015-11-03,text_for_speaker,0,,1
CREC-2015-11-03-pt1-PgS7715-2,CREC-2015-11-03,text_for_speaker,0,,1
CREC-2015-11-03-pt1-PgS7718-3,CREC-2015-11-03,text_for_speaker,0,,1
CREC-2015-11-03-pt1-PgS7718-4,CREC-2015-11-03,text_for_speaker,0,,1
CREC-2015-11-03-pt1-PgS7719,CREC-2015-11-03,text_for_speaker,0,,1
CREC-2015-11-03-pt1-PgS7718-5,CREC-2015-11-03,text_for_speaker,0,,1
CREC-2015-11-03-pt1-PgS7719-2,CREC-2015-11-03,text_for_speaker,0,,1
CREC-2015-11-03-pt1-PgS7719-3,CREC-2015-11-03,text_for_speaker,0,,1
CREC-2015-11-03-pt1-PgS7720,CREC-2015-11-03,text_for_speaker,0,,1
CREC-2015-11-03-pt1-PgS7719-4,CREC-2015-11-03,text_for_speaker,0,,1
CREC-2015-11-03-pt1-PgS7722,CREC-2015-11-03,text_for_speaker,0,,1
CREC-2015-11-03-pt1-PgS7722-3,CREC-2015-11-03,text_for_speaker,0,,1
CREC-2015-11-03-pt1-PgS7722-2,CREC-2015-11-03,text_for_speaker,0,,1
CREC-2015-11-03-pt1-PgS7722-4,CREC-2015-11-03,text_for_speaker,0,,1
CREC-2015-11-03-pt1-PgS7725-3,CREC-2015-11-03,text_for_speaker,0,,1
CREC-2015-11-03-pt1-PgS7726,CREC-2015-11-03,text_for_speaker,0,,1
CREC-2015-11-03-pt1-PgS7726-2,CREC-2015-11-03,text_for_speaker,0,,1
CREC-2015-11-03-pt1-PgS7726-3,CREC-2015-11-03,text_for_speaker,0,,1
CREC-2015-11-03-pt1-PgS7726-4,CREC-2015-11-03,text_for_speaker,0,,1
CREC-2015-11-03-pt1-PgS7726-5,CREC-2015-11-03,text_for_speaker,0,,1
CREC-2015-11-03-pt1-PgE1580-4,CREC-2015-11-03,text_for_speaker,0,,1
CREC-2015-11-03-pt1-PgD1167,CREC-2015-11-03,text_for_speaker,0,,1
CREC-2015-11-03-pt1-PgD1168,CREC-2015-11-03,text_for_speaker,0,,1
CREC-2015-11-03-pt1-PgD1168-2,CREC-2015-11-03,text_for_speaker,0,,1
CREC-2015-11-03-pt1-PgD1172,CREC-2015-11-03,text_for_speaker,0,,1
CREC-2015-11-03-pt1-PgD1174,CREC-2015-11-03,text_for_speaker,0,,1
CREC-2015-11-03-pt1-PgD1176,CREC-2015-11-03,text_for_speaker,0,,1
CREC-2015-11-03-pt1-PgD1175,CREC-2015-11-03,text_for_speaker,0,,1
CREC-2015-11-03-pt1-PgD1177-2,CREC-2015-11-03,text_for_speaker,0,,1
CREC-2015-11-03-pt1-PgD1177,CREC-2015-11-03,text_for_speaker,0,,1
CREC-2015-11-05-pt1-PgH-FrontMatter-3,CREC-2015-11-05,text_for_speaker,0,,1
CREC-2015-11-05-pt1-PgH7745,CREC-2015-11-05,text_for_speaker,0,,1
CREC-2015-11-05-pt1-PgH7745-2,CREC-2015-11-05,text_for_speaker,0,,1
CREC-2015-11-05-pt1-PgH7746,CREC-2015-11-05,text_for_speaker,0,,1
CREC-2015-11-05-pt1-PgH7746-3,CREC-2015-11-05,text_for_speaker,0,,1
CREC-2015-11-05-pt1-PgH7747-4,CREC-2015-11-05,text_for_speaker,0,,1
CREC-2015-11-05-pt1-PgH8149-2,CREC-2015-11-05,text_for_speaker,0,,1
CREC-2015-11-05-pt1-PgH8148-2,CREC-2015-11-05,text_for_speaker,0,,1
CREC-2015-11-05-pt1-PgH8152,CREC-2015-11-05,text_for_speaker,0,,1
CREC-2015-11-05-pt1-PgH8152-2,CREC-2015-11-05,text_for_speaker,0,,1
CREC-2015-11-05-pt1-PgH8152-3,CREC-2015-11-05,text_for_speaker,0,,1
CREC-2015-11-05-pt1-PgH8152-4,CREC-2015-11-05,text_for_speaker,0,,1
CREC-2015-11-05-pt1-PgH8152-5,CREC-2015-11-05,text_for_speaker,0,,1
CREC-2015-11-05-pt1-PgH8152-7,CREC-2015-11-05,text_for_speaker,0,,1
CREC-2015-11-05-pt1-PgH8152-6,CREC-2015-11-05,text_for_speaker,0,,1
CREC-2015-11-05-pt1-PgH8152-8,CREC-2015-11-05,text_for_speaker,0,,1
CREC-2015-11-05-pt1-PgH8153-2,CREC-2015-11-05,text_for_speaker,0,,1
CREC-2015-11-05-pt1-PgH8153,CREC-2015-11-05,text_for_speaker,0,,1
CREC-2015-11-05-pt1-PgH8153-4,CREC-2015-11-05,text_for_speaker,0,,1
CREC-2015-11-05-pt1-PgH8153-3,CREC-2015-11-05,text_for_speaker,0,,1
CREC-2015-11-05-pt1-PgH8153-5,CREC-2015-11-05,text_for_speaker,0,,1
CREC-2015-11-05-pt1-PgH8153-6,CREC-2015-11-05,text_for_speaker,0,,1
CREC-2015-11-05-pt1-PgH8153-7,CREC-2015-11-05,text_for_speaker,0,,1
CREC-2015-11-05-pt1-PgH8153-8,CREC-2015-11-05,text_for_speaker,0,,1
CREC-2015-11-05-pt1-PgH8153-9,CREC-2015-11-05,text_for_speaker,0,,1
CREC-2015-11-05-pt1-PgH8153-10,CREC-2015-11-05,text_for_speaker,0,,1
CREC-2015-11-05-pt1-PgH8153-11,CREC-2015-11-05,text_for_speaker,0,,1
CREC-2015-11-05-pt1-PgH8153-13,CREC-2015-11-05,text_for_speaker,0,,1
CREC-2015-11-05-pt1-PgH8153-12,CREC-2015-11-05,text_for_speaker,0,,1
CREC-2015-11-05-pt1-PgH8153-14,CREC-2015-11-05,text_for_speaker,0,,1
CREC-2015-11-05-pt1-PgH8153-15,CREC-2015-11-05,text_for_speaker,0,,1
CREC-2015-11-05-pt1-PgH8153-17,CREC-2015-11-05,text_for_speaker,0,,1
CREC-2015-11-05-pt1-PgH8153-16,CREC-2015-11-05,text_for_speaker,0,,1
CREC-2015-11-05-pt1-PgH8153-18,CREC-2015-11-05,text_for_speaker,0,,1
CREC-2015-11-05-pt1-PgH8153-19,CREC-2015-11-05,text_for_speaker,0,,1
CREC-2015-11-05-pt1-PgH8153-20,CREC-2015-11-05,text_for_speaker,0,,1
CREC-2015-11-05-pt1-PgH8153-21,CREC-2015-11-05,text_for_speaker,0,,1
CREC-2015-11-05-pt1-PgH8153-22,CREC-2015-11-05,text_for_speaker,0,,1
CREC-2015-11-05-pt1-PgH8153-23,CREC-2015-11-05,text_for_speaker,0,,1
CREC-2015-11-05-pt1-PgH8153-24,CREC-2015-11-05,text_for_speaker,0,,1
CREC-2015-11-05-pt1-PgH8153-25,CREC-2015-11-05,text_for_speaker,0,,1
CREC-2015-11-05-pt1-PgH8153-26,CREC-2015-11-05,text_for_speaker,0,,1
CREC-2015-11-05-pt1-PgH8153-28,CREC-2015-11-05,text_for_speaker,0,,1
CREC-2015-11-05-pt1-PgH8153-27,CREC-2015-11-05,text_for_speaker,0,,1
CREC-2015-11-05-pt1-PgH8153-29,CREC-2015-11-05,text_for_speaker,0,,1
CREC-2015-11-05-pt1-PgH8154,CREC-2015-11-05,text_for_speaker,0,,1
CREC-2015-11-05-pt1-PgH8153-30,CREC-2015-11-05,text_for_speaker,0,,1
CREC-2015-11-05-pt1-PgH8154-2,CREC-2015-11-05,text_for_speaker,0,,1
CREC-2015-11-05-pt1-PgH8154-3,CREC-2015-11-05,text_for_speaker,0,,1
CREC-2015-11-05-pt1-PgH8154-5,CREC-2015-11-05,text_for_speaker,0,,1
CREC-2015-11-05-pt1-PgH8154-6,CREC-2015-11-05,text_for_speaker,0,,1
CREC-2015-11-05-pt1-PgH8154-4,CREC-2015-11-05,text_for_speaker,0,,1
CREC-2015-11-05-pt1-PgH8154-9,CREC-2015-11-05,text_for_speaker,0,,1
CREC-2015-11-05-pt1-PgH8154-7,CREC-2015-11-05,text_for_speaker,0,,1
CREC-2015-11-05-pt1-PgH8154-8,CREC-2015-11-05,text_for_speaker,0,,1
CREC-2015-11-05-pt1-PgH8154-10,CREC-2015-11-05,text_for_speaker,0,,1
CREC-2015-11-05-pt1-PgH8154-11,CREC-2015-11-05,text_for_speaker,0,,1
CREC-2015-11-05-pt1-PgH8154-12,CREC-2015-11-05,text_for_speaker,0,,1
CREC-2015-11-05-pt1-PgH8154-13,CREC-2015-11-05,text_for_speaker,0,,1
CREC-2015-11-05-pt1-PgH8154-14,CREC-2015-11-05,text_for_speaker,0,,1
CREC-2015-11-05-pt1-PgH8154-15,CREC-2015-11-05,text_for_speaker,0,,1
CREC-2015-11-05-pt1-PgH8154-16,CREC-2015-11-05,text_for_speaker,0,,1
CREC-2015-11-05-pt1-PgH8154-17,CREC-2015-11-05,text_for_speaker,0,,1
CREC-2015-11-05-pt1-PgH8154-18,CREC-2015-11-05,text_for_speaker,0,,1
CREC-2015-11-05-pt1-PgH8154-19,CREC-2015-11-05,text_for_speaker,0,,1
CREC-2015-11-05-pt1-PgH8154-20,CREC-2015-11-05,text_for_speaker,0,,1
CREC-2015-11-05-pt1-PgH8154-21,CREC-2015-11-05,text_for_speaker,0,,1
CREC-2015-11-05-pt1-PgH8154-22,CREC-2015-11-05,text_for_speaker,0,,1
CREC-2015-11-05-pt1-PgH8154-23,CREC-2015-11-05,text_for_speaker,0,,1
CREC-2015-11-05-pt1-PgH8154-24,CREC-2015-11-05,text_for_speaker,0,,1
CREC-2015-11-05-pt1-PgH8154-25,CREC-2015-11-05,text_for_speaker,0,,1
CREC-2015-11-05-pt1-PgH8154-26,CREC-2015-11-05,text_for_speaker,0,,1
CREC-2015-11-05-pt1-PgH8154-27,CREC-2015-11-05,text_for_speaker,0,,1
CREC-2015-11-05-pt1-PgH8154-29,CREC-2015-11-05,text_for_speaker,0,,1
CREC-2015-11-05-pt1-PgH8154-28,CREC-2015-11-05,text_for_speaker,0,,1
CREC-2015-11-05-pt1-PgH8154-30,CREC-2015-11-05,text_for_speaker,0,,1
CREC-2015-11-05-pt1-PgH8155,CREC-2015-11-05,text_for_speaker,0,,1
CREC-2015-11-05-pt1-PgS-FrontMatter,CREC-2015-11-05,text_for_speaker,0,,1
CREC-2015-11-05-pt1-PgS7775,CREC-2015-11-05,text_for_speaker,0,,1
CREC-2015-11-05-pt1-PgS7775-2,CREC-2015-11-05,text_for_speaker,0,,1
CREC-2015-11-05-pt1-PgS7775-5,CREC-2015-11-05,text_for_speaker,0,,1
CREC-2015-11-05-pt1-PgS7813-2,CREC-2015-11-05,text_for_speaker,0,,1
CREC-2015-11-05-pt1-PgS7814,CREC-2015-11-05,text_for_speaker,0,,1
CREC-2015-11-05-pt1-PgS7814-2,CREC-2015-11-05,text_for_speaker,0,,1
CREC-2015-11-05-pt1-PgS7815,CREC-2015-11-05,text_for_speaker,0,,1
CREC-2015-11-05-pt1-PgS7814-3,CREC-2015-11-05,text_for_speaker,0,,1
CREC-2015-11-05-pt1-PgS7815-2,CREC-2015-11-05,text_for_speaker,0,,1
CREC-2015-11-05-pt1-PgS7822,CREC-2015-11-05,text_for_speaker,0,,1
CREC-2015-11-05-pt1-PgS7823,CREC-2015-11-05,text_for_speaker,0,,1
CREC-2015-11-05-pt1-PgS7822-2,CREC-2015-11-05,text_for_speaker,0,,1
CREC-2015-11-05-pt1-PgS7823-2,CREC-2015-11-05,text_for_speaker,0,,1
CREC-2015-11-05-pt1-PgS7823-3,CREC-2015-11-05,text_for_speaker,0,,1
CREC-2015-11-05-pt1-PgS7823-4,CREC-2015-11-05,text_for_speaker,0,,1
CREC-2015-11-05-pt1-PgS7832,CREC-2015-11-05,text_for_speaker,0,,1
CREC-2015-11-05-pt1-PgS7831,CREC-2015-11-05,text_for_speaker,0,,1
CREC-2015-11-05-pt1-PgS7823-5,CREC-2015-11-05,text_for_speaker,0,,1
CREC-2015-11-05-pt1-PgS7832-2,CREC-2015-11-05,text_for_speaker,0,,1
CREC-2015-11-05-pt1-PgS7832-3,CREC-2015-11-05,text_for_speaker,0,,1
CREC-2015-11-05-pt1-PgS7832-4,CREC-2015-11-05,text_for_speaker,0,,1
CREC-2015-11-05-pt1-PgS7832-5,CREC-2015-11-05,text_for_speaker,0,,1
CREC-2015-11-05-pt1-PgS7833,CREC-2015-11-05,text_for_speaker,0,,1
CREC-2015-11-05-pt1-PgS7844-2,CREC-2015-11-05,text_for_speaker,0,,1
CREC-2015-11-05-pt1-PgE1600,CREC-2015-11-05,text_for_speaker,0,,1
CREC-2015-11-05-pt1-PgE1611,CREC-2015-11-05,text_for_speaker,0,,1
CREC-2015-11-05-pt1-PgD1191,CREC-2015-11-05,text_for_speaker,0,,1
CREC-2015-11-05-pt1-PgE1614-3,CREC-2015-11-05,text_for_speaker,0,,1
CREC-2015-11-05-pt1-PgD1193,CREC-2015-11-05,text_for_speaker,0,,1
CREC-2015-11-05-pt1-PgD1192,CREC-2015-11-05,text_for_speaker,0,,1
CREC-2015-11-05-pt1-PgD1195-2,CREC-2015-11-05,text_for_speaker,0,,1
CREC-2015-11-05-pt1-PgD1195,CREC-2015-11-05,text_for_speaker,0,,1
CREC-2015-11-05-pt1-PgD1195-3,CREC-2015-11-05,text_for_speaker,0,,1
CREC-2015-11-09-pt1-PgS7845-2,CREC-2015-11-09,text_for_speaker,0,,1
CREC-2015-11-09-pt1-PgS7845-3,CREC-2015-11-09,text_for_speaker,0,,1
CREC-2015-11-09-pt1-PgS7845,CREC-2015-11-09,text_for_speaker,0,,1
CREC-2015-11-09-pt1-PgS7845-5,CREC-2015-11-09,text_for_speaker,0,,1
CREC-2015-11-09-pt1-PgS7845-4,CREC-2015-11-09,text_for_speaker,0,,1
CREC-2015-11-09-pt1-PgS7860-2,CREC-2015-11-09,text_for_speaker,0,,1
CREC-2015-11-09-pt1-PgS7860-3,CREC-2015-11-09,text_for_speaker,0,,1
CREC-2015-11-09-pt1-PgS7860-4,CREC-2015-11-09,text_for_speaker,0,,1
CREC-2015-11-09-pt1-PgS7860-6,CREC-2015-11-09,text_for_speaker,0,,1
CREC-2015-11-09-pt1-PgS7860-5,CREC-2015-11-09,text_for_speaker,0,,1
CREC-2015-11-09-pt1-PgS7860-7,CREC-2015-11-09,text_for_speaker,0,,1
CREC-2015-11-09-pt1-PgS7862,CREC-2015-11-09,text_for_speaker,0,,1
CREC-2015-11-09-pt1-PgS7862-2,CREC-2015-11-09,text_for_speaker,0,,1
CREC-2015-11-09-pt1-PgS7862-3,CREC-2015-11-09,text_for_speaker,0,,1
CREC-2015-11-09-pt1-PgS7863-3,CREC-2015-11-09,text_for_speaker,0,,1
CREC-2015-11-09-pt1-PgS7863-2,CREC-2015-11-09,text_for_speaker,0,,1
CREC-2015-11-09-pt1-PgS7863,CREC-2015-11-09,text_for_speaker,0,,1
CREC-2015-11-09-pt1-PgS7863-4,CREC-2015-11-09,text_for_speaker,0,,1
CREC-2015-11-09-pt1-PgS7863-6,CREC-2015-11-09,text_for_speaker,0,,1
CREC-2015-11-09-pt1-PgS7863-5,CREC-2015-11-09,text_for_speaker,0,,1
CREC-2015-11-09-pt1-PgS7863-7,CREC-2015-11-09,text_for_speaker,0,,1
CREC-2015-11-09-pt1-PgS7864,CREC-2015-11-09,text_for_speaker,0,,1
CREC-2015-11-09-pt1-PgS7864-4,CREC-2015-11-09,text_for_speaker,0,,1
CREC-2015-11-09-pt1-PgS7864-2,CREC-2015-11-09,text_for_speaker,0,,1
CREC-2015-11-09-pt1-PgS7864-3,CREC-2015-11-09,text_for_speaker,0,,1
CREC-2015-11-09-pt1-PgS7864-5,CREC-2015-11-09,text_for_speaker,0,,1
CREC-2015-11-09-pt1-PgS7864-6,CREC-2015-11-09,text_for_speaker,0,,1
CREC-2015-11-09-pt1-PgS7864-7,CREC-2015-11-09,text_for_speaker,0,,1
CREC-2015-11-09-pt1-PgS7865,CREC-2015-11-09,text_for_speaker,0,,1
CREC-2015-11-09-pt1-PgS7865-3,CREC-2015-11-09,text_for_speaker,0,,1
CREC-2015-11-09-pt1-PgS7865-2,CREC-2015-11-09,text_for_speaker,0,,1
CREC-2015-11-09-pt1-PgS7866,CREC-2015-11-09,text_for_speaker,0,,1
CREC-2015-11-09-pt1-PgS7865-4,CREC-2015-11-09,text_for_speaker,0,,1
CREC-2015-11-09-pt1-PgS7866-2,CREC-2015-11-09,text_for_speaker,0,,1
CREC-2015-11-09-pt1-PgS7866-3,CREC-2015-11-09,text_for_speaker,0,,1
CREC-2015-11-09-pt1-PgS7866-4,CREC-2015-11-09,text_for_speaker,0,,1
CREC-2015-11-09-pt1-PgS7867,CREC-2015-11-09,text_for_speaker,0,,1
CREC-2015-11-09-pt1-PgS7867-2,CREC-2015-11-09,text_for_speaker,0,,1
CREC-2015-11-09-pt1-PgS7867-3,CREC-2015-11-09,text_for_speaker,0,,1
CREC-2015-11-09-pt1-PgS7867-4,CREC-2015-11-09,text_for_speaker,0,,1
CREC-2015-11-09-pt1-PgD1198,CREC-2015-11-09,text_for_speaker,0,,1
CREC-2015-11-09-pt1-PgD1199,CREC-2015-11-09,text_for_speaker,0,,1
CREC-2015-11-09-pt1-PgE1615,CREC-2015-11-09,text_for_speaker,0,,1
CREC-2015-11-09-pt1-PgD1199-2,CREC-2015-11-09,text_for_speaker,0,,1
CREC-2015-11-09-pt1-PgD1199-4,CREC-2015-11-09,text_for_speaker,0,,1
CREC-2015-11-09-pt1-PgD1199-3,CREC-2015-11-09,text_for_speaker,0,,1
CREC-2015-11-09-pt1-PgD1201,CREC-2015-11-09,text_for_speaker,0,,1
CREC-2015-11-09-pt1-PgD1200,CREC-2015-11-09,text_for_speaker,0,,1
CREC-2015-11-10-pt1-PgS7869,CREC-2015-11-10,text_for_speaker,0,,1
CREC-2015-11-10-pt1-PgS7869-2,CREC-2015-11-10,text_for_speaker,0,,1
CREC-2015-11-10-pt1-PgS7869-3,CREC-2015-11-10,text_for_speaker,0,,1
CREC-2015-11-10-pt1-PgS7869-6,CREC-2015-11-10,text_for_speaker,0,,1
CREC-2015-11-10-pt1-PgS7869-4,CREC-2015-11-10,text_for_speaker,0,,1
CREC-2015-11-10-pt1-PgS7869-5,CREC-2015-11-10,text_for_speaker,0,,1
CREC-2015-11-10-pt1-PgS7911,CREC-2015-11-10,text_for_speaker,0,,1
CREC-2015-11-10-pt1-PgS7911-2,CREC-2015-11-10,text_for_speaker,0,,1
CREC-2015-11-10-pt1-PgS7911-4,CREC-2015-11-10,text_for_speaker,0,,1
CREC-2015-11-10-pt1-PgS7912,CREC-2015-11-10,text_for_speaker,0,,1
CREC-2015-11-10-pt1-PgS7911-3,CREC-2015-11-10,text_for_speaker,0,,1
CREC-2015-11-10-pt1-PgS7913,CREC-2015-11-10,text_for_speaker,0,,1
CREC-2015-11-10-pt1-PgS7912-2,CREC-2015-11-10,text_for_speaker,0,,1
CREC-2015-11-10-pt1-PgS7913-2,CREC-2015-11-10,text_for_speaker,0,,1
CREC-2015-11-10-pt1-PgS7917,CREC-2015-11-10,text_for_speaker,0,,1
CREC-2015-11-10-pt1-PgS7918,CREC-2015-11-10,text_for_speaker,0,,1
CREC-2015-11-10-pt1-PgS7918-3,CREC-2015-11-10,text_for_speaker,0,,1
CREC-2015-11-10-pt1-PgS7918-2,CREC-2015-11-10,text_for_speaker,0,,1
CREC-2015-11-10-pt1-PgS7918-4,CREC-2015-11-10,text_for_speaker,0,,1
CREC-2015-11-10-pt1-PgS7918-5,CREC-2015-11-10,text_for_speaker,0,,1
CREC-2015-11-10-pt1-PgS7919,CREC-2015-11-10,text_for_speaker,0,,1
CREC-2015-11-10-pt1-PgS7919-2,CREC-2015-11-10,text_for_speaker,0,,1
CREC-2015-11-10-pt1-PgS7931,CREC-2015-11-10,text_for_speaker,0,,1
CREC-2015-11-10-pt1-PgS7932,CREC-2015-11-10,text_for_speaker,0,,1
CREC-2015-11-10-pt1-PgS7919-3,CREC-2015-11-10,text_for_speaker,0,,1
CREC-2015-11-10-pt1-PgS7932-3,CREC-2015-11-10,text_for_speaker,0,,1
CREC-2015-11-10-pt1-PgS7932-4,CREC-2015-11-10,text_for_speaker,0,,1
CREC-2015-11-10-pt1-PgS7932-2,CREC-2015-11-10,text_for_speaker,0,,1
CREC-2015-11-10-pt1-PgS7933,CREC-2015-11-10,text_for_speaker,0,,1
CREC-2015-11-10-pt1-PgS7933-2,CREC-2015-11-10,text_for_speaker,0,,1
CREC-2015-11-10-pt1-PgS7933-3,CREC-2015-11-10,text_for_speaker,0,,1
CREC-2015-11-10-pt1-PgS7938,CREC-2015-11-10,text_for_speaker,0,,1
CREC-2015-11-10-pt1-PgS7933-4,CREC-2015-11-10,text_for_speaker,0,,1
CREC-2015-11-10-pt1-PgS7938-2,CREC-2015-11-10,text_for_speaker,0,,1
CREC-2015-11-10-pt1-PgS7938-3,CREC-2015-11-10,text_for_speaker,0,,1
CREC-2015-11-10-pt1-PgS7957-2,CREC-2015-11-10,text_for_speaker,0,,1
CREC-2015-11-10-pt1-PgS7957-3,CREC-2015-11-10,text_for_speaker,0,,1
CREC-2015-11-10-pt1-PgD1203,CREC-2015-11-10,text_for_speaker,0,,1
CREC-2015-11-10-pt1-PgD1207,CREC-2015-11-10,text_for_speaker,0,,1
CREC-2015-11-10-pt1-PgD1205,CREC-2015-11-10,text_for_speaker,0,,1
CREC-2015-11-10-pt1-PgD1207-2,CREC-2015-11-10,text_for_speaker,0,,1
CREC-2015-11-10-pt1-PgD1207-3,CREC-2015-11-10,text_for_speaker,0,,1
CREC-2015-11-10-pt1-PgD1207-4,CREC-2015-11-10,text_for_speaker,0,,1
CREC-2015-11-10-pt1-PgD1207-5,CREC-2015-11-10,text_for_speaker,0,,1
CREC-2015-11-17-pt1-PgH8245-2,CREC-2015-11-17,text_for_speaker,0,,1
CREC-2015-11-17-pt1-PgH8245,CREC-2015-11-17,text_for_speaker,0,,1
CREC-2015-11-17-pt1-PgH-FrontMatter-4,CREC-2015-11-17,text_for_speaker,0,,1
CREC-2015-11-17-pt1-PgH8249,CREC-2015-11-17,text_for_speaker,0,,1
CREC-2015-11-17-pt1-PgH8250-5,CREC-2015-11-17,text_for_speaker,0,,1
CREC-2015-11-17-pt1-PgH8250-6,CREC-2015-11-17,text_for_speaker,0,,1
CREC-2015-11-17-pt1-PgH8253-6,CREC-2015-11-17,text_for_speaker,0,,1
CREC-2015-11-17-pt1-PgH8260-2,CREC-2015-11-17,text_for_speaker,0,,1
CREC-2015-11-17-pt1-PgH8277-2,CREC-2015-11-17,text_for_speaker,0,,1
CREC-2015-11-17-pt1-PgH8277-3,CREC-2015-11-17,text_for_speaker,0,,1
CREC-2015-11-17-pt1-PgH8277-4,CREC-2015-11-17,text_for_speaker,0,,1
CREC-2015-11-17-pt1-PgH8278-2,CREC-2015-11-17,text_for_speaker,0,,1
CREC-2015-11-17-pt1-PgH8278-5,CREC-2015-11-17,text_for_speaker,0,,1
CREC-2015-11-17-pt1-PgH8278-4,CREC-2015-11-17,text_for_speaker,0,,1
CREC-2015-11-17-pt1-PgH8278-7,CREC-2015-11-17,text_for_speaker,0,,1
CREC-2015-11-17-pt1-PgH8279-2,CREC-2015-11-17,text_for_speaker,0,,1
CREC-2015-11-17-pt1-PgH8280-2,CREC-2015-11-17,text_for_speaker,0,,1
CREC-2015-11-17-pt1-PgH8280,CREC-2015-11-17,text_for_speaker,0,,1
CREC-2015-11-17-pt1-PgH8280-3,CREC-2015-11-17,text_for_speaker,0,,1
CREC-2015-11-17-pt1-PgH8280-4,CREC-2015-11-17,text_for_speaker,0,,1
CREC-2015-11-17-pt1-PgH8280-5,CREC-2015-11-17,text_for_speaker,0,,1
CREC-2015-11-17-pt1-PgH8280-6,CREC-2015-11-17,text_for_speaker,0,,1
CREC-2015-11-17-pt1-PgH8280-7,CREC-2015-11-17,text_for_speaker,0,,1
CREC-2015-11-17-pt1-PgH8280-10,CREC-2015-11-17,text_for_speaker,0,,1
CREC-2015-11-17-pt1-PgH8280-8,CREC-2015-11-17,text_for_speaker,0,,1
CREC-2015-11-17-pt1-PgH8280-9,CREC-2015-11-17,text_for_speaker,0,,1
CREC-2015-11-17-pt1-PgH8280-11,CREC-2015-11-17,text_for_speaker,0,,1
CREC-2015-11-17-pt1-PgH8280-12,CREC-2015-11-17,text_for_speaker,0,,1
CREC-2015-11-17-pt1-PgH8280-13,CREC-2015-11-17,text_for_speaker,0,,1
CREC-2015-11-17-pt1-PgH8280-15,CREC-2015-11-17,text_for_speaker,0,,1
CREC-2015-11-17-pt1-PgH8280-14,CREC-2015-11-17,text_for_speaker,0,,1
CREC-2015-11-17-pt1-PgH8280-16,CREC-2015-11-17,text_for_speaker,0,,1
CREC-2015-11-17-pt1-PgH8280-18,CREC-2015-11-17,text_for_speaker,0,,1
CREC-2015-11-17-pt1-PgH8280-17,CREC-2015-11-17,text_for_speaker,0,,1
CREC-2015-11-17-pt1-PgH8280-19,CREC-2015-11-17,text_for_speaker,0,,1
CREC-2015-11-17-pt1-PgH8280-21,CREC-2015-11-17,text_for_speaker,0,,1
CREC-2015-11-17-pt1-PgH8280-20,CREC-2015-11-17,text_for_speaker,0,,1
CREC-2015-11-17-pt1-PgH8281,CREC-2015-11-17,text_for_speaker,0,,1
CREC-2015-11-17-pt1-PgH8281-3,CREC-2015-11-17,text_for_speaker,0,,1
CREC-2015-11-17-pt1-PgH8281-2,CREC-2015-11-17,text_for_speaker,0,,1
CREC-2015-11-17-pt1-PgH8281-4,CREC-2015-11-17,text_for_speaker,0,,1
CREC-2015-11-17-pt1-PgH8281-5,CREC-2015-11-17,text_for_speaker,0,,1
CREC-2015-11-17-pt1-PgH8281-6,CREC-2015-11-17,text_for_speaker,0,,1
CREC-2015-11-17-pt1-PgH8281-8,CREC-2015-11-17,text_for_speaker,0,,1
CREC-2015-11-17-pt1-PgH8281-9,CREC-2015-11-17,text_for_speaker,0,,1
CREC-2015-11-17-pt1-PgH8281-7,CREC-2015-11-17,text_for_speaker,0,,1
CREC-2015-11-17-pt1-PgH8281-11,CREC-2015-11-17,text_for_speaker,0,,1
CREC-2015-11-17-pt1-PgH8281-10,CREC-2015-11-17,text_for_speaker,0,,1
CREC-2015-11-17-pt1-PgH8281-12,CREC-2015-11-17,text_for_speaker,0,,1
CREC-2015-11-17-pt1-PgH8281-13,CREC-2015-11-17,text_for_speaker,0,,1
CREC-2015-11-17-pt1-PgH8282,CREC-2015-11-17,text_for_speaker,0,,1
CREC-2015-11-17-pt1-PgH8282-2,CREC-2015-11-17,text_for_speaker,0,,1
CREC-2015-11-17-pt1-PgS-FrontMatter-2,CREC-2015-11-17,text_for_speaker,0,,1
CREC-2015-11-17-pt1-PgS7973,CREC-2015-11-17,text_for_speaker,0,,1
CREC-2015-11-17-pt1-PgS7973-3,CREC-2015-11-17,text_for_speaker,0,,1
CREC-2015-11-17-pt1-PgS7973-2,CREC-2015-11-17,text_for_speaker,0,,1
CREC-2015-11-17-pt1-PgS7973-4,CREC-2015-11-17,text_for_speaker,0,,1
CREC-2015-11-17-pt1-PgS7973-7,CREC-2015-11-17,text_for_speaker,0,,1
CREC-2015-11-17-pt1-PgS7974,CREC-2015-11-17,text_for_speaker,0,,1
CREC-2015-11-17-pt1-PgS7973-8,CREC-2015-11-17,text_for_speaker,0,,1
CREC-2015-11-17-pt1-PgS8014,CREC-2015-11-17,text_for_speaker,0,,1
CREC-2015-11-17-pt1-PgS8014-2,CREC-2015-11-17,text_for_speaker,0,,1
CREC-2015-11-17-pt1-PgS8015,CREC-2015-11-17,text_for_speaker,0,,1
CREC-2015-11-17-pt1-PgS8014-3,CREC-2015-11-17,text_for_speaker,0,,1
CREC-2015-11-17-pt1-PgS8015-2,CREC-2015-11-17,text_for_speaker,0,,1
CREC-2015-11-17-pt1-PgS8015-3,CREC-2015-11-17,text_for_speaker,0,,1
CREC-2015-11-17-pt1-PgS8019,CREC-2015-11-17,text_for_speaker,0,,1
CREC-2015-11-17-pt1-PgS8015-4,CREC-2015-11-17,text_for_speaker,0,,1
CREC-2015-11-17-pt1-PgS8020,CREC-2015-11-17,text_for_speaker,0,,1
CREC-2015-11-17-pt1-PgS8021,CREC-2015-11-17,text_for_speaker,0,,1
CREC-2015-11-17-pt1-PgS8021-2,CREC-2015-11-17,text_for_speaker,0,,1
CREC-2015-11-17-pt1-PgS8023-2,CREC-2015-11-17,text_for_speaker,0,,1
CREC-2015-11-17-pt1-PgS8024,CREC-2015-11-17,text_for_speaker,0,,1
CREC-2015-11-17-pt1-PgS8024-2,CREC-2015-11-17,text_for_speaker,0,,1
CREC-2015-11-17-pt1-PgS8024-4,CREC-2015-11-17,text_for_speaker,0,,1
CREC-2015-11-17-pt1-PgS8024-3,CREC-2015-11-17,text_for_speaker,0,,1
CREC-2015-11-17-pt1-PgS8026,CREC-2015-11-17,text_for_speaker,0,,1
CREC-2015-11-17-pt1-PgS8028,CREC-2015-11-17,text_for_speaker,0,,1
CREC-2015-11-17-pt1-PgE1634,CREC-2015-11-17,text_for_speaker,0,,1
CREC-2015-11-17-pt1-PgE1639-5,CREC-2015-11-17,text_for_speaker,0,,1
CREC-2015-11-17-pt1-PgD1219,CREC-2015-11-17,text_for_speaker,0,,1
CREC-2015-11-17-pt1-PgD1220,CREC-2015-11-17,text_for_speaker,0,,1
CREC-2015-11-17-pt1-PgD1223,CREC-2015-11-17,text_for_speaker,0,,1
CREC-2015-11-17-pt1-PgD1221,CREC-2015-11-17,text_for_speaker,0,,1
CREC-2015-11-17-pt1-PgD1227,CREC-2015-11-17,text_for_speaker,0,,1
CREC-2015-11-17-pt1-PgD1225,CREC-2015-11-17,text_for_speaker,0,,1
CREC-2015-11-18-pt1-PgH8283-2,CREC-2015-11-18,text_for_speaker,0,,1
CREC-2015-11-18-pt1-PgH-FrontMatter-2,CREC-2015-11-18,text_for_speaker,0,,1
CREC-2015-11-18-pt1-PgH8283,CREC-2015-11-18,text_for_speaker,0,,1
CREC-2015-11-18-pt1-PgH8289-2,CREC-2015-11-18,text_for_speaker,0,,1
CREC-2015-11-18-pt1-PgH8289-3,CREC-2015-11-18,text_for_speaker,0,,1
CREC-2015-11-18-pt1-PgH8289-7,CREC-2015-11-18,text_for_speaker,0,,1
CREC-2015-11-18-pt1-PgH8291-2,CREC-2015-11-18,text_for_speaker,0,,1
CREC-2015-11-18-pt1-PgH8292-4,CREC-2015-11-18,text_for_speaker,0,,1
CREC-2015-11-18-pt1-PgH8292-5,CREC-2015-11-18,text_for_speaker,0,,1
CREC-2015-11-18-pt1-PgH8292-6,CREC-2015-11-18,text_for_speaker,0,,1
CREC-2015-11-18-pt1-PgH8323,CREC-2015-11-18,text_for_speaker,0,,1
CREC-2015-11-18-pt1-PgH8350,CREC-2015-11-18,text_for_speaker,0,,1
CREC-2015-11-18-pt1-PgH8353,CREC-2015-11-18,text_for_speaker,0,,1
CREC-2015-11-18-pt1-PgH8358-2,CREC-2015-11-18,text_for_speaker,0,,1
CREC-2015-11-18-pt1-PgH8353-3,CREC-2015-11-18,text_for_speaker,0,,1
CREC-2015-11-18-pt1-PgH8359-2,CREC-2015-11-18,text_for_speaker,0,,1
CREC-2015-11-18-pt1-PgH8360,CREC-2015-11-18,text_for_speaker,0,,1
CREC-2015-11-18-pt1-PgH8360-2,CREC-2015-11-18,text_for_speaker,0,,1
CREC-2015-11-18-pt1-PgH8360-3,CREC-2015-11-18,text_for_speaker,0,,1
CREC-2015-11-18-pt1-PgH8360-4,CREC-2015-11-18,text_for_speaker,0,,1
CREC-2015-11-18-pt1-PgH8360-5,CREC-2015-11-18,text_for_speaker,0,,1
CREC-2015-11-18-pt1-PgH8360-6,CREC-2015-11-18,text_for_speaker,0,,1
CREC-2015-11-18-pt1-PgH8360-7,CREC-2015-11-18,text_for_speaker,0,,1
CREC-2015-11-18-pt1-PgH8361,CREC-2015-11-18,text_for_speaker,0,,1
CREC-2015-11-18-pt1-PgH8361-2,CREC-2015-11-18,text_for_speaker,0,,1
CREC-2015-11-18-pt1-PgH8361-3,CREC-2015-11-18,text_for_speaker,0,,1
CREC-2015-11-18-pt1-PgH8361-4,CREC-2015-11-18,text_for_speaker,0,,1
CREC-2015-11-18-pt1-PgH8361-5,CREC-2015-11-18,text_for_speaker,0,,1
CREC-2015-11-18-pt1-PgH8361-6,CREC-2015-11-18,text_for_speaker,0,,1
CREC-2015-11-18-pt1-PgH8361-7,CREC-2015-11-18,text_for_speaker,0,,1
CREC-2015-11-18-pt1-PgH8361-8,CREC-2015-11-18,text_for_speaker,0,,1
CREC-2015-11-18-pt1-PgH8361-9,CREC-2015-11-18,text_for_speaker,0,,1
CREC-2015-11-18-pt1-PgH8361-10,CREC-2015-11-18,text_for_speaker,0,,1
CREC-2015-11-18-pt1-PgH8361-12,CREC-2015-11-18,text_for_speaker,0,,1
CREC-2015-11-18-pt1-PgH8361-11,CREC-2015-11-18,text_for_speaker,0,,1
CREC-2015-11-18-pt1-PgH8361-13,CREC-2015-11-18,text_for_speaker,0,,1
CREC-2015-11-18-pt1-PgH8361-14,CREC-2015-11-18,text_for_speaker,0,,1
CREC-2015-11-18-pt1-PgH8361-15,CREC-2015-11-18,text_for_speaker,0,,1
CREC-2015-11-18-pt1-PgH8361-16,CREC-2015-11-18,text_for_speaker,0,,1
CREC-2015-11-18-pt1-PgH8361-17,CREC-2015-11-18,text_for_speaker,0,,1
CREC-2015-11-18-pt1-PgH8361-18,CREC-2015-11-18,text_for_speaker,0,,1
CREC-2015-11-18-pt1-PgH8361-19,CREC-2015-11-18,text_for_speaker,0,,1
CREC-2015-11-18-pt1-PgH8361-20,CREC-2015-11-18,text_for_speaker,0,,1
CREC-2015-11-18-pt1-PgH8362,CREC-2015-11-18,text_for_speaker,0,,1
CREC-2015-11-18-pt1-PgH8362-2,CREC-2015-11-18,text_for_speaker,0,,1
CREC-2015-11-18-pt1-PgH8362-3,CREC-2015-11-18,text_for_speaker,0,,1
CREC-2015-11-18-pt1-PgS-FrontMatter-3,CREC-2015-11-18,text_for_speaker,0,,1
CREC-2015-11-18-pt1-PgS8029,CREC-2015-11-18,text_for_speaker,0,,1
CREC-2015-11-18-pt1-PgS8029-2,CREC-2015-11-18,text_for_speaker,0,,1
CREC-2015-11-18-pt1-PgS8029-3,CREC-2015-11-18,text_for_speaker,0,,1
CREC-2015-11-18-pt1-PgS8029-4,CREC-2015-11-18,text_for_speaker,0,,1
CREC-2015-11-18-pt1-PgS8029-5,CREC-2015-11-18,text_for_speaker,0,,1
CREC-2015-11-18-pt1-PgS8078-3,CREC-2015-11-18,text_for_speaker,0,,1
CREC-2015-11-18-pt1-PgS8078-4,CREC-2015-11-18,text_for_speaker,0,,1
CREC-2015-11-18-pt1-PgS8078-2,CREC-2015-11-18,text_for_speaker,0,,1
CREC-2015-11-18-pt1-PgS8078-5,CREC-2015-11-18,text_for_speaker,0,,1
CREC-2015-11-18-pt1-PgS8078-6,CREC-2015-11-18,text_for_speaker,0,,1
CREC-2015-11-18-pt1-PgS8079,CREC-2015-11-18,text_for_speaker,0,,1
CREC-2015-11-18-pt1-PgS8079-2,CREC-2015-11-18,text_for_speaker,0,,1
CREC-2015-11-18-pt1-PgS8079-4,CREC-2015-11-18,text_for_speaker,0,,1
CREC-2015-11-18-pt1-PgS8079-5,CREC-2015-11-18,text_for_speaker,0,,1
CREC-2015-11-18-pt1-PgS8080,CREC-2015-11-18,text_for_speaker,0,,1
CREC-2015-11-18-pt1-PgS8082,CREC-2015-11-18,text_for_speaker,0,,1
CREC-2015-11-18-pt1-PgS8082-2,CREC-2015-11-18,text_for_speaker,0,,1
CREC-2015-11-18-pt1-PgS8081-3,CREC-2015-11-18,text_for_speaker,0,,1
CREC-2015-11-18-pt1-PgS8082-4,CREC-2015-11-18,text_for_speaker,0,,1
CREC-2015-11-18-pt1-PgS8082-3,CREC-2015-11-18,text_for_speaker,0,,1
CREC-2015-11-18-pt1-PgS8105,CREC-2015-11-18,text_for_speaker,0,,1
CREC-2015-11-18-pt1-PgS8083-2,CREC-2015-11-18,text_for_speaker,0,,1
CREC-2015-11-18-pt1-PgS8083,CREC-2015-11-18,text_for_speaker,0,,1
CREC-2015-11-18-pt1-PgS8105-2,CREC-2015-11-18,text_for_speaker,0,,1
CREC-2015-11-18-pt1-PgS8106,CREC-2015-11-18,text_for_speaker,0,,1
CREC-2015-11-18-pt1-PgS8106-2,CREC-2015-11-18,text_for_speaker,0,,1
CREC-2015-11-18-pt1-PgS8106-3,CREC-2015-11-18,text_for_speaker,0,,2
CREC-2015-11-18-pt1-PgS8106-4,CREC-2015-11-18,text_for_speaker,0,,1
CREC-2015-11-18-pt1-PgS8106-5,CREC-2015-11-18,text_for_speaker,0,,1
CREC-2015-11-18-pt1-PgS8106-6,CREC-2015-11-18,text_for_speaker,0,,1
CREC-2015-11-18-pt1-PgS8106-7,CREC-2015-11-18,text_for_speaker,0,,1
CREC-2015-11-18-pt1-PgS8107,CREC-2015-11-18,text_for_speaker,0,,1
CREC-2015-11-18-pt1-PgS8107-3,CREC-2015-11-18,text_for_speaker,0,,1
CREC-2015-11-18-pt1-PgS8107-4,CREC-2015-11-18,text_for_speaker,0,,1
CREC-2015-11-18-pt1-PgS8107-2,CREC-2015-11-18,text_for_speaker,0,,1
CREC-2015-11-18-pt1-PgS8107-7,CREC-2015-11-18,text_for_speaker,0,,1
CREC-2015-11-18-pt1-PgS8107-6,CREC-2015-11-18,text_for_speaker,0,,1
CREC-2015-11-18-pt1-PgS8107-5,CREC-2015-11-18,text_for_speaker,0,,1
CREC-2015-11-18-pt1-PgS8107-8,CREC-2015-11-18,text_for_speaker,0,,1
CREC-2015-11-18-pt1-PgS8107-9,CREC-2015-11-18,text_for_speaker,0,,1
CREC-2015-11-18-pt1-PgS8108,CREC-2015-11-18,text_for_speaker,0,,1
CREC-2015-11-18-pt1-PgS8108-3,CREC-2015-11-18,text_for_speaker,0,,1
CREC-2015-11-18-pt1-PgS8108-2,CREC-2015-11-18,text_for_speaker,0,,1
CREC-2015-11-18-pt1-PgS8108-4,CREC-2015-11-18,text_for_speaker,0,,1
CREC-2015-11-18-pt1-PgS8109-2,CREC-2015-11-18,text_for_speaker,0,,1
CREC-2015-11-18-pt1-PgS8109-3,CREC-2015-11-18,text_for_speaker,0,,1
CREC-2015-11-18-pt1-PgS8109,CREC-2015-11-18,text_for_speaker,0,,1
CREC-2015-11-18-pt1-PgS8109-4,CREC-2015-11-18,text_for_speaker,0,,1
CREC-2015-11-18-pt1-PgS8109-5,CREC-2015-11-18,text_for_speaker,0,,1
CREC-2015-11-18-pt1-PgS8109-6,CREC-2015-11-18,text_for_speaker,0,,1
CREC-2015-11-18-pt1-PgS8109-7,CREC-2015-11-18,text_for_speaker,0,,1
CREC-2015-11-18-pt1-PgS8109-8,CREC-2015-11-18,text_for_speaker,0,,1
CREC-2015-11-18-pt1-PgS8110,CREC-2015-11-18,text_for_speaker,0,,1
CREC-2015-11-18-pt1-PgS8109-9,CREC-2015-11-18,text_for_speaker,0,,1
CREC-2015-11-18-pt1-PgS8110-3,CREC-2015-11-18,text_for_speaker,0,,1
CREC-2015-11-18-pt1-PgS8110-2,CREC-2015-11-18,text_for_speaker,0,,1
CREC-2015-11-18-pt1-PgS8110-4,CREC-2015-11-18,text_for_speaker,0,,1
CREC-2015-11-18-pt1-PgS8110-5,CREC-2015-11-18,text_for_speaker,0,,1
CREC-2015-11-18-pt1-PgS8110-6,CREC-2015-11-18,text_for_speaker,0,,1
CREC-2015-11-18-pt1-PgS8110-7,CREC-2015-11-18,text_for_speaker,0,,1
CREC-2015-11-18-pt1-PgS8111,CREC-2015-11-18,text_for_speaker,0,,1
CREC-2015-11-18-pt1-PgS8110-8,CREC-2015-11-18,text_for_speaker,0,,1
CREC-2015-11-18-pt1-PgS8111-2,CREC-2015-11-18,text_for_speaker,0,,1
CREC-2015-11-18-pt1-PgS8111-3,CREC-2015-11-18,text_for_speaker,0,,1
CREC-2015-11-18-pt1-PgE1645-2,CREC-2015-11-18,text_for_speaker,0,,1
CREC-2015-11-18-pt1-PgS8112-5,CREC-2015-11-18,text_for_speaker,0,,1
CREC-2015-11-18-pt1-PgE1645-5,CREC-2015-11-18,text_for_speaker,0,,1
CREC-2015-11-18-pt1-PgE1647-6,CREC-2015-11-18,text_for_speaker,0,,1
CREC-2015-11-18-pt1-PgE1649-3,CREC-2015-11-18,text_for_speaker,0,,1
CREC-2015-11-18-pt1-PgE1651-2,CREC-2015-11-18,text_for_speaker,0,,1
CREC-2015-11-18-pt1-PgD1230,CREC-2015-11-18,text_for_speaker,0,,1
CREC-2015-11-18-pt1-PgD1233,CREC-2015-11-18,text_for_speaker,0,,1
CREC-2015-11-18-pt1-PgD1231,CREC-2015-11-18,text_for_speaker,0,,1
CREC-2015-11-18-pt1-PgD1236,CREC-2015-11-18,text_for_speaker,0,,1
CREC-2015-11-18-pt1-PgD1237,CREC-2015-11-18,text_for_speaker,0,,1
CREC-2015-11-18-pt1-PgD1234,CREC-2015-11-18,text_for_speaker,0,,1
CREC-2015-11-19-pt1-PgH8365,CREC-2015-11-19,text_for_speaker,0,,1
CREC-2015-11-19-pt1-PgH-FrontMatter-2,CREC-2015-11-19,text_for_speaker,0,,1
CREC-2015-11-19-pt1-PgH8365-2,CREC-2015-11-19,text_for_speaker,0,,1
CREC-2015-11-19-pt1-PgH8365-3,CREC-2015-11-19,text_for_speaker,0,,1
CREC-2015-11-19-pt1-PgH8366,CREC-2015-11-19,text_for_speaker,0,,1
CREC-2015-11-19-pt1-PgH8400,CREC-2015-11-19,text_for_speaker,0,,1
CREC-2015-11-19-pt1-PgH8400-3,CREC-2015-11-19,text_for_speaker,0,,1
CREC-2015-11-19-pt1-PgH8401-6,CREC-2015-11-19,text_for_speaker,0,,1
CREC-2015-11-19-pt1-PgH8408,CREC-2015-11-19,text_for_speaker,0,,1
CREC-2015-11-19-pt1-PgH8408-2,CREC-2015-11-19,text_for_speaker,0,,1
CREC-2015-11-19-pt1-PgH8408-4,CREC-2015-11-19,text_for_speaker,0,,1
CREC-2015-11-19-pt1-PgH8412,CREC-2015-11-19,text_for_speaker,0,,1
CREC-2015-11-19-pt1-PgH8409-2,CREC-2015-11-19,text_for_speaker,0,,1
CREC-2015-11-19-pt1-PgH8412-2,CREC-2015-11-19,text_for_speaker,0,,1
CREC-2015-11-19-pt1-PgH8412-3,CREC-2015-11-19,text_for_speaker,0,,1
CREC-2015-11-19-pt1-PgH8412-4,CREC-2015-11-19,text_for_speaker,0,,1
CREC-2015-11-19-pt1-PgH8412-5,CREC-2015-11-19,text_for_speaker,0,,1
CREC-2015-11-19-pt1-PgH8412-6,CREC-2015-11-19,text_for_speaker,0,,1
CREC-2015-11-19-pt1-PgH8412-7,CREC-2015-11-19,text_for_speaker,0,,1
CREC-2015-11-19-pt1-PgH8413,CREC-2015-11-19,text_for_speaker,0,,1
CREC-2015-11-19-pt1-PgH8413-2,CREC-2015-11-19,text_for_speaker,0,,1
CREC-2015-11-19-pt1-PgH8413-3,CREC-2015-11-19,text_for_speaker,0,,1
CREC-2015-11-19-pt1-PgH8413-5,CREC-2015-11-19,text_for_speaker,0,,1
CREC-2015-11-19-pt1-PgH8413-6,CREC-2015-11-19,text_for_speaker,0,,1
CREC-2015-11-19-pt1-PgH8413-4,CREC-2015-11-19,text_for_speaker,0,,1
CREC-2015-11-19-pt1-PgH8413-7,CREC-2015-11-19,text_for_speaker,0,,1
CREC-2015-11-19-pt1-PgH8413-8,CREC-2015-11-19,text_for_speaker,0,,1
CREC-2015-11-19-pt1-PgH8413-9,CREC-2015-11-19,text_for_speaker,0,,1
CREC-2015-11-19-pt1-PgH8413-10,CREC-2015-11-19,text_for_speaker,0,,1
CREC-2015-11-19-pt1-PgH8413-11,CREC-2015-11-19,text_for_speaker,0,,1
CREC-2015-11-19-pt1-PgH8413-12,CREC-2015-11-19,text_for_speaker,0,,1
CREC-2015-11-19-pt1-PgH8413-13,CREC-2015-11-19,text_for_speaker,0,,1
CREC-2015-11-19-pt1-PgH8413-14,CREC-2015-11-19,text_for_speaker,0,,1
CREC-2015-11-19-pt1-PgH8413-15,CREC-2015-11-19,text_for_speaker,0,,1
CREC-2015-11-19-pt1-PgH8413-18,CREC-2015-11-19,text_for_speaker,0,,1
CREC-2015-11-19-pt1-PgH8413-16,CREC-2015-11-19,text_for_speaker,0,,1
CREC-2015-11-19-pt1-PgH8413-17,CREC-2015-11-19,text_for_speaker,0,,1
CREC-2015-11-19-pt1-PgH8413-19,CREC-2015-11-19,text_for_speaker,0,,1
CREC-2015-11-19-pt1-PgH8413-20,CREC-2015-11-19,text_for_speaker,0,,1
CREC-2015-11-19-pt1-PgH8413-21,CREC-2015-11-19,text_for_speaker,0,,1
CREC-2015-11-19-pt1-PgH8413-22,CREC-2015-11-19,text_for_speaker,0,,1
CREC-2015-11-19-pt1-PgH8413-23,CREC-2015-11-19,text_for_speaker,0,,1
CREC-2015-11-19-pt1-PgH8413-24,CREC-2015-11-19,text_for_speaker,0,,1
CREC-2015-11-19-pt1-PgH8413-26,CREC-2015-11-19,text_for_speaker,0,,1
CREC-2015-11-19-pt1-PgH8413-27,CREC-2015-11-19,text_for_speaker,0,,1
CREC-2015-11-19-pt1-PgH8413-25,CREC-2015-11-19,text_for_speaker,0,,1
CREC-2015-11-19-pt1-PgH8413-29,CREC-2015-11-19,text_for_speaker,0,,1
CREC-2015-11-19-pt1-PgH8413-28,CREC-2015-11-19,text_for_speaker,0,,1
CREC-2015-11-19-pt1-PgH8413-30,CREC-2015-11-19,text_for_speaker,0,,1
CREC-2015-11-19-pt1-PgH8413-31,CREC-2015-11-19,text_for_speaker,0,,1
CREC-2015-11-19-pt1-PgH8413-32,CREC-2015-11-19,text_for_speaker,0,,1
CREC-2015-11-19-pt1-PgH8413-33,CREC-2015-11-19,text_for_speaker,0,,1
CREC-2015-11-19-pt1-PgH8414,CREC-2015-11-19,text_for_speaker,0,,1
CREC-2015-11-19-pt1-PgH8414-2,CREC-2015-11-19,text_for_speaker,0,,1
CREC-2015-11-19-pt1-PgH8414-3,CREC-2015-11-19,text_for_speaker,0,,1
CREC-2015-11-19-pt1-PgH8414-4,CREC-2015-11-19,text_for_speaker,0,,1
CREC-2015-11-19-pt1-PgH8414-6,CREC-2015-11-19,text_for_speaker,0,,1
CREC-2015-11-19-pt1-PgH8414-5,CREC-2015-11-19,text_for_speaker,0,,1
CREC-2015-11-19-pt1-PgH8414-7,CREC-2015-11-19,text_for_speaker,0,,1
CREC-2015-11-19-pt1-PgH8414-9,CREC-2015-11-19,text_for_speaker,0,,1
CREC-2015-11-19-pt1-PgH8414-8,CREC-2015-11-19,text_for_speaker,0,,1
CREC-2015-11-19-pt1-PgH8414-11,CREC-2015-11-19,text_for_speaker,0,,1
CREC-2015-11-19-pt1-PgH8414-10,CREC-2015-11-19,text_for_speaker,0,,1
CREC-2015-11-19-pt1-PgH8414-12,CREC-2015-11-19,text_for_speaker,0,,1
CREC-2015-11-19-pt1-PgS8113,CREC-2015-11-19,text_for_speaker,0,,1
CREC-2015-11-19-pt1-PgS-FrontMatter-12,CREC-2015-11-19,text_for_speaker,0,,1
CREC-2015-11-19-pt1-PgS8113-2,CREC-2015-11-19,text_for_speaker,0,,1
CREC-2015-11-19-pt1-PgS8113-3,CREC-2015-11-19,text_for_speaker,0,,1
CREC-2015-11-19-pt1-PgS8113-6,CREC-2015-11-19,text_for_speaker,0,,1
CREC-2015-11-19-pt1-PgS8113-7,CREC-2015-11-19,text_for_speaker,0,,1
CREC-2015-11-19-pt1-PgS8157-3,CREC-2015-11-19,text_for_speaker,0,,1
CREC-2015-11-19-pt1-PgS8157-4,CREC-2015-11-19,text_for_speaker,0,,1
CREC-2015-11-19-pt1-PgS8157-5,CREC-2015-11-19,text_for_speaker,0,,1
CREC-2015-11-19-pt1-PgS8158-2,CREC-2015-11-19,text_for_speaker,0,,1
CREC-2015-11-19-pt1-PgS8158,CREC-2015-11-19,text_for_speaker,0,,1
CREC-2015-11-19-pt1-PgS8158-3,CREC-2015-11-19,text_for_speaker,0,,1
CREC-2015-11-19-pt1-PgS8158-4,CREC-2015-11-19,text_for_speaker,0,,1
CREC-2015-11-19-pt1-PgS8158-5,CREC-2015-11-19,text_for_speaker,0,,1
CREC-2015-11-19-pt1-PgS8159,CREC-2015-11-19,text_for_speaker,0,,1
CREC-2015-11-19-pt1-PgS8159-3,CREC-2015-11-19,text_for_speaker,0,,1
CREC-2015-11-19-pt1-PgS8160,CREC-2015-11-19,text_for_speaker,0,,1
CREC-2015-11-19-pt1-PgS8160-2,CREC-2015-11-19,text_for_speaker,0,,1
CREC-2015-11-19-pt1-PgS8165-3,CREC-2015-11-19,text_for_speaker,0,,1
CREC-2015-11-19-pt1-PgS8166,CREC-2015-11-19,text_for_speaker,0,,1
CREC-2015-11-19-pt1-PgS8165-4,CREC-2015-11-19,text_for_speaker,0,,1
CREC-2015-11-19-pt1-PgS8166-2,CREC-2015-11-19,text_for_speaker,0,,1
CREC-2015-11-19-pt1-PgS8167,CREC-2015-11-19,text_for_speaker,0,,1
CREC-2015-11-19-pt1-PgS8167-2,CREC-2015-11-19,text_for_speaker,0,,1
CREC-2015-11-19-pt1-PgS8167-3,CREC-2015-11-19,text_for_speaker,0,,1
CREC-2015-11-19-pt1-PgS8168,CREC-2015-11-19,text_for_speaker,0,,1
CREC-2015-11-19-pt1-PgS8168-2,CREC-2015-11-19,text_for_speaker,0,,1
CREC-2015-11-19-pt1-PgS8168-3,CREC-2015-11-19,text_for_speaker,0,,1
CREC-2015-11-19-pt1-PgS8168-4,CREC-2015-11-19,text_for_speaker,0,,1
CREC-2015-11-19-pt1-PgS8168-6,CREC-2015-11-19,text_for_speaker,0,,1
CREC-2015-11-19-pt1-PgS8168-7,CREC-2015-11-19,text_for_speaker,0,,2
CREC-2015-11-19-pt1-PgS8168-5,CREC-2015-11-19,text_for_speaker,0,,1
CREC-2015-11-19-pt1-PgS8169-3,CREC-2015-11-19,text_for_speaker,0,,1
CREC-2015-11-19-pt1-PgS8169-2,CREC-2015-11-19,text_for_speaker,0,,1
CREC-2015-11-19-pt1-PgS8169,CREC-2015-11-19,text_for_speaker,0,,1
CREC-2015-11-19-pt1-PgS8169-4,CREC-2015-11-19,text_for_speaker,0,,1
CREC-2015-11-19-pt1-PgS8169-5,CREC-2015-11-19,text_for_speaker,0,,1
CREC-2015-11-19-pt1-PgS8169-6,CREC-2015-11-19,text_for_speaker,0,,1
CREC-2015-11-19-pt1-PgS8170,CREC-2015-11-19,text_for_speaker,0,,1
CREC-2015-11-19-pt1-PgS8170-2,CREC-2015-11-19,text_for_speaker,0,,1
CREC-2015-11-19-pt1-PgS8170-3,CREC-2015-11-19,text_for_speaker,0,,1
CREC-2015-11-19-pt1-PgS8170-4,CREC-2015-11-19,text_for_speaker,0,,1
CREC-2015-11-19-pt1-PgS8170-5,CREC-2015-11-19,text_for_speaker,0,,1
CREC-2015-11-19-pt1-PgS8170-6,CREC-2015-11-19,text_for_speaker,0,,1
CREC-2015-11-19-pt1-PgS8176,CREC-2015-11-19,text_for_speaker,0,,1
CREC-2015-11-19-pt1-PgS8176-2,CREC-2015-11-19,text_for_speaker,0,,1
CREC-2015-11-19-pt1-PgS8179,CREC-2015-11-19,text_for_speaker,0,,1
CREC-2015-11-19-pt1-PgE1658-2,CREC-2015-11-19,text_for_speaker,0,,1
CREC-2015-11-19-pt1-PgE1661,CREC-2015-11-19,text_for_speaker,0,,1
CREC-2015-11-19-pt1-PgE1663-3,CREC-2015-11-19,text_for_speaker,0,,1
CREC-2015-11-19-pt1-PgE1664-4,CREC-2015-11-19,text_for_speaker,0,,1
CREC-2015-11-19-pt1-PgD1240,CREC-2015-11-19,text_for_speaker,0,,1
CREC-2015-11-19-pt1-PgD1242,CREC-2015-11-19,text_for_speaker,0,,1
CREC-2015-11-19-pt1-PgD1243,CREC-2015-11-19,text_for_speaker,0,,1
CREC-2015-11-19-pt1-PgD1244,CREC-2015-11-19,text_for_speaker,0,,1
CREC-2015-11-19-pt1-PgD1245,CREC-2015-11-19,text_for_speaker,0,,1
CREC-2015-11-19-pt1-PgD1245-2,CREC-2015-11-19,text_for_speaker,0,,1
CREC-2015-12-01-pt1-PgH8649-2,CREC-2015-12-01,text_for_speaker,0,,1
CREC-2015-12-01-pt1-PgH-FrontMatter-2,CREC-2015-12-01,text_for_speaker,0,,1
CREC-2015-12-01-pt1-PgH8649,CREC-2015-12-01,text_for_speaker,0,,1
CREC-2015-12-01-pt1-PgH8654-3,CREC-2015-12-01,text_for_speaker,0,,1
CREC-2015-12-01-pt1-PgH8654-4,CREC-2015-12-01,text_for_speaker,0,,1
CREC-2015-12-01-pt1-PgH8839,CREC-2015-12-01,text_for_speaker,0,,1
CREC-2015-12-01-pt1-PgH8849,CREC-2015-12-01,text_for_speaker,0,,1
CREC-2015-12-01-pt1-PgH8858,CREC-2015-12-01,text_for_speaker,0,,1
CREC-2015-12-01-pt1-PgH8679-2,CREC-2015-12-01,text_for_speaker,0,,1
CREC-2015-12-01-pt1-PgH8858-3,CREC-2015-12-01,text_for_speaker,0,,1
CREC-2015-12-01-pt1-PgH8859-2,CREC-2015-12-01,text_for_speaker,0,,1
CREC-2015-12-01-pt1-PgH8860,CREC-2015-12-01,text_for_speaker,0,,1
CREC-2015-12-01-pt1-PgH8860-2,CREC-2015-12-01,text_for_speaker,0,,1
CREC-2015-12-01-pt1-PgH8860-3,CREC-2015-12-01,text_for_speaker,0,,1
CREC-2015-12-01-pt1-PgH8860-4,CREC-2015-12-01,text_for_speaker,0,,1
CREC-2015-12-01-pt1-PgH8860-5,CREC-2015-12-01,text_for_speaker,0,,1
CREC-2015-12-01-pt1-PgH8860-6,CREC-2015-12-01,text_for_speaker,0,,1
CREC-2015-12-01-pt1-PgH8860-7,CREC-2015-12-01,text_for_speaker,0,,1
CREC-2015-12-01-pt1-PgH8860-8,CREC-2015-12-01,text_for_speaker,0,,1
CREC-2015-12-01-pt1-PgH8860-9,CREC-2015-12-01,text_for_speaker,0,,1
CREC-2015-12-01-pt1-PgH8860-11,CREC-2015-12-01,text_for_speaker,0,,1
CREC-2015-12-01-pt1-PgH8860-10,CREC-2015-12-01,text_for_speaker,0,,1
CREC-2015-12-01-pt1-PgH8860-12,CREC-2015-12-01,text_for_speaker,0,,1
CREC-2015-12-01-pt1-PgH8860-13,CREC-2015-12-01,text_for_speaker,0,,1
CREC-2015-12-01-pt1-PgH8860-14,CREC-2015-12-01,text_for_speaker,0,,1
CREC-2015-12-01-pt1-PgH8860-15,CREC-2015-12-01,text_for_speaker,0,,1
CREC-2015-12-01-pt1-PgH8860-16,CREC-2015-12-01,text_for_speaker,0,,1
CREC-2015-12-01-pt1-PgH8860-17,CREC-2015-12-01,text_for_speaker,0,,1
CREC-2015-12-01-pt1-PgS-FrontMatter,CREC-2015-12-01,text_for_speaker,0,,1
CREC-2015-12-01-pt1-PgH8861,CREC-2015-12-01,text_for_speaker,0,,1
CREC-2015-12-01-pt1-PgS8197-2,CREC-2015-12-01,text_for_speaker,0,,1
CREC-2015-12-01-pt1-PgS8197,CREC-2015-12-01,text_for_speaker,0,,1
CREC-2015-12-01-pt1-PgS8197-3,CREC-2015-12-01,text_for_speaker,0,,1
CREC-2015-12-01-pt1-PgS8197-5,CREC-2015-12-01,text_for_speaker,0,,1
CREC-2015-12-01-pt1-PgS8197-4,CREC-2015-12-01,text_for_speaker,0,,1
CREC-2015-12-01-pt1-PgS8197-6,CREC-2015-12-01,text_for_speaker,0,,1
CREC-2015-12-01-pt1-PgS8234,CREC-2015-12-01,text_for_speaker,0,,1
CREC-2015-12-01-pt1-PgS8240-3,CREC-2015-12-01,text_for_speaker,0,,1
CREC-2015-12-01-pt1-PgS8240-4,CREC-2015-12-01,text_for_speaker,0,,1
CREC-2015-12-01-pt1-PgS8241,CREC-2015-12-01,text_for_speaker,0,,1
CREC-2015-12-01-pt1-PgS8241-3,CREC-2015-12-01,text_for_speaker,0,,1
CREC-2015-12-01-pt1-PgS8241-2,CREC-2015-12-01,text_for_speaker,0,,1
CREC-2015-12-01-pt1-PgS8241-4,CREC-2015-12-01,text_for_speaker,0,,1
CREC-2015-12-01-pt1-PgS8241-6,CREC-2015-12-01,text_for_speaker,0,,1
CREC-2015-12-01-pt1-PgS8241-5,CREC-2015-12-01,text_for_speaker,0,,1
CREC-2015-12-01-pt1-PgS8244-2,CREC-2015-12-01,text_for_speaker,0,,1
CREC-2015-12-01-pt1-PgS8245,CREC-2015-12-01,text_for_speaker,0,,1
CREC-2015-12-01-pt1-PgS8245-2,CREC-2015-12-01,text_for_speaker,0,,1
CREC-2015-12-01-pt1-PgS8245-3,CREC-2015-12-01,text_for_speaker,0,,1
CREC-2015-12-01-pt1-PgS8246-4,CREC-2015-12-01,text_for_speaker,0,,1
CREC-2015-12-01-pt1-PgE1683-4,CREC-2015-12-01,text_for_speaker,0,,1
CREC-2015-12-01-pt1-PgE1687-2,CREC-2015-12-01,text_for_speaker,0,,1
CREC-2015-12-01-pt1-PgE1688,CREC-2015-12-01,text_for_speaker,0,,1
CREC-2015-12-01-pt1-PgE1691,CREC-2015-12-01,text_for_speaker,0,,1
CREC-2015-12-01-pt1-PgE1691-2,CREC-2015-12-01,text_for_speaker,0,,1
CREC-2015-12-01-pt1-PgD1255,CREC-2015-12-01,text_for_speaker,0,,1
CREC-2015-12-01-pt1-PgD1255-2,CREC-2015-12-01,text_for_speaker,0,,1
CREC-2015-12-01-pt1-PgD1256,CREC-2015-12-01,text_for_speaker,0,,1
CREC-2015-12-01-pt1-PgD1259,CREC-2015-12-01,text_for_speaker,0,,1
CREC-2015-12-01-pt1-PgD1257,CREC-2015-12-01,text_for_speaker,0,,1
CREC-2015-12-01-pt1-PgD1259-2,CREC-2015-12-01,text_for_speaker,0,,1
CREC-2015-12-01-pt1-PgD1261-2,CREC-2015-12-01,text_for_speaker,0,,1
CREC-2015-12-01-pt1-PgD1261,CREC-2015-12-01,text_for_speaker,0,,1
CREC-2015-12-02-pt1-PgH-FrontMatter-2,CREC-2015-12-02,text_for_speaker,0,,1
CREC-2015-12-02-pt1-PgH8863,CREC-2015-12-02,text_for_speaker,0,,1
CREC-2015-12-02-pt1-PgH8863-2,CREC-2015-12-02,text_for_speaker,0,,1
CREC-2015-12-02-pt1-PgH8869-2,CREC-2015-12-02,text_for_speaker,0,,1
CREC-2015-12-02-pt1-PgH8869-3,CREC-2015-12-02,text_for_speaker,0,,1
CREC-2015-12-02-pt1-PgH8874-4,CREC-2015-12-02,text_for_speaker,0,,1
CREC-2015-12-02-pt1-PgH8894,CREC-2015-12-02,text_for_speaker,0,,1
CREC-2015-12-02-pt1-PgH8968-2,CREC-2015-12-02,text_for_speaker,0,,1
CREC-2015-12-02-pt1-PgH8968,CREC-2015-12-02,text_for_speaker,0,,1
CREC-2015-12-02-pt1-PgH8968-4,CREC-2015-12-02,text_for_speaker,0,,1
CREC-2015-12-02-pt1-PgH8970-2,CREC-2015-12-02,text_for_speaker,0,,1
CREC-2015-12-02-pt1-PgH8971-2,CREC-2015-12-02,text_for_speaker,0,,1
CREC-2015-12-02-pt1-PgH8971,CREC-2015-12-02,text_for_speaker,0,,1
CREC-2015-12-02-pt1-PgH8971-3,CREC-2015-12-02,text_for_speaker,0,,1
CREC-2015-12-02-pt1-PgH8971-4,CREC-2015-12-02,text_for_speaker,0,,1
CREC-2015-12-02-pt1-PgH8971-6,CREC-2015-12-02,text_for_speaker,0,,1
CREC-2015-12-02-pt1-PgH8971-5,CREC-2015-12-02,text_for_speaker,0,,1
CREC-2015-12-02-pt1-PgH8971-9,CREC-2015-12-02,text_for_speaker,0,,1
CREC-2015-12-02-pt1-PgH8971-8,CREC-2015-12-02,text_for_speaker,0,,1
CREC-2015-12-02-pt1-PgH8971-7,CREC-2015-12-02,text_for_speaker,0,,1
CREC-2015-12-02-pt1-PgH8971-10,CREC-2015-12-02,text_for_speaker,0,,1
CREC-2015-12-02-pt1-PgH8971-11,CREC-2015-12-02,text_for_speaker,0,,1
CREC-2015-12-02-pt1-PgH8971-12,CREC-2015-12-02,text_for_speaker,0,,1
CREC-2015-12-02-pt1-PgH8971-13,CREC-2015-12-02,text_for_speaker,0,,1
CREC-2015-12-02-pt1-PgH8971-14,CREC-2015-12-02,text_for_speaker,0,,1
CREC-2015-12-02-pt1-PgH8971-15,CREC-2015-12-02,text_for_speaker,0,,1
CREC-2015-12-02-pt1-PgS8247,CREC-2015-12-02,text_for_speaker,0,,1
CREC-2015-12-02-pt1-PgS-FrontMatter-15,CREC-2015-12-02,text_for_speaker,0,,1
CREC-2015-12-02-pt1-PgS8247-2,CREC-2015-12-02,text_for_speaker,0,,1
CREC-2015-12-02-pt1-PgS8247-4,CREC-2015-12-02,text_for_speaker,0,,1
CREC-2015-12-02-pt1-PgS8247-3,CREC-2015-12-02,text_for_speaker,0,,1
CREC-2015-12-02-pt1-PgS8247-5,CREC-2015-12-02,text_for_speaker,0,,1
CREC-2015-12-02-pt1-PgS8248,CREC-2015-12-02,text_for_speaker,0,,1
CREC-2015-12-02-pt1-PgS8301,CREC-2015-12-02,text_for_speaker,0,,1
CREC-2015-12-02-pt1-PgS8305-5,CREC-2015-12-02,text_for_speaker,0,,1
CREC-2015-12-02-pt1-PgS8305-7,CREC-2015-12-02,text_for_speaker,0,,1
CREC-2015-12-02-pt1-PgS8305-8,CREC-2015-12-02,text_for_speaker,0,,1
CREC-2015-12-02-pt1-PgS8305-6,CREC-2015-12-02,text_for_speaker,0,,1
CREC-2015-12-02-pt1-PgS8306,CREC-2015-12-02,text_for_speaker,0,,1
CREC-2015-12-02-pt1-PgS8306-2,CREC-2015-12-02,text_for_speaker,0,,1
CREC-2015-12-02-pt1-PgS8305-9,CREC-2015-12-02,text_for_speaker,0,,1
CREC-2015-12-02-pt1-PgS8307,CREC-2015-12-02,text_for_speaker,0,,1
CREC-2015-12-02-pt1-PgS8308,CREC-2015-12-02,text_for_speaker,0,,1
CREC-2015-12-02-pt1-PgS8307-2,CREC-2015-12-02,text_for_speaker,0,,1
CREC-2015-12-02-pt1-PgS8308-2,CREC-2015-12-02,text_for_speaker,0,,1
CREC-2015-12-02-pt1-PgS8308-3,CREC-2015-12-02,text_for_speaker,0,,1
CREC-2015-12-02-pt1-PgS8308-4,CREC-2015-12-02,text_for_speaker,0,,1
CREC-2015-12-02-pt1-PgS8309,CREC-2015-12-02,text_for_speaker,0,,1
CREC-2015-12-02-pt1-PgS8310,CREC-2015-12-02,text_for_speaker,0,,1
CREC-2015-12-02-pt1-PgS8311,CREC-2015-12-02,text_for_speaker,0,,1
CREC-2015-12-02-pt1-PgS8311-2,CREC-2015-12-02,text_for_speaker,0,,1
CREC-2015-12-02-pt1-PgS8311-3,CREC-2015-12-02,text_for_speaker,0,,1
CREC-2015-12-02-pt1-PgS8311-4,CREC-2015-12-02,text_for_speaker,0,,1
CREC-2015-12-02-pt1-PgS8311-5,CREC-2015-12-02,text_for_speaker,0,,1
CREC-2015-12-02-pt1-PgS8312,CREC-2015-12-02,text_for_speaker,0,,1
CREC-2015-12-02-pt1-PgS8313,CREC-2015-12-02,text_for_speaker,0,,1
CREC-2015-12-02-pt1-PgS8313-2,CREC-2015-12-02,text_for_speaker,0,,1
CREC-2015-12-02-pt1-PgS8318,CREC-2015-12-02,text_for_speaker,0,,1
CREC-2015-12-02-pt1-PgS8318-2,CREC-2015-12-02,text_for_speaker,0,,1
CREC-2015-12-02-pt1-PgS8318-3,CREC-2015-12-02,text_for_speaker,0,,1
CREC-2015-12-02-pt1-PgS8313-3,CREC-2015-12-02,text_for_speaker,0,,1
CREC-2015-12-02-pt1-PgS8319-6,CREC-2015-12-02,text_for_speaker,0,,1
CREC-2015-12-02-pt1-PgE1699-2,CREC-2015-12-02,text_for_speaker,0,,1
CREC-2015-12-02-pt1-PgD1263,CREC-2015-12-02,text_for_speaker,0,,1
CREC-2015-12-02-pt1-PgD1267,CREC-2015-12-02,text_for_speaker,0,,1
CREC-2015-12-02-pt1-PgD1265,CREC-2015-12-02,text_for_speaker,0,,1
CREC-2015-12-02-pt1-PgD1263-2,CREC-2015-12-02,text_for_speaker,0,,1
CREC-2015-12-02-pt1-PgD1268,CREC-2015-12-02,text_for_speaker,0,,1
CREC-2015-12-02-pt1-PgD1269,CREC-2015-12-02,text_for_speaker,0,,1
CREC-2015-12-03-pt1-PgH8973,CREC-2015-12-03,text_for_speaker,0,,1
CREC-2015-12-03-pt1-PgH8973-2,CREC-2015-12-03,text_for_speaker,0,,1
CREC-2015-12-03-pt1-PgH-FrontMatter-2,CREC-2015-12-03,text_for_speaker,0,,1
CREC-2015-12-03-pt1-PgH9002,CREC-2015-12-03,text_for_speaker,0,,1
CREC-2015-12-03-pt1-PgH9009,CREC-2015-12-03,text_for_speaker,0,,1
CREC-2015-12-03-pt1-PgH9009-3,CREC-2015-12-03,text_for_speaker,0,,1
CREC-2015-12-03-pt1-PgH9010-2,CREC-2015-12-03,text_for_speaker,0,,1
CREC-2015-12-03-pt1-PgH9011,CREC-2015-12-03,text_for_speaker,0,,1
CREC-2015-12-03-pt1-PgH9012,CREC-2015-12-03,text_for_speaker,0,,1
CREC-2015-12-03-pt1-PgH9012-2,CREC-2015-12-03,text_for_speaker,0,,1
CREC-2015-12-03-pt1-PgH9012-3,CREC-2015-12-03,text_for_speaker,0,,1
CREC-2015-12-03-pt1-PgH9012-4,CREC-2015-12-03,text_for_speaker,0,,1
CREC-2015-12-03-pt1-PgH9012-5,CREC-2015-12-03,text_for_speaker,0,,1
CREC-2015-12-03-pt1-PgH9012-6,CREC-2015-12-03,text_for_speaker,0,,1
CREC-2015-12-03-pt1-PgH9012-7,CREC-2015-12-03,text_for_speaker,0,,1
CREC-2015-12-03-pt1-PgH9012-8,CREC-2015-12-03,text_for_speaker,0,,1
CREC-2015-12-03-pt1-PgH9012-9,CREC-2015-12-03,text_for_speaker,0,,1
CREC-2015-12-03-pt1-PgH9012-10,CREC-2015-12-03,text_for_speaker,0,,1
CREC-2015-12-03-pt1-PgH9012-11,CREC-2015-12-03,text_for_speaker,0,,1
CREC-2015-12-03-pt1-PgH9012-13,CREC-2015-12-03,text_for_speaker,0,,1
CREC-2015-12-03-pt1-PgH9012-12,CREC-2015-12-03,text_for_speaker,0,,1
CREC-2015-12-03-pt1-PgH9012-14,CREC-2015-12-03,text_for_speaker,0,,1
CREC-2015-12-03-pt1-PgH9012-15,CREC-2015-12-03,text_for_speaker,0,,1
CREC-2015-12-03-pt1-PgH9012-16,CREC-2015-12-03,text_for_speaker,0,,1
CREC-2015-12-03-pt1-PgH9012-17,CREC-2015-12-03,text_for_speaker,0,,1
CREC-2015-12-03-pt1-PgH9012-18,CREC-2015-12-03,text_for_speaker,0,,1
CREC-2015-12-03-pt1-PgH9012-19,CREC-2015-12-03,text_for_speaker,0,,1
CREC-2015-12-03-pt1-PgH9012-20,CREC-2015-12-03,text_for_speaker,0,,1
CREC-2015-12-03-pt1-PgS-FrontMatter-20,CREC-2015-12-03,text_for_speaker,0,,1
CREC-2015-12-03-pt1-PgS8323-2,CREC-2015-12-03,text_for_speaker,0,,1
CREC-2015-12-03-pt1-PgS8323,CREC-2015-12-03,text_for_speaker,0,,1
CREC-2015-12-03-pt1-PgS8324-2,CREC-2015-12-03,text_for_speaker,0,,1
CREC-2015-12-03-pt1-PgS8324-3,CREC-2015-12-03,text_for_speaker,0,,1
CREC-2015-12-03-pt1-PgS8326,CREC-2015-12-03,text_for_speaker,0,,1
CREC-2015-12-03-pt1-PgS8370,CREC-2015-12-03,text_for_speaker,0,,1
CREC-2015-12-03-pt1-PgS8376-3,CREC-2015-12-03,text_for_speaker,0,,1
CREC-2015-12-03-pt1-PgS8376-4,CREC-2015-12-03,text_for_speaker,0,,1
CREC-2015-12-03-pt1-PgS8376-5,CREC-2015-12-03,text_for_speaker,0,,1
CREC-2015-12-03-pt1-PgS8377,CREC-2015-12-03,text_for_speaker,0,,1
CREC-2015-12-03-pt1-PgS8378,CREC-2015-12-03,text_for_speaker,0,,1
CREC-2015-12-03-pt1-PgS8378-2,CREC-2015-12-03,text_for_speaker,0,,1
CREC-2015-12-03-pt1-PgS8379,CREC-2015-12-03,text_for_speaker,0,,1
CREC-2015-12-03-pt1-PgS8378-3,CREC-2015-12-03,text_for_speaker,0,,1
CREC-2015-12-03-pt1-PgS8379-2,CREC-2015-12-03,text_for_speaker,0,,1
CREC-2015-12-03-pt1-PgS8381,CREC-2015-12-03,text_for_speaker,0,,1
CREC-2015-12-03-pt1-PgS8381-2,CREC-2015-12-03,text_for_speaker,0,,1
CREC-2015-12-03-pt1-PgS8381-3,CREC-2015-12-03,text_for_speaker,0,,1
CREC-2015-12-03-pt1-PgS8383-2,CREC-2015-12-03,text_for_speaker,0,,1
CREC-2015-12-03-pt1-PgS8382-2,CREC-2015-12-03,text_for_speaker,0,,1
CREC-2015-12-03-pt1-PgS8385,CREC-2015-12-03,text_for_speaker,0,,1
CREC-2015-12-03-pt1-PgS8387,CREC-2015-12-03,text_for_speaker,0,,1
CREC-2015-12-03-pt1-PgS8383,CREC-2015-12-03,text_for_speaker,0,,1
CREC-2015-12-03-pt1-PgS8390,CREC-2015-12-03,text_for_speaker,0,,1
CREC-2015-12-03-pt1-PgS8389,CREC-2015-12-03,text_for_speaker,0,,1
CREC-2015-12-03-pt1-PgS8389-2,CREC-2015-12-03,text_for_speaker,0,,1
CREC-2015-12-03-pt1-PgS8390-2,CREC-2015-12-03,text_for_speaker,0,,1
CREC-2015-12-03-pt1-PgS8390-3,CREC-2015-12-03,text_for_speaker,0,,1
CREC-2015-12-03-pt1-PgS8392,CREC-2015-12-03,text_for_speaker,0,,1
CREC-2015-12-03-pt1-PgS8390-4,CREC-2015-12-03,text_for_speaker,0,,1
CREC-2015-12-03-pt1-PgS8393,CREC-2015-12-03,text_for_speaker,0,,1
CREC-2015-12-03-pt1-PgS8393-3,CREC-2015-12-03,text_for_speaker,0,,1
CREC-2015-12-03-pt1-PgS8393-2,CREC-2015-12-03,text_for_speaker,0,,1
CREC-2015-12-03-pt1-PgS8393-4,CREC-2015-12-03,text_for_speaker,0,,1
CREC-2015-12-03-pt1-PgS8393-5,CREC-2015-12-03,text_for_speaker,0,,1
CREC-2015-12-03-pt1-PgS8394,CREC-2015-12-03,text_for_speaker,0,,1
CREC-2015-12-03-pt1-PgS8393-6,CREC-2015-12-03,text_for_speaker,0,,1
CREC-2015-12-03-pt1-PgS8395,CREC-2015-12-03,text_for_speaker,0,,1
CREC-2015-12-03-pt1-PgS8400,CREC-2015-12-03,text_for_speaker,0,,1
CREC-2015-12-03-pt1-PgS8400-2,CREC-2015-12-03,text_for_speaker,0,,1
CREC-2015-12-03-pt1-PgS8402,CREC-2015-12-03,text_for_speaker,0,,1
CREC-2015-12-03-pt1-PgS8405,CREC-2015-12-03,text_for_speaker,0,,1
CREC-2015-12-03-pt1-PgS8403,CREC-2015-12-03,text_for_speaker,0,,1
CREC-2015-12-03-pt1-PgS8415,CREC-2015-12-03,text_for_speaker,0,,1
CREC-2015-12-03-pt1-PgS8405-2,CREC-2015-12-03,text_for_speaker,0,,1
CREC-2015-12-03-pt1-PgS8420,CREC-2015-12-03,text_for_speaker,0,,1
CREC-2015-12-03-pt1-PgS8422,CREC-2015-12-03,text_for_speaker,0,,1
CREC-2015-12-03-pt1-PgS8424,CREC-2015-12-03,text_for_speaker,0,,1
CREC-2015-12-03-pt1-PgS8422-2,CREC-2015-12-03,text_for_speaker,0,,1
CREC-2015-12-03-pt1-PgS8426-5,CREC-2015-12-03,text_for_speaker,0,,1
CREC-2015-12-03-pt1-PgE1707-2,CREC-2015-12-03,text_for_speaker,0,,1
CREC-2015-12-03-pt1-PgE1708-3,CREC-2015-12-03,text_for_speaker,0,,1
CREC-2015-12-03-pt1-PgE1710-3,CREC-2015-12-03,text_for_speaker,0,,1
CREC-2015-12-03-pt1-PgD1272,CREC-2015-12-03,text_for_speaker,0,,1
CREC-2015-12-03-pt1-PgD1275,CREC-2015-12-03,text_for_speaker,0,,1
CREC-2015-12-03-pt1-PgD1275-2,CREC-2015-12-03,text_for_speaker,0,,1
CREC-2015-12-03-pt1-PgD1276,CREC-2015-12-03,text_for_speaker,0,,1
CREC-2015-12-03-pt1-PgD1277,CREC-2015-12-03,text_for_speaker,0,,1
CREC-2015-12-03-pt1-PgD1277-2,CREC-2015-12-03,text_for_speaker,0,,1
CREC-2015-12-07-pt1-PgH9015-2,CREC-2015-12-07,text_for_speaker,0,,1
CREC-2015-12-07-pt1-PgH9015,CREC-2015-12-07,text_for_speaker,0,,1
CREC-2015-12-07-pt1-PgH-FrontMatter-5,CREC-2015-12-07,text_for_speaker,0,,1
CREC-2015-12-07-pt1-PgH9015-6,CREC-2015-12-07,text_for_speaker,0,,1
CREC-2015-12-07-pt1-PgH9016,CREC-2015-12-07,text_for_speaker,0,,1
CREC-2015-12-07-pt1-PgH9016-7,CREC-2015-12-07,text_for_speaker,0,,1
CREC-2015-12-07-pt1-PgH9017-6,CREC-2015-12-07,text_for_speaker,0,,1
CREC-2015-12-07-pt1-PgH9018-2,CREC-2015-12-07,text_for_speaker,0,,1
CREC-2015-12-07-pt1-PgH9018-4,CREC-2015-12-07,text_for_speaker,0,,1
CREC-2015-12-07-pt1-PgH9018-3,CREC-2015-12-07,text_for_speaker,0,,1
CREC-2015-12-07-pt1-PgH9018-5,CREC-2015-12-07,text_for_speaker,0,,1
CREC-2015-12-07-pt1-PgH9018-6,CREC-2015-12-07,text_for_speaker,0,,1
CREC-2015-12-07-pt1-PgH9018-8,CREC-2015-12-07,text_for_speaker,0,,1
CREC-2015-12-07-pt1-PgH9022,CREC-2015-12-07,text_for_speaker,0,,1
CREC-2015-12-07-pt1-PgH9022-3,CREC-2015-12-07,text_for_speaker,0,,1
CREC-2015-12-07-pt1-PgH9022-2,CREC-2015-12-07,text_for_speaker,0,,1
CREC-2015-12-07-pt1-PgH9024-2,CREC-2015-12-07,text_for_speaker,0,,1
CREC-2015-12-07-pt1-PgH9022-5,CREC-2015-12-07,text_for_speaker,0,,1
CREC-2015-12-07-pt1-PgH9025-3,CREC-2015-12-07,text_for_speaker,0,,1
CREC-2015-12-07-pt1-PgH9025,CREC-2015-12-07,text_for_speaker,0,,1
CREC-2015-12-07-pt1-PgH9025-2,CREC-2015-12-07,text_for_speaker,0,,1
CREC-2015-12-07-pt1-PgH9025-4,CREC-2015-12-07,text_for_speaker,0,,1
CREC-2015-12-07-pt1-PgS-FrontMatter-5,CREC-2015-12-07,text_for_speaker,0,,1
CREC-2015-12-07-pt1-PgS8427,CREC-2015-12-07,text_for_speaker,0,,1
CREC-2015-12-07-pt1-PgH9025-5,CREC-2015-12-07,text_for_speaker,0,,1
CREC-2015-12-07-pt1-PgS8427-2,CREC-2015-12-07,text_for_speaker,0,,1
CREC-2015-12-07-pt1-PgS8427-3,CREC-2015-12-07,text_for_speaker,0,,1
CREC-2015-12-07-pt1-PgS8427-4,CREC-2015-12-07,text_for_speaker,0,,1
CREC-2015-12-07-pt1-PgS8432-3,CREC-2015-12-07,text_for_speaker,0,,1
CREC-2015-12-07-pt1-PgS8435-3,CREC-2015-12-07,text_for_speaker,0,,1
CREC-2015-12-07-pt1-PgS8437-2,CREC-2015-12-07,text_for_speaker,0,,1
CREC-2015-12-07-pt1-PgS8437-4,CREC-2015-12-07,text_for_speaker,0,,1
CREC-2015-12-07-pt1-PgS8437-3,CREC-2015-12-07,text_for_speaker,0,,1
CREC-2015-12-07-pt1-PgS8437-6,CREC-2015-12-07,text_for_speaker,0,,1
CREC-2015-12-07-pt1-PgS8437-5,CREC-2015-12-07,text_for_speaker,0,,1
CREC-2015-12-07-pt1-PgS8437-7,CREC-2015-12-07,text_for_speaker,0,,1
CREC-2015-12-07-pt1-PgS8438,CREC-2015-12-07,text_for_speaker,0,,1
CREC-2015-12-07-pt1-PgS8438-2,CREC-2015-12-07,text_for_speaker,0,,1
CREC-2015-12-07-pt1-PgS8438-3,CREC-2015-12-07,text_for_speaker,0,,1
CREC-2015-12-07-pt1-PgS8439-2,CREC-2015-12-07,text_for_speaker,0,,1
CREC-2015-12-07-pt1-PgS8439-3,CREC-2015-12-07,text_for_speaker,0,,1
CREC-2015-12-07-pt1-PgS8441-2,CREC-2015-12-07,text_for_speaker,0,,1
CREC-2015-12-07-pt1-PgS8441-3,CREC-2015-12-07,text_for_speaker,0,,1
CREC-2015-12-07-pt1-PgS8441,CREC-2015-12-07,text_for_speaker,0,,1
CREC-2015-12-07-pt1-PgS8443-4,CREC-2015-12-07,text_for_speaker,0,,1
CREC-2015-12-07-pt1-PgS8443-5,CREC-2015-12-07,text_for_speaker,0,,1
CREC-2015-12-07-pt1-PgE1718-4,CREC-2015-12-07,text_for_speaker,0,,1
CREC-2015-12-07-pt1-PgD1280,CREC-2015-12-07,text_for_speaker,0,,1
CREC-2015-12-07-pt1-PgD1280-2,CREC-2015-12-07,text_for_speaker,0,,1
CREC-2015-12-07-pt1-PgE1721-5,CREC-2015-12-07,text_for_speaker,0,,1
CREC-2015-12-07-pt1-PgD1281,CREC-2015-12-07,text_for_speaker,0,,1
CREC-2015-12-07-pt1-PgD1281-2,CREC-2015-12-07,text_for_speaker,0,,1
CREC-2015-12-07-pt1-PgD1281-3,CREC-2015-12-07,text_for_speaker,0,,1
CREC-2015-12-07-pt1-PgD1285,CREC-2015-12-07,text_for_speaker,0,,1
CREC-2015-12-07-pt1-PgD1282,CREC-2015-12-07,text_for_speaker,0,,1
CREC-2015-12-07-pt1-PgD1281-4,CREC-2015-12-07,text_for_speaker,0,,1
CREC-2015-12-08-pt1-PgH9027,CREC-2015-12-08,text_for_speaker,0,,1
CREC-2015-12-08-pt1-PgH9027-2,CREC-2015-12-08,text_for_speaker,0,,1
CREC-2015-12-08-pt1-PgH-FrontMatter-4,CREC-2015-12-08,text_for_speaker,0,,1
CREC-2015-12-08-pt1-PgH9032-2,CREC-2015-12-08,text_for_speaker,0,,1
CREC-2015-12-08-pt1-PgH9032-3,CREC-2015-12-08,text_for_speaker,0,,1
CREC-2015-12-08-pt1-PgH9032-10,CREC-2015-12-08,text_for_speaker,0,,1
CREC-2015-12-08-pt1-PgH9036-4,CREC-2015-12-08,text_for_speaker,0,,1
CREC-2015-12-08-pt1-PgH9061,CREC-2015-12-08,text_for_speaker,0,,1
CREC-2015-12-08-pt1-PgH9062,CREC-2015-12-08,text_for_speaker,0,,1
CREC-2015-12-08-pt1-PgH9077,CREC-2015-12-08,text_for_speaker,0,,1
CREC-2015-12-08-pt1-PgH9077-3,CREC-2015-12-08,text_for_speaker,0,,1
CREC-2015-12-08-pt1-PgH9079,CREC-2015-12-08,text_for_speaker,0,,1
CREC-2015-12-08-pt1-PgH9079-2,CREC-2015-12-08,text_for_speaker,0,,1
CREC-2015-12-08-pt1-PgH9079-4,CREC-2015-12-08,text_for_speaker,0,,1
CREC-2015-12-08-pt1-PgH9079-3,CREC-2015-12-08,text_for_speaker,0,,1
CREC-2015-12-08-pt1-PgH9079-5,CREC-2015-12-08,text_for_speaker,0,,1
CREC-2015-12-08-pt1-PgH9079-6,CREC-2015-12-08,text_for_speaker,0,,1
CREC-2015-12-08-pt1-PgH9080,CREC-2015-12-08,text_for_speaker,0,,1
CREC-2015-12-08-pt1-PgH9080-3,CREC-2015-12-08,text_for_speaker,0,,1
CREC-2015-12-08-pt1-PgH9080-2,CREC-2015-12-08,text_for_speaker,0,,1
CREC-2015-12-08-pt1-PgH9080-4,CREC-2015-12-08,text_for_speaker,0,,1
CREC-2015-12-08-pt1-PgH9080-6,CREC-2015-12-08,text_for_speaker,0,,1
CREC-2015-12-08-pt1-PgH9080-5,CREC-2015-12-08,text_for_speaker,0,,1
CREC-2015-12-08-pt1-PgH9081,CREC-2015-12-08,text_for_speaker,0,,1
CREC-2015-12-08-pt1-PgS-FrontMatter,CREC-2015-12-08,text_for_speaker,0,,1
CREC-2015-12-08-pt1-PgS8445,CREC-2015-12-08,text_for_speaker,0,,1
CREC-2015-12-08-pt1-PgS8445-2,CREC-2015-12-08,text_for_speaker,0,,1
CREC-2015-12-08-pt1-PgS8445-4,CREC-2015-12-08,text_for_speaker,0,,1
CREC-2015-12-08-pt1-PgS8445-3,CREC-2015-12-08,text_for_speaker,0,,1
CREC-2015-12-08-pt1-PgS8445-5,CREC-2015-12-08,text_for_speaker,0,,1
CREC-2015-12-08-pt1-PgS8483-4,CREC-2015-12-08,text_for_speaker,0,,1
CREC-2015-12-08-pt1-PgS8484-2,CREC-2015-12-08,text_for_speaker,0,,1
CREC-2015-12-08-pt1-PgS8484,CREC-2015-12-08,text_for_speaker,0,,1
CREC-2015-12-08-pt1-PgS8484-3,CREC-2015-12-08,text_for_speaker,0,,1
CREC-2015-12-08-pt1-PgS8486,CREC-2015-12-08,text_for_speaker,0,,1
CREC-2015-12-08-pt1-PgS8492,CREC-2015-12-08,text_for_speaker,0,,1
CREC-2015-12-08-pt1-PgS8494-2,CREC-2015-12-08,text_for_speaker,0,,1
CREC-2015-12-08-pt1-PgS8494,CREC-2015-12-08,text_for_speaker,0,,1
CREC-2015-12-08-pt1-PgS8494-3,CREC-2015-12-08,text_for_speaker,0,,1
CREC-2015-12-08-pt1-PgS8498-2,CREC-2015-12-08,text_for_speaker,0,,1
CREC-2015-12-08-pt1-PgS8498-3,CREC-2015-12-08,text_for_speaker,0,,1
CREC-2015-12-08-pt1-PgS8498-5,CREC-2015-12-08,text_for_speaker,0,,1
CREC-2015-12-08-pt1-PgS8498-4,CREC-2015-12-08,text_for_speaker,0,,1
CREC-2015-12-08-pt1-PgD1288,CREC-2015-12-08,text_for_speaker,0,,1
CREC-2015-12-08-pt1-PgD1290,CREC-2015-12-08,text_for_speaker,0,,1
CREC-2015-12-08-pt1-PgD1289,CREC-2015-12-08,text_for_speaker,0,,1
CREC-2015-12-08-pt1-PgD1291,CREC-2015-12-08,text_for_speaker,0,,1
CREC-2015-12-08-pt1-PgD1295,CREC-2015-12-08,text_for_speaker,0,,1
CREC-2015-12-08-pt1-PgD1293,CREC-2015-12-08,text_for_speaker,0,,1
CREC-2015-12-10-pt1-PgH-FrontMatter-2,CREC-2015-12-10,text_for_speaker,0,,1
CREC-2015-12-10-pt1-PgH9209-2,CREC-2015-12-10,text_for_speaker,0,,1
CREC-2015-12-10-pt1-PgH9209,CREC-2015-12-10,text_for_speaker,0,,1
CREC-2015-12-10-pt1-PgH9212-2,CREC-2015-12-10,text_for_speaker,0,,1
CREC-2015-12-10-pt1-PgH9212-3,CREC-2015-12-10,text_for_speaker,0,,1
CREC-2015-12-10-pt1-PgH9213-2,CREC-2015-12-10,text_for_speaker,0,,1
CREC-2015-12-10-pt1-PgH9217,CREC-2015-12-10,text_for_speaker,0,,1
CREC-2015-12-10-pt1-PgH9217-3,CREC-2015-12-10,text_for_speaker,0,,1
CREC-2015-12-10-pt1-PgH9223,CREC-2015-12-10,text_for_speaker,0,,1
CREC-2015-12-10-pt1-PgH9262,CREC-2015-12-10,text_for_speaker,0,,1
CREC-2015-12-10-pt1-PgH9265-3,CREC-2015-12-10,text_for_speaker,0,,1
CREC-2015-12-10-pt1-PgH9268-2,CREC-2015-12-10,text_for_speaker,0,,1
CREC-2015-12-10-pt1-PgH9269-2,CREC-2015-12-10,text_for_speaker,0,,1
CREC-2015-12-10-pt1-PgH9270,CREC-2015-12-10,text_for_speaker,0,,1
CREC-2015-12-10-pt1-PgH9270-2,CREC-2015-12-10,text_for_speaker,0,,1
CREC-2015-12-10-pt1-PgH9270-3,CREC-2015-12-10,text_for_speaker,0,,1
CREC-2015-12-10-pt1-PgH9270-4,CREC-2015-12-10,text_for_speaker,0,,1
CREC-2015-12-10-pt1-PgH9270-5,CREC-2015-12-10,text_for_speaker,0,,1
CREC-2015-12-10-pt1-PgH9270-6,CREC-2015-12-10,text_for_speaker,0,,1
CREC-2015-12-10-pt1-PgH9270-8,CREC-2015-12-10,text_for_speaker,0,,1
CREC-2015-12-10-pt1-PgH9270-7,CREC-2015-12-10,text_for_speaker,0,,1
CREC-2015-12-10-pt1-PgH9271,CREC-2015-12-10,text_for_speaker,0,,1
CREC-2015-12-10-pt1-PgH9271-3,CREC-2015-12-10,text_for_speaker,0,,1
CREC-2015-12-10-pt1-PgH9271-2,CREC-2015-12-10,text_for_speaker,0,,1
CREC-2015-12-10-pt1-PgH9271-4,CREC-2015-12-10,text_for_speaker,0,,1
CREC-2015-12-10-pt1-PgH9271-5,CREC-2015-12-10,text_for_speaker,0,,1
CREC-2015-12-10-pt1-PgH9271-6,CREC-2015-12-10,text_for_speaker,0,,1
CREC-2015-12-10-pt1-PgH9271-7,CREC-2015-12-10,text_for_speaker,0,,1
CREC-2015-12-10-pt1-PgH9271-8,CREC-2015-12-10,text_for_speaker,0,,1
CREC-2015-12-10-pt1-PgH9271-9,CREC-2015-12-10,text_for_speaker,0,,1
CREC-2015-12-10-pt1-PgH9271-10,CREC-2015-12-10,text_for_speaker,0,,1
CREC-2015-12-10-pt1-PgH9271-12,CREC-2015-12-10,text_for_speaker,0,,1
CREC-2015-12-10-pt1-PgH9271-11,CREC-2015-12-10,text_for_speaker,0,,1
CREC-2015-12-10-pt1-PgH9271-13,CREC-2015-12-10,text_for_speaker,0,,1
CREC-2015-12-10-pt1-PgH9271-15,CREC-2015-12-10,text_for_speaker,0,,1
CREC-2015-12-10-pt1-PgH9271-14,CREC-2015-12-10,text_for_speaker,0,,1
CREC-2015-12-10-pt1-PgH9271-16,CREC-2015-12-10,text_for_speaker,0,,1
CREC-2015-12-10-pt1-PgH9271-18,CREC-2015-12-10,text_for_speaker,0,,1
CREC-2015-12-10-pt1-PgH9271-17,CREC-2015-12-10,text_for_speaker,0,,1
CREC-2015-12-10-pt1-PgH9271-19,CREC-2015-12-10,text_for_speaker,0,,1
CREC-2015-12-10-pt1-PgH9271-21,CREC-2015-12-10,text_for_speaker,0,,1
CREC-2015-12-10-pt1-PgH9271-20,CREC-2015-12-10,text_for_speaker,0,,1
CREC-2015-12-10-pt1-PgH9271-22,CREC-2015-12-10,text_for_speaker,0,,1
CREC-2015-12-10-pt1-PgH9271-23,CREC-2015-12-10,text_for_speaker,0,,1
CREC-2015-12-10-pt1-PgH9272,CREC-2015-12-10,text_for_speaker,0,,1
CREC-2015-12-10-pt1-PgH9272-2,CREC-2015-12-10,text_for_speaker,0,,1
CREC-2015-12-10-pt1-PgS8563,CREC-2015-12-10,text_for_speaker,0,,1
CREC-2015-12-10-pt1-PgS-FrontMatter-2,CREC-2015-12-10,text_for_speaker,0,,1
CREC-2015-12-10-pt1-PgS8563-2,CREC-2015-12-10,text_for_speaker,0,,1
CREC-2015-12-10-pt1-PgS8563-4,CREC-2015-12-10,text_for_speaker,0,,1
CREC-2015-12-10-pt1-PgS8563-3,CREC-2015-12-10,text_for_speaker,0,,1
CREC-2015-12-10-pt1-PgS8595-2,CREC-2015-12-10,text_for_speaker,0,,1
CREC-2015-12-10-pt1-PgS8597,CREC-2015-12-10,text_for_speaker,0,,1
CREC-2015-12-10-pt1-PgS8601-2,CREC-2015-12-10,text_for_speaker,0,,1
CREC-2015-12-10-pt1-PgS8601-3,CREC-2015-12-10,text_for_speaker,0,,1
CREC-2015-12-10-pt1-PgS8602,CREC-2015-12-10,text_for_speaker,0,,1
CREC-2015-12-10-pt1-PgS8601-4,CREC-2015-12-10,text_for_speaker,0,,1
CREC-2015-12-10-pt1-PgS8602-2,CREC-2015-12-10,text_for_speaker,0,,1
CREC-2015-12-10-pt1-PgS8602-3,CREC-2015-12-10,text_for_speaker,0,,1
CREC-2015-12-10-pt1-PgS8602-4,CREC-2015-12-10,text_for_speaker,0,,1
CREC-2015-12-10-pt1-PgS8602-5,CREC-2015-12-10,text_for_speaker,0,,1
CREC-2015-12-10-pt1-PgS8610-2,CREC-2015-12-10,text_for_speaker,0,,1
CREC-2015-12-10-pt1-PgS8610,CREC-2015-12-10,text_for_speaker,0,,1
CREC-2015-12-10-pt1-PgS8610-3,CREC-2015-12-10,text_for_speaker,0,,1
CREC-2015-12-10-pt1-PgS8610-4,CREC-2015-12-10,text_for_speaker,0,,1
CREC-2015-12-10-pt1-PgS8610-5,CREC-2015-12-10,text_for_speaker,0,,1
CREC-2015-12-10-pt1-PgS8610-6,CREC-2015-12-10,text_for_speaker,0,,1
CREC-2015-12-10-pt1-PgS8611,CREC-2015-12-10,text_for_speaker,0,,1
CREC-2015-12-10-pt1-PgS8611-2,CREC-2015-12-10,text_for_speaker,0,,1
CREC-2015-12-10-pt1-PgS8619-3,CREC-2015-12-10,text_for_speaker,0,,1
CREC-2015-12-10-pt1-PgS8619-4,CREC-2015-12-10,text_for_speaker,0,,1
CREC-2015-12-10-pt1-PgS8619-5,CREC-2015-12-10,text_for_speaker,0,,1
CREC-2015-12-10-pt1-PgE1756-4,CREC-2015-12-10,text_for_speaker,0,,1
CREC-2015-12-10-pt1-PgE1758-3,CREC-2015-12-10,text_for_speaker,0,,1
CREC-2015-12-10-pt1-PgE1769,CREC-2015-12-10,text_for_speaker,0,,1
CREC-2015-12-10-pt1-PgD1305,CREC-2015-12-10,text_for_speaker,0,,1
CREC-2015-12-10-pt1-PgD1307,CREC-2015-12-10,text_for_speaker,0,,1
CREC-2015-12-10-pt1-PgD1306,CREC-2015-12-10,text_for_speaker,0,,1
CREC-2015-12-10-pt1-PgD1308,CREC-2015-12-10,text_for_speaker,0,,1
CREC-2015-12-10-pt1-PgD1309,CREC-2015-12-10,text_for_speaker,0,,1
CREC-2015-12-10-pt1-PgD1309-2,CREC-2015-12-10,text_for_speaker,0,,1
CREC-2015-12-14-pt1-PgS8623-2,CREC-2015-12-14,text_for_speaker,0,,1
CREC-2015-12-14-pt1-PgS8624,CREC-2015-12-14,text_for_speaker,0,,1
CREC-2015-12-14-pt1-PgS8623,CREC-2015-12-14,text_for_speaker,0,,1
CREC-2015-12-14-pt1-PgS8624-2,CREC-2015-12-14,text_for_speaker,0,,1
CREC-2015-12-14-pt1-PgS8629-6,CREC-2015-12-14,text_for_speaker,0,,1
CREC-2015-12-14-pt1-PgS8633-3,CREC-2015-12-14,text_for_speaker,0,,1
CREC-2015-12-14-pt1-PgS8633-4,CREC-2015-12-14,text_for_speaker,0,,1
CREC-2015-12-14-pt1-PgS8633-5,CREC-2015-12-14,text_for_speaker,0,,1
CREC-2015-12-14-pt1-PgS8634-2,CREC-2015-12-14,text_for_speaker,0,,1
CREC-2015-12-14-pt1-PgS8634,CREC-2015-12-14,text_for_speaker,0,,1
CREC-2015-12-14-pt1-PgS8634-3,CREC-2015-12-14,text_for_speaker,0,,1
CREC-2015-12-14-pt1-PgS8636,CREC-2015-12-14,text_for_speaker,0,,1
CREC-2015-12-14-pt1-PgS8636-2,CREC-2015-12-14,text_for_speaker,0,,1
CREC-2015-12-14-pt1-PgS8636-3,CREC-2015-12-14,text_for_speaker,0,,1
CREC-2015-12-14-pt1-PgS8636-4,CREC-2015-12-14,text_for_speaker,0,,1
CREC-2015-12-14-pt1-PgS8637-2,CREC-2015-12-14,text_for_speaker,0,,1
CREC-2015-12-14-pt1-PgS8637,CREC-2015-12-14,text_for_speaker,0,,1
CREC-2015-12-14-pt1-PgS8638,CREC-2015-12-14,text_for_speaker,0,,1
CREC-2015-12-14-pt1-PgS8638-2,CREC-2015-12-14,text_for_speaker,0,,1
CREC-2015-12-14-pt1-PgS8640-5,CREC-2015-12-14,text_for_speaker,0,,1
CREC-2015-12-14-pt1-PgS8646,CREC-2015-12-14,text_for_speaker,0,,1
CREC-2015-12-14-pt1-PgS8640-6,CREC-2015-12-14,text_for_speaker,0,,1
CREC-2015-12-14-pt1-PgE1785-2,CREC-2015-12-14,text_for_speaker,0,,1
CREC-2015-12-14-pt1-PgD1315,CREC-2015-12-14,text_for_speaker,0,,1
CREC-2015-12-14-pt1-PgD1316,CREC-2015-12-14,text_for_speaker,0,,1
CREC-2015-12-14-pt1-PgD1316-2,CREC-2015-12-14,text_for_speaker,0,,1
CREC-2015-12-14-pt1-PgD1316-4,CREC-2015-12-14,text_for_speaker,0,,1
CREC-2015-12-14-pt1-PgD1316-3,CREC-2015-12-14,text_for_speaker,0,,1
CREC-2015-12-14-pt1-PgD1316-5,CREC-2015-12-14,text_for_speaker,0,,1
CREC-2015-12-14-pt1-PgD1316-6,CREC-2015-12-14,text_for_speaker,0,,1
CREC-2015-12-14-pt1-PgD1317,CREC-2015-12-14,text_for_speaker,0,,1
CREC-2015-12-15-pt1-PgH-FrontMatter-3,CREC-2015-12-15,text_for_speaker,0,,1
CREC-2015-12-15-pt1-PgH9309,CREC-2015-12-15,text_for_speaker,0,,1
CREC-2015-12-15-pt1-PgH9309-2,CREC-2015-12-15,text_for_speaker,0,,1
CREC-2015-12-15-pt1-PgH9313-2,CREC-2015-12-15,text_for_speaker,0,,1
CREC-2015-12-15-pt1-PgH9313-3,CREC-2015-12-15,text_for_speaker,0,,1
CREC-2015-12-15-pt1-PgH9313-7,CREC-2015-12-15,text_for_speaker,0,,1
CREC-2015-12-15-pt1-PgH9314,CREC-2015-12-15,text_for_speaker,0,,1
CREC-2015-12-15-pt1-PgH9321-2,CREC-2015-12-15,text_for_speaker,0,,1
CREC-2015-12-15-pt1-PgH9322,CREC-2015-12-15,text_for_speaker,0,,1
CREC-2015-12-15-pt1-PgH9322-3,CREC-2015-12-15,text_for_speaker,0,,1
CREC-2015-12-15-pt1-PgH9323-3,CREC-2015-12-15,text_for_speaker,0,,1
CREC-2015-12-15-pt1-PgH9326,CREC-2015-12-15,text_for_speaker,0,,1
CREC-2015-12-15-pt1-PgH9326-2,CREC-2015-12-15,text_for_speaker,0,,1
CREC-2015-12-15-pt1-PgH9326-4,CREC-2015-12-15,text_for_speaker,0,,1
CREC-2015-12-15-pt1-PgH9326-3,CREC-2015-12-15,text_for_speaker,0,,1
CREC-2015-12-15-pt1-PgH9327,CREC-2015-12-15,text_for_speaker,0,,1
CREC-2015-12-15-pt1-PgH9327-3,CREC-2015-12-15,text_for_speaker,0,,1
CREC-2015-12-15-pt1-PgH9328,CREC-2015-12-15,text_for_speaker,0,,1
CREC-2015-12-15-pt1-PgH9328-2,CREC-2015-12-15,text_for_speaker,0,,1
CREC-2015-12-15-pt1-PgH9328-4,CREC-2015-12-15,text_for_speaker,0,,1
CREC-2015-12-15-pt1-PgH9328-5,CREC-2015-12-15,text_for_speaker,0,,1
CREC-2015-12-15-pt1-PgH9328-3,CREC-2015-12-15,text_for_speaker,0,,1
CREC-2015-12-15-pt1-PgH9328-6,CREC-2015-12-15,text_for_speaker,0,,1
CREC-2015-12-15-pt1-PgH9328-8,CREC-2015-12-15,text_for_speaker,0,,1
CREC-2015-12-15-pt1-PgH9328-7,CREC-2015-12-15,text_for_speaker,0,,1
CREC-2015-12-15-pt1-PgH9328-9,CREC-2015-12-15,text_for_speaker,0,,1
CREC-2015-12-15-pt1-PgH9328-11,CREC-2015-12-15,text_for_speaker,0,,1
CREC-2015-12-15-pt1-PgH9328-10,CREC-2015-12-15,text_for_speaker,0,,1
CREC-2015-12-15-pt1-PgH9328-12,CREC-2015-12-15,text_for_speaker,0,,1
CREC-2015-12-15-pt1-PgH9328-14,CREC-2015-12-15,text_for_speaker,0,,1
CREC-2015-12-15-pt1-PgH9328-15,CREC-2015-12-15,text_for_speaker,0,,1
CREC-2015-12-15-pt1-PgH9328-13,CREC-2015-12-15,text_for_speaker,0,,1
CREC-2015-12-15-pt1-PgH9328-16,CREC-2015-12-15,text_for_speaker,0,,1
CREC-2015-12-15-pt1-PgH9328-17,CREC-2015-12-15,text_for_speaker,0,,1
CREC-2015-12-15-pt1-PgH9328-18,CREC-2015-12-15,text_for_speaker,0,,1
CREC-2015-12-15-pt1-PgH9328-19,CREC-2015-12-15,text_for_speaker,0,,1
CREC-2015-12-15-pt1-PgS-FrontMatter,CREC-2015-12-15,text_for_speaker,0,,1
CREC-2015-12-15-pt1-PgS8647,CREC-2015-12-15,text_for_speaker,0,,1
CREC-2015-12-15-pt1-PgH9329,CREC-2015-12-15,text_for_speaker,0,,1
CREC-2015-12-15-pt1-PgS8647-2,CREC-2015-12-15,text_for_speaker,0,,1
CREC-2015-12-15-pt1-PgS8647-5,CREC-2015-12-15,text_for_speaker,0,,1
CREC-2015-12-15-pt1-PgS8647-4,CREC-2015-12-15,text_for_speaker,0,,1
CREC-2015-12-15-pt1-PgS8647-3,CREC-2015-12-15,text_for_speaker,0,,1
CREC-2015-12-15-pt1-PgS8683-2,CREC-2015-12-15,text_for_speaker,0,,1
CREC-2015-12-15-pt1-PgS8683-3,CREC-2015-12-15,text_for_speaker,0,,1
CREC-2015-12-15-pt1-PgS8683-4,CREC-2015-12-15,text_for_speaker,0,,1
CREC-2015-12-15-pt1-PgS8684,CREC-2015-12-15,text_for_speaker,0,,1
CREC-2015-12-15-pt1-PgS8684-3,CREC-2015-12-15,text_for_speaker,0,,1
CREC-2015-12-15-pt1-PgS8684-2,CREC-2015-12-15,text_for_speaker,0,,1
CREC-2015-12-15-pt1-PgS8684-4,CREC-2015-12-15,text_for_speaker,0,,1
CREC-2015-12-15-pt1-PgS8684-5,CREC-2015-12-15,text_for_speaker,0,,1
CREC-2015-12-15-pt1-PgS8686-2,CREC-2015-12-15,text_for_speaker,0,,1
CREC-2015-12-15-pt1-PgS8686,CREC-2015-12-15,text_for_speaker,0,,1
CREC-2015-12-15-pt1-PgS8686-3,CREC-2015-12-15,text_for_speaker,0,,1
CREC-2015-12-15-pt1-PgS8687,CREC-2015-12-15,text_for_speaker,0,,1
CREC-2015-12-15-pt1-PgS8687-2,CREC-2015-12-15,text_for_speaker,0,,1
CREC-2015-12-15-pt1-PgS8688,CREC-2015-12-15,text_for_speaker,0,,1
CREC-2015-12-15-pt1-PgS8688-2,CREC-2015-12-15,text_for_speaker,0,,1
CREC-2015-12-15-pt1-PgE1787-5,CREC-2015-12-15,text_for_speaker,0,,1
CREC-2015-12-15-pt1-PgE1788,CREC-2015-12-15,text_for_speaker,0,,1
CREC-2015-12-15-pt1-PgE1796-2,CREC-2015-12-15,text_for_speaker,0,,1
CREC-2015-12-15-pt1-PgD1320,CREC-2015-12-15,text_for_speaker,0,,1
CREC-2015-12-15-pt1-PgD1321,CREC-2015-12-15,text_for_speaker,0,,1
CREC-2015-12-15-pt1-PgD1321-2,CREC-2015-12-15,text_for_speaker,0,,1
CREC-2015-12-15-pt1-PgD1322,CREC-2015-12-15,text_for_speaker,0,,1
CREC-2015-12-15-pt1-PgD1322-3,CREC-2015-12-15,text_for_speaker,0,,1
CREC-2015-12-15-pt1-PgD1322-2,CREC-2015-12-15,text_for_speaker,0,,1
CREC-2015-12-15-pt1-PgD1323,CREC-2015-12-15,text_for_speaker,0,,1
CREC-2015-12-16-pt1-PgH-FrontMatter-2,CREC-2015-12-16,text_for_speaker,0,,1
CREC-2015-12-16-pt1-PgH9331,CREC-2015-12-16,text_for_speaker,0,,1
CREC-2015-12-16-pt1-PgH9331-2,CREC-2015-12-16,text_for_speaker,0,,1
CREC-2015-12-16-pt1-PgH9333,CREC-2015-12-16,text_for_speaker,0,,1
CREC-2015-12-16-pt1-PgH9333-2,CREC-2015-12-16,text_for_speaker,0,,1
CREC-2015-12-16-pt1-PgH9346,CREC-2015-12-16,text_for_speaker,0,,1
CREC-2015-12-16-pt1-PgH9356,CREC-2015-12-16,text_for_speaker,0,,1
CREC-2015-12-16-pt1-PgH9372-2,CREC-2015-12-16,text_for_speaker,0,,1
CREC-2015-12-16-pt1-PgH9372-3,CREC-2015-12-16,text_for_speaker,0,,1
CREC-2015-12-16-pt1-PgH9372-4,CREC-2015-12-16,text_for_speaker,0,,1
CREC-2015-12-16-pt1-PgH9372-7,CREC-2015-12-16,text_for_speaker,0,,1
CREC-2015-12-16-pt1-PgH9372-6,CREC-2015-12-16,text_for_speaker,0,,1
CREC-2015-12-16-pt1-PgH9372-8,CREC-2015-12-16,text_for_speaker,0,,1
CREC-2015-12-16-pt1-PgH9372-9,CREC-2015-12-16,text_for_speaker,0,,1
CREC-2015-12-16-pt1-PgH9373-2,CREC-2015-12-16,text_for_speaker,0,,1
CREC-2015-12-16-pt1-PgH9375,CREC-2015-12-16,text_for_speaker,0,,1
CREC-2015-12-16-pt1-PgH9375-2,CREC-2015-12-16,text_for_speaker,0,,1
CREC-2015-12-16-pt1-PgH9373-4,CREC-2015-12-16,text_for_speaker,0,,1
CREC-2015-12-16-pt1-PgH9375-3,CREC-2015-12-16,text_for_speaker,0,,1
CREC-2015-12-16-pt1-PgH9375-4,CREC-2015-12-16,text_for_speaker,0,,1
CREC-2015-12-16-pt1-PgH9375-5,CREC-2015-12-16,text_for_speaker,0,,1
CREC-2015-12-16-pt1-PgH9375-7,CREC-2015-12-16,text_for_speaker,0,,1
CREC-2015-12-16-pt1-PgH9375-6,CREC-2015-12-16,text_for_speaker,0,,1
CREC-2015-12-16-pt1-PgH9375-9,CREC-2015-12-16,text_for_speaker,0,,1
CREC-2015-12-16-pt1-PgH9375-8,CREC-2015-12-16,text_for_speaker,0,,1
CREC-2015-12-16-pt1-PgH9375-10,CREC-2015-12-16,text_for_speaker,0,,1
CREC-2015-12-16-pt1-PgH9375-12,CREC-2015-12-16,text_for_speaker,0,,1
CREC-2015-12-16-pt1-PgH9375-11,CREC-2015-12-16,text_for_speaker,0,,1
CREC-2015-12-16-pt1-PgH9375-13,CREC-2015-12-16,text_for_speaker,0,,1
CREC-2015-12-16-pt1-PgH9375-15,CREC-2015-12-16,text_for_speaker,0,,1
CREC-2015-12-16-pt1-PgH9375-14,CREC-2015-12-16,text_for_speaker,0,,1
CREC-2015-12-16-pt1-PgH9375-16,CREC-2015-12-16,text_for_speaker,0,,1
CREC-2015-12-16-pt1-PgH9375-17,CREC-2015-12-16,text_for_speaker,0,,1
CREC-2015-12-16-pt1-PgH9375-18,CREC-2015-12-16,text_for_speaker,0,,1
CREC-2015-12-16-pt1-PgH9375-19,CREC-2015-12-16,text_for_speaker,0,,1
CREC-2015-12-16-pt1-PgH9375-20,CREC-2015-12-16,text_for_speaker,0,,1
CREC-2015-12-16-pt1-PgH9375-21,CREC-2015-12-16,text_for_speaker,0,,1
CREC-2015-12-16-pt1-PgH9375-22,CREC-2015-12-16,text_for_speaker,0,,1
CREC-2015-12-16-pt1-PgH9375-23,CREC-2015-12-16,text_for_speaker,0,,1
CREC-2015-12-16-pt1-PgH9375-24,CREC-2015-12-16,text_for_speaker,0,,1
CREC-2015-12-16-pt1-PgH9376,CREC-2015-12-16,text_for_speaker,0,,1
CREC-2015-12-16-pt1-PgS-FrontMatter,CREC-2015-12-16,text_for_speaker,0,,1
CREC-2015-12-16-pt1-PgS8689,CREC-2015-12-16,text_for_speaker,0,,1
CREC-2015-12-16-pt1-PgS8689-2,CREC-2015-12-16,text_for_speaker,0,,1
CREC-2015-12-16-pt1-PgS8690,CREC-2015-12-16,text_for_speaker,0,,1
CREC-2015-12-16-pt1-PgS8690-2,CREC-2015-12-16,text_for_speaker,0,,1
CREC-2015-12-16-pt1-PgS8724-2,CREC-2015-12-16,text_for_speaker,0,,1
CREC-2015-12-16-pt1-PgS8724-3,CREC-2015-12-16,text_for_speaker,0,,1
CREC-2015-12-16-pt1-PgS8724-4,CREC-2015-12-16,text_for_speaker,0,,1
CREC-2015-12-16-pt1-PgS8725,CREC-2015-12-16,text_for_speaker,0,,1
CREC-2015-12-16-pt1-PgS8724-5,CREC-2015-12-16,text_for_speaker,0,,1
CREC-2015-12-16-pt1-PgS8725-2,CREC-2015-12-16,text_for_speaker,0,,1
CREC-2015-12-16-pt1-PgS8726,CREC-2015-12-16,text_for_speaker,0,,1
CREC-2015-12-16-pt1-PgS8726-2,CREC-2015-12-16,text_for_speaker,0,,1
CREC-2015-12-16-pt1-PgS8726-3,CREC-2015-12-16,text_for_speaker,0,,1
CREC-2015-12-16-pt1-PgS8727,CREC-2015-12-16,text_for_speaker,0,,1
CREC-2015-12-16-pt1-PgS8727-2,CREC-2015-12-16,text_for_speaker,0,,1
CREC-2015-12-16-pt1-PgS8732-2,CREC-2015-12-16,text_for_speaker,0,,1
CREC-2015-12-16-pt1-PgS8732-3,CREC-2015-12-16,text_for_speaker,0,,1
CREC-2015-12-16-pt1-PgS8732-4,CREC-2015-12-16,text_for_speaker,0,,1
CREC-2015-12-16-pt1-PgE1809-2,CREC-2015-12-16,text_for_speaker,0,,1
CREC-2015-12-16-pt1-PgD1325,CREC-2015-12-16,text_for_speaker,0,,1
CREC-2015-12-16-pt1-PgD1326,CREC-2015-12-16,text_for_speaker,0,,1
CREC-2015-12-16-pt1-PgD1327,CREC-2015-12-16,text_for_speaker,0,,1
CREC-2015-12-16-pt1-PgD1328,CREC-2015-12-16,text_for_speaker,0,,1
CREC-2015-12-16-pt1-PgD1329,CREC-2015-12-16,text_for_speaker,0,,1
CREC-2015-12-16-pt1-PgD1330,CREC-2015-12-16,text_for_speaker,0,,1
CREC-2015-12-17-pt1-PgH-FrontMatter,CREC-2015-12-17,text_for_speaker,0,,1
CREC-2015-12-17-pt1-PgH9377,CREC-2015-12-17,text_for_speaker,0,,1
CREC-2015-12-17-pt1-PgH9377-2,CREC-2015-12-17,text_for_speaker,0,,1
CREC-2015-12-17-pt1-PgH9378-5,CREC-2015-12-17,text_for_speaker,0,,1
CREC-2015-12-17-pt1-PgH9390,CREC-2015-12-17,text_for_speaker,0,,1
CREC-2015-12-17-pt1-PgH9434,CREC-2015-12-17,text_for_speaker,0,,1
CREC-2015-12-17-pt1-PgH9689,CREC-2015-12-17,text_for_speaker,0,,1
CREC-2015-12-17-pt1-PgH9689-2,CREC-2015-12-17,text_for_speaker,0,,1
CREC-2015-12-17-pt1-PgH9689-4,CREC-2015-12-17,text_for_speaker,0,,1
CREC-2015-12-17-pt1-PgH9690,CREC-2015-12-17,text_for_speaker,0,,1
CREC-2015-12-17-pt1-PgH9691-2,CREC-2015-12-17,text_for_speaker,0,,1
CREC-2015-12-17-pt1-PgH9691,CREC-2015-12-17,text_for_speaker,0,,1
CREC-2015-12-17-pt1-PgH9691-3,CREC-2015-12-17,text_for_speaker,0,,1
CREC-2015-12-17-pt1-PgH9691-4,CREC-2015-12-17,text_for_speaker,0,,1
CREC-2015-12-17-pt1-PgH9691-5,CREC-2015-12-17,text_for_speaker,0,,1
CREC-2015-12-17-pt1-PgH9691-6,CREC-2015-12-17,text_for_speaker,0,,1
CREC-2015-12-17-pt1-PgH9691-7,CREC-2015-12-17,text_for_speaker,0,,1
CREC-2015-12-17-pt1-PgH9691-9,CREC-2015-12-17,text_for_speaker,0,,1
CREC-2015-12-17-pt1-PgH9691-8,CREC-2015-12-17,text_for_speaker,0,,1
CREC-2015-12-17-pt1-PgH9691-10,CREC-2015-12-17,text_for_speaker,0,,1
CREC-2015-12-17-pt2-PgH-FrontMatter-4,CREC-2015-12-17,text_for_speaker,0,,1
CREC-2015-12-17-pt1-PgH9691-11,CREC-2015-12-17,text_for_speaker,0,,1
CREC-2015-12-17-pt3-PgH-FrontMatter-4,CREC-2015-12-17,text_for_speaker,0,,1
CREC-2015-12-17-pt1-PgS-FrontMatter-11,CREC-2015-12-17,text_for_speaker,0,,1
CREC-2015-12-17-pt1-PgS8733,CREC-2015-12-17,text_for_speaker,0,,1
CREC-2015-12-17-pt2-PgH9693,CREC-2015-12-17,text_for_speaker,0,,1
CREC-2015-12-17-pt1-PgS8733-2,CREC-2015-12-17,text_for_speaker,0,,1
CREC-2015-12-17-pt1-PgS8733-3,CREC-2015-12-17,text_for_speaker,0,,1
CREC-2015-12-17-pt1-PgS8733-4,CREC-2015-12-17,text_for_speaker,0,,1
CREC-2015-12-17-pt3-PgH10161,CREC-2015-12-17,text_for_speaker,0,,1
CREC-2015-12-17-pt1-PgS8733-5,CREC-2015-12-17,text_for_speaker,0,,1
CREC-2015-12-17-pt1-PgS8785,CREC-2015-12-17,text_for_speaker,0,,1
CREC-2015-12-17-pt1-PgS8793,CREC-2015-12-17,text_for_speaker,0,,1
CREC-2015-12-17-pt1-PgS8793-2,CREC-2015-12-17,text_for_speaker,0,,1
CREC-2015-12-17-pt1-PgS8793-3,CREC-2015-12-17,text_for_speaker,0,,1
CREC-2015-12-17-pt1-PgS8793-4,CREC-2015-12-17,text_for_speaker,0,,1
CREC-2015-12-17-pt1-PgS8794,CREC-2015-12-17,text_for_speaker,0,,1
CREC-2015-12-17-pt1-PgS8794-2,CREC-2015-12-17,text_for_speaker,0,,1
CREC-2015-12-17-pt1-PgS8796,CREC-2015-12-17,text_for_speaker,0,,1
CREC-2015-12-17-pt1-PgS8796-2,CREC-2015-12-17,text_for_speaker,0,,1
CREC-2015-12-17-pt1-PgS8796-4,CREC-2015-12-17,text_for_speaker,0,,1
CREC-2015-12-17-pt1-PgS8828,CREC-2015-12-17,text_for_speaker,0,,1
CREC-2015-12-17-pt1-PgS8796-3,CREC-2015-12-17,text_for_speaker,0,,1
CREC-2015-12-17-pt1-PgS8816,CREC-2015-12-17,text_for_speaker,0,,1
CREC-2015-12-17-pt1-PgS8828-2,CREC-2015-12-17,text_for_speaker,0,,1
CREC-2015-12-17-pt1-PgS8828-3,CREC-2015-12-17,text_for_speaker,0,,1
CREC-2015-12-17-pt1-PgS8830,CREC-2015-12-17,text_for_speaker,0,,1
CREC-2015-12-17-pt1-PgS8828-4,CREC-2015-12-17,text_for_speaker,0,,1
CREC-2015-12-17-pt1-PgS8836-2,CREC-2015-12-17,text_for_speaker,0,,1
CREC-2015-12-17-pt1-PgS8836-3,CREC-2015-12-17,text_for_speaker,0,,1
CREC-2015-12-17-pt1-PgS8836-4,CREC-2015-12-17,text_for_speaker,0,,1
CREC-2015-12-17-pt1-PgE1812-3,CREC-2015-12-17,text_for_speaker,0,,1
CREC-2015-12-17-pt1-PgE1818-2,CREC-2015-12-17,text_for_speaker,0,,1
CREC-2015-12-17-pt1-PgE1820-2,CREC-2015-12-17,text_for_speaker,0,,1
CREC-2015-12-17-pt3-PgD1331,CREC-2015-12-17,text_for_speaker,0,,1
CREC-2015-12-17-pt3-PgD1332,CREC-2015-12-17,text_for_speaker,0,,1
CREC-2015-12-17-pt3-PgD1332-2,CREC-2015-12-17,text_for_speaker,0,,1
CREC-2015-12-17-pt3-PgD1333,CREC-2015-12-17,text_for_speaker,0,,1
CREC-2015-12-17-pt3-PgD1333-2,CREC-2015-12-17,text_for_speaker,0,,1
CREC-2015-12-17-pt3-PgD1333-3,CREC-2015-12-17,text_for_speaker,0,,1
CREC-2015-12-17-pt3-PgD1333-4,CREC-2015-12-17,text_for_speaker,0,,1
CREC-2015-12-18-pt1-PgH10693,CREC-2015-12-18,text_for_speaker,0,,1
CREC-2015-12-18-pt1-PgH-FrontMatter-2,CREC-2015-12-18,text_for_speaker,0,,1
CREC-2015-12-18-pt1-PgH10693-2,CREC-2015-12-18,text_for_speaker,0,,1
CREC-2015-12-18-pt1-PgH10694-6,CREC-2015-12-18,text_for_speaker,0,,1
CREC-2015-12-18-pt1-PgH10697-2,CREC-2015-12-18,text_for_speaker,0,,1
CREC-2015-12-18-pt1-PgH10699-3,CREC-2015-12-18,text_for_speaker,0,,1
CREC-2015-12-18-pt1-PgH10706-2,CREC-2015-12-18,text_for_speaker,0,,1
CREC-2015-12-18-pt1-PgH10706,CREC-2015-12-18,text_for_speaker,0,,1
CREC-2015-12-18-pt1-PgH10706-4,CREC-2015-12-18,text_for_speaker,0,,1
CREC-2015-12-18-pt1-PgH10706-5,CREC-2015-12-18,text_for_speaker,0,,1
CREC-2015-12-18-pt1-PgH10708,CREC-2015-12-18,text_for_speaker,0,,1
CREC-2015-12-18-pt1-PgH10708-3,CREC-2015-12-18,text_for_speaker,0,,1
CREC-2015-12-18-pt1-PgH10708-5,CREC-2015-12-18,text_for_speaker,0,,1
CREC-2015-12-18-pt1-PgH10708-4,CREC-2015-12-18,text_for_speaker,0,,1
CREC-2015-12-18-pt1-PgH10708-6,CREC-2015-12-18,text_for_speaker,0,,1
CREC-2015-12-18-pt1-PgH10708-8,CREC-2015-12-18,text_for_speaker,0,,1
CREC-2015-12-18-pt1-PgH10711,CREC-2015-12-18,text_for_speaker,0,,1
CREC-2015-12-18-pt1-PgH10711-2,CREC-2015-12-18,text_for_speaker,0,,1
CREC-2015-12-18-pt1-PgH10710,CREC-2015-12-18,text_for_speaker,0,,1
CREC-2015-12-18-pt1-PgH10711-3,CREC-2015-12-18,text_for_speaker,0,,1
CREC-2015-12-18-pt1-PgH10711-4,CREC-2015-12-18,text_for_speaker,0,,1
CREC-2015-12-18-pt1-PgH10711-5,CREC-2015-12-18,text_for_speaker,0,,1
CREC-2015-12-18-pt1-PgH10711-6,CREC-2015-12-18,text_for_speaker,0,,1
CREC-2015-12-18-pt1-PgH10711-7,CREC-2015-12-18,text_for_speaker,0,,1
CREC-2015-12-18-pt1-PgH10711-8,CREC-2015-12-18,text_for_speaker,0,,1
CREC-2015-12-18-pt1-PgH10711-9,CREC-2015-12-18,text_for_speaker,0,,1
CREC-2015-12-18-pt1-PgH10711-10,CREC-2015-12-18,text_for_speaker,0,,1
CREC-2015-12-18-pt1-PgH10711-11,CREC-2015-12-18,text_for_speaker,0,,1
CREC-2015-12-18-pt1-PgH10711-12,CREC-2015-12-18,text_for_speaker,0,,1
CREC-2015-12-18-pt1-PgH10711-13,CREC-2015-12-18,text_for_speaker,0,,1
CREC-2015-12-18-pt1-PgH10711-14,CREC-2015-12-18,text_for_speaker,0,,1
CREC-2015-12-18-pt1-PgH10711-15,CREC-2015-12-18,text_for_speaker,0,,1
CREC-2015-12-18-pt1-PgH10711-16,CREC-2015-12-18,text_for_speaker,0,,1
CREC-2015-12-18-pt1-PgH10711-17,CREC-2015-12-18,text_for_speaker,0,,1
CREC-2015-12-18-pt1-PgH10711-18,CREC-2015-12-18,text_for_speaker,0,,1
CREC-2015-12-18-pt1-PgH10711-20,CREC-2015-12-18,text_for_speaker,0,,1
CREC-2015-12-18-pt1-PgH10711-19,CREC-2015-12-18,text_for_speaker,0,,1
CREC-2015-12-18-pt1-PgH10711-21,CREC-2015-12-18,text_for_speaker,0,,1
CREC-2015-12-18-pt1-PgH10711-23,CREC-2015-12-18,text_for_speaker,0,,1
CREC-2015-12-18-pt1-PgH10711-24,CREC-2015-12-18,text_for_speaker,0,,1
CREC-2015-12-18-pt1-PgH10711-25,CREC-2015-12-18,text_for_speaker,0,,1
CREC-2015-12-18-pt1-PgH10711-26,CREC-2015-12-18,text_for_speaker,0,,1
CREC-2015-12-18-pt1-PgH10712,CREC-2015-12-18,text_for_speaker,0,,1
CREC-2015-12-18-pt1-PgH10713,CREC-2015-12-18,text_for_speaker,0,,1
CREC-2015-12-18-pt1-PgH10712-2,CREC-2015-12-18,text_for_speaker,0,,1
CREC-2015-12-18-pt1-PgH10713-2,CREC-2015-12-18,text_for_speaker,0,,1
CREC-2015-12-18-pt1-PgS-FrontMatter-2,CREC-2015-12-18,text_for_speaker,0,,1
CREC-2015-12-18-pt1-PgS8837-2,CREC-2015-12-18,text_for_speaker,0,,1
CREC-2015-12-18-pt1-PgS8837,CREC-2015-12-18,text_for_speaker,0,,1
CREC-2015-12-18-pt1-PgS8837-3,CREC-2015-12-18,text_for_speaker,0,,1
CREC-2015-12-18-pt1-PgS8837-4,CREC-2015-12-18,text_for_speaker,0,,1
CREC-2015-12-18-pt1-PgS8838-3,CREC-2015-12-18,text_for_speaker,0,,1
CREC-2015-12-18-pt1-PgS8838-2,CREC-2015-12-18,text_for_speaker,0,,1
CREC-2015-12-18-pt1-PgS8881,CREC-2015-12-18,text_for_speaker,0,,1
CREC-2015-12-18-pt1-PgS8881-2,CREC-2015-12-18,text_for_speaker,0,,1
CREC-2015-12-18-pt1-PgS8881-4,CREC-2015-12-18,text_for_speaker,0,,1
CREC-2015-12-18-pt1-PgS8881-3,CREC-2015-12-18,text_for_speaker,0,,1
CREC-2015-12-18-pt1-PgS8881-5,CREC-2015-12-18,text_for_speaker,0,,1
CREC-2015-12-18-pt1-PgS8881-6,CREC-2015-12-18,text_for_speaker,0,,1
CREC-2015-12-18-pt1-PgS8882,CREC-2015-12-18,text_for_speaker,0,,1
CREC-2015-12-18-pt1-PgS8882-2,CREC-2015-12-18,text_for_speaker,0,,1
CREC-2015-12-18-pt1-PgS8883,CREC-2015-12-18,text_for_speaker,0,,1
CREC-2015-12-18-pt1-PgS8883-2,CREC-2015-12-18,text_for_speaker,0,,1
CREC-2015-12-18-pt1-PgS8883-4,CREC-2015-12-18,text_for_speaker,0,,1
CREC-2015-12-18-pt1-PgS8883-3,CREC-2015-12-18,text_for_speaker,0,,1
CREC-2015-12-18-pt1-PgS8886,CREC-2015-12-18,text_for_speaker,0,,1
CREC-2015-12-18-pt1-PgS8885-3,CREC-2015-12-18,text_for_speaker,0,,1
CREC-2015-12-18-pt1-PgS8887,CREC-2015-12-18,text_for_speaker,0,,1
CREC-2015-12-18-pt1-PgS8889,CREC-2015-12-18,text_for_speaker,0,,1
CREC-2015-12-18-pt1-PgS8888,CREC-2015-12-18,text_for_speaker,0,,1
CREC-2015-12-18-pt1-PgS8889-2,CREC-2015-12-18,text_for_speaker,0,,1
CREC-2015-12-18-pt1-PgS8889-4,CREC-2015-12-18,text_for_speaker,0,,1
CREC-2015-12-18-pt1-PgS8889-5,CREC-2015-12-18,text_for_speaker,0,,1
CREC-2015-12-18-pt1-PgS8889-3,CREC-2015-12-18,text_for_speaker,0,,1
CREC-2015-12-18-pt1-PgS8889-6,CREC-2015-12-18,text_for_speaker,0,,1
CREC-2015-12-18-pt1-PgS8906-2,CREC-2015-12-18,text_for_speaker,0,,1
CREC-2015-12-18-pt1-PgS8906,CREC-2015-12-18,text_for_speaker,0,,1
CREC-2015-12-18-pt1-PgS8890,CREC-2015-12-18,text_for_speaker,0,,1
CREC-2015-12-18-pt1-PgS8908-2,CREC-2015-12-18,text_for_speaker,0,,1
CREC-2015-12-18-pt1-PgS8913-6,CREC-2015-12-18,text_for_speaker,0,,1
CREC-2015-12-18-pt1-PgS8913-8,CREC-2015-12-18,text_for_speaker,0,,1
CREC-2015-12-18-pt1-PgS8913-7,CREC-2015-12-18,text_for_speaker,0,,1
CREC-2015-12-18-pt1-PgS8913-9,CREC-2015-12-18,text_for_speaker,0,,1
CREC-2015-12-18-pt1-PgE1823-5,CREC-2015-12-18,text_for_speaker,0,,1
CREC-2015-12-18-pt1-PgE1834-3,CREC-2015-12-18,text_for_speaker,0,,1
CREC-2015-12-18-pt1-PgE1843,CREC-2015-12-18,text_for_speaker,0,,1
CREC-2015-12-18-pt1-PgD1338,CREC-2015-12-18,text_for_speaker,0,,1
CREC-2015-12-18-pt1-PgD1336,CREC-2015-12-18,text_for_speaker,0,,1
CREC-2015-12-18-pt1-PgD1339,CREC-2015-12-18,text_for_speaker,0,,1
CREC-2015-12-18-pt1-PgD1339-2,CREC-2015-12-18,text_for_speaker,0,,1
CREC-2015-12-18-pt1-PgD1339-3,CREC-2015-12-18,text_for_speaker,0,,1
CREC-2015-12-18-pt1-PgD1339-4,CREC-2015-12-18,text_for_speaker,0,,1
CREC-2016-05-17-pt1-PgH2431-2,CREC-2016-05-17,text_for_speaker,0,,1
CREC-2016-05-17-pt1-PgH2431,CREC-2016-05-17,text_for_speaker,0,,1
CREC-2016-05-17-pt1-PgH-FrontMatter-4,CREC-2016-05-17,text_for_speaker,0,,1
CREC-2016-05-17-pt1-PgH2431-3,CREC-2016-05-17,text_for_speaker,0,,1
CREC-2016-05-17-pt1-PgH2436-3,CREC-2016-05-17,text_for_speaker,0,,1
CREC-2016-05-17-pt1-PgH2436-4,CREC-2016-05-17,text_for_speaker,0,,1
CREC-2016-05-17-pt1-PgH2446,CREC-2016-05-17,text_for_speaker,0,,1
CREC-2016-05-17-pt1-PgH2446-2,CREC-2016-05-17,text_for_speaker,0,,1
CREC-2016-05-17-pt1-PgH2458,CREC-2016-05-17,text_for_speaker,0,,1
CREC-2016-05-17-pt1-PgH2698-3,CREC-2016-05-17,text_for_speaker,0,,1
CREC-2016-05-17-pt1-PgH2698-2,CREC-2016-05-17,text_for_speaker,0,,1
CREC-2016-05-17-pt1-PgH2698-4,CREC-2016-05-17,text_for_speaker,0,,1
CREC-2016-05-17-pt1-PgH2698-5,CREC-2016-05-17,text_for_speaker,0,,1
CREC-2016-05-17-pt1-PgH2698-6,CREC-2016-05-17,text_for_speaker,0,,1
CREC-2016-05-17-pt1-PgH2698-7,CREC-2016-05-17,text_for_speaker,0,,1
CREC-2016-05-17-pt1-PgH2699,CREC-2016-05-17,text_for_speaker,0,,1
CREC-2016-05-17-pt1-PgH2699-3,CREC-2016-05-17,text_for_speaker,0,,1
CREC-2016-05-17-pt1-PgH2700,CREC-2016-05-17,text_for_speaker,0,,1
CREC-2016-05-17-pt1-PgH2700-2,CREC-2016-05-17,text_for_speaker,0,,1
CREC-2016-05-17-pt1-PgH2700-3,CREC-2016-05-17,text_for_speaker,0,,1
CREC-2016-05-17-pt1-PgH2700-4,CREC-2016-05-17,text_for_speaker,0,,1
CREC-2016-05-17-pt1-PgH2700-6,CREC-2016-05-17,text_for_speaker,0,,1
CREC-2016-05-17-pt1-PgH2700-5,CREC-2016-05-17,text_for_speaker,0,,1
CREC-2016-05-17-pt1-PgH2700-7,CREC-2016-05-17,text_for_speaker,0,,1
CREC-2016-05-17-pt1-PgH2700-8,CREC-2016-05-17,text_for_speaker,0,,1
CREC-2016-05-17-pt1-PgH2700-9,CREC-2016-05-17,text_for_speaker,0,,1
CREC-2016-05-17-pt1-PgH2700-10,CREC-2016-05-17,text_for_speaker,0,,1
CREC-2016-05-17-pt1-PgH2700-11,CREC-2016-05-17,text_for_speaker,0,,1
CREC-2016-05-17-pt1-PgH2700-12,CREC-2016-05-17,text_for_speaker,0,,1
CREC-2016-05-17-pt1-PgH2700-13,CREC-2016-05-17,text_for_speaker,0,,1
CREC-2016-05-17-pt1-PgH2700-14,CREC-2016-05-17,text_for_speaker,0,,1
CREC-2016-05-17-pt1-PgH2700-15,CREC-2016-05-17,text_for_speaker,0,,1
CREC-2016-05-17-pt1-PgH2700-16,CREC-2016-05-17,text_for_speaker,0,,1
CREC-2016-05-17-pt1-PgH2700-17,CREC-2016-05-17,text_for_speaker,0,,1
CREC-2016-05-17-pt1-PgH2701,CREC-2016-05-17,text_for_speaker,0,,1
CREC-2016-05-17-pt1-PgH2700-18,CREC-2016-05-17,text_for_speaker,0,,1
CREC-2016-05-17-pt1-PgH2701-2,CREC-2016-05-17,text_for_speaker,0,,1
CREC-2016-05-17-pt1-PgH2701-3,CREC-2016-05-17,text_for_speaker,0,,1
CREC-2016-05-17-pt1-PgH2701-4,CREC-2016-05-17,text_for_speaker,0,,1
CREC-2016-05-17-pt1-PgH2701-5,CREC-2016-05-17,text_for_speaker,0,,1
CREC-2016-05-17-pt1-PgS2833,CREC-2016-05-17,text_for_speaker,0,,1
CREC-2016-05-17-pt1-PgS-FrontMatter-6,CREC-2016-05-17,text_for_speaker,0,,1
CREC-2016-05-17-pt1-PgS2833-2,CREC-2016-05-17,text_for_speaker,0,,1
CREC-2016-05-17-pt1-PgS2833-4,CREC-2016-05-17,text_for_speaker,0,,1
CREC-2016-05-17-pt1-PgS2833-3,CREC-2016-05-17,text_for_speaker,0,,1
CREC-2016-05-17-pt1-PgS2833-5,CREC-2016-05-17,text_for_speaker,0,,1
CREC-2016-05-17-pt1-PgS2876-2,CREC-2016-05-17,text_for_speaker,0,,1
CREC-2016-05-17-pt1-PgS2876,CREC-2016-05-17,text_for_speaker,0,,1
CREC-2016-05-17-pt1-PgS2876-3,CREC-2016-05-17,text_for_speaker,0,,1
CREC-2016-05-17-pt1-PgS2877-2,CREC-2016-05-17,text_for_speaker,0,,1
CREC-2016-05-17-pt1-PgS2877,CREC-2016-05-17,text_for_speaker,0,,1
CREC-2016-05-17-pt1-PgS2877-3,CREC-2016-05-17,text_for_speaker,0,,1
CREC-2016-05-17-pt1-PgS2877-4,CREC-2016-05-17,text_for_speaker,0,,1
CREC-2016-05-17-pt1-PgS2878,CREC-2016-05-17,text_for_speaker,0,,1
CREC-2016-05-17-pt1-PgS2880,CREC-2016-05-17,text_for_speaker,0,,1
CREC-2016-05-17-pt1-PgS2881,CREC-2016-05-17,text_for_speaker,0,,1
CREC-2016-05-17-pt1-PgS2882-2,CREC-2016-05-17,text_for_speaker,0,,1
CREC-2016-05-17-pt1-PgS2883,CREC-2016-05-17,text_for_speaker,0,,1
CREC-2016-05-17-pt1-PgS2883-2,CREC-2016-05-17,text_for_speaker,0,,1
CREC-2016-05-17-pt1-PgS2883-3,CREC-2016-05-17,text_for_speaker,0,,1
CREC-2016-05-17-pt1-PgS2883-4,CREC-2016-05-17,text_for_speaker,0,,2
CREC-2016-05-17-pt1-PgS2882,CREC-2016-05-17,text_for_speaker,0,,1
CREC-2016-05-17-pt1-PgS2884,CREC-2016-05-17,text_for_speaker,0,,1
CREC-2016-05-17-pt1-PgS2883-5,CREC-2016-05-17,text_for_speaker,0,,1
CREC-2016-05-17-pt1-PgS2884-2,CREC-2016-05-17,text_for_speaker,0,,1
CREC-2016-05-17-pt1-PgS2884-3,CREC-2016-05-17,text_for_speaker,0,,1
CREC-2016-05-17-pt1-PgS2884-5,CREC-2016-05-17,text_for_speaker,0,,1
CREC-2016-05-17-pt1-PgS2884-4,CREC-2016-05-17,text_for_speaker,0,,1
CREC-2016-05-17-pt1-PgS2884-6,CREC-2016-05-17,text_for_speaker,0,,1
CREC-2016-05-17-pt1-PgS2884-8,CREC-2016-05-17,text_for_speaker,0,,1
CREC-2016-05-17-pt1-PgS2884-7,CREC-2016-05-17,text_for_speaker,0,,1
CREC-2016-05-17-pt1-PgS2884-9,CREC-2016-05-17,text_for_speaker,0,,1
CREC-2016-05-17-pt1-PgS2885,CREC-2016-05-17,text_for_speaker,0,,1
CREC-2016-05-17-pt1-PgS2886,CREC-2016-05-17,text_for_speaker,0,,1
CREC-2016-05-17-pt1-PgS2886-2,CREC-2016-05-17,text_for_speaker,0,,1
CREC-2016-05-17-pt1-PgS2886-3,CREC-2016-05-17,text_for_speaker,0,,1
CREC-2016-05-17-pt1-PgS2886-4,CREC-2016-05-17,text_for_speaker,0,,1
CREC-2016-05-17-pt1-PgS2886-5,CREC-2016-05-17,text_for_speaker,0,,1
CREC-2016-05-17-pt1-PgS2886-6,CREC-2016-05-17,text_for_speaker,0,,1
CREC-2016-05-17-pt1-PgS2886-7,CREC-2016-05-17,text_for_speaker,0,,1
CREC-2016-05-17-pt1-PgS2887,CREC-2016-05-17,text_for_speaker,0,,1
CREC-2016-05-17-pt1-PgS2887-2,CREC-2016-05-17,text_for_speaker,0,,1
CREC-2016-05-17-pt1-PgS2887-3,CREC-2016-05-17,text_for_speaker,0,,1
CREC-2016-05-17-pt1-PgS2889,CREC-2016-05-17,text_for_speaker,0,,1
CREC-2016-05-17-pt1-PgS2889-3,CREC-2016-05-17,text_for_speaker,0,,1
CREC-2016-05-17-pt1-PgS2889-2,CREC-2016-05-17,text_for_speaker,0,,1
CREC-2016-05-17-pt1-PgS2890,CREC-2016-05-17,text_for_speaker,0,,1
CREC-2016-05-17-pt1-PgS2890-2,CREC-2016-05-17,text_for_speaker,0,,1
CREC-2016-05-17-pt1-PgS2890-3,CREC-2016-05-17,text_for_speaker,0,,1
CREC-2016-05-17-pt1-PgS2890-4,CREC-2016-05-17,text_for_speaker,0,,1
CREC-2016-05-17-pt1-PgS2890-5,CREC-2016-05-17,text_for_speaker,0,,1
CREC-2016-05-17-pt1-PgS2891-2,CREC-2016-05-17,text_for_speaker,0,,1
CREC-2016-05-17-pt1-PgS2891,CREC-2016-05-17,text_for_speaker,0,,1
CREC-2016-05-17-pt1-PgS2891-3,CREC-2016-05-17,text_for_speaker,0,,1
CREC-2016-05-17-pt1-PgS2891-4,CREC-2016-05-17,text_for_speaker,0,,1
CREC-2016-05-17-pt1-PgS2891-5,CREC-2016-05-17,text_for_speaker,0,,1
CREC-2016-05-17-pt1-PgS2891-6,CREC-2016-05-17,text_for_speaker,0,,1
CREC-2016-05-17-pt1-PgS2892,CREC-2016-05-17,text_for_speaker,0,,1
CREC-2016-05-17-pt1-PgS2892-2,CREC-2016-05-17,text_for_speaker,0,,1
CREC-2016-05-17-pt1-PgS2892-3,CREC-2016-05-17,text_for_speaker,0,,1
CREC-2016-05-17-pt1-PgS2893,CREC-2016-05-17,text_for_speaker,0,,1
CREC-2016-05-17-pt1-PgS2894,CREC-2016-05-17,text_for_speaker,0,,1
CREC-2016-05-17-pt1-PgS2894-2,CREC-2016-05-17,text_for_speaker,0,,1
CREC-2016-05-17-pt1-PgS2893-2,CREC-2016-05-17,text_for_speaker,0,,1
CREC-2016-05-17-pt1-PgS2895-2,CREC-2016-05-17,text_for_speaker,0,,1
CREC-2016-05-17-pt1-PgS2895,CREC-2016-05-17,text_for_speaker,0,,1
CREC-2016-05-17-pt1-PgS2895-3,CREC-2016-05-17,text_for_speaker,0,,1
CREC-2016-05-17-pt1-PgS2895-4,CREC-2016-05-17,text_for_speaker,0,,1
CREC-2016-05-17-pt1-PgS2895-5,CREC-2016-05-17,text_for_speaker,0,,1
CREC-2016-05-17-pt1-PgS2895-6,CREC-2016-05-17,text_for_speaker,0,,1
CREC-2016-05-17-pt1-PgS2895-8,CREC-2016-05-17,text_for_speaker,0,,1
CREC-2016-05-17-pt1-PgS2895-7,CREC-2016-05-17,text_for_speaker,0,,1
CREC-2016-05-17-pt1-PgS2895-9,CREC-2016-05-17,text_for_speaker,0,,1
CREC-2016-05-17-pt1-PgS2896,CREC-2016-05-17,text_for_speaker,0,,1
CREC-2016-05-17-pt1-PgS2896-3,CREC-2016-05-17,text_for_speaker,0,,1
CREC-2016-05-17-pt1-PgS2896-2,CREC-2016-05-17,text_for_speaker,0,,1
CREC-2016-05-17-pt1-PgS2896-4,CREC-2016-05-17,text_for_speaker,0,,1
CREC-2016-05-17-pt1-PgS2897-2,CREC-2016-05-17,text_for_speaker,0,,1
CREC-2016-05-17-pt1-PgS2897,CREC-2016-05-17,text_for_speaker,0,,1
CREC-2016-05-17-pt1-PgS2897-3,CREC-2016-05-17,text_for_speaker,0,,1
CREC-2016-05-17-pt1-PgS2897-4,CREC-2016-05-17,text_for_speaker,0,,1
CREC-2016-05-17-pt1-PgS2897-5,CREC-2016-05-17,text_for_speaker,0,,1
CREC-2016-05-17-pt1-PgS2899,CREC-2016-05-17,text_for_speaker,0,,1
CREC-2016-05-17-pt1-PgS2899-2,CREC-2016-05-17,text_for_speaker,0,,1
CREC-2016-05-17-pt1-PgS2901,CREC-2016-05-17,text_for_speaker,0,,1
CREC-2016-05-17-pt1-PgS2902,CREC-2016-05-17,text_for_speaker,0,,1
CREC-2016-05-17-pt1-PgS2902-2,CREC-2016-05-17,text_for_speaker,0,,1
CREC-2016-05-17-pt1-PgS2901-2,CREC-2016-05-17,text_for_speaker,0,,1
CREC-2016-05-17-pt1-PgS2902-3,CREC-2016-05-17,text_for_speaker,0,,1
CREC-2016-05-17-pt1-PgS2902-4,CREC-2016-05-17,text_for_speaker,0,,1
CREC-2016-05-17-pt1-PgS2902-5,CREC-2016-05-17,text_for_speaker,0,,1
CREC-2016-05-17-pt1-PgS2909,CREC-2016-05-17,text_for_speaker,0,,2
CREC-2016-05-17-pt1-PgS2914,CREC-2016-05-17,text_for_speaker,0,,1
CREC-2016-05-17-pt1-PgE717,CREC-2016-05-17,text_for_speaker,0,,1
CREC-2016-05-17-pt1-PgD518,CREC-2016-05-17,text_for_speaker,0,,1
CREC-2016-05-17-pt1-PgD520,CREC-2016-05-17,text_for_speaker,0,,1
CREC-2016-05-17-pt1-PgD521,CREC-2016-05-17,text_for_speaker,0,,1
CREC-2016-05-17-pt1-PgD525,CREC-2016-05-17,text_for_speaker,0,,1
CREC-2016-05-17-pt1-PgD529,CREC-2016-05-17,text_for_speaker,0,,1
CREC-2016-05-17-pt1-PgD531,CREC-2016-05-17,text_for_speaker,0,,1
CREC-2016-05-18-pt1-PgH2703-2,CREC-2016-05-18,text_for_speaker,0,,1
CREC-2016-05-18-pt1-PgH2703,CREC-2016-05-18,text_for_speaker,0,,1
CREC-2016-05-18-pt1-PgH-FrontMatter,CREC-2016-05-18,text_for_speaker,0,,1
CREC-2016-05-18-pt1-PgH2709-3,CREC-2016-05-18,text_for_speaker,0,,1
CREC-2016-05-18-pt1-PgH2709-4,CREC-2016-05-18,text_for_speaker,0,,1
CREC-2016-05-18-pt1-PgH2710-5,CREC-2016-05-18,text_for_speaker,0,,1
CREC-2016-05-18-pt1-PgH2711-4,CREC-2016-05-18,text_for_speaker,0,,1
CREC-2016-05-18-pt1-PgH2730,CREC-2016-05-18,text_for_speaker,0,,1
CREC-2016-05-18-pt1-PgH2787,CREC-2016-05-18,text_for_speaker,0,,1
CREC-2016-05-18-pt1-PgH2842,CREC-2016-05-18,text_for_speaker,0,,1
CREC-2016-05-18-pt1-PgH2842-2,CREC-2016-05-18,text_for_speaker,0,,1
CREC-2016-05-18-pt1-PgH2842-3,CREC-2016-05-18,text_for_speaker,0,,1
CREC-2016-05-18-pt1-PgH2842-4,CREC-2016-05-18,text_for_speaker,0,,1
CREC-2016-05-18-pt1-PgH2843-2,CREC-2016-05-18,text_for_speaker,0,,1
CREC-2016-05-18-pt1-PgH2844-2,CREC-2016-05-18,text_for_speaker,0,,1
CREC-2016-05-18-pt1-PgH2844-3,CREC-2016-05-18,text_for_speaker,0,,1
CREC-2016-05-18-pt1-PgH2845,CREC-2016-05-18,text_for_speaker,0,,1
CREC-2016-05-18-pt1-PgH2845-2,CREC-2016-05-18,text_for_speaker,0,,1
CREC-2016-05-18-pt1-PgH2845-3,CREC-2016-05-18,text_for_speaker,0,,1
CREC-2016-05-18-pt1-PgH2845-4,CREC-2016-05-18,text_for_speaker,0,,1
CREC-2016-05-18-pt1-PgH2845-5,CREC-2016-05-18,text_for_speaker,0,,1
CREC-2016-05-18-pt1-PgH2845-6,CREC-2016-05-18,text_for_speaker,0,,1
CREC-2016-05-18-pt1-PgH2845-7,CREC-2016-05-18,text_for_speaker,0,,1
CREC-2016-05-18-pt1-PgH2845-8,CREC-2016-05-18,text_for_speaker,0,,1
CREC-2016-05-18-pt1-PgH2845-9,CREC-2016-05-18,text_for_speaker,0,,1
CREC-2016-05-18-pt1-PgH2845-10,CREC-2016-05-18,text_for_speaker,0,,1
CREC-2016-05-18-pt1-PgH2846,CREC-2016-05-18,text_for_speaker,0,,1
CREC-2016-05-18-pt1-PgH2845-11,CREC-2016-05-18,text_for_speaker,0,,1
CREC-2016-05-18-pt1-PgH2846-2,CREC-2016-05-18,text_for_speaker,0,,1
CREC-2016-05-18-pt1-PgH2846-3,CREC-2016-05-18,text_for_speaker,0,,1
CREC-2016-05-18-pt1-PgH2846-4,CREC-2016-05-18,text_for_speaker,0,,1
CREC-2016-05-18-pt1-PgH2846-5,CREC-2016-05-18,text_for_speaker,0,,1
CREC-2016-05-18-pt1-PgH2846-7,CREC-2016-05-18,text_for_speaker,0,,1
CREC-2016-05-18-pt1-PgH2846-6,CREC-2016-05-18,text_for_speaker,0,,1
CREC-2016-05-18-pt1-PgS2915,CREC-2016-05-18,text_for_speaker,0,,1
CREC-2016-05-18-pt1-PgS-FrontMatter-9,CREC-2016-05-18,text_for_speaker,0,,1
CREC-2016-05-18-pt1-PgH2846-8,CREC-2016-05-18,text_for_speaker,0,,1
CREC-2016-05-18-pt1-PgS2915-2,CREC-2016-05-18,text_for_speaker,0,,1
CREC-2016-05-18-pt1-PgS2915-3,CREC-2016-05-18,text_for_speaker,0,,1
CREC-2016-05-18-pt1-PgS2915-4,CREC-2016-05-18,text_for_speaker,0,,1
CREC-2016-05-18-pt1-PgS2915-5,CREC-2016-05-18,text_for_speaker,0,,1
CREC-2016-05-18-pt1-PgS2915-6,CREC-2016-05-18,text_for_speaker,0,,1
CREC-2016-05-18-pt1-PgS2915-7,CREC-2016-05-18,text_for_speaker,0,,1
CREC-2016-05-18-pt1-PgS2972-2,CREC-2016-05-18,text_for_speaker,0,,1
CREC-2016-05-18-pt1-PgS2972-3,CREC-2016-05-18,text_for_speaker,0,,1
CREC-2016-05-18-pt1-PgS2972-4,CREC-2016-05-18,text_for_speaker,0,,1
CREC-2016-05-18-pt1-PgS2972-5,CREC-2016-05-18,text_for_speaker,0,,1
CREC-2016-05-18-pt1-PgS2973,CREC-2016-05-18,text_for_speaker,0,,1
CREC-2016-05-18-pt1-PgS2973-2,CREC-2016-05-18,text_for_speaker,0,,1
CREC-2016-05-18-pt1-PgS2973-3,CREC-2016-05-18,text_for_speaker,0,,1
CREC-2016-05-18-pt1-PgS2973-4,CREC-2016-05-18,text_for_speaker,0,,1
CREC-2016-05-18-pt1-PgS2973-5,CREC-2016-05-18,text_for_speaker,0,,1
CREC-2016-05-18-pt1-PgS2973-6,CREC-2016-05-18,text_for_speaker,0,,1
CREC-2016-05-18-pt1-PgS2978,CREC-2016-05-18,text_for_speaker,0,,1
CREC-2016-05-18-pt1-PgS2978-2,CREC-2016-05-18,text_for_speaker,0,,1
CREC-2016-05-18-pt1-PgS2978-3,CREC-2016-05-18,text_for_speaker,0,,1
CREC-2016-05-18-pt1-PgS2978-4,CREC-2016-05-18,text_for_speaker,0,,1
CREC-2016-05-18-pt1-PgS2980,CREC-2016-05-18,text_for_speaker,0,,1
CREC-2016-05-18-pt1-PgS2980-2,CREC-2016-05-18,text_for_speaker,0,,1
CREC-2016-05-18-pt1-PgS2980-3,CREC-2016-05-18,text_for_speaker,0,,1
CREC-2016-05-18-pt1-PgS2980-4,CREC-2016-05-18,text_for_speaker,0,,1
CREC-2016-05-18-pt1-PgS2980-6,CREC-2016-05-18,text_for_speaker,0,,1
CREC-2016-05-18-pt1-PgS2980-5,CREC-2016-05-18,text_for_speaker,0,,1
CREC-2016-05-18-pt1-PgS2980-7,CREC-2016-05-18,text_for_speaker,0,,1
CREC-2016-05-18-pt1-PgS2980-8,CREC-2016-05-18,text_for_speaker,0,,2
CREC-2016-05-18-pt1-PgS2981,CREC-2016-05-18,text_for_speaker,0,,1
CREC-2016-05-18-pt1-PgS2981-2,CREC-2016-05-18,text_for_speaker,0,,1
CREC-2016-05-18-pt1-PgS2981-3,CREC-2016-05-18,text_for_speaker,0,,1
CREC-2016-05-18-pt1-PgS2982,CREC-2016-05-18,text_for_speaker,0,,1
CREC-2016-05-18-pt1-PgS2982-2,CREC-2016-05-18,text_for_speaker,0,,1
CREC-2016-05-18-pt1-PgS2982-3,CREC-2016-05-18,text_for_speaker,0,,1
CREC-2016-05-18-pt1-PgS2982-4,CREC-2016-05-18,text_for_speaker,0,,1
CREC-2016-05-18-pt1-PgS2982-5,CREC-2016-05-18,text_for_speaker,0,,1
CREC-2016-05-18-pt1-PgS2983,CREC-2016-05-18,text_for_speaker,0,,1
CREC-2016-05-18-pt1-PgS2983-2,CREC-2016-05-18,text_for_speaker,0,,1
CREC-2016-05-18-pt1-PgS2983-3,CREC-2016-05-18,text_for_speaker,0,,1
CREC-2016-05-18-pt1-PgS2984,CREC-2016-05-18,text_for_speaker,0,,1
CREC-2016-05-18-pt1-PgS2983-4,CREC-2016-05-18,text_for_speaker,0,,1
CREC-2016-05-18-pt1-PgS2984-2,CREC-2016-05-18,text_for_speaker,0,,1
CREC-2016-05-18-pt1-PgS2984-3,CREC-2016-05-18,text_for_speaker,0,,1
CREC-2016-05-18-pt1-PgS2984-4,CREC-2016-05-18,text_for_speaker,0,,1
CREC-2016-05-18-pt1-PgS2990,CREC-2016-05-18,text_for_speaker,0,,1
CREC-2016-05-18-pt1-PgS2990-2,CREC-2016-05-18,text_for_speaker,0,,1
CREC-2016-05-18-pt1-PgS2991,CREC-2016-05-18,text_for_speaker,0,,2
CREC-2016-05-18-pt1-PgS2991-2,CREC-2016-05-18,text_for_speaker,0,,1
CREC-2016-05-18-pt1-PgS2992-2,CREC-2016-05-18,text_for_speaker,0,,1
CREC-2016-05-18-pt1-PgS2992,CREC-2016-05-18,text_for_speaker,0,,1
CREC-2016-05-18-pt1-PgS2992-3,CREC-2016-05-18,text_for_speaker,0,,1
CREC-2016-05-18-pt1-PgS2993-2,CREC-2016-05-18,text_for_speaker,0,,1
CREC-2016-05-18-pt1-PgS2993,CREC-2016-05-18,text_for_speaker,0,,1
CREC-2016-05-18-pt1-PgS2993-3,CREC-2016-05-18,text_for_speaker,0,,1
CREC-2016-05-18-pt1-PgS2994,CREC-2016-05-18,text_for_speaker,0,,1
CREC-2016-05-18-pt1-PgS2993-4,CREC-2016-05-18,text_for_speaker,0,,1
CREC-2016-05-18-pt1-PgS2993-5,CREC-2016-05-18,text_for_speaker,0,,1
CREC-2016-05-18-pt1-PgS2994-2,CREC-2016-05-18,text_for_speaker,0,,1
CREC-2016-05-18-pt1-PgS2994-4,CREC-2016-05-18,text_for_speaker,0,,1
CREC-2016-05-18-pt1-PgS2994-3,CREC-2016-05-18,text_for_speaker,0,,1
CREC-2016-05-18-pt1-PgS2994-5,CREC-2016-05-18,text_for_speaker,0,,1
CREC-2016-05-18-pt1-PgS2995-2,CREC-2016-05-18,text_for_speaker,0,,1
CREC-2016-05-18-pt1-PgS2995,CREC-2016-05-18,text_for_speaker,0,,1
CREC-2016-05-18-pt1-PgS2995-3,CREC-2016-05-18,text_for_speaker,0,,1
CREC-2016-05-18-pt1-PgS2995-4,CREC-2016-05-18,text_for_speaker,0,,1
CREC-2016-05-18-pt1-PgS2996,CREC-2016-05-18,text_for_speaker,0,,1
CREC-2016-05-18-pt1-PgS2996-2,CREC-2016-05-18,text_for_speaker,0,,1
CREC-2016-05-18-pt1-PgS2996-3,CREC-2016-05-18,text_for_speaker,0,,1
CREC-2016-05-18-pt1-PgS2996-4,CREC-2016-05-18,text_for_speaker,0,,1
CREC-2016-05-18-pt1-PgS2997-2,CREC-2016-05-18,text_for_speaker,0,,1
CREC-2016-05-18-pt1-PgS2997,CREC-2016-05-18,text_for_speaker,0,,1
CREC-2016-05-18-pt1-PgS2997-3,CREC-2016-05-18,text_for_speaker,0,,1
CREC-2016-05-18-pt1-PgS2997-4,CREC-2016-05-18,text_for_speaker,0,,1
CREC-2016-05-18-pt1-PgS2997-5,CREC-2016-05-18,text_for_speaker,0,,1
CREC-2016-05-18-pt1-PgS2997-6,CREC-2016-05-18,text_for_speaker,0,,1
CREC-2016-05-18-pt1-PgS2997-7,CREC-2016-05-18,text_for_speaker,0,,1
CREC-2016-05-18-pt1-PgS2997-8,CREC-2016-05-18,text_for_speaker,0,,1
CREC-2016-05-18-pt1-PgS2997-9,CREC-2016-05-18,text_for_speaker,0,,1
CREC-2016-05-18-pt1-PgS2999-2,CREC-2016-05-18,text_for_speaker,0,,1
CREC-2016-05-18-pt1-PgS3000,CREC-2016-05-18,text_for_speaker,0,,1
CREC-2016-05-18-pt1-PgD533,CREC-2016-05-18,text_for_speaker,0,,1
CREC-2016-05-18-pt1-PgD535,CREC-2016-05-18,text_for_speaker,0,,1
CREC-2016-05-18-pt1-PgE742-2,CREC-2016-05-18,text_for_speaker,0,,1
CREC-2016-05-18-pt1-PgD546,CREC-2016-05-18,text_for_speaker,0,,1
CREC-2016-05-18-pt1-PgD544,CREC-2016-05-18,text_for_speaker,0,,1
CREC-2016-05-18-pt1-PgD537,CREC-2016-05-18,text_for_speaker,0,,1
CREC-2016-05-18-pt1-PgD547,CREC-2016-05-18,text_for_speaker,0,,1
CREC-2016-05-18-pt1-PgD547-2,CREC-2016-05-18,text_for_speaker,0,,1
CREC-2016-05-19-pt1-PgH-FrontMatter-3,CREC-2016-05-19,text_for_speaker,0,,1
CREC-2016-05-19-pt1-PgH2847,CREC-2016-05-19,text_for_speaker,0,,1
CREC-2016-05-19-pt1-PgH2847-2,CREC-2016-05-19,text_for_speaker,0,,1
CREC-2016-05-19-pt1-PgH2848-5,CREC-2016-05-19,text_for_speaker,0,,1
CREC-2016-05-19-pt1-PgH2869,CREC-2016-05-19,text_for_speaker,0,,1
CREC-2016-05-19-pt1-PgH2877,CREC-2016-05-19,text_for_speaker,0,,1
CREC-2016-05-19-pt1-PgH2877-2,CREC-2016-05-19,text_for_speaker,0,,1
CREC-2016-05-19-pt1-PgH2877-4,CREC-2016-05-19,text_for_speaker,0,,1
CREC-2016-05-19-pt1-PgH2879-2,CREC-2016-05-19,text_for_speaker,0,,1
CREC-2016-05-19-pt1-PgH2880,CREC-2016-05-19,text_for_speaker,0,,1
CREC-2016-05-19-pt1-PgH2880-2,CREC-2016-05-19,text_for_speaker,0,,1
CREC-2016-05-19-pt1-PgH2880-3,CREC-2016-05-19,text_for_speaker,0,,1
CREC-2016-05-19-pt1-PgH2880-5,CREC-2016-05-19,text_for_speaker,0,,1
CREC-2016-05-19-pt1-PgH2880-6,CREC-2016-05-19,text_for_speaker,0,,1
CREC-2016-05-19-pt1-PgH2880-4,CREC-2016-05-19,text_for_speaker,0,,1
CREC-2016-05-19-pt1-PgH2880-7,CREC-2016-05-19,text_for_speaker,0,,1
CREC-2016-05-19-pt1-PgH2880-8,CREC-2016-05-19,text_for_speaker,0,,1
CREC-2016-05-19-pt1-PgH2880-9,CREC-2016-05-19,text_for_speaker,0,,1
CREC-2016-05-19-pt1-PgH2880-10,CREC-2016-05-19,text_for_speaker,0,,1
CREC-2016-05-19-pt1-PgH2880-11,CREC-2016-05-19,text_for_speaker,0,,1
CREC-2016-05-19-pt1-PgH2880-12,CREC-2016-05-19,text_for_speaker,0,,1
CREC-2016-05-19-pt1-PgH2880-13,CREC-2016-05-19,text_for_speaker,0,,1
CREC-2016-05-19-pt1-PgH2880-14,CREC-2016-05-19,text_for_speaker,0,,1
CREC-2016-05-19-pt1-PgH2880-15,CREC-2016-05-19,text_for_speaker,0,,1
CREC-2016-05-19-pt1-PgH2880-16,CREC-2016-05-19,text_for_speaker,0,,1
CREC-2016-05-19-pt1-PgH2880-17,CREC-2016-05-19,text_for_speaker,0,,1
CREC-2016-05-19-pt1-PgH2880-18,CREC-2016-05-19,text_for_speaker,0,,1
CREC-2016-05-19-pt1-PgH2880-19,CREC-2016-05-19,text_for_speaker,0,,1
CREC-2016-05-19-pt1-PgH2880-20,CREC-2016-05-19,text_for_speaker,0,,1
CREC-2016-05-19-pt1-PgH2880-21,CREC-2016-05-19,text_for_speaker,0,,1
CREC-2016-05-19-pt1-PgH2880-22,CREC-2016-05-19,text_for_speaker,0,,1
CREC-2016-05-19-pt1-PgH2881-2,CREC-2016-05-19,text_for_speaker,0,,1
CREC-2016-05-19-pt1-PgH2881,CREC-2016-05-19,text_for_speaker,0,,1
CREC-2016-05-19-pt1-PgH2881-3,CREC-2016-05-19,text_for_speaker,0,,1
CREC-2016-05-19-pt1-PgS-FrontMatter-4,CREC-2016-05-19,text_for_speaker,0,,1
CREC-2016-05-19-pt1-PgS3003,CREC-2016-05-19,text_for_speaker,0,,1
CREC-2016-05-19-pt1-PgS3003-2,CREC-2016-05-19,text_for_speaker,0,,1
CREC-2016-05-19-pt1-PgS3003-3,CREC-2016-05-19,text_for_speaker,0,,1
CREC-2016-05-19-pt1-PgS3003-4,CREC-2016-05-19,text_for_speaker,0,,1
CREC-2016-05-19-pt1-PgS3024-2,CREC-2016-05-19,text_for_speaker,0,,1
CREC-2016-05-19-pt1-PgS3024-3,CREC-2016-05-19,text_for_speaker,0,,1
CREC-2016-05-19-pt1-PgS3029,CREC-2016-05-19,text_for_speaker,0,,1
CREC-2016-05-19-pt1-PgS3024-4,CREC-2016-05-19,text_for_speaker,0,,1
CREC-2016-05-19-pt1-PgS3030-3,CREC-2016-05-19,text_for_speaker,0,,1
CREC-2016-05-19-pt1-PgS3030,CREC-2016-05-19,text_for_speaker,0,,1
CREC-2016-05-19-pt1-PgS3031,CREC-2016-05-19,text_for_speaker,0,,1
CREC-2016-05-19-pt1-PgS3031-2,CREC-2016-05-19,text_for_speaker,0,,1
CREC-2016-05-19-pt1-PgS3034,CREC-2016-05-19,text_for_speaker,0,,1
CREC-2016-05-19-pt1-PgS3033,CREC-2016-05-19,text_for_speaker,0,,1
CREC-2016-05-19-pt1-PgS3034-2,CREC-2016-05-19,text_for_speaker,0,,1
CREC-2016-05-19-pt1-PgS3034-3,CREC-2016-05-19,text_for_speaker,0,,1
CREC-2016-05-19-pt1-PgS3034-4,CREC-2016-05-19,text_for_speaker,0,,1
CREC-2016-05-19-pt1-PgS3034-5,CREC-2016-05-19,text_for_speaker,0,,1
CREC-2016-05-19-pt1-PgS3035,CREC-2016-05-19,text_for_speaker,0,,1
CREC-2016-05-19-pt1-PgS3035-3,CREC-2016-05-19,text_for_speaker,0,,1
CREC-2016-05-19-pt1-PgS3035-2,CREC-2016-05-19,text_for_speaker,0,,1
CREC-2016-05-19-pt1-PgS3035-4,CREC-2016-05-19,text_for_speaker,0,,1
CREC-2016-05-19-pt1-PgS3036-6,CREC-2016-05-19,text_for_speaker,0,,1
CREC-2016-05-19-pt1-PgE747-3,CREC-2016-05-19,text_for_speaker,0,,1
CREC-2016-05-19-pt1-PgD551,CREC-2016-05-19,text_for_speaker,0,,1
CREC-2016-05-19-pt1-PgD550,CREC-2016-05-19,text_for_speaker,0,,1
CREC-2016-05-19-pt1-PgD553,CREC-2016-05-19,text_for_speaker,0,,1
CREC-2016-05-19-pt1-PgD554,CREC-2016-05-19,text_for_speaker,0,,1
CREC-2016-05-19-pt1-PgD555,CREC-2016-05-19,text_for_speaker,0,,1
CREC-2016-05-19-pt1-PgD555-2,CREC-2016-05-19,text_for_speaker,0,,1
CREC-2016-05-23-pt1-PgH2883-2,CREC-2016-05-23,text_for_speaker,0,,1
CREC-2016-05-23-pt1-PgH-FrontMatter,CREC-2016-05-23,text_for_speaker,0,,1
CREC-2016-05-23-pt1-PgH2883,CREC-2016-05-23,text_for_speaker,0,,1
CREC-2016-05-23-pt1-PgH2884-2,CREC-2016-05-23,text_for_speaker,0,,1
CREC-2016-05-23-pt1-PgH2884-3,CREC-2016-05-23,text_for_speaker,0,,1
CREC-2016-05-23-pt1-PgH2884-8,CREC-2016-05-23,text_for_speaker,0,,1
CREC-2016-05-23-pt1-PgH2884-9,CREC-2016-05-23,text_for_speaker,0,,1
CREC-2016-05-23-pt1-PgH2884-10,CREC-2016-05-23,text_for_speaker,0,,1
CREC-2016-05-23-pt1-PgH2941,CREC-2016-05-23,text_for_speaker,0,,1
CREC-2016-05-23-pt1-PgH2941-2,CREC-2016-05-23,text_for_speaker,0,,1
CREC-2016-05-23-pt1-PgH2959,CREC-2016-05-23,text_for_speaker,0,,1
CREC-2016-05-23-pt1-PgH2959-2,CREC-2016-05-23,text_for_speaker,0,,1
CREC-2016-05-23-pt1-PgH2959-4,CREC-2016-05-23,text_for_speaker,0,,1
CREC-2016-05-23-pt1-PgH2961-2,CREC-2016-05-23,text_for_speaker,0,,1
CREC-2016-05-23-pt1-PgH2962-2,CREC-2016-05-23,text_for_speaker,0,,1
CREC-2016-05-23-pt1-PgH2962,CREC-2016-05-23,text_for_speaker,0,,1
CREC-2016-05-23-pt1-PgH2962-3,CREC-2016-05-23,text_for_speaker,0,,1
CREC-2016-05-23-pt1-PgH2962-5,CREC-2016-05-23,text_for_speaker,0,,1
CREC-2016-05-23-pt1-PgH2962-4,CREC-2016-05-23,text_for_speaker,0,,1
CREC-2016-05-23-pt1-PgH2962-6,CREC-2016-05-23,text_for_speaker,0,,1
CREC-2016-05-23-pt1-PgH2962-7,CREC-2016-05-23,text_for_speaker,0,,1
CREC-2016-05-23-pt1-PgH2962-8,CREC-2016-05-23,text_for_speaker,0,,1
CREC-2016-05-23-pt1-PgH2962-9,CREC-2016-05-23,text_for_speaker,0,,1
CREC-2016-05-23-pt1-PgH2963,CREC-2016-05-23,text_for_speaker,0,,1
CREC-2016-05-23-pt1-PgH2962-10,CREC-2016-05-23,text_for_speaker,0,,1
CREC-2016-05-23-pt1-PgH2963-2,CREC-2016-05-23,text_for_speaker,0,,1
CREC-2016-05-23-pt1-PgH2963-4,CREC-2016-05-23,text_for_speaker,0,,1
CREC-2016-05-23-pt1-PgH2963-3,CREC-2016-05-23,text_for_speaker,0,,1
CREC-2016-05-23-pt1-PgH2963-5,CREC-2016-05-23,text_for_speaker,0,,1
CREC-2016-05-23-pt1-PgH2963-6,CREC-2016-05-23,text_for_speaker,0,,1
CREC-2016-05-23-pt1-PgH2963-7,CREC-2016-05-23,text_for_speaker,0,,1
CREC-2016-05-23-pt1-PgH2963-8,CREC-2016-05-23,text_for_speaker,0,,1
CREC-2016-05-23-pt1-PgH2963-9,CREC-2016-05-23,text_for_speaker,0,,1
CREC-2016-05-23-pt1-PgS-FrontMatter-10,CREC-2016-05-23,text_for_speaker,0,,1
CREC-2016-05-23-pt1-PgS3039-2,CREC-2016-05-23,text_for_speaker,0,,1
CREC-2016-05-23-pt1-PgS3039,CREC-2016-05-23,text_for_speaker,0,,1
CREC-2016-05-23-pt1-PgS3039-3,CREC-2016-05-23,text_for_speaker,0,,1
CREC-2016-05-23-pt1-PgS3039-5,CREC-2016-05-23,text_for_speaker,0,,1
CREC-2016-05-23-pt1-PgS3039-4,CREC-2016-05-23,text_for_speaker,0,,1
CREC-2016-05-23-pt1-PgS3039-6,CREC-2016-05-23,text_for_speaker,0,,1
CREC-2016-05-23-pt1-PgS3040,CREC-2016-05-23,text_for_speaker,0,,1
CREC-2016-05-23-pt1-PgS3053-2,CREC-2016-05-23,text_for_speaker,0,,1
CREC-2016-05-23-pt1-PgS3053-4,CREC-2016-05-23,text_for_speaker,0,,1
CREC-2016-05-23-pt1-PgS3054,CREC-2016-05-23,text_for_speaker,0,,1
CREC-2016-05-23-pt1-PgS3054-2,CREC-2016-05-23,text_for_speaker,0,,1
CREC-2016-05-23-pt1-PgS3054-3,CREC-2016-05-23,text_for_speaker,0,,1
CREC-2016-05-23-pt1-PgS3056,CREC-2016-05-23,text_for_speaker,0,,1
CREC-2016-05-23-pt1-PgS3056-2,CREC-2016-05-23,text_for_speaker,0,,1
CREC-2016-05-23-pt1-PgS3056-3,CREC-2016-05-23,text_for_speaker,0,,1
CREC-2016-05-23-pt1-PgS3056-4,CREC-2016-05-23,text_for_speaker,0,,1
CREC-2016-05-23-pt1-PgS3056-5,CREC-2016-05-23,text_for_speaker,0,,1
CREC-2016-05-23-pt1-PgS3057,CREC-2016-05-23,text_for_speaker,0,,2
CREC-2016-05-23-pt1-PgS3057-2,CREC-2016-05-23,text_for_speaker,0,,1
CREC-2016-05-23-pt1-PgS3057-3,CREC-2016-05-23,text_for_speaker,0,,1
CREC-2016-05-23-pt1-PgS3057-5,CREC-2016-05-23,text_for_speaker,0,,1
CREC-2016-05-23-pt1-PgS3057-4,CREC-2016-05-23,text_for_speaker,0,,1
CREC-2016-05-23-pt1-PgS3058,CREC-2016-05-23,text_for_speaker,0,,1
CREC-2016-05-23-pt1-PgS3058-2,CREC-2016-05-23,text_for_speaker,0,,1
CREC-2016-05-23-pt1-PgS3059,CREC-2016-05-23,text_for_speaker,0,,1
CREC-2016-05-23-pt1-PgS3059-2,CREC-2016-05-23,text_for_speaker,0,,1
CREC-2016-05-23-pt1-PgS3060,CREC-2016-05-23,text_for_speaker,0,,1
CREC-2016-05-23-pt1-PgS3059-3,CREC-2016-05-23,text_for_speaker,0,,1
CREC-2016-05-23-pt1-PgS3061-2,CREC-2016-05-23,text_for_speaker,0,,1
CREC-2016-05-23-pt1-PgE765,CREC-2016-05-23,text_for_speaker,0,,1
CREC-2016-05-23-pt1-PgE766-3,CREC-2016-05-23,text_for_speaker,0,,1
CREC-2016-05-23-pt1-PgE766-4,CREC-2016-05-23,text_for_speaker,0,,1
CREC-2016-05-23-pt1-PgD558,CREC-2016-05-23,text_for_speaker,0,,1
CREC-2016-05-23-pt1-PgE770-3,CREC-2016-05-23,text_for_speaker,0,,1
CREC-2016-05-23-pt1-PgD558-2,CREC-2016-05-23,text_for_speaker,0,,1
CREC-2016-05-23-pt1-PgD559,CREC-2016-05-23,text_for_speaker,0,,1
CREC-2016-05-23-pt1-PgD562,CREC-2016-05-23,text_for_speaker,0,,1
CREC-2016-05-23-pt1-PgD563,CREC-2016-05-23,text_for_speaker,0,,1
CREC-2016-05-23-pt1-PgD567,CREC-2016-05-23,text_for_speaker,0,,1
CREC-2016-05-23-pt1-PgD564,CREC-2016-05-23,text_for_speaker,0,,1
CREC-2016-05-24-pt1-PgH2965,CREC-2016-05-24,text_for_speaker,0,,1
CREC-2016-05-24-pt1-PgH-FrontMatter-3,CREC-2016-05-24,text_for_speaker,0,,1
CREC-2016-05-24-pt1-PgH2971-3,CREC-2016-05-24,text_for_speaker,0,,1
CREC-2016-05-24-pt1-PgH2971-4,CREC-2016-05-24,text_for_speaker,0,,1
CREC-2016-05-24-pt1-PgH2975,CREC-2016-05-24,text_for_speaker,0,,1
CREC-2016-05-24-pt1-PgH2981,CREC-2016-05-24,text_for_speaker,0,,1
CREC-2016-05-24-pt1-PgH3047,CREC-2016-05-24,text_for_speaker,0,,1
CREC-2016-05-24-pt1-PgH3092,CREC-2016-05-24,text_for_speaker,0,,1
CREC-2016-05-24-pt1-PgH3092-2,CREC-2016-05-24,text_for_speaker,0,,1
CREC-2016-05-24-pt1-PgH3092-4,CREC-2016-05-24,text_for_speaker,0,,1
CREC-2016-05-24-pt1-PgH3093-2,CREC-2016-05-24,text_for_speaker,0,,1
CREC-2016-05-24-pt1-PgH3094,CREC-2016-05-24,text_for_speaker,0,,1
CREC-2016-05-24-pt1-PgH3094-2,CREC-2016-05-24,text_for_speaker,0,,1
CREC-2016-05-24-pt1-PgH3094-3,CREC-2016-05-24,text_for_speaker,0,,1
CREC-2016-05-24-pt1-PgH3094-5,CREC-2016-05-24,text_for_speaker,0,,1
CREC-2016-05-24-pt1-PgH3094-4,CREC-2016-05-24,text_for_speaker,0,,1
CREC-2016-05-24-pt1-PgH3094-6,CREC-2016-05-24,text_for_speaker,0,,1
CREC-2016-05-24-pt1-PgH3094-7,CREC-2016-05-24,text_for_speaker,0,,1
CREC-2016-05-24-pt1-PgH3094-9,CREC-2016-05-24,text_for_speaker,0,,1
CREC-2016-05-24-pt1-PgH3094-8,CREC-2016-05-24,text_for_speaker,0,,1
CREC-2016-05-24-pt1-PgH3094-10,CREC-2016-05-24,text_for_speaker,0,,1
CREC-2016-05-24-pt1-PgH3094-11,CREC-2016-05-24,text_for_speaker,0,,1
CREC-2016-05-24-pt1-PgH3095,CREC-2016-05-24,text_for_speaker,0,,1
CREC-2016-05-24-pt1-PgH3095-2,CREC-2016-05-24,text_for_speaker,0,,1
CREC-2016-05-24-pt1-PgH3094-12,CREC-2016-05-24,text_for_speaker,0,,1
CREC-2016-05-24-pt1-PgH3095-4,CREC-2016-05-24,text_for_speaker,0,,1
CREC-2016-05-24-pt1-PgH3095-3,CREC-2016-05-24,text_for_speaker,0,,1
CREC-2016-05-24-pt1-PgH3096,CREC-2016-05-24,text_for_speaker,0,,1
CREC-2016-05-24-pt1-PgH3096-2,CREC-2016-05-24,text_for_speaker,0,,1
CREC-2016-05-24-pt1-PgH3096-3,CREC-2016-05-24,text_for_speaker,0,,1
CREC-2016-05-24-pt1-PgH3096-4,CREC-2016-05-24,text_for_speaker,0,,1
CREC-2016-05-24-pt1-PgH3096-6,CREC-2016-05-24,text_for_speaker,0,,1
CREC-2016-05-24-pt1-PgH3096-5,CREC-2016-05-24,text_for_speaker,0,,1
CREC-2016-05-24-pt1-PgH3096-7,CREC-2016-05-24,text_for_speaker,0,,1
CREC-2016-05-24-pt1-PgH3096-8,CREC-2016-05-24,text_for_speaker,0,,1
CREC-2016-05-24-pt1-PgH3096-9,CREC-2016-05-24,text_for_speaker,0,,1
CREC-2016-05-24-pt1-PgH3096-10,CREC-2016-05-24,text_for_speaker,0,,1
CREC-2016-05-24-pt1-PgH3096-12,CREC-2016-05-24,text_for_speaker,0,,1
CREC-2016-05-24-pt1-PgH3096-13,CREC-2016-05-24,text_for_speaker,0,,2
CREC-2016-05-24-pt1-PgH3096-11,CREC-2016-05-24,text_for_speaker,0,,1
CREC-2016-05-24-pt1-PgH3096-14,CREC-2016-05-24,text_for_speaker,0,,2
CREC-2016-05-24-pt1-PgH3096-15,CREC-2016-05-24,text_for_speaker,0,,1
CREC-2016-05-24-pt1-PgH3096-16,CREC-2016-05-24,text_for_speaker,0,,1
CREC-2016-05-24-pt1-PgH3096-17,CREC-2016-05-24,text_for_speaker,0,,1
CREC-2016-05-24-pt1-PgH3096-18,CREC-2016-05-24,text_for_speaker,0,,1
CREC-2016-05-24-pt1-PgH3096-19,CREC-2016-05-24,text_for_speaker,0,,1
CREC-2016-05-24-pt1-PgH3096-21,CREC-2016-05-24,text_for_speaker,0,,1
CREC-2016-05-24-pt1-PgH3096-20,CREC-2016-05-24,text_for_speaker,0,,1
CREC-2016-05-24-pt1-PgH3097,CREC-2016-05-24,text_for_speaker,0,,1
CREC-2016-05-24-pt1-PgH3097-2,CREC-2016-05-24,text_for_speaker,0,,1
CREC-2016-05-24-pt1-PgH3097-3,CREC-2016-05-24,text_for_speaker,0,,1
CREC-2016-05-24-pt1-PgH3097-5,CREC-2016-05-24,text_for_speaker,0,,1
CREC-2016-05-24-pt1-PgH3097-4,CREC-2016-05-24,text_for_speaker,0,,1
CREC-2016-05-24-pt1-PgS-FrontMatter-6,CREC-2016-05-24,text_for_speaker,0,,1
CREC-2016-05-24-pt1-PgS3063,CREC-2016-05-24,text_for_speaker,0,,1
CREC-2016-05-24-pt1-PgS3063-3,CREC-2016-05-24,text_for_speaker,0,,1
CREC-2016-05-24-pt1-PgS3063-2,CREC-2016-05-24,text_for_speaker,0,,1
CREC-2016-05-24-pt1-PgS3063-4,CREC-2016-05-24,text_for_speaker,0,,1
CREC-2016-05-24-pt1-PgS3063-5,CREC-2016-05-24,text_for_speaker,0,,1
CREC-2016-05-24-pt1-PgS3098,CREC-2016-05-24,text_for_speaker,0,,1
CREC-2016-05-24-pt1-PgS3097-2,CREC-2016-05-24,text_for_speaker,0,,1
CREC-2016-05-24-pt1-PgS3097,CREC-2016-05-24,text_for_speaker,0,,1
CREC-2016-05-24-pt1-PgS3100,CREC-2016-05-24,text_for_speaker,0,,1
CREC-2016-05-24-pt1-PgS3101-2,CREC-2016-05-24,text_for_speaker,0,,1
CREC-2016-05-24-pt1-PgS3101,CREC-2016-05-24,text_for_speaker,0,,1
CREC-2016-05-24-pt1-PgS3103,CREC-2016-05-24,text_for_speaker,0,,1
CREC-2016-05-24-pt1-PgS3102,CREC-2016-05-24,text_for_speaker,0,,1
CREC-2016-05-24-pt1-PgS3101-3,CREC-2016-05-24,text_for_speaker,0,,1
CREC-2016-05-24-pt1-PgS3103-2,CREC-2016-05-24,text_for_speaker,0,,1
CREC-2016-05-24-pt1-PgS3104,CREC-2016-05-24,text_for_speaker,0,,1
CREC-2016-05-24-pt1-PgS3105-2,CREC-2016-05-24,text_for_speaker,0,,1
CREC-2016-05-24-pt1-PgS3105-3,CREC-2016-05-24,text_for_speaker,0,,1
CREC-2016-05-24-pt1-PgS3105,CREC-2016-05-24,text_for_speaker,0,,1
CREC-2016-05-24-pt1-PgS3105-4,CREC-2016-05-24,text_for_speaker,0,,1
CREC-2016-05-24-pt1-PgS3105-5,CREC-2016-05-24,text_for_speaker,0,,1
CREC-2016-05-24-pt1-PgS3105-6,CREC-2016-05-24,text_for_speaker,0,,1
CREC-2016-05-24-pt1-PgS3105-7,CREC-2016-05-24,text_for_speaker,0,,1
CREC-2016-05-24-pt1-PgS3106,CREC-2016-05-24,text_for_speaker,0,,1
CREC-2016-05-24-pt1-PgS3107,CREC-2016-05-24,text_for_speaker,0,,1
CREC-2016-05-24-pt1-PgS3107-2,CREC-2016-05-24,text_for_speaker,0,,1
CREC-2016-05-24-pt1-PgS3107-4,CREC-2016-05-24,text_for_speaker,0,,1
CREC-2016-05-24-pt1-PgS3107-3,CREC-2016-05-24,text_for_speaker,0,,1
CREC-2016-05-24-pt1-PgS3108,CREC-2016-05-24,text_for_speaker,0,,1
CREC-2016-05-24-pt1-PgS3107-5,CREC-2016-05-24,text_for_speaker,0,,1
CREC-2016-05-24-pt1-PgS3107-6,CREC-2016-05-24,text_for_speaker,0,,1
CREC-2016-05-24-pt1-PgS3110,CREC-2016-05-24,text_for_speaker,0,,1
CREC-2016-05-24-pt1-PgS3110-2,CREC-2016-05-24,text_for_speaker,0,,1
CREC-2016-05-24-pt1-PgS3109,CREC-2016-05-24,text_for_speaker,0,,1
CREC-2016-05-24-pt1-PgS3110-3,CREC-2016-05-24,text_for_speaker,0,,1
CREC-2016-05-24-pt1-PgS3110-4,CREC-2016-05-24,text_for_speaker,0,,1
CREC-2016-05-24-pt1-PgS3111,CREC-2016-05-24,text_for_speaker,0,,1
CREC-2016-05-24-pt1-PgS3111-2,CREC-2016-05-24,text_for_speaker,0,,1
CREC-2016-05-24-pt1-PgS3111-4,CREC-2016-05-24,text_for_speaker,0,,1
CREC-2016-05-24-pt1-PgS3111-3,CREC-2016-05-24,text_for_speaker,0,,1
CREC-2016-05-24-pt1-PgS3111-5,CREC-2016-05-24,text_for_speaker,0,,1
CREC-2016-05-24-pt1-PgS3112,CREC-2016-05-24,text_for_speaker,0,,1
CREC-2016-05-24-pt1-PgS3111-6,CREC-2016-05-24,text_for_speaker,0,,1
CREC-2016-05-24-pt1-PgS3112-2,CREC-2016-05-24,text_for_speaker,0,,1
CREC-2016-05-24-pt1-PgS3113,CREC-2016-05-24,text_for_speaker,0,,1
CREC-2016-05-24-pt1-PgS3113-2,CREC-2016-05-24,text_for_speaker,0,,1
CREC-2016-05-24-pt1-PgS3114,CREC-2016-05-24,text_for_speaker,0,,1
CREC-2016-05-24-pt1-PgS3113-3,CREC-2016-05-24,text_for_speaker,0,,1
CREC-2016-05-24-pt1-PgS3114-3,CREC-2016-05-24,text_for_speaker,0,,1
CREC-2016-05-24-pt1-PgS3114-2,CREC-2016-05-24,text_for_speaker,0,,1
CREC-2016-05-24-pt1-PgS3114-4,CREC-2016-05-24,text_for_speaker,0,,1
CREC-2016-05-24-pt1-PgS3115,CREC-2016-05-24,text_for_speaker,0,,1
CREC-2016-05-24-pt1-PgS3114-5,CREC-2016-05-24,text_for_speaker,0,,1
CREC-2016-05-24-pt1-PgS3115-2,CREC-2016-05-24,text_for_speaker,0,,1
CREC-2016-05-24-pt1-PgS3115-3,CREC-2016-05-24,text_for_speaker,0,,1
CREC-2016-05-24-pt1-PgS3116,CREC-2016-05-24,text_for_speaker,0,,1
CREC-2016-05-24-pt1-PgS3116-2,CREC-2016-05-24,text_for_speaker,0,,1
CREC-2016-05-24-pt1-PgS3116-4,CREC-2016-05-24,text_for_speaker,0,,1
CREC-2016-05-24-pt1-PgS3116-5,CREC-2016-05-24,text_for_speaker,0,,1
CREC-2016-05-24-pt1-PgS3116-3,CREC-2016-05-24,text_for_speaker,0,,1
CREC-2016-05-24-pt1-PgS3116-6,CREC-2016-05-24,text_for_speaker,0,,1
CREC-2016-05-24-pt1-PgS3116-7,CREC-2016-05-24,text_for_speaker,0,,1
CREC-2016-05-24-pt1-PgS3117-2,CREC-2016-05-24,text_for_speaker,0,,1
CREC-2016-05-24-pt1-PgS3117,CREC-2016-05-24,text_for_speaker,0,,1
CREC-2016-05-24-pt1-PgS3118,CREC-2016-05-24,text_for_speaker,0,,1
CREC-2016-05-24-pt1-PgS3118-2,CREC-2016-05-24,text_for_speaker,0,,1
CREC-2016-05-24-pt1-PgS3117-3,CREC-2016-05-24,text_for_speaker,0,,1
CREC-2016-05-24-pt1-PgS3118-4,CREC-2016-05-24,text_for_speaker,0,,1
CREC-2016-05-24-pt1-PgS3118-3,CREC-2016-05-24,text_for_speaker,0,,1
CREC-2016-05-24-pt1-PgS3118-5,CREC-2016-05-24,text_for_speaker,0,,1
CREC-2016-05-24-pt1-PgS3119,CREC-2016-05-24,text_for_speaker,0,,1
CREC-2016-05-24-pt1-PgS3119-2,CREC-2016-05-24,text_for_speaker,0,,1
CREC-2016-05-24-pt1-PgS3119-3,CREC-2016-05-24,text_for_speaker,0,,1
CREC-2016-05-24-pt1-PgS3119-4,CREC-2016-05-24,text_for_speaker,0,,1
CREC-2016-05-24-pt1-PgS3120,CREC-2016-05-24,text_for_speaker,0,,1
CREC-2016-05-24-pt1-PgS3120-2,CREC-2016-05-24,text_for_speaker,0,,1
CREC-2016-05-24-pt1-PgS3120-3,CREC-2016-05-24,text_for_speaker,0,,1
CREC-2016-05-24-pt1-PgS3128-5,CREC-2016-05-24,text_for_speaker,0,,1
CREC-2016-05-24-pt1-PgD571,CREC-2016-05-24,text_for_speaker,0,,1
CREC-2016-05-24-pt1-PgD570,CREC-2016-05-24,text_for_speaker,0,,1
CREC-2016-05-24-pt1-PgD574,CREC-2016-05-24,text_for_speaker,0,,1
CREC-2016-05-24-pt1-PgD577,CREC-2016-05-24,text_for_speaker,0,,1
CREC-2016-05-24-pt1-PgD572,CREC-2016-05-24,text_for_speaker,0,,1
CREC-2016-05-24-pt1-PgD578,CREC-2016-05-24,text_for_speaker,0,,1
CREC-2016-05-24-pt1-PgD579,CREC-2016-05-24,text_for_speaker,0,,1
CREC-2016-05-25-pt1-PgH3099,CREC-2016-05-25,text_for_speaker,0,,1
CREC-2016-05-25-pt1-PgH-FrontMatter-2,CREC-2016-05-25,text_for_speaker,0,,1
CREC-2016-05-25-pt1-PgH3099-2,CREC-2016-05-25,text_for_speaker,0,,1
CREC-2016-05-25-pt1-PgH3103-2,CREC-2016-05-25,text_for_speaker,0,,1
CREC-2016-05-25-pt1-PgH3103-3,CREC-2016-05-25,text_for_speaker,0,,1
CREC-2016-05-25-pt1-PgH3105-4,CREC-2016-05-25,text_for_speaker,0,,1
CREC-2016-05-25-pt1-PgH3261-2,CREC-2016-05-25,text_for_speaker,0,,1
CREC-2016-05-25-pt1-PgH3262,CREC-2016-05-25,text_for_speaker,0,,1
CREC-2016-05-25-pt1-PgH3262-3,CREC-2016-05-25,text_for_speaker,0,,1
CREC-2016-05-25-pt1-PgH3262-2,CREC-2016-05-25,text_for_speaker,0,,1
CREC-2016-05-25-pt1-PgH3262-4,CREC-2016-05-25,text_for_speaker,0,,1
CREC-2016-05-25-pt1-PgH3264-2,CREC-2016-05-25,text_for_speaker,0,,1
CREC-2016-05-25-pt1-PgH3262-5,CREC-2016-05-25,text_for_speaker,0,,1
CREC-2016-05-25-pt1-PgH3265,CREC-2016-05-25,text_for_speaker,0,,1
CREC-2016-05-25-pt1-PgH3265-2,CREC-2016-05-25,text_for_speaker,0,,1
CREC-2016-05-25-pt1-PgH3264-4,CREC-2016-05-25,text_for_speaker,0,,1
CREC-2016-05-25-pt1-PgH3265-3,CREC-2016-05-25,text_for_speaker,0,,1
CREC-2016-05-25-pt1-PgH3265-4,CREC-2016-05-25,text_for_speaker,0,,1
CREC-2016-05-25-pt1-PgH3265-5,CREC-2016-05-25,text_for_speaker,0,,1
CREC-2016-05-25-pt1-PgH3265-6,CREC-2016-05-25,text_for_speaker,0,,1
CREC-2016-05-25-pt1-PgH3265-7,CREC-2016-05-25,text_for_speaker,0,,1
CREC-2016-05-25-pt1-PgH3265-9,CREC-2016-05-25,text_for_speaker,0,,1
CREC-2016-05-25-pt1-PgH3265-8,CREC-2016-05-25,text_for_speaker,0,,1
CREC-2016-05-25-pt1-PgH3265-10,CREC-2016-05-25,text_for_speaker,0,,1
CREC-2016-05-25-pt1-PgH3265-13,CREC-2016-05-25,text_for_speaker,0,,1
CREC-2016-05-25-pt1-PgH3265-12,CREC-2016-05-25,text_for_speaker,0,,1
CREC-2016-05-25-pt1-PgH3265-11,CREC-2016-05-25,text_for_speaker,0,,1
CREC-2016-05-25-pt1-PgH3265-14,CREC-2016-05-25,text_for_speaker,0,,1
CREC-2016-05-25-pt1-PgH3266,CREC-2016-05-25,text_for_speaker,0,,1
CREC-2016-05-25-pt1-PgH3265-15,CREC-2016-05-25,text_for_speaker,0,,1
CREC-2016-05-25-pt1-PgH3266-2,CREC-2016-05-25,text_for_speaker,0,,1
CREC-2016-05-25-pt1-PgH3266-3,CREC-2016-05-25,text_for_speaker,0,,1
CREC-2016-05-25-pt1-PgH3266-4,CREC-2016-05-25,text_for_speaker,0,,1
CREC-2016-05-25-pt1-PgH3266-5,CREC-2016-05-25,text_for_speaker,0,,1
CREC-2016-05-25-pt1-PgH3267,CREC-2016-05-25,text_for_speaker,0,,1
CREC-2016-05-25-pt1-PgH3267-2,CREC-2016-05-25,text_for_speaker,0,,1
CREC-2016-05-25-pt1-PgH3267-3,CREC-2016-05-25,text_for_speaker,0,,1
CREC-2016-05-25-pt1-PgH3267-5,CREC-2016-05-25,text_for_speaker,0,,1
CREC-2016-05-25-pt1-PgH3267-4,CREC-2016-05-25,text_for_speaker,0,,1
CREC-2016-05-25-pt1-PgH3267-7,CREC-2016-05-25,text_for_speaker,0,,1
CREC-2016-05-25-pt1-PgH3267-6,CREC-2016-05-25,text_for_speaker,0,,1
CREC-2016-05-25-pt1-PgS-FrontMatter-8,CREC-2016-05-25,text_for_speaker,0,,1
CREC-2016-05-25-pt1-PgS3129-2,CREC-2016-05-25,text_for_speaker,0,,1
CREC-2016-05-25-pt1-PgS3129-3,CREC-2016-05-25,text_for_speaker,0,,1
CREC-2016-05-25-pt1-PgS3129,CREC-2016-05-25,text_for_speaker,0,,1
CREC-2016-05-25-pt1-PgS3129-5,CREC-2016-05-25,text_for_speaker,0,,1
CREC-2016-05-25-pt1-PgS3129-6,CREC-2016-05-25,text_for_speaker,0,,1
CREC-2016-05-25-pt1-PgS3129-4,CREC-2016-05-25,text_for_speaker,0,,1
CREC-2016-05-25-pt1-PgS3130,CREC-2016-05-25,text_for_speaker,0,,1
CREC-2016-05-25-pt1-PgS3170-2,CREC-2016-05-25,text_for_speaker,0,,1
CREC-2016-05-25-pt1-PgS3170-3,CREC-2016-05-25,text_for_speaker,0,,1
CREC-2016-05-25-pt1-PgS3170-4,CREC-2016-05-25,text_for_speaker,0,,1
CREC-2016-05-25-pt1-PgS3170-5,CREC-2016-05-25,text_for_speaker,0,,1
CREC-2016-05-25-pt1-PgS3171,CREC-2016-05-25,text_for_speaker,0,,1
CREC-2016-05-25-pt1-PgS3171-2,CREC-2016-05-25,text_for_speaker,0,,1
CREC-2016-05-25-pt1-PgS3171-3,CREC-2016-05-25,text_for_speaker,0,,1
CREC-2016-05-25-pt1-PgS3175,CREC-2016-05-25,text_for_speaker,0,,1
CREC-2016-05-25-pt1-PgS3175-2,CREC-2016-05-25,text_for_speaker,0,,1
CREC-2016-05-25-pt1-PgS3176,CREC-2016-05-25,text_for_speaker,0,,1
CREC-2016-05-25-pt1-PgS3176-2,CREC-2016-05-25,text_for_speaker,0,,1
CREC-2016-05-25-pt1-PgS3175-3,CREC-2016-05-25,text_for_speaker,0,,1
CREC-2016-05-25-pt1-PgS3177,CREC-2016-05-25,text_for_speaker,0,,1
CREC-2016-05-25-pt1-PgS3178-2,CREC-2016-05-25,text_for_speaker,0,,2
CREC-2016-05-25-pt1-PgS3190,CREC-2016-05-25,text_for_speaker,0,,1
CREC-2016-05-25-pt1-PgS3191,CREC-2016-05-25,text_for_speaker,0,,1
CREC-2016-05-25-pt1-PgS3191-2,CREC-2016-05-25,text_for_speaker,0,,1
CREC-2016-05-25-pt1-PgS3178,CREC-2016-05-25,text_for_speaker,0,,1
CREC-2016-05-25-pt1-PgS3191-3,CREC-2016-05-25,text_for_speaker,0,,1
CREC-2016-05-25-pt1-PgS3192,CREC-2016-05-25,text_for_speaker,0,,1
CREC-2016-05-25-pt1-PgS3193,CREC-2016-05-25,text_for_speaker,0,,1
CREC-2016-05-25-pt1-PgS3192-2,CREC-2016-05-25,text_for_speaker,0,,1
CREC-2016-05-25-pt1-PgS3193-2,CREC-2016-05-25,text_for_speaker,0,,1
CREC-2016-05-25-pt1-PgS3197,CREC-2016-05-25,text_for_speaker,0,,1
CREC-2016-05-25-pt1-PgS3197-2,CREC-2016-05-25,text_for_speaker,0,,1
CREC-2016-05-25-pt1-PgS3198,CREC-2016-05-25,text_for_speaker,0,,1
CREC-2016-05-25-pt1-PgS3197-3,CREC-2016-05-25,text_for_speaker,0,,1
CREC-2016-05-25-pt1-PgS3198-2,CREC-2016-05-25,text_for_speaker,0,,1
CREC-2016-05-25-pt1-PgS3199,CREC-2016-05-25,text_for_speaker,0,,1
CREC-2016-05-25-pt1-PgS3198-3,CREC-2016-05-25,text_for_speaker,0,,1
CREC-2016-05-25-pt1-PgS3198-4,CREC-2016-05-25,text_for_speaker,0,,1
CREC-2016-05-25-pt1-PgS3199-2,CREC-2016-05-25,text_for_speaker,0,,1
CREC-2016-05-25-pt1-PgS3199-3,CREC-2016-05-25,text_for_speaker,0,,1
CREC-2016-05-25-pt1-PgS3200,CREC-2016-05-25,text_for_speaker,0,,1
CREC-2016-05-25-pt1-PgS3200-3,CREC-2016-05-25,text_for_speaker,0,,1
CREC-2016-05-25-pt1-PgS3200-4,CREC-2016-05-25,text_for_speaker,0,,1
CREC-2016-05-25-pt1-PgS3200-2,CREC-2016-05-25,text_for_speaker,0,,1
CREC-2016-05-25-pt1-PgS3201,CREC-2016-05-25,text_for_speaker,0,,1
CREC-2016-05-25-pt1-PgS3201-2,CREC-2016-05-25,text_for_speaker,0,,1
CREC-2016-05-25-pt1-PgS3201-3,CREC-2016-05-25,text_for_speaker,0,,1
CREC-2016-05-25-pt1-PgS3201-4,CREC-2016-05-25,text_for_speaker,0,,1
CREC-2016-05-25-pt1-PgS3201-5,CREC-2016-05-25,text_for_speaker,0,,1
CREC-2016-05-25-pt1-PgS3201-6,CREC-2016-05-25,text_for_speaker,0,,1
CREC-2016-05-25-pt1-PgS3201-7,CREC-2016-05-25,text_for_speaker,0,,1
CREC-2016-05-25-pt1-PgS3202,CREC-2016-05-25,text_for_speaker,0,,1
CREC-2016-05-25-pt1-PgS3203,CREC-2016-05-25,text_for_speaker,0,,1
CREC-2016-05-25-pt1-PgS3203-3,CREC-2016-05-25,text_for_speaker,0,,1
CREC-2016-05-25-pt1-PgS3203-2,CREC-2016-05-25,text_for_speaker,0,,1
CREC-2016-05-25-pt1-PgS3203-4,CREC-2016-05-25,text_for_speaker,0,,1
CREC-2016-05-25-pt1-PgS3205,CREC-2016-05-25,text_for_speaker,0,,1
CREC-2016-05-25-pt1-PgS3204,CREC-2016-05-25,text_for_speaker,0,,1
CREC-2016-05-25-pt1-PgS3205-2,CREC-2016-05-25,text_for_speaker,0,,1
CREC-2016-05-25-pt1-PgS3205-4,CREC-2016-05-25,text_for_speaker,0,,1
CREC-2016-05-25-pt1-PgS3205-3,CREC-2016-05-25,text_for_speaker,0,,1
CREC-2016-05-25-pt1-PgS3205-5,CREC-2016-05-25,text_for_speaker,0,,1
CREC-2016-05-25-pt1-PgS3206-2,CREC-2016-05-25,text_for_speaker,0,,1
CREC-2016-05-25-pt1-PgS3206-3,CREC-2016-05-25,text_for_speaker,0,,1
CREC-2016-05-25-pt1-PgS3206,CREC-2016-05-25,text_for_speaker,0,,1
CREC-2016-05-25-pt1-PgS3206-4,CREC-2016-05-25,text_for_speaker,0,,1
CREC-2016-05-25-pt1-PgS3206-6,CREC-2016-05-25,text_for_speaker,0,,1
CREC-2016-05-25-pt1-PgS3206-5,CREC-2016-05-25,text_for_speaker,0,,1
CREC-2016-05-25-pt1-PgS3206-7,CREC-2016-05-25,text_for_speaker,0,,1
CREC-2016-05-25-pt1-PgS3207-2,CREC-2016-05-25,text_for_speaker,0,,1
CREC-2016-05-25-pt1-PgS3207,CREC-2016-05-25,text_for_speaker,0,,1
CREC-2016-05-25-pt1-PgS3209,CREC-2016-05-25,text_for_speaker,0,,1
CREC-2016-05-25-pt1-PgS3209-2,CREC-2016-05-25,text_for_speaker,0,,1
CREC-2016-05-25-pt1-PgS3209-3,CREC-2016-05-25,text_for_speaker,0,,1
CREC-2016-05-25-pt1-PgS3210-2,CREC-2016-05-25,text_for_speaker,0,,1
CREC-2016-05-25-pt1-PgS3209-4,CREC-2016-05-25,text_for_speaker,0,,1
CREC-2016-05-25-pt1-PgS3210,CREC-2016-05-25,text_for_speaker,0,,1
CREC-2016-05-25-pt1-PgS3210-3,CREC-2016-05-25,text_for_speaker,0,,1
CREC-2016-05-25-pt1-PgS3210-5,CREC-2016-05-25,text_for_speaker,0,,1
CREC-2016-05-25-pt1-PgS3210-4,CREC-2016-05-25,text_for_speaker,0,,1
CREC-2016-05-25-pt1-PgS3210-6,CREC-2016-05-25,text_for_speaker,0,,1
CREC-2016-05-25-pt1-PgS3211,CREC-2016-05-25,text_for_speaker,0,,1
CREC-2016-05-25-pt1-PgS3211-2,CREC-2016-05-25,text_for_speaker,0,,1
CREC-2016-05-25-pt1-PgS3212-2,CREC-2016-05-25,text_for_speaker,0,,1
CREC-2016-05-25-pt1-PgS3212,CREC-2016-05-25,text_for_speaker,0,,1
CREC-2016-05-25-pt1-PgS3213,CREC-2016-05-25,text_for_speaker,0,,1
CREC-2016-05-25-pt1-PgS3213-2,CREC-2016-05-25,text_for_speaker,0,,1
CREC-2016-05-25-pt1-PgS3212-3,CREC-2016-05-25,text_for_speaker,0,,1
CREC-2016-05-25-pt1-PgS3213-3,CREC-2016-05-25,text_for_speaker,0,,1
CREC-2016-05-25-pt1-PgS3213-4,CREC-2016-05-25,text_for_speaker,0,,1
CREC-2016-05-25-pt1-PgS3216,CREC-2016-05-25,text_for_speaker,0,,1
CREC-2016-05-25-pt1-PgS3216-2,CREC-2016-05-25,text_for_speaker,0,,1
CREC-2016-05-25-pt1-PgS3217-2,CREC-2016-05-25,text_for_speaker,0,,1
CREC-2016-05-25-pt1-PgS3217,CREC-2016-05-25,text_for_speaker,0,,1
CREC-2016-05-25-pt1-PgS3218,CREC-2016-05-25,text_for_speaker,0,,1
CREC-2016-05-25-pt1-PgS3219,CREC-2016-05-25,text_for_speaker,0,,1
CREC-2016-05-25-pt1-PgS3218-2,CREC-2016-05-25,text_for_speaker,0,,1
CREC-2016-05-25-pt1-PgS3219-2,CREC-2016-05-25,text_for_speaker,0,,1
CREC-2016-05-25-pt1-PgS3219-3,CREC-2016-05-25,text_for_speaker,0,,1
CREC-2016-05-25-pt1-PgS3219-4,CREC-2016-05-25,text_for_speaker,0,,1
CREC-2016-05-25-pt1-PgS3219-5,CREC-2016-05-25,text_for_speaker,0,,1
CREC-2016-05-25-pt1-PgS3220,CREC-2016-05-25,text_for_speaker,0,,1
CREC-2016-05-25-pt1-PgS3220-2,CREC-2016-05-25,text_for_speaker,0,,1
CREC-2016-05-25-pt1-PgS3220-3,CREC-2016-05-25,text_for_speaker,0,,1
CREC-2016-05-25-pt1-PgS3220-4,CREC-2016-05-25,text_for_speaker,0,,1
CREC-2016-05-25-pt1-PgS3221,CREC-2016-05-25,text_for_speaker,0,,1
CREC-2016-05-25-pt1-PgS3221-2,CREC-2016-05-25,text_for_speaker,0,,1
CREC-2016-05-25-pt1-PgS3222,CREC-2016-05-25,text_for_speaker,0,,1
CREC-2016-05-25-pt1-PgS3225,CREC-2016-05-25,text_for_speaker,0,,1
CREC-2016-05-25-pt1-PgS3221-3,CREC-2016-05-25,text_for_speaker,0,,1
CREC-2016-05-25-pt1-PgS3225-2,CREC-2016-05-25,text_for_speaker,0,,1
CREC-2016-05-25-pt1-PgS3225-3,CREC-2016-05-25,text_for_speaker,0,,1
CREC-2016-05-25-pt1-PgS3225-4,CREC-2016-05-25,text_for_speaker,0,,1
CREC-2016-05-25-pt1-PgS3226,CREC-2016-05-25,text_for_speaker,0,,1
CREC-2016-05-25-pt1-PgS3226-3,CREC-2016-05-25,text_for_speaker,0,,1
CREC-2016-05-25-pt1-PgS3226-2,CREC-2016-05-25,text_for_speaker,0,,1
CREC-2016-05-25-pt1-PgS3230-2,CREC-2016-05-25,text_for_speaker,0,,1
CREC-2016-05-25-pt1-PgE798,CREC-2016-05-25,text_for_speaker,0,,1
CREC-2016-05-25-pt1-PgD582,CREC-2016-05-25,text_for_speaker,0,,1
CREC-2016-05-25-pt1-PgD583,CREC-2016-05-25,text_for_speaker,0,,1
CREC-2016-05-25-pt1-PgD588,CREC-2016-05-25,text_for_speaker,0,,1
CREC-2016-05-25-pt1-PgD585,CREC-2016-05-25,text_for_speaker,0,,1
CREC-2016-05-25-pt1-PgD590,CREC-2016-05-25,text_for_speaker,0,,1
CREC-2016-05-25-pt1-PgD591,CREC-2016-05-25,text_for_speaker,0,,1
CREC-2016-06-20-pt1-PgH-FrontMatter,CREC-2016-06-20,text_for_speaker,0,,1
CREC-2016-06-20-pt1-PgH3971-2,CREC-2016-06-20,text_for_speaker,0,,1
CREC-2016-06-20-pt1-PgH3971,CREC-2016-06-20,text_for_speaker,0,,1
CREC-2016-06-20-pt1-PgH3971-3,CREC-2016-06-20,text_for_speaker,0,,1
CREC-2016-06-20-pt1-PgH3971-6,CREC-2016-06-20,text_for_speaker,0,,1
CREC-2016-06-20-pt1-PgH3971-7,CREC-2016-06-20,text_for_speaker,0,,1
CREC-2016-06-20-pt1-PgH3971-8,CREC-2016-06-20,text_for_speaker,0,,1
CREC-2016-06-20-pt1-PgH3971-9,CREC-2016-06-20,text_for_speaker,0,,1
CREC-2016-06-20-pt1-PgH3972,CREC-2016-06-20,text_for_speaker,0,,1
CREC-2016-06-20-pt1-PgH3974-2,CREC-2016-06-20,text_for_speaker,0,,1
CREC-2016-06-20-pt1-PgH3972-3,CREC-2016-06-20,text_for_speaker,0,,1
CREC-2016-06-20-pt1-PgH3975,CREC-2016-06-20,text_for_speaker,0,,1
CREC-2016-06-20-pt1-PgH3974-4,CREC-2016-06-20,text_for_speaker,0,,1
CREC-2016-06-20-pt1-PgH3975-2,CREC-2016-06-20,text_for_speaker,0,,1
CREC-2016-06-20-pt1-PgH3975-4,CREC-2016-06-20,text_for_speaker,0,,1
CREC-2016-06-20-pt1-PgH3975-3,CREC-2016-06-20,text_for_speaker,0,,1
CREC-2016-06-20-pt1-PgH3975-5,CREC-2016-06-20,text_for_speaker,0,,1
CREC-2016-06-20-pt1-PgH3975-6,CREC-2016-06-20,text_for_speaker,0,,1
CREC-2016-06-20-pt1-PgH3975-7,CREC-2016-06-20,text_for_speaker,0,,1
CREC-2016-06-20-pt1-PgH3975-8,CREC-2016-06-20,text_for_speaker,0,,1
CREC-2016-06-20-pt1-PgH3975-9,CREC-2016-06-20,text_for_speaker,0,,1
CREC-2016-06-20-pt1-PgH3975-11,CREC-2016-06-20,text_for_speaker,0,,1
CREC-2016-06-20-pt1-PgH3975-10,CREC-2016-06-20,text_for_speaker,0,,1
CREC-2016-06-20-pt1-PgH3975-12,CREC-2016-06-20,text_for_speaker,0,,1
CREC-2016-06-20-pt1-PgH3975-14,CREC-2016-06-20,text_for_speaker,0,,1
CREC-2016-06-20-pt1-PgH3975-13,CREC-2016-06-20,text_for_speaker,0,,1
CREC-2016-06-20-pt1-PgH3975-15,CREC-2016-06-20,text_for_speaker,0,,1
CREC-2016-06-20-pt1-PgS4333,CREC-2016-06-20,text_for_speaker,0,,1
CREC-2016-06-20-pt1-PgS-FrontMatter,CREC-2016-06-20,text_for_speaker,0,,1
CREC-2016-06-20-pt1-PgS4333-2,CREC-2016-06-20,text_for_speaker,0,,1
CREC-2016-06-20-pt1-PgS4333-3,CREC-2016-06-20,text_for_speaker,0,,1
CREC-2016-06-20-pt1-PgS4333-4,CREC-2016-06-20,text_for_speaker,0,,1
CREC-2016-06-20-pt1-PgS4333-5,CREC-2016-06-20,text_for_speaker,0,,1
CREC-2016-06-20-pt1-PgS4357-4,CREC-2016-06-20,text_for_speaker,0,,1
CREC-2016-06-20-pt1-PgS4357-3,CREC-2016-06-20,text_for_speaker,0,,1
CREC-2016-06-20-pt1-PgS4357-5,CREC-2016-06-20,text_for_speaker,0,,1
CREC-2016-06-20-pt1-PgS4357-6,CREC-2016-06-20,text_for_speaker,0,,1
CREC-2016-06-20-pt1-PgS4357-7,CREC-2016-06-20,text_for_speaker,0,,1
CREC-2016-06-20-pt1-PgS4359,CREC-2016-06-20,text_for_speaker,0,,1
CREC-2016-06-20-pt1-PgS4359-2,CREC-2016-06-20,text_for_speaker,0,,1
CREC-2016-06-20-pt1-PgS4359-3,CREC-2016-06-20,text_for_speaker,0,,1
CREC-2016-06-20-pt1-PgS4361,CREC-2016-06-20,text_for_speaker,0,,1
CREC-2016-06-20-pt1-PgS4359-4,CREC-2016-06-20,text_for_speaker,0,,1
CREC-2016-06-20-pt1-PgS4361-2,CREC-2016-06-20,text_for_speaker,0,,1
CREC-2016-06-20-pt1-PgS4363,CREC-2016-06-20,text_for_speaker,0,,1
CREC-2016-06-20-pt1-PgS4364,CREC-2016-06-20,text_for_speaker,0,,1
CREC-2016-06-20-pt1-PgS4364-2,CREC-2016-06-20,text_for_speaker,0,,1
CREC-2016-06-20-pt1-PgS4364-4,CREC-2016-06-20,text_for_speaker,0,,1
CREC-2016-06-20-pt1-PgS4364-3,CREC-2016-06-20,text_for_speaker,0,,2
CREC-2016-06-20-pt1-PgS4365,CREC-2016-06-20,text_for_speaker,0,,1
CREC-2016-06-20-pt1-PgS4365-2,CREC-2016-06-20,text_for_speaker,0,,1
CREC-2016-06-20-pt1-PgS4365-3,CREC-2016-06-20,text_for_speaker,0,,1
CREC-2016-06-20-pt1-PgS4365-4,CREC-2016-06-20,text_for_speaker,0,,1
CREC-2016-06-20-pt1-PgS4365-5,CREC-2016-06-20,text_for_speaker,0,,1
CREC-2016-06-20-pt1-PgS4365-7,CREC-2016-06-20,text_for_speaker,0,,1
CREC-2016-06-20-pt1-PgS4365-6,CREC-2016-06-20,text_for_speaker,0,,1
CREC-2016-06-20-pt1-PgS4365-8,CREC-2016-06-20,text_for_speaker,0,,1
CREC-2016-06-20-pt1-PgS4366-2,CREC-2016-06-20,text_for_speaker,0,,1
CREC-2016-06-20-pt1-PgS4366,CREC-2016-06-20,text_for_speaker,0,,1
CREC-2016-06-20-pt1-PgS4366-3,CREC-2016-06-20,text_for_speaker,0,,1
CREC-2016-06-20-pt1-PgS4366-4,CREC-2016-06-20,text_for_speaker,0,,1
CREC-2016-06-20-pt1-PgS4366-5,CREC-2016-06-20,text_for_speaker,0,,1
CREC-2016-06-20-pt1-PgS4368,CREC-2016-06-20,text_for_speaker,0,,2
CREC-2016-06-20-pt1-PgS4369,CREC-2016-06-20,text_for_speaker,0,,1
CREC-2016-06-20-pt1-PgS4369-2,CREC-2016-06-20,text_for_speaker,0,,1
CREC-2016-06-20-pt1-PgS4370,CREC-2016-06-20,text_for_speaker,0,,1
CREC-2016-06-20-pt1-PgS4370-2,CREC-2016-06-20,text_for_speaker,0,,1
CREC-2016-06-20-pt1-PgS4370-3,CREC-2016-06-20,text_for_speaker,0,,1
CREC-2016-06-20-pt1-PgS4370-4,CREC-2016-06-20,text_for_speaker,0,,2
CREC-2016-06-20-pt1-PgE951,CREC-2016-06-20,text_for_speaker,0,,1
CREC-2016-06-20-pt1-PgE951-4,CREC-2016-06-20,text_for_speaker,0,,1
CREC-2016-06-20-pt1-PgE954-3,CREC-2016-06-20,text_for_speaker,0,,1
CREC-2016-06-20-pt1-PgE956-3,CREC-2016-06-20,text_for_speaker,0,,1
CREC-2016-06-20-pt1-PgD682,CREC-2016-06-20,text_for_speaker,0,,1
CREC-2016-06-20-pt1-PgD683,CREC-2016-06-20,text_for_speaker,0,,1
CREC-2016-06-20-pt1-PgD683-2,CREC-2016-06-20,text_for_speaker,0,,1
CREC-2016-06-20-pt1-PgD684,CREC-2016-06-20,text_for_speaker,0,,1
CREC-2016-06-20-pt1-PgD687,CREC-2016-06-20,text_for_speaker,0,,1
CREC-2016-06-20-pt1-PgD684-2,CREC-2016-06-20,text_for_speaker,0,,1
CREC-2016-07-06-pt1-PgH-FrontMatter,CREC-2016-07-06,text_for_speaker,0,,1
CREC-2016-07-06-pt1-PgH4279,CREC-2016-07-06,text_for_speaker,0,,1
CREC-2016-07-06-pt1-PgH4279-2,CREC-2016-07-06,text_for_speaker,0,,1
CREC-2016-07-06-pt1-PgH4288-2,CREC-2016-07-06,text_for_speaker,0,,1
CREC-2016-07-06-pt1-PgH4288-3,CREC-2016-07-06,text_for_speaker,0,,1
CREC-2016-07-06-pt1-PgH4292,CREC-2016-07-06,text_for_speaker,0,,1
CREC-2016-07-06-pt1-PgH4292-2,CREC-2016-07-06,text_for_speaker,0,,1
CREC-2016-07-06-pt1-PgH4392,CREC-2016-07-06,text_for_speaker,0,,1
CREC-2016-07-06-pt1-PgH4460,CREC-2016-07-06,text_for_speaker,0,,1
CREC-2016-07-06-pt1-PgH4464,CREC-2016-07-06,text_for_speaker,0,,1
CREC-2016-07-06-pt1-PgH4464-2,CREC-2016-07-06,text_for_speaker,0,,1
CREC-2016-07-06-pt1-PgH4465-2,CREC-2016-07-06,text_for_speaker,0,,1
CREC-2016-07-06-pt1-PgH4465-4,CREC-2016-07-06,text_for_speaker,0,,1
CREC-2016-07-06-pt1-PgH4466,CREC-2016-07-06,text_for_speaker,0,,1
CREC-2016-07-06-pt1-PgH4466-3,CREC-2016-07-06,text_for_speaker,0,,1
CREC-2016-07-06-pt1-PgH4467,CREC-2016-07-06,text_for_speaker,0,,1
CREC-2016-07-06-pt1-PgH4466-2,CREC-2016-07-06,text_for_speaker,0,,1
CREC-2016-07-06-pt1-PgH4467-2,CREC-2016-07-06,text_for_speaker,0,,1
CREC-2016-07-06-pt1-PgH4467-3,CREC-2016-07-06,text_for_speaker,0,,1
CREC-2016-07-06-pt1-PgH4467-4,CREC-2016-07-06,text_for_speaker,0,,1
CREC-2016-07-06-pt1-PgH4467-5,CREC-2016-07-06,text_for_speaker,0,,1
CREC-2016-07-06-pt1-PgH4467-7,CREC-2016-07-06,text_for_speaker,0,,1
CREC-2016-07-06-pt1-PgH4467-6,CREC-2016-07-06,text_for_speaker,0,,1
CREC-2016-07-06-pt1-PgH4467-8,CREC-2016-07-06,text_for_speaker,0,,1
CREC-2016-07-06-pt1-PgH4467-9,CREC-2016-07-06,text_for_speaker,0,,1
CREC-2016-07-06-pt1-PgH4467-10,CREC-2016-07-06,text_for_speaker,0,,1
CREC-2016-07-06-pt1-PgH4467-11,CREC-2016-07-06,text_for_speaker,0,,1
CREC-2016-07-06-pt1-PgH4467-12,CREC-2016-07-06,text_for_speaker,0,,1
CREC-2016-07-06-pt1-PgH4467-13,CREC-2016-07-06,text_for_speaker,0,,1
CREC-2016-07-06-pt1-PgH4467-14,CREC-2016-07-06,text_for_speaker,0,,1
CREC-2016-07-06-pt1-PgH4467-16,CREC-2016-07-06,text_for_speaker,0,,1
CREC-2016-07-06-pt1-PgH4467-15,CREC-2016-07-06,text_for_speaker,0,,1
CREC-2016-07-06-pt1-PgH4467-18,CREC-2016-07-06,text_for_speaker,0,,1
CREC-2016-07-06-pt1-PgH4467-17,CREC-2016-07-06,text_for_speaker,0,,1
CREC-2016-07-06-pt1-PgH4467-19,CREC-2016-07-06,text_for_speaker,0,,1
CREC-2016-07-06-pt1-PgH4467-21,CREC-2016-07-06,text_for_speaker,0,,1
CREC-2016-07-06-pt1-PgH4467-20,CREC-2016-07-06,text_for_speaker,0,,1
CREC-2016-07-06-pt1-PgH4468-2,CREC-2016-07-06,text_for_speaker,0,,1
CREC-2016-07-06-pt1-PgH4468,CREC-2016-07-06,text_for_speaker,0,,1
CREC-2016-07-06-pt1-PgH4467-22,CREC-2016-07-06,text_for_speaker,0,,1
CREC-2016-07-06-pt1-PgH4469,CREC-2016-07-06,text_for_speaker,0,,1
CREC-2016-07-06-pt1-PgH4469-2,CREC-2016-07-06,text_for_speaker,0,,1
CREC-2016-07-06-pt1-PgS-FrontMatter-3,CREC-2016-07-06,text_for_speaker,0,,1
CREC-2016-07-06-pt1-PgS4777,CREC-2016-07-06,text_for_speaker,0,,1
CREC-2016-07-06-pt1-PgS4777-2,CREC-2016-07-06,text_for_speaker,0,,1
CREC-2016-07-06-pt1-PgS4777-3,CREC-2016-07-06,text_for_speaker,0,,1
CREC-2016-07-06-pt1-PgS4777-4,CREC-2016-07-06,text_for_speaker,0,,1
CREC-2016-07-06-pt1-PgS4777-6,CREC-2016-07-06,text_for_speaker,0,,1
CREC-2016-07-06-pt1-PgS4824-3,CREC-2016-07-06,text_for_speaker,0,,1
CREC-2016-07-06-pt1-PgS4824-4,CREC-2016-07-06,text_for_speaker,0,,1
CREC-2016-07-06-pt1-PgS4825,CREC-2016-07-06,text_for_speaker,0,,1
CREC-2016-07-06-pt1-PgS4825-3,CREC-2016-07-06,text_for_speaker,0,,1
CREC-2016-07-06-pt1-PgS4825-2,CREC-2016-07-06,text_for_speaker,0,,1
CREC-2016-07-06-pt1-PgS4828,CREC-2016-07-06,text_for_speaker,0,,1
CREC-2016-07-06-pt1-PgS4825-4,CREC-2016-07-06,text_for_speaker,0,,1
CREC-2016-07-06-pt1-PgS4827,CREC-2016-07-06,text_for_speaker,0,,1
CREC-2016-07-06-pt1-PgS4828-2,CREC-2016-07-06,text_for_speaker,0,,1
CREC-2016-07-06-pt1-PgS4828-3,CREC-2016-07-06,text_for_speaker,0,,1
CREC-2016-07-06-pt1-PgS4830,CREC-2016-07-06,text_for_speaker,0,,1
CREC-2016-07-06-pt1-PgS4830-2,CREC-2016-07-06,text_for_speaker,0,,1
CREC-2016-07-06-pt1-PgS4828-4,CREC-2016-07-06,text_for_speaker,0,,1
CREC-2016-07-06-pt1-PgS4831-2,CREC-2016-07-06,text_for_speaker,0,,1
CREC-2016-07-06-pt1-PgS4831,CREC-2016-07-06,text_for_speaker,0,,1
CREC-2016-07-06-pt1-PgS4831-3,CREC-2016-07-06,text_for_speaker,0,,1
CREC-2016-07-06-pt1-PgS4832,CREC-2016-07-06,text_for_speaker,0,,1
CREC-2016-07-06-pt1-PgS4832-2,CREC-2016-07-06,text_for_speaker,0,,1
CREC-2016-07-06-pt1-PgS4832-3,CREC-2016-07-06,text_for_speaker,0,,1
CREC-2016-07-06-pt1-PgS4832-4,CREC-2016-07-06,text_for_speaker,0,,1
CREC-2016-07-06-pt1-PgS4832-5,CREC-2016-07-06,text_for_speaker,0,,1
CREC-2016-07-06-pt1-PgS4832-6,CREC-2016-07-06,text_for_speaker,0,,1
CREC-2016-07-06-pt1-PgS4832-7,CREC-2016-07-06,text_for_speaker,0,,1
CREC-2016-07-06-pt1-PgS4833,CREC-2016-07-06,text_for_speaker,0,,1
CREC-2016-07-06-pt1-PgS4833-2,CREC-2016-07-06,text_for_speaker,0,,1
CREC-2016-07-06-pt1-PgS4834,CREC-2016-07-06,text_for_speaker,0,,1
CREC-2016-07-06-pt1-PgS4834-2,CREC-2016-07-06,text_for_speaker,0,,1
CREC-2016-07-06-pt1-PgS4833-3,CREC-2016-07-06,text_for_speaker,0,,1
CREC-2016-07-06-pt1-PgS4834-3,CREC-2016-07-06,text_for_speaker,0,,1
CREC-2016-07-06-pt1-PgS4834-4,CREC-2016-07-06,text_for_speaker,0,,1
CREC-2016-07-06-pt1-PgS4834-5,CREC-2016-07-06,text_for_speaker,0,,1
CREC-2016-07-06-pt1-PgS4834-6,CREC-2016-07-06,text_for_speaker,0,,1
CREC-2016-07-06-pt1-PgS4834-7,CREC-2016-07-06,text_for_speaker,0,,1
CREC-2016-07-06-pt1-PgS4835,CREC-2016-07-06,text_for_speaker,0,,1
CREC-2016-07-06-pt1-PgS4835-2,CREC-2016-07-06,text_for_speaker,0,,1
CREC-2016-07-06-pt1-PgS4835-3,CREC-2016-07-06,text_for_speaker,0,,1
CREC-2016-07-06-pt1-PgS4835-4,CREC-2016-07-06,text_for_speaker,0,,1
CREC-2016-07-06-pt1-PgS4835-5,CREC-2016-07-06,text_for_speaker,0,,1
CREC-2016-07-06-pt1-PgS4835-6,CREC-2016-07-06,text_for_speaker,0,,1
CREC-2016-07-06-pt1-PgS4835-7,CREC-2016-07-06,text_for_speaker,0,,1
CREC-2016-07-06-pt1-PgS4835-10,CREC-2016-07-06,text_for_speaker,0,,1
CREC-2016-07-06-pt1-PgS4838-3,CREC-2016-07-06,text_for_speaker,0,,1
CREC-2016-07-06-pt1-PgE1038,CREC-2016-07-06,text_for_speaker,0,,1
CREC-2016-07-06-pt1-PgE1041-3,CREC-2016-07-06,text_for_speaker,0,,1
CREC-2016-07-06-pt1-PgE1044-4,CREC-2016-07-06,text_for_speaker,0,,1
CREC-2016-07-06-pt1-PgE1051-2,CREC-2016-07-06,text_for_speaker,0,,1
CREC-2016-07-06-pt1-PgD746,CREC-2016-07-06,text_for_speaker,0,,1
CREC-2016-07-06-pt1-PgD747,CREC-2016-07-06,text_for_speaker,0,,1
CREC-2016-07-06-pt1-PgD748,CREC-2016-07-06,text_for_speaker,0,,1
CREC-2016-07-06-pt1-PgD751,CREC-2016-07-06,text_for_speaker,0,,1
CREC-2016-07-06-pt1-PgD753,CREC-2016-07-06,text_for_speaker,0,,1
CREC-2016-07-06-pt1-PgD753-2,CREC-2016-07-06,text_for_speaker,0,,1
CREC-2016-07-06-pt1-PgD754,CREC-2016-07-06,text_for_speaker,0,,1
CREC-2016-07-06-pt1-PgD755,CREC-2016-07-06,text_for_speaker,0,,1
CREC-2016-07-06-pt1-PgD755-2,CREC-2016-07-06,text_for_speaker,0,,1
CREC-2016-09-27-pt1-PgH5915,CREC-2016-09-27,text_for_speaker,0,,1
CREC-2016-09-27-pt1-PgH-FrontMatter-5,CREC-2016-09-27,text_for_speaker,0,,1
CREC-2016-09-27-pt1-PgH5915-2,CREC-2016-09-27,text_for_speaker,0,,1
CREC-2016-09-27-pt1-PgH5921-2,CREC-2016-09-27,text_for_speaker,0,,1
CREC-2016-09-27-pt1-PgH5921-3,CREC-2016-09-27,text_for_speaker,0,,1
CREC-2016-09-27-pt1-PgH5921-7,CREC-2016-09-27,text_for_speaker,0,,1
CREC-2016-09-27-pt1-PgH5923-4,CREC-2016-09-27,text_for_speaker,0,,1
CREC-2016-09-27-pt1-PgH5924-5,CREC-2016-09-27,text_for_speaker,0,,1
CREC-2016-09-27-pt1-PgH5997-4,CREC-2016-09-27,text_for_speaker,0,,1
CREC-2016-09-27-pt1-PgH5998,CREC-2016-09-27,text_for_speaker,0,,1
CREC-2016-09-27-pt1-PgH5998-3,CREC-2016-09-27,text_for_speaker,0,,1
CREC-2016-09-27-pt1-PgH5998-2,CREC-2016-09-27,text_for_speaker,0,,1
CREC-2016-09-27-pt1-PgH5998-4,CREC-2016-09-27,text_for_speaker,0,,1
CREC-2016-09-27-pt1-PgH5998-6,CREC-2016-09-27,text_for_speaker,0,,1
CREC-2016-09-27-pt1-PgH6000,CREC-2016-09-27,text_for_speaker,0,,1
CREC-2016-09-27-pt1-PgH5999-2,CREC-2016-09-27,text_for_speaker,0,,1
CREC-2016-09-27-pt1-PgH6000-2,CREC-2016-09-27,text_for_speaker,0,,1
CREC-2016-09-27-pt1-PgH6000-3,CREC-2016-09-27,text_for_speaker,0,,1
CREC-2016-09-27-pt1-PgH6000-4,CREC-2016-09-27,text_for_speaker,0,,1
CREC-2016-09-27-pt1-PgH6000-5,CREC-2016-09-27,text_for_speaker,0,,1
CREC-2016-09-27-pt1-PgH6000-6,CREC-2016-09-27,text_for_speaker,0,,1
CREC-2016-09-27-pt1-PgH6000-7,CREC-2016-09-27,text_for_speaker,0,,1
CREC-2016-09-27-pt1-PgH6001,CREC-2016-09-27,text_for_speaker,0,,1
CREC-2016-09-27-pt1-PgH6001-2,CREC-2016-09-27,text_for_speaker,0,,1
CREC-2016-09-27-pt1-PgH6001-3,CREC-2016-09-27,text_for_speaker,0,,1
CREC-2016-09-27-pt1-PgH6001-5,CREC-2016-09-27,text_for_speaker,0,,1
CREC-2016-09-27-pt1-PgH6001-4,CREC-2016-09-27,text_for_speaker,0,,1
CREC-2016-09-27-pt1-PgH6001-6,CREC-2016-09-27,text_for_speaker,0,,1
CREC-2016-09-27-pt1-PgH6001-7,CREC-2016-09-27,text_for_speaker,0,,1
CREC-2016-09-27-pt1-PgH6001-8,CREC-2016-09-27,text_for_speaker,0,,1
CREC-2016-09-27-pt1-PgH6001-9,CREC-2016-09-27,text_for_speaker,0,,1
CREC-2016-09-27-pt1-PgH6001-10,CREC-2016-09-27,text_for_speaker,0,,1
CREC-2016-09-27-pt1-PgH6001-12,CREC-2016-09-27,text_for_speaker,0,,1
CREC-2016-09-27-pt1-PgH6001-11,CREC-2016-09-27,text_for_speaker,0,,1
CREC-2016-09-27-pt1-PgH6001-13,CREC-2016-09-27,text_for_speaker,0,,1
CREC-2016-09-27-pt1-PgH6001-14,CREC-2016-09-27,text_for_speaker,0,,1
CREC-2016-09-27-pt1-PgH6001-15,CREC-2016-09-27,text_for_speaker,0,,1
CREC-2016-09-27-pt1-PgH6001-16,CREC-2016-09-27,text_for_speaker,0,,1
CREC-2016-09-27-pt1-PgH6002,CREC-2016-09-27,text_for_speaker,0,,1
CREC-2016-09-27-pt1-PgH6002-2,CREC-2016-09-27,text_for_speaker,0,,1
CREC-2016-09-27-pt1-PgS-FrontMatter-3,CREC-2016-09-27,text_for_speaker,0,,1
CREC-2016-09-27-pt1-PgS6091,CREC-2016-09-27,text_for_speaker,0,,1
CREC-2016-09-27-pt1-PgS6091-2,CREC-2016-09-27,text_for_speaker,0,,1
CREC-2016-09-27-pt1-PgS6091-3,CREC-2016-09-27,text_for_speaker,0,,1
CREC-2016-09-27-pt1-PgS6091-4,CREC-2016-09-27,text_for_speaker,0,,1
CREC-2016-09-27-pt1-PgS6091-5,CREC-2016-09-27,text_for_speaker,0,,1
CREC-2016-09-27-pt1-PgS6091-6,CREC-2016-09-27,text_for_speaker,0,,1
CREC-2016-09-27-pt1-PgS6137-3,CREC-2016-09-27,text_for_speaker,0,,1
CREC-2016-09-27-pt1-PgS6137,CREC-2016-09-27,text_for_speaker,0,,1
CREC-2016-09-27-pt1-PgS6137-2,CREC-2016-09-27,text_for_speaker,0,,1
CREC-2016-09-27-pt1-PgS6137-4,CREC-2016-09-27,text_for_speaker,0,,1
CREC-2016-09-27-pt1-PgS6137-6,CREC-2016-09-27,text_for_speaker,0,,1
CREC-2016-09-27-pt1-PgS6137-5,CREC-2016-09-27,text_for_speaker,0,,1
CREC-2016-09-27-pt1-PgS6139,CREC-2016-09-27,text_for_speaker,0,,1
CREC-2016-09-27-pt1-PgS6139-2,CREC-2016-09-27,text_for_speaker,0,,1
CREC-2016-09-27-pt1-PgS6139-3,CREC-2016-09-27,text_for_speaker,0,,1
CREC-2016-09-27-pt1-PgS6143,CREC-2016-09-27,text_for_speaker,0,,1
CREC-2016-09-27-pt1-PgS6142-2,CREC-2016-09-27,text_for_speaker,0,,1
CREC-2016-09-27-pt1-PgS6143-2,CREC-2016-09-27,text_for_speaker,0,,1
CREC-2016-09-27-pt1-PgS6144,CREC-2016-09-27,text_for_speaker,0,,1
CREC-2016-09-27-pt1-PgS6161,CREC-2016-09-27,text_for_speaker,0,,1
CREC-2016-09-27-pt1-PgS6144-2,CREC-2016-09-27,text_for_speaker,0,,1
CREC-2016-09-27-pt1-PgS6144-3,CREC-2016-09-27,text_for_speaker,0,,1
CREC-2016-09-27-pt1-PgS6164,CREC-2016-09-27,text_for_speaker,0,,1
CREC-2016-09-27-pt1-PgS6164-2,CREC-2016-09-27,text_for_speaker,0,,1
CREC-2016-09-27-pt1-PgE1372-5,CREC-2016-09-27,text_for_speaker,0,,1
CREC-2016-09-27-pt1-PgE1373-4,CREC-2016-09-27,text_for_speaker,0,,1
CREC-2016-09-27-pt1-PgE1374-2,CREC-2016-09-27,text_for_speaker,0,,1
CREC-2016-09-27-pt1-PgE1374-5,CREC-2016-09-27,text_for_speaker,0,,1
CREC-2016-09-27-pt1-PgE1376-6,CREC-2016-09-27,text_for_speaker,0,,1
CREC-2016-09-27-pt1-PgE1379-5,CREC-2016-09-27,text_for_speaker,0,,1
CREC-2016-09-27-pt1-PgD983,CREC-2016-09-27,text_for_speaker,0,,1
CREC-2016-09-27-pt1-PgD985,CREC-2016-09-27,text_for_speaker,0,,1
CREC-2016-09-27-pt1-PgD984,CREC-2016-09-27,text_for_speaker,0,,1
CREC-2016-09-27-pt1-PgD987,CREC-2016-09-27,text_for_speaker,0,,1
CREC-2016-09-27-pt1-PgD989-2,CREC-2016-09-27,text_for_speaker,0,,1
CREC-2016-09-27-pt1-PgD989,CREC-2016-09-27,text_for_speaker,0,,1
