granuleId,packageId,date,title,collectionCode,granuleClass,chamber,pagePrefix,bookNumber,detailsLink,txtLink,pdfLink,packageLink,text_readability,text_bs4,parsed_text,relatedLink,docClass,category,lastModified,collectionName,__source_file,text_readability_len,text_bs4_len,parsed_text_len,search_text,search_text_len
CREC-2015-03-13-pt1-PgH1629-2,CREC-2015-03-13,2015-03-13,DESIGNATION OF THE SPEAKER PRO TEMPORE,CREC,HOUSE,H,H,1,https://www.govinfo.gov/app/details/CREC-2015-03-13/CREC-2015-03-13-pt1-PgH1629-2,https://api.govinfo.gov/packages/CREC-2015-03-13/granules/CREC-2015-03-13-pt1-PgH1629-2/htm,https://api.govinfo.gov/packages/CREC-2015-03-13/granules/CREC-2015-03-13-pt1-PgH1629-2/pdf,https://api.govinfo.gov/packages/CREC-2015-03-13/summary,"[Congressional Record Volume 161, Number 43 (Friday, March 13, 2015)] [House] [Page H1629] From the Congressional Record Online through the Government Publishing Office [ www.gpo.gov ] DESIGNATION OF THE SPEAKER PRO TEMPORE The SPEAKER pro tempore laid before the House the following communication from the Speaker: Washington, DC, March 13, 2015. I hereby appoint the Honorable Barbara Comstock to act as Speaker pro tempore on this day. John A. Boehner, Speaker of the House of Representatives. ____________________",,"[Congressional Record Volume 161, Number 43 (Friday, March 13, 2015)] [House] [Page H1629] From the Congressional Record Online through the Government Publishing Office [ www.gpo.gov ] DESIGNATION OF THE SPEAKER PRO TEMPORE The SPEAKER pro tempore laid before the House the following communication from the Speaker: Washington, DC, March 13, 2015. I hereby appoint the Honorable Barbara Comstock to act as Speaker pro tempore on this day. John A. Boehner, Speaker of the House of Representatives. ____________________",https://api.govinfo.gov/related/CREC-2015-03-13-pt1-PgH1629-2,CREC,Proceedings of Congress and General Congressional Publications,2025-03-07T17:29:07Z,Congressional Record,package_114_42.csv,517,0,517,"[congressional record volume 161, number 43 (friday, march 13, 2015)] [house] [page h1629] from the congressional record online through the government publishing office [ www.gpo.gov ] designation of the speaker pro tempore the speaker pro tempore laid before the house the following communication from the speaker: washington, dc, march 13, 2015. i hereby appoint the honorable barbara comstock to act as speaker pro tempore on this day. john a. boehner, speaker of the house of representatives. ____________________",517
CREC-2015-03-13-pt1-PgH1629,CREC-2015-03-13,2015-03-13,Senate,CREC,HOUSE,H,H,1,https://www.govinfo.gov/app/details/CREC-2015-03-13/CREC-2015-03-13-pt1-PgH1629,https://api.govinfo.gov/packages/CREC-2015-03-13/granules/CREC-2015-03-13-pt1-PgH1629/htm,https://api.govinfo.gov/packages/CREC-2015-03-13/granules/CREC-2015-03-13-pt1-PgH1629/pdf,https://api.govinfo.gov/packages/CREC-2015-03-13/summary,"[Congressional Record Volume 161, Number 43 (Friday, March 13, 2015)] [House] [Page H1629] From the Congressional Record Online through the Government Publishing Office [ www.gpo.gov ] [[Page H1629]] ----------------------------------------------------------------------- Senate The Senate was not in session today. Its next meeting will be held on Monday, March 16, 2015, at 3 p.m. ----------------------------------------------------------------------- House of Representatives Friday, March 13, 2015 The House met at 11 a.m. and was called to order by the Speaker pro tempore (Mrs. Comstock). ____________________",,"[Congressional Record Volume 161, Number 43 (Friday, March 13, 2015)] [House] [Page H1629] From the Congressional Record Online through the Government Publishing Office [ www.gpo.gov ] [[Page H1629]] ----------------------------------------------------------------------- Senate The Senate was not in session today. Its next meeting will be held on Monday, March 16, 2015, at 3 p.m. ----------------------------------------------------------------------- House of Representatives Friday, March 13, 2015 The House met at 11 a.m. and was called to order by the Speaker pro tempore (Mrs. Comstock). ____________________",https://api.govinfo.gov/related/CREC-2015-03-13-pt1-PgH1629,CREC,Proceedings of Congress and General Congressional Publications,2025-03-07T17:29:07Z,Congressional Record,package_114_42.csv,616,0,616,"[congressional record volume 161, number 43 (friday, march 13, 2015)] [house] [page h1629] from the congressional record online through the government publishing office [ www.gpo.gov ] [[page h1629]] ----------------------------------------------------------------------- senate the senate was not in session today. its next meeting will be held on monday, march 16, 2015, at 3 p.m. ----------------------------------------------------------------------- house of representatives friday, march 13, 2015 the house met at 11 a.m. and was called to order by the speaker pro tempore (mrs. comstock). ____________________",616
CREC-2015-03-13-pt1-PgH1629-3,CREC-2015-03-13,2015-03-13,PRAYER,CREC,HOUSE,H,H,1,https://www.govinfo.gov/app/details/CREC-2015-03-13/CREC-2015-03-13-pt1-PgH1629-3,https://api.govinfo.gov/packages/CREC-2015-03-13/granules/CREC-2015-03-13-pt1-PgH1629-3/htm,https://api.govinfo.gov/packages/CREC-2015-03-13/granules/CREC-2015-03-13-pt1-PgH1629-3/pdf,https://api.govinfo.gov/packages/CREC-2015-03-13/summary,"[Congressional Record Volume 161, Number 43 (Friday, March 13, 2015)] [House] [Page H1629] From the Congressional Record Online through the Government Publishing Office [ www.gpo.gov ] PRAYER Reverend Peter Frank, Church of the Epiphany, Herndon, Virginia, offered the following prayer: Almighty God, maker and ruler of us all: You have given us a good land and made us into a great Nation. Today we ask Your blessing and guidance for the Members of the House of Representatives, their staff, and all who, in this place, support the work of government. Give them wisdom that they may fulfill with honor their responsibilities to those they represent. Defend them from the temptations that come with the authority they bear, so that they may serve You, serve each other, and serve the United States of America in humility and love. Comfort and care for those here today who are suffering private hurts as they do this public work. All this we ask in the name of Your Son, our Savior, Jesus Christ. Amen. ____________________",,"[Congressional Record Volume 161, Number 43 (Friday, March 13, 2015)] [House] [Page H1629] From the Congressional Record Online through the Government Publishing Office [ www.gpo.gov ] PRAYER Reverend Peter Frank, Church of the Epiphany, Herndon, Virginia, offered the following prayer: Almighty God, maker and ruler of us all: You have given us a good land and made us into a great Nation. Today we ask Your blessing and guidance for the Members of the House of Representatives, their staff, and all who, in this place, support the work of government. Give them wisdom that they may fulfill with honor their responsibilities to those they represent. Defend them from the temptations that come with the authority they bear, so that they may serve You, serve each other, and serve the United States of America in humility and love. Comfort and care for those here today who are suffering private hurts as they do this public work. All this we ask in the name of Your Son, our Savior, Jesus Christ. Amen. ____________________",https://api.govinfo.gov/related/CREC-2015-03-13-pt1-PgH1629-3,CREC,Proceedings of Congress and General Congressional Publications,2025-03-07T17:29:07Z,Congressional Record,package_114_42.csv,1023,0,1023,"[congressional record volume 161, number 43 (friday, march 13, 2015)] [house] [page h1629] from the congressional record online through the government publishing office [ www.gpo.gov ] prayer reverend peter frank, church of the epiphany, herndon, virginia, offered the following prayer: almighty god, maker and ruler of us all: you have given us a good land and made us into a great nation. today we ask your blessing and guidance for the members of the house of representatives, their staff, and all who, in this place, support the work of government. give them wisdom that they may fulfill with honor their responsibilities to those they represent. defend them from the temptations that come with the authority they bear, so that they may serve you, serve each other, and serve the united states of america in humility and love. comfort and care for those here today who are suffering private hurts as they do this public work. all this we ask in the name of your son, our savior, jesus christ. amen. ____________________",1023
CREC-2015-03-13-pt1-PgH1629-5,CREC-2015-03-13,2015-03-13,PLEDGE OF ALLEGIANCE,CREC,HOUSE,H,H,1,https://www.govinfo.gov/app/details/CREC-2015-03-13/CREC-2015-03-13-pt1-PgH1629-5,https://api.govinfo.gov/packages/CREC-2015-03-13/granules/CREC-2015-03-13-pt1-PgH1629-5/htm,https://api.govinfo.gov/packages/CREC-2015-03-13/granules/CREC-2015-03-13-pt1-PgH1629-5/pdf,https://api.govinfo.gov/packages/CREC-2015-03-13/summary,"[Congressional Record Volume 161, Number 43 (Friday, March 13, 2015)] [House] [Page H1629] From the Congressional Record Online through the Government Publishing Office [ www.gpo.gov ] PLEDGE OF ALLEGIANCE The SPEAKER pro tempore. The Chair will lead the House in the Pledge of Allegiance. The SPEAKER pro tempore led the Pledge of Allegiance as follows: I pledge allegiance to the Flag of the United States of America, and to the Republic for which it stands, one nation under God, indivisible, with liberty and justice for all. ____________________",,"[Congressional Record Volume 161, Number 43 (Friday, March 13, 2015)] [House] [Page H1629] From the Congressional Record Online through the Government Publishing Office [ www.gpo.gov ] PLEDGE OF ALLEGIANCE The SPEAKER pro tempore. The Chair will lead the House in the Pledge of Allegiance. The SPEAKER pro tempore led the Pledge of Allegiance as follows: I pledge allegiance to the Flag of the United States of America, and to the Republic for which it stands, one nation under God, indivisible, with liberty and justice for all. ____________________",https://api.govinfo.gov/related/CREC-2015-03-13-pt1-PgH1629-5,CREC,Proceedings of Congress and General Congressional Publications,2025-03-07T17:29:07Z,Congressional Record,package_114_42.csv,550,0,550,"[congressional record volume 161, number 43 (friday, march 13, 2015)] [house] [page h1629] from the congressional record online through the government publishing office [ www.gpo.gov ] pledge of allegiance the speaker pro tempore. the chair will lead the house in the pledge of allegiance. the speaker pro tempore led the pledge of allegiance as follows: i pledge allegiance to the flag of the united states of america, and to the republic for which it stands, one nation under god, indivisible, with liberty and justice for all. ____________________",550
CREC-2015-03-13-pt1-PgH1629-6,CREC-2015-03-13,2015-03-13,COMMUNICATION FROM THE CLERK OF THE HOUSE,CREC,HOUSE,H,H,1,https://www.govinfo.gov/app/details/CREC-2015-03-13/CREC-2015-03-13-pt1-PgH1629-6,https://api.govinfo.gov/packages/CREC-2015-03-13/granules/CREC-2015-03-13-pt1-PgH1629-6/htm,https://api.govinfo.gov/packages/CREC-2015-03-13/granules/CREC-2015-03-13-pt1-PgH1629-6/pdf,https://api.govinfo.gov/packages/CREC-2015-03-13/summary,"[Congressional Record Volume 161, Number 43 (Friday, March 13, 2015)] [House] [Page H1629] From the Congressional Record Online through the Government Publishing Office [ www.gpo.gov ] COMMUNICATION FROM THE CLERK OF THE HOUSE The SPEAKER pro tempore laid before the House the following communication from the Clerk of the House of Representatives: Office of the Clerk, House of Representatives, Washington, DC, March 11, 2015. Hon. John A. Boehner, Speaker, House of Representatives, Washington, DC. Dear Mr. Speaker: Pursuant to the permission granted in Clause 2(h) of Rule II of the Rules of the U.S. House of Representatives, the Clerk received the following message from the Secretary of the Senate on March 11, 2015 at 11:20 a.m.: Appointments: Advisory Committee on the Records of Congress. With best wishes, I am Sincerely, Karen L. Haas. ____________________",,"[Congressional Record Volume 161, Number 43 (Friday, March 13, 2015)] [House] [Page H1629] From the Congressional Record Online through the Government Publishing Office [ www.gpo.gov ] COMMUNICATION FROM THE CLERK OF THE HOUSE The SPEAKER pro tempore laid before the House the following communication from the Clerk of the House of Representatives: Office of the Clerk, House of Representatives, Washington, DC, March 11, 2015. Hon. John A. Boehner, Speaker, House of Representatives, Washington, DC. Dear Mr. Speaker: Pursuant to the permission granted in Clause 2(h) of Rule II of the Rules of the U.S. House of Representatives, the Clerk received the following message from the Secretary of the Senate on March 11, 2015 at 11:20 a.m.: Appointments: Advisory Committee on the Records of Congress. With best wishes, I am Sincerely, Karen L. Haas. ____________________",https://api.govinfo.gov/related/CREC-2015-03-13-pt1-PgH1629-6,CREC,Proceedings of Congress and General Congressional Publications,2025-03-07T17:29:07Z,Congressional Record,package_114_42.csv,868,0,868,"[congressional record volume 161, number 43 (friday, march 13, 2015)] [house] [page h1629] from the congressional record online through the government publishing office [ www.gpo.gov ] communication from the clerk of the house the speaker pro tempore laid before the house the following communication from the clerk of the house of representatives: office of the clerk, house of representatives, washington, dc, march 11, 2015. hon. john a. boehner, speaker, house of representatives, washington, dc. dear mr. speaker: pursuant to the permission granted in clause 2(h) of rule ii of the rules of the u.s. house of representatives, the clerk received the following message from the secretary of the senate on march 11, 2015 at 11:20 a.m.: appointments: advisory committee on the records of congress. with best wishes, i am sincerely, karen l. haas. ____________________",868
CREC-2015-03-13-pt1-PgH1629-4,CREC-2015-03-13,2015-03-13,THE JOURNAL,CREC,HOUSE,H,H,1,https://www.govinfo.gov/app/details/CREC-2015-03-13/CREC-2015-03-13-pt1-PgH1629-4,https://api.govinfo.gov/packages/CREC-2015-03-13/granules/CREC-2015-03-13-pt1-PgH1629-4/htm,https://api.govinfo.gov/packages/CREC-2015-03-13/granules/CREC-2015-03-13-pt1-PgH1629-4/pdf,https://api.govinfo.gov/packages/CREC-2015-03-13/summary,"[Congressional Record Volume 161, Number 43 (Friday, March 13, 2015)] [House] [Page H1629] From the Congressional Record Online through the Government Publishing Office [ www.gpo.gov ] THE JOURNAL The SPEAKER pro tempore. Pursuant to section 2(a) of House Resolution 134, the Journal of the last day's proceedings is approved. ____________________",,"[Congressional Record Volume 161, Number 43 (Friday, March 13, 2015)] [House] [Page H1629] From the Congressional Record Online through the Government Publishing Office [ www.gpo.gov ] THE JOURNAL The SPEAKER pro tempore. Pursuant to section 2(a) of House Resolution 134, the Journal of the last day's proceedings is approved. ____________________",https://api.govinfo.gov/related/CREC-2015-03-13-pt1-PgH1629-4,CREC,Proceedings of Congress and General Congressional Publications,2025-03-07T17:29:07Z,Congressional Record,package_114_42.csv,347,0,347,"[congressional record volume 161, number 43 (friday, march 13, 2015)] [house] [page h1629] from the congressional record online through the government publishing office [ www.gpo.gov ] the journal the speaker pro tempore. pursuant to section 2(a) of house resolution 134, the journal of the last day's proceedings is approved. ____________________",347
CREC-2015-03-13-pt1-PgH1629-7,CREC-2015-03-13,2015-03-13,COMMUNICATION FROM THE CLERK OF THE HOUSE,CREC,HOUSE,H,H,1,https://www.govinfo.gov/app/details/CREC-2015-03-13/CREC-2015-03-13-pt1-PgH1629-7,https://api.govinfo.gov/packages/CREC-2015-03-13/granules/CREC-2015-03-13-pt1-PgH1629-7/htm,https://api.govinfo.gov/packages/CREC-2015-03-13/granules/CREC-2015-03-13-pt1-PgH1629-7/pdf,https://api.govinfo.gov/packages/CREC-2015-03-13/summary,"[Congressional Record Volume 161, Number 43 (Friday, March 13, 2015)] [House] [Page H1629] From the Congressional Record Online through the Government Publishing Office [ www.gpo.gov ] COMMUNICATION FROM THE CLERK OF THE HOUSE The SPEAKER pro tempore laid before the House the following communication from the Clerk of the House of Representatives: Office of the Clerk, House of Representatives, Washington, DC, March 10, 2015. Hon. John A. Boehner, Speaker, House of Representatives, Washington, DC. Dear Mr. Speaker: Pursuant to the permission granted in Clause 2(h) of Rule II of the Rules of the U.S. House of Representatives, the Clerk received the following message from the Secretary of the Senate on March 10, 2015 at 9:12 a.m.: That the Senate passed without amendment H.R. 1213. Appointments: Advisory Committee on the Records of Congress. Board of Trustees of the Harry S Truman Scholarship Foundation. With best wishes, I am Sincerely, Robert F. Reeves, Deputy Clerk. ____________________",,"[Congressional Record Volume 161, Number 43 (Friday, March 13, 2015)] [House] [Page H1629] From the Congressional Record Online through the Government Publishing Office [ www.gpo.gov ] COMMUNICATION FROM THE CLERK OF THE HOUSE The SPEAKER pro tempore laid before the House the following communication from the Clerk of the House of Representatives: Office of the Clerk, House of Representatives, Washington, DC, March 10, 2015. Hon. John A. Boehner, Speaker, House of Representatives, Washington, DC. Dear Mr. Speaker: Pursuant to the permission granted in Clause 2(h) of Rule II of the Rules of the U.S. House of Representatives, the Clerk received the following message from the Secretary of the Senate on March 10, 2015 at 9:12 a.m.: That the Senate passed without amendment H.R. 1213. Appointments: Advisory Committee on the Records of Congress. Board of Trustees of the Harry S Truman Scholarship Foundation. With best wishes, I am Sincerely, Robert F. Reeves, Deputy Clerk. ____________________",https://api.govinfo.gov/related/CREC-2015-03-13-pt1-PgH1629-7,CREC,Proceedings of Congress and General Congressional Publications,2025-03-07T17:29:07Z,Congressional Record,package_114_42.csv,1000,0,1000,"[congressional record volume 161, number 43 (friday, march 13, 2015)] [house] [page h1629] from the congressional record online through the government publishing office [ www.gpo.gov ] communication from the clerk of the house the speaker pro tempore laid before the house the following communication from the clerk of the house of representatives: office of the clerk, house of representatives, washington, dc, march 10, 2015. hon. john a. boehner, speaker, house of representatives, washington, dc. dear mr. speaker: pursuant to the permission granted in clause 2(h) of rule ii of the rules of the u.s. house of representatives, the clerk received the following message from the secretary of the senate on march 10, 2015 at 9:12 a.m.: that the senate passed without amendment h.r. 1213. appointments: advisory committee on the records of congress. board of trustees of the harry s truman scholarship foundation. with best wishes, i am sincerely, robert f. reeves, deputy clerk. ____________________",1000
CREC-2015-03-13-pt1-PgH1630,CREC-2015-03-13,2015-03-13,COMMUNICATION FROM THE CLERK OF THE HOUSE,CREC,HOUSE,H,H,1,https://www.govinfo.gov/app/details/CREC-2015-03-13/CREC-2015-03-13-pt1-PgH1630,https://api.govinfo.gov/packages/CREC-2015-03-13/granules/CREC-2015-03-13-pt1-PgH1630/htm,https://api.govinfo.gov/packages/CREC-2015-03-13/granules/CREC-2015-03-13-pt1-PgH1630/pdf,https://api.govinfo.gov/packages/CREC-2015-03-13/summary,"[Congressional Record Volume 161, Number 43 (Friday, March 13, 2015)] [House] [Page H1630] From the Congressional Record Online through the Government Publishing Office [ www.gpo.gov ] COMMUNICATION FROM THE CLERK OF THE HOUSE The SPEAKER pro tempore laid before the House the following communication from the Clerk of the House of Representatives: Office of the Clerk, House of Representative, Washington, DC, March 11, 2015. Hon. John A. Boehner, Speaker, House of Representatives, Washington, DC. Dear Mr. Speaker: Pursuant to section 4(d) of House Resolution 5, One Hundred Fourteenth Congress, and section 1(k)(2) of House Resolution 895, One Hundred Tenth Congress, I transmit to you notification that Porter J. Goss, David E. Skaggs, Judy Biggert, Jay Eagen, Karan L. English, Allison Hayward, Belinda Pinckney, Michael D. Barnes, Omar Ashmawy, Kelly Brewington, William H. Cable, Helen Eisner, Mary K. Flanagan, Scott Gast, Bryson Baird Morgan, Paul Solis, and Nate Wright, each have signed an agreement not to be a candidate for the office of Senator or Representative in, or Delegate or Resident Commissioner to, the Congress for purpose of the Federal Election Campaign Act of 1971 until at least 3 years after he or she is no longer a member of the board or staff of the Office of Congressional Ethics. Copies of the signed agreements shall be retained by the Office of the Clerk as part of the records of the House. With best wishes, I am, Sincerely, Karen L. Haas. ____________________",,"[Congressional Record Volume 161, Number 43 (Friday, March 13, 2015)] [House] [Page H1630] From the Congressional Record Online through the Government Publishing Office [ www.gpo.gov ] COMMUNICATION FROM THE CLERK OF THE HOUSE The SPEAKER pro tempore laid before the House the following communication from the Clerk of the House of Representatives: Office of the Clerk, House of Representative, Washington, DC, March 11, 2015. Hon. John A. Boehner, Speaker, House of Representatives, Washington, DC. Dear Mr. Speaker: Pursuant to section 4(d) of House Resolution 5, One Hundred Fourteenth Congress, and section 1(k)(2) of House Resolution 895, One Hundred Tenth Congress, I transmit to you notification that Porter J. Goss, David E. Skaggs, Judy Biggert, Jay Eagen, Karan L. English, Allison Hayward, Belinda Pinckney, Michael D. Barnes, Omar Ashmawy, Kelly Brewington, William H. Cable, Helen Eisner, Mary K. Flanagan, Scott Gast, Bryson Baird Morgan, Paul Solis, and Nate Wright, each have signed an agreement not to be a candidate for the office of Senator or Representative in, or Delegate or Resident Commissioner to, the Congress for purpose of the Federal Election Campaign Act of 1971 until at least 3 years after he or she is no longer a member of the board or staff of the Office of Congressional Ethics. Copies of the signed agreements shall be retained by the Office of the Clerk as part of the records of the House. With best wishes, I am, Sincerely, Karen L. Haas. ____________________",https://api.govinfo.gov/related/CREC-2015-03-13-pt1-PgH1630,CREC,Proceedings of Congress and General Congressional Publications,2025-03-07T17:29:07Z,Congressional Record,package_114_42.csv,1499,0,1499,"[congressional record volume 161, number 43 (friday, march 13, 2015)] [house] [page h1630] from the congressional record online through the government publishing office [ www.gpo.gov ] communication from the clerk of the house the speaker pro tempore laid before the house the following communication from the clerk of the house of representatives: office of the clerk, house of representative, washington, dc, march 11, 2015. hon. john a. boehner, speaker, house of representatives, washington, dc. dear mr. speaker: pursuant to section 4(d) of house resolution 5, one hundred fourteenth congress, and section 1(k)(2) of house resolution 895, one hundred tenth congress, i transmit to you notification that porter j. goss, david e. skaggs, judy biggert, jay eagen, karan l. english, allison hayward, belinda pinckney, michael d. barnes, omar ashmawy, kelly brewington, william h. cable, helen eisner, mary k. flanagan, scott gast, bryson baird morgan, paul solis, and nate wright, each have signed an agreement not to be a candidate for the office of senator or representative in, or delegate or resident commissioner to, the congress for purpose of the federal election campaign act of 1971 until at least 3 years after he or she is no longer a member of the board or staff of the office of congressional ethics. copies of the signed agreements shall be retained by the office of the clerk as part of the records of the house. with best wishes, i am, sincerely, karen l. haas. ____________________",1499
CREC-2015-03-13-pt1-PgH1629-8,CREC-2015-03-13,2015-03-13,COMMUNICATION FROM THE DEMOCRATIC LEADER,CREC,HOUSE,H,H,1,https://www.govinfo.gov/app/details/CREC-2015-03-13/CREC-2015-03-13-pt1-PgH1629-8,https://api.govinfo.gov/packages/CREC-2015-03-13/granules/CREC-2015-03-13-pt1-PgH1629-8/htm,https://api.govinfo.gov/packages/CREC-2015-03-13/granules/CREC-2015-03-13-pt1-PgH1629-8/pdf,https://api.govinfo.gov/packages/CREC-2015-03-13/summary,"[Congressional Record Volume 161, Number 43 (Friday, March 13, 2015)] [House] [Pages H1629-H1630] From the Congressional Record Online through the Government Publishing Office [ www.gpo.gov ] COMMUNICATION FROM THE DEMOCRATIC LEADER The SPEAKER pro tempore laid before the House the following communication from the Honorable Nancy Pelosi, Democratic Leader: [[Page H1630]] March 11, 2015. Hon. John Boehner, Speaker of the House, U.S. Capitol, Washington, DC. Dear Speaker Boehner: Pursuant to section 803(a) of the Congressional Recognition for Excellence in Arts Education Act (2 U.S.C. 803(a)), I am pleased to appoint Mr. Romero Brown of Acworth, Georgia, to the Congressional Award Board. Thank you for your attention to this appointment. Sincerely, Nancy Pelosi, Democratic Leader. ____________________",,"[Congressional Record Volume 161, Number 43 (Friday, March 13, 2015)] [House] [Pages H1629-H1630] From the Congressional Record Online through the Government Publishing Office [ www.gpo.gov ] COMMUNICATION FROM THE DEMOCRATIC LEADER The SPEAKER pro tempore laid before the House the following communication from the Honorable Nancy Pelosi, Democratic Leader: [[Page H1630]] March 11, 2015. Hon. John Boehner, Speaker of the House, U.S. Capitol, Washington, DC. Dear Speaker Boehner: Pursuant to section 803(a) of the Congressional Recognition for Excellence in Arts Education Act (2 U.S.C. 803(a)), I am pleased to appoint Mr. Romero Brown of Acworth, Georgia, to the Congressional Award Board. Thank you for your attention to this appointment. Sincerely, Nancy Pelosi, Democratic Leader. ____________________",https://api.govinfo.gov/related/CREC-2015-03-13-pt1-PgH1629-8,CREC,Proceedings of Congress and General Congressional Publications,2025-03-07T17:29:07Z,Congressional Record,package_114_42.csv,809,0,809,"[congressional record volume 161, number 43 (friday, march 13, 2015)] [house] [pages h1629-h1630] from the congressional record online through the government publishing office [ www.gpo.gov ] communication from the democratic leader the speaker pro tempore laid before the house the following communication from the honorable nancy pelosi, democratic leader: [[page h1630]] march 11, 2015. hon. john boehner, speaker of the house, u.s. capitol, washington, dc. dear speaker boehner: pursuant to section 803(a) of the congressional recognition for excellence in arts education act (2 u.s.c. 803(a)), i am pleased to appoint mr. romero brown of acworth, georgia, to the congressional award board. thank you for your attention to this appointment. sincerely, nancy pelosi, democratic leader. ____________________",809
CREC-2015-03-13-pt1-PgH1630-4,CREC-2015-03-13,2015-03-13,ENROLLED BILL SIGNED,CREC,HOUSE,H,H,1,https://www.govinfo.gov/app/details/CREC-2015-03-13/CREC-2015-03-13-pt1-PgH1630-4,https://api.govinfo.gov/packages/CREC-2015-03-13/granules/CREC-2015-03-13-pt1-PgH1630-4/htm,https://api.govinfo.gov/packages/CREC-2015-03-13/granules/CREC-2015-03-13-pt1-PgH1630-4/pdf,https://api.govinfo.gov/packages/CREC-2015-03-13/summary,"[Congressional Record Volume 161, Number 43 (Friday, March 13, 2015)] [House] [Page H1630] From the Congressional Record Online through the Government Publishing Office [ www.gpo.gov ] ENROLLED BILL SIGNED Karen L. Haas, Clerk of the House, reported and found truly enrolled a bill of the House of the following title, which was thereupon signed by the Speaker: H.R. 1213. An act to make administrative and technical corrections to the Congressional Accountability Act of 1995. ____________________",,"[Congressional Record Volume 161, Number 43 (Friday, March 13, 2015)] [House] [Page H1630] From the Congressional Record Online through the Government Publishing Office [ www.gpo.gov ] ENROLLED BILL SIGNED Karen L. Haas, Clerk of the House, reported and found truly enrolled a bill of the House of the following title, which was thereupon signed by the Speaker: H.R. 1213. An act to make administrative and technical corrections to the Congressional Accountability Act of 1995. ____________________",https://api.govinfo.gov/related/CREC-2015-03-13-pt1-PgH1630-4,CREC,Proceedings of Congress and General Congressional Publications,2025-03-07T17:29:07Z,Congressional Record,package_114_42.csv,498,0,498,"[congressional record volume 161, number 43 (friday, march 13, 2015)] [house] [page h1630] from the congressional record online through the government publishing office [ www.gpo.gov ] enrolled bill signed karen l. haas, clerk of the house, reported and found truly enrolled a bill of the house of the following title, which was thereupon signed by the speaker: h.r. 1213. an act to make administrative and technical corrections to the congressional accountability act of 1995. ____________________",498
CREC-2015-03-13-pt1-PgH1630-3,CREC-2015-03-13,2015-03-13,ANNOUNCEMENT BY THE SPEAKER PRO TEMPORE,CREC,HOUSE,H,H,1,https://www.govinfo.gov/app/details/CREC-2015-03-13/CREC-2015-03-13-pt1-PgH1630-3,https://api.govinfo.gov/packages/CREC-2015-03-13/granules/CREC-2015-03-13-pt1-PgH1630-3/htm,https://api.govinfo.gov/packages/CREC-2015-03-13/granules/CREC-2015-03-13-pt1-PgH1630-3/pdf,https://api.govinfo.gov/packages/CREC-2015-03-13/summary,"[Congressional Record Volume 161, Number 43 (Friday, March 13, 2015)] [House] [Page H1630] From the Congressional Record Online through the Government Publishing Office [ www.gpo.gov ] ANNOUNCEMENT BY THE SPEAKER PRO TEMPORE The SPEAKER pro tempore. Pursuant to clause 4 of rule I, the following enrolled bill was signed by Speaker pro tempore Thornberry on Thursday, March 12, 2015: H.R. 1213, to make administrative and technical corrections to the Congressional Accountability Act of 1995. ____________________",,"[Congressional Record Volume 161, Number 43 (Friday, March 13, 2015)] [House] [Page H1630] From the Congressional Record Online through the Government Publishing Office [ www.gpo.gov ] ANNOUNCEMENT BY THE SPEAKER PRO TEMPORE The SPEAKER pro tempore. Pursuant to clause 4 of rule I, the following enrolled bill was signed by Speaker pro tempore Thornberry on Thursday, March 12, 2015: H.R. 1213, to make administrative and technical corrections to the Congressional Accountability Act of 1995. ____________________",https://api.govinfo.gov/related/CREC-2015-03-13-pt1-PgH1630-3,CREC,Proceedings of Congress and General Congressional Publications,2025-03-07T17:29:07Z,Congressional Record,package_114_42.csv,513,0,513,"[congressional record volume 161, number 43 (friday, march 13, 2015)] [house] [page h1630] from the congressional record online through the government publishing office [ www.gpo.gov ] announcement by the speaker pro tempore the speaker pro tempore. pursuant to clause 4 of rule i, the following enrolled bill was signed by speaker pro tempore thornberry on thursday, march 12, 2015: h.r. 1213, to make administrative and technical corrections to the congressional accountability act of 1995. ____________________",513
CREC-2015-03-13-pt1-PgH1630-2,CREC-2015-03-13,2015-03-13,RESIGNATION AS MEMBER OF COMMITTEE ON APPROPRIATIONS,CREC,HOUSE,H,H,1,https://www.govinfo.gov/app/details/CREC-2015-03-13/CREC-2015-03-13-pt1-PgH1630-2,https://api.govinfo.gov/packages/CREC-2015-03-13/granules/CREC-2015-03-13-pt1-PgH1630-2/htm,https://api.govinfo.gov/packages/CREC-2015-03-13/granules/CREC-2015-03-13-pt1-PgH1630-2/pdf,https://api.govinfo.gov/packages/CREC-2015-03-13/summary,"[Congressional Record Volume 161, Number 43 (Friday, March 13, 2015)] [House] [Page H1630] From the Congressional Record Online through the Government Publishing Office [ www.gpo.gov ] RESIGNATION AS MEMBER OF COMMITTEE ON APPROPRIATIONS The SPEAKER pro tempore laid before the House the following resignation as a member of the Committee on Appropriations: March 12, 2015. Hon. John Boehner, Speaker of the House, House of Representatives. Dear Speaker Boehner: I will be taking a leave of absence from the House Appropriations Committee for the remainder of the 114th Congress. As you are aware, I was selected by the Democratic Caucus to serve as the Ranking Member on the House Permanent Select Committee on Intelligence this Congress. I intend to return to the Appropriations Committee in the future. Thank you for your help with this matter. Sincerely, Adam B. Schiff, Member of Congress. The SPEAKER pro tempore. Without objection, the resignation is accepted. There was no objection. ____________________",,"[Congressional Record Volume 161, Number 43 (Friday, March 13, 2015)] [House] [Page H1630] From the Congressional Record Online through the Government Publishing Office [ www.gpo.gov ] RESIGNATION AS MEMBER OF COMMITTEE ON APPROPRIATIONS The SPEAKER pro tempore laid before the House the following resignation as a member of the Committee on Appropriations: March 12, 2015. Hon. John Boehner, Speaker of the House, House of Representatives. Dear Speaker Boehner: I will be taking a leave of absence from the House Appropriations Committee for the remainder of the 114th Congress. As you are aware, I was selected by the Democratic Caucus to serve as the Ranking Member on the House Permanent Select Committee on Intelligence this Congress. I intend to return to the Appropriations Committee in the future. Thank you for your help with this matter. Sincerely, Adam B. Schiff, Member of Congress. The SPEAKER pro tempore. Without objection, the resignation is accepted. There was no objection. ____________________",https://api.govinfo.gov/related/CREC-2015-03-13-pt1-PgH1630-2,CREC,Proceedings of Congress and General Congressional Publications,2025-03-07T17:29:07Z,Congressional Record,package_114_42.csv,1012,0,1012,"[congressional record volume 161, number 43 (friday, march 13, 2015)] [house] [page h1630] from the congressional record online through the government publishing office [ www.gpo.gov ] resignation as member of committee on appropriations the speaker pro tempore laid before the house the following resignation as a member of the committee on appropriations: march 12, 2015. hon. john boehner, speaker of the house, house of representatives. dear speaker boehner: i will be taking a leave of absence from the house appropriations committee for the remainder of the 114th congress. as you are aware, i was selected by the democratic caucus to serve as the ranking member on the house permanent select committee on intelligence this congress. i intend to return to the appropriations committee in the future. thank you for your help with this matter. sincerely, adam b. schiff, member of congress. the speaker pro tempore. without objection, the resignation is accepted. there was no objection. ____________________",1012
CREC-2015-03-13-pt1-PgH1630-6,CREC-2015-03-13,2015-03-13,ADJOURNMENT,CREC,HOUSE,H,H,1,https://www.govinfo.gov/app/details/CREC-2015-03-13/CREC-2015-03-13-pt1-PgH1630-6,https://api.govinfo.gov/packages/CREC-2015-03-13/granules/CREC-2015-03-13-pt1-PgH1630-6/htm,https://api.govinfo.gov/packages/CREC-2015-03-13/granules/CREC-2015-03-13-pt1-PgH1630-6/pdf,https://api.govinfo.gov/packages/CREC-2015-03-13/summary,"[Congressional Record Volume 161, Number 43 (Friday, March 13, 2015)] [House] [Page H1630] From the Congressional Record Online through the Government Publishing Office [ www.gpo.gov ] ADJOURNMENT The SPEAKER pro tempore. Pursuant to section 2(b) of House Resolution 134, the House stands adjourned until noon on Monday, March 16, 2015, for morning-hour debate. Thereupon (at 11 o'clock and 6 minutes a.m.), under its previous order, the House adjourned until Monday, March 16, 2015, at noon for morning-hour debate. ____________________",,"[Congressional Record Volume 161, Number 43 (Friday, March 13, 2015)] [House] [Page H1630] From the Congressional Record Online through the Government Publishing Office [ www.gpo.gov ] ADJOURNMENT The SPEAKER pro tempore. Pursuant to section 2(b) of House Resolution 134, the House stands adjourned until noon on Monday, March 16, 2015, for morning-hour debate. Thereupon (at 11 o'clock and 6 minutes a.m.), under its previous order, the House adjourned until Monday, March 16, 2015, at noon for morning-hour debate. ____________________",https://api.govinfo.gov/related/CREC-2015-03-13-pt1-PgH1630-6,CREC,Proceedings of Congress and General Congressional Publications,2025-03-07T17:29:07Z,Congressional Record,package_114_42.csv,537,0,537,"[congressional record volume 161, number 43 (friday, march 13, 2015)] [house] [page h1630] from the congressional record online through the government publishing office [ www.gpo.gov ] adjournment the speaker pro tempore. pursuant to section 2(b) of house resolution 134, the house stands adjourned until noon on monday, march 16, 2015, for morning-hour debate. thereupon (at 11 o'clock and 6 minutes a.m.), under its previous order, the house adjourned until monday, march 16, 2015, at noon for morning-hour debate. ____________________",537
CREC-2015-03-13-pt1-PgH1630-5,CREC-2015-03-13,2015-03-13,BILLS PRESENTED TO THE PRESIDENT,CREC,HOUSE,H,H,1,https://www.govinfo.gov/app/details/CREC-2015-03-13/CREC-2015-03-13-pt1-PgH1630-5,https://api.govinfo.gov/packages/CREC-2015-03-13/granules/CREC-2015-03-13-pt1-PgH1630-5/htm,https://api.govinfo.gov/packages/CREC-2015-03-13/granules/CREC-2015-03-13-pt1-PgH1630-5/pdf,https://api.govinfo.gov/packages/CREC-2015-03-13/summary,"[Congressional Record Volume 161, Number 43 (Friday, March 13, 2015)] [House] [Page H1630] From the Congressional Record Online through the Government Publishing Office [ www.gpo.gov ] BILLS PRESENTED TO THE PRESIDENT Karen L. Haas, Clerk of the House, reported that on March 4, 2015, she presented to the President of the United States, for his approval, the following bills: H.R. 240. Making appropriations for the Department of Homeland Security for the fiscal year ending September 30, 2015, and for other purposes. H.R. 431. To award a Congressional Gold Medal to the Foot Soldiers who participated in Bloody Sunday, Turnaround Tuesday, or the final Selma to Montgomery Voting Rights March in March of 1965, which served as a catalyst for the Voting Rights Act of 1965. ____________________",,"[Congressional Record Volume 161, Number 43 (Friday, March 13, 2015)] [House] [Page H1630] From the Congressional Record Online through the Government Publishing Office [ www.gpo.gov ] BILLS PRESENTED TO THE PRESIDENT Karen L. Haas, Clerk of the House, reported that on March 4, 2015, she presented to the President of the United States, for his approval, the following bills: H.R. 240. Making appropriations for the Department of Homeland Security for the fiscal year ending September 30, 2015, and for other purposes. H.R. 431. To award a Congressional Gold Medal to the Foot Soldiers who participated in Bloody Sunday, Turnaround Tuesday, or the final Selma to Montgomery Voting Rights March in March of 1965, which served as a catalyst for the Voting Rights Act of 1965. ____________________",https://api.govinfo.gov/related/CREC-2015-03-13-pt1-PgH1630-5,CREC,Proceedings of Congress and General Congressional Publications,2025-03-07T17:29:07Z,Congressional Record,package_114_42.csv,795,0,795,"[congressional record volume 161, number 43 (friday, march 13, 2015)] [house] [page h1630] from the congressional record online through the government publishing office [ www.gpo.gov ] bills presented to the president karen l. haas, clerk of the house, reported that on march 4, 2015, she presented to the president of the united states, for his approval, the following bills: h.r. 240. making appropriations for the department of homeland security for the fiscal year ending september 30, 2015, and for other purposes. h.r. 431. to award a congressional gold medal to the foot soldiers who participated in bloody sunday, turnaround tuesday, or the final selma to montgomery voting rights march in march of 1965, which served as a catalyst for the voting rights act of 1965. ____________________",795
CREC-2015-03-13-pt1-PgH1630-7,CREC-2015-03-13,2015-03-13,EXPENDITURE REPORTS CONCERNING OFFICIAL FOREIGN TRAVEL,CREC,HOUSE,H,H,1,https://www.govinfo.gov/app/details/CREC-2015-03-13/CREC-2015-03-13-pt1-PgH1630-7,https://api.govinfo.gov/packages/CREC-2015-03-13/granules/CREC-2015-03-13-pt1-PgH1630-7/htm,https://api.govinfo.gov/packages/CREC-2015-03-13/granules/CREC-2015-03-13-pt1-PgH1630-7/pdf,https://api.govinfo.gov/packages/CREC-2015-03-13/summary,"[Congressional Record Volume 161, Number 43 (Friday, March 13, 2015)] [House] [Pages H1630-H1632] From the Congressional Record Online through the Government Publishing Office [ www.gpo.gov ] EXPENDITURE REPORTS CONCERNING OFFICIAL FOREIGN TRAVEL Reports concerning the foreign currencies and U.S. dollars utilized for Official Foreign Travel during the first quarter of 2015, pursuant to Public Law 95-384, are as follows: REPORT OF EXPENDITURES FOR OFFICIAL FOREIGN TRAVEL, ANDER CRENSHAW, EXPENDED BETWEEN JAN. 22 AND JAN. 25, 2015 ------------------------------------------------------------------------------------------------------------------------------------------------------------------------------------------------ Date Per diem \1\ Transportation Other purposes Total ---------------------- ------------------------------------------------------------------------------------------------------- U.S. dollar U.S. dollar U.S. dollar U.S. dollar Name of Member or employee Country Foreign equivalent Foreign equivalent Foreign equivalent Foreign equivalent Arrival Departure currency or U.S. currency or U.S. currency or U.S. currency or U.S. currency currency currency currency -----------------------------------------------------------------------------------------------------------\2\-----------------------\2\-----------------------\2\-----------------------\2\---- Hon. Ander Crenshaw.................... 1/23 1/25 Switzerland.............. ........... 1,430.00 ........... 11,494.00 ........... ........... ........... 12,924.00 ------------------------------------------------------------------------------------------------------- Committee total.................. ........ .......... ......................... ........... 1,430.00 ........... 11,494.00 ........... ........... ........... 12,924.00 ------------------------------------------------------------------------------------------------------------------------------------------------------------------------------------------------ \1\ Per diem constitutes lodging and meals. \2\ If foreign currency is used, enter U.S. dollar equivalent; if U.S. currency is used, enter amount expended. HON. ANDER CRENSHAW, Feb. 25, 2015. REPORT OF EXPENDITURES FOR OFFICIAL FOREIGN TRAVEL, JOHN K. DELANEY, EXPENDED BETWEEN JAN. 22 AND JAN. 25, 2015 ------------------------------------------------------------------------------------------------------------------------------------------------------------------------------------------------ Date Per diem \1\ Transportation Other purposes Total ---------------------- ------------------------------------------------------------------------------------------------------- U.S. dollar U.S. dollar U.S. dollar U.S. dollar Name of Member or employee Country Foreign equivalent Foreign equivalent Foreign equivalent Foreign equivalent Arrival Departure currency or U.S. currency or U.S. currency or U.S. currency or U.S. currency currency currency currency -----------------------------------------------------------------------------------------------------------\2\-----------------------\2\-----------------------\2\-----------------------\2\---- Hon. John K. Delaney................... 1/23 1/25 Switzerland.............. ........... 1,430.00 ........... 12,409.00 ........... ........... ........... 13,839.00 ------------------------------------------------------------------------------------------------------- Committee total.................. ........ .......... ......................... ........... 1,430.00 ........... 12,409.00 ........... ........... ........... 13,839.00 ------------------------------------------------------------------------------------------------------------------------------------------------------------------------------------------------ \1\ Per diem constitutes lodging and meals. \2\ If foreign currency is used, enter U.S. dollar equivalent; if U.S. currency is used, enter amount expended. HON. JOHN K. DELANEY, Feb. 24, 2015. [[Page H1631]] REPORT OF EXPENDITURES FOR OFFICIAL FOREIGN TRAVEL, MARIO DIAZ-BALART, EXPENDED BETWEEN JAN. 22 AND JAN. 25, 2015 ------------------------------------------------------------------------------------------------------------------------------------------------------------------------------------------------ Date Per diem \1\ Transportation Other purposes Total ---------------------- ------------------------------------------------------------------------------------------------------- U.S. dollar U.S. dollar U.S. dollar U.S. dollar Name of Member or employee Country Foreign equivalent Foreign equivalent Foreign equivalent Foreign equivalent Arrival Departure currency or U.S. currency or U.S. currency or U.S. currency or U.S. currency currency currency currency -----------------------------------------------------------------------------------------------------------\2\-----------------------\2\-----------------------\2\-----------------------\2\---- Hon. Mario Diaz-Balart................. 1/23 1/25 Switzerland.............. ........... 1,430.00 ........... 14,937.00 ........... ........... ........... 16,367.00 ------------------------------------------------------------------------------------------------------- Committee total.................. ........ .......... ......................... ........... 1,430.00 ........... 14,937.00 ........... ........... ........... 16,367.00 ------------------------------------------------------------------------------------------------------------------------------------------------------------------------------------------------ \1\ Per diem constitutes lodging and meals. \2\ If foreign currency is used, enter U.S. dollar equivalent; if U.S. currency is used, enter amount expended. HON. MARIO DIAZ-BALART, Feb. 25, 2015. REPORT OF EXPENDITURES FOR OFFICIAL FOREIGN TRAVEL, JEFF FORTENBERRY, EXPENDED BETWEEN JAN. 22 AND JAN. 25, 2015 ------------------------------------------------------------------------------------------------------------------------------------------------------------------------------------------------ Date Per diem \1\ Transportation Other purposes Total ---------------------- ------------------------------------------------------------------------------------------------------- U.S. dollar U.S. dollar U.S. dollar U.S. dollar Name of Member or employee Country Foreign equivalent Foreign equivalent Foreign equivalent Foreign equivalent Arrival Departure currency or U.S. currency or U.S. currency or U.S. currency or U.S. currency currency currency currency -----------------------------------------------------------------------------------------------------------\2\-----------------------\2\-----------------------\2\-----------------------\2\---- Hon. Jeff Fortenberry.................. 1/23 1/25 Switzerland.............. ........... 1,430.00 ........... 12,049.00 ........... ........... ........... 13,479.00 ------------------------------------------------------------------------------------------------------- Committee total.................. ........ .......... ......................... ........... 1,430.00 ........... 12,049.00 ........... ........... ........... 13,479.00 ------------------------------------------------------------------------------------------------------------------------------------------------------------------------------------------------ \1\ Per diem constitutes lodging and meals. \2\ If foreign currency is used, enter U.S. dollar equivalent; if U.S. currency is used, enter amount expended. HON. JEFF FORTENBERRY, Feb. 24, 2015. REPORT OF EXPENDITURES FOR OFFICIAL FOREIGN TRAVEL, GEORGE HOLDING, EXPENDED BETWEEN JAN. 22 AND JAN. 25, 2015 ------------------------------------------------------------------------------------------------------------------------------------------------------------------------------------------------ Date Per diem \1\ Transportation Other purposes Total ---------------------- ------------------------------------------------------------------------------------------------------- U.S. dollar U.S. dollar U.S. dollar U.S. dollar Name of Member or employee Country Foreign equivalent Foreign equivalent Foreign equivalent Foreign equivalent Arrival Departure currency or U.S. currency or U.S. currency or U.S. currency or U.S. currency currency currency currency -----------------------------------------------------------------------------------------------------------\2\-----------------------\2\-----------------------\2\-----------------------\2\---- Hon. George Holding.................... 1/23 1/25 Switzerland.............. ........... 824.00 ........... 12,924.00 ........... ........... ........... 13,748.00 ------------------------------------------------------------------------------------------------------- Committee total.................. ........ .......... ......................... ........... 824.00 ........... 12,924.00 ........... ........... ........... 13,748.00 ------------------------------------------------------------------------------------------------------------------------------------------------------------------------------------------------ \1\ Per diem constitutes lodging and meals. \2\ If foreign currency is used, enter U.S. dollar equivalent; if U.S. currency is used, enter amount expended. HON. GEORGE HOLDING, Feb. 24, 2015. REPORT OF EXPENDITURES FOR OFFICIAL FOREIGN TRAVEL, DARRELL E. ISSA, EXPENDED BETWEEN JAN. 22 AND JAN. 25, 2015 ------------------------------------------------------------------------------------------------------------------------------------------------------------------------------------------------ Date Per diem \1\ Transportation Other purposes Total ---------------------- ------------------------------------------------------------------------------------------------------- U.S. dollar U.S. dollar U.S. dollar U.S. dollar Name of Member or employee Country Foreign equivalent Foreign equivalent Foreign equivalent Foreign equivalent Arrival Departure currency or U.S. currency or U.S. currency or U.S. currency or U.S. currency currency currency currency -----------------------------------------------------------------------------------------------------------\2\-----------------------\2\-----------------------\2\-----------------------\2\---- Hon. Darrell E. Issa................... 1/23 1/25 Switzerland.............. ........... 1,430.00 ........... 12,409.00 ........... ........... ........... 13,839.00 ------------------------------------------------------------------------------------------------------- Committee total.................. ........ .......... ......................... ........... 1,430.00 ........... 12,409.00 ........... ........... ........... 13,839.00 ------------------------------------------------------------------------------------------------------------------------------------------------------------------------------------------------ \1\ Per diem constitutes lodging and meals. \2\ If foreign currency is used, enter U.S. dollar equivalent; if U.S. currency is used, enter amount expended. HON. DARRELL E. ISSA, Feb. 24, 2015. REPORT OF EXPENDITURES FOR OFFICIAL FOREIGN TRAVEL, KENNY MARCHANT, EXPENDED BETWEEN JAN. 22 AND JAN. 24, 2015 ------------------------------------------------------------------------------------------------------------------------------------------------------------------------------------------------ Date Per diem \1\ Transportation Other purposes Total ---------------------- ------------------------------------------------------------------------------------------------------- U.S. dollar U.S. dollar U.S. dollar U.S. dollar Name of Member or employee Country Foreign equivalent Foreign equivalent Foreign equivalent Foreign equivalent Arrival Departure currency or U.S. currency or U.S. currency or U.S. currency or U.S. currency currency currency currency -----------------------------------------------------------------------------------------------------------\2\-----------------------\2\-----------------------\2\-----------------------\2\---- Hon. Kenny Marchant.................... 1/22 1/24 Switzerland.............. ........... ........... ........... ........... ........... 1,076.00 ........... 1,076.00 ------------------------------------------------------------------------------------------------------- Committee total.................. ........ .......... ......................... ........... ........... ........... ........... ........... 1,076.00 ........... 1,076.00 ------------------------------------------------------------------------------------------------------------------------------------------------------------------------------------------------ \1\ Per diem constitutes lodging and meals. \2\ If foreign currency is used, enter U.S. dollar equivalent; if U.S. currency is used, enter amount expended. HON. KENNY MARCHANT, Feb. 24, 2015. REPORT OF EXPENDITURES FOR OFFICIAL FOREIGN TRAVEL, PATRICK T. McHENRY, EXPENDED BETWEEN JAN. 22 AND JAN. 25, 2015 ------------------------------------------------------------------------------------------------------------------------------------------------------------------------------------------------ Date Per diem \1\ Transportation Other purposes Total ---------------------- ------------------------------------------------------------------------------------------------------- U.S. dollar U.S. dollar U.S. dollar U.S. dollar Name of Member or employee Country Foreign equivalent Foreign equivalent Foreign equivalent Foreign equivalent Arrival Departure currency or U.S. currency or U.S. currency or U.S. currency or U.S. currency currency currency currency -----------------------------------------------------------------------------------------------------------\2\-----------------------\2\-----------------------\2\-----------------------\2\---- Hon. Patrick T. McHenry................ 1/23 1/25 Switzerland.............. ........... 1,430.00 ........... 12,409.00 ........... ........... ........... 13,839.00 ------------------------------------------------------------------------------------------------------- Committee total.................. ........ .......... ......................... ........... 1,430.00 ........... 12,409.00 ........... ........... ........... 13,839.00 ------------------------------------------------------------------------------------------------------------------------------------------------------------------------------------------------ \1\ Per diem constitutes lodging and meals. \2\ If foreign currency is used, enter U.S. dollar equivalent; if U.S. currency is used, enter amount expended. HON. PATRICK T. McHENRY, Feb. 24, 2015. [[Page H1632]] REPORT OF EXPENDITURES FOR OFFICIAL FOREIGN TRAVEL, PETER J. ROSKAM, EXPENDED BETWEEN JAN. 22 AND JAN. 25, 2015 ------------------------------------------------------------------------------------------------------------------------------------------------------------------------------------------------ Date Per diem \1\ Transportation Other purposes Total ---------------------- ------------------------------------------------------------------------------------------------------- U.S. dollar U.S. dollar U.S. dollar U.S. dollar Name of Member or employee Country Foreign equivalent Foreign equivalent Foreign equivalent Foreign equivalent Arrival Departure currency or U.S. currency or U.S. currency or U.S. currency or U.S. currency currency currency currency -----------------------------------------------------------------------------------------------------------\2\-----------------------\2\-----------------------\2\-----------------------\2\---- Hon. Peter J. Roskam................... 1/23 1/25 Switzerland.............. ........... 824.00 ........... 13,015.00 ........... ........... ........... 13,839.00 ------------------------------------------------------------------------------------------------------- Committee total.................. ........ .......... ......................... ........... 824.00 ........... 13,015.00 ........... ........... ........... 13,839.00 ------------------------------------------------------------------------------------------------------------------------------------------------------------------------------------------------ \1\ Per diem constitutes lodging and meals. \2\ If foreign currency is used, enter U.S. dollar equivalent; if U.S. currency is used, enter amount expended. HON. PETER J. ROSKAM, Feb. 23, 2015. REPORT OF EXPENDITURES FOR OFFICIAL FOREIGN TRAVEL, MARK SANFORD, EXPENDED BETWEEN JAN. 22 AND JAN. 26, 2015 ------------------------------------------------------------------------------------------------------------------------------------------------------------------------------------------------ Date Per diem \1\ Transportation Other purposes Total ---------------------- ------------------------------------------------------------------------------------------------------- U.S. dollar U.S. dollar U.S. dollar U.S. dollar Name of Member or employee Country Foreign equivalent Foreign equivalent Foreign equivalent Foreign equivalent Arrival Departure currency or U.S. currency or U.S. currency or U.S. currency or U.S. currency currency currency currency -----------------------------------------------------------------------------------------------------------\2\-----------------------\2\-----------------------\2\-----------------------\2\---- Hon. Mark Sanford...................... 1/23 1/26 Switzerland.............. ........... 1,373.00 ........... 12,389.00 ........... ........... ........... 13,762.00 ------------------------------------------------------------------------------------------------------- Committee total.................. ........ .......... ......................... ........... 1,373.00 ........... 12,389.00 ........... ........... ........... 13,762.00 ------------------------------------------------------------------------------------------------------------------------------------------------------------------------------------------------ \1\ Per diem constitutes lodging and meals. \2\ If foreign currency is used, enter U.S. dollar equivalent; if U.S. currency is used, enter amount expended. HON. MARK SANFORD, Feb. 23, 2015. REPORT OF EXPENDITURES FOR OFFICIAL FOREIGN TRAVEL, DAVID M. ADAMS, EXPENDED BETWEEN FEB. 5 AND FEB. 8, 2015 ------------------------------------------------------------------------------------------------------------------------------------------------------------------------------------------------ Date Per diem \1\ Transportation Other purposes Total ---------------------- ------------------------------------------------------------------------------------------------------- U.S. dollar U.S. dollar U.S. dollar U.S. dollar Name of Member or employee Country Foreign equivalent Foreign equivalent Foreign equivalent Foreign equivalent Arrival Departure currency or U.S. currency or U.S. currency or U.S. currency or U.S. currency currency currency currency -----------------------------------------------------------------------------------------------------------\2\-----------------------\2\-----------------------\2\-----------------------\2\---- David M. Adams......................... 2/5 2/8 Germany.................. 756 822.00 ........... ........... ........... ........... 756 822.00 ------------------------------------------------------------------------------------------------------- Committee total.................. ........ .......... ......................... ........... 822.00 ........... ........... ........... ........... ........... 822.00 ------------------------------------------------------------------------------------------------------------------------------------------------------------------------------------------------ \1\ Per diem constitutes lodging and meals. \2\ If foreign currency is used, enter U.S. dollar equivalent; if U.S. currency is used, enter amount expended. DAVID M. ADAMS, Mar. 2, 2015. REPORT OF EXPENDITURES FOR OFFICIAL FOREIGN TRAVEL, ERIK LESNEWSKY, EXPENDED BETWEEN FEB. 5 AND FEB. 8, 2015 ------------------------------------------------------------------------------------------------------------------------------------------------------------------------------------------------ Date Per diem \1\ Transportation Other purposes Total ---------------------- ------------------------------------------------------------------------------------------------------- U.S. dollar U.S. dollar U.S. dollar U.S. dollar Name of Member or employee Country Foreign equivalent Foreign equivalent Foreign equivalent Foreign equivalent Arrival Departure currency or U.S. currency or U.S. currency or U.S. currency or U.S. currency currency currency currency -----------------------------------------------------------------------------------------------------------\2\-----------------------\2\-----------------------\2\-----------------------\2\---- Erik Lesnewsky......................... 2/5 2/8 Germany.................. 837 910.00 ........... ........... ........... ........... 837 910.00 ------------------------------------------------------------------------------------------------------- Committee total.................. ........ .......... ......................... ........... 910.00 ........... ........... ........... ........... ........... 910.00 ------------------------------------------------------------------------------------------------------------------------------------------------------------------------------------------------ \1\ Per diem constitutes lodging and meals. \2\ If foreign currency is used, enter U.S. dollar equivalent; if U.S. currency is used, enter amount expended. ERIK LESNEWSKY, Mar. 2, 2015. REPORT OF EXPENDITURES FOR OFFICIAL FOREIGN TRAVEL, VALERIE J. ROBERTS, EXPENDED BETWEEN FEB. 5 AND FEB. 8, 2015 ------------------------------------------------------------------------------------------------------------------------------------------------------------------------------------------------ Date Per diem \1\ Transportation Other purposes Total ---------------------- ------------------------------------------------------------------------------------------------------- U.S. dollar U.S. dollar U.S. dollar U.S. dollar Name of Member or employee Country Foreign equivalent Foreign equivalent Foreign equivalent Foreign equivalent Arrival Departure currency or U.S. currency or U.S. currency or U.S. currency or U.S. currency currency currency currency -----------------------------------------------------------------------------------------------------------\2\-----------------------\2\-----------------------\2\-----------------------\2\---- Valerie J. Roberts..................... 2/5 2/8 Germany.................. 756 822.00 ........... ........... ........... ........... 756 822.00 ------------------------------------------------------------------------------------------------------- Committee total.................. ........ .......... ......................... ........... 822.00 ........... ........... ........... ........... ........... 822.00 ------------------------------------------------------------------------------------------------------------------------------------------------------------------------------------------------ \1\ Per diem constitutes lodging and meals. \2\ If foreign currency is used, enter U.S. dollar equivalent; if U.S. currency is used, enter amount expended. VALERIE J. ROBERTS, Mar. 6, 2015. ____________________",,"[Congressional Record Volume 161, Number 43 (Friday, March 13, 2015)] [House] [Pages H1630-H1632] From the Congressional Record Online through the Government Publishing Office [ www.gpo.gov ] EXPENDITURE REPORTS CONCERNING OFFICIAL FOREIGN TRAVEL Reports concerning the foreign currencies and U.S. dollars utilized for Official Foreign Travel during the first quarter of 2015, pursuant to Public Law 95-384, are as follows: REPORT OF EXPENDITURES FOR OFFICIAL FOREIGN TRAVEL, ANDER CRENSHAW, EXPENDED BETWEEN JAN. 22 AND JAN. 25, 2015 ------------------------------------------------------------------------------------------------------------------------------------------------------------------------------------------------ Date Per diem \1\ Transportation Other purposes Total ---------------------- ------------------------------------------------------------------------------------------------------- U.S. dollar U.S. dollar U.S. dollar U.S. dollar Name of Member or employee Country Foreign equivalent Foreign equivalent Foreign equivalent Foreign equivalent Arrival Departure currency or U.S. currency or U.S. currency or U.S. currency or U.S. currency currency currency currency -----------------------------------------------------------------------------------------------------------\2\-----------------------\2\-----------------------\2\-----------------------\2\---- Hon. Ander Crenshaw.................... 1/23 1/25 Switzerland.............. ........... 1,430.00 ........... 11,494.00 ........... ........... ........... 12,924.00 ------------------------------------------------------------------------------------------------------- Committee total.................. ........ .......... ......................... ........... 1,430.00 ........... 11,494.00 ........... ........... ........... 12,924.00 ------------------------------------------------------------------------------------------------------------------------------------------------------------------------------------------------ \1\ Per diem constitutes lodging and meals. \2\ If foreign currency is used, enter U.S. dollar equivalent; if U.S. currency is used, enter amount expended. HON. ANDER CRENSHAW, Feb. 25, 2015. REPORT OF EXPENDITURES FOR OFFICIAL FOREIGN TRAVEL, JOHN K. DELANEY, EXPENDED BETWEEN JAN. 22 AND JAN. 25, 2015 ------------------------------------------------------------------------------------------------------------------------------------------------------------------------------------------------ Date Per diem \1\ Transportation Other purposes Total ---------------------- ------------------------------------------------------------------------------------------------------- U.S. dollar U.S. dollar U.S. dollar U.S. dollar Name of Member or employee Country Foreign equivalent Foreign equivalent Foreign equivalent Foreign equivalent Arrival Departure currency or U.S. currency or U.S. currency or U.S. currency or U.S. currency currency currency currency -----------------------------------------------------------------------------------------------------------\2\-----------------------\2\-----------------------\2\-----------------------\2\---- Hon. John K. Delaney................... 1/23 1/25 Switzerland.............. ........... 1,430.00 ........... 12,409.00 ........... ........... ........... 13,839.00 ------------------------------------------------------------------------------------------------------- Committee total.................. ........ .......... ......................... ........... 1,430.00 ........... 12,409.00 ........... ........... ........... 13,839.00 ------------------------------------------------------------------------------------------------------------------------------------------------------------------------------------------------ \1\ Per diem constitutes lodging and meals. \2\ If foreign currency is used, enter U.S. dollar equivalent; if U.S. currency is used, enter amount expended. HON. JOHN K. DELANEY, Feb. 24, 2015. [[Page H1631]] REPORT OF EXPENDITURES FOR OFFICIAL FOREIGN TRAVEL, MARIO DIAZ-BALART, EXPENDED BETWEEN JAN. 22 AND JAN. 25, 2015 ------------------------------------------------------------------------------------------------------------------------------------------------------------------------------------------------ Date Per diem \1\ Transportation Other purposes Total ---------------------- ------------------------------------------------------------------------------------------------------- U.S. dollar U.S. dollar U.S. dollar U.S. dollar Name of Member or employee Country Foreign equivalent Foreign equivalent Foreign equivalent Foreign equivalent Arrival Departure currency or U.S. currency or U.S. currency or U.S. currency or U.S. currency currency currency currency -----------------------------------------------------------------------------------------------------------\2\-----------------------\2\-----------------------\2\-----------------------\2\---- Hon. Mario Diaz-Balart................. 1/23 1/25 Switzerland.............. ........... 1,430.00 ........... 14,937.00 ........... ........... ........... 16,367.00 ------------------------------------------------------------------------------------------------------- Committee total.................. ........ .......... ......................... ........... 1,430.00 ........... 14,937.00 ........... ........... ........... 16,367.00 ------------------------------------------------------------------------------------------------------------------------------------------------------------------------------------------------ \1\ Per diem constitutes lodging and meals. \2\ If foreign currency is used, enter U.S. dollar equivalent; if U.S. currency is used, enter amount expended. HON. MARIO DIAZ-BALART, Feb. 25, 2015. REPORT OF EXPENDITURES FOR OFFICIAL FOREIGN TRAVEL, JEFF FORTENBERRY, EXPENDED BETWEEN JAN. 22 AND JAN. 25, 2015 ------------------------------------------------------------------------------------------------------------------------------------------------------------------------------------------------ Date Per diem \1\ Transportation Other purposes Total ---------------------- ------------------------------------------------------------------------------------------------------- U.S. dollar U.S. dollar U.S. dollar U.S. dollar Name of Member or employee Country Foreign equivalent Foreign equivalent Foreign equivalent Foreign equivalent Arrival Departure currency or U.S. currency or U.S. currency or U.S. currency or U.S. currency currency currency currency -----------------------------------------------------------------------------------------------------------\2\-----------------------\2\-----------------------\2\-----------------------\2\---- Hon. Jeff Fortenberry.................. 1/23 1/25 Switzerland.............. ........... 1,430.00 ........... 12,049.00 ........... ........... ........... 13,479.00 ------------------------------------------------------------------------------------------------------- Committee total.................. ........ .......... ......................... ........... 1,430.00 ........... 12,049.00 ........... ........... ........... 13,479.00 ------------------------------------------------------------------------------------------------------------------------------------------------------------------------------------------------ \1\ Per diem constitutes lodging and meals. \2\ If foreign currency is used, enter U.S. dollar equivalent; if U.S. currency is used, enter amount expended. HON. JEFF FORTENBERRY, Feb. 24, 2015. REPORT OF EXPENDITURES FOR OFFICIAL FOREIGN TRAVEL, GEORGE HOLDING, EXPENDED BETWEEN JAN. 22 AND JAN. 25, 2015 ------------------------------------------------------------------------------------------------------------------------------------------------------------------------------------------------ Date Per diem \1\ Transportation Other purposes Total ---------------------- ------------------------------------------------------------------------------------------------------- U.S. dollar U.S. dollar U.S. dollar U.S. dollar Name of Member or employee Country Foreign equivalent Foreign equivalent Foreign equivalent Foreign equivalent Arrival Departure currency or U.S. currency or U.S. currency or U.S. currency or U.S. currency currency currency currency -----------------------------------------------------------------------------------------------------------\2\-----------------------\2\-----------------------\2\-----------------------\2\---- Hon. George Holding.................... 1/23 1/25 Switzerland.............. ........... 824.00 ........... 12,924.00 ........... ........... ........... 13,748.00 ------------------------------------------------------------------------------------------------------- Committee total.................. ........ .......... ......................... ........... 824.00 ........... 12,924.00 ........... ........... ........... 13,748.00 ------------------------------------------------------------------------------------------------------------------------------------------------------------------------------------------------ \1\ Per diem constitutes lodging and meals. \2\ If foreign currency is used, enter U.S. dollar equivalent; if U.S. currency is used, enter amount expended. HON. GEORGE HOLDING, Feb. 24, 2015. REPORT OF EXPENDITURES FOR OFFICIAL FOREIGN TRAVEL, DARRELL E. ISSA, EXPENDED BETWEEN JAN. 22 AND JAN. 25, 2015 ------------------------------------------------------------------------------------------------------------------------------------------------------------------------------------------------ Date Per diem \1\ Transportation Other purposes Total ---------------------- ------------------------------------------------------------------------------------------------------- U.S. dollar U.S. dollar U.S. dollar U.S. dollar Name of Member or employee Country Foreign equivalent Foreign equivalent Foreign equivalent Foreign equivalent Arrival Departure currency or U.S. currency or U.S. currency or U.S. currency or U.S. currency currency currency currency -----------------------------------------------------------------------------------------------------------\2\-----------------------\2\-----------------------\2\-----------------------\2\---- Hon. Darrell E. Issa................... 1/23 1/25 Switzerland.............. ........... 1,430.00 ........... 12,409.00 ........... ........... ........... 13,839.00 ------------------------------------------------------------------------------------------------------- Committee total.................. ........ .......... ......................... ........... 1,430.00 ........... 12,409.00 ........... ........... ........... 13,839.00 ------------------------------------------------------------------------------------------------------------------------------------------------------------------------------------------------ \1\ Per diem constitutes lodging and meals. \2\ If foreign currency is used, enter U.S. dollar equivalent; if U.S. currency is used, enter amount expended. HON. DARRELL E. ISSA, Feb. 24, 2015. REPORT OF EXPENDITURES FOR OFFICIAL FOREIGN TRAVEL, KENNY MARCHANT, EXPENDED BETWEEN JAN. 22 AND JAN. 24, 2015 ------------------------------------------------------------------------------------------------------------------------------------------------------------------------------------------------ Date Per diem \1\ Transportation Other purposes Total ---------------------- ------------------------------------------------------------------------------------------------------- U.S. dollar U.S. dollar U.S. dollar U.S. dollar Name of Member or employee Country Foreign equivalent Foreign equivalent Foreign equivalent Foreign equivalent Arrival Departure currency or U.S. currency or U.S. currency or U.S. currency or U.S. currency currency currency currency -----------------------------------------------------------------------------------------------------------\2\-----------------------\2\-----------------------\2\-----------------------\2\---- Hon. Kenny Marchant.................... 1/22 1/24 Switzerland.............. ........... ........... ........... ........... ........... 1,076.00 ........... 1,076.00 ------------------------------------------------------------------------------------------------------- Committee total.................. ........ .......... ......................... ........... ........... ........... ........... ........... 1,076.00 ........... 1,076.00 ------------------------------------------------------------------------------------------------------------------------------------------------------------------------------------------------ \1\ Per diem constitutes lodging and meals. \2\ If foreign currency is used, enter U.S. dollar equivalent; if U.S. currency is used, enter amount expended. HON. KENNY MARCHANT, Feb. 24, 2015. REPORT OF EXPENDITURES FOR OFFICIAL FOREIGN TRAVEL, PATRICK T. McHENRY, EXPENDED BETWEEN JAN. 22 AND JAN. 25, 2015 ------------------------------------------------------------------------------------------------------------------------------------------------------------------------------------------------ Date Per diem \1\ Transportation Other purposes Total ---------------------- ------------------------------------------------------------------------------------------------------- U.S. dollar U.S. dollar U.S. dollar U.S. dollar Name of Member or employee Country Foreign equivalent Foreign equivalent Foreign equivalent Foreign equivalent Arrival Departure currency or U.S. currency or U.S. currency or U.S. currency or U.S. currency currency currency currency -----------------------------------------------------------------------------------------------------------\2\-----------------------\2\-----------------------\2\-----------------------\2\---- Hon. Patrick T. McHenry................ 1/23 1/25 Switzerland.............. ........... 1,430.00 ........... 12,409.00 ........... ........... ........... 13,839.00 ------------------------------------------------------------------------------------------------------- Committee total.................. ........ .......... ......................... ........... 1,430.00 ........... 12,409.00 ........... ........... ........... 13,839.00 ------------------------------------------------------------------------------------------------------------------------------------------------------------------------------------------------ \1\ Per diem constitutes lodging and meals. \2\ If foreign currency is used, enter U.S. dollar equivalent; if U.S. currency is used, enter amount expended. HON. PATRICK T. McHENRY, Feb. 24, 2015. [[Page H1632]] REPORT OF EXPENDITURES FOR OFFICIAL FOREIGN TRAVEL, PETER J. ROSKAM, EXPENDED BETWEEN JAN. 22 AND JAN. 25, 2015 ------------------------------------------------------------------------------------------------------------------------------------------------------------------------------------------------ Date Per diem \1\ Transportation Other purposes Total ---------------------- ------------------------------------------------------------------------------------------------------- U.S. dollar U.S. dollar U.S. dollar U.S. dollar Name of Member or employee Country Foreign equivalent Foreign equivalent Foreign equivalent Foreign equivalent Arrival Departure currency or U.S. currency or U.S. currency or U.S. currency or U.S. currency currency currency currency -----------------------------------------------------------------------------------------------------------\2\-----------------------\2\-----------------------\2\-----------------------\2\---- Hon. Peter J. Roskam................... 1/23 1/25 Switzerland.............. ........... 824.00 ........... 13,015.00 ........... ........... ........... 13,839.00 ------------------------------------------------------------------------------------------------------- Committee total.................. ........ .......... ......................... ........... 824.00 ........... 13,015.00 ........... ........... ........... 13,839.00 ------------------------------------------------------------------------------------------------------------------------------------------------------------------------------------------------ \1\ Per diem constitutes lodging and meals. \2\ If foreign currency is used, enter U.S. dollar equivalent; if U.S. currency is used, enter amount expended. HON. PETER J. ROSKAM, Feb. 23, 2015. REPORT OF EXPENDITURES FOR OFFICIAL FOREIGN TRAVEL, MARK SANFORD, EXPENDED BETWEEN JAN. 22 AND JAN. 26, 2015 ------------------------------------------------------------------------------------------------------------------------------------------------------------------------------------------------ Date Per diem \1\ Transportation Other purposes Total ---------------------- ------------------------------------------------------------------------------------------------------- U.S. dollar U.S. dollar U.S. dollar U.S. dollar Name of Member or employee Country Foreign equivalent Foreign equivalent Foreign equivalent Foreign equivalent Arrival Departure currency or U.S. currency or U.S. currency or U.S. currency or U.S. currency currency currency currency -----------------------------------------------------------------------------------------------------------\2\-----------------------\2\-----------------------\2\-----------------------\2\---- Hon. Mark Sanford...................... 1/23 1/26 Switzerland.............. ........... 1,373.00 ........... 12,389.00 ........... ........... ........... 13,762.00 ------------------------------------------------------------------------------------------------------- Committee total.................. ........ .......... ......................... ........... 1,373.00 ........... 12,389.00 ........... ........... ........... 13,762.00 ------------------------------------------------------------------------------------------------------------------------------------------------------------------------------------------------ \1\ Per diem constitutes lodging and meals. \2\ If foreign currency is used, enter U.S. dollar equivalent; if U.S. currency is used, enter amount expended. HON. MARK SANFORD, Feb. 23, 2015. REPORT OF EXPENDITURES FOR OFFICIAL FOREIGN TRAVEL, DAVID M. ADAMS, EXPENDED BETWEEN FEB. 5 AND FEB. 8, 2015 ------------------------------------------------------------------------------------------------------------------------------------------------------------------------------------------------ Date Per diem \1\ Transportation Other purposes Total ---------------------- ------------------------------------------------------------------------------------------------------- U.S. dollar U.S. dollar U.S. dollar U.S. dollar Name of Member or employee Country Foreign equivalent Foreign equivalent Foreign equivalent Foreign equivalent Arrival Departure currency or U.S. currency or U.S. currency or U.S. currency or U.S. currency currency currency currency -----------------------------------------------------------------------------------------------------------\2\-----------------------\2\-----------------------\2\-----------------------\2\---- David M. Adams......................... 2/5 2/8 Germany.................. 756 822.00 ........... ........... ........... ........... 756 822.00 ------------------------------------------------------------------------------------------------------- Committee total.................. ........ .......... ......................... ........... 822.00 ........... ........... ........... ........... ........... 822.00 ------------------------------------------------------------------------------------------------------------------------------------------------------------------------------------------------ \1\ Per diem constitutes lodging and meals. \2\ If foreign currency is used, enter U.S. dollar equivalent; if U.S. currency is used, enter amount expended. DAVID M. ADAMS, Mar. 2, 2015. REPORT OF EXPENDITURES FOR OFFICIAL FOREIGN TRAVEL, ERIK LESNEWSKY, EXPENDED BETWEEN FEB. 5 AND FEB. 8, 2015 ------------------------------------------------------------------------------------------------------------------------------------------------------------------------------------------------ Date Per diem \1\ Transportation Other purposes Total ---------------------- ------------------------------------------------------------------------------------------------------- U.S. dollar U.S. dollar U.S. dollar U.S. dollar Name of Member or employee Country Foreign equivalent Foreign equivalent Foreign equivalent Foreign equivalent Arrival Departure currency or U.S. currency or U.S. currency or U.S. currency or U.S. currency currency currency currency -----------------------------------------------------------------------------------------------------------\2\-----------------------\2\-----------------------\2\-----------------------\2\---- Erik Lesnewsky......................... 2/5 2/8 Germany.................. 837 910.00 ........... ........... ........... ........... 837 910.00 ------------------------------------------------------------------------------------------------------- Committee total.................. ........ .......... ......................... ........... 910.00 ........... ........... ........... ........... ........... 910.00 ------------------------------------------------------------------------------------------------------------------------------------------------------------------------------------------------ \1\ Per diem constitutes lodging and meals. \2\ If foreign currency is used, enter U.S. dollar equivalent; if U.S. currency is used, enter amount expended. ERIK LESNEWSKY, Mar. 2, 2015. REPORT OF EXPENDITURES FOR OFFICIAL FOREIGN TRAVEL, VALERIE J. ROBERTS, EXPENDED BETWEEN FEB. 5 AND FEB. 8, 2015 ------------------------------------------------------------------------------------------------------------------------------------------------------------------------------------------------ Date Per diem \1\ Transportation Other purposes Total ---------------------- ------------------------------------------------------------------------------------------------------- U.S. dollar U.S. dollar U.S. dollar U.S. dollar Name of Member or employee Country Foreign equivalent Foreign equivalent Foreign equivalent Foreign equivalent Arrival Departure currency or U.S. currency or U.S. currency or U.S. currency or U.S. currency currency currency currency -----------------------------------------------------------------------------------------------------------\2\-----------------------\2\-----------------------\2\-----------------------\2\---- Valerie J. Roberts..................... 2/5 2/8 Germany.................. 756 822.00 ........... ........... ........... ........... 756 822.00 ------------------------------------------------------------------------------------------------------- Committee total.................. ........ .......... ......................... ........... 822.00 ........... ........... ........... ........... ........... 822.00 ------------------------------------------------------------------------------------------------------------------------------------------------------------------------------------------------ \1\ Per diem constitutes lodging and meals. \2\ If foreign currency is used, enter U.S. dollar equivalent; if U.S. currency is used, enter amount expended. VALERIE J. ROBERTS, Mar. 6, 2015. ____________________",https://api.govinfo.gov/related/CREC-2015-03-13-pt1-PgH1630-7,CREC,Proceedings of Congress and General Congressional Publications,2025-03-07T17:29:07Z,Congressional Record,package_114_42.csv,23566,0,23566,"[congressional record volume 161, number 43 (friday, march 13, 2015)] [house] [pages h1630-h1632] from the congressional record online through the government publishing office [ www.gpo.gov ] expenditure reports concerning official foreign travel reports concerning the foreign currencies and u.s. dollars utilized for official foreign travel during the first quarter of 2015, pursuant to public law 95-384, are as follows: report of expenditures for official foreign travel, ander crenshaw, expended between jan. 22 and jan. 25, 2015 ------------------------------------------------------------------------------------------------------------------------------------------------------------------------------------------------ date per diem \1\ transportation other purposes total ---------------------- ------------------------------------------------------------------------------------------------------- u.s. dollar u.s. dollar u.s. dollar u.s. dollar name of member or employee country foreign equivalent foreign equivalent foreign equivalent foreign equivalent arrival departure currency or u.s. currency or u.s. currency or u.s. currency or u.s. currency currency currency currency -----------------------------------------------------------------------------------------------------------\2\-----------------------\2\-----------------------\2\-----------------------\2\---- hon. ander crenshaw.................... 1/23 1/25 switzerland.............. ........... 1,430.00 ........... 11,494.00 ........... ........... ........... 12,924.00 ------------------------------------------------------------------------------------------------------- committee total.................. ........ .......... ......................... ........... 1,430.00 ........... 11,494.00 ........... ........... ........... 12,924.00 ------------------------------------------------------------------------------------------------------------------------------------------------------------------------------------------------ \1\ per diem constitutes lodging and meals. \2\ if foreign currency is used, enter u.s. dollar equivalent; if u.s. currency is used, enter amount expended. hon. ander crenshaw, feb. 25, 2015. report of expenditures for official foreign travel, john k. delaney, expended between jan. 22 and jan. 25, 2015 ------------------------------------------------------------------------------------------------------------------------------------------------------------------------------------------------ date per diem \1\ transportation other purposes total ---------------------- ------------------------------------------------------------------------------------------------------- u.s. dollar u.s. dollar u.s. dollar u.s. dollar name of member or employee country foreign equivalent foreign equivalent foreign equivalent foreign equivalent arrival departure currency or u.s. currency or u.s. currency or u.s. currency or u.s. currency currency currency currency -----------------------------------------------------------------------------------------------------------\2\-----------------------\2\-----------------------\2\-----------------------\2\---- hon. john k. delaney................... 1/23 1/25 switzerland.............. ........... 1,430.00 ........... 12,409.00 ........... ........... ........... 13,839.00 ------------------------------------------------------------------------------------------------------- committee total.................. ........ .......... ......................... ........... 1,430.00 ........... 12,409.00 ........... ........... ........... 13,839.00 ------------------------------------------------------------------------------------------------------------------------------------------------------------------------------------------------ \1\ per diem constitutes lodging and meals. \2\ if foreign currency is used, enter u.s. dollar equivalent; if u.s. currency is used, enter amount expended. hon. john k. delaney, feb. 24, 2015. [[page h1631]] report of expenditures for official foreign travel, mario diaz-balart, expended between jan. 22 and jan. 25, 2015 ------------------------------------------------------------------------------------------------------------------------------------------------------------------------------------------------ date per diem \1\ transportation other purposes total ---------------------- ------------------------------------------------------------------------------------------------------- u.s. dollar u.s. dollar u.s. dollar u.s. dollar name of member or employee country foreign equivalent foreign equivalent foreign equivalent foreign equivalent arrival departure currency or u.s. currency or u.s. currency or u.s. currency or u.s. currency currency currency currency -----------------------------------------------------------------------------------------------------------\2\-----------------------\2\-----------------------\2\-----------------------\2\---- hon. mario diaz-balart................. 1/23 1/25 switzerland.............. ........... 1,430.00 ........... 14,937.00 ........... ........... ........... 16,367.00 ------------------------------------------------------------------------------------------------------- committee total.................. ........ .......... ......................... ........... 1,430.00 ........... 14,937.00 ........... ........... ........... 16,367.00 ------------------------------------------------------------------------------------------------------------------------------------------------------------------------------------------------ \1\ per diem constitutes lodging and meals. \2\ if foreign currency is used, enter u.s. dollar equivalent; if u.s. currency is used, enter amount expended. hon. mario diaz-balart, feb. 25, 2015. report of expenditures for official foreign travel, jeff fortenberry, expended between jan. 22 and jan. 25, 2015 ------------------------------------------------------------------------------------------------------------------------------------------------------------------------------------------------ date per diem \1\ transportation other purposes total ---------------------- ------------------------------------------------------------------------------------------------------- u.s. dollar u.s. dollar u.s. dollar u.s. dollar name of member or employee country foreign equivalent foreign equivalent foreign equivalent foreign equivalent arrival departure currency or u.s. currency or u.s. currency or u.s. currency or u.s. currency currency currency currency -----------------------------------------------------------------------------------------------------------\2\-----------------------\2\-----------------------\2\-----------------------\2\---- hon. jeff fortenberry.................. 1/23 1/25 switzerland.............. ........... 1,430.00 ........... 12,049.00 ........... ........... ........... 13,479.00 ------------------------------------------------------------------------------------------------------- committee total.................. ........ .......... ......................... ........... 1,430.00 ........... 12,049.00 ........... ........... ........... 13,479.00 ------------------------------------------------------------------------------------------------------------------------------------------------------------------------------------------------ \1\ per diem constitutes lodging and meals. \2\ if foreign currency is used, enter u.s. dollar equivalent; if u.s. currency is used, enter amount expended. hon. jeff fortenberry, feb. 24, 2015. report of expenditures for official foreign travel, george holding, expended between jan. 22 and jan. 25, 2015 ------------------------------------------------------------------------------------------------------------------------------------------------------------------------------------------------ date per diem \1\ transportation other purposes total ---------------------- ------------------------------------------------------------------------------------------------------- u.s. dollar u.s. dollar u.s. dollar u.s. dollar name of member or employee country foreign equivalent foreign equivalent foreign equivalent foreign equivalent arrival departure currency or u.s. currency or u.s. currency or u.s. currency or u.s. currency currency currency currency -----------------------------------------------------------------------------------------------------------\2\-----------------------\2\-----------------------\2\-----------------------\2\---- hon. george holding.................... 1/23 1/25 switzerland.............. ........... 824.00 ........... 12,924.00 ........... ........... ........... 13,748.00 ------------------------------------------------------------------------------------------------------- committee total.................. ........ .......... ......................... ........... 824.00 ........... 12,924.00 ........... ........... ........... 13,748.00 ------------------------------------------------------------------------------------------------------------------------------------------------------------------------------------------------ \1\ per diem constitutes lodging and meals. \2\ if foreign currency is used, enter u.s. dollar equivalent; if u.s. currency is used, enter amount expended. hon. george holding, feb. 24, 2015. report of expenditures for official foreign travel, darrell e. issa, expended between jan. 22 and jan. 25, 2015 ------------------------------------------------------------------------------------------------------------------------------------------------------------------------------------------------ date per diem \1\ transportation other purposes total ---------------------- ------------------------------------------------------------------------------------------------------- u.s. dollar u.s. dollar u.s. dollar u.s. dollar name of member or employee country foreign equivalent foreign equivalent foreign equivalent foreign equivalent arrival departure currency or u.s. currency or u.s. currency or u.s. currency or u.s. currency currency currency currency -----------------------------------------------------------------------------------------------------------\2\-----------------------\2\-----------------------\2\-----------------------\2\---- hon. darrell e. issa................... 1/23 1/25 switzerland.............. ........... 1,430.00 ........... 12,409.00 ........... ........... ........... 13,839.00 ------------------------------------------------------------------------------------------------------- committee total.................. ........ .......... ......................... ........... 1,430.00 ........... 12,409.00 ........... ........... ........... 13,839.00 ------------------------------------------------------------------------------------------------------------------------------------------------------------------------------------------------ \1\ per diem constitutes lodging and meals. \2\ if foreign currency is used, enter u.s. dollar equivalent; if u.s. currency is used, enter amount expended. hon. darrell e. issa, feb. 24, 2015. report of expenditures for official foreign travel, kenny marchant, expended between jan. 22 and jan. 24, 2015 ------------------------------------------------------------------------------------------------------------------------------------------------------------------------------------------------ date per diem \1\ transportation other purposes total ---------------------- ------------------------------------------------------------------------------------------------------- u.s. dollar u.s. dollar u.s. dollar u.s. dollar name of member or employee country foreign equivalent foreign equivalent foreign equivalent foreign equivalent arrival departure currency or u.s. currency or u.s. currency or u.s. currency or u.s. currency currency currency currency -----------------------------------------------------------------------------------------------------------\2\-----------------------\2\-----------------------\2\-----------------------\2\---- hon. kenny marchant.................... 1/22 1/24 switzerland.............. ........... ........... ........... ........... ........... 1,076.00 ........... 1,076.00 ------------------------------------------------------------------------------------------------------- committee total.................. ........ .......... ......................... ........... ........... ........... ........... ........... 1,076.00 ........... 1,076.00 ------------------------------------------------------------------------------------------------------------------------------------------------------------------------------------------------ \1\ per diem constitutes lodging and meals. \2\ if foreign currency is used, enter u.s. dollar equivalent; if u.s. currency is used, enter amount expended. hon. kenny marchant, feb. 24, 2015. report of expenditures for official foreign travel, patrick t. mchenry, expended between jan. 22 and jan. 25, 2015 ------------------------------------------------------------------------------------------------------------------------------------------------------------------------------------------------ date per diem \1\ transportation other purposes total ---------------------- ------------------------------------------------------------------------------------------------------- u.s. dollar u.s. dollar u.s. dollar u.s. dollar name of member or employee country foreign equivalent foreign equivalent foreign equivalent foreign equivalent arrival departure currency or u.s. currency or u.s. currency or u.s. currency or u.s. currency currency currency currency -----------------------------------------------------------------------------------------------------------\2\-----------------------\2\-----------------------\2\-----------------------\2\---- hon. patrick t. mchenry................ 1/23 1/25 switzerland.............. ........... 1,430.00 ........... 12,409.00 ........... ........... ........... 13,839.00 ------------------------------------------------------------------------------------------------------- committee total.................. ........ .......... ......................... ........... 1,430.00 ........... 12,409.00 ........... ........... ........... 13,839.00 ------------------------------------------------------------------------------------------------------------------------------------------------------------------------------------------------ \1\ per diem constitutes lodging and meals. \2\ if foreign currency is used, enter u.s. dollar equivalent; if u.s. currency is used, enter amount expended. hon. patrick t. mchenry, feb. 24, 2015. [[page h1632]] report of expenditures for official foreign travel, peter j. roskam, expended between jan. 22 and jan. 25, 2015 ------------------------------------------------------------------------------------------------------------------------------------------------------------------------------------------------ date per diem \1\ transportation other purposes total ---------------------- ------------------------------------------------------------------------------------------------------- u.s. dollar u.s. dollar u.s. dollar u.s. dollar name of member or employee country foreign equivalent foreign equivalent foreign equivalent foreign equivalent arrival departure currency or u.s. currency or u.s. currency or u.s. currency or u.s. currency currency currency currency -----------------------------------------------------------------------------------------------------------\2\-----------------------\2\-----------------------\2\-----------------------\2\---- hon. peter j. roskam................... 1/23 1/25 switzerland.............. ........... 824.00 ........... 13,015.00 ........... ........... ........... 13,839.00 ------------------------------------------------------------------------------------------------------- committee total.................. ........ .......... ......................... ........... 824.00 ........... 13,015.00 ........... ........... ........... 13,839.00 ------------------------------------------------------------------------------------------------------------------------------------------------------------------------------------------------ \1\ per diem constitutes lodging and meals. \2\ if foreign currency is used, enter u.s. dollar equivalent; if u.s. currency is used, enter amount expended. hon. peter j. roskam, feb. 23, 2015. report of expenditures for official foreign travel, mark sanford, expended between jan. 22 and jan. 26, 2015 ------------------------------------------------------------------------------------------------------------------------------------------------------------------------------------------------ date per diem \1\ transportation other purposes total ---------------------- ------------------------------------------------------------------------------------------------------- u.s. dollar u.s. dollar u.s. dollar u.s. dollar name of member or employee country foreign equivalent foreign equivalent foreign equivalent foreign equivalent arrival departure currency or u.s. currency or u.s. currency or u.s. currency or u.s. currency currency currency currency -----------------------------------------------------------------------------------------------------------\2\-----------------------\2\-----------------------\2\-----------------------\2\---- hon. mark sanford...................... 1/23 1/26 switzerland.............. ........... 1,373.00 ........... 12,389.00 ........... ........... ........... 13,762.00 ------------------------------------------------------------------------------------------------------- committee total.................. ........ .......... ......................... ........... 1,373.00 ........... 12,389.00 ........... ........... ........... 13,762.00 ------------------------------------------------------------------------------------------------------------------------------------------------------------------------------------------------ \1\ per diem constitutes lodging and meals. \2\ if foreign currency is used, enter u.s. dollar equivalent; if u.s. currency is used, enter amount expended. hon. mark sanford, feb. 23, 2015. report of expenditures for official foreign travel, david m. adams, expended between feb. 5 and feb. 8, 2015 ------------------------------------------------------------------------------------------------------------------------------------------------------------------------------------------------ date per diem \1\ transportation other purposes total ---------------------- ------------------------------------------------------------------------------------------------------- u.s. dollar u.s. dollar u.s. dollar u.s. dollar name of member or employee country foreign equivalent foreign equivalent foreign equivalent foreign equivalent arrival departure currency or u.s. currency or u.s. currency or u.s. currency or u.s. currency currency currency currency -----------------------------------------------------------------------------------------------------------\2\-----------------------\2\-----------------------\2\-----------------------\2\---- david m. adams......................... 2/5 2/8 germany.................. 756 822.00 ........... ........... ........... ........... 756 822.00 ------------------------------------------------------------------------------------------------------- committee total.................. ........ .......... ......................... ........... 822.00 ........... ........... ........... ........... ........... 822.00 ------------------------------------------------------------------------------------------------------------------------------------------------------------------------------------------------ \1\ per diem constitutes lodging and meals. \2\ if foreign currency is used, enter u.s. dollar equivalent; if u.s. currency is used, enter amount expended. david m. adams, mar. 2, 2015. report of expenditures for official foreign travel, erik lesnewsky, expended between feb. 5 and feb. 8, 2015 ------------------------------------------------------------------------------------------------------------------------------------------------------------------------------------------------ date per diem \1\ transportation other purposes total ---------------------- ------------------------------------------------------------------------------------------------------- u.s. dollar u.s. dollar u.s. dollar u.s. dollar name of member or employee country foreign equivalent foreign equivalent foreign equivalent foreign equivalent arrival departure currency or u.s. currency or u.s. currency or u.s. currency or u.s. currency currency currency currency -----------------------------------------------------------------------------------------------------------\2\-----------------------\2\-----------------------\2\-----------------------\2\---- erik lesnewsky......................... 2/5 2/8 germany.................. 837 910.00 ........... ........... ........... ........... 837 910.00 ------------------------------------------------------------------------------------------------------- committee total.................. ........ .......... ......................... ........... 910.00 ........... ........... ........... ........... ........... 910.00 ------------------------------------------------------------------------------------------------------------------------------------------------------------------------------------------------ \1\ per diem constitutes lodging and meals. \2\ if foreign currency is used, enter u.s. dollar equivalent; if u.s. currency is used, enter amount expended. erik lesnewsky, mar. 2, 2015. report of expenditures for official foreign travel, valerie j. roberts, expended between feb. 5 and feb. 8, 2015 ------------------------------------------------------------------------------------------------------------------------------------------------------------------------------------------------ date per diem \1\ transportation other purposes total ---------------------- ------------------------------------------------------------------------------------------------------- u.s. dollar u.s. dollar u.s. dollar u.s. dollar name of member or employee country foreign equivalent foreign equivalent foreign equivalent foreign equivalent arrival departure currency or u.s. currency or u.s. currency or u.s. currency or u.s. currency currency currency currency -----------------------------------------------------------------------------------------------------------\2\-----------------------\2\-----------------------\2\-----------------------\2\---- valerie j. roberts..................... 2/5 2/8 germany.................. 756 822.00 ........... ........... ........... ........... 756 822.00 ------------------------------------------------------------------------------------------------------- committee total.................. ........ .......... ......................... ........... 822.00 ........... ........... ........... ........... ........... 822.00 ------------------------------------------------------------------------------------------------------------------------------------------------------------------------------------------------ \1\ per diem constitutes lodging and meals. \2\ if foreign currency is used, enter u.s. dollar equivalent; if u.s. currency is used, enter amount expended. valerie j. roberts, mar. 6, 2015. ____________________",23566
CREC-2015-03-13-pt1-PgH1634,CREC-2015-03-13,2015-03-13,REPORTS OF COMMITTEES ON PUBLIC BILLS AND RESOLUTIONS,CREC,HOUSE,H,H,1,https://www.govinfo.gov/app/details/CREC-2015-03-13/CREC-2015-03-13-pt1-PgH1634,https://api.govinfo.gov/packages/CREC-2015-03-13/granules/CREC-2015-03-13-pt1-PgH1634/htm,https://api.govinfo.gov/packages/CREC-2015-03-13/granules/CREC-2015-03-13-pt1-PgH1634/pdf,https://api.govinfo.gov/packages/CREC-2015-03-13/summary,"[Congressional Record Volume 161, Number 43 (Friday, March 13, 2015)] [House] [Pages H1634-H1635] From the Congressional Record Online through the Government Publishing Office [ www.gpo.gov ] REPORTS OF COMMITTEES ON PUBLIC BILLS AND RESOLUTIONS Under clause 2 of the rule XIII, reports of committees were delivered to the Clerk for printing and reference to the proper calendar, as follows: [[Page H1635]] Mr. RYAN of Wisconsin: Committee on Ways and Means. H.R. 284. A bill to amend title XVIII of the Social Security Act to require State licensure and bid surety bonds for entities submitting bids under the Medicare durable medical equipment, prosthetics, orthotics, and supplies (DMEPOS) competitive acquisition program, and for other purposes; with an amendment (Rept. 114-38, Pt. 1). Ordered to be printed. Mr. RYAN of Wisconsin: Committee on Ways and Means. H.R. 876. A bill to amend title XVIII of the Social Security Act to require hospitals to provide certain notifications to individuals classified by such hospitals under observation status rather than admitted as inpatients of such hospitals; with an amendment (Rept. 114-39, Pt. 1). Referred to the Committee of the Whole House on the state of the Union. Mr. RYAN of Wisconsin: Committee on Ways and Means. H.R. 887. A bill to amend title XVIII of the Social Security Act with respect to the treatment of patient encounters in ambulatory surgical centers in determining meaningful EHR use, and for other purposes; with an amendment (Rept. 114-40, Pt. 1). Ordered to be printed. DISCHARGE OF COMMITTEE Pursuant to clause 2 of rule XIII, the Committee on Energy and Commerce discharged from further consideration. H.R. 876 referred to the Committee of the Whole House on the state of the Union. ____________________",,"[Congressional Record Volume 161, Number 43 (Friday, March 13, 2015)] [House] [Pages H1634-H1635] From the Congressional Record Online through the Government Publishing Office [ www.gpo.gov ] REPORTS OF COMMITTEES ON PUBLIC BILLS AND RESOLUTIONS Under clause 2 of the rule XIII, reports of committees were delivered to the Clerk for printing and reference to the proper calendar, as follows: [[Page H1635]] Mr. RYAN of Wisconsin: Committee on Ways and Means. H.R. 284. A bill to amend title XVIII of the Social Security Act to require State licensure and bid surety bonds for entities submitting bids under the Medicare durable medical equipment, prosthetics, orthotics, and supplies (DMEPOS) competitive acquisition program, and for other purposes; with an amendment (Rept. 114-38, Pt. 1). Ordered to be printed. Mr. RYAN of Wisconsin: Committee on Ways and Means. H.R. 876. A bill to amend title XVIII of the Social Security Act to require hospitals to provide certain notifications to individuals classified by such hospitals under observation status rather than admitted as inpatients of such hospitals; with an amendment (Rept. 114-39, Pt. 1). Referred to the Committee of the Whole House on the state of the Union. Mr. RYAN of Wisconsin: Committee on Ways and Means. H.R. 887. A bill to amend title XVIII of the Social Security Act with respect to the treatment of patient encounters in ambulatory surgical centers in determining meaningful EHR use, and for other purposes; with an amendment (Rept. 114-40, Pt. 1). Ordered to be printed. DISCHARGE OF COMMITTEE Pursuant to clause 2 of rule XIII, the Committee on Energy and Commerce discharged from further consideration. H.R. 876 referred to the Committee of the Whole House on the state of the Union. ____________________",https://api.govinfo.gov/related/CREC-2015-03-13-pt1-PgH1634,CREC,Proceedings of Congress and General Congressional Publications,2025-03-07T17:29:07Z,Congressional Record,package_114_42.csv,1779,0,1779,"[congressional record volume 161, number 43 (friday, march 13, 2015)] [house] [pages h1634-h1635] from the congressional record online through the government publishing office [ www.gpo.gov ] reports of committees on public bills and resolutions under clause 2 of the rule xiii, reports of committees were delivered to the clerk for printing and reference to the proper calendar, as follows: [[page h1635]] mr. ryan of wisconsin: committee on ways and means. h.r. 284. a bill to amend title xviii of the social security act to require state licensure and bid surety bonds for entities submitting bids under the medicare durable medical equipment, prosthetics, orthotics, and supplies (dmepos) competitive acquisition program, and for other purposes; with an amendment (rept. 114-38, pt. 1). ordered to be printed. mr. ryan of wisconsin: committee on ways and means. h.r. 876. a bill to amend title xviii of the social security act to require hospitals to provide certain notifications to individuals classified by such hospitals under observation status rather than admitted as inpatients of such hospitals; with an amendment (rept. 114-39, pt. 1). referred to the committee of the whole house on the state of the union. mr. ryan of wisconsin: committee on ways and means. h.r. 887. a bill to amend title xviii of the social security act with respect to the treatment of patient encounters in ambulatory surgical centers in determining meaningful ehr use, and for other purposes; with an amendment (rept. 114-40, pt. 1). ordered to be printed. discharge of committee pursuant to clause 2 of rule xiii, the committee on energy and commerce discharged from further consideration. h.r. 876 referred to the committee of the whole house on the state of the union. ____________________",1779
CREC-2015-03-13-pt1-PgH1635,CREC-2015-03-13,2015-03-13,PUBLIC BILLS AND RESOLUTIONS,CREC,HOUSE,H,H,1,https://www.govinfo.gov/app/details/CREC-2015-03-13/CREC-2015-03-13-pt1-PgH1635,https://api.govinfo.gov/packages/CREC-2015-03-13/granules/CREC-2015-03-13-pt1-PgH1635/htm,https://api.govinfo.gov/packages/CREC-2015-03-13/granules/CREC-2015-03-13-pt1-PgH1635/pdf,https://api.govinfo.gov/packages/CREC-2015-03-13/summary,"[Congressional Record Volume 161, Number 43 (Friday, March 13, 2015)] [House] [Page H1635] From the Congressional Record Online through the Government Publishing Office [ www.gpo.gov ] PUBLIC BILLS AND RESOLUTIONS Under clause 2 of rule XII, public bills and resolutions of the following titles were introduced and severally referred, as follows: By Mr. BILIRAKIS (for himself, Mr. Connolly, Mr. Israel, and Mr. Griffith): H.R. 1353. A bill to amend the Federal Food, Drug, and Cosmetic Act to extend the period of exclusivity with respect to certain drugs, and for other purposes; to the Committee on Energy and Commerce. By Mr. ELLISON (for himself, Mr. Butterfield, Mr. Capuano, Ms. Clark of Massachusetts, Mr. Cummings, Mr. Al Green of Texas, Mr. Grijalva, Mr. Hastings, Mr. Hinojosa, Mr. Johnson of Georgia, Ms. Kaptur, Mr. Langevin, Ms. Lee, Mr. Lewis, Mr. Lynch, Mrs. Carolyn B. Maloney of New York, Mr. McGovern, Mr. Meeks, Ms. Moore, Ms. Norton, Mr. Pocan, Ms. Slaughter, Mr. Smith of Washington, Mr. Takano, and Ms. Maxine Waters of California): H.R. 1354. A bill to permanently extend the Protecting Tenants at Foreclosure Act of 2009; to the Committee on Financial Services. By Mr. ELLISON (for himself, Mr. Stivers, Mr. Paulsen, Mrs. Carolyn B. Maloney of New York, Mr. Delaney, and Mr. Cartwright): H.R. 1355. A bill to amend the Federal Home Loan Bank Act to expand the purposes of advances and collateral available to community development financial institutions; to the Committee on Financial Services. By Mr. COFFMAN (for himself and Ms. Speier): H.R. 1356. A bill to improve the provision of health care for women veterans by the Department of Veterans Affairs, and for other purposes; to the Committee on Veterans' Affairs. By Mr. COFFMAN: H.R. 1357. A bill to amend title 38, United States Code, to limit the designation of certain Department of Veterans Affairs employees as beneficiaries under Veterans' Group Life Insurance, and for other purposes; to the Committee on Veterans' Affairs. By Mr. ENGEL (for himself, Ms. Clarke of New York, Mrs. Watson Coleman, and Mrs. Carolyn B. Maloney of New York): H.R. 1358. A bill to enact into law a framework for deciding whether certain projectiles are ``primarily intended for sporting purposes'' for purposes of determining whether the projectiles are armor piercing ammunition; to the Committee on the Judiciary. By Mr. FATTAH (for himself and Mr. Hinojosa): H.R. 1359. A bill to authorize the establishment of American Dream Accounts; to the Committee on Education and the Workforce. By Mr. FATTAH (for himself, Mr. Fitzpatrick, Mr. Brady of Pennsylvania, Mr. Connolly, and Mr. Cohen): H.R. 1360. A bill to require the Secretary of the Treasury to use revenue generated by certain fines, penalties, and settlements that are not designated for restitution or any other purpose to fund evidence-based youth mentoring projects, justice reinvestment efforts, and innovations in medical research and development; to the Committee on the Judiciary, and in addition to the Committees on Education and the Workforce, Science, Space, and Technology, and Energy and Commerce, for a period to be subsequently determined by the Speaker, in each case for consideration of such provisions as fall within the jurisdiction of the committee concerned. By Mr. GUTHRIE: H.R. 1361. A bill to amend title XIX of the Social Security Act to eliminate the State option to reduce the home equity exemption amount for purposes of eligibility for long-term care assistance under Medicaid, and for other purposes; to the Committee on Energy and Commerce. By Mr. GUTHRIE: H.R. 1362. A bill to amend title XIX of the Social Security Act to require States to submit an annual report on sources of funds used to finance the non-Federal share of expenditures under such title, and for other purposes; to the Committee on Energy and Commerce. By Mr. KING of Iowa (for himself and Mr. Huelskamp): H.R. 1363. A bill to repeal a certain rule relating to nutrition standards in the national school lunch and school breakfast programs, and for other purposes; to the Committee on Education and the Workforce. By Ms. TITUS (for herself and Mr. Heck of Nevada): H.R. 1364. A bill to require the Nuclear Regulatory Commission to obtain the consent of affected State and local governments before authorizing the construction of a nuclear waste repository; to the Committee on Energy and Commerce. By Ms. SLAUGHTER (for herself and Ms. Bonamici): H. Res. 149. A resolution expressing support for designation of the week of March 15, 2015, through March 21, 2015, as National Young Audiences Arts for Learning Week; to the Committee on Education and the Workforce. ____________________",,"[Congressional Record Volume 161, Number 43 (Friday, March 13, 2015)] [House] [Page H1635] From the Congressional Record Online through the Government Publishing Office [ www.gpo.gov ] PUBLIC BILLS AND RESOLUTIONS Under clause 2 of rule XII, public bills and resolutions of the following titles were introduced and severally referred, as follows: By Mr. BILIRAKIS (for himself, Mr. Connolly, Mr. Israel, and Mr. Griffith): H.R. 1353. A bill to amend the Federal Food, Drug, and Cosmetic Act to extend the period of exclusivity with respect to certain drugs, and for other purposes; to the Committee on Energy and Commerce. By Mr. ELLISON (for himself, Mr. Butterfield, Mr. Capuano, Ms. Clark of Massachusetts, Mr. Cummings, Mr. Al Green of Texas, Mr. Grijalva, Mr. Hastings, Mr. Hinojosa, Mr. Johnson of Georgia, Ms. Kaptur, Mr. Langevin, Ms. Lee, Mr. Lewis, Mr. Lynch, Mrs. Carolyn B. Maloney of New York, Mr. McGovern, Mr. Meeks, Ms. Moore, Ms. Norton, Mr. Pocan, Ms. Slaughter, Mr. Smith of Washington, Mr. Takano, and Ms. Maxine Waters of California): H.R. 1354. A bill to permanently extend the Protecting Tenants at Foreclosure Act of 2009; to the Committee on Financial Services. By Mr. ELLISON (for himself, Mr. Stivers, Mr. Paulsen, Mrs. Carolyn B. Maloney of New York, Mr. Delaney, and Mr. Cartwright): H.R. 1355. A bill to amend the Federal Home Loan Bank Act to expand the purposes of advances and collateral available to community development financial institutions; to the Committee on Financial Services. By Mr. COFFMAN (for himself and Ms. Speier): H.R. 1356. A bill to improve the provision of health care for women veterans by the Department of Veterans Affairs, and for other purposes; to the Committee on Veterans' Affairs. By Mr. COFFMAN: H.R. 1357. A bill to amend title 38, United States Code, to limit the designation of certain Department of Veterans Affairs employees as beneficiaries under Veterans' Group Life Insurance, and for other purposes; to the Committee on Veterans' Affairs. By Mr. ENGEL (for himself, Ms. Clarke of New York, Mrs. Watson Coleman, and Mrs. Carolyn B. Maloney of New York): H.R. 1358. A bill to enact into law a framework for deciding whether certain projectiles are ``primarily intended for sporting purposes'' for purposes of determining whether the projectiles are armor piercing ammunition; to the Committee on the Judiciary. By Mr. FATTAH (for himself and Mr. Hinojosa): H.R. 1359. A bill to authorize the establishment of American Dream Accounts; to the Committee on Education and the Workforce. By Mr. FATTAH (for himself, Mr. Fitzpatrick, Mr. Brady of Pennsylvania, Mr. Connolly, and Mr. Cohen): H.R. 1360. A bill to require the Secretary of the Treasury to use revenue generated by certain fines, penalties, and settlements that are not designated for restitution or any other purpose to fund evidence-based youth mentoring projects, justice reinvestment efforts, and innovations in medical research and development; to the Committee on the Judiciary, and in addition to the Committees on Education and the Workforce, Science, Space, and Technology, and Energy and Commerce, for a period to be subsequently determined by the Speaker, in each case for consideration of such provisions as fall within the jurisdiction of the committee concerned. By Mr. GUTHRIE: H.R. 1361. A bill to amend title XIX of the Social Security Act to eliminate the State option to reduce the home equity exemption amount for purposes of eligibility for long-term care assistance under Medicaid, and for other purposes; to the Committee on Energy and Commerce. By Mr. GUTHRIE: H.R. 1362. A bill to amend title XIX of the Social Security Act to require States to submit an annual report on sources of funds used to finance the non-Federal share of expenditures under such title, and for other purposes; to the Committee on Energy and Commerce. By Mr. KING of Iowa (for himself and Mr. Huelskamp): H.R. 1363. A bill to repeal a certain rule relating to nutrition standards in the national school lunch and school breakfast programs, and for other purposes; to the Committee on Education and the Workforce. By Ms. TITUS (for herself and Mr. Heck of Nevada): H.R. 1364. A bill to require the Nuclear Regulatory Commission to obtain the consent of affected State and local governments before authorizing the construction of a nuclear waste repository; to the Committee on Energy and Commerce. By Ms. SLAUGHTER (for herself and Ms. Bonamici): H. Res. 149. A resolution expressing support for designation of the week of March 15, 2015, through March 21, 2015, as National Young Audiences Arts for Learning Week; to the Committee on Education and the Workforce. ____________________",https://api.govinfo.gov/related/CREC-2015-03-13-pt1-PgH1635,CREC,Proceedings of Congress and General Congressional Publications,2025-03-07T17:29:07Z,Congressional Record,package_114_42.csv,4710,0,4710,"[congressional record volume 161, number 43 (friday, march 13, 2015)] [house] [page h1635] from the congressional record online through the government publishing office [ www.gpo.gov ] public bills and resolutions under clause 2 of rule xii, public bills and resolutions of the following titles were introduced and severally referred, as follows: by mr. bilirakis (for himself, mr. connolly, mr. israel, and mr. griffith): h.r. 1353. a bill to amend the federal food, drug, and cosmetic act to extend the period of exclusivity with respect to certain drugs, and for other purposes; to the committee on energy and commerce. by mr. ellison (for himself, mr. butterfield, mr. capuano, ms. clark of massachusetts, mr. cummings, mr. al green of texas, mr. grijalva, mr. hastings, mr. hinojosa, mr. johnson of georgia, ms. kaptur, mr. langevin, ms. lee, mr. lewis, mr. lynch, mrs. carolyn b. maloney of new york, mr. mcgovern, mr. meeks, ms. moore, ms. norton, mr. pocan, ms. slaughter, mr. smith of washington, mr. takano, and ms. maxine waters of california): h.r. 1354. a bill to permanently extend the protecting tenants at foreclosure act of 2009; to the committee on financial services. by mr. ellison (for himself, mr. stivers, mr. paulsen, mrs. carolyn b. maloney of new york, mr. delaney, and mr. cartwright): h.r. 1355. a bill to amend the federal home loan bank act to expand the purposes of advances and collateral available to community development financial institutions; to the committee on financial services. by mr. coffman (for himself and ms. speier): h.r. 1356. a bill to improve the provision of health care for women veterans by the department of veterans affairs, and for other purposes; to the committee on veterans' affairs. by mr. coffman: h.r. 1357. a bill to amend title 38, united states code, to limit the designation of certain department of veterans affairs employees as beneficiaries under veterans' group life insurance, and for other purposes; to the committee on veterans' affairs. by mr. engel (for himself, ms. clarke of new york, mrs. watson coleman, and mrs. carolyn b. maloney of new york): h.r. 1358. a bill to enact into law a framework for deciding whether certain projectiles are ``primarily intended for sporting purposes'' for purposes of determining whether the projectiles are armor piercing ammunition; to the committee on the judiciary. by mr. fattah (for himself and mr. hinojosa): h.r. 1359. a bill to authorize the establishment of american dream accounts; to the committee on education and the workforce. by mr. fattah (for himself, mr. fitzpatrick, mr. brady of pennsylvania, mr. connolly, and mr. cohen): h.r. 1360. a bill to require the secretary of the treasury to use revenue generated by certain fines, penalties, and settlements that are not designated for restitution or any other purpose to fund evidence-based youth mentoring projects, justice reinvestment efforts, and innovations in medical research and development; to the committee on the judiciary, and in addition to the committees on education and the workforce, science, space, and technology, and energy and commerce, for a period to be subsequently determined by the speaker, in each case for consideration of such provisions as fall within the jurisdiction of the committee concerned. by mr. guthrie: h.r. 1361. a bill to amend title xix of the social security act to eliminate the state option to reduce the home equity exemption amount for purposes of eligibility for long-term care assistance under medicaid, and for other purposes; to the committee on energy and commerce. by mr. guthrie: h.r. 1362. a bill to amend title xix of the social security act to require states to submit an annual report on sources of funds used to finance the non-federal share of expenditures under such title, and for other purposes; to the committee on energy and commerce. by mr. king of iowa (for himself and mr. huelskamp): h.r. 1363. a bill to repeal a certain rule relating to nutrition standards in the national school lunch and school breakfast programs, and for other purposes; to the committee on education and the workforce. by ms. titus (for herself and mr. heck of nevada): h.r. 1364. a bill to require the nuclear regulatory commission to obtain the consent of affected state and local governments before authorizing the construction of a nuclear waste repository; to the committee on energy and commerce. by ms. slaughter (for herself and ms. bonamici): h. res. 149. a resolution expressing support for designation of the week of march 15, 2015, through march 21, 2015, as national young audiences arts for learning week; to the committee on education and the workforce. ____________________",4710
CREC-2015-03-13-pt1-PgH1632-2,CREC-2015-03-13,2015-03-13,"EXECUTIVE COMMUNICATIONS, ETC.",CREC,HOUSE,H,H,1,https://www.govinfo.gov/app/details/CREC-2015-03-13/CREC-2015-03-13-pt1-PgH1632-2,https://api.govinfo.gov/packages/CREC-2015-03-13/granules/CREC-2015-03-13-pt1-PgH1632-2/htm,https://api.govinfo.gov/packages/CREC-2015-03-13/granules/CREC-2015-03-13-pt1-PgH1632-2/pdf,https://api.govinfo.gov/packages/CREC-2015-03-13/summary,"[Congressional Record Volume 161, Number 43 (Friday, March 13, 2015)] [House] [Pages H1632-H1634] From the Congressional Record Online through the Government Publishing Office [ www.gpo.gov ] EXECUTIVE COMMUNICATIONS, ETC. Under clause 2 of rule XIV, executive communications were taken from the Speaker's table and referred as follows: 724. A letter from the Administrator, Rural Business- Cooperative Service, Department of Agriculture, transmitting the Department's direct final rule -- Rural Development Loan Servicing (RIN: 0570-AA88) received March 6, 2015, pursuant to 5 U.S.C. 801(a)(1)(A); to the Committee on Agriculture. 725. A letter from the Board Chair and CEO, Office of General Counsel, Farm Credit Administration, transmitting the Administration's final rule -- Disclosure to Shareholders; Pension Benefit Disclosures (RIN: 3052-AD02) received March 9, 2015, pursuant to 5 U.S.C. 801(a)(1)(A); to the Committee on Agriculture. 726. A letter from the Under Secretary, Acquisition, Technology and Logistics, Department of Defense, transmitting the National Defense Stockpile (NDS) Annual Materials Plan (AMP) for Fiscal Year 2016 and for the succeeding four years, FY 2017-2020, pursuant to 50 U.S.C. 98h-2; to the Committee on Armed Services. 727. A letter from the Under Secretary, Acquisition, Technology and Logistics, Department of Defense, transmitting the ``Strategic and Critical Materials 2015 Report on Stockpile Requirements'', pursuant to 50 U.S.C. 98h-5; to the Committee on Armed Services. 728. A letter from the Under Secretary, Acquisition, Technology, and Logistics, Department of Defense, transmitting the ``Strategic and Critical Materials Operations Report to Congress: Operations Under the Strategic and Critical Materials Stockpiling Act During Fiscal Year 2014'', pursuant to 50 U.S.C. 98 et seq; to the Committee on Armed Services. 729. A letter from the Under Secretary, Acquisition, Technology, and Logistics, Department of Defense, transmitting the Department of Defense Chemical Demilitarization Program Semi-Annual Report to Congress for March 2015, pursuant to 50 U.S.C. 1521(j), as amended by Sec. 1421 of the National Defense Authorization Act for Fiscal Year 2013; to the Committee on Armed Services. [[Page H1633]] 730. A letter from the Under Secretary, Personnel and Readiness, Department of Defense, transmitting a letter notifying that the Department intends to assign women to certain previously closed positions in the Army, pursuant to 10 U.S.C. 652; to the Committee on Armed Services. 731. A letter from the Chief Counsel, FEMA, Department of Homeland Security, transmitting the Department's final rule -- Suspension of Community Eligibility (Richmond County, VA, et al.) [Docket ID: FEMA-2015-0001] [Internal Agency Docket No.: FEMA-8375] received March 11, 2015, pursuant to 5 U.S.C. 801(a)(1)(A); to the Committee on Financial Services. 732. A letter from the Chief Counsel, FEMA, Department of Homeland Security, transmitting the Department's final rule -- Suspension of Community Eligibility (Jefferson County, IN, et al.) [Docket ID: FEMA-2015-0001] [Internal Agency Docket No.: FEMA-8373] received March 11, 2015, pursuant to 5 U.S.C. 801(a)(1)(A); to the Committee on Financial Services. 733. A letter from the Associate General Counsel for Legislation and Regulations, Department of Housing and Urban Development, transmitting the Department's final rule -- Removal of Obsolete Section 8 Rental Assistance Certificate Program Regulations [Docket No.: FR-5827-F-01] (RIN: 2577- AC93) received March 10, 2015, pursuant to 5 U.S.C. 801(a)(1)(A); to the Committee on Financial Services. 734. A letter from the General Counsel, Federal Housing Finance Agency, transmitting the Agency's final rule -- Federal Home Loan Bank Capital Stock and Capital Plans (RIN: 2590-AA71) received March 6, 2015, pursuant to 5 U.S.C. 801(a)(1)(A); to the Committee on Financial Services. 735. A letter from the Administrator, U.S. Energy Information Administration, Department of Energy, transmitting the nineteenth report on ``The Availability and Price of Petroleum and Petroleum Products Produced in Countries Other Than Iran'', pursuant to Sec. 1245(d)(4)(A) of the National Defense Authorization Act for FY 2012; to the Committee on Energy and Commerce. 736. A letter from the Chair, Advisory Council on Alzheimer's Research, Care, and Services, transmitting the 2015 Recommendations of the Public Members of the Advisory Council on Alzheimer's Research, Care, and Services; to the Committee on Energy and Commerce. 737. A letter from the Assistant Secretary, Energy Efficiency and Renewable Energy, Department of Energy, transmitting the Department's semi-annual Implementation Report on Energy Conservation Standards Activities, pursuant to Sec. 141 of the Energy Policy Act of 2005 and Secs. 305 and 321 of the Energy Independence and Security Act of 2007; to the Committee on Energy and Commerce. 738. A letter from the Director, Regulations Policy and Management Staff, FDA, Department of Health and Human Services, transmitting the Department's final rule -- Medical Device Reporting: Electronic Submission Requirements; Correcting Amendments [Docket No.: FDA-2008-N-0393] (RIN: 0910-AF86) received March 10, 2015, pursuant to 5 U.S.C. 801(a)(1)(A); to the Committee on Energy and Commerce. 739. A letter from the Secretary, Department of Veterans Affairs, transmitting the Department's Vehicle Fleet Report on Alternative Fuel Vehicles for fiscal year 2014, pursuant to 42 U.S.C. 13218; Public Law 102-486, section 310; to the Committee on Energy and Commerce. 740. A letter from the Director, Regulatory Management Division, Environmental Protection Agency, transmitting the Agency's direct final rule -- Revisions to the California State Implementation Plan, South Coast Air Quality Management District and Sacramento Metropolitan Air Quality Management District [EPA-R09-OAR-2014-0851; FRL-9923-07-Region 9] received March 12, 2015, pursuant to 5 U.S.C. 801(a)(1)(A); to the Committee on Energy and Commerce. 741. A letter from the Director, Regulatory Management Division, Environmental Protection Agency, transmitting the Agency's final rule -- National Emission Standards for Hazardous Air Pollutants: Coal- and Oil-Fired Electric Steam Generating Units [EPA-HQ-OAR-2009-0234; FRL-9923-98-OAR] (RIN: 2060-AS39) received March 12, 2015, pursuant to 5 U.S.C. 801(a)(1)(A); to the Committee on Energy and Commerce. 742. A letter from the Director, Regulatory Management Division, Environmental Protection Agency, transmitting the Agency's final rule -- Dimethomorph; Pesticide Tolerance [EPA-HQ-OPP-2014-0483; FRL-9923-59] received March 12, 2015, pursuant to 5 U.S.C. 801(a)(1)(A); to the Committee on Energy and Commerce. 743. A letter from the Director, Regulatory Management Division, Environmental Protection Agency, transmitting the Agency's final rule -- Consolidated Rules of Practice Governing the Administrative Assessment of Civil Penalties, Issuance of Compliance or Corrective Action Orders, and the Revocation, Termination or Suspension of Permits; Correction [EPA-HQ-OECA-2014-0551; FRL-9922-62-OECA] received March 12, 2015, pursuant to 5 U.S.C. 801(a)(1)(A); to the Committee on Energy and Commerce. 744. A letter from the Director, Regulatory Management Division, Environmental Protection Agency, transmitting the Agency's final rule -- Boscalid; Pesticide Tolerances [EPA- HQ-OPP-2013-0797; FRL-9921-01] received March 12, 2015, pursuant to 5 U.S.C. 801(a)(1)(A); to the Committee on Energy and Commerce. 745. A letter from the Director, Regulatory Management Division, Environmental Protection Agency, transmitting the Agency's final rule -- Approval and Promulgation of Implementation Plans; Region 4 States; 2008 Lead, 2008 Ozone and 2010 Nitrogen Dioxide Prevention of Significant Deterioration Infrastructure Plans [EPA-R04-OAR-2014-0610; FRL-9924-47-Region 4] received March 12, 2015, pursuant to 5 U.S.C. 801(a)(1)(A); to the Committee on Energy and Commerce. 746. A letter from the Director, Regulatory Management Division, Environmental Protection Agency, transmitting the Agency's final rule -- Approval and Promulgation of Air Quality Implementation Plans; Indiana; Minor NSR for Title V and FESOP Sources [EPA-R05-OAR-2013-0780; FRL-9924-22-Region 5] received March 12, 2015, pursuant to 5 U.S.C. 801(a)(1)(A); to the Committee on Energy and Commerce. 747. A letter from the Director, Regulatory Management Division, Environmental Protection Agency, transmitting the Agency's final rule -- Approval and Promulgation of Air Quality Implementation Plans; Illinois; Amendments to Gasoline Vapor Recovery Requirements for Illinois [EPA-R05- OAR-2014-0123; FRL-9922-71-Region 5] received March 12, 2015, pursuant to 5 U.S.C. 801(a)(1)(A); to the Committee on Energy and Commerce. 748. A letter from the Director, Regulatory Management Division, Environmental Protection Agency, transmitting the Agency's final rule -- Approval and Promulgation of Air Quality Implementation Plans; Connecticut; Low Emission Vehicle Program [EPA-R01-OAR-2010-0121; A-1-FRL-9915-05- Region 1] received March 12, 2015, pursuant to 5 U.S.C. 801(a)(1)(A); to the Committee on Energy and Commerce. =========================== NOTE =========================== March 13, 2015, on page H1633, the following appeared:748. A letter from the Director, Regulatory Mangement Division, Environmental Protec-tion Agency, transmitting the Agency's final rule Approval and Promulgation of Air Quality Implementation Plans; Connecticut; Low Emission Vehicle Program [EPA-R01- OAR- 2010-0121; A-1-FRL-9915-05-Region 1] re-ceived March 12, 2015, pursuant to 5 U.S.C. 801(a)(1)(A); to the Committee on Energy and Commerce. The online version should be corrected to read:748. A letter from the Director, Regulatory Management Division, Environmental Protec-tion Agency, transmitting the Agency's final rule Approval and Promulgation of Air Quality Implementation Plans; Connecticut; Low Emission Vehicle Program [EPA-R01- OAR-2010-0121; A-1-FRL-9915-05-Region 1] re-ceived March 12, 2015, pursuant to 5 U.S.C. 801(a)(1)(A); to the Committee on Energy and Commerce. ========================= END NOTE ========================= 749. A letter from the Director, Regulatory Management Division, Environmental Protection Agency, transmitting the Agency's Major final rule -- Standards of Performance for New Residential Wood Heaters, New Residential Hydronic Heaters and Forced-Air Furnaces [EPA-HQ-OAR-2009-0734; FRL-9920-50- OAR] (RIN: 2060-AP93) received March 12, 2015, pursuant to 5 U.S.C. 801(a)(1)(A); to the Committee on Energy and Commerce. 750. A letter from the Chief of Staff, Media Bureau, Policy Division, Federal Communications Commission, transmitting the Commission's final rule -- Implementation of Sections 101, 103 and 105 of the STELA Reauthorization Act of 2014 [MB Docket No.: 15-37] received March 6, 2015, pursuant to 5 U.S.C. 801(a)(1)(A); to the Committee on Energy and Commerce. 751. A letter from the Deputy Chief, Public Safety and Homeland Security Bureau, Federal Communications Commission, transmitting the Commission's final rule -- Wireless E911 Location Accuracy Requirements [PS Docket No.: 07-114; FCC 15-9] received March 10, 2015, pursuant to 5 U.S.C. 801(a)(1)(A); to the Committee on Energy and Commerce. 752. A letter from the Chief, Policy and Rules Division, Office of Engineering and Technology, Federal Communications Commission, transmitting the Commission's final rule -- Amendment of Parts 0, 1, 2, and 15 of the Commission's Rules regarding Authorization of Radiofrequency Equipment; Amendment of Part 68 regarding Approval of Terminal Equipment by Telecommunications Certification Bodies [ET Docket No.: 13-44; RM-11652; FCC 14-208] received March 10, 2015, pursuant to 5 U.S.C. 801(a)(1)(A); to the Committee on Energy and Commerce. 753. A letter from the Director, Office of Congressional Affairs, Nuclear Regulatory Commission, transmitting the Commission's final rule -- Interim Staff Guidance -- Reviewing and Assessing the Financial Condition of Operating Power Reactor Licensees, Including Requests for Additional Information (OL/FR-ISG-2014-01) received March 11, 2015, pursuant to 5 U.S.C. 801(a)(1)(A); to the Committee on Energy and Commerce. 754. A letter from the Director, Office of Congressional Affairs, Nuclear Regulatory Commission, transmitting the Commission's final rule -- Final Safety Evaluation for Technical Report NEI 14-05, ``Guidelines for the Use of Accreditation in Lieu of Commercial Grand Surveys for Procurement of Laboratory Calibration and Test Services'', Revision 1 received March 11, 2015, pursuant to 5 U.S.C. 801(a)(1)(A); to the Committee on Energy and Commerce. 755. A letter from the Acting Assistant Secretary, Legislative Affairs, Department of State, transmitting pursuant to Sec. 36(c) of the Arms Export Control Act, certification of a proposed license for the export of defense articles, including technical data, and defense services (Transmittal No. DDTC 14-094); to the Committee on Foreign Affairs. 756. A letter from the Assistant Secretary, Legislative Affairs, Department of State, transmitting pursuant to Sec. 36(c) of the Arms Export Control Act, certification of a proposed license for the export of defense articles, including technical data, and defense services (Transmittal No. DDTC 14-131); to the Committee on Foreign Affairs. 757. A letter from the Assistant Secretary, Legislative Affairs, Department of State, transmitting a determination, pursuant to Sec. 451 of the Foreign Assistance Act of 1961, as amended; to the Committee on Foreign Affairs. 758. A communication from the President of the United States, transmitting notification that the national emergency with respect to Iran, originally declared on March 15, 1995, by Executive Order 12957, as amended and extended, is to continue in effect beyond March 15, 2014, pursuant to 50 U.S.C. [[Page H1634]] 1622(d); (H. Doc. No. 114--17); to the Committee on Foreign Affairs and ordered to be printed. 759. A letter from the District of Columbia Auditor, Auditor, transmitting a report entitled ``Certified Business Enterprise Expenditures of Public-Private Development Construction Projects for Fiscal Year 2014''; to the Committee on Oversight and Government Reform. 760. A letter from the Associate General Counsel for General Law, Department of Homeland Security, transmitting a report pursuant to the Federal Vacancies Reform Act of 1998; to the Committee on Oversight and Government Reform. 761. A letter from the Director, Office of Federal Contract Compliance Programs, Department of Labor, transmitting the Department's final rule -- Implementation of Executive Order 13672 Prohibiting Discrimination Based on Sexual Orientation and Gender Identity by Contractors and Subcontractors (RIN: 1250-AA07) received March 3, 2015, pursuant to 5 U.S.C. 801(a)(1)(A); to the Committee on Oversight and Government Reform. 762. A letter from the Chairman, National Credit Union Administration, transmitting the final version of the NCUA 2015-2016 Annual Performance Plan; to the Committee on Oversight and Government Reform. 763. A letter from the Chairman, National Endowment for the Arts, transmitting the Endowment's annual report for FY 2014 prepared in accordance with Sec. 203 of the Notification and Federal Employee Antidiscrimination and Retaliation Act of 2002 (No FEAR Act), Pub. L. 107-174; to the Committee on Oversight and Government Reform. 764. A letter from the Assistant Attorney General, Office of Legislative Affairs, Department of Justice, transmitting five reports pursuant to the Federal Vacancies Reform Act of 1998; to the Committee on Oversight and Government Reform. 765. A letter from the Chief, Branch of Recovery and State Grants, U.S. Fish and Wildlife Service, Department of Interior, transmitting the Department's final rule -- Endangered and Threatened Wildlife and Plants; Removing the Oregon Chub From the Federal List of Endangered and Threatened Wildlife [Docket No.: FWS-R1-ES-2014-0002] (RIN: 1018-BA28) received March 10, 2015, pursuant to 5 U.S.C. 801(a)(1)(A); to the Committee on Natural Resources. 766. A letter from the Chief, Branch of Listing, U.S. Fish and Wildlife Service, Department of the Interior, transmitting the Department's final rule -- Endangered and Threatened Wildlife and Plants; Adding Five Species of Sawfish to the List of Endangered and Threatened Wildlife [Docket No.: FWS-HQ-ES-2014-0066; 4500030113] (RIN: 1018- BA68) received March 10, 2015, pursuant to 5 U.S.C. 801(a)(1)(A); to the Committee on Natural Resources. 767. A letter from the Chief, Branch of Aquatic Invasive Species, U.S. Fish and Wildlife Service, Department of the Interior, transmitting the Department's final rule -- Injurious Wildlife Species; Listing Three Anaconda Species and One Python Species as Injurious Reptiles [Docket No.: FWS-R9-FHC-2008-0015] (RIN: 1018-AV68) received March 10, 2015, pursuant to 5 U.S.C. 801(a)(1)(A); to the Committee on Natural Resources. 768. A letter from the Chief, Branch of Recovery and State Grants, U.S. Fish and Wildlife Service, Department of the Interior, transmitting the Department's final rule -- Endangered and Threatened Wildlife and Plants; Reinstatement of Final Rules for the Gray Wolf in Wyoming and the Western Great Lakes in Compliance With Court Orders [Docket No.: FWS- R6-ES-2014-0059; FXES11130900000C2-156-FF09E42000] (RIN: 1018-BA64) received March 10, 2015, pursuant to 5 U.S.C. 801(a)(1)(A); to the Committee on Natural Resources. 769. A letter from the Wildlife Biologist, U.S. Fish and Wildlife Service, Department of the Interior, transmitting the Department's final rule -- Migratory Bird Subsistence Harvest in Alaska; Harvest Regulations for Migratory Birds in Alaska During the 2015 Season [Docket No.: FWS-R7-MB-2014- 0036] (RIN: 1018-BA48) received March 10, 2015, pursuant to 5 U.S.C. 801(a)(1)(A); to the Committee on Natural Resources. 770. A letter from the Acting Director, Office of Sustainable Fisheries, NMFS, National Oceanic and Atmospheric Administration, transmitting the Administration's temporary rule -- Fisheries of the Exclusive Economic Zone Off Alaska; Atka Mackerel in the Bering Sea and Aleutian Islands Management Area [Docket No.: 131021878-4158-02] (RIN: 0648- XD747) received March 11, 2015, pursuant to 5 U.S.C. 801(a)(1)(A); to the Committee on Natural Resources. 771. A letter from the Acting Director, Office of Sustainable Fisheries, NMFS, National Oceanic and Atmospheric Administration, transmitting the Administration's temporary rule -- Magnuson-Stevens Act Provisions; Fisheries Off West Coast States; Pacific Coast Groundfish Fishery; Pacific Whiting Allocations and Fishery Closure; Pacific Whiting Seasons [Docket No.: 131119977-4381-02] (RIN: 0648-XD640) received March 11, 2015, pursuant to 5 U.S.C. 801(a)(1)(A); to the Committee on Natural Resources. 772. A letter from the Acting Director, Office of Sustainable Fisheries, NMFS, National Oceanic and Atmospheric Administration, transmitting the Administration's temporary rule -- Reef Fish Fishery of the Gulf of Mexico; 2015 Recreational Accountability Measures for Gray Triggerfish in the Gulf of Mexico; Reduced Annual Catch Limit and Annual Catch Target and Closure [Docket No.: 121004518-3398-01] (RIN: 0648-XD723) received March 11, 2015, pursuant to 5 U.S.C. 801(a)(1)(A); to the Committee on Natural Resources. 773. A letter from the Acting Director, Office of Sustainable Fisheries, NMFS, National Oceanic and Atmospheric Administration, transmitting the Administration's temporary rule -- Fisheries of the Exclusive Economic Zone Off Alaska; Pacific Cod by Vessels Using Pot Gear in the Western Regulatory Area of the Gulf of Alaska [Docket No.: 130925836- 4174-02] (RIN: 0648-XD715) received March 10, 2015, pursuant to 5 U.S.C. 801(a)(1)(A); to the Committee on Natural Resources. 774. A letter from the Deputy Assistant Administrator for Regulatory Programs, NMFS, National Oceanic and Atmospheric Administration, transmitting the Administration's final rule -- Fisheries Off West Coast States; Coastal Pelagic Species Fisheries; Annual Specifications [Docket No.: 140811659-5070- 02] (RIN: 0648-XD437) received March 10, 2015, pursuant to 5 U.S.C. 801(a)(1)(A); to the Committee on Natural Resources. 775. A communication from the President of the United States, transmitting an agreement between the Government of the United States and the Government of the Russian Federation Extending the Agreement Between the Government of the United States and the Government of Soviet Socialist Republics on Mutual Fisheries Relations of May 31, 1988, with annex, as extended; (H. Doc. No. 114--18); to the Committee on Natural Resources and ordered to be printed. 776. A letter from the Assistant Attorney General, Office of Legislative Affairs, Department of Justice, transmitting the AFT 2014 PACT Act Report, pursuant to the Prevent All Cigarette Trafficking Act of 2009, pursuant to Pub. L. 111- 154, 15 U.S.C. 378(f), covering the period February 28, 2013, through October 15, 2014; to the Committee on the Judiciary. 777. A letter from the Assistant Secretary for Legislation, Department of Health and Human Services, transmitting the ``Office of Refugee Resettlement: Annual Report to Congress, FY 2013'', pursuant to 8 U.S.C. 1523(a); to the Committee on the Judiciary. 778. A letter from the Vice President, Government Affairs and Corporate Communications, Amtrak, transmitting Amtrak's FY 2016 Grant Request package and FY 2016 General and Legislative Annual Report, pursuant to 49 U.S.C. 24315(b); to the Committee on Transportation and Infrastructure. 779. A letter from the Secretary, Department of Transportation, transmitting the Department's 2015 annual ``Report to Congress from the Intelligent Transportation Systems Program Advisory Committee'', pursuant to Sec. 53003 of the Moving Ahead for Progress in the 21st Century Act (MAP-21); to the Committee on Transportation and Infrastructure. 780. A letter from the Assistant Chief Counsel for PHMSA, Department of Transportation, transmitting the Department's final rule -- Pipeline Safety: Miscellaneous Changes to Pipeline Safety Regulations [Docket No.: PHMSA-2010-0026; Amdt. Nos.: 191-23; 192-120; 195-100] (RIN: 2137-AE59) received March 11, 2015, pursuant to 5 U.S.C. 801(a)(1)(A); to the Committee on Transportation and Infrastructure. 781. A letter from the Chief, Impact Analyst, Regulation Policy and Management, Office of the General Counsel (02 REG), Acquisition, Department of Veterans Affairs, transmitting the Department's final rule -- Department of Veterans Affairs Acquisition Regulation: Service-Disabled Veteran-Owned and Veteran-Owned Small Business Status Protests (RIN: 2900-AM92) received March 10, 2015, pursuant to 5 U.S.C. 801(a)(1)(A); to the Committee on Veterans' Affairs. 782. A letter from the Chief, Trade and Commercial Regulations Branch, Customs and Border Protection, Department of Homeland Security, transmitting the Department's final rule -- Extension of Import Restrictions Imposed on Certain Categories of Archaeological Material From the Pre-Hispanic Cultures of the Republic of El Salvador (RIN: 1515-AE01) received March 9, 2015, pursuant to 5 U.S.C. 801(a)(1)(A); to the Committee on Ways and Means. 783. A letter from the Deputy Secretary, Department of Veterans Affairs; and the Under Secretary, Personnel and Readiness, Department of Defense, transmitting the FY 2014 report on the activities of the Extremity Trauma and Amputation Center of Excellence (EACE), pursuant to Sec. 723 of the Duncan Hunter National Defense Authorization Act of FY 2009, Pub. L. 110-417; jointly to the Committees on Armed Services and Veterans' Affairs. 784. A letter from the Under Secretary, Personnel and Readiness, Department of Defense, transmitting the ``National Security Education Program (NSEP) 2014 Annual Report'', pursuant to 50 U.S.C. 1906(a); jointly to the Committees on Intelligence (Permanent Select) and Education and the Workforce. ____________________",,"[Congressional Record Volume 161, Number 43 (Friday, March 13, 2015)] [House] [Pages H1632-H1634] From the Congressional Record Online through the Government Publishing Office [ www.gpo.gov ] EXECUTIVE COMMUNICATIONS, ETC. Under clause 2 of rule XIV, executive communications were taken from the Speaker's table and referred as follows: 724. A letter from the Administrator, Rural Business- Cooperative Service, Department of Agriculture, transmitting the Department's direct final rule -- Rural Development Loan Servicing (RIN: 0570-AA88) received March 6, 2015, pursuant to 5 U.S.C. 801(a)(1)(A); to the Committee on Agriculture. 725. A letter from the Board Chair and CEO, Office of General Counsel, Farm Credit Administration, transmitting the Administration's final rule -- Disclosure to Shareholders; Pension Benefit Disclosures (RIN: 3052-AD02) received March 9, 2015, pursuant to 5 U.S.C. 801(a)(1)(A); to the Committee on Agriculture. 726. A letter from the Under Secretary, Acquisition, Technology and Logistics, Department of Defense, transmitting the National Defense Stockpile (NDS) Annual Materials Plan (AMP) for Fiscal Year 2016 and for the succeeding four years, FY 2017-2020, pursuant to 50 U.S.C. 98h-2; to the Committee on Armed Services. 727. A letter from the Under Secretary, Acquisition, Technology and Logistics, Department of Defense, transmitting the ``Strategic and Critical Materials 2015 Report on Stockpile Requirements'', pursuant to 50 U.S.C. 98h-5; to the Committee on Armed Services. 728. A letter from the Under Secretary, Acquisition, Technology, and Logistics, Department of Defense, transmitting the ``Strategic and Critical Materials Operations Report to Congress: Operations Under the Strategic and Critical Materials Stockpiling Act During Fiscal Year 2014'', pursuant to 50 U.S.C. 98 et seq; to the Committee on Armed Services. 729. A letter from the Under Secretary, Acquisition, Technology, and Logistics, Department of Defense, transmitting the Department of Defense Chemical Demilitarization Program Semi-Annual Report to Congress for March 2015, pursuant to 50 U.S.C. 1521(j), as amended by Sec. 1421 of the National Defense Authorization Act for Fiscal Year 2013; to the Committee on Armed Services. [[Page H1633]] 730. A letter from the Under Secretary, Personnel and Readiness, Department of Defense, transmitting a letter notifying that the Department intends to assign women to certain previously closed positions in the Army, pursuant to 10 U.S.C. 652; to the Committee on Armed Services. 731. A letter from the Chief Counsel, FEMA, Department of Homeland Security, transmitting the Department's final rule -- Suspension of Community Eligibility (Richmond County, VA, et al.) [Docket ID: FEMA-2015-0001] [Internal Agency Docket No.: FEMA-8375] received March 11, 2015, pursuant to 5 U.S.C. 801(a)(1)(A); to the Committee on Financial Services. 732. A letter from the Chief Counsel, FEMA, Department of Homeland Security, transmitting the Department's final rule -- Suspension of Community Eligibility (Jefferson County, IN, et al.) [Docket ID: FEMA-2015-0001] [Internal Agency Docket No.: FEMA-8373] received March 11, 2015, pursuant to 5 U.S.C. 801(a)(1)(A); to the Committee on Financial Services. 733. A letter from the Associate General Counsel for Legislation and Regulations, Department of Housing and Urban Development, transmitting the Department's final rule -- Removal of Obsolete Section 8 Rental Assistance Certificate Program Regulations [Docket No.: FR-5827-F-01] (RIN: 2577- AC93) received March 10, 2015, pursuant to 5 U.S.C. 801(a)(1)(A); to the Committee on Financial Services. 734. A letter from the General Counsel, Federal Housing Finance Agency, transmitting the Agency's final rule -- Federal Home Loan Bank Capital Stock and Capital Plans (RIN: 2590-AA71) received March 6, 2015, pursuant to 5 U.S.C. 801(a)(1)(A); to the Committee on Financial Services. 735. A letter from the Administrator, U.S. Energy Information Administration, Department of Energy, transmitting the nineteenth report on ``The Availability and Price of Petroleum and Petroleum Products Produced in Countries Other Than Iran'', pursuant to Sec. 1245(d)(4)(A) of the National Defense Authorization Act for FY 2012; to the Committee on Energy and Commerce. 736. A letter from the Chair, Advisory Council on Alzheimer's Research, Care, and Services, transmitting the 2015 Recommendations of the Public Members of the Advisory Council on Alzheimer's Research, Care, and Services; to the Committee on Energy and Commerce. 737. A letter from the Assistant Secretary, Energy Efficiency and Renewable Energy, Department of Energy, transmitting the Department's semi-annual Implementation Report on Energy Conservation Standards Activities, pursuant to Sec. 141 of the Energy Policy Act of 2005 and Secs. 305 and 321 of the Energy Independence and Security Act of 2007; to the Committee on Energy and Commerce. 738. A letter from the Director, Regulations Policy and Management Staff, FDA, Department of Health and Human Services, transmitting the Department's final rule -- Medical Device Reporting: Electronic Submission Requirements; Correcting Amendments [Docket No.: FDA-2008-N-0393] (RIN: 0910-AF86) received March 10, 2015, pursuant to 5 U.S.C. 801(a)(1)(A); to the Committee on Energy and Commerce. 739. A letter from the Secretary, Department of Veterans Affairs, transmitting the Department's Vehicle Fleet Report on Alternative Fuel Vehicles for fiscal year 2014, pursuant to 42 U.S.C. 13218; Public Law 102-486, section 310; to the Committee on Energy and Commerce. 740. A letter from the Director, Regulatory Management Division, Environmental Protection Agency, transmitting the Agency's direct final rule -- Revisions to the California State Implementation Plan, South Coast Air Quality Management District and Sacramento Metropolitan Air Quality Management District [EPA-R09-OAR-2014-0851; FRL-9923-07-Region 9] received March 12, 2015, pursuant to 5 U.S.C. 801(a)(1)(A); to the Committee on Energy and Commerce. 741. A letter from the Director, Regulatory Management Division, Environmental Protection Agency, transmitting the Agency's final rule -- National Emission Standards for Hazardous Air Pollutants: Coal- and Oil-Fired Electric Steam Generating Units [EPA-HQ-OAR-2009-0234; FRL-9923-98-OAR] (RIN: 2060-AS39) received March 12, 2015, pursuant to 5 U.S.C. 801(a)(1)(A); to the Committee on Energy and Commerce. 742. A letter from the Director, Regulatory Management Division, Environmental Protection Agency, transmitting the Agency's final rule -- Dimethomorph; Pesticide Tolerance [EPA-HQ-OPP-2014-0483; FRL-9923-59] received March 12, 2015, pursuant to 5 U.S.C. 801(a)(1)(A); to the Committee on Energy and Commerce. 743. A letter from the Director, Regulatory Management Division, Environmental Protection Agency, transmitting the Agency's final rule -- Consolidated Rules of Practice Governing the Administrative Assessment of Civil Penalties, Issuance of Compliance or Corrective Action Orders, and the Revocation, Termination or Suspension of Permits; Correction [EPA-HQ-OECA-2014-0551; FRL-9922-62-OECA] received March 12, 2015, pursuant to 5 U.S.C. 801(a)(1)(A); to the Committee on Energy and Commerce. 744. A letter from the Director, Regulatory Management Division, Environmental Protection Agency, transmitting the Agency's final rule -- Boscalid; Pesticide Tolerances [EPA- HQ-OPP-2013-0797; FRL-9921-01] received March 12, 2015, pursuant to 5 U.S.C. 801(a)(1)(A); to the Committee on Energy and Commerce. 745. A letter from the Director, Regulatory Management Division, Environmental Protection Agency, transmitting the Agency's final rule -- Approval and Promulgation of Implementation Plans; Region 4 States; 2008 Lead, 2008 Ozone and 2010 Nitrogen Dioxide Prevention of Significant Deterioration Infrastructure Plans [EPA-R04-OAR-2014-0610; FRL-9924-47-Region 4] received March 12, 2015, pursuant to 5 U.S.C. 801(a)(1)(A); to the Committee on Energy and Commerce. 746. A letter from the Director, Regulatory Management Division, Environmental Protection Agency, transmitting the Agency's final rule -- Approval and Promulgation of Air Quality Implementation Plans; Indiana; Minor NSR for Title V and FESOP Sources [EPA-R05-OAR-2013-0780; FRL-9924-22-Region 5] received March 12, 2015, pursuant to 5 U.S.C. 801(a)(1)(A); to the Committee on Energy and Commerce. 747. A letter from the Director, Regulatory Management Division, Environmental Protection Agency, transmitting the Agency's final rule -- Approval and Promulgation of Air Quality Implementation Plans; Illinois; Amendments to Gasoline Vapor Recovery Requirements for Illinois [EPA-R05- OAR-2014-0123; FRL-9922-71-Region 5] received March 12, 2015, pursuant to 5 U.S.C. 801(a)(1)(A); to the Committee on Energy and Commerce. 748. A letter from the Director, Regulatory Management Division, Environmental Protection Agency, transmitting the Agency's final rule -- Approval and Promulgation of Air Quality Implementation Plans; Connecticut; Low Emission Vehicle Program [EPA-R01-OAR-2010-0121; A-1-FRL-9915-05- Region 1] received March 12, 2015, pursuant to 5 U.S.C. 801(a)(1)(A); to the Committee on Energy and Commerce. =========================== NOTE =========================== March 13, 2015, on page H1633, the following appeared:748. A letter from the Director, Regulatory Mangement Division, Environmental Protec-tion Agency, transmitting the Agency's final rule Approval and Promulgation of Air Quality Implementation Plans; Connecticut; Low Emission Vehicle Program [EPA-R01- OAR- 2010-0121; A-1-FRL-9915-05-Region 1] re-ceived March 12, 2015, pursuant to 5 U.S.C. 801(a)(1)(A); to the Committee on Energy and Commerce. The online version should be corrected to read:748. A letter from the Director, Regulatory Management Division, Environmental Protec-tion Agency, transmitting the Agency's final rule Approval and Promulgation of Air Quality Implementation Plans; Connecticut; Low Emission Vehicle Program [EPA-R01- OAR-2010-0121; A-1-FRL-9915-05-Region 1] re-ceived March 12, 2015, pursuant to 5 U.S.C. 801(a)(1)(A); to the Committee on Energy and Commerce. ========================= END NOTE ========================= 749. A letter from the Director, Regulatory Management Division, Environmental Protection Agency, transmitting the Agency's Major final rule -- Standards of Performance for New Residential Wood Heaters, New Residential Hydronic Heaters and Forced-Air Furnaces [EPA-HQ-OAR-2009-0734; FRL-9920-50- OAR] (RIN: 2060-AP93) received March 12, 2015, pursuant to 5 U.S.C. 801(a)(1)(A); to the Committee on Energy and Commerce. 750. A letter from the Chief of Staff, Media Bureau, Policy Division, Federal Communications Commission, transmitting the Commission's final rule -- Implementation of Sections 101, 103 and 105 of the STELA Reauthorization Act of 2014 [MB Docket No.: 15-37] received March 6, 2015, pursuant to 5 U.S.C. 801(a)(1)(A); to the Committee on Energy and Commerce. 751. A letter from the Deputy Chief, Public Safety and Homeland Security Bureau, Federal Communications Commission, transmitting the Commission's final rule -- Wireless E911 Location Accuracy Requirements [PS Docket No.: 07-114; FCC 15-9] received March 10, 2015, pursuant to 5 U.S.C. 801(a)(1)(A); to the Committee on Energy and Commerce. 752. A letter from the Chief, Policy and Rules Division, Office of Engineering and Technology, Federal Communications Commission, transmitting the Commission's final rule -- Amendment of Parts 0, 1, 2, and 15 of the Commission's Rules regarding Authorization of Radiofrequency Equipment; Amendment of Part 68 regarding Approval of Terminal Equipment by Telecommunications Certification Bodies [ET Docket No.: 13-44; RM-11652; FCC 14-208] received March 10, 2015, pursuant to 5 U.S.C. 801(a)(1)(A); to the Committee on Energy and Commerce. 753. A letter from the Director, Office of Congressional Affairs, Nuclear Regulatory Commission, transmitting the Commission's final rule -- Interim Staff Guidance -- Reviewing and Assessing the Financial Condition of Operating Power Reactor Licensees, Including Requests for Additional Information (OL/FR-ISG-2014-01) received March 11, 2015, pursuant to 5 U.S.C. 801(a)(1)(A); to the Committee on Energy and Commerce. 754. A letter from the Director, Office of Congressional Affairs, Nuclear Regulatory Commission, transmitting the Commission's final rule -- Final Safety Evaluation for Technical Report NEI 14-05, ``Guidelines for the Use of Accreditation in Lieu of Commercial Grand Surveys for Procurement of Laboratory Calibration and Test Services'', Revision 1 received March 11, 2015, pursuant to 5 U.S.C. 801(a)(1)(A); to the Committee on Energy and Commerce. 755. A letter from the Acting Assistant Secretary, Legislative Affairs, Department of State, transmitting pursuant to Sec. 36(c) of the Arms Export Control Act, certification of a proposed license for the export of defense articles, including technical data, and defense services (Transmittal No. DDTC 14-094); to the Committee on Foreign Affairs. 756. A letter from the Assistant Secretary, Legislative Affairs, Department of State, transmitting pursuant to Sec. 36(c) of the Arms Export Control Act, certification of a proposed license for the export of defense articles, including technical data, and defense services (Transmittal No. DDTC 14-131); to the Committee on Foreign Affairs. 757. A letter from the Assistant Secretary, Legislative Affairs, Department of State, transmitting a determination, pursuant to Sec. 451 of the Foreign Assistance Act of 1961, as amended; to the Committee on Foreign Affairs. 758. A communication from the President of the United States, transmitting notification that the national emergency with respect to Iran, originally declared on March 15, 1995, by Executive Order 12957, as amended and extended, is to continue in effect beyond March 15, 2014, pursuant to 50 U.S.C. [[Page H1634]] 1622(d); (H. Doc. No. 114--17); to the Committee on Foreign Affairs and ordered to be printed. 759. A letter from the District of Columbia Auditor, Auditor, transmitting a report entitled ``Certified Business Enterprise Expenditures of Public-Private Development Construction Projects for Fiscal Year 2014''; to the Committee on Oversight and Government Reform. 760. A letter from the Associate General Counsel for General Law, Department of Homeland Security, transmitting a report pursuant to the Federal Vacancies Reform Act of 1998; to the Committee on Oversight and Government Reform. 761. A letter from the Director, Office of Federal Contract Compliance Programs, Department of Labor, transmitting the Department's final rule -- Implementation of Executive Order 13672 Prohibiting Discrimination Based on Sexual Orientation and Gender Identity by Contractors and Subcontractors (RIN: 1250-AA07) received March 3, 2015, pursuant to 5 U.S.C. 801(a)(1)(A); to the Committee on Oversight and Government Reform. 762. A letter from the Chairman, National Credit Union Administration, transmitting the final version of the NCUA 2015-2016 Annual Performance Plan; to the Committee on Oversight and Government Reform. 763. A letter from the Chairman, National Endowment for the Arts, transmitting the Endowment's annual report for FY 2014 prepared in accordance with Sec. 203 of the Notification and Federal Employee Antidiscrimination and Retaliation Act of 2002 (No FEAR Act), Pub. L. 107-174; to the Committee on Oversight and Government Reform. 764. A letter from the Assistant Attorney General, Office of Legislative Affairs, Department of Justice, transmitting five reports pursuant to the Federal Vacancies Reform Act of 1998; to the Committee on Oversight and Government Reform. 765. A letter from the Chief, Branch of Recovery and State Grants, U.S. Fish and Wildlife Service, Department of Interior, transmitting the Department's final rule -- Endangered and Threatened Wildlife and Plants; Removing the Oregon Chub From the Federal List of Endangered and Threatened Wildlife [Docket No.: FWS-R1-ES-2014-0002] (RIN: 1018-BA28) received March 10, 2015, pursuant to 5 U.S.C. 801(a)(1)(A); to the Committee on Natural Resources. 766. A letter from the Chief, Branch of Listing, U.S. Fish and Wildlife Service, Department of the Interior, transmitting the Department's final rule -- Endangered and Threatened Wildlife and Plants; Adding Five Species of Sawfish to the List of Endangered and Threatened Wildlife [Docket No.: FWS-HQ-ES-2014-0066; 4500030113] (RIN: 1018- BA68) received March 10, 2015, pursuant to 5 U.S.C. 801(a)(1)(A); to the Committee on Natural Resources. 767. A letter from the Chief, Branch of Aquatic Invasive Species, U.S. Fish and Wildlife Service, Department of the Interior, transmitting the Department's final rule -- Injurious Wildlife Species; Listing Three Anaconda Species and One Python Species as Injurious Reptiles [Docket No.: FWS-R9-FHC-2008-0015] (RIN: 1018-AV68) received March 10, 2015, pursuant to 5 U.S.C. 801(a)(1)(A); to the Committee on Natural Resources. 768. A letter from the Chief, Branch of Recovery and State Grants, U.S. Fish and Wildlife Service, Department of the Interior, transmitting the Department's final rule -- Endangered and Threatened Wildlife and Plants; Reinstatement of Final Rules for the Gray Wolf in Wyoming and the Western Great Lakes in Compliance With Court Orders [Docket No.: FWS- R6-ES-2014-0059; FXES11130900000C2-156-FF09E42000] (RIN: 1018-BA64) received March 10, 2015, pursuant to 5 U.S.C. 801(a)(1)(A); to the Committee on Natural Resources. 769. A letter from the Wildlife Biologist, U.S. Fish and Wildlife Service, Department of the Interior, transmitting the Department's final rule -- Migratory Bird Subsistence Harvest in Alaska; Harvest Regulations for Migratory Birds in Alaska During the 2015 Season [Docket No.: FWS-R7-MB-2014- 0036] (RIN: 1018-BA48) received March 10, 2015, pursuant to 5 U.S.C. 801(a)(1)(A); to the Committee on Natural Resources. 770. A letter from the Acting Director, Office of Sustainable Fisheries, NMFS, National Oceanic and Atmospheric Administration, transmitting the Administration's temporary rule -- Fisheries of the Exclusive Economic Zone Off Alaska; Atka Mackerel in the Bering Sea and Aleutian Islands Management Area [Docket No.: 131021878-4158-02] (RIN: 0648- XD747) received March 11, 2015, pursuant to 5 U.S.C. 801(a)(1)(A); to the Committee on Natural Resources. 771. A letter from the Acting Director, Office of Sustainable Fisheries, NMFS, National Oceanic and Atmospheric Administration, transmitting the Administration's temporary rule -- Magnuson-Stevens Act Provisions; Fisheries Off West Coast States; Pacific Coast Groundfish Fishery; Pacific Whiting Allocations and Fishery Closure; Pacific Whiting Seasons [Docket No.: 131119977-4381-02] (RIN: 0648-XD640) received March 11, 2015, pursuant to 5 U.S.C. 801(a)(1)(A); to the Committee on Natural Resources. 772. A letter from the Acting Director, Office of Sustainable Fisheries, NMFS, National Oceanic and Atmospheric Administration, transmitting the Administration's temporary rule -- Reef Fish Fishery of the Gulf of Mexico; 2015 Recreational Accountability Measures for Gray Triggerfish in the Gulf of Mexico; Reduced Annual Catch Limit and Annual Catch Target and Closure [Docket No.: 121004518-3398-01] (RIN: 0648-XD723) received March 11, 2015, pursuant to 5 U.S.C. 801(a)(1)(A); to the Committee on Natural Resources. 773. A letter from the Acting Director, Office of Sustainable Fisheries, NMFS, National Oceanic and Atmospheric Administration, transmitting the Administration's temporary rule -- Fisheries of the Exclusive Economic Zone Off Alaska; Pacific Cod by Vessels Using Pot Gear in the Western Regulatory Area of the Gulf of Alaska [Docket No.: 130925836- 4174-02] (RIN: 0648-XD715) received March 10, 2015, pursuant to 5 U.S.C. 801(a)(1)(A); to the Committee on Natural Resources. 774. A letter from the Deputy Assistant Administrator for Regulatory Programs, NMFS, National Oceanic and Atmospheric Administration, transmitting the Administration's final rule -- Fisheries Off West Coast States; Coastal Pelagic Species Fisheries; Annual Specifications [Docket No.: 140811659-5070- 02] (RIN: 0648-XD437) received March 10, 2015, pursuant to 5 U.S.C. 801(a)(1)(A); to the Committee on Natural Resources. 775. A communication from the President of the United States, transmitting an agreement between the Government of the United States and the Government of the Russian Federation Extending the Agreement Between the Government of the United States and the Government of Soviet Socialist Republics on Mutual Fisheries Relations of May 31, 1988, with annex, as extended; (H. Doc. No. 114--18); to the Committee on Natural Resources and ordered to be printed. 776. A letter from the Assistant Attorney General, Office of Legislative Affairs, Department of Justice, transmitting the AFT 2014 PACT Act Report, pursuant to the Prevent All Cigarette Trafficking Act of 2009, pursuant to Pub. L. 111- 154, 15 U.S.C. 378(f), covering the period February 28, 2013, through October 15, 2014; to the Committee on the Judiciary. 777. A letter from the Assistant Secretary for Legislation, Department of Health and Human Services, transmitting the ``Office of Refugee Resettlement: Annual Report to Congress, FY 2013'', pursuant to 8 U.S.C. 1523(a); to the Committee on the Judiciary. 778. A letter from the Vice President, Government Affairs and Corporate Communications, Amtrak, transmitting Amtrak's FY 2016 Grant Request package and FY 2016 General and Legislative Annual Report, pursuant to 49 U.S.C. 24315(b); to the Committee on Transportation and Infrastructure. 779. A letter from the Secretary, Department of Transportation, transmitting the Department's 2015 annual ``Report to Congress from the Intelligent Transportation Systems Program Advisory Committee'', pursuant to Sec. 53003 of the Moving Ahead for Progress in the 21st Century Act (MAP-21); to the Committee on Transportation and Infrastructure. 780. A letter from the Assistant Chief Counsel for PHMSA, Department of Transportation, transmitting the Department's final rule -- Pipeline Safety: Miscellaneous Changes to Pipeline Safety Regulations [Docket No.: PHMSA-2010-0026; Amdt. Nos.: 191-23; 192-120; 195-100] (RIN: 2137-AE59) received March 11, 2015, pursuant to 5 U.S.C. 801(a)(1)(A); to the Committee on Transportation and Infrastructure. 781. A letter from the Chief, Impact Analyst, Regulation Policy and Management, Office of the General Counsel (02 REG), Acquisition, Department of Veterans Affairs, transmitting the Department's final rule -- Department of Veterans Affairs Acquisition Regulation: Service-Disabled Veteran-Owned and Veteran-Owned Small Business Status Protests (RIN: 2900-AM92) received March 10, 2015, pursuant to 5 U.S.C. 801(a)(1)(A); to the Committee on Veterans' Affairs. 782. A letter from the Chief, Trade and Commercial Regulations Branch, Customs and Border Protection, Department of Homeland Security, transmitting the Department's final rule -- Extension of Import Restrictions Imposed on Certain Categories of Archaeological Material From the Pre-Hispanic Cultures of the Republic of El Salvador (RIN: 1515-AE01) received March 9, 2015, pursuant to 5 U.S.C. 801(a)(1)(A); to the Committee on Ways and Means. 783. A letter from the Deputy Secretary, Department of Veterans Affairs; and the Under Secretary, Personnel and Readiness, Department of Defense, transmitting the FY 2014 report on the activities of the Extremity Trauma and Amputation Center of Excellence (EACE), pursuant to Sec. 723 of the Duncan Hunter National Defense Authorization Act of FY 2009, Pub. L. 110-417; jointly to the Committees on Armed Services and Veterans' Affairs. 784. A letter from the Under Secretary, Personnel and Readiness, Department of Defense, transmitting the ``National Security Education Program (NSEP) 2014 Annual Report'', pursuant to 50 U.S.C. 1906(a); jointly to the Committees on Intelligence (Permanent Select) and Education and the Workforce. ____________________",https://api.govinfo.gov/related/CREC-2015-03-13-pt1-PgH1632-2,CREC,Proceedings of Congress and General Congressional Publications,2025-03-07T17:29:07Z,Congressional Record,package_114_42.csv,24193,0,24193,"[congressional record volume 161, number 43 (friday, march 13, 2015)] [house] [pages h1632-h1634] from the congressional record online through the government publishing office [ www.gpo.gov ] executive communications, etc. under clause 2 of rule xiv, executive communications were taken from the speaker's table and referred as follows: 724. a letter from the administrator, rural business- cooperative service, department of agriculture, transmitting the department's direct final rule -- rural development loan servicing (rin: 0570-aa88) received march 6, 2015, pursuant to 5 u.s.c. 801(a)(1)(a); to the committee on agriculture. 725. a letter from the board chair and ceo, office of general counsel, farm credit administration, transmitting the administration's final rule -- disclosure to shareholders; pension benefit disclosures (rin: 3052-ad02) received march 9, 2015, pursuant to 5 u.s.c. 801(a)(1)(a); to the committee on agriculture. 726. a letter from the under secretary, acquisition, technology and logistics, department of defense, transmitting the national defense stockpile (nds) annual materials plan (amp) for fiscal year 2016 and for the succeeding four years, fy 2017-2020, pursuant to 50 u.s.c. 98h-2; to the committee on armed services. 727. a letter from the under secretary, acquisition, technology and logistics, department of defense, transmitting the ``strategic and critical materials 2015 report on stockpile requirements'', pursuant to 50 u.s.c. 98h-5; to the committee on armed services. 728. a letter from the under secretary, acquisition, technology, and logistics, department of defense, transmitting the ``strategic and critical materials operations report to congress: operations under the strategic and critical materials stockpiling act during fiscal year 2014'', pursuant to 50 u.s.c. 98 et seq; to the committee on armed services. 729. a letter from the under secretary, acquisition, technology, and logistics, department of defense, transmitting the department of defense chemical demilitarization program semi-annual report to congress for march 2015, pursuant to 50 u.s.c. 1521(j), as amended by sec. 1421 of the national defense authorization act for fiscal year 2013; to the committee on armed services. [[page h1633]] 730. a letter from the under secretary, personnel and readiness, department of defense, transmitting a letter notifying that the department intends to assign women to certain previously closed positions in the army, pursuant to 10 u.s.c. 652; to the committee on armed services. 731. a letter from the chief counsel, fema, department of homeland security, transmitting the department's final rule -- suspension of community eligibility (richmond county, va, et al.) [docket id: fema-2015-0001] [internal agency docket no.: fema-8375] received march 11, 2015, pursuant to 5 u.s.c. 801(a)(1)(a); to the committee on financial services. 732. a letter from the chief counsel, fema, department of homeland security, transmitting the department's final rule -- suspension of community eligibility (jefferson county, in, et al.) [docket id: fema-2015-0001] [internal agency docket no.: fema-8373] received march 11, 2015, pursuant to 5 u.s.c. 801(a)(1)(a); to the committee on financial services. 733. a letter from the associate general counsel for legislation and regulations, department of housing and urban development, transmitting the department's final rule -- removal of obsolete section 8 rental assistance certificate program regulations [docket no.: fr-5827-f-01] (rin: 2577- ac93) received march 10, 2015, pursuant to 5 u.s.c. 801(a)(1)(a); to the committee on financial services. 734. a letter from the general counsel, federal housing finance agency, transmitting the agency's final rule -- federal home loan bank capital stock and capital plans (rin: 2590-aa71) received march 6, 2015, pursuant to 5 u.s.c. 801(a)(1)(a); to the committee on financial services. 735. a letter from the administrator, u.s. energy information administration, department of energy, transmitting the nineteenth report on ``the availability and price of petroleum and petroleum products produced in countries other than iran'', pursuant to sec. 1245(d)(4)(a) of the national defense authorization act for fy 2012; to the committee on energy and commerce. 736. a letter from the chair, advisory council on alzheimer's research, care, and services, transmitting the 2015 recommendations of the public members of the advisory council on alzheimer's research, care, and services; to the committee on energy and commerce. 737. a letter from the assistant secretary, energy efficiency and renewable energy, department of energy, transmitting the department's semi-annual implementation report on energy conservation standards activities, pursuant to sec. 141 of the energy policy act of 2005 and secs. 305 and 321 of the energy independence and security act of 2007; to the committee on energy and commerce. 738. a letter from the director, regulations policy and management staff, fda, department of health and human services, transmitting the department's final rule -- medical device reporting: electronic submission requirements; correcting amendments [docket no.: fda-2008-n-0393] (rin: 0910-af86) received march 10, 2015, pursuant to 5 u.s.c. 801(a)(1)(a); to the committee on energy and commerce. 739. a letter from the secretary, department of veterans affairs, transmitting the department's vehicle fleet report on alternative fuel vehicles for fiscal year 2014, pursuant to 42 u.s.c. 13218; public law 102-486, section 310; to the committee on energy and commerce. 740. a letter from the director, regulatory management division, environmental protection agency, transmitting the agency's direct final rule -- revisions to the california state implementation plan, south coast air quality management district and sacramento metropolitan air quality management district [epa-r09-oar-2014-0851; frl-9923-07-region 9] received march 12, 2015, pursuant to 5 u.s.c. 801(a)(1)(a); to the committee on energy and commerce. 741. a letter from the director, regulatory management division, environmental protection agency, transmitting the agency's final rule -- national emission standards for hazardous air pollutants: coal- and oil-fired electric steam generating units [epa-hq-oar-2009-0234; frl-9923-98-oar] (rin: 2060-as39) received march 12, 2015, pursuant to 5 u.s.c. 801(a)(1)(a); to the committee on energy and commerce. 742. a letter from the director, regulatory management division, environmental protection agency, transmitting the agency's final rule -- dimethomorph; pesticide tolerance [epa-hq-opp-2014-0483; frl-9923-59] received march 12, 2015, pursuant to 5 u.s.c. 801(a)(1)(a); to the committee on energy and commerce. 743. a letter from the director, regulatory management division, environmental protection agency, transmitting the agency's final rule -- consolidated rules of practice governing the administrative assessment of civil penalties, issuance of compliance or corrective action orders, and the revocation, termination or suspension of permits; correction [epa-hq-oeca-2014-0551; frl-9922-62-oeca] received march 12, 2015, pursuant to 5 u.s.c. 801(a)(1)(a); to the committee on energy and commerce. 744. a letter from the director, regulatory management division, environmental protection agency, transmitting the agency's final rule -- boscalid; pesticide tolerances [epa- hq-opp-2013-0797; frl-9921-01] received march 12, 2015, pursuant to 5 u.s.c. 801(a)(1)(a); to the committee on energy and commerce. 745. a letter from the director, regulatory management division, environmental protection agency, transmitting the agency's final rule -- approval and promulgation of implementation plans; region 4 states; 2008 lead, 2008 ozone and 2010 nitrogen dioxide prevention of significant deterioration infrastructure plans [epa-r04-oar-2014-0610; frl-9924-47-region 4] received march 12, 2015, pursuant to 5 u.s.c. 801(a)(1)(a); to the committee on energy and commerce. 746. a letter from the director, regulatory management division, environmental protection agency, transmitting the agency's final rule -- approval and promulgation of air quality implementation plans; indiana; minor nsr for title v and fesop sources [epa-r05-oar-2013-0780; frl-9924-22-region 5] received march 12, 2015, pursuant to 5 u.s.c. 801(a)(1)(a); to the committee on energy and commerce. 747. a letter from the director, regulatory management division, environmental protection agency, transmitting the agency's final rule -- approval and promulgation of air quality implementation plans; illinois; amendments to gasoline vapor recovery requirements for illinois [epa-r05- oar-2014-0123; frl-9922-71-region 5] received march 12, 2015, pursuant to 5 u.s.c. 801(a)(1)(a); to the committee on energy and commerce. 748. a letter from the director, regulatory management division, environmental protection agency, transmitting the agency's final rule -- approval and promulgation of air quality implementation plans; connecticut; low emission vehicle program [epa-r01-oar-2010-0121; a-1-frl-9915-05- region 1] received march 12, 2015, pursuant to 5 u.s.c. 801(a)(1)(a); to the committee on energy and commerce. =========================== note =========================== march 13, 2015, on page h1633, the following appeared:748. a letter from the director, regulatory mangement division, environmental protec-tion agency, transmitting the agency's final rule approval and promulgation of air quality implementation plans; connecticut; low emission vehicle program [epa-r01- oar- 2010-0121; a-1-frl-9915-05-region 1] re-ceived march 12, 2015, pursuant to 5 u.s.c. 801(a)(1)(a); to the committee on energy and commerce. the online version should be corrected to read:748. a letter from the director, regulatory management division, environmental protec-tion agency, transmitting the agency's final rule approval and promulgation of air quality implementation plans; connecticut; low emission vehicle program [epa-r01- oar-2010-0121; a-1-frl-9915-05-region 1] re-ceived march 12, 2015, pursuant to 5 u.s.c. 801(a)(1)(a); to the committee on energy and commerce. ========================= end note ========================= 749. a letter from the director, regulatory management division, environmental protection agency, transmitting the agency's major final rule -- standards of performance for new residential wood heaters, new residential hydronic heaters and forced-air furnaces [epa-hq-oar-2009-0734; frl-9920-50- oar] (rin: 2060-ap93) received march 12, 2015, pursuant to 5 u.s.c. 801(a)(1)(a); to the committee on energy and commerce. 750. a letter from the chief of staff, media bureau, policy division, federal communications commission, transmitting the commission's final rule -- implementation of sections 101, 103 and 105 of the stela reauthorization act of 2014 [mb docket no.: 15-37] received march 6, 2015, pursuant to 5 u.s.c. 801(a)(1)(a); to the committee on energy and commerce. 751. a letter from the deputy chief, public safety and homeland security bureau, federal communications commission, transmitting the commission's final rule -- wireless e911 location accuracy requirements [ps docket no.: 07-114; fcc 15-9] received march 10, 2015, pursuant to 5 u.s.c. 801(a)(1)(a); to the committee on energy and commerce. 752. a letter from the chief, policy and rules division, office of engineering and technology, federal communications commission, transmitting the commission's final rule -- amendment of parts 0, 1, 2, and 15 of the commission's rules regarding authorization of radiofrequency equipment; amendment of part 68 regarding approval of terminal equipment by telecommunications certification bodies [et docket no.: 13-44; rm-11652; fcc 14-208] received march 10, 2015, pursuant to 5 u.s.c. 801(a)(1)(a); to the committee on energy and commerce. 753. a letter from the director, office of congressional affairs, nuclear regulatory commission, transmitting the commission's final rule -- interim staff guidance -- reviewing and assessing the financial condition of operating power reactor licensees, including requests for additional information (ol/fr-isg-2014-01) received march 11, 2015, pursuant to 5 u.s.c. 801(a)(1)(a); to the committee on energy and commerce. 754. a letter from the director, office of congressional affairs, nuclear regulatory commission, transmitting the commission's final rule -- final safety evaluation for technical report nei 14-05, ``guidelines for the use of accreditation in lieu of commercial grand surveys for procurement of laboratory calibration and test services'', revision 1 received march 11, 2015, pursuant to 5 u.s.c. 801(a)(1)(a); to the committee on energy and commerce. 755. a letter from the acting assistant secretary, legislative affairs, department of state, transmitting pursuant to sec. 36(c) of the arms export control act, certification of a proposed license for the export of defense articles, including technical data, and defense services (transmittal no. ddtc 14-094); to the committee on foreign affairs. 756. a letter from the assistant secretary, legislative affairs, department of state, transmitting pursuant to sec. 36(c) of the arms export control act, certification of a proposed license for the export of defense articles, including technical data, and defense services (transmittal no. ddtc 14-131); to the committee on foreign affairs. 757. a letter from the assistant secretary, legislative affairs, department of state, transmitting a determination, pursuant to sec. 451 of the foreign assistance act of 1961, as amended; to the committee on foreign affairs. 758. a communication from the president of the united states, transmitting notification that the national emergency with respect to iran, originally declared on march 15, 1995, by executive order 12957, as amended and extended, is to continue in effect beyond march 15, 2014, pursuant to 50 u.s.c. [[page h1634]] 1622(d); (h. doc. no. 114--17); to the committee on foreign affairs and ordered to be printed. 759. a letter from the district of columbia auditor, auditor, transmitting a report entitled ``certified business enterprise expenditures of public-private development construction projects for fiscal year 2014''; to the committee on oversight and government reform. 760. a letter from the associate general counsel for general law, department of homeland security, transmitting a report pursuant to the federal vacancies reform act of 1998; to the committee on oversight and government reform. 761. a letter from the director, office of federal contract compliance programs, department of labor, transmitting the department's final rule -- implementation of executive order 13672 prohibiting discrimination based on sexual orientation and gender identity by contractors and subcontractors (rin: 1250-aa07) received march 3, 2015, pursuant to 5 u.s.c. 801(a)(1)(a); to the committee on oversight and government reform. 762. a letter from the chairman, national credit union administration, transmitting the final version of the ncua 2015-2016 annual performance plan; to the committee on oversight and government reform. 763. a letter from the chairman, national endowment for the arts, transmitting the endowment's annual report for fy 2014 prepared in accordance with sec. 203 of the notification and federal employee antidiscrimination and retaliation act of 2002 (no fear act), pub. l. 107-174; to the committee on oversight and government reform. 764. a letter from the assistant attorney general, office of legislative affairs, department of justice, transmitting five reports pursuant to the federal vacancies reform act of 1998; to the committee on oversight and government reform. 765. a letter from the chief, branch of recovery and state grants, u.s. fish and wildlife service, department of interior, transmitting the department's final rule -- endangered and threatened wildlife and plants; removing the oregon chub from the federal list of endangered and threatened wildlife [docket no.: fws-r1-es-2014-0002] (rin: 1018-ba28) received march 10, 2015, pursuant to 5 u.s.c. 801(a)(1)(a); to the committee on natural resources. 766. a letter from the chief, branch of listing, u.s. fish and wildlife service, department of the interior, transmitting the department's final rule -- endangered and threatened wildlife and plants; adding five species of sawfish to the list of endangered and threatened wildlife [docket no.: fws-hq-es-2014-0066; 4500030113] (rin: 1018- ba68) received march 10, 2015, pursuant to 5 u.s.c. 801(a)(1)(a); to the committee on natural resources. 767. a letter from the chief, branch of aquatic invasive species, u.s. fish and wildlife service, department of the interior, transmitting the department's final rule -- injurious wildlife species; listing three anaconda species and one python species as injurious reptiles [docket no.: fws-r9-fhc-2008-0015] (rin: 1018-av68) received march 10, 2015, pursuant to 5 u.s.c. 801(a)(1)(a); to the committee on natural resources. 768. a letter from the chief, branch of recovery and state grants, u.s. fish and wildlife service, department of the interior, transmitting the department's final rule -- endangered and threatened wildlife and plants; reinstatement of final rules for the gray wolf in wyoming and the western great lakes in compliance with court orders [docket no.: fws- r6-es-2014-0059; fxes11130900000c2-156-ff09e42000] (rin: 1018-ba64) received march 10, 2015, pursuant to 5 u.s.c. 801(a)(1)(a); to the committee on natural resources. 769. a letter from the wildlife biologist, u.s. fish and wildlife service, department of the interior, transmitting the department's final rule -- migratory bird subsistence harvest in alaska; harvest regulations for migratory birds in alaska during the 2015 season [docket no.: fws-r7-mb-2014- 0036] (rin: 1018-ba48) received march 10, 2015, pursuant to 5 u.s.c. 801(a)(1)(a); to the committee on natural resources. 770. a letter from the acting director, office of sustainable fisheries, nmfs, national oceanic and atmospheric administration, transmitting the administration's temporary rule -- fisheries of the exclusive economic zone off alaska; atka mackerel in the bering sea and aleutian islands management area [docket no.: 131021878-4158-02] (rin: 0648- xd747) received march 11, 2015, pursuant to 5 u.s.c. 801(a)(1)(a); to the committee on natural resources. 771. a letter from the acting director, office of sustainable fisheries, nmfs, national oceanic and atmospheric administration, transmitting the administration's temporary rule -- magnuson-stevens act provisions; fisheries off west coast states; pacific coast groundfish fishery; pacific whiting allocations and fishery closure; pacific whiting seasons [docket no.: 131119977-4381-02] (rin: 0648-xd640) received march 11, 2015, pursuant to 5 u.s.c. 801(a)(1)(a); to the committee on natural resources. 772. a letter from the acting director, office of sustainable fisheries, nmfs, national oceanic and atmospheric administration, transmitting the administration's temporary rule -- reef fish fishery of the gulf of mexico; 2015 recreational accountability measures for gray triggerfish in the gulf of mexico; reduced annual catch limit and annual catch target and closure [docket no.: 121004518-3398-01] (rin: 0648-xd723) received march 11, 2015, pursuant to 5 u.s.c. 801(a)(1)(a); to the committee on natural resources. 773. a letter from the acting director, office of sustainable fisheries, nmfs, national oceanic and atmospheric administration, transmitting the administration's temporary rule -- fisheries of the exclusive economic zone off alaska; pacific cod by vessels using pot gear in the western regulatory area of the gulf of alaska [docket no.: 130925836- 4174-02] (rin: 0648-xd715) received march 10, 2015, pursuant to 5 u.s.c. 801(a)(1)(a); to the committee on natural resources. 774. a letter from the deputy assistant administrator for regulatory programs, nmfs, national oceanic and atmospheric administration, transmitting the administration's final rule -- fisheries off west coast states; coastal pelagic species fisheries; annual specifications [docket no.: 140811659-5070- 02] (rin: 0648-xd437) received march 10, 2015, pursuant to 5 u.s.c. 801(a)(1)(a); to the committee on natural resources. 775. a communication from the president of the united states, transmitting an agreement between the government of the united states and the government of the russian federation extending the agreement between the government of the united states and the government of soviet socialist republics on mutual fisheries relations of may 31, 1988, with annex, as extended; (h. doc. no. 114--18); to the committee on natural resources and ordered to be printed. 776. a letter from the assistant attorney general, office of legislative affairs, department of justice, transmitting the aft 2014 pact act report, pursuant to the prevent all cigarette trafficking act of 2009, pursuant to pub. l. 111- 154, 15 u.s.c. 378(f), covering the period february 28, 2013, through october 15, 2014; to the committee on the judiciary. 777. a letter from the assistant secretary for legislation, department of health and human services, transmitting the ``office of refugee resettlement: annual report to congress, fy 2013'', pursuant to 8 u.s.c. 1523(a); to the committee on the judiciary. 778. a letter from the vice president, government affairs and corporate communications, amtrak, transmitting amtrak's fy 2016 grant request package and fy 2016 general and legislative annual report, pursuant to 49 u.s.c. 24315(b); to the committee on transportation and infrastructure. 779. a letter from the secretary, department of transportation, transmitting the department's 2015 annual ``report to congress from the intelligent transportation systems program advisory committee'', pursuant to sec. 53003 of the moving ahead for progress in the 21st century act (map-21); to the committee on transportation and infrastructure. 780. a letter from the assistant chief counsel for phmsa, department of transportation, transmitting the department's final rule -- pipeline safety: miscellaneous changes to pipeline safety regulations [docket no.: phmsa-2010-0026; amdt. nos.: 191-23; 192-120; 195-100] (rin: 2137-ae59) received march 11, 2015, pursuant to 5 u.s.c. 801(a)(1)(a); to the committee on transportation and infrastructure. 781. a letter from the chief, impact analyst, regulation policy and management, office of the general counsel (02 reg), acquisition, department of veterans affairs, transmitting the department's final rule -- department of veterans affairs acquisition regulation: service-disabled veteran-owned and veteran-owned small business status protests (rin: 2900-am92) received march 10, 2015, pursuant to 5 u.s.c. 801(a)(1)(a); to the committee on veterans' affairs. 782. a letter from the chief, trade and commercial regulations branch, customs and border protection, department of homeland security, transmitting the department's final rule -- extension of import restrictions imposed on certain categories of archaeological material from the pre-hispanic cultures of the republic of el salvador (rin: 1515-ae01) received march 9, 2015, pursuant to 5 u.s.c. 801(a)(1)(a); to the committee on ways and means. 783. a letter from the deputy secretary, department of veterans affairs; and the under secretary, personnel and readiness, department of defense, transmitting the fy 2014 report on the activities of the extremity trauma and amputation center of excellence (eace), pursuant to sec. 723 of the duncan hunter national defense authorization act of fy 2009, pub. l. 110-417; jointly to the committees on armed services and veterans' affairs. 784. a letter from the under secretary, personnel and readiness, department of defense, transmitting the ``national security education program (nsep) 2014 annual report'', pursuant to 50 u.s.c. 1906(a); jointly to the committees on intelligence (permanent select) and education and the workforce. ____________________",24193
CREC-2015-03-13-pt1-PgH1635-2,CREC-2015-03-13,2015-03-13,MEMORIALS,CREC,HOUSE,H,H,1,https://www.govinfo.gov/app/details/CREC-2015-03-13/CREC-2015-03-13-pt1-PgH1635-2,https://api.govinfo.gov/packages/CREC-2015-03-13/granules/CREC-2015-03-13-pt1-PgH1635-2/htm,https://api.govinfo.gov/packages/CREC-2015-03-13/granules/CREC-2015-03-13-pt1-PgH1635-2/pdf,https://api.govinfo.gov/packages/CREC-2015-03-13/summary,"[Congressional Record Volume 161, Number 43 (Friday, March 13, 2015)] [House] [Page H1635] From the Congressional Record Online through the Government Publishing Office [ www.gpo.gov ] MEMORIALS Under clause 3 of rule XII, 12. The SPEAKER presented a memorial of the Legislature of the State of New Mexico, relative to Senate Memorial 99, commending the long-standing traditions of tolerance, inclusion and interfaith harmony in the Republic of Azerbaijan; to the Committee on Foreign Affairs. ____________________",,"[Congressional Record Volume 161, Number 43 (Friday, March 13, 2015)] [House] [Page H1635] From the Congressional Record Online through the Government Publishing Office [ www.gpo.gov ] MEMORIALS Under clause 3 of rule XII, 12. The SPEAKER presented a memorial of the Legislature of the State of New Mexico, relative to Senate Memorial 99, commending the long-standing traditions of tolerance, inclusion and interfaith harmony in the Republic of Azerbaijan; to the Committee on Foreign Affairs. ____________________",https://api.govinfo.gov/related/CREC-2015-03-13-pt1-PgH1635-2,CREC,Proceedings of Congress and General Congressional Publications,2025-03-07T17:29:07Z,Congressional Record,package_114_42.csv,514,0,514,"[congressional record volume 161, number 43 (friday, march 13, 2015)] [house] [page h1635] from the congressional record online through the government publishing office [ www.gpo.gov ] memorials under clause 3 of rule xii, 12. the speaker presented a memorial of the legislature of the state of new mexico, relative to senate memorial 99, commending the long-standing traditions of tolerance, inclusion and interfaith harmony in the republic of azerbaijan; to the committee on foreign affairs. ____________________",514
CREC-2015-03-13-pt1-PgH1635-3,CREC-2015-03-13,2015-03-13,Constitutional Authority Statement,CREC,HOUSE,H,H,1,https://www.govinfo.gov/app/details/CREC-2015-03-13/CREC-2015-03-13-pt1-PgH1635-3,https://api.govinfo.gov/packages/CREC-2015-03-13/granules/CREC-2015-03-13-pt1-PgH1635-3/htm,https://api.govinfo.gov/packages/CREC-2015-03-13/granules/CREC-2015-03-13-pt1-PgH1635-3/pdf,https://api.govinfo.gov/packages/CREC-2015-03-13/summary,"[Congressional Record Volume 161, Number 43 (Friday, March 13, 2015)] [House] [Page H1635] From the Congressional Record Online through the Government Publishing Office [ www.gpo.gov ] CONSTITUTIONAL AUTHORITY STATEMENT Pursuant to clause 7 of rule XII of the Rules of the House of Representatives, the following statements are submitted regarding the specific powers granted to Congress in the Constitution to enact the accompanying bill or joint resolution.",,"[Congressional Record Volume 161, Number 43 (Friday, March 13, 2015)] [House] [Page H1635] From the Congressional Record Online through the Government Publishing Office [ www.gpo.gov ] CONSTITUTIONAL AUTHORITY STATEMENT Pursuant to clause 7 of rule XII of the Rules of the House of Representatives, the following statements are submitted regarding the specific powers granted to Congress in the Constitution to enact the accompanying bill or joint resolution.",https://api.govinfo.gov/related/CREC-2015-03-13-pt1-PgH1635-3,CREC,Proceedings of Congress and General Congressional Publications,2025-03-07T17:29:07Z,Congressional Record,package_114_42.csv,459,0,459,"[congressional record volume 161, number 43 (friday, march 13, 2015)] [house] [page h1635] from the congressional record online through the government publishing office [ www.gpo.gov ] constitutional authority statement pursuant to clause 7 of rule xii of the rules of the house of representatives, the following statements are submitted regarding the specific powers granted to congress in the constitution to enact the accompanying bill or joint resolution.",459
CREC-2015-03-13-pt1-PgH1635-4,CREC-2015-03-13,2015-03-13,Constitutional Authority Statement for H.R. 1353,CREC,HOUSE,H,H,1,https://www.govinfo.gov/app/details/CREC-2015-03-13/CREC-2015-03-13-pt1-PgH1635-4,https://api.govinfo.gov/packages/CREC-2015-03-13/granules/CREC-2015-03-13-pt1-PgH1635-4/htm,https://api.govinfo.gov/packages/CREC-2015-03-13/granules/CREC-2015-03-13-pt1-PgH1635-4/pdf,https://api.govinfo.gov/packages/CREC-2015-03-13/summary,"[Congressional Record Volume 161, Number 43 (Friday, March 13, 2015)] [House] [Page H1635] From the Congressional Record Online through the Government Publishing Office [ www.gpo.gov ] By Mr. BILIRAKIS: H.R. 1353. Congress has the power to enact this legislation pursuant to the following: Article I, Section 8, Clause 1, which gives the Congress the authority to provide for the general welfare of the United States. Additionally, under Article I, Section 8, Clause 8 which gives Congress the power to promote the progress of science and useful arts by securing for limited times to authors and inventors the exclusive right to their respective writings and discoveries",,"[Congressional Record Volume 161, Number 43 (Friday, March 13, 2015)] [House] [Page H1635] From the Congressional Record Online through the Government Publishing Office [ www.gpo.gov ] By Mr. BILIRAKIS: H.R. 1353. Congress has the power to enact this legislation pursuant to the following: Article I, Section 8, Clause 1, which gives the Congress the authority to provide for the general welfare of the United States. Additionally, under Article I, Section 8, Clause 8 which gives Congress the power to promote the progress of science and useful arts by securing for limited times to authors and inventors the exclusive right to their respective writings and discoveries",https://api.govinfo.gov/related/CREC-2015-03-13-pt1-PgH1635-4,CREC,Proceedings of Congress and General Congressional Publications,2025-03-07T17:29:07Z,Congressional Record,package_114_42.csv,670,0,670,"[congressional record volume 161, number 43 (friday, march 13, 2015)] [house] [page h1635] from the congressional record online through the government publishing office [ www.gpo.gov ] by mr. bilirakis: h.r. 1353. congress has the power to enact this legislation pursuant to the following: article i, section 8, clause 1, which gives the congress the authority to provide for the general welfare of the united states. additionally, under article i, section 8, clause 8 which gives congress the power to promote the progress of science and useful arts by securing for limited times to authors and inventors the exclusive right to their respective writings and discoveries",670
CREC-2015-03-13-pt1-PgH1635-5,CREC-2015-03-13,2015-03-13,Constitutional Authority Statement for H.R. 1354,CREC,HOUSE,H,H,1,https://www.govinfo.gov/app/details/CREC-2015-03-13/CREC-2015-03-13-pt1-PgH1635-5,https://api.govinfo.gov/packages/CREC-2015-03-13/granules/CREC-2015-03-13-pt1-PgH1635-5/htm,https://api.govinfo.gov/packages/CREC-2015-03-13/granules/CREC-2015-03-13-pt1-PgH1635-5/pdf,https://api.govinfo.gov/packages/CREC-2015-03-13/summary,"[Congressional Record Volume 161, Number 43 (Friday, March 13, 2015)] [House] [Page H1635] From the Congressional Record Online through the Government Publishing Office [ www.gpo.gov ] By Mr. ELLISON: H.R. 1354. Congress has the power to enact this legislation pursuant to the following: Article I, Section 8, Clause 1, Clause 3 and Clause 18.",,"[Congressional Record Volume 161, Number 43 (Friday, March 13, 2015)] [House] [Page H1635] From the Congressional Record Online through the Government Publishing Office [ www.gpo.gov ] By Mr. ELLISON: H.R. 1354. Congress has the power to enact this legislation pursuant to the following: Article I, Section 8, Clause 1, Clause 3 and Clause 18.",https://api.govinfo.gov/related/CREC-2015-03-13-pt1-PgH1635-5,CREC,Proceedings of Congress and General Congressional Publications,2025-03-07T17:29:07Z,Congressional Record,package_114_42.csv,343,0,343,"[congressional record volume 161, number 43 (friday, march 13, 2015)] [house] [page h1635] from the congressional record online through the government publishing office [ www.gpo.gov ] by mr. ellison: h.r. 1354. congress has the power to enact this legislation pursuant to the following: article i, section 8, clause 1, clause 3 and clause 18.",343
CREC-2015-03-13-pt1-PgH1635-6,CREC-2015-03-13,2015-03-13,Constitutional Authority Statement for H.R. 1355,CREC,HOUSE,H,H,1,https://www.govinfo.gov/app/details/CREC-2015-03-13/CREC-2015-03-13-pt1-PgH1635-6,https://api.govinfo.gov/packages/CREC-2015-03-13/granules/CREC-2015-03-13-pt1-PgH1635-6/htm,https://api.govinfo.gov/packages/CREC-2015-03-13/granules/CREC-2015-03-13-pt1-PgH1635-6/pdf,https://api.govinfo.gov/packages/CREC-2015-03-13/summary,"[Congressional Record Volume 161, Number 43 (Friday, March 13, 2015)] [House] [Page H1635] From the Congressional Record Online through the Government Publishing Office [ www.gpo.gov ] By Mr. ELLISON: H.R. 1355. Congress has the power to enact this legislation pursuant to the following: Article I, Section 8, Clause 1, Clause 3 and Clause 18.",,"[Congressional Record Volume 161, Number 43 (Friday, March 13, 2015)] [House] [Page H1635] From the Congressional Record Online through the Government Publishing Office [ www.gpo.gov ] By Mr. ELLISON: H.R. 1355. Congress has the power to enact this legislation pursuant to the following: Article I, Section 8, Clause 1, Clause 3 and Clause 18.",https://api.govinfo.gov/related/CREC-2015-03-13-pt1-PgH1635-6,CREC,Proceedings of Congress and General Congressional Publications,2025-03-07T17:29:07Z,Congressional Record,package_114_42.csv,343,0,343,"[congressional record volume 161, number 43 (friday, march 13, 2015)] [house] [page h1635] from the congressional record online through the government publishing office [ www.gpo.gov ] by mr. ellison: h.r. 1355. congress has the power to enact this legislation pursuant to the following: article i, section 8, clause 1, clause 3 and clause 18.",343
CREC-2015-03-13-pt1-PgH1635-8,CREC-2015-03-13,2015-03-13,Constitutional Authority Statement for H.R. 1357,CREC,HOUSE,H,H,1,https://www.govinfo.gov/app/details/CREC-2015-03-13/CREC-2015-03-13-pt1-PgH1635-8,https://api.govinfo.gov/packages/CREC-2015-03-13/granules/CREC-2015-03-13-pt1-PgH1635-8/htm,https://api.govinfo.gov/packages/CREC-2015-03-13/granules/CREC-2015-03-13-pt1-PgH1635-8/pdf,https://api.govinfo.gov/packages/CREC-2015-03-13/summary,"[Congressional Record Volume 161, Number 43 (Friday, March 13, 2015)] [House] [Page H1635] From the Congressional Record Online through the Government Publishing Office [ www.gpo.gov ] By Mr. COFFMAN: H.R. 1357. Congress has the power to enact this legislation pursuant to the following: Article I, section 8 of the Constitution of the United States.",,"[Congressional Record Volume 161, Number 43 (Friday, March 13, 2015)] [House] [Page H1635] From the Congressional Record Online through the Government Publishing Office [ www.gpo.gov ] By Mr. COFFMAN: H.R. 1357. Congress has the power to enact this legislation pursuant to the following: Article I, section 8 of the Constitution of the United States.",https://api.govinfo.gov/related/CREC-2015-03-13-pt1-PgH1635-8,CREC,Proceedings of Congress and General Congressional Publications,2025-03-07T17:29:07Z,Congressional Record,package_114_42.csv,350,0,350,"[congressional record volume 161, number 43 (friday, march 13, 2015)] [house] [page h1635] from the congressional record online through the government publishing office [ www.gpo.gov ] by mr. coffman: h.r. 1357. congress has the power to enact this legislation pursuant to the following: article i, section 8 of the constitution of the united states.",350
CREC-2015-03-13-pt1-PgH1635-7,CREC-2015-03-13,2015-03-13,Constitutional Authority Statement for H.R. 1356,CREC,HOUSE,H,H,1,https://www.govinfo.gov/app/details/CREC-2015-03-13/CREC-2015-03-13-pt1-PgH1635-7,https://api.govinfo.gov/packages/CREC-2015-03-13/granules/CREC-2015-03-13-pt1-PgH1635-7/htm,https://api.govinfo.gov/packages/CREC-2015-03-13/granules/CREC-2015-03-13-pt1-PgH1635-7/pdf,https://api.govinfo.gov/packages/CREC-2015-03-13/summary,"[Congressional Record Volume 161, Number 43 (Friday, March 13, 2015)] [House] [Page H1635] From the Congressional Record Online through the Government Publishing Office [ www.gpo.gov ] By Mr. COFFMAN: H.R. 1356. Congress has the power to enact this legislation pursuant to the following: Article I, section 8 of the Constitution of the United States",,"[Congressional Record Volume 161, Number 43 (Friday, March 13, 2015)] [House] [Page H1635] From the Congressional Record Online through the Government Publishing Office [ www.gpo.gov ] By Mr. COFFMAN: H.R. 1356. Congress has the power to enact this legislation pursuant to the following: Article I, section 8 of the Constitution of the United States",https://api.govinfo.gov/related/CREC-2015-03-13-pt1-PgH1635-7,CREC,Proceedings of Congress and General Congressional Publications,2025-03-07T17:29:07Z,Congressional Record,package_114_42.csv,349,0,349,"[congressional record volume 161, number 43 (friday, march 13, 2015)] [house] [page h1635] from the congressional record online through the government publishing office [ www.gpo.gov ] by mr. coffman: h.r. 1356. congress has the power to enact this legislation pursuant to the following: article i, section 8 of the constitution of the united states",349
CREC-2015-03-13-pt1-PgH1635-11,CREC-2015-03-13,2015-03-13,Constitutional Authority Statement for H.R. 1360,CREC,HOUSE,H,H,1,https://www.govinfo.gov/app/details/CREC-2015-03-13/CREC-2015-03-13-pt1-PgH1635-11,https://api.govinfo.gov/packages/CREC-2015-03-13/granules/CREC-2015-03-13-pt1-PgH1635-11/htm,https://api.govinfo.gov/packages/CREC-2015-03-13/granules/CREC-2015-03-13-pt1-PgH1635-11/pdf,https://api.govinfo.gov/packages/CREC-2015-03-13/summary,"[Congressional Record Volume 161, Number 43 (Friday, March 13, 2015)] [House] [Page H1635] From the Congressional Record Online through the Government Publishing Office [ www.gpo.gov ] By Mr. FATTAH: H.R. 1360. Congress has the power to enact this legislation pursuant to the following: Pursuant to Article I, Section 8, Clause 3 of the United States Constitution, the Congress shall have the power ``[t]o regulate commerce with foreign Nations, and among the several states, and with the Indian tribes.''",,"[Congressional Record Volume 161, Number 43 (Friday, March 13, 2015)] [House] [Page H1635] From the Congressional Record Online through the Government Publishing Office [ www.gpo.gov ] By Mr. FATTAH: H.R. 1360. Congress has the power to enact this legislation pursuant to the following: Pursuant to Article I, Section 8, Clause 3 of the United States Constitution, the Congress shall have the power ``[t]o regulate commerce with foreign Nations, and among the several states, and with the Indian tribes.''",https://api.govinfo.gov/related/CREC-2015-03-13-pt1-PgH1635-11,CREC,Proceedings of Congress and General Congressional Publications,2025-03-07T17:29:07Z,Congressional Record,package_114_42.csv,505,0,505,"[congressional record volume 161, number 43 (friday, march 13, 2015)] [house] [page h1635] from the congressional record online through the government publishing office [ www.gpo.gov ] by mr. fattah: h.r. 1360. congress has the power to enact this legislation pursuant to the following: pursuant to article i, section 8, clause 3 of the united states constitution, the congress shall have the power ``[t]o regulate commerce with foreign nations, and among the several states, and with the indian tribes.''",505
CREC-2015-03-13-pt1-PgH1635-9,CREC-2015-03-13,2015-03-13,Constitutional Authority Statement for H.R. 1358,CREC,HOUSE,H,H,1,https://www.govinfo.gov/app/details/CREC-2015-03-13/CREC-2015-03-13-pt1-PgH1635-9,https://api.govinfo.gov/packages/CREC-2015-03-13/granules/CREC-2015-03-13-pt1-PgH1635-9/htm,https://api.govinfo.gov/packages/CREC-2015-03-13/granules/CREC-2015-03-13-pt1-PgH1635-9/pdf,https://api.govinfo.gov/packages/CREC-2015-03-13/summary,"[Congressional Record Volume 161, Number 43 (Friday, March 13, 2015)] [House] [Page H1635] From the Congressional Record Online through the Government Publishing Office [ www.gpo.gov ] By Mr. ENGEL: H.R. 1358. Congress has the power to enact this legislation pursuant to the following: U.S. Const. Art. I Section 8 clause 3",,"[Congressional Record Volume 161, Number 43 (Friday, March 13, 2015)] [House] [Page H1635] From the Congressional Record Online through the Government Publishing Office [ www.gpo.gov ] By Mr. ENGEL: H.R. 1358. Congress has the power to enact this legislation pursuant to the following: U.S. Const. Art. I Section 8 clause 3",https://api.govinfo.gov/related/CREC-2015-03-13-pt1-PgH1635-9,CREC,Proceedings of Congress and General Congressional Publications,2025-03-07T17:29:07Z,Congressional Record,package_114_42.csv,323,0,323,"[congressional record volume 161, number 43 (friday, march 13, 2015)] [house] [page h1635] from the congressional record online through the government publishing office [ www.gpo.gov ] by mr. engel: h.r. 1358. congress has the power to enact this legislation pursuant to the following: u.s. const. art. i section 8 clause 3",323
CREC-2015-03-13-pt1-PgH1635-10,CREC-2015-03-13,2015-03-13,Constitutional Authority Statement for H.R. 1359,CREC,HOUSE,H,H,1,https://www.govinfo.gov/app/details/CREC-2015-03-13/CREC-2015-03-13-pt1-PgH1635-10,https://api.govinfo.gov/packages/CREC-2015-03-13/granules/CREC-2015-03-13-pt1-PgH1635-10/htm,https://api.govinfo.gov/packages/CREC-2015-03-13/granules/CREC-2015-03-13-pt1-PgH1635-10/pdf,https://api.govinfo.gov/packages/CREC-2015-03-13/summary,"[Congressional Record Volume 161, Number 43 (Friday, March 13, 2015)] [House] [Page H1635] From the Congressional Record Online through the Government Publishing Office [ www.gpo.gov ] By Mr. FATTAH: H.R. 1359. Congress has the power to enact this legislation pursuant to the following: Pursuant to Article I, Section 8, Clause 3 of the United States Constitution, the Congress shall have the power ``[t]o regulate commerce with foreign Nations, and among the several states, and with the Indian tribes.''",,"[Congressional Record Volume 161, Number 43 (Friday, March 13, 2015)] [House] [Page H1635] From the Congressional Record Online through the Government Publishing Office [ www.gpo.gov ] By Mr. FATTAH: H.R. 1359. Congress has the power to enact this legislation pursuant to the following: Pursuant to Article I, Section 8, Clause 3 of the United States Constitution, the Congress shall have the power ``[t]o regulate commerce with foreign Nations, and among the several states, and with the Indian tribes.''",https://api.govinfo.gov/related/CREC-2015-03-13-pt1-PgH1635-10,CREC,Proceedings of Congress and General Congressional Publications,2025-03-07T17:29:07Z,Congressional Record,package_114_42.csv,505,0,505,"[congressional record volume 161, number 43 (friday, march 13, 2015)] [house] [page h1635] from the congressional record online through the government publishing office [ www.gpo.gov ] by mr. fattah: h.r. 1359. congress has the power to enact this legislation pursuant to the following: pursuant to article i, section 8, clause 3 of the united states constitution, the congress shall have the power ``[t]o regulate commerce with foreign nations, and among the several states, and with the indian tribes.''",505
CREC-2015-03-13-pt1-PgH1635-13,CREC-2015-03-13,2015-03-13,Constitutional Authority Statement for H.R. 1362,CREC,HOUSE,H,H,1,https://www.govinfo.gov/app/details/CREC-2015-03-13/CREC-2015-03-13-pt1-PgH1635-13,https://api.govinfo.gov/packages/CREC-2015-03-13/granules/CREC-2015-03-13-pt1-PgH1635-13/htm,https://api.govinfo.gov/packages/CREC-2015-03-13/granules/CREC-2015-03-13-pt1-PgH1635-13/pdf,https://api.govinfo.gov/packages/CREC-2015-03-13/summary,"[Congressional Record Volume 161, Number 43 (Friday, March 13, 2015)] [House] [Page H1635] From the Congressional Record Online through the Government Publishing Office [ www.gpo.gov ] By Mr. GUTHRIE: H.R. 1362. Congress has the power to enact this legislation pursuant to the following: Article I, Section 8",,"[Congressional Record Volume 161, Number 43 (Friday, March 13, 2015)] [House] [Page H1635] From the Congressional Record Online through the Government Publishing Office [ www.gpo.gov ] By Mr. GUTHRIE: H.R. 1362. Congress has the power to enact this legislation pursuant to the following: Article I, Section 8",https://api.govinfo.gov/related/CREC-2015-03-13-pt1-PgH1635-13,CREC,Proceedings of Congress and General Congressional Publications,2025-03-07T17:29:07Z,Congressional Record,package_114_42.csv,308,0,308,"[congressional record volume 161, number 43 (friday, march 13, 2015)] [house] [page h1635] from the congressional record online through the government publishing office [ www.gpo.gov ] by mr. guthrie: h.r. 1362. congress has the power to enact this legislation pursuant to the following: article i, section 8",308
CREC-2015-03-13-pt1-PgH1635-14,CREC-2015-03-13,2015-03-13,Constitutional Authority Statement for H.R. 1363,CREC,HOUSE,H,H,1,https://www.govinfo.gov/app/details/CREC-2015-03-13/CREC-2015-03-13-pt1-PgH1635-14,https://api.govinfo.gov/packages/CREC-2015-03-13/granules/CREC-2015-03-13-pt1-PgH1635-14/htm,https://api.govinfo.gov/packages/CREC-2015-03-13/granules/CREC-2015-03-13-pt1-PgH1635-14/pdf,https://api.govinfo.gov/packages/CREC-2015-03-13/summary,"[Congressional Record Volume 161, Number 43 (Friday, March 13, 2015)] [House] [Pages H1635-H1636] From the Congressional Record Online through the Government Publishing Office [ www.gpo.gov ] By Mr. KING of Iowa: H.R. 1363. Congress has the power to enact this legislation pursuant to the following: This legislation repeals a rule made by an Executive agency pursuant to an act of Congress. This bill is intended to correct the [[Page H1636]] agency's errant interpretation of Congress' intent as expressed in the authorizing legislation, and, as such, follows the responsibility that Congress has, under Article 1, Section 1, to exercise all legislative powers of the United States.",,"[Congressional Record Volume 161, Number 43 (Friday, March 13, 2015)] [House] [Pages H1635-H1636] From the Congressional Record Online through the Government Publishing Office [ www.gpo.gov ] By Mr. KING of Iowa: H.R. 1363. Congress has the power to enact this legislation pursuant to the following: This legislation repeals a rule made by an Executive agency pursuant to an act of Congress. This bill is intended to correct the [[Page H1636]] agency's errant interpretation of Congress' intent as expressed in the authorizing legislation, and, as such, follows the responsibility that Congress has, under Article 1, Section 1, to exercise all legislative powers of the United States.",https://api.govinfo.gov/related/CREC-2015-03-13-pt1-PgH1635-14,CREC,Proceedings of Congress and General Congressional Publications,2025-03-07T17:29:07Z,Congressional Record,package_114_42.csv,684,0,684,"[congressional record volume 161, number 43 (friday, march 13, 2015)] [house] [pages h1635-h1636] from the congressional record online through the government publishing office [ www.gpo.gov ] by mr. king of iowa: h.r. 1363. congress has the power to enact this legislation pursuant to the following: this legislation repeals a rule made by an executive agency pursuant to an act of congress. this bill is intended to correct the [[page h1636]] agency's errant interpretation of congress' intent as expressed in the authorizing legislation, and, as such, follows the responsibility that congress has, under article 1, section 1, to exercise all legislative powers of the united states.",684
CREC-2015-03-13-pt1-PgH1635-12,CREC-2015-03-13,2015-03-13,Constitutional Authority Statement for H.R. 1361,CREC,HOUSE,H,H,1,https://www.govinfo.gov/app/details/CREC-2015-03-13/CREC-2015-03-13-pt1-PgH1635-12,https://api.govinfo.gov/packages/CREC-2015-03-13/granules/CREC-2015-03-13-pt1-PgH1635-12/htm,https://api.govinfo.gov/packages/CREC-2015-03-13/granules/CREC-2015-03-13-pt1-PgH1635-12/pdf,https://api.govinfo.gov/packages/CREC-2015-03-13/summary,"[Congressional Record Volume 161, Number 43 (Friday, March 13, 2015)] [House] [Page H1635] From the Congressional Record Online through the Government Publishing Office [ www.gpo.gov ] By Mr. GUTHRIE: H.R. 1361. Congress has the power to enact this legislation pursuant to the following: Article I, Section 8",,"[Congressional Record Volume 161, Number 43 (Friday, March 13, 2015)] [House] [Page H1635] From the Congressional Record Online through the Government Publishing Office [ www.gpo.gov ] By Mr. GUTHRIE: H.R. 1361. Congress has the power to enact this legislation pursuant to the following: Article I, Section 8",https://api.govinfo.gov/related/CREC-2015-03-13-pt1-PgH1635-12,CREC,Proceedings of Congress and General Congressional Publications,2025-03-07T17:29:07Z,Congressional Record,package_114_42.csv,308,0,308,"[congressional record volume 161, number 43 (friday, march 13, 2015)] [house] [page h1635] from the congressional record online through the government publishing office [ www.gpo.gov ] by mr. guthrie: h.r. 1361. congress has the power to enact this legislation pursuant to the following: article i, section 8",308
CREC-2015-03-13-pt1-PgH1636,CREC-2015-03-13,2015-03-13,Constitutional Authority Statement for H.R. 1364,CREC,HOUSE,H,H,1,https://www.govinfo.gov/app/details/CREC-2015-03-13/CREC-2015-03-13-pt1-PgH1636,https://api.govinfo.gov/packages/CREC-2015-03-13/granules/CREC-2015-03-13-pt1-PgH1636/htm,https://api.govinfo.gov/packages/CREC-2015-03-13/granules/CREC-2015-03-13-pt1-PgH1636/pdf,https://api.govinfo.gov/packages/CREC-2015-03-13/summary,"[Congressional Record Volume 161, Number 43 (Friday, March 13, 2015)] [House] [Page H1636] From the Congressional Record Online through the Government Publishing Office [ www.gpo.gov ] By Ms. TITUS: H.R. 1364. Congress has the power to enact this legislation pursuant to the following: Article I, Sec. 8, clause 3 ____________________",,"[Congressional Record Volume 161, Number 43 (Friday, March 13, 2015)] [House] [Page H1636] From the Congressional Record Online through the Government Publishing Office [ www.gpo.gov ] By Ms. TITUS: H.R. 1364. Congress has the power to enact this legislation pursuant to the following: Article I, Sec. 8, clause 3 ____________________",https://api.govinfo.gov/related/CREC-2015-03-13-pt1-PgH1636,CREC,Proceedings of Congress and General Congressional Publications,2025-03-07T17:29:07Z,Congressional Record,package_114_42.csv,334,0,334,"[congressional record volume 161, number 43 (friday, march 13, 2015)] [house] [page h1636] from the congressional record online through the government publishing office [ www.gpo.gov ] by ms. titus: h.r. 1364. congress has the power to enact this legislation pursuant to the following: article i, sec. 8, clause 3 ____________________",334
CREC-2015-03-13-pt1-PgH1636-2,CREC-2015-03-13,2015-03-13,ADDITIONAL SPONSORS,CREC,HOUSE,H,H,1,https://www.govinfo.gov/app/details/CREC-2015-03-13/CREC-2015-03-13-pt1-PgH1636-2,https://api.govinfo.gov/packages/CREC-2015-03-13/granules/CREC-2015-03-13-pt1-PgH1636-2/htm,https://api.govinfo.gov/packages/CREC-2015-03-13/granules/CREC-2015-03-13-pt1-PgH1636-2/pdf,https://api.govinfo.gov/packages/CREC-2015-03-13/summary,"[Congressional Record Volume 161, Number 43 (Friday, March 13, 2015)] [House] [Page H1636] From the Congressional Record Online through the Government Publishing Office [ www.gpo.gov ] ADDITIONAL SPONSORS Under clause 7 of rule XII, sponsors were added to public bills and resolutions, as follows: H.R. 21: Ms. Moore and Mr. DeFazio. H.R. 156: Mr. Palmer. H.R. 222: Mr. Lowenthal. H.R. 244: Mr. Coffman. H.R. 284: Mr. Long, Mr. Byrne, Mr. Massie, and Mr. Brooks of Alabama. H.R. 306: Ms. Lee. H.R. 413: Mrs. Torres. H.R. 420: Mr. McClintock. H.R. 452: Mr. Amodei. H.R. 531: Mr. Danny K. Davis of Illinois and Mr. Vela. H.R. 556: Mr. Amodei, Mr. Messer, Mrs. Black, and Mr. Johnson of Ohio. H.R. 592: Mr. Polis. H.R. 624: Mr. Turner, Ms. Schakowsky, and Mr. Carson of Indiana. H.R. 653: Mr. Collins of Georgia, Mr. McCaul, Mr. Hurt of Virginia, Mr. Gosar, Mr. Walberg, and Mr. Ross. H.R. 658: Mr. Carson of Indiana and Mr. Israel. H.R. 690: Mr. Graves of Missouri. H.R. 699: Mr. Collins of Georgia, Mrs. McMorris Rodgers, and Mr. Sean Patrick Maloney of New York. H.R. 703: Mr. Byrne and Mr. Harris. H.R. 704: Mr. Byrne. H.R. 762: Ms. Schakowsky. H.R. 777: Mr. Ted Lieu of California. H.R. 818: Mr. Bishop of Michigan, Mr. Heck of Nevada, Ms. Stefanik, Mr. Blum, Mr. Boustany, Mr. Webster of Florida, and Mr. Amodei. H.R. 880: Mr. Paulsen. H.R. 885: Mrs. Kirkpatrick, Mr. Cooper, Mr. Curbelo of Florida, Mrs. Carolyn B. Maloney of New York, Mr. McGovern, and Mr. Delaney. H.R. 910: Mr. Blumenauer. H.R. 918: Mr. Hensarling. H.R. 932: Mr. Foster, Mr. Lynch, and Mr. Larsen of Washington. H.R. 953: Mr. Sarbanes. H.R. 985: Mr. McHenry and Mr. Connolly. H.R. 997: Mr. Gohmert. H.R. 1017: Mr. Costello of Pennsylvania, Mr. Hensarling and Mr. Joyce. H.R. 1021: Mr. Rodney Davis of Illinois. H.R. 1037: Mr. Farr, Mr. Fleming, Mrs. Lowey, and Mr. Quigley. H.R. 1105: Mrs. Lummis, Mr. Ribble, Ms. Jenkins of Kansas, Mr. Collins of New York, Mr. Smith of Missouri, Mr. Walberg, Mr. Conaway, Mrs. Blackburn, and Mr. Williams. H.R. 1106: Mr. Hensarling. H.R. 1137: Mr. Blum. H.R. 1149: Mr. Sessions, Mr. Lance, Mr. Byrne, Mr. Brooks of Alabama, Mr. Issa, Mr. Rogers of Alabama, Mr. Olson, Mr. Pittenger, Mr. Babin, Mr. Guinta, Mr. Loudermilk, Mr. Gosar, Mr. Sam Johnson of Texas, and Mr. Carter of Georgia. H.R. 1174: Ms. Jenkins of Kansas, Mr. Collins of Georgia, Mr. Roe of Tennessee, and Mr. Franks of Arizona. H.R. 1188: Mr. Takai, Ms. Norton, Ms. Brownley of California, Ms. Hahn, Mr. Lowenthal, Mr. Stivers, and Mr. Swalwell of California. H.R. 1197: Ms. Clark of Massachusetts, Mr. Rangel, Mr. Buchanan, Mr. Levin, Ms. Judy Chu of California, Ms. Frankel of Florida, Mr. Pittenger, Ms. Hahn, Ms. Tsongas, Mrs. Wagner, Ms. Michelle Lujan Grisham of New Mexico, Mr. Joyce, Ms. DeLauro, Ms. Meng, Ms. Pingree, Mr. Ryan of Ohio, Mr. Farenthold, Mr. Larson of Connecticut, Mr. Keating, Mr. Lewis, Mr. Sarbanes, Mr. Grayson, Mrs. Lowey, Mr. Higgins, Mr. Blumenauer, and Mr. Lowenthal. H.R. 1212: Mr. Long, Mr. Buck, Mr. Brady of Texas, Mrs. Comstock, Mr. Kelly of Pennsylvania, Mr. Gosar, Mr. Bilirakis, Mr. Blum, Mrs. Walorski, Mr. Roe of Tennessee, Mr. Gohmert, and Mr. Hensarling. H.R. 1282: Mr. Capuano, Mr. Farr, Mr. Schiff, Ms. Norton, Mr. Welch, Mr. Rangel, Mr. Deutch, and Mr. Sires. H.R. 1298: Mr. Hensarling. H.R. 1306: Ms. Judy Chu of California. H.R. 1329: Mr. Weber of Texas. H.R. 1331: Mr. Jolly. H. Res. 15: Miss Rice of New York. H. Res. 94: Ms. Titus. ____________________",,"[Congressional Record Volume 161, Number 43 (Friday, March 13, 2015)] [House] [Page H1636] From the Congressional Record Online through the Government Publishing Office [ www.gpo.gov ] ADDITIONAL SPONSORS Under clause 7 of rule XII, sponsors were added to public bills and resolutions, as follows: H.R. 21: Ms. Moore and Mr. DeFazio. H.R. 156: Mr. Palmer. H.R. 222: Mr. Lowenthal. H.R. 244: Mr. Coffman. H.R. 284: Mr. Long, Mr. Byrne, Mr. Massie, and Mr. Brooks of Alabama. H.R. 306: Ms. Lee. H.R. 413: Mrs. Torres. H.R. 420: Mr. McClintock. H.R. 452: Mr. Amodei. H.R. 531: Mr. Danny K. Davis of Illinois and Mr. Vela. H.R. 556: Mr. Amodei, Mr. Messer, Mrs. Black, and Mr. Johnson of Ohio. H.R. 592: Mr. Polis. H.R. 624: Mr. Turner, Ms. Schakowsky, and Mr. Carson of Indiana. H.R. 653: Mr. Collins of Georgia, Mr. McCaul, Mr. Hurt of Virginia, Mr. Gosar, Mr. Walberg, and Mr. Ross. H.R. 658: Mr. Carson of Indiana and Mr. Israel. H.R. 690: Mr. Graves of Missouri. H.R. 699: Mr. Collins of Georgia, Mrs. McMorris Rodgers, and Mr. Sean Patrick Maloney of New York. H.R. 703: Mr. Byrne and Mr. Harris. H.R. 704: Mr. Byrne. H.R. 762: Ms. Schakowsky. H.R. 777: Mr. Ted Lieu of California. H.R. 818: Mr. Bishop of Michigan, Mr. Heck of Nevada, Ms. Stefanik, Mr. Blum, Mr. Boustany, Mr. Webster of Florida, and Mr. Amodei. H.R. 880: Mr. Paulsen. H.R. 885: Mrs. Kirkpatrick, Mr. Cooper, Mr. Curbelo of Florida, Mrs. Carolyn B. Maloney of New York, Mr. McGovern, and Mr. Delaney. H.R. 910: Mr. Blumenauer. H.R. 918: Mr. Hensarling. H.R. 932: Mr. Foster, Mr. Lynch, and Mr. Larsen of Washington. H.R. 953: Mr. Sarbanes. H.R. 985: Mr. McHenry and Mr. Connolly. H.R. 997: Mr. Gohmert. H.R. 1017: Mr. Costello of Pennsylvania, Mr. Hensarling and Mr. Joyce. H.R. 1021: Mr. Rodney Davis of Illinois. H.R. 1037: Mr. Farr, Mr. Fleming, Mrs. Lowey, and Mr. Quigley. H.R. 1105: Mrs. Lummis, Mr. Ribble, Ms. Jenkins of Kansas, Mr. Collins of New York, Mr. Smith of Missouri, Mr. Walberg, Mr. Conaway, Mrs. Blackburn, and Mr. Williams. H.R. 1106: Mr. Hensarling. H.R. 1137: Mr. Blum. H.R. 1149: Mr. Sessions, Mr. Lance, Mr. Byrne, Mr. Brooks of Alabama, Mr. Issa, Mr. Rogers of Alabama, Mr. Olson, Mr. Pittenger, Mr. Babin, Mr. Guinta, Mr. Loudermilk, Mr. Gosar, Mr. Sam Johnson of Texas, and Mr. Carter of Georgia. H.R. 1174: Ms. Jenkins of Kansas, Mr. Collins of Georgia, Mr. Roe of Tennessee, and Mr. Franks of Arizona. H.R. 1188: Mr. Takai, Ms. Norton, Ms. Brownley of California, Ms. Hahn, Mr. Lowenthal, Mr. Stivers, and Mr. Swalwell of California. H.R. 1197: Ms. Clark of Massachusetts, Mr. Rangel, Mr. Buchanan, Mr. Levin, Ms. Judy Chu of California, Ms. Frankel of Florida, Mr. Pittenger, Ms. Hahn, Ms. Tsongas, Mrs. Wagner, Ms. Michelle Lujan Grisham of New Mexico, Mr. Joyce, Ms. DeLauro, Ms. Meng, Ms. Pingree, Mr. Ryan of Ohio, Mr. Farenthold, Mr. Larson of Connecticut, Mr. Keating, Mr. Lewis, Mr. Sarbanes, Mr. Grayson, Mrs. Lowey, Mr. Higgins, Mr. Blumenauer, and Mr. Lowenthal. H.R. 1212: Mr. Long, Mr. Buck, Mr. Brady of Texas, Mrs. Comstock, Mr. Kelly of Pennsylvania, Mr. Gosar, Mr. Bilirakis, Mr. Blum, Mrs. Walorski, Mr. Roe of Tennessee, Mr. Gohmert, and Mr. Hensarling. H.R. 1282: Mr. Capuano, Mr. Farr, Mr. Schiff, Ms. Norton, Mr. Welch, Mr. Rangel, Mr. Deutch, and Mr. Sires. H.R. 1298: Mr. Hensarling. H.R. 1306: Ms. Judy Chu of California. H.R. 1329: Mr. Weber of Texas. H.R. 1331: Mr. Jolly. H. Res. 15: Miss Rice of New York. H. Res. 94: Ms. Titus. ____________________",https://api.govinfo.gov/related/CREC-2015-03-13-pt1-PgH1636-2,CREC,Proceedings of Congress and General Congressional Publications,2025-03-07T17:29:07Z,Congressional Record,package_114_42.csv,3478,0,3478,"[congressional record volume 161, number 43 (friday, march 13, 2015)] [house] [page h1636] from the congressional record online through the government publishing office [ www.gpo.gov ] additional sponsors under clause 7 of rule xii, sponsors were added to public bills and resolutions, as follows: h.r. 21: ms. moore and mr. defazio. h.r. 156: mr. palmer. h.r. 222: mr. lowenthal. h.r. 244: mr. coffman. h.r. 284: mr. long, mr. byrne, mr. massie, and mr. brooks of alabama. h.r. 306: ms. lee. h.r. 413: mrs. torres. h.r. 420: mr. mcclintock. h.r. 452: mr. amodei. h.r. 531: mr. danny k. davis of illinois and mr. vela. h.r. 556: mr. amodei, mr. messer, mrs. black, and mr. johnson of ohio. h.r. 592: mr. polis. h.r. 624: mr. turner, ms. schakowsky, and mr. carson of indiana. h.r. 653: mr. collins of georgia, mr. mccaul, mr. hurt of virginia, mr. gosar, mr. walberg, and mr. ross. h.r. 658: mr. carson of indiana and mr. israel. h.r. 690: mr. graves of missouri. h.r. 699: mr. collins of georgia, mrs. mcmorris rodgers, and mr. sean patrick maloney of new york. h.r. 703: mr. byrne and mr. harris. h.r. 704: mr. byrne. h.r. 762: ms. schakowsky. h.r. 777: mr. ted lieu of california. h.r. 818: mr. bishop of michigan, mr. heck of nevada, ms. stefanik, mr. blum, mr. boustany, mr. webster of florida, and mr. amodei. h.r. 880: mr. paulsen. h.r. 885: mrs. kirkpatrick, mr. cooper, mr. curbelo of florida, mrs. carolyn b. maloney of new york, mr. mcgovern, and mr. delaney. h.r. 910: mr. blumenauer. h.r. 918: mr. hensarling. h.r. 932: mr. foster, mr. lynch, and mr. larsen of washington. h.r. 953: mr. sarbanes. h.r. 985: mr. mchenry and mr. connolly. h.r. 997: mr. gohmert. h.r. 1017: mr. costello of pennsylvania, mr. hensarling and mr. joyce. h.r. 1021: mr. rodney davis of illinois. h.r. 1037: mr. farr, mr. fleming, mrs. lowey, and mr. quigley. h.r. 1105: mrs. lummis, mr. ribble, ms. jenkins of kansas, mr. collins of new york, mr. smith of missouri, mr. walberg, mr. conaway, mrs. blackburn, and mr. williams. h.r. 1106: mr. hensarling. h.r. 1137: mr. blum. h.r. 1149: mr. sessions, mr. lance, mr. byrne, mr. brooks of alabama, mr. issa, mr. rogers of alabama, mr. olson, mr. pittenger, mr. babin, mr. guinta, mr. loudermilk, mr. gosar, mr. sam johnson of texas, and mr. carter of georgia. h.r. 1174: ms. jenkins of kansas, mr. collins of georgia, mr. roe of tennessee, and mr. franks of arizona. h.r. 1188: mr. takai, ms. norton, ms. brownley of california, ms. hahn, mr. lowenthal, mr. stivers, and mr. swalwell of california. h.r. 1197: ms. clark of massachusetts, mr. rangel, mr. buchanan, mr. levin, ms. judy chu of california, ms. frankel of florida, mr. pittenger, ms. hahn, ms. tsongas, mrs. wagner, ms. michelle lujan grisham of new mexico, mr. joyce, ms. delauro, ms. meng, ms. pingree, mr. ryan of ohio, mr. farenthold, mr. larson of connecticut, mr. keating, mr. lewis, mr. sarbanes, mr. grayson, mrs. lowey, mr. higgins, mr. blumenauer, and mr. lowenthal. h.r. 1212: mr. long, mr. buck, mr. brady of texas, mrs. comstock, mr. kelly of pennsylvania, mr. gosar, mr. bilirakis, mr. blum, mrs. walorski, mr. roe of tennessee, mr. gohmert, and mr. hensarling. h.r. 1282: mr. capuano, mr. farr, mr. schiff, ms. norton, mr. welch, mr. rangel, mr. deutch, and mr. sires. h.r. 1298: mr. hensarling. h.r. 1306: ms. judy chu of california. h.r. 1329: mr. weber of texas. h.r. 1331: mr. jolly. h. res. 15: miss rice of new york. h. res. 94: ms. titus. ____________________",3478
CREC-2015-03-13-pt1-PgH1636-3,CREC-2015-03-13,2015-03-13,"PETITIONS, ETC.",CREC,HOUSE,H,H,1,https://www.govinfo.gov/app/details/CREC-2015-03-13/CREC-2015-03-13-pt1-PgH1636-3,https://api.govinfo.gov/packages/CREC-2015-03-13/granules/CREC-2015-03-13-pt1-PgH1636-3/htm,https://api.govinfo.gov/packages/CREC-2015-03-13/granules/CREC-2015-03-13-pt1-PgH1636-3/pdf,https://api.govinfo.gov/packages/CREC-2015-03-13/summary,"[Congressional Record Volume 161, Number 43 (Friday, March 13, 2015)] [House] [Page H1636] From the Congressional Record Online through the Government Publishing Office [ www.gpo.gov ] PETITIONS, ETC. Under clause 3 of rule XII, 6. The SPEAKER presented a petition of the Board of Supervisors of San Francisco, CA, relative to Resolution No. 36-15, supporting a full investigation into the disappearance of 43 students from Iguala, Guerrero, Mexico; which was referred to the Committee on Foreign Affairs.",,"[Congressional Record Volume 161, Number 43 (Friday, March 13, 2015)] [House] [Page H1636] From the Congressional Record Online through the Government Publishing Office [ www.gpo.gov ] PETITIONS, ETC. Under clause 3 of rule XII, 6. The SPEAKER presented a petition of the Board of Supervisors of San Francisco, CA, relative to Resolution No. 36-15, supporting a full investigation into the disappearance of 43 students from Iguala, Guerrero, Mexico; which was referred to the Committee on Foreign Affairs.",https://api.govinfo.gov/related/CREC-2015-03-13-pt1-PgH1636-3,CREC,Proceedings of Congress and General Congressional Publications,2025-03-07T17:29:07Z,Congressional Record,package_114_42.csv,505,0,505,"[congressional record volume 161, number 43 (friday, march 13, 2015)] [house] [page h1636] from the congressional record online through the government publishing office [ www.gpo.gov ] petitions, etc. under clause 3 of rule xii, 6. the speaker presented a petition of the board of supervisors of san francisco, ca, relative to resolution no. 36-15, supporting a full investigation into the disappearance of 43 students from iguala, guerrero, mexico; which was referred to the committee on foreign affairs.",505
CREC-2015-03-13-pt1-PgE323-2,CREC-2015-03-13,2015-03-04,PASSENGER RAIL REFORM AND INVESTMENT ACT OF 2015,CREC,EXTENSIONS,E,E,1,https://www.govinfo.gov/app/details/CREC-2015-03-13/CREC-2015-03-13-pt1-PgE323-2,https://api.govinfo.gov/packages/CREC-2015-03-13/granules/CREC-2015-03-13-pt1-PgE323-2/htm,https://api.govinfo.gov/packages/CREC-2015-03-13/granules/CREC-2015-03-13-pt1-PgE323-2/pdf,https://api.govinfo.gov/packages/CREC-2015-03-13/summary,"[Congressional Record Volume 161, Number 43 (Friday, March 13, 2015)] [Extensions of Remarks] [Page E323] From the Congressional Record Online through the Government Publishing Office [ www.gpo.gov ] PASSENGER RAIL REFORM AND INVESTMENT ACT OF 2015 ______ speech of HON. ELIZABETH H. ESTY of connecticut in the house of representatives Wednesday, March 4, 2015 The House in Committee of the Whole House on the state of the Union had under consideration the bill (H.R. 749) to reauthorize Federal support for passenger rail programs, and for other purposes: Ms. ESTY. Mr. Chairman, I rise today to voice my strong support for high-speed rail service along the Northeast Corridor with stops in Connecticut. High-speed rail service provides a fast, safe, and reliable transportation alternative for passengers. Expanding high- speed rail in Connecticut would go a long way in alleviating highway congestion and promoting faster travel within and through the state. In addition, high-speed rail along the Northeast Corridor would create new jobs, boost manufacturing, and bolster America's competitiveness in our global economy. Not including a stop for Connecticut in a study on high-speed rail along the Northeast Corridor is a serious mistake, and I stand firmly against any proposal that excludes Connecticut. ____________________",,"[Congressional Record Volume 161, Number 43 (Friday, March 13, 2015)] [Extensions of Remarks] [Page E323] From the Congressional Record Online through the Government Publishing Office [ www.gpo.gov ] PASSENGER RAIL REFORM AND INVESTMENT ACT OF 2015 ______ speech of HON. ELIZABETH H. ESTY of connecticut in the house of representatives Wednesday, March 4, 2015 The House in Committee of the Whole House on the state of the Union had under consideration the bill (H.R. 749) to reauthorize Federal support for passenger rail programs, and for other purposes: Ms. ESTY. Mr. Chairman, I rise today to voice my strong support for high-speed rail service along the Northeast Corridor with stops in Connecticut. High-speed rail service provides a fast, safe, and reliable transportation alternative for passengers. Expanding high- speed rail in Connecticut would go a long way in alleviating highway congestion and promoting faster travel within and through the state. In addition, high-speed rail along the Northeast Corridor would create new jobs, boost manufacturing, and bolster America's competitiveness in our global economy. Not including a stop for Connecticut in a study on high-speed rail along the Northeast Corridor is a serious mistake, and I stand firmly against any proposal that excludes Connecticut. ____________________",https://api.govinfo.gov/related/CREC-2015-03-13-pt1-PgE323-2,CREC,Proceedings of Congress and General Congressional Publications,2025-03-07T17:29:07Z,Congressional Record,package_114_42.csv,1330,0,1330,"[congressional record volume 161, number 43 (friday, march 13, 2015)] [extensions of remarks] [page e323] from the congressional record online through the government publishing office [ www.gpo.gov ] passenger rail reform and investment act of 2015 ______ speech of hon. elizabeth h. esty of connecticut in the house of representatives wednesday, march 4, 2015 the house in committee of the whole house on the state of the union had under consideration the bill (h.r. 749) to reauthorize federal support for passenger rail programs, and for other purposes: ms. esty. mr. chairman, i rise today to voice my strong support for high-speed rail service along the northeast corridor with stops in connecticut. high-speed rail service provides a fast, safe, and reliable transportation alternative for passengers. expanding high- speed rail in connecticut would go a long way in alleviating highway congestion and promoting faster travel within and through the state. in addition, high-speed rail along the northeast corridor would create new jobs, boost manufacturing, and bolster america's competitiveness in our global economy. not including a stop for connecticut in a study on high-speed rail along the northeast corridor is a serious mistake, and i stand firmly against any proposal that excludes connecticut. ____________________",1330
CREC-2015-03-13-pt1-PgE323-3,CREC-2015-03-13,2015-03-13,STEPHEN AND KATHLEEN HUVANE,CREC,EXTENSIONS,E,E,1,https://www.govinfo.gov/app/details/CREC-2015-03-13/CREC-2015-03-13-pt1-PgE323-3,https://api.govinfo.gov/packages/CREC-2015-03-13/granules/CREC-2015-03-13-pt1-PgE323-3/htm,https://api.govinfo.gov/packages/CREC-2015-03-13/granules/CREC-2015-03-13-pt1-PgE323-3/pdf,https://api.govinfo.gov/packages/CREC-2015-03-13/summary,"[Congressional Record Volume 161, Number 43 (Friday, March 13, 2015)] [Extensions of Remarks] [Page E323] From the Congressional Record Online through the Government Publishing Office [ www.gpo.gov ] STEPHEN AND KATHLEEN HUVANE ______ HON. ELIOT L. ENGEL of new york in the house of representatives Friday, March 13, 2015 Mr. ENGEL. Mr. Speaker, it is always a pleasure when neighborhood groups in my district pick incredibly deserving community members to fill important positions of prominence. This year, the planning committee of the Eastchester Irish American Social Club (EIASC) has outdone themselves with the selection of Stephen and Kathleen Huvane as Honorees of the annual Eastchester St. Patrick's Day Parade. Like me, Stephen and Kathleen are both Bronx natives, with families who immigrated to America searching for a better life. Stephen's parents came from the counties Mayo and Galway in Ireland, while Kathleen's came from County Kerry. A graduate of Manhattan College, Stephen received his B.S. in Computer Science and Engineering, while Kathleen earned her B.S. in Nursing from the College of Mt. St. Vincent. Today, Kathleen is a Registered Pediatric Nurse at the Eastchester Pediatric Medical group, and Stephen works at Purdue Pharma LLP. Both Stephen and Kathleen are active in the community, especially the EIASC, of which they have been members for over 16 years. They are also five year members of Swazi Legacy, a not-for-profit that helps marginalized and homeless young people in Swaziland. Today Stephen and Kathleen live in Eastchester, where together they have raised four wonderful children; Kaitlin, Eilish, Stephen, and Kieran. They are active members of various school functions and fundraisers, in addition to Stephen's work on the EIASC St. Patrick's Parade Committee, which he has been a part of for the past 10 years. As this year's St. Patrick's Day Parade approaches, I want to congratulate Stephen and Kathleen for their selection as Parade Honorees, and thank them on the occasion for all they have done to better our community. ____________________",,"[Congressional Record Volume 161, Number 43 (Friday, March 13, 2015)] [Extensions of Remarks] [Page E323] From the Congressional Record Online through the Government Publishing Office [ www.gpo.gov ] STEPHEN AND KATHLEEN HUVANE ______ HON. ELIOT L. ENGEL of new york in the house of representatives Friday, March 13, 2015 Mr. ENGEL. Mr. Speaker, it is always a pleasure when neighborhood groups in my district pick incredibly deserving community members to fill important positions of prominence. This year, the planning committee of the Eastchester Irish American Social Club (EIASC) has outdone themselves with the selection of Stephen and Kathleen Huvane as Honorees of the annual Eastchester St. Patrick's Day Parade. Like me, Stephen and Kathleen are both Bronx natives, with families who immigrated to America searching for a better life. Stephen's parents came from the counties Mayo and Galway in Ireland, while Kathleen's came from County Kerry. A graduate of Manhattan College, Stephen received his B.S. in Computer Science and Engineering, while Kathleen earned her B.S. in Nursing from the College of Mt. St. Vincent. Today, Kathleen is a Registered Pediatric Nurse at the Eastchester Pediatric Medical group, and Stephen works at Purdue Pharma LLP. Both Stephen and Kathleen are active in the community, especially the EIASC, of which they have been members for over 16 years. They are also five year members of Swazi Legacy, a not-for-profit that helps marginalized and homeless young people in Swaziland. Today Stephen and Kathleen live in Eastchester, where together they have raised four wonderful children; Kaitlin, Eilish, Stephen, and Kieran. They are active members of various school functions and fundraisers, in addition to Stephen's work on the EIASC St. Patrick's Parade Committee, which he has been a part of for the past 10 years. As this year's St. Patrick's Day Parade approaches, I want to congratulate Stephen and Kathleen for their selection as Parade Honorees, and thank them on the occasion for all they have done to better our community. ____________________",https://api.govinfo.gov/related/CREC-2015-03-13-pt1-PgE323-3,CREC,Proceedings of Congress and General Congressional Publications,2025-03-07T17:29:07Z,Congressional Record,package_114_42.csv,2093,0,2093,"[congressional record volume 161, number 43 (friday, march 13, 2015)] [extensions of remarks] [page e323] from the congressional record online through the government publishing office [ www.gpo.gov ] stephen and kathleen huvane ______ hon. eliot l. engel of new york in the house of representatives friday, march 13, 2015 mr. engel. mr. speaker, it is always a pleasure when neighborhood groups in my district pick incredibly deserving community members to fill important positions of prominence. this year, the planning committee of the eastchester irish american social club (eiasc) has outdone themselves with the selection of stephen and kathleen huvane as honorees of the annual eastchester st. patrick's day parade. like me, stephen and kathleen are both bronx natives, with families who immigrated to america searching for a better life. stephen's parents came from the counties mayo and galway in ireland, while kathleen's came from county kerry. a graduate of manhattan college, stephen received his b.s. in computer science and engineering, while kathleen earned her b.s. in nursing from the college of mt. st. vincent. today, kathleen is a registered pediatric nurse at the eastchester pediatric medical group, and stephen works at purdue pharma llp. both stephen and kathleen are active in the community, especially the eiasc, of which they have been members for over 16 years. they are also five year members of swazi legacy, a not-for-profit that helps marginalized and homeless young people in swaziland. today stephen and kathleen live in eastchester, where together they have raised four wonderful children; kaitlin, eilish, stephen, and kieran. they are active members of various school functions and fundraisers, in addition to stephen's work on the eiasc st. patrick's parade committee, which he has been a part of for the past 10 years. as this year's st. patrick's day parade approaches, i want to congratulate stephen and kathleen for their selection as parade honorees, and thank them on the occasion for all they have done to better our community. ____________________",2093
CREC-2015-03-13-pt1-PgE323-5,CREC-2015-03-13,2015-03-13,THE ANNIVERSARY OF SUMGAIT POGROMS,CREC,EXTENSIONS,E,E,1,https://www.govinfo.gov/app/details/CREC-2015-03-13/CREC-2015-03-13-pt1-PgE323-5,https://api.govinfo.gov/packages/CREC-2015-03-13/granules/CREC-2015-03-13-pt1-PgE323-5/htm,https://api.govinfo.gov/packages/CREC-2015-03-13/granules/CREC-2015-03-13-pt1-PgE323-5/pdf,https://api.govinfo.gov/packages/CREC-2015-03-13/summary,"[Congressional Record Volume 161, Number 43 (Friday, March 13, 2015)] [Extensions of Remarks] [Page E323] From the Congressional Record Online through the Government Publishing Office [ www.gpo.gov ] THE ANNIVERSARY OF SUMGAIT POGROMS ______ HON. DAVID N. CICILLINE of rhode island in the house of representatives Friday, March 13, 2015 Mr. CICILLINE. Mr. Speaker, this week we commemorate the 27th Anniversary of the horrific Sumgait Pogroms. On February 27, 1988 organized mobs of Azerbaijanis aimed at killing and driving Armenian Christians living in Sumgait from their homes. Police allowed the pogroms to go on for 3 days, during which Armenians were burned alive and thrown from windows. The Sumgait massacre is a black mark on history and sadly, this event sparked further violence as Armenians would be targeted less than 9 months later in Kirovbad and again in Baku in 1990. The Azerbaijani Government has shamefully continued to undermine prospects for a lasting peace in the Southern Caucuses, recently they were reported violating the ceasefire and killing several Armenian soldiers on the border. From the earliest days of its formation, the people of Nagorno Karabakh have fought and died for their independence and held open and transparent elections, a tradition of democracy that the United States should honor and respect. As we reflect on these horrific outbreaks of ethnic violence, I join with Armenians in Rhode Island, and across the world in remembering these victims and renewing our commitment to justice, independence and finding lasting peace. ____________________",,"[Congressional Record Volume 161, Number 43 (Friday, March 13, 2015)] [Extensions of Remarks] [Page E323] From the Congressional Record Online through the Government Publishing Office [ www.gpo.gov ] THE ANNIVERSARY OF SUMGAIT POGROMS ______ HON. DAVID N. CICILLINE of rhode island in the house of representatives Friday, March 13, 2015 Mr. CICILLINE. Mr. Speaker, this week we commemorate the 27th Anniversary of the horrific Sumgait Pogroms. On February 27, 1988 organized mobs of Azerbaijanis aimed at killing and driving Armenian Christians living in Sumgait from their homes. Police allowed the pogroms to go on for 3 days, during which Armenians were burned alive and thrown from windows. The Sumgait massacre is a black mark on history and sadly, this event sparked further violence as Armenians would be targeted less than 9 months later in Kirovbad and again in Baku in 1990. The Azerbaijani Government has shamefully continued to undermine prospects for a lasting peace in the Southern Caucuses, recently they were reported violating the ceasefire and killing several Armenian soldiers on the border. From the earliest days of its formation, the people of Nagorno Karabakh have fought and died for their independence and held open and transparent elections, a tradition of democracy that the United States should honor and respect. As we reflect on these horrific outbreaks of ethnic violence, I join with Armenians in Rhode Island, and across the world in remembering these victims and renewing our commitment to justice, independence and finding lasting peace. ____________________",https://api.govinfo.gov/related/CREC-2015-03-13-pt1-PgE323-5,CREC,Proceedings of Congress and General Congressional Publications,2025-03-07T17:29:07Z,Congressional Record,package_114_42.csv,1593,0,1593,"[congressional record volume 161, number 43 (friday, march 13, 2015)] [extensions of remarks] [page e323] from the congressional record online through the government publishing office [ www.gpo.gov ] the anniversary of sumgait pogroms ______ hon. david n. cicilline of rhode island in the house of representatives friday, march 13, 2015 mr. cicilline. mr. speaker, this week we commemorate the 27th anniversary of the horrific sumgait pogroms. on february 27, 1988 organized mobs of azerbaijanis aimed at killing and driving armenian christians living in sumgait from their homes. police allowed the pogroms to go on for 3 days, during which armenians were burned alive and thrown from windows. the sumgait massacre is a black mark on history and sadly, this event sparked further violence as armenians would be targeted less than 9 months later in kirovbad and again in baku in 1990. the azerbaijani government has shamefully continued to undermine prospects for a lasting peace in the southern caucuses, recently they were reported violating the ceasefire and killing several armenian soldiers on the border. from the earliest days of its formation, the people of nagorno karabakh have fought and died for their independence and held open and transparent elections, a tradition of democracy that the united states should honor and respect. as we reflect on these horrific outbreaks of ethnic violence, i join with armenians in rhode island, and across the world in remembering these victims and renewing our commitment to justice, independence and finding lasting peace. ____________________",1593
CREC-2015-03-13-pt1-PgE323-4,CREC-2015-03-13,2015-03-13,HONORING VERNA TELLER,CREC,EXTENSIONS,E,E,1,https://www.govinfo.gov/app/details/CREC-2015-03-13/CREC-2015-03-13-pt1-PgE323-4,https://api.govinfo.gov/packages/CREC-2015-03-13/granules/CREC-2015-03-13-pt1-PgE323-4/htm,https://api.govinfo.gov/packages/CREC-2015-03-13/granules/CREC-2015-03-13-pt1-PgE323-4/pdf,https://api.govinfo.gov/packages/CREC-2015-03-13/summary,"[Congressional Record Volume 161, Number 43 (Friday, March 13, 2015)] [Extensions of Remarks] [Page E323] From the Congressional Record Online through the Government Publishing Office [ www.gpo.gov ] HONORING VERNA TELLER ______ HON. MICHELLE LUJAN GRISHAM of new mexico in the house of representatives Friday, March 13, 2015 Ms. MICHELLE LUJAN GRISHAM of New Mexico. Mr. Speaker, I rise today to honor Verna Teller, a remarkable woman whose steadfast political leadership and tireless civic activism has had a lasting impact on the people in her community. In March of each year, we celebrate Women's History month to honor women who have made invaluable contributions to their communities and the world. Verna is one such woman. Verna has never tired of fighting for the community she loves. In the face of gender discrimination, Verna ushered in a new era of leadership, becoming the first female governor of Isleta Pueblo in 1987. By spearheading passage of a constitutional amendment requiring tribal leadership positions to be elected, as well as fighting to make tribal council meetings more open and accessible, Verna ensured that women's voices were not only heard but amplified within the Pueblo community. Following her tenure as governor, Verna continued to serve Isleta Pueblo as Chief Justice, President of the Tribal Council, and council member. Under her watchful guidance, Isleta Pueblo became the first tribe in the United States to assert their right under federal law to establish water quality standards to protect their community. Verna went on to serve as project manager for the Native Peoples- Native Homelands Southwest Initiative, a project sponsored by the National Aeronautics and Space Administration (NASA) to examine the effects of climate change on Native Americans. As Project Director for Tribal Tobacco Health, Education and Outreach, Verna helped develop cancer prevention programs through Indian Health Services, the Centers for Disease Control, and the American Cancer Society. She also ran a consulting business, ATV Enterprises; served as a member of the All Indian Pueblo Council; was named ``Indian Woman of the Year;'' and has received numerous other accolades. It is astonishing to think of all that Verna has accomplished in her life. In the face of adversity, discrimination, and uncertainty, Verna's determination to lead her community never faltered. As Eleanor Roosevelt once said: ``We gain strength, and courage, and confidence by each experience in which we really stop to look fear in the face--we must do that which we think we cannot.'' Verna's enduring legacy of community development, service and sacrifice will continue to be an inspiration for future generations of young women. ____________________",,"[Congressional Record Volume 161, Number 43 (Friday, March 13, 2015)] [Extensions of Remarks] [Page E323] From the Congressional Record Online through the Government Publishing Office [ www.gpo.gov ] HONORING VERNA TELLER ______ HON. MICHELLE LUJAN GRISHAM of new mexico in the house of representatives Friday, March 13, 2015 Ms. MICHELLE LUJAN GRISHAM of New Mexico. Mr. Speaker, I rise today to honor Verna Teller, a remarkable woman whose steadfast political leadership and tireless civic activism has had a lasting impact on the people in her community. In March of each year, we celebrate Women's History month to honor women who have made invaluable contributions to their communities and the world. Verna is one such woman. Verna has never tired of fighting for the community she loves. In the face of gender discrimination, Verna ushered in a new era of leadership, becoming the first female governor of Isleta Pueblo in 1987. By spearheading passage of a constitutional amendment requiring tribal leadership positions to be elected, as well as fighting to make tribal council meetings more open and accessible, Verna ensured that women's voices were not only heard but amplified within the Pueblo community. Following her tenure as governor, Verna continued to serve Isleta Pueblo as Chief Justice, President of the Tribal Council, and council member. Under her watchful guidance, Isleta Pueblo became the first tribe in the United States to assert their right under federal law to establish water quality standards to protect their community. Verna went on to serve as project manager for the Native Peoples- Native Homelands Southwest Initiative, a project sponsored by the National Aeronautics and Space Administration (NASA) to examine the effects of climate change on Native Americans. As Project Director for Tribal Tobacco Health, Education and Outreach, Verna helped develop cancer prevention programs through Indian Health Services, the Centers for Disease Control, and the American Cancer Society. She also ran a consulting business, ATV Enterprises; served as a member of the All Indian Pueblo Council; was named ``Indian Woman of the Year;'' and has received numerous other accolades. It is astonishing to think of all that Verna has accomplished in her life. In the face of adversity, discrimination, and uncertainty, Verna's determination to lead her community never faltered. As Eleanor Roosevelt once said: ``We gain strength, and courage, and confidence by each experience in which we really stop to look fear in the face--we must do that which we think we cannot.'' Verna's enduring legacy of community development, service and sacrifice will continue to be an inspiration for future generations of young women. ____________________",https://api.govinfo.gov/related/CREC-2015-03-13-pt1-PgE323-4,CREC,Proceedings of Congress and General Congressional Publications,2025-03-07T17:29:07Z,Congressional Record,package_114_42.csv,2759,0,2759,"[congressional record volume 161, number 43 (friday, march 13, 2015)] [extensions of remarks] [page e323] from the congressional record online through the government publishing office [ www.gpo.gov ] honoring verna teller ______ hon. michelle lujan grisham of new mexico in the house of representatives friday, march 13, 2015 ms. michelle lujan grisham of new mexico. mr. speaker, i rise today to honor verna teller, a remarkable woman whose steadfast political leadership and tireless civic activism has had a lasting impact on the people in her community. in march of each year, we celebrate women's history month to honor women who have made invaluable contributions to their communities and the world. verna is one such woman. verna has never tired of fighting for the community she loves. in the face of gender discrimination, verna ushered in a new era of leadership, becoming the first female governor of isleta pueblo in 1987. by spearheading passage of a constitutional amendment requiring tribal leadership positions to be elected, as well as fighting to make tribal council meetings more open and accessible, verna ensured that women's voices were not only heard but amplified within the pueblo community. following her tenure as governor, verna continued to serve isleta pueblo as chief justice, president of the tribal council, and council member. under her watchful guidance, isleta pueblo became the first tribe in the united states to assert their right under federal law to establish water quality standards to protect their community. verna went on to serve as project manager for the native peoples- native homelands southwest initiative, a project sponsored by the national aeronautics and space administration (nasa) to examine the effects of climate change on native americans. as project director for tribal tobacco health, education and outreach, verna helped develop cancer prevention programs through indian health services, the centers for disease control, and the american cancer society. she also ran a consulting business, atv enterprises; served as a member of the all indian pueblo council; was named ``indian woman of the year;'' and has received numerous other accolades. it is astonishing to think of all that verna has accomplished in her life. in the face of adversity, discrimination, and uncertainty, verna's determination to lead her community never faltered. as eleanor roosevelt once said: ``we gain strength, and courage, and confidence by each experience in which we really stop to look fear in the face--we must do that which we think we cannot.'' verna's enduring legacy of community development, service and sacrifice will continue to be an inspiration for future generations of young women. ____________________",2759
CREC-2015-03-13-pt1-PgE323-6,CREC-2015-03-13,2015-03-13,HONORING JOSEPH B. HOULIHAN,CREC,EXTENSIONS,E,E,1,https://www.govinfo.gov/app/details/CREC-2015-03-13/CREC-2015-03-13-pt1-PgE323-6,https://api.govinfo.gov/packages/CREC-2015-03-13/granules/CREC-2015-03-13-pt1-PgE323-6/htm,https://api.govinfo.gov/packages/CREC-2015-03-13/granules/CREC-2015-03-13-pt1-PgE323-6/pdf,https://api.govinfo.gov/packages/CREC-2015-03-13/summary,"[Congressional Record Volume 161, Number 43 (Friday, March 13, 2015)] [Extensions of Remarks] [Pages E323-E324] From the Congressional Record Online through the Government Publishing Office [ www.gpo.gov ] HONORING JOSEPH B. HOULIHAN ______ HON. ELIOT L. ENGEL of new york in the house of representatives Friday, March 13, 2015 Mr. ENGEL. Mr. Speaker, the story of America is the story of men and women emigrating from foreign lands to make a better life for themselves and their families. Joseph Houlihan's success, a result in part of the sacrifices his great grandparents made in coming to America from county Kerry in Ireland, is exactly what that American story is about. The Houlihans came to America and found success in real estate, a family business that [[Page E324]] endured the generations. Joe, a graduate of Iona College with a degree in Business Administration, followed suit, earning a CPA before commencing his own real estate career. As the Managing Partner of the Residential Sales Group at Houlihan & O'Malley Real Estate Services in Bronxville, Joe has had tremendous success. His work has been recognized by the Hudson Gateway Association of Realtors, where he won the Diamond Award for sales over $15,000,000, while also receiving the Westchester County Five Star Real Estate Agent Award on several occasions. Outside of work, Joe is an active member of St. Joseph's Parish in Bronxville, and the Eastchester Irish American Social Club (EIASC). He has also been on the Board of Trustees at the School of the Holy Child in Rye, and currently resides in Fleetwood with his beautiful wife, Anna Filipkowski, and their three incredible daughters, Kasia, Julia, and Emily. This year, the EIASC selected Joe to be the Grand Marshal of the annual Eastchester St. Patrick's Day Parade. Joe was shocked and amazed by the nomination, a testament to his humble nature and belief that you work hard not for accolades or adulation, but simply to improve your life and the lives around you. Joe's selection, however, was no accident. For all he has accomplished and all he has done to improve the community, I can't think of a better honoree to be Eastchester's St. Patrick's Day Parade Grand Marshal. Congratulations to Joe and to the entire Houlihan family on this honor. ____________________",,"[Congressional Record Volume 161, Number 43 (Friday, March 13, 2015)] [Extensions of Remarks] [Pages E323-E324] From the Congressional Record Online through the Government Publishing Office [ www.gpo.gov ] HONORING JOSEPH B. HOULIHAN ______ HON. ELIOT L. ENGEL of new york in the house of representatives Friday, March 13, 2015 Mr. ENGEL. Mr. Speaker, the story of America is the story of men and women emigrating from foreign lands to make a better life for themselves and their families. Joseph Houlihan's success, a result in part of the sacrifices his great grandparents made in coming to America from county Kerry in Ireland, is exactly what that American story is about. The Houlihans came to America and found success in real estate, a family business that [[Page E324]] endured the generations. Joe, a graduate of Iona College with a degree in Business Administration, followed suit, earning a CPA before commencing his own real estate career. As the Managing Partner of the Residential Sales Group at Houlihan & O'Malley Real Estate Services in Bronxville, Joe has had tremendous success. His work has been recognized by the Hudson Gateway Association of Realtors, where he won the Diamond Award for sales over $15,000,000, while also receiving the Westchester County Five Star Real Estate Agent Award on several occasions. Outside of work, Joe is an active member of St. Joseph's Parish in Bronxville, and the Eastchester Irish American Social Club (EIASC). He has also been on the Board of Trustees at the School of the Holy Child in Rye, and currently resides in Fleetwood with his beautiful wife, Anna Filipkowski, and their three incredible daughters, Kasia, Julia, and Emily. This year, the EIASC selected Joe to be the Grand Marshal of the annual Eastchester St. Patrick's Day Parade. Joe was shocked and amazed by the nomination, a testament to his humble nature and belief that you work hard not for accolades or adulation, but simply to improve your life and the lives around you. Joe's selection, however, was no accident. For all he has accomplished and all he has done to improve the community, I can't think of a better honoree to be Eastchester's St. Patrick's Day Parade Grand Marshal. Congratulations to Joe and to the entire Houlihan family on this honor. ____________________",https://api.govinfo.gov/related/CREC-2015-03-13-pt1-PgE323-6,CREC,Proceedings of Congress and General Congressional Publications,2025-03-07T17:29:07Z,Congressional Record,package_114_42.csv,2303,0,2303,"[congressional record volume 161, number 43 (friday, march 13, 2015)] [extensions of remarks] [pages e323-e324] from the congressional record online through the government publishing office [ www.gpo.gov ] honoring joseph b. houlihan ______ hon. eliot l. engel of new york in the house of representatives friday, march 13, 2015 mr. engel. mr. speaker, the story of america is the story of men and women emigrating from foreign lands to make a better life for themselves and their families. joseph houlihan's success, a result in part of the sacrifices his great grandparents made in coming to america from county kerry in ireland, is exactly what that american story is about. the houlihans came to america and found success in real estate, a family business that [[page e324]] endured the generations. joe, a graduate of iona college with a degree in business administration, followed suit, earning a cpa before commencing his own real estate career. as the managing partner of the residential sales group at houlihan & o'malley real estate services in bronxville, joe has had tremendous success. his work has been recognized by the hudson gateway association of realtors, where he won the diamond award for sales over $15,000,000, while also receiving the westchester county five star real estate agent award on several occasions. outside of work, joe is an active member of st. joseph's parish in bronxville, and the eastchester irish american social club (eiasc). he has also been on the board of trustees at the school of the holy child in rye, and currently resides in fleetwood with his beautiful wife, anna filipkowski, and their three incredible daughters, kasia, julia, and emily. this year, the eiasc selected joe to be the grand marshal of the annual eastchester st. patrick's day parade. joe was shocked and amazed by the nomination, a testament to his humble nature and belief that you work hard not for accolades or adulation, but simply to improve your life and the lives around you. joe's selection, however, was no accident. for all he has accomplished and all he has done to improve the community, i can't think of a better honoree to be eastchester's st. patrick's day parade grand marshal. congratulations to joe and to the entire houlihan family on this honor. ____________________",2303
CREC-2015-03-13-pt1-PgE324,CREC-2015-03-13,2015-03-13,"HONORING THE 75TH ANNIVERSARY OF THE DOCHIKI CIVIC AND SOCIAL CLUB, INC.",CREC,EXTENSIONS,E,E,1,https://www.govinfo.gov/app/details/CREC-2015-03-13/CREC-2015-03-13-pt1-PgE324,https://api.govinfo.gov/packages/CREC-2015-03-13/granules/CREC-2015-03-13-pt1-PgE324/htm,https://api.govinfo.gov/packages/CREC-2015-03-13/granules/CREC-2015-03-13-pt1-PgE324/pdf,https://api.govinfo.gov/packages/CREC-2015-03-13/summary,"[Congressional Record Volume 161, Number 43 (Friday, March 13, 2015)] [Extensions of Remarks] [Page E324] From the Congressional Record Online through the Government Publishing Office [ www.gpo.gov ] HONORING THE 75TH ANNIVERSARY OF THE DOCHIKI CIVIC AND SOCIAL CLUB, INC. ______ HON. ROBERT C. ``BOBBY'' SCOTT of virginia in the house of representatives Friday, March 13, 2015 Mr. SCOTT of Virginia. Mr. Speaker, I rise today to honor the 75th anniversary of the Dochiki Civic and Social Club in Newport News, Virginia. Originally known as ``Los Amigas,'' the club was founded on March 15, 1940 by eleven businessmen gathered at the Odessa Barber Shop located at 29th Street and Chestnut Avenue in Newport News. Two years later, the name of the club was changed to ``Dochiki,'' a word of Chinese origin meaning love and friendship. The founders of the club were Homer Hines, Ward Bridgeforth, Virgil Evans, B. C. Anthony, Oliver Hawkins, James Hawkins, Harold Heath, James Jones, Irving Thomas, Robert Whitney, and Howard Ovelest. The club initially met in members' homes, and in 1948 they relocated to a room above a club member's garage which they nicknamed ``Alley Inn.'' As membership increased, the club leased larger space to accommodate its growing membership, and, on August 7, 1952, the club purchased property at 2705 Chestnut Avenue in Newport News, where it still meets today. In addition to this property, the club has acquired additional property along Chestnut Avenue through donations of club members, including Cornelius Glover, which allowed the club to significantly expand its facilities. Today, the club occupies much of the 2700 block of Chestnut Avenue and includes numerous amenities, such as a 300-seat ballroom, a commercial kitchen, restroom suites, office space, recreational and storage areas, lounges, a 24-seat bar with adjacent kitchen, a locker room, and ample parking, all of which are accessible for individuals with disabilities. The club offers its facilities for use free of charge to many community groups and has also served as the Chestnut Avenue voting precinct for many years. While Dochiki remains a place for men to socialize, debate politics, and enjoy sports, women have also played an active role in the club for much of its history. In 1960, the Dochiki Wives Auxiliary, Inc. was established to compliment the men's club and support its educational, social, health and civic projects targeted at aiding charities, youth programs, and senior citizens. Since its founding 75 years ago, the Dochiki Civic and Social Club has been actively involved in the Newport News community providing outstanding civic, social and philanthropic leadership to their fellow citizens. The club has raised tens of thousands of dollars for local charities, youth programs, and senior citizen projects. It has also strongly encouraged all of its members and fellow citizens in the community to be actively engaged in the electoral process. Today, the club's membership includes businessmen, educators, elected officials, members of the military and other professionals throughout the community, all of whom are devoted to supporting and improving the Newport News community through active civic engagement. Mr. Speaker, I congratulate the Dochiki Civic and Social Club on their 75th anniversary and I thank them for all that they have done to make Newport News a better place to live, work, and raise a family. ____________________",,"[Congressional Record Volume 161, Number 43 (Friday, March 13, 2015)] [Extensions of Remarks] [Page E324] From the Congressional Record Online through the Government Publishing Office [ www.gpo.gov ] HONORING THE 75TH ANNIVERSARY OF THE DOCHIKI CIVIC AND SOCIAL CLUB, INC. ______ HON. ROBERT C. ``BOBBY'' SCOTT of virginia in the house of representatives Friday, March 13, 2015 Mr. SCOTT of Virginia. Mr. Speaker, I rise today to honor the 75th anniversary of the Dochiki Civic and Social Club in Newport News, Virginia. Originally known as ``Los Amigas,'' the club was founded on March 15, 1940 by eleven businessmen gathered at the Odessa Barber Shop located at 29th Street and Chestnut Avenue in Newport News. Two years later, the name of the club was changed to ``Dochiki,'' a word of Chinese origin meaning love and friendship. The founders of the club were Homer Hines, Ward Bridgeforth, Virgil Evans, B. C. Anthony, Oliver Hawkins, James Hawkins, Harold Heath, James Jones, Irving Thomas, Robert Whitney, and Howard Ovelest. The club initially met in members' homes, and in 1948 they relocated to a room above a club member's garage which they nicknamed ``Alley Inn.'' As membership increased, the club leased larger space to accommodate its growing membership, and, on August 7, 1952, the club purchased property at 2705 Chestnut Avenue in Newport News, where it still meets today. In addition to this property, the club has acquired additional property along Chestnut Avenue through donations of club members, including Cornelius Glover, which allowed the club to significantly expand its facilities. Today, the club occupies much of the 2700 block of Chestnut Avenue and includes numerous amenities, such as a 300-seat ballroom, a commercial kitchen, restroom suites, office space, recreational and storage areas, lounges, a 24-seat bar with adjacent kitchen, a locker room, and ample parking, all of which are accessible for individuals with disabilities. The club offers its facilities for use free of charge to many community groups and has also served as the Chestnut Avenue voting precinct for many years. While Dochiki remains a place for men to socialize, debate politics, and enjoy sports, women have also played an active role in the club for much of its history. In 1960, the Dochiki Wives Auxiliary, Inc. was established to compliment the men's club and support its educational, social, health and civic projects targeted at aiding charities, youth programs, and senior citizens. Since its founding 75 years ago, the Dochiki Civic and Social Club has been actively involved in the Newport News community providing outstanding civic, social and philanthropic leadership to their fellow citizens. The club has raised tens of thousands of dollars for local charities, youth programs, and senior citizen projects. It has also strongly encouraged all of its members and fellow citizens in the community to be actively engaged in the electoral process. Today, the club's membership includes businessmen, educators, elected officials, members of the military and other professionals throughout the community, all of whom are devoted to supporting and improving the Newport News community through active civic engagement. Mr. Speaker, I congratulate the Dochiki Civic and Social Club on their 75th anniversary and I thank them for all that they have done to make Newport News a better place to live, work, and raise a family. ____________________",https://api.govinfo.gov/related/CREC-2015-03-13-pt1-PgE324,CREC,Proceedings of Congress and General Congressional Publications,2025-03-07T17:29:07Z,Congressional Record,package_114_42.csv,3459,0,3459,"[congressional record volume 161, number 43 (friday, march 13, 2015)] [extensions of remarks] [page e324] from the congressional record online through the government publishing office [ www.gpo.gov ] honoring the 75th anniversary of the dochiki civic and social club, inc. ______ hon. robert c. ``bobby'' scott of virginia in the house of representatives friday, march 13, 2015 mr. scott of virginia. mr. speaker, i rise today to honor the 75th anniversary of the dochiki civic and social club in newport news, virginia. originally known as ``los amigas,'' the club was founded on march 15, 1940 by eleven businessmen gathered at the odessa barber shop located at 29th street and chestnut avenue in newport news. two years later, the name of the club was changed to ``dochiki,'' a word of chinese origin meaning love and friendship. the founders of the club were homer hines, ward bridgeforth, virgil evans, b. c. anthony, oliver hawkins, james hawkins, harold heath, james jones, irving thomas, robert whitney, and howard ovelest. the club initially met in members' homes, and in 1948 they relocated to a room above a club member's garage which they nicknamed ``alley inn.'' as membership increased, the club leased larger space to accommodate its growing membership, and, on august 7, 1952, the club purchased property at 2705 chestnut avenue in newport news, where it still meets today. in addition to this property, the club has acquired additional property along chestnut avenue through donations of club members, including cornelius glover, which allowed the club to significantly expand its facilities. today, the club occupies much of the 2700 block of chestnut avenue and includes numerous amenities, such as a 300-seat ballroom, a commercial kitchen, restroom suites, office space, recreational and storage areas, lounges, a 24-seat bar with adjacent kitchen, a locker room, and ample parking, all of which are accessible for individuals with disabilities. the club offers its facilities for use free of charge to many community groups and has also served as the chestnut avenue voting precinct for many years. while dochiki remains a place for men to socialize, debate politics, and enjoy sports, women have also played an active role in the club for much of its history. in 1960, the dochiki wives auxiliary, inc. was established to compliment the men's club and support its educational, social, health and civic projects targeted at aiding charities, youth programs, and senior citizens. since its founding 75 years ago, the dochiki civic and social club has been actively involved in the newport news community providing outstanding civic, social and philanthropic leadership to their fellow citizens. the club has raised tens of thousands of dollars for local charities, youth programs, and senior citizen projects. it has also strongly encouraged all of its members and fellow citizens in the community to be actively engaged in the electoral process. today, the club's membership includes businessmen, educators, elected officials, members of the military and other professionals throughout the community, all of whom are devoted to supporting and improving the newport news community through active civic engagement. mr. speaker, i congratulate the dochiki civic and social club on their 75th anniversary and i thank them for all that they have done to make newport news a better place to live, work, and raise a family. ____________________",3459
CREC-2015-03-13-pt1-PgE324-2,CREC-2015-03-13,2015-03-13,HONORING LELA KASKALLA,CREC,EXTENSIONS,E,E,1,https://www.govinfo.gov/app/details/CREC-2015-03-13/CREC-2015-03-13-pt1-PgE324-2,https://api.govinfo.gov/packages/CREC-2015-03-13/granules/CREC-2015-03-13-pt1-PgE324-2/htm,https://api.govinfo.gov/packages/CREC-2015-03-13/granules/CREC-2015-03-13-pt1-PgE324-2/pdf,https://api.govinfo.gov/packages/CREC-2015-03-13/summary,"[Congressional Record Volume 161, Number 43 (Friday, March 13, 2015)] [Extensions of Remarks] [Page E324] From the Congressional Record Online through the Government Publishing Office [ www.gpo.gov ] HONORING LELA KASKALLA ______ HON. MICHELLE LUJAN GRISHAM of new mexico in the house of representatives Friday, March 13, 2015 Ms. MICHELLE LUJAN GRISHAM of New Mexico. Mr. Speaker, I rise today to honor Lela Kaskalla, a passionate woman who has remained steadfast in her commitment to support economic growth and cultural development in her community. This past Sunday marked a special moment for women across the globe; it was International Women's Day, a time when we come together to remember the progress that women have made and recognize the many firsts that have opened doors for younger generations of female leaders. It made me think of Lela Kaskalla, who in 1996 became the first woman elected governor of Nambe Pueblo. During her term as governor, Lela worked tirelessly to defeat anti- tribal legislation that proposed a tax on tribal gasoline distribution and went on to become the National Congress of American Indians (NCAI) recording secretary. Lela's presence made an immediate impact, and she was instrumental in NCAI's 54th annual meeting in Albuquerque. Lela is a natural leader who understands the importance of a strong, united community. In an interview with the Albuquerque Journal she explained: ``You don't do much standing alone, but together you can do more.'' Lela's passion, commitment and ability to build a coalition around a common cause caught Governor Gary Johnson's attention. In 1998, Governor Johnson appointed Lela to the New Mexico State Fair Commission, where she later became Vice Chair of the State Board. Whether it is through Lela's active engagement with the Nambe Women's Group and the Northern New Mexico Community College Pueblos Institutes, her time as a member of the board of directors for the Indian Pueblo Cultural Center/Indian Pueblos Marketing, Inc., or in her current role with the Branch of Administration for the Bureau of Indian Affairs at the Northern Pueblos Agency, Lela's commitment to tribal communities in New Mexico has never wavered. Lela's groundbreaking achievement set an example for other women in New Mexico. It reminds me of the progress women before us have made in our nation's history, and in particular, the large, white, rough-hewn statue of Elizabeth Cady Stanton, Susan B. Anthony and Lucretia Mott that sits in the Capitol Building in Washington D.C. It is a striking figure featuring the faces of the three revolutionary women, carefully etched and chiseled into the unfinished block of marble. The unfinished composition represents the unfinished work left with respect to equal rights for women. With the help of leaders like Lela right here in New Mexico we can, and we will, finish that work. Lela's commitment to her community will continue to be an inspiration for future generations of young women. ____________________",,"[Congressional Record Volume 161, Number 43 (Friday, March 13, 2015)] [Extensions of Remarks] [Page E324] From the Congressional Record Online through the Government Publishing Office [ www.gpo.gov ] HONORING LELA KASKALLA ______ HON. MICHELLE LUJAN GRISHAM of new mexico in the house of representatives Friday, March 13, 2015 Ms. MICHELLE LUJAN GRISHAM of New Mexico. Mr. Speaker, I rise today to honor Lela Kaskalla, a passionate woman who has remained steadfast in her commitment to support economic growth and cultural development in her community. This past Sunday marked a special moment for women across the globe; it was International Women's Day, a time when we come together to remember the progress that women have made and recognize the many firsts that have opened doors for younger generations of female leaders. It made me think of Lela Kaskalla, who in 1996 became the first woman elected governor of Nambe Pueblo. During her term as governor, Lela worked tirelessly to defeat anti- tribal legislation that proposed a tax on tribal gasoline distribution and went on to become the National Congress of American Indians (NCAI) recording secretary. Lela's presence made an immediate impact, and she was instrumental in NCAI's 54th annual meeting in Albuquerque. Lela is a natural leader who understands the importance of a strong, united community. In an interview with the Albuquerque Journal she explained: ``You don't do much standing alone, but together you can do more.'' Lela's passion, commitment and ability to build a coalition around a common cause caught Governor Gary Johnson's attention. In 1998, Governor Johnson appointed Lela to the New Mexico State Fair Commission, where she later became Vice Chair of the State Board. Whether it is through Lela's active engagement with the Nambe Women's Group and the Northern New Mexico Community College Pueblos Institutes, her time as a member of the board of directors for the Indian Pueblo Cultural Center/Indian Pueblos Marketing, Inc., or in her current role with the Branch of Administration for the Bureau of Indian Affairs at the Northern Pueblos Agency, Lela's commitment to tribal communities in New Mexico has never wavered. Lela's groundbreaking achievement set an example for other women in New Mexico. It reminds me of the progress women before us have made in our nation's history, and in particular, the large, white, rough-hewn statue of Elizabeth Cady Stanton, Susan B. Anthony and Lucretia Mott that sits in the Capitol Building in Washington D.C. It is a striking figure featuring the faces of the three revolutionary women, carefully etched and chiseled into the unfinished block of marble. The unfinished composition represents the unfinished work left with respect to equal rights for women. With the help of leaders like Lela right here in New Mexico we can, and we will, finish that work. Lela's commitment to her community will continue to be an inspiration for future generations of young women. ____________________",https://api.govinfo.gov/related/CREC-2015-03-13-pt1-PgE324-2,CREC,Proceedings of Congress and General Congressional Publications,2025-03-07T17:29:07Z,Congressional Record,package_114_42.csv,3011,0,3011,"[congressional record volume 161, number 43 (friday, march 13, 2015)] [extensions of remarks] [page e324] from the congressional record online through the government publishing office [ www.gpo.gov ] honoring lela kaskalla ______ hon. michelle lujan grisham of new mexico in the house of representatives friday, march 13, 2015 ms. michelle lujan grisham of new mexico. mr. speaker, i rise today to honor lela kaskalla, a passionate woman who has remained steadfast in her commitment to support economic growth and cultural development in her community. this past sunday marked a special moment for women across the globe; it was international women's day, a time when we come together to remember the progress that women have made and recognize the many firsts that have opened doors for younger generations of female leaders. it made me think of lela kaskalla, who in 1996 became the first woman elected governor of nambe pueblo. during her term as governor, lela worked tirelessly to defeat anti- tribal legislation that proposed a tax on tribal gasoline distribution and went on to become the national congress of american indians (ncai) recording secretary. lela's presence made an immediate impact, and she was instrumental in ncai's 54th annual meeting in albuquerque. lela is a natural leader who understands the importance of a strong, united community. in an interview with the albuquerque journal she explained: ``you don't do much standing alone, but together you can do more.'' lela's passion, commitment and ability to build a coalition around a common cause caught governor gary johnson's attention. in 1998, governor johnson appointed lela to the new mexico state fair commission, where she later became vice chair of the state board. whether it is through lela's active engagement with the nambe women's group and the northern new mexico community college pueblos institutes, her time as a member of the board of directors for the indian pueblo cultural center/indian pueblos marketing, inc., or in her current role with the branch of administration for the bureau of indian affairs at the northern pueblos agency, lela's commitment to tribal communities in new mexico has never wavered. lela's groundbreaking achievement set an example for other women in new mexico. it reminds me of the progress women before us have made in our nation's history, and in particular, the large, white, rough-hewn statue of elizabeth cady stanton, susan b. anthony and lucretia mott that sits in the capitol building in washington d.c. it is a striking figure featuring the faces of the three revolutionary women, carefully etched and chiseled into the unfinished block of marble. the unfinished composition represents the unfinished work left with respect to equal rights for women. with the help of leaders like lela right here in new mexico we can, and we will, finish that work. lela's commitment to her community will continue to be an inspiration for future generations of young women. ____________________",3011
CREC-2015-03-13-pt1-PgE324-3,CREC-2015-03-13,2015-03-13,HONORING HATTIE L. LUCAS,CREC,EXTENSIONS,E,E,1,https://www.govinfo.gov/app/details/CREC-2015-03-13/CREC-2015-03-13-pt1-PgE324-3,https://api.govinfo.gov/packages/CREC-2015-03-13/granules/CREC-2015-03-13-pt1-PgE324-3/htm,https://api.govinfo.gov/packages/CREC-2015-03-13/granules/CREC-2015-03-13-pt1-PgE324-3/pdf,https://api.govinfo.gov/packages/CREC-2015-03-13/summary,"[Congressional Record Volume 161, Number 43 (Friday, March 13, 2015)] [Extensions of Remarks] [Pages E324-E325] From the Congressional Record Online through the Government Publishing Office [ www.gpo.gov ] HONORING HATTIE L. LUCAS ______ HON. ELIOT L. ENGEL of new york in the house of representatives Friday, March 13, 2015 Mr. ENGEL. Mr. Speaker, communities thrive when hard work, dedication, and sacrifice are set by voluntary example. Hattie L. Lucas's actions embody these ideals for her community in Co-op City. Hattie Lucas was born in Bramberg, South Carolina. Her family decided to relocate to New York City when Hattie was six years old, living in both Manhattan and Brooklyn. Eventually, Hattie settled in Co-op City in the Bronx, where she has lived for 40 years. Hattie began her long career of service in Co-op, serving the NYC Department for the Aging, Co-op City NORC Advisory Board, and the Bronx Preparatory Charter School Parents Association Executive Board. She also has been active in her church, Co-op City Baptist Church, the Dreiser Retirees, and the Co-op City NAACP. Hattie has also been an outspoken supporter of our young people through the Youth and Community Affairs Committees. Even with her busy schedule, Hattie worked hard to receive a Bachelor's degree from Mercy College, and a Master's of Social Work from Fordham University. As a professional, Hattie dedicated herself to her work at the City of New York, where she served for 35 years. She was admired for her efforts with the Human Resources Administration, Health and Hospital Corporation, and as Director of Advocacy at the Administration for Children's Services. [[Page E325]] As dedicated as she has been to the community, Hattie's true pride is the family she's raised in the Bronx, including one son, six grandchildren, and four great-grandchildren. She also raises her 17- year-old granddaughter, Ashley. Following Hattie's retirement from the City, she became the Program Director of the Co-op City Grandparent Connection Program. The program, under her leadership, grew into a necessity for her neighborhood; becoming the largest relative caregiver programs in New York City, which includes a myriad of services for deserving grandparents, adolescents, and children. After retiring in November 2014, Hattie continues to volunteer and use her sharp skills for her Co-op City community. It is an honor to join the JASA Grandparents Connection in celebrating Hattie on her retirement.",,"[Congressional Record Volume 161, Number 43 (Friday, March 13, 2015)] [Extensions of Remarks] [Pages E324-E325] From the Congressional Record Online through the Government Publishing Office [ www.gpo.gov ] HONORING HATTIE L. LUCAS ______ HON. ELIOT L. ENGEL of new york in the house of representatives Friday, March 13, 2015 Mr. ENGEL. Mr. Speaker, communities thrive when hard work, dedication, and sacrifice are set by voluntary example. Hattie L. Lucas's actions embody these ideals for her community in Co-op City. Hattie Lucas was born in Bramberg, South Carolina. Her family decided to relocate to New York City when Hattie was six years old, living in both Manhattan and Brooklyn. Eventually, Hattie settled in Co-op City in the Bronx, where she has lived for 40 years. Hattie began her long career of service in Co-op, serving the NYC Department for the Aging, Co-op City NORC Advisory Board, and the Bronx Preparatory Charter School Parents Association Executive Board. She also has been active in her church, Co-op City Baptist Church, the Dreiser Retirees, and the Co-op City NAACP. Hattie has also been an outspoken supporter of our young people through the Youth and Community Affairs Committees. Even with her busy schedule, Hattie worked hard to receive a Bachelor's degree from Mercy College, and a Master's of Social Work from Fordham University. As a professional, Hattie dedicated herself to her work at the City of New York, where she served for 35 years. She was admired for her efforts with the Human Resources Administration, Health and Hospital Corporation, and as Director of Advocacy at the Administration for Children's Services. [[Page E325]] As dedicated as she has been to the community, Hattie's true pride is the family she's raised in the Bronx, including one son, six grandchildren, and four great-grandchildren. She also raises her 17- year-old granddaughter, Ashley. Following Hattie's retirement from the City, she became the Program Director of the Co-op City Grandparent Connection Program. The program, under her leadership, grew into a necessity for her neighborhood; becoming the largest relative caregiver programs in New York City, which includes a myriad of services for deserving grandparents, adolescents, and children. After retiring in November 2014, Hattie continues to volunteer and use her sharp skills for her Co-op City community. It is an honor to join the JASA Grandparents Connection in celebrating Hattie on her retirement.",https://api.govinfo.gov/related/CREC-2015-03-13-pt1-PgE324-3,CREC,Proceedings of Congress and General Congressional Publications,2025-03-07T17:29:07Z,Congressional Record,package_114_42.csv,2481,0,2481,"[congressional record volume 161, number 43 (friday, march 13, 2015)] [extensions of remarks] [pages e324-e325] from the congressional record online through the government publishing office [ www.gpo.gov ] honoring hattie l. lucas ______ hon. eliot l. engel of new york in the house of representatives friday, march 13, 2015 mr. engel. mr. speaker, communities thrive when hard work, dedication, and sacrifice are set by voluntary example. hattie l. lucas's actions embody these ideals for her community in co-op city. hattie lucas was born in bramberg, south carolina. her family decided to relocate to new york city when hattie was six years old, living in both manhattan and brooklyn. eventually, hattie settled in co-op city in the bronx, where she has lived for 40 years. hattie began her long career of service in co-op, serving the nyc department for the aging, co-op city norc advisory board, and the bronx preparatory charter school parents association executive board. she also has been active in her church, co-op city baptist church, the dreiser retirees, and the co-op city naacp. hattie has also been an outspoken supporter of our young people through the youth and community affairs committees. even with her busy schedule, hattie worked hard to receive a bachelor's degree from mercy college, and a master's of social work from fordham university. as a professional, hattie dedicated herself to her work at the city of new york, where she served for 35 years. she was admired for her efforts with the human resources administration, health and hospital corporation, and as director of advocacy at the administration for children's services. [[page e325]] as dedicated as she has been to the community, hattie's true pride is the family she's raised in the bronx, including one son, six grandchildren, and four great-grandchildren. she also raises her 17- year-old granddaughter, ashley. following hattie's retirement from the city, she became the program director of the co-op city grandparent connection program. the program, under her leadership, grew into a necessity for her neighborhood; becoming the largest relative caregiver programs in new york city, which includes a myriad of services for deserving grandparents, adolescents, and children. after retiring in november 2014, hattie continues to volunteer and use her sharp skills for her co-op city community. it is an honor to join the jasa grandparents connection in celebrating hattie on her retirement.",2481
CREC-2015-03-13-pt1-PgD272,CREC-2015-03-13,2015-03-13,Daily Digest/Senate,CREC,DAILYDIGEST,,D,1,https://www.govinfo.gov/app/details/CREC-2015-03-13/CREC-2015-03-13-pt1-PgD272,https://api.govinfo.gov/packages/CREC-2015-03-13/granules/CREC-2015-03-13-pt1-PgD272/htm,https://api.govinfo.gov/packages/CREC-2015-03-13/granules/CREC-2015-03-13-pt1-PgD272/pdf,https://api.govinfo.gov/packages/CREC-2015-03-13/summary,"[Congressional Record Volume 161, Number 43 (Friday, March 13, 2015)] [Daily Digest] [Page D272] From the Congressional Record Online through the Government Publishing Office [ www.gpo.gov ] Friday, March 13, 2015 [[Page D272]] Daily Digest Senate Chamber Action The Senate was not in session and stands adjourned until 3 p.m. on Monday, March 16, 2015.",,"[Congressional Record Volume 161, Number 43 (Friday, March 13, 2015)] [Daily Digest] [Page D272] From the Congressional Record Online through the Government Publishing Office [ www.gpo.gov ] Friday, March 13, 2015 [[Page D272]] Daily Digest Senate Chamber Action The Senate was not in session and stands adjourned until 3 p.m. on Monday, March 16, 2015.",https://api.govinfo.gov/related/CREC-2015-03-13-pt1-PgD272,CREC,Proceedings of Congress and General Congressional Publications,2025-03-07T17:29:07Z,Congressional Record,package_114_42.csv,353,0,353,"[congressional record volume 161, number 43 (friday, march 13, 2015)] [daily digest] [page d272] from the congressional record online through the government publishing office [ www.gpo.gov ] friday, march 13, 2015 [[page d272]] daily digest senate chamber action the senate was not in session and stands adjourned until 3 p.m. on monday, march 16, 2015.",353
CREC-2015-03-13-pt1-PgD272-2,CREC-2015-03-13,2015-03-13,Daily Digest/Senate Committee Meetings,CREC,DAILYDIGEST,,D,1,https://www.govinfo.gov/app/details/CREC-2015-03-13/CREC-2015-03-13-pt1-PgD272-2,https://api.govinfo.gov/packages/CREC-2015-03-13/granules/CREC-2015-03-13-pt1-PgD272-2/htm,https://api.govinfo.gov/packages/CREC-2015-03-13/granules/CREC-2015-03-13-pt1-PgD272-2/pdf,https://api.govinfo.gov/packages/CREC-2015-03-13/summary,"[Congressional Record Volume 161, Number 43 (Friday, March 13, 2015)] [Daily Digest] [Page D272] From the Congressional Record Online through the Government Publishing Office [ www.gpo.gov ] Committee Meetings No committee meetings were held.",,"[Congressional Record Volume 161, Number 43 (Friday, March 13, 2015)] [Daily Digest] [Page D272] From the Congressional Record Online through the Government Publishing Office [ www.gpo.gov ] Committee Meetings No committee meetings were held.",https://api.govinfo.gov/related/CREC-2015-03-13-pt1-PgD272-2,CREC,Proceedings of Congress and General Congressional Publications,2025-03-07T17:29:07Z,Congressional Record,package_114_42.csv,242,0,242,"[congressional record volume 161, number 43 (friday, march 13, 2015)] [daily digest] [page d272] from the congressional record online through the government publishing office [ www.gpo.gov ] committee meetings no committee meetings were held.",242
CREC-2015-03-13-pt1-PgD272-3,CREC-2015-03-13,2015-03-13,Daily Digest/House of Representatives,CREC,DAILYDIGEST,,D,1,https://www.govinfo.gov/app/details/CREC-2015-03-13/CREC-2015-03-13-pt1-PgD272-3,https://api.govinfo.gov/packages/CREC-2015-03-13/granules/CREC-2015-03-13-pt1-PgD272-3/htm,https://api.govinfo.gov/packages/CREC-2015-03-13/granules/CREC-2015-03-13-pt1-PgD272-3/pdf,https://api.govinfo.gov/packages/CREC-2015-03-13/summary,"[Congressional Record Volume 161, Number 43 (Friday, March 13, 2015)] [Daily Digest] [Pages D272-D273] From the Congressional Record Online through the Government Publishing Office [ www.gpo.gov ] House of Representatives Chamber Action Public Bills and Resolutions Introduced: 12 public bills, H.R. 1353- 1364; 1 resolution, H. Res. 149, were introduced. Page H1635 Additional Cosponsors: Page H1636 Reports Filed: Reports were filed today as follows: H.R. 284, to amend title XVIII of the Social Security Act to require State licensure and bid surety bonds for entities submitting bids under the Medicare durable medical equipment, prosthetics, orthotics, and supplies (DMEPOS) competitive acquisition program, and for other purposes, with an amendment (H. Rept. 114-38, Part 1); H.R. 876, to amend title XVIII of the Social Security Act to require hospitals to provide certain notifications to individuals classified by such hospitals under observation status rather than admitted as inpatients of such hospitals, with an amendment (H. Rept. 114-39, Part 1); and H.R. 887, to amend title XVIII of the Social Security Act with respect to the treatment of patient encounters in ambulatory surgical centers in determining meaningful EHR use, and for other purposes, with an amendment (H. Rept. 114-40, Part 1). Pages H1634-35 Speaker: Read a letter from the Speaker wherein he appointed Representative Comstock to act as Speaker pro tempore for today. Page H1629 Guest Chaplain: The prayer was offered by the Guest Chaplain, Reverend Peter Frank, Church of the Epiphany, Herndon, Virginia. Page H1629 Congressional Award Board--Minority Leader Appointment: The Chair announced the Minority Leader's appointment of the following individual to the Congressional Award Board: Mr. Romero Brown of Acworth, Georgia. Pages H1629-30 Communication from the Clerk of the House: Read a letter from the Clerk wherein she transmitted notification that Porter J. Goss, David E. Skaggs, Judy Biggert, Jay Eagen, Karan L. English, Allison Hayward, Belinda Pinckney, Michael D. Barnes, Omar Ashmawy, Kelly Brewington, William H. Cable, Helen Eisner, Mary K. Flanagan, Scott Gast, Bryson Baird Morgan, Paul Solis, and Nate Wright, have each signed an agreement not to be a candidate for the office of Senator or Representative in, or Delegate or Resident Commissioner to, the Congress for the purpose of the Federal Election Campaign Act of 1971 until at least 3 years after he or she is no longer a member of the board or staff of the Office of Congressional Ethics. Further, the Clerk notified the House that copies of the signed agreement shall be retained by the Office of the Clerk as part of the records of the House. Page H1630 Committee Leave of Absence: Read a letter from Representative Schiff wherein he notified the House that he is taking a leave of absence from the Committee on Appropriations, effective immediately. Page H1630 Senate Messages: Messages received from the Senate by the Clerk and subsequently presented to the House today appear on pages H1629-30. Quorum Calls--Votes: There were no yea-and-nay votes, and there were no recorded votes. There were no quorum calls. [[Page D273]] Adjournment: The House met at 11 a.m. and adjourned at 11:06 a.m.",,"[Congressional Record Volume 161, Number 43 (Friday, March 13, 2015)] [Daily Digest] [Pages D272-D273] From the Congressional Record Online through the Government Publishing Office [ www.gpo.gov ] House of Representatives Chamber Action Public Bills and Resolutions Introduced: 12 public bills, H.R. 1353- 1364; 1 resolution, H. Res. 149, were introduced. Page H1635 Additional Cosponsors: Page H1636 Reports Filed: Reports were filed today as follows: H.R. 284, to amend title XVIII of the Social Security Act to require State licensure and bid surety bonds for entities submitting bids under the Medicare durable medical equipment, prosthetics, orthotics, and supplies (DMEPOS) competitive acquisition program, and for other purposes, with an amendment (H. Rept. 114-38, Part 1); H.R. 876, to amend title XVIII of the Social Security Act to require hospitals to provide certain notifications to individuals classified by such hospitals under observation status rather than admitted as inpatients of such hospitals, with an amendment (H. Rept. 114-39, Part 1); and H.R. 887, to amend title XVIII of the Social Security Act with respect to the treatment of patient encounters in ambulatory surgical centers in determining meaningful EHR use, and for other purposes, with an amendment (H. Rept. 114-40, Part 1). Pages H1634-35 Speaker: Read a letter from the Speaker wherein he appointed Representative Comstock to act as Speaker pro tempore for today. Page H1629 Guest Chaplain: The prayer was offered by the Guest Chaplain, Reverend Peter Frank, Church of the Epiphany, Herndon, Virginia. Page H1629 Congressional Award Board--Minority Leader Appointment: The Chair announced the Minority Leader's appointment of the following individual to the Congressional Award Board: Mr. Romero Brown of Acworth, Georgia. Pages H1629-30 Communication from the Clerk of the House: Read a letter from the Clerk wherein she transmitted notification that Porter J. Goss, David E. Skaggs, Judy Biggert, Jay Eagen, Karan L. English, Allison Hayward, Belinda Pinckney, Michael D. Barnes, Omar Ashmawy, Kelly Brewington, William H. Cable, Helen Eisner, Mary K. Flanagan, Scott Gast, Bryson Baird Morgan, Paul Solis, and Nate Wright, have each signed an agreement not to be a candidate for the office of Senator or Representative in, or Delegate or Resident Commissioner to, the Congress for the purpose of the Federal Election Campaign Act of 1971 until at least 3 years after he or she is no longer a member of the board or staff of the Office of Congressional Ethics. Further, the Clerk notified the House that copies of the signed agreement shall be retained by the Office of the Clerk as part of the records of the House. Page H1630 Committee Leave of Absence: Read a letter from Representative Schiff wherein he notified the House that he is taking a leave of absence from the Committee on Appropriations, effective immediately. Page H1630 Senate Messages: Messages received from the Senate by the Clerk and subsequently presented to the House today appear on pages H1629-30. Quorum Calls--Votes: There were no yea-and-nay votes, and there were no recorded votes. There were no quorum calls. [[Page D273]] Adjournment: The House met at 11 a.m. and adjourned at 11:06 a.m.",https://api.govinfo.gov/related/CREC-2015-03-13-pt1-PgD272-3,CREC,Proceedings of Congress and General Congressional Publications,2025-03-07T17:29:07Z,Congressional Record,package_114_42.csv,3257,0,3257,"[congressional record volume 161, number 43 (friday, march 13, 2015)] [daily digest] [pages d272-d273] from the congressional record online through the government publishing office [ www.gpo.gov ] house of representatives chamber action public bills and resolutions introduced: 12 public bills, h.r. 1353- 1364; 1 resolution, h. res. 149, were introduced. page h1635 additional cosponsors: page h1636 reports filed: reports were filed today as follows: h.r. 284, to amend title xviii of the social security act to require state licensure and bid surety bonds for entities submitting bids under the medicare durable medical equipment, prosthetics, orthotics, and supplies (dmepos) competitive acquisition program, and for other purposes, with an amendment (h. rept. 114-38, part 1); h.r. 876, to amend title xviii of the social security act to require hospitals to provide certain notifications to individuals classified by such hospitals under observation status rather than admitted as inpatients of such hospitals, with an amendment (h. rept. 114-39, part 1); and h.r. 887, to amend title xviii of the social security act with respect to the treatment of patient encounters in ambulatory surgical centers in determining meaningful ehr use, and for other purposes, with an amendment (h. rept. 114-40, part 1). pages h1634-35 speaker: read a letter from the speaker wherein he appointed representative comstock to act as speaker pro tempore for today. page h1629 guest chaplain: the prayer was offered by the guest chaplain, reverend peter frank, church of the epiphany, herndon, virginia. page h1629 congressional award board--minority leader appointment: the chair announced the minority leader's appointment of the following individual to the congressional award board: mr. romero brown of acworth, georgia. pages h1629-30 communication from the clerk of the house: read a letter from the clerk wherein she transmitted notification that porter j. goss, david e. skaggs, judy biggert, jay eagen, karan l. english, allison hayward, belinda pinckney, michael d. barnes, omar ashmawy, kelly brewington, william h. cable, helen eisner, mary k. flanagan, scott gast, bryson baird morgan, paul solis, and nate wright, have each signed an agreement not to be a candidate for the office of senator or representative in, or delegate or resident commissioner to, the congress for the purpose of the federal election campaign act of 1971 until at least 3 years after he or she is no longer a member of the board or staff of the office of congressional ethics. further, the clerk notified the house that copies of the signed agreement shall be retained by the office of the clerk as part of the records of the house. page h1630 committee leave of absence: read a letter from representative schiff wherein he notified the house that he is taking a leave of absence from the committee on appropriations, effective immediately. page h1630 senate messages: messages received from the senate by the clerk and subsequently presented to the house today appear on pages h1629-30. quorum calls--votes: there were no yea-and-nay votes, and there were no recorded votes. there were no quorum calls. [[page d273]] adjournment: the house met at 11 a.m. and adjourned at 11:06 a.m.",3257
CREC-2015-03-13-pt1-PgD273-2,CREC-2015-03-13,2015-03-13,Daily Digest/COMMITTEE MEETINGS FOR 2015-03-16,CREC,DAILYDIGEST,,D,1,https://www.govinfo.gov/app/details/CREC-2015-03-13/CREC-2015-03-13-pt1-PgD273-2,https://api.govinfo.gov/packages/CREC-2015-03-13/granules/CREC-2015-03-13-pt1-PgD273-2/htm,https://api.govinfo.gov/packages/CREC-2015-03-13/granules/CREC-2015-03-13-pt1-PgD273-2/pdf,https://api.govinfo.gov/packages/CREC-2015-03-13/summary,"[Congressional Record Volume 161, Number 43 (Friday, March 13, 2015)] [Daily Digest] [Page D273] From the Congressional Record Online through the Government Publishing Office [ www.gpo.gov ] COMMITTEE MEETINGS FOR MONDAY, MARCH 16, 2015 (Committee meetings are open unless otherwise indicated) Senate Committee on Homeland Security and Governmental Affairs: to hold hearings to examine Federal improper payments and errors in the Death Master File, 4 p.m., SD-342. House Committee on Appropriations, Subcommittee on Financial Services and General Government, hearing on Office of Management and Budget budget, 3 p.m., 2359 Rayburn. Committee on Veterans' Affairs, Full Committee, hearing entitled ``The Power of Legislative Inquiry--Improving the VA by Improving Transparency'', 7:30 p.m., 334 Cannon.",,"[Congressional Record Volume 161, Number 43 (Friday, March 13, 2015)] [Daily Digest] [Page D273] From the Congressional Record Online through the Government Publishing Office [ www.gpo.gov ] COMMITTEE MEETINGS FOR MONDAY, MARCH 16, 2015 (Committee meetings are open unless otherwise indicated) Senate Committee on Homeland Security and Governmental Affairs: to hold hearings to examine Federal improper payments and errors in the Death Master File, 4 p.m., SD-342. House Committee on Appropriations, Subcommittee on Financial Services and General Government, hearing on Office of Management and Budget budget, 3 p.m., 2359 Rayburn. Committee on Veterans' Affairs, Full Committee, hearing entitled ``The Power of Legislative Inquiry--Improving the VA by Improving Transparency'', 7:30 p.m., 334 Cannon.",https://api.govinfo.gov/related/CREC-2015-03-13-pt1-PgD273-2,CREC,Proceedings of Congress and General Congressional Publications,2025-03-07T17:29:07Z,Congressional Record,package_114_42.csv,801,0,801,"[congressional record volume 161, number 43 (friday, march 13, 2015)] [daily digest] [page d273] from the congressional record online through the government publishing office [ www.gpo.gov ] committee meetings for monday, march 16, 2015 (committee meetings are open unless otherwise indicated) senate committee on homeland security and governmental affairs: to hold hearings to examine federal improper payments and errors in the death master file, 4 p.m., sd-342. house committee on appropriations, subcommittee on financial services and general government, hearing on office of management and budget budget, 3 p.m., 2359 rayburn. committee on veterans' affairs, full committee, hearing entitled ``the power of legislative inquiry--improving the va by improving transparency'', 7:30 p.m., 334 cannon.",801
CREC-2015-03-13-pt1-PgD273,CREC-2015-03-13,2015-03-13,Daily Digest/House Committee Meetings,CREC,DAILYDIGEST,,D,1,https://www.govinfo.gov/app/details/CREC-2015-03-13/CREC-2015-03-13-pt1-PgD273,https://api.govinfo.gov/packages/CREC-2015-03-13/granules/CREC-2015-03-13-pt1-PgD273/htm,https://api.govinfo.gov/packages/CREC-2015-03-13/granules/CREC-2015-03-13-pt1-PgD273/pdf,https://api.govinfo.gov/packages/CREC-2015-03-13/summary,"[Congressional Record Volume 161, Number 43 (Friday, March 13, 2015)] [Daily Digest] [Page D273] From the Congressional Record Online through the Government Publishing Office [ www.gpo.gov ] Committee Meetings No hearings were held. Joint Meetings No joint committee meetings were held.",,"[Congressional Record Volume 161, Number 43 (Friday, March 13, 2015)] [Daily Digest] [Page D273] From the Congressional Record Online through the Government Publishing Office [ www.gpo.gov ] Committee Meetings No hearings were held. Joint Meetings No joint committee meetings were held.",https://api.govinfo.gov/related/CREC-2015-03-13-pt1-PgD273,CREC,Proceedings of Congress and General Congressional Publications,2025-03-07T17:29:07Z,Congressional Record,package_114_42.csv,286,0,286,"[congressional record volume 161, number 43 (friday, march 13, 2015)] [daily digest] [page d273] from the congressional record online through the government publishing office [ www.gpo.gov ] committee meetings no hearings were held. joint meetings no joint committee meetings were held.",286
CREC-2015-03-13-pt1-PgD273-3,CREC-2015-03-13,2015-03-13,Daily Digest/Next Meeting of the SENATE + Next Meeting of the HOUSE OF REPRESENTATIVES + Other End Matter,CREC,DAILYDIGEST,,D,1,https://www.govinfo.gov/app/details/CREC-2015-03-13/CREC-2015-03-13-pt1-PgD273-3,https://api.govinfo.gov/packages/CREC-2015-03-13/granules/CREC-2015-03-13-pt1-PgD273-3/htm,https://api.govinfo.gov/packages/CREC-2015-03-13/granules/CREC-2015-03-13-pt1-PgD273-3/pdf,https://api.govinfo.gov/packages/CREC-2015-03-13/summary,"[Congressional Record Volume 161, Number 43 (Friday, March 13, 2015)] [Daily Digest] [Pages D273-D274] From the Congressional Record Online through the Government Publishing Office [ www.gpo.gov ] CONGRESSIONAL RECORD (USPS 087-390). The Periodicals postage is paid at Washington, D.C. The public proceedings of each House of Congress, as reported by the Official Reporters thereof, are printed pursuant to directions of the Joint Committee on Printing as authorized by appropriate provisions of Title 44, United States Code, and published for each day that one or both Houses are in session, excepting very infrequent instances when two or more unusually small consecutive issues are printed one time. Public access to the Congressional Record is available online through the U.S. Government Publishing Office, at www.fdsys.gov , free of charge to the user. The information is updated online each day the Congressional Record is published. For more information, contact the GPO Customer Contact Center, U.S. Government Publishing Office. Phone 202-512-1800, or 866-512-1800 (toll-free). E-Mail, contactcenter@gpo.gov . To place an order for any of these products, visit the U.S. Government Online Bookstore at: bookstore.gpo.gov. Mail orders to: Superintendent of Documents, P.O. Box 979050, St. Louis, MO 63197-9000, or phone orders to 866-512 091800 (toll-free), 202-512-1800 (D.C. area), or fax to 202-512-2104. Remit check or money order, made payable to the Superintendent of Documents, or use VISA, MasterCard, Discover, American Express, or GPO Deposit Account. Following each session of Congress, the daily Congressional Record is revised, printed, permanently bound and sold by the Superintendent of Documents in individual parts or by sets. With the exception of copyrighted articles, there are no restrictions on the republication of material from the Congressional Record. POSTMASTER: Send address changes to the Superintendent of Documents, Congressional Record, U.S. Government Publishing Office, Washington, D.C. 20402, along with the entire mailing label from the last issue received. [[Page D274]] _______________________________________________________________________ Next Meeting of the SENATE 3 p.m., Monday, March 16 Senate Chamber Program for Monday: After the transaction of any morning business (not to extend beyond one hour), Senate will resume consideration of S. 178, Justice for Victims of Trafficking Act, with the filing deadline for first-degree amendments at 5 p.m. At 5 p.m., Senate will begin consideration of the nominations of Carlos A. Monje, Jr., of Louisiana, to be an Assistant Secretary of Transportation, and Manson K. Brown, of the District of Columbia, to be an Assistant Secretary of Commerce, and vote on confirmation of the nominations at approximately 5:30 p.m. Next Meeting of the HOUSE OF REPRESENTATIVES 12 p.m., Monday, March 16 House Chamber Program for Monday: To be announced. _______________________________________________________________________ Extensions of Remarks, as inserted in this issue HOUSE Cicilline, David N., R.I., E323 Engel, Eliot L., N.Y., E323, E323, E324 Esty, Elizabeth H., Conn., E323 Lujan Grisham, Michelle, N.M., E323, E324 Scott, Robert C. ``Bobby'', Va., E324",,"[Congressional Record Volume 161, Number 43 (Friday, March 13, 2015)] [Daily Digest] [Pages D273-D274] From the Congressional Record Online through the Government Publishing Office [ www.gpo.gov ] CONGRESSIONAL RECORD (USPS 087-390). The Periodicals postage is paid at Washington, D.C. The public proceedings of each House of Congress, as reported by the Official Reporters thereof, are printed pursuant to directions of the Joint Committee on Printing as authorized by appropriate provisions of Title 44, United States Code, and published for each day that one or both Houses are in session, excepting very infrequent instances when two or more unusually small consecutive issues are printed one time. Public access to the Congressional Record is available online through the U.S. Government Publishing Office, at www.fdsys.gov , free of charge to the user. The information is updated online each day the Congressional Record is published. For more information, contact the GPO Customer Contact Center, U.S. Government Publishing Office. Phone 202-512-1800, or 866-512-1800 (toll-free). E-Mail, contactcenter@gpo.gov . To place an order for any of these products, visit the U.S. Government Online Bookstore at: bookstore.gpo.gov. Mail orders to: Superintendent of Documents, P.O. Box 979050, St. Louis, MO 63197-9000, or phone orders to 866-512 091800 (toll-free), 202-512-1800 (D.C. area), or fax to 202-512-2104. Remit check or money order, made payable to the Superintendent of Documents, or use VISA, MasterCard, Discover, American Express, or GPO Deposit Account. Following each session of Congress, the daily Congressional Record is revised, printed, permanently bound and sold by the Superintendent of Documents in individual parts or by sets. With the exception of copyrighted articles, there are no restrictions on the republication of material from the Congressional Record. POSTMASTER: Send address changes to the Superintendent of Documents, Congressional Record, U.S. Government Publishing Office, Washington, D.C. 20402, along with the entire mailing label from the last issue received. [[Page D274]] _______________________________________________________________________ Next Meeting of the SENATE 3 p.m., Monday, March 16 Senate Chamber Program for Monday: After the transaction of any morning business (not to extend beyond one hour), Senate will resume consideration of S. 178, Justice for Victims of Trafficking Act, with the filing deadline for first-degree amendments at 5 p.m. At 5 p.m., Senate will begin consideration of the nominations of Carlos A. Monje, Jr., of Louisiana, to be an Assistant Secretary of Transportation, and Manson K. Brown, of the District of Columbia, to be an Assistant Secretary of Commerce, and vote on confirmation of the nominations at approximately 5:30 p.m. Next Meeting of the HOUSE OF REPRESENTATIVES 12 p.m., Monday, March 16 House Chamber Program for Monday: To be announced. _______________________________________________________________________ Extensions of Remarks, as inserted in this issue HOUSE Cicilline, David N., R.I., E323 Engel, Eliot L., N.Y., E323, E323, E324 Esty, Elizabeth H., Conn., E323 Lujan Grisham, Michelle, N.M., E323, E324 Scott, Robert C. ``Bobby'', Va., E324",https://api.govinfo.gov/related/CREC-2015-03-13-pt1-PgD273-3,CREC,Proceedings of Congress and General Congressional Publications,2025-03-07T17:29:07Z,Congressional Record,package_114_42.csv,3245,0,3245,"[congressional record volume 161, number 43 (friday, march 13, 2015)] [daily digest] [pages d273-d274] from the congressional record online through the government publishing office [ www.gpo.gov ] congressional record (usps 087-390). the periodicals postage is paid at washington, d.c. the public proceedings of each house of congress, as reported by the official reporters thereof, are printed pursuant to directions of the joint committee on printing as authorized by appropriate provisions of title 44, united states code, and published for each day that one or both houses are in session, excepting very infrequent instances when two or more unusually small consecutive issues are printed one time. public access to the congressional record is available online through the u.s. government publishing office, at www.fdsys.gov , free of charge to the user. the information is updated online each day the congressional record is published. for more information, contact the gpo customer contact center, u.s. government publishing office. phone 202-512-1800, or 866-512-1800 (toll-free). e-mail, contactcenter@gpo.gov . to place an order for any of these products, visit the u.s. government online bookstore at: bookstore.gpo.gov. mail orders to: superintendent of documents, p.o. box 979050, st. louis, mo 63197-9000, or phone orders to 866-512 091800 (toll-free), 202-512-1800 (d.c. area), or fax to 202-512-2104. remit check or money order, made payable to the superintendent of documents, or use visa, mastercard, discover, american express, or gpo deposit account. following each session of congress, the daily congressional record is revised, printed, permanently bound and sold by the superintendent of documents in individual parts or by sets. with the exception of copyrighted articles, there are no restrictions on the republication of material from the congressional record. postmaster: send address changes to the superintendent of documents, congressional record, u.s. government publishing office, washington, d.c. 20402, along with the entire mailing label from the last issue received. [[page d274]] _______________________________________________________________________ next meeting of the senate 3 p.m., monday, march 16 senate chamber program for monday: after the transaction of any morning business (not to extend beyond one hour), senate will resume consideration of s. 178, justice for victims of trafficking act, with the filing deadline for first-degree amendments at 5 p.m. at 5 p.m., senate will begin consideration of the nominations of carlos a. monje, jr., of louisiana, to be an assistant secretary of transportation, and manson k. brown, of the district of columbia, to be an assistant secretary of commerce, and vote on confirmation of the nominations at approximately 5:30 p.m. next meeting of the house of representatives 12 p.m., monday, march 16 house chamber program for monday: to be announced. _______________________________________________________________________ extensions of remarks, as inserted in this issue house cicilline, david n., r.i., e323 engel, eliot l., n.y., e323, e323, e324 esty, elizabeth h., conn., e323 lujan grisham, michelle, n.m., e323, e324 scott, robert c. ``bobby'', va., e324",3245
