granuleId,packageId,date,title,collectionCode,granuleClass,chamber,pagePrefix,bookNumber,detailsLink,txtLink,pdfLink,packageLink,text_readability,text_bs4,parsed_text,relatedLink,docClass,category,lastModified,collectionName,__source_file,text_readability_len,text_bs4_len,parsed_text_len,search_text,search_text_len
CREC-2015-07-31-pt1-PgH-FrontMatter-5,CREC-2015-07-31,2015-07-31,CONGRESSIONAL RECORD,CREC,HOUSE,H,H,1,https://www.govinfo.gov/app/details/CREC-2015-07-31/CREC-2015-07-31-pt1-PgH-FrontMatter-5,https://api.govinfo.gov/packages/CREC-2015-07-31/granules/CREC-2015-07-31-pt1-PgH-FrontMatter-5/htm,https://api.govinfo.gov/packages/CREC-2015-07-31/granules/CREC-2015-07-31-pt1-PgH-FrontMatter-5/pdf,https://api.govinfo.gov/packages/CREC-2015-07-31/summary,"[Congressional Record Volume 161, Number 123 (Friday, July 31, 2015)] [House] [Page H5779] From the Congressional Record Online through the Government Publishing Office [ www.gpo.gov ] CONGRESSIONAL RECORD United States of America American eagle (seal) PROCEEDINGS AND DEBATES OF THE 114th CONGRESS, FIRST SESSION ------------------------------------------------------------------------- This symbol represents the time of day during the House proceedings, e.g.,1407 is 2:07 p.m. Matter set in this typeface Indicates words inserted or appended, rather than spoken, by a Member of the House on the floor. -------------------------------------------------------------------------- (seal) recycle Printed on recycled paper. Vol. 161 WASHINGTON, FRIDAY, JULY 31, 2015 No. 123",,"[Congressional Record Volume 161, Number 123 (Friday, July 31, 2015)] [House] [Page H5779] From the Congressional Record Online through the Government Publishing Office [ www.gpo.gov ] CONGRESSIONAL RECORD United States of America American eagle (seal) PROCEEDINGS AND DEBATES OF THE 114th CONGRESS, FIRST SESSION ------------------------------------------------------------------------- This symbol represents the time of day during the House proceedings, e.g.,1407 is 2:07 p.m. Matter set in this typeface Indicates words inserted or appended, rather than spoken, by a Member of the House on the floor. -------------------------------------------------------------------------- (seal) recycle Printed on recycled paper. Vol. 161 WASHINGTON, FRIDAY, JULY 31, 2015 No. 123",https://api.govinfo.gov/related/CREC-2015-07-31-pt1-PgH-FrontMatter-5,CREC,Proceedings of Congress and General Congressional Publications,2025-03-07T17:29:04Z,Congressional Record,package_114_122.csv,772,0,772,"[congressional record volume 161, number 123 (friday, july 31, 2015)] [house] [page h5779] from the congressional record online through the government publishing office [ www.gpo.gov ] congressional record united states of america american eagle (seal) proceedings and debates of the 114th congress, first session ------------------------------------------------------------------------- this symbol represents the time of day during the house proceedings, e.g.,1407 is 2:07 p.m. matter set in this typeface indicates words inserted or appended, rather than spoken, by a member of the house on the floor. -------------------------------------------------------------------------- (seal) recycle printed on recycled paper. vol. 161 washington, friday, july 31, 2015 no. 123",772
CREC-2015-07-31-pt1-PgH5779,CREC-2015-07-31,2015-07-31,House of Representatives,CREC,HOUSE,H,H,1,https://www.govinfo.gov/app/details/CREC-2015-07-31/CREC-2015-07-31-pt1-PgH5779,https://api.govinfo.gov/packages/CREC-2015-07-31/granules/CREC-2015-07-31-pt1-PgH5779/htm,https://api.govinfo.gov/packages/CREC-2015-07-31/granules/CREC-2015-07-31-pt1-PgH5779/pdf,https://api.govinfo.gov/packages/CREC-2015-07-31/summary,"[Congressional Record Volume 161, Number 123 (Friday, July 31, 2015)] [House] [Page H5779] From the Congressional Record Online through the Government Publishing Office [ www.gpo.gov ] [[Page H5779]] ----------------------------------------------------------------------- House of Representatives The House met at 1 p.m. and was called to order by the Speaker pro tempore (Mr. Holding). ____________________",,"[Congressional Record Volume 161, Number 123 (Friday, July 31, 2015)] [House] [Page H5779] From the Congressional Record Online through the Government Publishing Office [ www.gpo.gov ] [[Page H5779]] ----------------------------------------------------------------------- House of Representatives The House met at 1 p.m. and was called to order by the Speaker pro tempore (Mr. Holding). ____________________",https://api.govinfo.gov/related/CREC-2015-07-31-pt1-PgH5779,CREC,Proceedings of Congress and General Congressional Publications,2025-03-07T17:29:04Z,Congressional Record,package_114_122.csv,407,0,407,"[congressional record volume 161, number 123 (friday, july 31, 2015)] [house] [page h5779] from the congressional record online through the government publishing office [ www.gpo.gov ] [[page h5779]] ----------------------------------------------------------------------- house of representatives the house met at 1 p.m. and was called to order by the speaker pro tempore (mr. holding). ____________________",407
CREC-2015-07-31-pt1-PgH5779-2,CREC-2015-07-31,2015-07-31,DESIGNATION OF THE SPEAKER PRO TEMPORE,CREC,HOUSE,H,H,1,https://www.govinfo.gov/app/details/CREC-2015-07-31/CREC-2015-07-31-pt1-PgH5779-2,https://api.govinfo.gov/packages/CREC-2015-07-31/granules/CREC-2015-07-31-pt1-PgH5779-2/htm,https://api.govinfo.gov/packages/CREC-2015-07-31/granules/CREC-2015-07-31-pt1-PgH5779-2/pdf,https://api.govinfo.gov/packages/CREC-2015-07-31/summary,"[Congressional Record Volume 161, Number 123 (Friday, July 31, 2015)] [House] [Page H5779] From the Congressional Record Online through the Government Publishing Office [ www.gpo.gov ] DESIGNATION OF THE SPEAKER PRO TEMPORE The SPEAKER pro tempore laid before the House the following communication from the Speaker: Washington, DC, July 31, 2015. I hereby appoint the Honorable George Holding to act as Speaker pro tempore on this day. John A. Boehner, Speaker of the House of Representatives. ____________________",,"[Congressional Record Volume 161, Number 123 (Friday, July 31, 2015)] [House] [Page H5779] From the Congressional Record Online through the Government Publishing Office [ www.gpo.gov ] DESIGNATION OF THE SPEAKER PRO TEMPORE The SPEAKER pro tempore laid before the House the following communication from the Speaker: Washington, DC, July 31, 2015. I hereby appoint the Honorable George Holding to act as Speaker pro tempore on this day. John A. Boehner, Speaker of the House of Representatives. ____________________",https://api.govinfo.gov/related/CREC-2015-07-31-pt1-PgH5779-2,CREC,Proceedings of Congress and General Congressional Publications,2025-03-07T17:29:04Z,Congressional Record,package_114_122.csv,514,0,514,"[congressional record volume 161, number 123 (friday, july 31, 2015)] [house] [page h5779] from the congressional record online through the government publishing office [ www.gpo.gov ] designation of the speaker pro tempore the speaker pro tempore laid before the house the following communication from the speaker: washington, dc, july 31, 2015. i hereby appoint the honorable george holding to act as speaker pro tempore on this day. john a. boehner, speaker of the house of representatives. ____________________",514
CREC-2015-07-31-pt1-PgH5779-3,CREC-2015-07-31,2015-07-31,PRAYER,CREC,HOUSE,H,H,1,https://www.govinfo.gov/app/details/CREC-2015-07-31/CREC-2015-07-31-pt1-PgH5779-3,https://api.govinfo.gov/packages/CREC-2015-07-31/granules/CREC-2015-07-31-pt1-PgH5779-3/htm,https://api.govinfo.gov/packages/CREC-2015-07-31/granules/CREC-2015-07-31-pt1-PgH5779-3/pdf,https://api.govinfo.gov/packages/CREC-2015-07-31/summary,"[Congressional Record Volume 161, Number 123 (Friday, July 31, 2015)] [House] [Page H5779] From the Congressional Record Online through the Government Publishing Office [ www.gpo.gov ] PRAYER Reverend John Peck, S.J., Holy Trinity Catholic Church, Washington, D.C., offered the following prayer: Almighty God, we praise and thank You for the opportunity to serve You and do Your work. We know You will require much of those entrusted with much. You have entrusted to the Members of this House great responsibility, a share in the governing of our country. Bless the Members in their work today, Lord. May they do all You require and please You by their service to the common good. Give them minds open to the truth, and courageous hearts to carry it out in the laws they enact. As they return to their districts for the month of August, give them ears open to their constituents' views and concerns. Encourage and re- energize them for the important work that lies ahead. We ask all these gifts through Christ, our Lord. ____________________",,"[Congressional Record Volume 161, Number 123 (Friday, July 31, 2015)] [House] [Page H5779] From the Congressional Record Online through the Government Publishing Office [ www.gpo.gov ] PRAYER Reverend John Peck, S.J., Holy Trinity Catholic Church, Washington, D.C., offered the following prayer: Almighty God, we praise and thank You for the opportunity to serve You and do Your work. We know You will require much of those entrusted with much. You have entrusted to the Members of this House great responsibility, a share in the governing of our country. Bless the Members in their work today, Lord. May they do all You require and please You by their service to the common good. Give them minds open to the truth, and courageous hearts to carry it out in the laws they enact. As they return to their districts for the month of August, give them ears open to their constituents' views and concerns. Encourage and re- energize them for the important work that lies ahead. We ask all these gifts through Christ, our Lord. ____________________",https://api.govinfo.gov/related/CREC-2015-07-31-pt1-PgH5779-3,CREC,Proceedings of Congress and General Congressional Publications,2025-03-07T17:29:04Z,Congressional Record,package_114_122.csv,1041,0,1041,"[congressional record volume 161, number 123 (friday, july 31, 2015)] [house] [page h5779] from the congressional record online through the government publishing office [ www.gpo.gov ] prayer reverend john peck, s.j., holy trinity catholic church, washington, d.c., offered the following prayer: almighty god, we praise and thank you for the opportunity to serve you and do your work. we know you will require much of those entrusted with much. you have entrusted to the members of this house great responsibility, a share in the governing of our country. bless the members in their work today, lord. may they do all you require and please you by their service to the common good. give them minds open to the truth, and courageous hearts to carry it out in the laws they enact. as they return to their districts for the month of august, give them ears open to their constituents' views and concerns. encourage and re- energize them for the important work that lies ahead. we ask all these gifts through christ, our lord. ____________________",1041
CREC-2015-07-31-pt1-PgH5779-4,CREC-2015-07-31,2015-07-31,THE JOURNAL,CREC,HOUSE,H,H,1,https://www.govinfo.gov/app/details/CREC-2015-07-31/CREC-2015-07-31-pt1-PgH5779-4,https://api.govinfo.gov/packages/CREC-2015-07-31/granules/CREC-2015-07-31-pt1-PgH5779-4/htm,https://api.govinfo.gov/packages/CREC-2015-07-31/granules/CREC-2015-07-31-pt1-PgH5779-4/pdf,https://api.govinfo.gov/packages/CREC-2015-07-31/summary,"[Congressional Record Volume 161, Number 123 (Friday, July 31, 2015)] [House] [Page H5779] From the Congressional Record Online through the Government Publishing Office [ www.gpo.gov ] THE JOURNAL The SPEAKER pro tempore. Pursuant to Section 2(a) of House Resolution 380, the Journal of the last day's proceeding is approved. ____________________",,"[Congressional Record Volume 161, Number 123 (Friday, July 31, 2015)] [House] [Page H5779] From the Congressional Record Online through the Government Publishing Office [ www.gpo.gov ] THE JOURNAL The SPEAKER pro tempore. Pursuant to Section 2(a) of House Resolution 380, the Journal of the last day's proceeding is approved. ____________________",https://api.govinfo.gov/related/CREC-2015-07-31-pt1-PgH5779-4,CREC,Proceedings of Congress and General Congressional Publications,2025-03-07T17:29:04Z,Congressional Record,package_114_122.csv,346,0,346,"[congressional record volume 161, number 123 (friday, july 31, 2015)] [house] [page h5779] from the congressional record online through the government publishing office [ www.gpo.gov ] the journal the speaker pro tempore. pursuant to section 2(a) of house resolution 380, the journal of the last day's proceeding is approved. ____________________",346
CREC-2015-07-31-pt1-PgH5779-5,CREC-2015-07-31,2015-07-31,PLEDGE OF ALLEGIANCE,CREC,HOUSE,H,H,1,https://www.govinfo.gov/app/details/CREC-2015-07-31/CREC-2015-07-31-pt1-PgH5779-5,https://api.govinfo.gov/packages/CREC-2015-07-31/granules/CREC-2015-07-31-pt1-PgH5779-5/htm,https://api.govinfo.gov/packages/CREC-2015-07-31/granules/CREC-2015-07-31-pt1-PgH5779-5/pdf,https://api.govinfo.gov/packages/CREC-2015-07-31/summary,"[Congressional Record Volume 161, Number 123 (Friday, July 31, 2015)] [House] [Page H5779] From the Congressional Record Online through the Government Publishing Office [ www.gpo.gov ] PLEDGE OF ALLEGIANCE The SPEAKER pro tempore. The Chair will lead the House in the Pledge of Allegiance. The SPEAKER pro tempore led the Pledge of Allegiance as follows: I pledge allegiance to the Flag of the United States of America, and to the Republic for which it stands, one nation under God, indivisible, with liberty and justice for all. ____________________",,"[Congressional Record Volume 161, Number 123 (Friday, July 31, 2015)] [House] [Page H5779] From the Congressional Record Online through the Government Publishing Office [ www.gpo.gov ] PLEDGE OF ALLEGIANCE The SPEAKER pro tempore. The Chair will lead the House in the Pledge of Allegiance. The SPEAKER pro tempore led the Pledge of Allegiance as follows: I pledge allegiance to the Flag of the United States of America, and to the Republic for which it stands, one nation under God, indivisible, with liberty and justice for all. ____________________",https://api.govinfo.gov/related/CREC-2015-07-31-pt1-PgH5779-5,CREC,Proceedings of Congress and General Congressional Publications,2025-03-07T17:29:04Z,Congressional Record,package_114_122.csv,550,0,550,"[congressional record volume 161, number 123 (friday, july 31, 2015)] [house] [page h5779] from the congressional record online through the government publishing office [ www.gpo.gov ] pledge of allegiance the speaker pro tempore. the chair will lead the house in the pledge of allegiance. the speaker pro tempore led the pledge of allegiance as follows: i pledge allegiance to the flag of the united states of america, and to the republic for which it stands, one nation under god, indivisible, with liberty and justice for all. ____________________",550
CREC-2015-07-31-pt1-PgH5779-7,CREC-2015-07-31,2015-07-31,COMMUNICATION FROM THE CLERK OF THE HOUSE,CREC,HOUSE,H,H,1,https://www.govinfo.gov/app/details/CREC-2015-07-31/CREC-2015-07-31-pt1-PgH5779-7,https://api.govinfo.gov/packages/CREC-2015-07-31/granules/CREC-2015-07-31-pt1-PgH5779-7/htm,https://api.govinfo.gov/packages/CREC-2015-07-31/granules/CREC-2015-07-31-pt1-PgH5779-7/pdf,https://api.govinfo.gov/packages/CREC-2015-07-31/summary,"[Congressional Record Volume 161, Number 123 (Friday, July 31, 2015)] [House] [Page H5779] From the Congressional Record Online through the Government Publishing Office [ www.gpo.gov ] COMMUNICATION FROM THE CLERK OF THE HOUSE The SPEAKER pro tempore laid before the House the following communication from the Clerk of the House of Representatives: Office of the Clerk, House of Representatives, Washington, DC, July 31, 2015. Hon. John A. Boehner, The Speaker, House of Representatives, Washington, DC. Dear Mr. Speaker: Pursuant to the permission granted in Clause 2(h) of Rule II of the Rules of the U.S. House of Representatives, the Clerk received the following message from the Secretary of the Senate on July 31, 2015 at 10:01 a.m.: That the Senate passed with amendments H.R. 22. That the Senate passed S. 1172. With best wishes, I am Sincerely, Karen L. Haas. ____________________",,"[Congressional Record Volume 161, Number 123 (Friday, July 31, 2015)] [House] [Page H5779] From the Congressional Record Online through the Government Publishing Office [ www.gpo.gov ] COMMUNICATION FROM THE CLERK OF THE HOUSE The SPEAKER pro tempore laid before the House the following communication from the Clerk of the House of Representatives: Office of the Clerk, House of Representatives, Washington, DC, July 31, 2015. Hon. John A. Boehner, The Speaker, House of Representatives, Washington, DC. Dear Mr. Speaker: Pursuant to the permission granted in Clause 2(h) of Rule II of the Rules of the U.S. House of Representatives, the Clerk received the following message from the Secretary of the Senate on July 31, 2015 at 10:01 a.m.: That the Senate passed with amendments H.R. 22. That the Senate passed S. 1172. With best wishes, I am Sincerely, Karen L. Haas. ____________________",https://api.govinfo.gov/related/CREC-2015-07-31-pt1-PgH5779-7,CREC,Proceedings of Congress and General Congressional Publications,2025-03-07T17:29:04Z,Congressional Record,package_114_122.csv,889,0,889,"[congressional record volume 161, number 123 (friday, july 31, 2015)] [house] [page h5779] from the congressional record online through the government publishing office [ www.gpo.gov ] communication from the clerk of the house the speaker pro tempore laid before the house the following communication from the clerk of the house of representatives: office of the clerk, house of representatives, washington, dc, july 31, 2015. hon. john a. boehner, the speaker, house of representatives, washington, dc. dear mr. speaker: pursuant to the permission granted in clause 2(h) of rule ii of the rules of the u.s. house of representatives, the clerk received the following message from the secretary of the senate on july 31, 2015 at 10:01 a.m.: that the senate passed with amendments h.r. 22. that the senate passed s. 1172. with best wishes, i am sincerely, karen l. haas. ____________________",889
CREC-2015-07-31-pt1-PgH5779-8,CREC-2015-07-31,2015-07-31,ANNOUNCEMENT BY THE SPEAKER PRO TEMPORE,CREC,HOUSE,H,H,1,https://www.govinfo.gov/app/details/CREC-2015-07-31/CREC-2015-07-31-pt1-PgH5779-8,https://api.govinfo.gov/packages/CREC-2015-07-31/granules/CREC-2015-07-31-pt1-PgH5779-8/htm,https://api.govinfo.gov/packages/CREC-2015-07-31/granules/CREC-2015-07-31-pt1-PgH5779-8/pdf,https://api.govinfo.gov/packages/CREC-2015-07-31/summary,"[Congressional Record Volume 161, Number 123 (Friday, July 31, 2015)] [House] [Page H5779] From the Congressional Record Online through the Government Publishing Office [ www.gpo.gov ] ANNOUNCEMENT BY THE SPEAKER PRO TEMPORE The SPEAKER pro tempore. Pursuant to clause 4 of rule I, the following enrolled bill was signed by the Speaker on Thursday, July 30, 2015: H.R. 3236, to provide an extension of Federal-aid highway, highway safety, motor carrier safety, transit, and other programs funded out of the Highway Trust Fund, to provide resource flexibility to the Department of Veterans Affairs for health care services, and for other purposes. ____________________",,"[Congressional Record Volume 161, Number 123 (Friday, July 31, 2015)] [House] [Page H5779] From the Congressional Record Online through the Government Publishing Office [ www.gpo.gov ] ANNOUNCEMENT BY THE SPEAKER PRO TEMPORE The SPEAKER pro tempore. Pursuant to clause 4 of rule I, the following enrolled bill was signed by the Speaker on Thursday, July 30, 2015: H.R. 3236, to provide an extension of Federal-aid highway, highway safety, motor carrier safety, transit, and other programs funded out of the Highway Trust Fund, to provide resource flexibility to the Department of Veterans Affairs for health care services, and for other purposes. ____________________",https://api.govinfo.gov/related/CREC-2015-07-31-pt1-PgH5779-8,CREC,Proceedings of Congress and General Congressional Publications,2025-03-07T17:29:04Z,Congressional Record,package_114_122.csv,667,0,667,"[congressional record volume 161, number 123 (friday, july 31, 2015)] [house] [page h5779] from the congressional record online through the government publishing office [ www.gpo.gov ] announcement by the speaker pro tempore the speaker pro tempore. pursuant to clause 4 of rule i, the following enrolled bill was signed by the speaker on thursday, july 30, 2015: h.r. 3236, to provide an extension of federal-aid highway, highway safety, motor carrier safety, transit, and other programs funded out of the highway trust fund, to provide resource flexibility to the department of veterans affairs for health care services, and for other purposes. ____________________",667
CREC-2015-07-31-pt1-PgH5779-6,CREC-2015-07-31,2015-07-31,COMMUNICATION FROM THE CLERK OF THE HOUSE,CREC,HOUSE,H,H,1,https://www.govinfo.gov/app/details/CREC-2015-07-31/CREC-2015-07-31-pt1-PgH5779-6,https://api.govinfo.gov/packages/CREC-2015-07-31/granules/CREC-2015-07-31-pt1-PgH5779-6/htm,https://api.govinfo.gov/packages/CREC-2015-07-31/granules/CREC-2015-07-31-pt1-PgH5779-6/pdf,https://api.govinfo.gov/packages/CREC-2015-07-31/summary,"[Congressional Record Volume 161, Number 123 (Friday, July 31, 2015)] [House] [Page H5779] From the Congressional Record Online through the Government Publishing Office [ www.gpo.gov ] COMMUNICATION FROM THE CLERK OF THE HOUSE The SPEAKER pro tempore laid before the House the following communication from the Clerk of the House of Representatives: Office of the Clerk, House of Representatives, Washington, DC, July 30, 2015. Hon. John A. Boehner, The Speaker, House of Representatives, Washington, DC. Dear Mr. Speaker: Pursuant to the permission granted in Clause 2(h) of Rule II of the Rules of the U.S. House of Representatives, the Clerk received the following message from the Secretary of the Senate on July 30, 2015 at 2:30 p.m.: That the Senate passed without amendment H.R. 3236. With best wishes, I am Sincerely, Karen L. Haas. ____________________",,"[Congressional Record Volume 161, Number 123 (Friday, July 31, 2015)] [House] [Page H5779] From the Congressional Record Online through the Government Publishing Office [ www.gpo.gov ] COMMUNICATION FROM THE CLERK OF THE HOUSE The SPEAKER pro tempore laid before the House the following communication from the Clerk of the House of Representatives: Office of the Clerk, House of Representatives, Washington, DC, July 30, 2015. Hon. John A. Boehner, The Speaker, House of Representatives, Washington, DC. Dear Mr. Speaker: Pursuant to the permission granted in Clause 2(h) of Rule II of the Rules of the U.S. House of Representatives, the Clerk received the following message from the Secretary of the Senate on July 30, 2015 at 2:30 p.m.: That the Senate passed without amendment H.R. 3236. With best wishes, I am Sincerely, Karen L. Haas. ____________________",https://api.govinfo.gov/related/CREC-2015-07-31-pt1-PgH5779-6,CREC,Proceedings of Congress and General Congressional Publications,2025-03-07T17:29:04Z,Congressional Record,package_114_122.csv,860,0,860,"[congressional record volume 161, number 123 (friday, july 31, 2015)] [house] [page h5779] from the congressional record online through the government publishing office [ www.gpo.gov ] communication from the clerk of the house the speaker pro tempore laid before the house the following communication from the clerk of the house of representatives: office of the clerk, house of representatives, washington, dc, july 30, 2015. hon. john a. boehner, the speaker, house of representatives, washington, dc. dear mr. speaker: pursuant to the permission granted in clause 2(h) of rule ii of the rules of the u.s. house of representatives, the clerk received the following message from the secretary of the senate on july 30, 2015 at 2:30 p.m.: that the senate passed without amendment h.r. 3236. with best wishes, i am sincerely, karen l. haas. ____________________",860
CREC-2015-07-31-pt1-PgH5780-2,CREC-2015-07-31,2015-07-31,ADJOURNMENT,CREC,HOUSE,H,H,1,https://www.govinfo.gov/app/details/CREC-2015-07-31/CREC-2015-07-31-pt1-PgH5780-2,https://api.govinfo.gov/packages/CREC-2015-07-31/granules/CREC-2015-07-31-pt1-PgH5780-2/htm,https://api.govinfo.gov/packages/CREC-2015-07-31/granules/CREC-2015-07-31-pt1-PgH5780-2/pdf,https://api.govinfo.gov/packages/CREC-2015-07-31/summary,"[Congressional Record Volume 161, Number 123 (Friday, July 31, 2015)] [House] [Page H5780] From the Congressional Record Online through the Government Publishing Office [ www.gpo.gov ] ADJOURNMENT The SPEAKER pro tempore. Pursuant to section 2(b) of House Resolution 380, consistent with the fourth clause in section 5 of article I of the Constitution, and not withstanding section 132 of the Legislative Reorganization Act of 1946, the House stands adjourned until noon on Tuesday, August 4, 2015. Thereupon (at 1 o'clock and 4 minutes p.m.), the House adjourned until Tuesday, August 4, 2015, at noon. ____________________",,"[Congressional Record Volume 161, Number 123 (Friday, July 31, 2015)] [House] [Page H5780] From the Congressional Record Online through the Government Publishing Office [ www.gpo.gov ] ADJOURNMENT The SPEAKER pro tempore. Pursuant to section 2(b) of House Resolution 380, consistent with the fourth clause in section 5 of article I of the Constitution, and not withstanding section 132 of the Legislative Reorganization Act of 1946, the House stands adjourned until noon on Tuesday, August 4, 2015. Thereupon (at 1 o'clock and 4 minutes p.m.), the House adjourned until Tuesday, August 4, 2015, at noon. ____________________",https://api.govinfo.gov/related/CREC-2015-07-31-pt1-PgH5780-2,CREC,Proceedings of Congress and General Congressional Publications,2025-03-07T17:29:04Z,Congressional Record,package_114_122.csv,624,0,624,"[congressional record volume 161, number 123 (friday, july 31, 2015)] [house] [page h5780] from the congressional record online through the government publishing office [ www.gpo.gov ] adjournment the speaker pro tempore. pursuant to section 2(b) of house resolution 380, consistent with the fourth clause in section 5 of article i of the constitution, and not withstanding section 132 of the legislative reorganization act of 1946, the house stands adjourned until noon on tuesday, august 4, 2015. thereupon (at 1 o'clock and 4 minutes p.m.), the house adjourned until tuesday, august 4, 2015, at noon. ____________________",624
CREC-2015-07-31-pt1-PgH5780-3,CREC-2015-07-31,2015-07-31,"EXECUTIVE COMMUNICATIONS, ETC.",CREC,HOUSE,H,H,1,https://www.govinfo.gov/app/details/CREC-2015-07-31/CREC-2015-07-31-pt1-PgH5780-3,https://api.govinfo.gov/packages/CREC-2015-07-31/granules/CREC-2015-07-31-pt1-PgH5780-3/htm,https://api.govinfo.gov/packages/CREC-2015-07-31/granules/CREC-2015-07-31-pt1-PgH5780-3/pdf,https://api.govinfo.gov/packages/CREC-2015-07-31/summary,"[Congressional Record Volume 161, Number 123 (Friday, July 31, 2015)] [House] [Pages H5780-H5782] From the Congressional Record Online through the Government Publishing Office [ www.gpo.gov ] EXECUTIVE COMMUNICATIONS, ETC. Under clause 2 of rule XIV, executive communications were taken from the Speaker's table and referred as follows: 2330. A letter from the Principal Deputy, Personnel and Readiness, Department of Defense, transmitting a letter on the approved retirement of General Martin E. Dempsey, United States Army, and his advancement to the grade of general on the retired list, in accordance with 10 U.S.C. 777; to the Committee on Armed Services. 2331. A letter from the Acting Under Secretary, Personnel and Readiness, Department of Defense, transmitting a letter on the approved retirement of General Raymond T. Odierno, United States Army, and his advancement to the grade of general on the retired list, in accordance with 10 U.S.C. 777; to the Committee on Armed Services. 2332. A letter from the General Counsel, Federal Housing Finance Agency, transmitting the Agency's final rule -- Organization and Functions, and Seal Amendments (RIN: 2590- AA75) received July 29, 2015, pursuant to 5 U.S.C. 801(a)(1)(A); Added by Public Law 104-121, Sec. 251; to the Committee on Financial Services. 2333. A letter from the Director, Regulatory Management Division, Environmental Protection Agency, transmitting the Agency's final rule -- Zeta-cypermethrin; Pesticide Tolerances [EPA-HQ-OPP-2014-0889; FRL-9929-74] received July 28, 2015, pursuant to 5 U.S.C. 801(a)(1)(A); Added by Public Law 104-121, Sec. 251; to the Committee on Energy and Commerce. 2334. A letter from the Director, Regulatory Management Division, Environmental Protection Agency, transmitting the Agency's final rule -- Phosphoric Acid Manufacturing and Phosphate Fertilizer Production RTR and Standards of Performance for Phosphate Processing [EPA-HQ-OAR-2012-0522; FRL-9931-01-OAR] (RIN: 2060-AQ20) received July 28, 2015, pursuant to 5 U.S.C. 801(a)(1)(A); Added by Public Law 104- 121, Sec. 251; to the Committee on Energy and Commerce. 2335. A letter from the Director, Regulatory Management Division, Environmental Protection Agency, transmitting the Agency's final rule -- Isofetamid; Pesticide Tolerances [EPA- HQ-OPP-2013-0138; FRL-9923-86] received July 28, 2015, pursuant to 5 U.S.C. 801(a)(1)(A); Added by Public Law 104- 121, Sec. 251; to the Committee on Energy and Commerce. 2336. A letter from the Director, Regulatory Management Division, Environmental Protection Agency, transmitting the Agency's final rule -- Fluxapyroxad; Pesticide Tolerances [EPA-HQ-OPP-2012-0638; FRL-9930-73] received July 28, 2015, pursuant to 5 U.S.C. 801(a)(1)(A); Added by Public Law 104- 121, Sec. 251; to the Committee on Energy and Commerce. 2337. A letter from the Director, Regulatory Management Division, Environmental Protection Agency, transmitting the Agency's final rule -- Ethanesulfonic acid, 2-hydroxy and the corresponding ammonium, sodium, potassium, calcium, magnesium, and zinc salts; Exemption from the Requirement of a Tolerance [EPA-HQ-OPP-2014-0325; FRL-9930-22] received July 28, 2015, pursuant to 5 U.S.C. 801(a)(1)(A); Added by Public Law 104-121, Sec. 251; to the Committee on Energy and Commerce. 2338. A letter from the Director, Regulatory Management Division, Environmental Protection Agency, transmitting the Agency's final rule -- Benalaxyl-M; Pesticide Tolerances [EPA-HQ-OPP-2013-0714; FRL-9927-63] received July 28, 2015, pursuant to 5 U.S.C. 801(a)(1)(A); Added by Public Law 104- 121, Sec. 251; to the Committee on Energy and Commerce. 2339. A letter from the Director, Regulatory Management Division, Environmental Protection Agency, transmitting the Agency's direct final rule -- Approval and Promulgation of Implementation Plans; Wyoming; Revisions to SO2 Ambient Standards [EPA-R08-OAR-2014-0187; FRL-9931-38-Region 8] received July 28, 2015, pursuant to 5 U.S.C. 801(a)(1)(A); Added by Public Law 104-121, Sec. 251; to the Committee on Energy and Commerce. 2340. A letter from the Director, Regulatory Management Division, Environmental Protection Agency, transmitting the Agency's final rule -- Approval and Promulgation of Implementation Plans; Washington: Interstate Transport of Fine Particulate Matter [EPA-R10-OAR-2015-0330; FRL-9931-46- Region 10] received July 28, 2015, pursuant to 5 U.S.C. 801(a)(1)(A); Added by Public Law 104-121, Sec. 251; to the Committee on Energy and Commerce. 2341. A letter from the Director, Regulatory Management Division, Environmental Protection Agency, transmitting the Agency's final rule -- Approval and Promulgation of Implementation Plans; North Carolina: Non-interference Demonstration for Federal Low-Reid Vapor Pressure Requirement for Gaston and Mecklenburg Counties [EPA-R04-OAR-2015-0260; FRL-9931-27-Region 4] received July 28, 2015, pursuant to 5 U.S.C. 801(a)(1)(A); Added by Public Law 104-121, Sec. 251; to the Committee on Energy and Commerce. 2342. A letter from the Director, Regulatory Management Division, Environmental Protection Agency, transmitting the Agency's direct final rule -- Approval and Promulgation of Implementation Plans; Georgia: Revisions to Definitions and Ambient Air Quality Standards [EPA-R04-OAR-2015-0413; FRL- 9931-65-Region 4] received July 28, 2015, pursuant to 5 U.S.C. 801(a)(1)(A); Added by Public Law 104-121, Sec. 251; to the Committee on Energy and Commerce. 2343. A letter from the Director, Regulatory Management Division, Environmental Protection Agency, transmitting the Agency's final rule -- Approval and Promulgation of Implementation Plans and Designation of Areas; North Carolina; Redesignation of the Charlotte-Rock Hill, 2008 8- Hour Ozone Nonattainment Area to Attainment [EPA-R04-OAR- 2015-0275; FRL-9931-28-Region 4] received July 28, 2015, pursuant to 5 U.S.C. 801(a)(1)(A); Added by Public Law 104- 121, Sec. 251; to the Committee on Energy and Commerce. 2344. A letter from the Director, Regulatory Management Division, Environmental Protection Agency, transmitting the Agency's direct final rule -- Approval and Promulgation of Air Quality Implementation Plans; West Virginia; 2011 Base Year Emissions Inventory for the Marshall, West Virginia Nonattainment Area for the 2010 1-Hour Sulfur Dioxide National Ambient Air Quality Standard [EPA-R03-OAR-2015-0411; FRL-9931-56-Region 3] received July 28, 2015, pursuant to 5 U.S.C. 801(a)(1)(A); Added by Public Law 104-121, Sec. 251; to the Committee on Energy and Commerce. 2345. A letter from the Director, Regulatory Management Division, Environmental Protection Agency, transmitting the Agency's final rule -- Approval and Promulgation of Air Quality Implementation Plans; Virginia; Consumer and Commercial Products and Mobile Equipment Repair and Refinishing Operations [EPA-R03-OAR-2014-0816; FRL-9931-29- Region 3] received July 28, 2015, pursuant to 5 U.S.C. 801(a)(1)(A); Added by Public Law 104-121, Sec. 251; to the Committee on Energy and Commerce. 2346. A letter from the Director, Regulatory Management Division, Environmental Protection Agency, transmitting the Agency's direct final rule -- Approval and Promulgation of Air Quality Implementation Plans; State of Iowa; Revisions to Linn County Air Quality Ordinance [EPA-R07-OAR-2015-0357; FRL-9931-33-Region 7] received July 28, 2015, pursuant to 5 U.S.C. 801(a)(1)(A); Added by Public Law 104-121, Sec. 251; to the Committee on Energy and Commerce. 2347. A letter from the Director, Regulatory Management Division, Environmental Protection Agency, transmitting the Agency's final rule -- Technical Amendments to Inadvertent Errors in Air Quality Designations for the 2006 24-hour Fine Particle National Ambient Air Quality Standards (2006 24-hour PM2.5 NAAQS), 1997 Annual PM2.5 NAAQS, and 1987 Annual Coarse Particle (PM10) NAAQS [EPA-HQ-OAR-2015-0359; FRL-9929-97-OAR] (RIN: 2060-AR95) received July 28, 2015, pursuant to 5 U.S.C. 801(a)(1)(A); Added by Public Law 104-121, Sec. 251; to the Committee on Energy and Commerce. 2348. A letter from the Assistant Secretary for Legislation, Office of the Secretary, Department of Health and Human Services, transmitting the ``2013 Progress Report on Understanding the Long-Term Health Effects of Living Organ Donation'', pursuant to 42 U.S.C. Sec. 273b, as added by the Charlie W. Norwood Living Organ Donation Act, Pub. L. 110- 144; to the Committee on Energy and Commerce. 2349. A letter from the Director, Defense Security Cooperation Agency, transmitting a notice of proposed lease to the governments of Australia and the United Kingdom, Transmittal No. 08-15, pursuant to Sec. 62(a) of the Arms Export Control Act; to the Committee on Foreign Affairs. [[Page H5781]] 2350. A letter from the Assistant Secretary, Legislative Affairs, Department of State, transmitting a certification, pursuant to Sec. 36(c) of the Arms Export Control Act, Transmittal No.: DDTC 14-132; to the Committee on Foreign Affairs. 2351. A letter from the Assistant Secretary, Legislative Affairs, Department of State, transmitting a certification, pursuant to Sec. 36(c) of the Arms Export Control Act, Transmittal No.: DDTC 15-066; to the Committee on Foreign Affairs. 2352. A letter from the Assistant Secretary, Legislative Affairs, Department of State, transmitting a certification, pursuant to Sec. 36(c) of the Arms Export Control Act, Transmittal No.: DDTC 15-015; to the Committee on Foreign Affairs. 2353. A letter from the Assistant Secretary, Legislative Affairs, Department of State, transmitting a certification, pursuant to Sec. 36(c) of the Arms Export Control Act, Transmittal No.: DDTC 15-046; to the Committee on Foreign Affairs. 2354. A letter from the Acting Assistant Secretary, Legislative Affairs, Department of State, transmitting a certification of proposed issuance of an export license, pursuant to Secs. 36(c) and 36(d) of the Arms Export Control Act, Transmittal No.: DDTC 15-048; to the Committee on Foreign Affairs. 2355. A letter from the Acting Under Secretary, Personnel and Readiness, Department of Defense, transmitting the Federal Voting Assistance Program's 2014 Post-Election Report to Congress, in accordance with 52 U.S.C. 20308(b); to the Committee on House Administration. 2356. A letter from the Inspector General, U.S. House of Representatives, transmitting the final report on the ``Assist CAO in Equipment Inventory Process'' management advisory project (Report No. 15-CAO-05); to the Committee on House Administration. 2357. A letter from the Inspector General, U.S. House of Representatives, transmitting the final audit report entitled ``Review of the Effectiveness of the Secure Configuration Management Program (Report No. 15-CAO-06); to the Committee on House Administration. 2358. A letter from the Architect of the Capitol, transmitting the semiannual report of disbursements for the operations of the Architect of the Capitol for the period of January 1, 2015 through June 30, 2015, pursuant to 2 U.S.C. 1868a(a); Public Law 113-76, div. I, title I, Sec. 1301(a); (H. Doc. No. 114--54); to the Committee on House Administration and ordered to be printed. 2359. A letter from the Director, Office of Regulatory Affairs and Collaborative Action, Bureau of Indian Affairs, Department of the Interior, transmitting the Department's final rule -- Federal Acknowledgement of American Indian Tribes [156A2100DD/AAKC001030/A0A501010.999900 253G] (RIN: 1076-AF18) received July 28, 2015, pursuant to 5 U.S.C. 801(a)(1)(A); Added by Public Law 104-121, Sec. 251; to the Committee on Natural Resources. 2360. A letter from the Chief, Division of Environmental Review, Ecological Services, U.S. Fish and Wildlife Service, Department of the Interior, transmitting the Department's final rule -- Interagency Cooperation--Endangered Species Act of 1973, as Amended; Incidental Take Statements [Docket No.: FWS-R9-ES-2011-0080; NOAA-120106024-5048-02; FF09E-31000-156- FXES-1122-0900000] (RIN: 1018-AX85; 0648-BB81) received July 28, 2015, pursuant to 5 U.S.C. 801(a)(1)(A); Added by Public Law 104-121, Sec. 251; to the Committee on Natural Resources. 2361. A letter from the Acting Chief, Branch of Foreign Species, Fish and Wildlife Service, Department of the Interior, transmitting the Department's final rule -- Endangered and Threatened Wildlife and Plants; Listing All Chimpanzees as Endangered Species [Docket No.: FWS-R9-ES- 2010-0086; 4500030115] (RIN: 1018-AZ52) received July 28, 2015, pursuant to 5 U.S.C. 801(a)(1)(A); Added by Public Law 104-121, Sec. 251; to the Committee on Natural Resources. 2362. A letter from the Acting Director, Office of Sustainable Fisheries, NMFS, National Oceanic and Atmospheric Administration, transmitting the Department's temporary rule -- Snapper-Grouper Fishery of the South Atlantic; 2015 Commercial Accountability Measure and Closure for Atlantic Dolphin [Docket No.: 130403322-4454-02] (RIN: 0648-XE002) received July 29, 2015, pursuant to 5 U.S.C. 801(a)(1)(A); Added by Public Law 104-121, Sec. 251; to the Committee on Natural Resources. 2363. A letter from the Wildlife Biologist, U.S. Fish and Wildlife Service, Department of the Interior, transmitting the Department's final rule -- Migratory Bird Permits; Update of Falconry Permitting Reporting Address [Docket No.: FWS-HQ- MB-2015-0032; FF09M21200-156-FXMB123 099BPP0] (RIN: 1018- BA90) received July 28, 2015, pursuant to 5 U.S.C. 801(a)(1)(A); Added by Public Law 104-121, Sec. 251; to the Committee on Natural Resources. 2364. A letter from the Acting Chief, Branch of Listing, U.S. Fish and Wildlife Service, Department of the Interior, transmitting the Department's final rule -- Endangered and Threatened Wildlife and Plants; Threatened Species Status for the Rufa Red Knot [Docket No.: FWS-R5-ES-2013-0097] [4500030113] (RIN: 1018-AY17) received July 28, 2015, pursuant to 5 U.S.C. 801(a)(1)(A); Added by Public Law 104- 121, Sec. 251; to the Committee on Natural Resources. 2365. A letter from the Chief, Branch of Recovery and State Grants, U.S. Fish and Wildlife Service, Department of the Interior, transmitting the Department's direct final rule -- Endangered and Threatened Wildlife and Plants; Technical Corrections for 54 Wildlife and Plant Species on the List of Endangered and Threatened Wildlife and Plants [Docket No.: FWS-R1-ES-2015-0031] [FXES11130900000C6-156-FF09E42000] (RIN: 1018-BA89) received July 28, 2015, pursuant to 5 U.S.C. 801(a)(1)(A); Added by Public Law 104-121, Sec. 251; to the Committee on Natural Resources. 2366. A letter from the Regulations Specialist; FWS -- Office of Subsistence Management, U.S. Fish and Wildlife Service, Department of the Interior, transmitting the Department's final rule -- Subsistence Management Regulations for Public Lands in Alaska--2015-16 and 2016-17 Subsistence Taking of Fish Regulations [Docket No.: FWS-R7-SM-2013-0065; FXFR13350700640-156-FF07J00000 FBMS#4500076030] (RIN: 1018- AZ67] received July 28, 2015, pursuant to 5 U.S.C. 801(a)(1)(A); Added by Public Law 104-121, Sec. 251; to the Committee on Natural Resources. 2367. A letter from the Branch Chief, Endangered Species Listing, U.S. Fish and Wildlife Service, Department of the Interior, transmitting the Department's final rule -- Endangered and Threatened Wildlife and Plants; Designation of Critical Habitat for Mount Charleston Blue Butterfly [Icaricia (Plebejus) shasta charlestonensis] [Docket No.: FWS-R8-ES-2013-0105] [4500030114] (RIN: 1018-AZ91) received July 28, 2015, pursuant to 5 U.S.C. 801(a)(1)(A); Added by Public Law 104-121, Sec. 251; to the Committee on Natural Resources. 2368. A letter from the Attorney-Advisor, U.S. Coast Guard, Department of Homeland Security, transmitting the Department's interim rule -- Safety Zone; Big Foot TLP, Walker Ridge 29, Outer Continental Shelf on the Gulf of Mexico [Docket No.: USCG-2014-0863] (RIN: 1625-AA00) received July 29, 2015, pursuant to 5 U.S.C. 801(a)(1)(A); Added by Public Law 104-121, Sec. 251; to the Committee on Transportation and Infrastructure. 2369. A letter from the Attorney-Advisor, U.S. Coast Guard, Department of Homeland Security, transmitting the Department's temporary final rule -- Safety Zone, Fall River Grand Prix, Mt. Hope Bay and Taunton River, Fall River, MA [Docket No.: USCG-2015-0286] (RIN: 1625-AA00) received July 29, 2015, pursuant to 5 U.S.C. 801(a)(1)(A); Added by Public Law 104-121, Sec. 251; to the Committee on Transportation and Infrastructure. 2370. A letter from the Attorney-Advisor, U.S. Coast Guard, Department of Homeland Security, transmitting the Department's temporary final rule -- Safety Zone; Cleveland Triathlon, Lake Erie, North Coast Harbor, Cleveland, OH [Docket No.: USCG-2015-0659] (RIN: 1625-AA00) received July 29, 2015, pursuant to 5 U.S.C. 801(a)(1)(A); Added by Public Law 104-121, Sec. 251; to the Committee on Transportation and Infrastructure. 2371. A letter from the Attorney-Advisor, U.S. Coast Guard, Department of Homeland Security, transmitting the Department's temporary final rule -- Safety Zones and Regulated Navigation Area; Shell Arctic Drilling/Exploration Vessels and Associated Voluntary First Amendment Area, Puget Sound, WA, Extension [Docket No.: USCG-2015-0295] (RIN: 1625- AA00; 1625-AA11) received July 29, 2015, pursuant to 5 U.S.C. 801(a)(1)(A); Added by Public Law 104-121, Sec. 251; to the Committee on Transportation and Infrastructure. 2372. A letter from the Attorney-Advisor, U.S. Coast Guard, Department of Homeland Security, transmitting the Department's temporary final rule -- Safety Zone; Red Bull GRC Air Show, Detroit River, Detroit, MI [Docket No.: USCG- 2015-0618] (RIN: 1625-AA00) received July 29, 2015, pursuant to 5 U.S.C. 801(a)(1)(A); Added by Public Law 104-121, Sec. 251; to the Committee on Transportation and Infrastructure. 2373. A letter from the Attorney-Advisor, U.S. Coast Guard, Department of Homeland Security, transmitting the Department's temporary final rule -- Safety Zone; Maritime Museum Party, San Diego Bay; San Diego, CA [Docket No.: USCG- 2015-0647] (RIN: 1625-AA00) received July 29, 2015, pursuant to 5 U.S.C. 801(a)(1)(A); Added by Public Law 104-121, Sec. 251; to the Committee on Transportation and Infrastructure. 2374. A letter from the Attorney-Advisor, U.S. Coast Guard, Department of Homeland Security, transmitting the Department's temporary final rule -- Safety Zone; Town of Olcott Fireworks Display; Lake Ontario, Olcott, NY [Docket No.: USCG-2015-0595] (RIN: 1625-AA00) received July 29, 2015, pursuant to 5 U.S.C. 801(a)(1)(A); Added by Public Law 104- 121, Sec. 251; to the Committee on Transportation and Infrastructure. 2375. A letter from the Attorney-Advisor, U.S. Coast Guard, Department of Homeland Security, transmitting the Department's final rule -- Special Local Regulation; Mavericks Surf Competition, Half Moon Bay, CA [Docket No.: USCG-2015-0427] (RIN: 1625-AA08) received July 29, 2015, pursuant to 5 U.S.C. 801(a)(1)(A); Added by Public Law 104- 121, Sec. 251; to the Committee on Transportation and Infrastructure. 2376. A letter from the Attorney-Advisor, U.S. Coast Guard, Department of Homeland Security, transmitting the Department's temporary final rule -- Special Local Regulations; Beaufort Water Festival, Beaufort, SC [Docket No.: USCG-2015-0192] (RIN: 1625- [[Page H5782]] AA08) received July 29, 2015, pursuant to 5 U.S.C. 801(a)(1)(A); Added by Public Law 104-121, Sec. 251; to the Committee on Transportation and Infrastructure. 2377. A letter from the Attorney-Advisor, U.S. Coast Guard, Department of Homeland Security, transmitting the Department's temporary final rule -- Special Local Regulations; Southeast Drag Boat Championships, Atlantic Intracoastal Waterway; Bucksport, SC [Docket No.: USCG-2015- 0045] (RIN: 1625-AA08) received July 29, 2015, pursuant to 5 U.S.C. 801(a)(1)(A); Added by Public Law 104-121, Sec. 251; to the Committee on Transportation and Infrastructure. 2378. A letter from the Attorney-Advisor, U.S. Coast Guard, Department of Homeland Security, transmitting the Department's temporary final rule -- Safety Zone, Block Island Wind Farm; Rhode Island Sound, RI [Docket No.: USCG- 2015-0227] (RIN: 1625-AA00) received July 29, 2015, pursuant to 5 U.S.C. 801(a)(1)(A); Added by Public Law 104-121, Sec. 251; to the Committee on Transportation and Infrastructure. 2379. A letter from the Attorney-Advisor, U.S. Coast Guard, Department of Homeland Security, transmitting the Department's temporary final rule -- Safety Zones; Misery Challenge, Manchester Bay, Manchester, MA [Docket No.: USCG- 2015-0188] (RIN: 1625-AA00) received July 29, 2015, pursuant to 5 U.S.C. 801(a)(1)(A); Added by Public Law 104-121, Sec. 251; to the Committee on Transportation and Infrastructure. 2380. A letter from the Attorney-Advisor, U.S. Coast Guard, Department of Homeland Security, transmitting the Department's temporary final rule -- Safety Zone; POLAR PIONEER, Outer Continental Shelf Drill Unit, Chukchi Sea, Alaska [Docket No.: USCG-2015-0247] (RIN: 1625-AA00) received July 29, 2015, pursuant to 5 U.S.C. 801(a)(1)(A); Added by Public Law 104-121, Sec. 251; to the Committee on Transportation and Infrastructure. 2381. A letter from the Attorney-Advisor, U.S. Coast Guard, Department of Homeland Security, transmitting the Department's interim rule -- Drawbridge Operation Regulation; Victoria Barge Canal, Bloomington, TX [Docket No.: USCG-2014- 0952] (RIN: 1625-AA09) received July 29, 2015, pursuant to 5 U.S.C. 801(a)(1)(A); Added by Public Law 104-121, Sec. 251; to the Committee on Transportation and Infrastructure. 2382. A letter from the Attorney-Advisor, U.S. Coast Guard, Department of Homeland Security, transmitting the Department's temporary final rule -- Safety Zone; Lake Metroparks Stand-Up Paddleboard Race; Lake Erie, Fairport Harbor, OH [Docket No.: USCG-2015-0612] (RIN: 1625-AA00) received July 29, 2015, pursuant to 5 U.S.C. 801(a)(1)(A); Added by Public Law 104-121, Sec. 251; to the Committee on Transportation and Infrastructure. 2383. A letter from the Attorney-Advisor, U.S. Coast Guard, Department of Homeland Security, transmitting the Department's temporary final rule -- Safety Zone; The Cleveland Yachting Club Annual Regatta Fireworks Display; Lake Erie, Rocky River, OH [Docket No.: USCG-2015-0613] (RIN: 1625-AA00) received July 29, 2015, pursuant to 5 U.S.C. 801(a)(1)(A); Added by Public Law 104-121, Sec. 251; to the Committee on Transportation and Infrastructure. 2384. A letter from the Attorney-Advisor, U.S. Coast Guard, Department of Homeland Security, transmitting the Department's temporary final rule -- Safety Zone; Oswego Harborfest Jet Ski Show; Oswego Harbor, Oswego, NY [Docket No.: USCG-2015-0507] (RIN: 1625-AA00) received July 29, 2015, pursuant to 5 U.S.C. 801(a)(1)(A); Added by Public Law 104- 121, Sec. 251; to the Committee on Transportation and Infrastructure. 2385. A letter from the Assistant Secretary for Legislation, Department of Health and Human Services, transmitting the report on the drug-free workplace plan of the Defense Acquisition University, pursuant to Sec. 503 of the Supplemental Appropriations Act of 1987, Pub. L. 100-71; jointly to the Committees on Appropriations and Oversight and Government Reform. 2386. A letter from the Assistant Secretary for Legislation, Office of the Secretary, Department of Health and Human Services, transmitting the report to Congress entitled, ``Assessing the Continued Suspension of the Long Term Care Hospital 25 Percent Policy'', pursuant to Sec. 1206(b)(1)(C) of the Pathway for SGR Reform Act of 2013 (Pub. L. 113-67); jointly to the Committees on Energy and Commerce and Ways and Means. ____________________",,"[Congressional Record Volume 161, Number 123 (Friday, July 31, 2015)] [House] [Pages H5780-H5782] From the Congressional Record Online through the Government Publishing Office [ www.gpo.gov ] EXECUTIVE COMMUNICATIONS, ETC. Under clause 2 of rule XIV, executive communications were taken from the Speaker's table and referred as follows: 2330. A letter from the Principal Deputy, Personnel and Readiness, Department of Defense, transmitting a letter on the approved retirement of General Martin E. Dempsey, United States Army, and his advancement to the grade of general on the retired list, in accordance with 10 U.S.C. 777; to the Committee on Armed Services. 2331. A letter from the Acting Under Secretary, Personnel and Readiness, Department of Defense, transmitting a letter on the approved retirement of General Raymond T. Odierno, United States Army, and his advancement to the grade of general on the retired list, in accordance with 10 U.S.C. 777; to the Committee on Armed Services. 2332. A letter from the General Counsel, Federal Housing Finance Agency, transmitting the Agency's final rule -- Organization and Functions, and Seal Amendments (RIN: 2590- AA75) received July 29, 2015, pursuant to 5 U.S.C. 801(a)(1)(A); Added by Public Law 104-121, Sec. 251; to the Committee on Financial Services. 2333. A letter from the Director, Regulatory Management Division, Environmental Protection Agency, transmitting the Agency's final rule -- Zeta-cypermethrin; Pesticide Tolerances [EPA-HQ-OPP-2014-0889; FRL-9929-74] received July 28, 2015, pursuant to 5 U.S.C. 801(a)(1)(A); Added by Public Law 104-121, Sec. 251; to the Committee on Energy and Commerce. 2334. A letter from the Director, Regulatory Management Division, Environmental Protection Agency, transmitting the Agency's final rule -- Phosphoric Acid Manufacturing and Phosphate Fertilizer Production RTR and Standards of Performance for Phosphate Processing [EPA-HQ-OAR-2012-0522; FRL-9931-01-OAR] (RIN: 2060-AQ20) received July 28, 2015, pursuant to 5 U.S.C. 801(a)(1)(A); Added by Public Law 104- 121, Sec. 251; to the Committee on Energy and Commerce. 2335. A letter from the Director, Regulatory Management Division, Environmental Protection Agency, transmitting the Agency's final rule -- Isofetamid; Pesticide Tolerances [EPA- HQ-OPP-2013-0138; FRL-9923-86] received July 28, 2015, pursuant to 5 U.S.C. 801(a)(1)(A); Added by Public Law 104- 121, Sec. 251; to the Committee on Energy and Commerce. 2336. A letter from the Director, Regulatory Management Division, Environmental Protection Agency, transmitting the Agency's final rule -- Fluxapyroxad; Pesticide Tolerances [EPA-HQ-OPP-2012-0638; FRL-9930-73] received July 28, 2015, pursuant to 5 U.S.C. 801(a)(1)(A); Added by Public Law 104- 121, Sec. 251; to the Committee on Energy and Commerce. 2337. A letter from the Director, Regulatory Management Division, Environmental Protection Agency, transmitting the Agency's final rule -- Ethanesulfonic acid, 2-hydroxy and the corresponding ammonium, sodium, potassium, calcium, magnesium, and zinc salts; Exemption from the Requirement of a Tolerance [EPA-HQ-OPP-2014-0325; FRL-9930-22] received July 28, 2015, pursuant to 5 U.S.C. 801(a)(1)(A); Added by Public Law 104-121, Sec. 251; to the Committee on Energy and Commerce. 2338. A letter from the Director, Regulatory Management Division, Environmental Protection Agency, transmitting the Agency's final rule -- Benalaxyl-M; Pesticide Tolerances [EPA-HQ-OPP-2013-0714; FRL-9927-63] received July 28, 2015, pursuant to 5 U.S.C. 801(a)(1)(A); Added by Public Law 104- 121, Sec. 251; to the Committee on Energy and Commerce. 2339. A letter from the Director, Regulatory Management Division, Environmental Protection Agency, transmitting the Agency's direct final rule -- Approval and Promulgation of Implementation Plans; Wyoming; Revisions to SO2 Ambient Standards [EPA-R08-OAR-2014-0187; FRL-9931-38-Region 8] received July 28, 2015, pursuant to 5 U.S.C. 801(a)(1)(A); Added by Public Law 104-121, Sec. 251; to the Committee on Energy and Commerce. 2340. A letter from the Director, Regulatory Management Division, Environmental Protection Agency, transmitting the Agency's final rule -- Approval and Promulgation of Implementation Plans; Washington: Interstate Transport of Fine Particulate Matter [EPA-R10-OAR-2015-0330; FRL-9931-46- Region 10] received July 28, 2015, pursuant to 5 U.S.C. 801(a)(1)(A); Added by Public Law 104-121, Sec. 251; to the Committee on Energy and Commerce. 2341. A letter from the Director, Regulatory Management Division, Environmental Protection Agency, transmitting the Agency's final rule -- Approval and Promulgation of Implementation Plans; North Carolina: Non-interference Demonstration for Federal Low-Reid Vapor Pressure Requirement for Gaston and Mecklenburg Counties [EPA-R04-OAR-2015-0260; FRL-9931-27-Region 4] received July 28, 2015, pursuant to 5 U.S.C. 801(a)(1)(A); Added by Public Law 104-121, Sec. 251; to the Committee on Energy and Commerce. 2342. A letter from the Director, Regulatory Management Division, Environmental Protection Agency, transmitting the Agency's direct final rule -- Approval and Promulgation of Implementation Plans; Georgia: Revisions to Definitions and Ambient Air Quality Standards [EPA-R04-OAR-2015-0413; FRL- 9931-65-Region 4] received July 28, 2015, pursuant to 5 U.S.C. 801(a)(1)(A); Added by Public Law 104-121, Sec. 251; to the Committee on Energy and Commerce. 2343. A letter from the Director, Regulatory Management Division, Environmental Protection Agency, transmitting the Agency's final rule -- Approval and Promulgation of Implementation Plans and Designation of Areas; North Carolina; Redesignation of the Charlotte-Rock Hill, 2008 8- Hour Ozone Nonattainment Area to Attainment [EPA-R04-OAR- 2015-0275; FRL-9931-28-Region 4] received July 28, 2015, pursuant to 5 U.S.C. 801(a)(1)(A); Added by Public Law 104- 121, Sec. 251; to the Committee on Energy and Commerce. 2344. A letter from the Director, Regulatory Management Division, Environmental Protection Agency, transmitting the Agency's direct final rule -- Approval and Promulgation of Air Quality Implementation Plans; West Virginia; 2011 Base Year Emissions Inventory for the Marshall, West Virginia Nonattainment Area for the 2010 1-Hour Sulfur Dioxide National Ambient Air Quality Standard [EPA-R03-OAR-2015-0411; FRL-9931-56-Region 3] received July 28, 2015, pursuant to 5 U.S.C. 801(a)(1)(A); Added by Public Law 104-121, Sec. 251; to the Committee on Energy and Commerce. 2345. A letter from the Director, Regulatory Management Division, Environmental Protection Agency, transmitting the Agency's final rule -- Approval and Promulgation of Air Quality Implementation Plans; Virginia; Consumer and Commercial Products and Mobile Equipment Repair and Refinishing Operations [EPA-R03-OAR-2014-0816; FRL-9931-29- Region 3] received July 28, 2015, pursuant to 5 U.S.C. 801(a)(1)(A); Added by Public Law 104-121, Sec. 251; to the Committee on Energy and Commerce. 2346. A letter from the Director, Regulatory Management Division, Environmental Protection Agency, transmitting the Agency's direct final rule -- Approval and Promulgation of Air Quality Implementation Plans; State of Iowa; Revisions to Linn County Air Quality Ordinance [EPA-R07-OAR-2015-0357; FRL-9931-33-Region 7] received July 28, 2015, pursuant to 5 U.S.C. 801(a)(1)(A); Added by Public Law 104-121, Sec. 251; to the Committee on Energy and Commerce. 2347. A letter from the Director, Regulatory Management Division, Environmental Protection Agency, transmitting the Agency's final rule -- Technical Amendments to Inadvertent Errors in Air Quality Designations for the 2006 24-hour Fine Particle National Ambient Air Quality Standards (2006 24-hour PM2.5 NAAQS), 1997 Annual PM2.5 NAAQS, and 1987 Annual Coarse Particle (PM10) NAAQS [EPA-HQ-OAR-2015-0359; FRL-9929-97-OAR] (RIN: 2060-AR95) received July 28, 2015, pursuant to 5 U.S.C. 801(a)(1)(A); Added by Public Law 104-121, Sec. 251; to the Committee on Energy and Commerce. 2348. A letter from the Assistant Secretary for Legislation, Office of the Secretary, Department of Health and Human Services, transmitting the ``2013 Progress Report on Understanding the Long-Term Health Effects of Living Organ Donation'', pursuant to 42 U.S.C. Sec. 273b, as added by the Charlie W. Norwood Living Organ Donation Act, Pub. L. 110- 144; to the Committee on Energy and Commerce. 2349. A letter from the Director, Defense Security Cooperation Agency, transmitting a notice of proposed lease to the governments of Australia and the United Kingdom, Transmittal No. 08-15, pursuant to Sec. 62(a) of the Arms Export Control Act; to the Committee on Foreign Affairs. [[Page H5781]] 2350. A letter from the Assistant Secretary, Legislative Affairs, Department of State, transmitting a certification, pursuant to Sec. 36(c) of the Arms Export Control Act, Transmittal No.: DDTC 14-132; to the Committee on Foreign Affairs. 2351. A letter from the Assistant Secretary, Legislative Affairs, Department of State, transmitting a certification, pursuant to Sec. 36(c) of the Arms Export Control Act, Transmittal No.: DDTC 15-066; to the Committee on Foreign Affairs. 2352. A letter from the Assistant Secretary, Legislative Affairs, Department of State, transmitting a certification, pursuant to Sec. 36(c) of the Arms Export Control Act, Transmittal No.: DDTC 15-015; to the Committee on Foreign Affairs. 2353. A letter from the Assistant Secretary, Legislative Affairs, Department of State, transmitting a certification, pursuant to Sec. 36(c) of the Arms Export Control Act, Transmittal No.: DDTC 15-046; to the Committee on Foreign Affairs. 2354. A letter from the Acting Assistant Secretary, Legislative Affairs, Department of State, transmitting a certification of proposed issuance of an export license, pursuant to Secs. 36(c) and 36(d) of the Arms Export Control Act, Transmittal No.: DDTC 15-048; to the Committee on Foreign Affairs. 2355. A letter from the Acting Under Secretary, Personnel and Readiness, Department of Defense, transmitting the Federal Voting Assistance Program's 2014 Post-Election Report to Congress, in accordance with 52 U.S.C. 20308(b); to the Committee on House Administration. 2356. A letter from the Inspector General, U.S. House of Representatives, transmitting the final report on the ``Assist CAO in Equipment Inventory Process'' management advisory project (Report No. 15-CAO-05); to the Committee on House Administration. 2357. A letter from the Inspector General, U.S. House of Representatives, transmitting the final audit report entitled ``Review of the Effectiveness of the Secure Configuration Management Program (Report No. 15-CAO-06); to the Committee on House Administration. 2358. A letter from the Architect of the Capitol, transmitting the semiannual report of disbursements for the operations of the Architect of the Capitol for the period of January 1, 2015 through June 30, 2015, pursuant to 2 U.S.C. 1868a(a); Public Law 113-76, div. I, title I, Sec. 1301(a); (H. Doc. No. 114--54); to the Committee on House Administration and ordered to be printed. 2359. A letter from the Director, Office of Regulatory Affairs and Collaborative Action, Bureau of Indian Affairs, Department of the Interior, transmitting the Department's final rule -- Federal Acknowledgement of American Indian Tribes [156A2100DD/AAKC001030/A0A501010.999900 253G] (RIN: 1076-AF18) received July 28, 2015, pursuant to 5 U.S.C. 801(a)(1)(A); Added by Public Law 104-121, Sec. 251; to the Committee on Natural Resources. 2360. A letter from the Chief, Division of Environmental Review, Ecological Services, U.S. Fish and Wildlife Service, Department of the Interior, transmitting the Department's final rule -- Interagency Cooperation--Endangered Species Act of 1973, as Amended; Incidental Take Statements [Docket No.: FWS-R9-ES-2011-0080; NOAA-120106024-5048-02; FF09E-31000-156- FXES-1122-0900000] (RIN: 1018-AX85; 0648-BB81) received July 28, 2015, pursuant to 5 U.S.C. 801(a)(1)(A); Added by Public Law 104-121, Sec. 251; to the Committee on Natural Resources. 2361. A letter from the Acting Chief, Branch of Foreign Species, Fish and Wildlife Service, Department of the Interior, transmitting the Department's final rule -- Endangered and Threatened Wildlife and Plants; Listing All Chimpanzees as Endangered Species [Docket No.: FWS-R9-ES- 2010-0086; 4500030115] (RIN: 1018-AZ52) received July 28, 2015, pursuant to 5 U.S.C. 801(a)(1)(A); Added by Public Law 104-121, Sec. 251; to the Committee on Natural Resources. 2362. A letter from the Acting Director, Office of Sustainable Fisheries, NMFS, National Oceanic and Atmospheric Administration, transmitting the Department's temporary rule -- Snapper-Grouper Fishery of the South Atlantic; 2015 Commercial Accountability Measure and Closure for Atlantic Dolphin [Docket No.: 130403322-4454-02] (RIN: 0648-XE002) received July 29, 2015, pursuant to 5 U.S.C. 801(a)(1)(A); Added by Public Law 104-121, Sec. 251; to the Committee on Natural Resources. 2363. A letter from the Wildlife Biologist, U.S. Fish and Wildlife Service, Department of the Interior, transmitting the Department's final rule -- Migratory Bird Permits; Update of Falconry Permitting Reporting Address [Docket No.: FWS-HQ- MB-2015-0032; FF09M21200-156-FXMB123 099BPP0] (RIN: 1018- BA90) received July 28, 2015, pursuant to 5 U.S.C. 801(a)(1)(A); Added by Public Law 104-121, Sec. 251; to the Committee on Natural Resources. 2364. A letter from the Acting Chief, Branch of Listing, U.S. Fish and Wildlife Service, Department of the Interior, transmitting the Department's final rule -- Endangered and Threatened Wildlife and Plants; Threatened Species Status for the Rufa Red Knot [Docket No.: FWS-R5-ES-2013-0097] [4500030113] (RIN: 1018-AY17) received July 28, 2015, pursuant to 5 U.S.C. 801(a)(1)(A); Added by Public Law 104- 121, Sec. 251; to the Committee on Natural Resources. 2365. A letter from the Chief, Branch of Recovery and State Grants, U.S. Fish and Wildlife Service, Department of the Interior, transmitting the Department's direct final rule -- Endangered and Threatened Wildlife and Plants; Technical Corrections for 54 Wildlife and Plant Species on the List of Endangered and Threatened Wildlife and Plants [Docket No.: FWS-R1-ES-2015-0031] [FXES11130900000C6-156-FF09E42000] (RIN: 1018-BA89) received July 28, 2015, pursuant to 5 U.S.C. 801(a)(1)(A); Added by Public Law 104-121, Sec. 251; to the Committee on Natural Resources. 2366. A letter from the Regulations Specialist; FWS -- Office of Subsistence Management, U.S. Fish and Wildlife Service, Department of the Interior, transmitting the Department's final rule -- Subsistence Management Regulations for Public Lands in Alaska--2015-16 and 2016-17 Subsistence Taking of Fish Regulations [Docket No.: FWS-R7-SM-2013-0065; FXFR13350700640-156-FF07J00000 FBMS#4500076030] (RIN: 1018- AZ67] received July 28, 2015, pursuant to 5 U.S.C. 801(a)(1)(A); Added by Public Law 104-121, Sec. 251; to the Committee on Natural Resources. 2367. A letter from the Branch Chief, Endangered Species Listing, U.S. Fish and Wildlife Service, Department of the Interior, transmitting the Department's final rule -- Endangered and Threatened Wildlife and Plants; Designation of Critical Habitat for Mount Charleston Blue Butterfly [Icaricia (Plebejus) shasta charlestonensis] [Docket No.: FWS-R8-ES-2013-0105] [4500030114] (RIN: 1018-AZ91) received July 28, 2015, pursuant to 5 U.S.C. 801(a)(1)(A); Added by Public Law 104-121, Sec. 251; to the Committee on Natural Resources. 2368. A letter from the Attorney-Advisor, U.S. Coast Guard, Department of Homeland Security, transmitting the Department's interim rule -- Safety Zone; Big Foot TLP, Walker Ridge 29, Outer Continental Shelf on the Gulf of Mexico [Docket No.: USCG-2014-0863] (RIN: 1625-AA00) received July 29, 2015, pursuant to 5 U.S.C. 801(a)(1)(A); Added by Public Law 104-121, Sec. 251; to the Committee on Transportation and Infrastructure. 2369. A letter from the Attorney-Advisor, U.S. Coast Guard, Department of Homeland Security, transmitting the Department's temporary final rule -- Safety Zone, Fall River Grand Prix, Mt. Hope Bay and Taunton River, Fall River, MA [Docket No.: USCG-2015-0286] (RIN: 1625-AA00) received July 29, 2015, pursuant to 5 U.S.C. 801(a)(1)(A); Added by Public Law 104-121, Sec. 251; to the Committee on Transportation and Infrastructure. 2370. A letter from the Attorney-Advisor, U.S. Coast Guard, Department of Homeland Security, transmitting the Department's temporary final rule -- Safety Zone; Cleveland Triathlon, Lake Erie, North Coast Harbor, Cleveland, OH [Docket No.: USCG-2015-0659] (RIN: 1625-AA00) received July 29, 2015, pursuant to 5 U.S.C. 801(a)(1)(A); Added by Public Law 104-121, Sec. 251; to the Committee on Transportation and Infrastructure. 2371. A letter from the Attorney-Advisor, U.S. Coast Guard, Department of Homeland Security, transmitting the Department's temporary final rule -- Safety Zones and Regulated Navigation Area; Shell Arctic Drilling/Exploration Vessels and Associated Voluntary First Amendment Area, Puget Sound, WA, Extension [Docket No.: USCG-2015-0295] (RIN: 1625- AA00; 1625-AA11) received July 29, 2015, pursuant to 5 U.S.C. 801(a)(1)(A); Added by Public Law 104-121, Sec. 251; to the Committee on Transportation and Infrastructure. 2372. A letter from the Attorney-Advisor, U.S. Coast Guard, Department of Homeland Security, transmitting the Department's temporary final rule -- Safety Zone; Red Bull GRC Air Show, Detroit River, Detroit, MI [Docket No.: USCG- 2015-0618] (RIN: 1625-AA00) received July 29, 2015, pursuant to 5 U.S.C. 801(a)(1)(A); Added by Public Law 104-121, Sec. 251; to the Committee on Transportation and Infrastructure. 2373. A letter from the Attorney-Advisor, U.S. Coast Guard, Department of Homeland Security, transmitting the Department's temporary final rule -- Safety Zone; Maritime Museum Party, San Diego Bay; San Diego, CA [Docket No.: USCG- 2015-0647] (RIN: 1625-AA00) received July 29, 2015, pursuant to 5 U.S.C. 801(a)(1)(A); Added by Public Law 104-121, Sec. 251; to the Committee on Transportation and Infrastructure. 2374. A letter from the Attorney-Advisor, U.S. Coast Guard, Department of Homeland Security, transmitting the Department's temporary final rule -- Safety Zone; Town of Olcott Fireworks Display; Lake Ontario, Olcott, NY [Docket No.: USCG-2015-0595] (RIN: 1625-AA00) received July 29, 2015, pursuant to 5 U.S.C. 801(a)(1)(A); Added by Public Law 104- 121, Sec. 251; to the Committee on Transportation and Infrastructure. 2375. A letter from the Attorney-Advisor, U.S. Coast Guard, Department of Homeland Security, transmitting the Department's final rule -- Special Local Regulation; Mavericks Surf Competition, Half Moon Bay, CA [Docket No.: USCG-2015-0427] (RIN: 1625-AA08) received July 29, 2015, pursuant to 5 U.S.C. 801(a)(1)(A); Added by Public Law 104- 121, Sec. 251; to the Committee on Transportation and Infrastructure. 2376. A letter from the Attorney-Advisor, U.S. Coast Guard, Department of Homeland Security, transmitting the Department's temporary final rule -- Special Local Regulations; Beaufort Water Festival, Beaufort, SC [Docket No.: USCG-2015-0192] (RIN: 1625- [[Page H5782]] AA08) received July 29, 2015, pursuant to 5 U.S.C. 801(a)(1)(A); Added by Public Law 104-121, Sec. 251; to the Committee on Transportation and Infrastructure. 2377. A letter from the Attorney-Advisor, U.S. Coast Guard, Department of Homeland Security, transmitting the Department's temporary final rule -- Special Local Regulations; Southeast Drag Boat Championships, Atlantic Intracoastal Waterway; Bucksport, SC [Docket No.: USCG-2015- 0045] (RIN: 1625-AA08) received July 29, 2015, pursuant to 5 U.S.C. 801(a)(1)(A); Added by Public Law 104-121, Sec. 251; to the Committee on Transportation and Infrastructure. 2378. A letter from the Attorney-Advisor, U.S. Coast Guard, Department of Homeland Security, transmitting the Department's temporary final rule -- Safety Zone, Block Island Wind Farm; Rhode Island Sound, RI [Docket No.: USCG- 2015-0227] (RIN: 1625-AA00) received July 29, 2015, pursuant to 5 U.S.C. 801(a)(1)(A); Added by Public Law 104-121, Sec. 251; to the Committee on Transportation and Infrastructure. 2379. A letter from the Attorney-Advisor, U.S. Coast Guard, Department of Homeland Security, transmitting the Department's temporary final rule -- Safety Zones; Misery Challenge, Manchester Bay, Manchester, MA [Docket No.: USCG- 2015-0188] (RIN: 1625-AA00) received July 29, 2015, pursuant to 5 U.S.C. 801(a)(1)(A); Added by Public Law 104-121, Sec. 251; to the Committee on Transportation and Infrastructure. 2380. A letter from the Attorney-Advisor, U.S. Coast Guard, Department of Homeland Security, transmitting the Department's temporary final rule -- Safety Zone; POLAR PIONEER, Outer Continental Shelf Drill Unit, Chukchi Sea, Alaska [Docket No.: USCG-2015-0247] (RIN: 1625-AA00) received July 29, 2015, pursuant to 5 U.S.C. 801(a)(1)(A); Added by Public Law 104-121, Sec. 251; to the Committee on Transportation and Infrastructure. 2381. A letter from the Attorney-Advisor, U.S. Coast Guard, Department of Homeland Security, transmitting the Department's interim rule -- Drawbridge Operation Regulation; Victoria Barge Canal, Bloomington, TX [Docket No.: USCG-2014- 0952] (RIN: 1625-AA09) received July 29, 2015, pursuant to 5 U.S.C. 801(a)(1)(A); Added by Public Law 104-121, Sec. 251; to the Committee on Transportation and Infrastructure. 2382. A letter from the Attorney-Advisor, U.S. Coast Guard, Department of Homeland Security, transmitting the Department's temporary final rule -- Safety Zone; Lake Metroparks Stand-Up Paddleboard Race; Lake Erie, Fairport Harbor, OH [Docket No.: USCG-2015-0612] (RIN: 1625-AA00) received July 29, 2015, pursuant to 5 U.S.C. 801(a)(1)(A); Added by Public Law 104-121, Sec. 251; to the Committee on Transportation and Infrastructure. 2383. A letter from the Attorney-Advisor, U.S. Coast Guard, Department of Homeland Security, transmitting the Department's temporary final rule -- Safety Zone; The Cleveland Yachting Club Annual Regatta Fireworks Display; Lake Erie, Rocky River, OH [Docket No.: USCG-2015-0613] (RIN: 1625-AA00) received July 29, 2015, pursuant to 5 U.S.C. 801(a)(1)(A); Added by Public Law 104-121, Sec. 251; to the Committee on Transportation and Infrastructure. 2384. A letter from the Attorney-Advisor, U.S. Coast Guard, Department of Homeland Security, transmitting the Department's temporary final rule -- Safety Zone; Oswego Harborfest Jet Ski Show; Oswego Harbor, Oswego, NY [Docket No.: USCG-2015-0507] (RIN: 1625-AA00) received July 29, 2015, pursuant to 5 U.S.C. 801(a)(1)(A); Added by Public Law 104- 121, Sec. 251; to the Committee on Transportation and Infrastructure. 2385. A letter from the Assistant Secretary for Legislation, Department of Health and Human Services, transmitting the report on the drug-free workplace plan of the Defense Acquisition University, pursuant to Sec. 503 of the Supplemental Appropriations Act of 1987, Pub. L. 100-71; jointly to the Committees on Appropriations and Oversight and Government Reform. 2386. A letter from the Assistant Secretary for Legislation, Office of the Secretary, Department of Health and Human Services, transmitting the report to Congress entitled, ``Assessing the Continued Suspension of the Long Term Care Hospital 25 Percent Policy'', pursuant to Sec. 1206(b)(1)(C) of the Pathway for SGR Reform Act of 2013 (Pub. L. 113-67); jointly to the Committees on Energy and Commerce and Ways and Means. ____________________",https://api.govinfo.gov/related/CREC-2015-07-31-pt1-PgH5780-3,CREC,Proceedings of Congress and General Congressional Publications,2025-03-07T17:29:04Z,Congressional Record,package_114_122.csv,23745,0,23745,"[congressional record volume 161, number 123 (friday, july 31, 2015)] [house] [pages h5780-h5782] from the congressional record online through the government publishing office [ www.gpo.gov ] executive communications, etc. under clause 2 of rule xiv, executive communications were taken from the speaker's table and referred as follows: 2330. a letter from the principal deputy, personnel and readiness, department of defense, transmitting a letter on the approved retirement of general martin e. dempsey, united states army, and his advancement to the grade of general on the retired list, in accordance with 10 u.s.c. 777; to the committee on armed services. 2331. a letter from the acting under secretary, personnel and readiness, department of defense, transmitting a letter on the approved retirement of general raymond t. odierno, united states army, and his advancement to the grade of general on the retired list, in accordance with 10 u.s.c. 777; to the committee on armed services. 2332. a letter from the general counsel, federal housing finance agency, transmitting the agency's final rule -- organization and functions, and seal amendments (rin: 2590- aa75) received july 29, 2015, pursuant to 5 u.s.c. 801(a)(1)(a); added by public law 104-121, sec. 251; to the committee on financial services. 2333. a letter from the director, regulatory management division, environmental protection agency, transmitting the agency's final rule -- zeta-cypermethrin; pesticide tolerances [epa-hq-opp-2014-0889; frl-9929-74] received july 28, 2015, pursuant to 5 u.s.c. 801(a)(1)(a); added by public law 104-121, sec. 251; to the committee on energy and commerce. 2334. a letter from the director, regulatory management division, environmental protection agency, transmitting the agency's final rule -- phosphoric acid manufacturing and phosphate fertilizer production rtr and standards of performance for phosphate processing [epa-hq-oar-2012-0522; frl-9931-01-oar] (rin: 2060-aq20) received july 28, 2015, pursuant to 5 u.s.c. 801(a)(1)(a); added by public law 104- 121, sec. 251; to the committee on energy and commerce. 2335. a letter from the director, regulatory management division, environmental protection agency, transmitting the agency's final rule -- isofetamid; pesticide tolerances [epa- hq-opp-2013-0138; frl-9923-86] received july 28, 2015, pursuant to 5 u.s.c. 801(a)(1)(a); added by public law 104- 121, sec. 251; to the committee on energy and commerce. 2336. a letter from the director, regulatory management division, environmental protection agency, transmitting the agency's final rule -- fluxapyroxad; pesticide tolerances [epa-hq-opp-2012-0638; frl-9930-73] received july 28, 2015, pursuant to 5 u.s.c. 801(a)(1)(a); added by public law 104- 121, sec. 251; to the committee on energy and commerce. 2337. a letter from the director, regulatory management division, environmental protection agency, transmitting the agency's final rule -- ethanesulfonic acid, 2-hydroxy and the corresponding ammonium, sodium, potassium, calcium, magnesium, and zinc salts; exemption from the requirement of a tolerance [epa-hq-opp-2014-0325; frl-9930-22] received july 28, 2015, pursuant to 5 u.s.c. 801(a)(1)(a); added by public law 104-121, sec. 251; to the committee on energy and commerce. 2338. a letter from the director, regulatory management division, environmental protection agency, transmitting the agency's final rule -- benalaxyl-m; pesticide tolerances [epa-hq-opp-2013-0714; frl-9927-63] received july 28, 2015, pursuant to 5 u.s.c. 801(a)(1)(a); added by public law 104- 121, sec. 251; to the committee on energy and commerce. 2339. a letter from the director, regulatory management division, environmental protection agency, transmitting the agency's direct final rule -- approval and promulgation of implementation plans; wyoming; revisions to so2 ambient standards [epa-r08-oar-2014-0187; frl-9931-38-region 8] received july 28, 2015, pursuant to 5 u.s.c. 801(a)(1)(a); added by public law 104-121, sec. 251; to the committee on energy and commerce. 2340. a letter from the director, regulatory management division, environmental protection agency, transmitting the agency's final rule -- approval and promulgation of implementation plans; washington: interstate transport of fine particulate matter [epa-r10-oar-2015-0330; frl-9931-46- region 10] received july 28, 2015, pursuant to 5 u.s.c. 801(a)(1)(a); added by public law 104-121, sec. 251; to the committee on energy and commerce. 2341. a letter from the director, regulatory management division, environmental protection agency, transmitting the agency's final rule -- approval and promulgation of implementation plans; north carolina: non-interference demonstration for federal low-reid vapor pressure requirement for gaston and mecklenburg counties [epa-r04-oar-2015-0260; frl-9931-27-region 4] received july 28, 2015, pursuant to 5 u.s.c. 801(a)(1)(a); added by public law 104-121, sec. 251; to the committee on energy and commerce. 2342. a letter from the director, regulatory management division, environmental protection agency, transmitting the agency's direct final rule -- approval and promulgation of implementation plans; georgia: revisions to definitions and ambient air quality standards [epa-r04-oar-2015-0413; frl- 9931-65-region 4] received july 28, 2015, pursuant to 5 u.s.c. 801(a)(1)(a); added by public law 104-121, sec. 251; to the committee on energy and commerce. 2343. a letter from the director, regulatory management division, environmental protection agency, transmitting the agency's final rule -- approval and promulgation of implementation plans and designation of areas; north carolina; redesignation of the charlotte-rock hill, 2008 8- hour ozone nonattainment area to attainment [epa-r04-oar- 2015-0275; frl-9931-28-region 4] received july 28, 2015, pursuant to 5 u.s.c. 801(a)(1)(a); added by public law 104- 121, sec. 251; to the committee on energy and commerce. 2344. a letter from the director, regulatory management division, environmental protection agency, transmitting the agency's direct final rule -- approval and promulgation of air quality implementation plans; west virginia; 2011 base year emissions inventory for the marshall, west virginia nonattainment area for the 2010 1-hour sulfur dioxide national ambient air quality standard [epa-r03-oar-2015-0411; frl-9931-56-region 3] received july 28, 2015, pursuant to 5 u.s.c. 801(a)(1)(a); added by public law 104-121, sec. 251; to the committee on energy and commerce. 2345. a letter from the director, regulatory management division, environmental protection agency, transmitting the agency's final rule -- approval and promulgation of air quality implementation plans; virginia; consumer and commercial products and mobile equipment repair and refinishing operations [epa-r03-oar-2014-0816; frl-9931-29- region 3] received july 28, 2015, pursuant to 5 u.s.c. 801(a)(1)(a); added by public law 104-121, sec. 251; to the committee on energy and commerce. 2346. a letter from the director, regulatory management division, environmental protection agency, transmitting the agency's direct final rule -- approval and promulgation of air quality implementation plans; state of iowa; revisions to linn county air quality ordinance [epa-r07-oar-2015-0357; frl-9931-33-region 7] received july 28, 2015, pursuant to 5 u.s.c. 801(a)(1)(a); added by public law 104-121, sec. 251; to the committee on energy and commerce. 2347. a letter from the director, regulatory management division, environmental protection agency, transmitting the agency's final rule -- technical amendments to inadvertent errors in air quality designations for the 2006 24-hour fine particle national ambient air quality standards (2006 24-hour pm2.5 naaqs), 1997 annual pm2.5 naaqs, and 1987 annual coarse particle (pm10) naaqs [epa-hq-oar-2015-0359; frl-9929-97-oar] (rin: 2060-ar95) received july 28, 2015, pursuant to 5 u.s.c. 801(a)(1)(a); added by public law 104-121, sec. 251; to the committee on energy and commerce. 2348. a letter from the assistant secretary for legislation, office of the secretary, department of health and human services, transmitting the ``2013 progress report on understanding the long-term health effects of living organ donation'', pursuant to 42 u.s.c. sec. 273b, as added by the charlie w. norwood living organ donation act, pub. l. 110- 144; to the committee on energy and commerce. 2349. a letter from the director, defense security cooperation agency, transmitting a notice of proposed lease to the governments of australia and the united kingdom, transmittal no. 08-15, pursuant to sec. 62(a) of the arms export control act; to the committee on foreign affairs. [[page h5781]] 2350. a letter from the assistant secretary, legislative affairs, department of state, transmitting a certification, pursuant to sec. 36(c) of the arms export control act, transmittal no.: ddtc 14-132; to the committee on foreign affairs. 2351. a letter from the assistant secretary, legislative affairs, department of state, transmitting a certification, pursuant to sec. 36(c) of the arms export control act, transmittal no.: ddtc 15-066; to the committee on foreign affairs. 2352. a letter from the assistant secretary, legislative affairs, department of state, transmitting a certification, pursuant to sec. 36(c) of the arms export control act, transmittal no.: ddtc 15-015; to the committee on foreign affairs. 2353. a letter from the assistant secretary, legislative affairs, department of state, transmitting a certification, pursuant to sec. 36(c) of the arms export control act, transmittal no.: ddtc 15-046; to the committee on foreign affairs. 2354. a letter from the acting assistant secretary, legislative affairs, department of state, transmitting a certification of proposed issuance of an export license, pursuant to secs. 36(c) and 36(d) of the arms export control act, transmittal no.: ddtc 15-048; to the committee on foreign affairs. 2355. a letter from the acting under secretary, personnel and readiness, department of defense, transmitting the federal voting assistance program's 2014 post-election report to congress, in accordance with 52 u.s.c. 20308(b); to the committee on house administration. 2356. a letter from the inspector general, u.s. house of representatives, transmitting the final report on the ``assist cao in equipment inventory process'' management advisory project (report no. 15-cao-05); to the committee on house administration. 2357. a letter from the inspector general, u.s. house of representatives, transmitting the final audit report entitled ``review of the effectiveness of the secure configuration management program (report no. 15-cao-06); to the committee on house administration. 2358. a letter from the architect of the capitol, transmitting the semiannual report of disbursements for the operations of the architect of the capitol for the period of january 1, 2015 through june 30, 2015, pursuant to 2 u.s.c. 1868a(a); public law 113-76, div. i, title i, sec. 1301(a); (h. doc. no. 114--54); to the committee on house administration and ordered to be printed. 2359. a letter from the director, office of regulatory affairs and collaborative action, bureau of indian affairs, department of the interior, transmitting the department's final rule -- federal acknowledgement of american indian tribes [156a2100dd/aakc001030/a0a501010.999900 253g] (rin: 1076-af18) received july 28, 2015, pursuant to 5 u.s.c. 801(a)(1)(a); added by public law 104-121, sec. 251; to the committee on natural resources. 2360. a letter from the chief, division of environmental review, ecological services, u.s. fish and wildlife service, department of the interior, transmitting the department's final rule -- interagency cooperation--endangered species act of 1973, as amended; incidental take statements [docket no.: fws-r9-es-2011-0080; noaa-120106024-5048-02; ff09e-31000-156- fxes-1122-0900000] (rin: 1018-ax85; 0648-bb81) received july 28, 2015, pursuant to 5 u.s.c. 801(a)(1)(a); added by public law 104-121, sec. 251; to the committee on natural resources. 2361. a letter from the acting chief, branch of foreign species, fish and wildlife service, department of the interior, transmitting the department's final rule -- endangered and threatened wildlife and plants; listing all chimpanzees as endangered species [docket no.: fws-r9-es- 2010-0086; 4500030115] (rin: 1018-az52) received july 28, 2015, pursuant to 5 u.s.c. 801(a)(1)(a); added by public law 104-121, sec. 251; to the committee on natural resources. 2362. a letter from the acting director, office of sustainable fisheries, nmfs, national oceanic and atmospheric administration, transmitting the department's temporary rule -- snapper-grouper fishery of the south atlantic; 2015 commercial accountability measure and closure for atlantic dolphin [docket no.: 130403322-4454-02] (rin: 0648-xe002) received july 29, 2015, pursuant to 5 u.s.c. 801(a)(1)(a); added by public law 104-121, sec. 251; to the committee on natural resources. 2363. a letter from the wildlife biologist, u.s. fish and wildlife service, department of the interior, transmitting the department's final rule -- migratory bird permits; update of falconry permitting reporting address [docket no.: fws-hq- mb-2015-0032; ff09m21200-156-fxmb123 099bpp0] (rin: 1018- ba90) received july 28, 2015, pursuant to 5 u.s.c. 801(a)(1)(a); added by public law 104-121, sec. 251; to the committee on natural resources. 2364. a letter from the acting chief, branch of listing, u.s. fish and wildlife service, department of the interior, transmitting the department's final rule -- endangered and threatened wildlife and plants; threatened species status for the rufa red knot [docket no.: fws-r5-es-2013-0097] [4500030113] (rin: 1018-ay17) received july 28, 2015, pursuant to 5 u.s.c. 801(a)(1)(a); added by public law 104- 121, sec. 251; to the committee on natural resources. 2365. a letter from the chief, branch of recovery and state grants, u.s. fish and wildlife service, department of the interior, transmitting the department's direct final rule -- endangered and threatened wildlife and plants; technical corrections for 54 wildlife and plant species on the list of endangered and threatened wildlife and plants [docket no.: fws-r1-es-2015-0031] [fxes11130900000c6-156-ff09e42000] (rin: 1018-ba89) received july 28, 2015, pursuant to 5 u.s.c. 801(a)(1)(a); added by public law 104-121, sec. 251; to the committee on natural resources. 2366. a letter from the regulations specialist; fws -- office of subsistence management, u.s. fish and wildlife service, department of the interior, transmitting the department's final rule -- subsistence management regulations for public lands in alaska--2015-16 and 2016-17 subsistence taking of fish regulations [docket no.: fws-r7-sm-2013-0065; fxfr13350700640-156-ff07j00000 fbms#4500076030] (rin: 1018- az67] received july 28, 2015, pursuant to 5 u.s.c. 801(a)(1)(a); added by public law 104-121, sec. 251; to the committee on natural resources. 2367. a letter from the branch chief, endangered species listing, u.s. fish and wildlife service, department of the interior, transmitting the department's final rule -- endangered and threatened wildlife and plants; designation of critical habitat for mount charleston blue butterfly [icaricia (plebejus) shasta charlestonensis] [docket no.: fws-r8-es-2013-0105] [4500030114] (rin: 1018-az91) received july 28, 2015, pursuant to 5 u.s.c. 801(a)(1)(a); added by public law 104-121, sec. 251; to the committee on natural resources. 2368. a letter from the attorney-advisor, u.s. coast guard, department of homeland security, transmitting the department's interim rule -- safety zone; big foot tlp, walker ridge 29, outer continental shelf on the gulf of mexico [docket no.: uscg-2014-0863] (rin: 1625-aa00) received july 29, 2015, pursuant to 5 u.s.c. 801(a)(1)(a); added by public law 104-121, sec. 251; to the committee on transportation and infrastructure. 2369. a letter from the attorney-advisor, u.s. coast guard, department of homeland security, transmitting the department's temporary final rule -- safety zone, fall river grand prix, mt. hope bay and taunton river, fall river, ma [docket no.: uscg-2015-0286] (rin: 1625-aa00) received july 29, 2015, pursuant to 5 u.s.c. 801(a)(1)(a); added by public law 104-121, sec. 251; to the committee on transportation and infrastructure. 2370. a letter from the attorney-advisor, u.s. coast guard, department of homeland security, transmitting the department's temporary final rule -- safety zone; cleveland triathlon, lake erie, north coast harbor, cleveland, oh [docket no.: uscg-2015-0659] (rin: 1625-aa00) received july 29, 2015, pursuant to 5 u.s.c. 801(a)(1)(a); added by public law 104-121, sec. 251; to the committee on transportation and infrastructure. 2371. a letter from the attorney-advisor, u.s. coast guard, department of homeland security, transmitting the department's temporary final rule -- safety zones and regulated navigation area; shell arctic drilling/exploration vessels and associated voluntary first amendment area, puget sound, wa, extension [docket no.: uscg-2015-0295] (rin: 1625- aa00; 1625-aa11) received july 29, 2015, pursuant to 5 u.s.c. 801(a)(1)(a); added by public law 104-121, sec. 251; to the committee on transportation and infrastructure. 2372. a letter from the attorney-advisor, u.s. coast guard, department of homeland security, transmitting the department's temporary final rule -- safety zone; red bull grc air show, detroit river, detroit, mi [docket no.: uscg- 2015-0618] (rin: 1625-aa00) received july 29, 2015, pursuant to 5 u.s.c. 801(a)(1)(a); added by public law 104-121, sec. 251; to the committee on transportation and infrastructure. 2373. a letter from the attorney-advisor, u.s. coast guard, department of homeland security, transmitting the department's temporary final rule -- safety zone; maritime museum party, san diego bay; san diego, ca [docket no.: uscg- 2015-0647] (rin: 1625-aa00) received july 29, 2015, pursuant to 5 u.s.c. 801(a)(1)(a); added by public law 104-121, sec. 251; to the committee on transportation and infrastructure. 2374. a letter from the attorney-advisor, u.s. coast guard, department of homeland security, transmitting the department's temporary final rule -- safety zone; town of olcott fireworks display; lake ontario, olcott, ny [docket no.: uscg-2015-0595] (rin: 1625-aa00) received july 29, 2015, pursuant to 5 u.s.c. 801(a)(1)(a); added by public law 104- 121, sec. 251; to the committee on transportation and infrastructure. 2375. a letter from the attorney-advisor, u.s. coast guard, department of homeland security, transmitting the department's final rule -- special local regulation; mavericks surf competition, half moon bay, ca [docket no.: uscg-2015-0427] (rin: 1625-aa08) received july 29, 2015, pursuant to 5 u.s.c. 801(a)(1)(a); added by public law 104- 121, sec. 251; to the committee on transportation and infrastructure. 2376. a letter from the attorney-advisor, u.s. coast guard, department of homeland security, transmitting the department's temporary final rule -- special local regulations; beaufort water festival, beaufort, sc [docket no.: uscg-2015-0192] (rin: 1625- [[page h5782]] aa08) received july 29, 2015, pursuant to 5 u.s.c. 801(a)(1)(a); added by public law 104-121, sec. 251; to the committee on transportation and infrastructure. 2377. a letter from the attorney-advisor, u.s. coast guard, department of homeland security, transmitting the department's temporary final rule -- special local regulations; southeast drag boat championships, atlantic intracoastal waterway; bucksport, sc [docket no.: uscg-2015- 0045] (rin: 1625-aa08) received july 29, 2015, pursuant to 5 u.s.c. 801(a)(1)(a); added by public law 104-121, sec. 251; to the committee on transportation and infrastructure. 2378. a letter from the attorney-advisor, u.s. coast guard, department of homeland security, transmitting the department's temporary final rule -- safety zone, block island wind farm; rhode island sound, ri [docket no.: uscg- 2015-0227] (rin: 1625-aa00) received july 29, 2015, pursuant to 5 u.s.c. 801(a)(1)(a); added by public law 104-121, sec. 251; to the committee on transportation and infrastructure. 2379. a letter from the attorney-advisor, u.s. coast guard, department of homeland security, transmitting the department's temporary final rule -- safety zones; misery challenge, manchester bay, manchester, ma [docket no.: uscg- 2015-0188] (rin: 1625-aa00) received july 29, 2015, pursuant to 5 u.s.c. 801(a)(1)(a); added by public law 104-121, sec. 251; to the committee on transportation and infrastructure. 2380. a letter from the attorney-advisor, u.s. coast guard, department of homeland security, transmitting the department's temporary final rule -- safety zone; polar pioneer, outer continental shelf drill unit, chukchi sea, alaska [docket no.: uscg-2015-0247] (rin: 1625-aa00) received july 29, 2015, pursuant to 5 u.s.c. 801(a)(1)(a); added by public law 104-121, sec. 251; to the committee on transportation and infrastructure. 2381. a letter from the attorney-advisor, u.s. coast guard, department of homeland security, transmitting the department's interim rule -- drawbridge operation regulation; victoria barge canal, bloomington, tx [docket no.: uscg-2014- 0952] (rin: 1625-aa09) received july 29, 2015, pursuant to 5 u.s.c. 801(a)(1)(a); added by public law 104-121, sec. 251; to the committee on transportation and infrastructure. 2382. a letter from the attorney-advisor, u.s. coast guard, department of homeland security, transmitting the department's temporary final rule -- safety zone; lake metroparks stand-up paddleboard race; lake erie, fairport harbor, oh [docket no.: uscg-2015-0612] (rin: 1625-aa00) received july 29, 2015, pursuant to 5 u.s.c. 801(a)(1)(a); added by public law 104-121, sec. 251; to the committee on transportation and infrastructure. 2383. a letter from the attorney-advisor, u.s. coast guard, department of homeland security, transmitting the department's temporary final rule -- safety zone; the cleveland yachting club annual regatta fireworks display; lake erie, rocky river, oh [docket no.: uscg-2015-0613] (rin: 1625-aa00) received july 29, 2015, pursuant to 5 u.s.c. 801(a)(1)(a); added by public law 104-121, sec. 251; to the committee on transportation and infrastructure. 2384. a letter from the attorney-advisor, u.s. coast guard, department of homeland security, transmitting the department's temporary final rule -- safety zone; oswego harborfest jet ski show; oswego harbor, oswego, ny [docket no.: uscg-2015-0507] (rin: 1625-aa00) received july 29, 2015, pursuant to 5 u.s.c. 801(a)(1)(a); added by public law 104- 121, sec. 251; to the committee on transportation and infrastructure. 2385. a letter from the assistant secretary for legislation, department of health and human services, transmitting the report on the drug-free workplace plan of the defense acquisition university, pursuant to sec. 503 of the supplemental appropriations act of 1987, pub. l. 100-71; jointly to the committees on appropriations and oversight and government reform. 2386. a letter from the assistant secretary for legislation, office of the secretary, department of health and human services, transmitting the report to congress entitled, ``assessing the continued suspension of the long term care hospital 25 percent policy'', pursuant to sec. 1206(b)(1)(c) of the pathway for sgr reform act of 2013 (pub. l. 113-67); jointly to the committees on energy and commerce and ways and means. ____________________",23745
CREC-2015-07-31-pt1-PgH5782-3,CREC-2015-07-31,2015-07-31,MEMORIALS,CREC,HOUSE,H,H,1,https://www.govinfo.gov/app/details/CREC-2015-07-31/CREC-2015-07-31-pt1-PgH5782-3,https://api.govinfo.gov/packages/CREC-2015-07-31/granules/CREC-2015-07-31-pt1-PgH5782-3/htm,https://api.govinfo.gov/packages/CREC-2015-07-31/granules/CREC-2015-07-31-pt1-PgH5782-3/pdf,https://api.govinfo.gov/packages/CREC-2015-07-31/summary,"[Congressional Record Volume 161, Number 123 (Friday, July 31, 2015)] [House] [Page H5782] From the Congressional Record Online through the Government Publishing Office [ www.gpo.gov ] MEMORIALS Under clause 3 of rule XII, 107. The SPEAKER presented a memorial of the Legislature of the State of Ohio, relative to House Concurrent Resolution No. 9, to establish a sustainable energy-abundance plan for Ohio to meet future Ohio energy needs with affordable, abundant, and environmentally friendly energy; which was referred jointly to the Committees on Energy and Commerce and Science, Space, and Technology. ____________________",,"[Congressional Record Volume 161, Number 123 (Friday, July 31, 2015)] [House] [Page H5782] From the Congressional Record Online through the Government Publishing Office [ www.gpo.gov ] MEMORIALS Under clause 3 of rule XII, 107. The SPEAKER presented a memorial of the Legislature of the State of Ohio, relative to House Concurrent Resolution No. 9, to establish a sustainable energy-abundance plan for Ohio to meet future Ohio energy needs with affordable, abundant, and environmentally friendly energy; which was referred jointly to the Committees on Energy and Commerce and Science, Space, and Technology. ____________________",https://api.govinfo.gov/related/CREC-2015-07-31-pt1-PgH5782-3,CREC,Proceedings of Congress and General Congressional Publications,2025-03-07T17:29:04Z,Congressional Record,package_114_122.csv,628,0,628,"[congressional record volume 161, number 123 (friday, july 31, 2015)] [house] [page h5782] from the congressional record online through the government publishing office [ www.gpo.gov ] memorials under clause 3 of rule xii, 107. the speaker presented a memorial of the legislature of the state of ohio, relative to house concurrent resolution no. 9, to establish a sustainable energy-abundance plan for ohio to meet future ohio energy needs with affordable, abundant, and environmentally friendly energy; which was referred jointly to the committees on energy and commerce and science, space, and technology. ____________________",628
CREC-2015-07-31-pt1-PgH5782-2,CREC-2015-07-31,2015-07-31,PUBLIC BILLS AND RESOLUTIONS,CREC,HOUSE,H,H,1,https://www.govinfo.gov/app/details/CREC-2015-07-31/CREC-2015-07-31-pt1-PgH5782-2,https://api.govinfo.gov/packages/CREC-2015-07-31/granules/CREC-2015-07-31-pt1-PgH5782-2/htm,https://api.govinfo.gov/packages/CREC-2015-07-31/granules/CREC-2015-07-31-pt1-PgH5782-2/pdf,https://api.govinfo.gov/packages/CREC-2015-07-31/summary,"[Congressional Record Volume 161, Number 123 (Friday, July 31, 2015)] [House] [Page H5782] From the Congressional Record Online through the Government Publishing Office [ www.gpo.gov ] PUBLIC BILLS AND RESOLUTIONS Under clause 2 of rule XII, public bills and resolutions of the following titles were introduced and severally referred, as follows: By Mr. REICHERT (for himself, Mr. Newhouse, Mr. Coffman, and Mrs. Radewagen): H.R. 3433. A bill to amend the Labor Management Relations Act, 1947, to address slow-downs, strikes, and lock-outs occurring at ports in the United States, and for other purposes; to the Committee on Education and the Workforce. By Mr. HURT of Virginia (for himself, Mrs. Kirkpatrick, Mr. Griffith, Mr. Forbes, Mrs. Comstock, and Mr. Hanna): H.R. 3434. A bill to amend the Federal Water Pollution Control Act with respect to the guidelines for specification of certain disposal sites for dredged or fill material; to the Committee on Transportation and Infrastructure. By Mr. REED (for himself and Ms. Linda T. Sanchez of California): H.R. 3435. A bill to amend the Internal Revenue Code of 1986 to allow employers a credit against income tax for employees who participate in qualified apprenticeship programs; to the Committee on Ways and Means. By Mr. SERRANO: H.R. 3436. A bill to provide discretionary authority to an immigration judge to determine that an alien parent of a United States citizen child should not be ordered removed, deported, or excluded from the United States; to the Committee on the Judiciary. By Mr. SESSIONS: H.R. 3437. A bill to ensure State and local compliance with all Federal immigration detainers on aliens in custody and for other purposes; to the Committee on the Judiciary. By Mr. ROYCE (for himself and Mr. Engel) (both by request): H.J. Res. 63. A joint resolution providing for the approval of the Congress of the proposed Agreement for Cooperation Between the Government of the United States of America and the Government of the Republic of Korea Concerning Peaceful Uses of Nuclear Energy transmitted on June 16, 2015; to the Committee on Foreign Affairs. By Ms. NORTON: H. Con. Res. 70. Concurrent resolution authorizing the use of the Capitol Grounds for the District of Columbia Special Olympics Law Enforcement Torch Run; to the Committee on Transportation and Infrastructure. By Mr. RIGELL: H. Con. Res. 71. Concurrent resolution providing for a plan to alleviate the effects of sequestration; to the Committee on the Budget, and in addition to the Committees on Ways and Means, Energy and Commerce, and Armed Services, for a period to be subsequently determined by the Speaker, in each case for consideration of such provisions as fall within the jurisdiction of the committee concerned. By Mr. BROOKS of Alabama (for himself and Mr. Connolly): H. Res. 406. A resolution recognizing the progress made and challenges still faced by people living with albinism in East Africa; to the Committee on Foreign Affairs. By Ms. MENG: H. Res. 407. A resolution commemorating the 70th anniversary of the liberation of the Republic of Korea and expressing the shared vision of the people of the United States and the people of the Republic of Korea for a continued prosperous relationship; to the Committee on Foreign Affairs. ____________________",,"[Congressional Record Volume 161, Number 123 (Friday, July 31, 2015)] [House] [Page H5782] From the Congressional Record Online through the Government Publishing Office [ www.gpo.gov ] PUBLIC BILLS AND RESOLUTIONS Under clause 2 of rule XII, public bills and resolutions of the following titles were introduced and severally referred, as follows: By Mr. REICHERT (for himself, Mr. Newhouse, Mr. Coffman, and Mrs. Radewagen): H.R. 3433. A bill to amend the Labor Management Relations Act, 1947, to address slow-downs, strikes, and lock-outs occurring at ports in the United States, and for other purposes; to the Committee on Education and the Workforce. By Mr. HURT of Virginia (for himself, Mrs. Kirkpatrick, Mr. Griffith, Mr. Forbes, Mrs. Comstock, and Mr. Hanna): H.R. 3434. A bill to amend the Federal Water Pollution Control Act with respect to the guidelines for specification of certain disposal sites for dredged or fill material; to the Committee on Transportation and Infrastructure. By Mr. REED (for himself and Ms. Linda T. Sanchez of California): H.R. 3435. A bill to amend the Internal Revenue Code of 1986 to allow employers a credit against income tax for employees who participate in qualified apprenticeship programs; to the Committee on Ways and Means. By Mr. SERRANO: H.R. 3436. A bill to provide discretionary authority to an immigration judge to determine that an alien parent of a United States citizen child should not be ordered removed, deported, or excluded from the United States; to the Committee on the Judiciary. By Mr. SESSIONS: H.R. 3437. A bill to ensure State and local compliance with all Federal immigration detainers on aliens in custody and for other purposes; to the Committee on the Judiciary. By Mr. ROYCE (for himself and Mr. Engel) (both by request): H.J. Res. 63. A joint resolution providing for the approval of the Congress of the proposed Agreement for Cooperation Between the Government of the United States of America and the Government of the Republic of Korea Concerning Peaceful Uses of Nuclear Energy transmitted on June 16, 2015; to the Committee on Foreign Affairs. By Ms. NORTON: H. Con. Res. 70. Concurrent resolution authorizing the use of the Capitol Grounds for the District of Columbia Special Olympics Law Enforcement Torch Run; to the Committee on Transportation and Infrastructure. By Mr. RIGELL: H. Con. Res. 71. Concurrent resolution providing for a plan to alleviate the effects of sequestration; to the Committee on the Budget, and in addition to the Committees on Ways and Means, Energy and Commerce, and Armed Services, for a period to be subsequently determined by the Speaker, in each case for consideration of such provisions as fall within the jurisdiction of the committee concerned. By Mr. BROOKS of Alabama (for himself and Mr. Connolly): H. Res. 406. A resolution recognizing the progress made and challenges still faced by people living with albinism in East Africa; to the Committee on Foreign Affairs. By Ms. MENG: H. Res. 407. A resolution commemorating the 70th anniversary of the liberation of the Republic of Korea and expressing the shared vision of the people of the United States and the people of the Republic of Korea for a continued prosperous relationship; to the Committee on Foreign Affairs. ____________________",https://api.govinfo.gov/related/CREC-2015-07-31-pt1-PgH5782-2,CREC,Proceedings of Congress and General Congressional Publications,2025-03-07T17:29:04Z,Congressional Record,package_114_122.csv,3307,0,3307,"[congressional record volume 161, number 123 (friday, july 31, 2015)] [house] [page h5782] from the congressional record online through the government publishing office [ www.gpo.gov ] public bills and resolutions under clause 2 of rule xii, public bills and resolutions of the following titles were introduced and severally referred, as follows: by mr. reichert (for himself, mr. newhouse, mr. coffman, and mrs. radewagen): h.r. 3433. a bill to amend the labor management relations act, 1947, to address slow-downs, strikes, and lock-outs occurring at ports in the united states, and for other purposes; to the committee on education and the workforce. by mr. hurt of virginia (for himself, mrs. kirkpatrick, mr. griffith, mr. forbes, mrs. comstock, and mr. hanna): h.r. 3434. a bill to amend the federal water pollution control act with respect to the guidelines for specification of certain disposal sites for dredged or fill material; to the committee on transportation and infrastructure. by mr. reed (for himself and ms. linda t. sanchez of california): h.r. 3435. a bill to amend the internal revenue code of 1986 to allow employers a credit against income tax for employees who participate in qualified apprenticeship programs; to the committee on ways and means. by mr. serrano: h.r. 3436. a bill to provide discretionary authority to an immigration judge to determine that an alien parent of a united states citizen child should not be ordered removed, deported, or excluded from the united states; to the committee on the judiciary. by mr. sessions: h.r. 3437. a bill to ensure state and local compliance with all federal immigration detainers on aliens in custody and for other purposes; to the committee on the judiciary. by mr. royce (for himself and mr. engel) (both by request): h.j. res. 63. a joint resolution providing for the approval of the congress of the proposed agreement for cooperation between the government of the united states of america and the government of the republic of korea concerning peaceful uses of nuclear energy transmitted on june 16, 2015; to the committee on foreign affairs. by ms. norton: h. con. res. 70. concurrent resolution authorizing the use of the capitol grounds for the district of columbia special olympics law enforcement torch run; to the committee on transportation and infrastructure. by mr. rigell: h. con. res. 71. concurrent resolution providing for a plan to alleviate the effects of sequestration; to the committee on the budget, and in addition to the committees on ways and means, energy and commerce, and armed services, for a period to be subsequently determined by the speaker, in each case for consideration of such provisions as fall within the jurisdiction of the committee concerned. by mr. brooks of alabama (for himself and mr. connolly): h. res. 406. a resolution recognizing the progress made and challenges still faced by people living with albinism in east africa; to the committee on foreign affairs. by ms. meng: h. res. 407. a resolution commemorating the 70th anniversary of the liberation of the republic of korea and expressing the shared vision of the people of the united states and the people of the republic of korea for a continued prosperous relationship; to the committee on foreign affairs. ____________________",3307
CREC-2015-07-31-pt1-PgH5782-4,CREC-2015-07-31,2015-07-31,Constitutional Authority Statement,CREC,HOUSE,H,H,1,https://www.govinfo.gov/app/details/CREC-2015-07-31/CREC-2015-07-31-pt1-PgH5782-4,https://api.govinfo.gov/packages/CREC-2015-07-31/granules/CREC-2015-07-31-pt1-PgH5782-4/htm,https://api.govinfo.gov/packages/CREC-2015-07-31/granules/CREC-2015-07-31-pt1-PgH5782-4/pdf,https://api.govinfo.gov/packages/CREC-2015-07-31/summary,"[Congressional Record Volume 161, Number 123 (Friday, July 31, 2015)] [House] [Page H5782] From the Congressional Record Online through the Government Publishing Office [ www.gpo.gov ] CONSTITUTIONAL AUTHORITY STATEMENT Pursuant to clause 7 of rule XII of the Rules of the House of Representatives, the following statements are submitted regarding the specific powers granted to Congress in the Constitution to enact the accompanying bill or joint resolution.",,"[Congressional Record Volume 161, Number 123 (Friday, July 31, 2015)] [House] [Page H5782] From the Congressional Record Online through the Government Publishing Office [ www.gpo.gov ] CONSTITUTIONAL AUTHORITY STATEMENT Pursuant to clause 7 of rule XII of the Rules of the House of Representatives, the following statements are submitted regarding the specific powers granted to Congress in the Constitution to enact the accompanying bill or joint resolution.",https://api.govinfo.gov/related/CREC-2015-07-31-pt1-PgH5782-4,CREC,Proceedings of Congress and General Congressional Publications,2025-03-07T17:29:04Z,Congressional Record,package_114_122.csv,459,0,459,"[congressional record volume 161, number 123 (friday, july 31, 2015)] [house] [page h5782] from the congressional record online through the government publishing office [ www.gpo.gov ] constitutional authority statement pursuant to clause 7 of rule xii of the rules of the house of representatives, the following statements are submitted regarding the specific powers granted to congress in the constitution to enact the accompanying bill or joint resolution.",459
CREC-2015-07-31-pt1-PgH5782-5,CREC-2015-07-31,2015-07-31,Constitutional Authority Statement for H.R. 3433,CREC,HOUSE,H,H,1,https://www.govinfo.gov/app/details/CREC-2015-07-31/CREC-2015-07-31-pt1-PgH5782-5,https://api.govinfo.gov/packages/CREC-2015-07-31/granules/CREC-2015-07-31-pt1-PgH5782-5/htm,https://api.govinfo.gov/packages/CREC-2015-07-31/granules/CREC-2015-07-31-pt1-PgH5782-5/pdf,https://api.govinfo.gov/packages/CREC-2015-07-31/summary,"[Congressional Record Volume 161, Number 123 (Friday, July 31, 2015)] [House] [Page H5782] From the Congressional Record Online through the Government Publishing Office [ www.gpo.gov ] By Mr. REICHERT: H.R. 3433. Congress has the power to enact this legislation pursuant to the following: Article I, section 8, clause 3 of the Constitution of the United States.",,"[Congressional Record Volume 161, Number 123 (Friday, July 31, 2015)] [House] [Page H5782] From the Congressional Record Online through the Government Publishing Office [ www.gpo.gov ] By Mr. REICHERT: H.R. 3433. Congress has the power to enact this legislation pursuant to the following: Article I, section 8, clause 3 of the Constitution of the United States.",https://api.govinfo.gov/related/CREC-2015-07-31-pt1-PgH5782-5,CREC,Proceedings of Congress and General Congressional Publications,2025-03-07T17:29:04Z,Congressional Record,package_114_122.csv,361,0,361,"[congressional record volume 161, number 123 (friday, july 31, 2015)] [house] [page h5782] from the congressional record online through the government publishing office [ www.gpo.gov ] by mr. reichert: h.r. 3433. congress has the power to enact this legislation pursuant to the following: article i, section 8, clause 3 of the constitution of the united states.",361
CREC-2015-07-31-pt1-PgH5782-6,CREC-2015-07-31,2015-07-31,Constitutional Authority Statement for H.R. 3434,CREC,HOUSE,H,H,1,https://www.govinfo.gov/app/details/CREC-2015-07-31/CREC-2015-07-31-pt1-PgH5782-6,https://api.govinfo.gov/packages/CREC-2015-07-31/granules/CREC-2015-07-31-pt1-PgH5782-6/htm,https://api.govinfo.gov/packages/CREC-2015-07-31/granules/CREC-2015-07-31-pt1-PgH5782-6/pdf,https://api.govinfo.gov/packages/CREC-2015-07-31/summary,"[Congressional Record Volume 161, Number 123 (Friday, July 31, 2015)] [House] [Page H5782] From the Congressional Record Online through the Government Publishing Office [ www.gpo.gov ] By Mr. HURT of Virginia: H.R. 3434. Congress has the power to enact this legislation pursuant to the following: Article I, Section 8, Clause 3",,"[Congressional Record Volume 161, Number 123 (Friday, July 31, 2015)] [House] [Page H5782] From the Congressional Record Online through the Government Publishing Office [ www.gpo.gov ] By Mr. HURT of Virginia: H.R. 3434. Congress has the power to enact this legislation pursuant to the following: Article I, Section 8, Clause 3",https://api.govinfo.gov/related/CREC-2015-07-31-pt1-PgH5782-6,CREC,Proceedings of Congress and General Congressional Publications,2025-03-07T17:29:04Z,Congressional Record,package_114_122.csv,327,0,327,"[congressional record volume 161, number 123 (friday, july 31, 2015)] [house] [page h5782] from the congressional record online through the government publishing office [ www.gpo.gov ] by mr. hurt of virginia: h.r. 3434. congress has the power to enact this legislation pursuant to the following: article i, section 8, clause 3",327
CREC-2015-07-31-pt1-PgH5782-7,CREC-2015-07-31,2015-07-31,Constitutional Authority Statement for H.R. 3435,CREC,HOUSE,H,H,1,https://www.govinfo.gov/app/details/CREC-2015-07-31/CREC-2015-07-31-pt1-PgH5782-7,https://api.govinfo.gov/packages/CREC-2015-07-31/granules/CREC-2015-07-31-pt1-PgH5782-7/htm,https://api.govinfo.gov/packages/CREC-2015-07-31/granules/CREC-2015-07-31-pt1-PgH5782-7/pdf,https://api.govinfo.gov/packages/CREC-2015-07-31/summary,"[Congressional Record Volume 161, Number 123 (Friday, July 31, 2015)] [House] [Page H5782] From the Congressional Record Online through the Government Publishing Office [ www.gpo.gov ] By Mr. REED: H.R. 3435. Congress has the power to enact this legislation pursuant to the following: Clause 1 of Section 8 of Article I of the United States Constitution and Amendment XVI of the United States Constitution.",,"[Congressional Record Volume 161, Number 123 (Friday, July 31, 2015)] [House] [Page H5782] From the Congressional Record Online through the Government Publishing Office [ www.gpo.gov ] By Mr. REED: H.R. 3435. Congress has the power to enact this legislation pursuant to the following: Clause 1 of Section 8 of Article I of the United States Constitution and Amendment XVI of the United States Constitution.",https://api.govinfo.gov/related/CREC-2015-07-31-pt1-PgH5782-7,CREC,Proceedings of Congress and General Congressional Publications,2025-03-07T17:29:04Z,Congressional Record,package_114_122.csv,406,0,406,"[congressional record volume 161, number 123 (friday, july 31, 2015)] [house] [page h5782] from the congressional record online through the government publishing office [ www.gpo.gov ] by mr. reed: h.r. 3435. congress has the power to enact this legislation pursuant to the following: clause 1 of section 8 of article i of the united states constitution and amendment xvi of the united states constitution.",406
CREC-2015-07-31-pt1-PgH5783,CREC-2015-07-31,2015-07-31,Constitutional Authority Statement for H.R. 3437,CREC,HOUSE,H,H,1,https://www.govinfo.gov/app/details/CREC-2015-07-31/CREC-2015-07-31-pt1-PgH5783,https://api.govinfo.gov/packages/CREC-2015-07-31/granules/CREC-2015-07-31-pt1-PgH5783/htm,https://api.govinfo.gov/packages/CREC-2015-07-31/granules/CREC-2015-07-31-pt1-PgH5783/pdf,https://api.govinfo.gov/packages/CREC-2015-07-31/summary,"[Congressional Record Volume 161, Number 123 (Friday, July 31, 2015)] [House] [Page H5783] From the Congressional Record Online through the Government Publishing Office [ www.gpo.gov ] By Mr. SESSIONS: H.R. 3437. Congress has the power to enact this legislation pursuant to the following: Article 1, Section 8, Clause 18: To make all Laws which shall be necessary and proper for carrying into Execution the foregoing Powers, and all other Powers vested by this Constitution in the Government of the United States, or in any Department or Officer thereof.",,"[Congressional Record Volume 161, Number 123 (Friday, July 31, 2015)] [House] [Page H5783] From the Congressional Record Online through the Government Publishing Office [ www.gpo.gov ] By Mr. SESSIONS: H.R. 3437. Congress has the power to enact this legislation pursuant to the following: Article 1, Section 8, Clause 18: To make all Laws which shall be necessary and proper for carrying into Execution the foregoing Powers, and all other Powers vested by this Constitution in the Government of the United States, or in any Department or Officer thereof.",https://api.govinfo.gov/related/CREC-2015-07-31-pt1-PgH5783,CREC,Proceedings of Congress and General Congressional Publications,2025-03-07T17:29:04Z,Congressional Record,package_114_122.csv,554,0,554,"[congressional record volume 161, number 123 (friday, july 31, 2015)] [house] [page h5783] from the congressional record online through the government publishing office [ www.gpo.gov ] by mr. sessions: h.r. 3437. congress has the power to enact this legislation pursuant to the following: article 1, section 8, clause 18: to make all laws which shall be necessary and proper for carrying into execution the foregoing powers, and all other powers vested by this constitution in the government of the united states, or in any department or officer thereof.",554
CREC-2015-07-31-pt1-PgH5782-8,CREC-2015-07-31,2015-07-31,Constitutional Authority Statement for H.R. 3436,CREC,HOUSE,H,H,1,https://www.govinfo.gov/app/details/CREC-2015-07-31/CREC-2015-07-31-pt1-PgH5782-8,https://api.govinfo.gov/packages/CREC-2015-07-31/granules/CREC-2015-07-31-pt1-PgH5782-8/htm,https://api.govinfo.gov/packages/CREC-2015-07-31/granules/CREC-2015-07-31-pt1-PgH5782-8/pdf,https://api.govinfo.gov/packages/CREC-2015-07-31/summary,"[Congressional Record Volume 161, Number 123 (Friday, July 31, 2015)] [House] [Page H5782] From the Congressional Record Online through the Government Publishing Office [ www.gpo.gov ] By Mr. SERRANO: H.R. 3436. Congress has the power to enact this legislation pursuant to the following: Article I, Section 8, Clause 4, which states that: ``The Congress shall have Power . . . . . To establish an uniform Rule of Naturalization.'' [[Page H5783]]",,"[Congressional Record Volume 161, Number 123 (Friday, July 31, 2015)] [House] [Page H5782] From the Congressional Record Online through the Government Publishing Office [ www.gpo.gov ] By Mr. SERRANO: H.R. 3436. Congress has the power to enact this legislation pursuant to the following: Article I, Section 8, Clause 4, which states that: ``The Congress shall have Power . . . . . To establish an uniform Rule of Naturalization.'' [[Page H5783]]",https://api.govinfo.gov/related/CREC-2015-07-31-pt1-PgH5782-8,CREC,Proceedings of Congress and General Congressional Publications,2025-03-07T17:29:04Z,Congressional Record,package_114_122.csv,445,0,445,"[congressional record volume 161, number 123 (friday, july 31, 2015)] [house] [page h5782] from the congressional record online through the government publishing office [ www.gpo.gov ] by mr. serrano: h.r. 3436. congress has the power to enact this legislation pursuant to the following: article i, section 8, clause 4, which states that: ``the congress shall have power . . . . . to establish an uniform rule of naturalization.'' [[page h5783]]",445
CREC-2015-07-31-pt1-PgH5783-2,CREC-2015-07-31,2015-07-31,Constitutional Authority Statement for H.J. Res. 63,CREC,HOUSE,H,H,1,https://www.govinfo.gov/app/details/CREC-2015-07-31/CREC-2015-07-31-pt1-PgH5783-2,https://api.govinfo.gov/packages/CREC-2015-07-31/granules/CREC-2015-07-31-pt1-PgH5783-2/htm,https://api.govinfo.gov/packages/CREC-2015-07-31/granules/CREC-2015-07-31-pt1-PgH5783-2/pdf,https://api.govinfo.gov/packages/CREC-2015-07-31/summary,"[Congressional Record Volume 161, Number 123 (Friday, July 31, 2015)] [House] [Page H5783] From the Congressional Record Online through the Government Publishing Office [ www.gpo.gov ] By Mr. ROYCE: H.J. Res. 63. Congress has the power to enact this legislation pursuant to the following: Article I, section 8 of the Constitution of the United States ____________________",,"[Congressional Record Volume 161, Number 123 (Friday, July 31, 2015)] [House] [Page H5783] From the Congressional Record Online through the Government Publishing Office [ www.gpo.gov ] By Mr. ROYCE: H.J. Res. 63. Congress has the power to enact this legislation pursuant to the following: Article I, section 8 of the Constitution of the United States ____________________",https://api.govinfo.gov/related/CREC-2015-07-31-pt1-PgH5783-2,CREC,Proceedings of Congress and General Congressional Publications,2025-03-07T17:29:04Z,Congressional Record,package_114_122.csv,371,0,371,"[congressional record volume 161, number 123 (friday, july 31, 2015)] [house] [page h5783] from the congressional record online through the government publishing office [ www.gpo.gov ] by mr. royce: h.j. res. 63. congress has the power to enact this legislation pursuant to the following: article i, section 8 of the constitution of the united states ____________________",371
CREC-2015-07-31-pt1-PgH5783-3,CREC-2015-07-31,2015-07-31,ADDITIONAL SPONSORS,CREC,HOUSE,H,H,1,https://www.govinfo.gov/app/details/CREC-2015-07-31/CREC-2015-07-31-pt1-PgH5783-3,https://api.govinfo.gov/packages/CREC-2015-07-31/granules/CREC-2015-07-31-pt1-PgH5783-3/htm,https://api.govinfo.gov/packages/CREC-2015-07-31/granules/CREC-2015-07-31-pt1-PgH5783-3/pdf,https://api.govinfo.gov/packages/CREC-2015-07-31/summary,"[Congressional Record Volume 161, Number 123 (Friday, July 31, 2015)] [House] [Page H5783] From the Congressional Record Online through the Government Publishing Office [ www.gpo.gov ] ADDITIONAL SPONSORS Under clause 7 of rule XII, sponsors were added to public bills and resolutions, as follows: H.R. 217: Mr. Bishop of Michigan. H.R. 449: Ms. Eshoo. H.R. 525: Mr. Coffman. H.R. 540: Mr. Miller of Florida and Ms. McCollum. H.R. 546: Ms. DeLauro. H.R. 592: Mr. Miller of Florida, Mr. Ted Lieu of California, and Mr. Heck of Washington. H.R. 702: Mr. Coffman. H.R. 721: Mr. Zinke and Mr. Perlmutter. H.R. 745: Mr. Rangel. H.R. 751: Mr. Miller of Florida. H.R. 757: Mr. Ted Lieu of California. H.R. 775: Mr. Cardenas. H.R. 815: Mr. Pearce and Mr. Buchanan. H.R. 825: Mr. Miller of Florida. H.R. 835: Mrs. Napolitano. H.R. 915: Mr. Perlmutter. H.R. 918: Mr. Collins of New York. H.R. 923: Mr. Bishop of Utah. H.R. 961: Mr. Paulsen. H.R. 973: Mr. Cohen. H.R. 1000: Mr. Cohen. H.R. 1054: Mr. Miller of Florida. H.R. 1062: Mr. Messer. H.R. 1100: Ms. Stefanik, Mr. Perlmutter, Mr. Rigell, Mr. Dent, Mr. Abraham, and Mr. Cummings. H.R. 1112: Mr. Himes. H.R. 1130: Mr. Nugent, Mr. Dold, Mr. Barletta, and Ms. Pingree. H.R. 1142: Mrs. Bustos. H.R. 1148: Mr. Hensarling. H.R. 1174: Mr. Chabot, Mr. Calvert, Mr. Woodall, Mr. Danny K. Davis of Illinois, Mr. Luetkemeyer, Ms. Bass, Ms. Michelle Lujan Grisham of New Mexico, and Mr. Barton. H.R. 1202: Ms. DeLauro. H.R. 1218: Mr. Veasey and Mr. David Scott of Georgia. H.R. 1222: Mr. Dold. H.R. 1258: Mr. Loebsack. H.R. 1299: Mr. Goodlatte. H.R. 1321: Mr. Polis. H.R. 1333: Mr. Miller of Florida. H.R. 1340: Mr. Donovan and Mr. Price of North Carolina. H.R. 1342: Mr. Messer. H.R. 1356: Ms. Tsongas, Mr. Cummings, Mr. Rigell, and Mr. Hill. H.R. 1384: Mr. Rigell, Mr. Perlmutter, Mr. Hill, Mr. Kind, Mr. McHenry, and Mr. Cummings. H.R. 1393: Mr. Loebsack and Ms. Frankel of Florida. H.R. 1401: Mr. Bucshon, Mr. Gibson, Mr. Yoho, Ms. Slaughter, and Mr. Kilmer. H.R. 1427: Mr. Rigell. H.R. 1453: Mr. Young of Alaska and Ms. Linda T. Sanchez of California. H.R. 1462: Ms. DeLauro. H.R. 1475: Mr. Sanford. H.R. 1479: Mr. Kelly of Mississippi. H.R. 1559: Mr. Danny K. Davis of Illinois and Mr. Perlmutter. H.R. 1565: Mr. Honda. H.R. 1567: Mr. Kinzinger of Illinois. H.R. 1594: Mr. Katko, Mr. Murphy of Florida, Mr. Upton, Mr. Crenshaw, Mr. Conyers, Mr. Brooks of Alabama, Ms. Roybal- Allard, Mr. Perlmutter, and Mr. Abraham. H.R. 1608: Mr. Miller of Florida, Ms. Brownley of California, and Ms. Adams. H.R. 1624: Mr. Calvert, Mr. Loebsack, and Mr. Poe of Texas. H.R. 1686: Mrs. Kirkpatrick, Mr. Heck of Washington, and Mr. Blumenauer. H.R. 1752: Mr. Coffman. H.R. 1779: Mr. Gene Green of Texas. H.R. 1781: Mr. Rangel. H.R. 1859: Mr. Jolly. H.R. 2030: Mr. Lowenthal, Mr. Veasey, and Mr. Polis. H.R. 2061: Mr. Capuano and Mr. Westmoreland. H.R. 2124: Ms. Meng and Ms. DeLauro. H.R. 2156: Ms. Pingree and Mr. Dent. H.R. 2193: Mr. McGovern. H.R. 2254: Mr. Donovan. H.R. 2260: Mr. Kilmer. H.R. 2293: Mr. Donovan, Mr. Loebsack, and Mr. Himes. H.R. 2303: Ms. McCollum. H.R. 2306: Mr. Miller of Florida. H.R. 2320: Mr. Jody B. Hice of Georgia. H.R. 2404: Mr. Heck of Washington and Ms. Roybal-Allard. H.R. 2406: Mr. Collins of New York. H.R. 2410: Ms. Meng. H.R. 2494: Mr. Costa, Mr. Schiff, Mr. Loebsack, Mr. Dold, and Mr. Brendan F. Boyle of Pennsylvania. H.R. 2508. Mr. Cramer, Mr. Long, Mrs. Hartzler, Mr. Whitfield, and Mr. Gibbs. H.R. 2515: Mr. Dold and Mr. Brendan F. Boyle of Pennsylvania. H.R. 2521: Ms. Eddie Bernice Johnson of Texas and Mr. Cleaver. H.R. 2568: Mr. Collins of New York. H.R. 2602: Mr. Pocan. H.R. 2646: Mr. Heck of Washington. H.R. 2648: Mr. Nugent. H.R. 2653: Mr. Mulvaney, Mr. Long, Mrs. Noem, and Mr. Hudson. H.R. 2687: Mr. Lowenthal. H.R. 2704: Mr. Thompson of California. H.R. 2715: Mr. Smith of Washington. H.R. 2804: Mr. Veasey and Ms. Lee. H.R. 2811: Mr. Brady of Pennsylvania and Mr. Ted Lieu of California. H.R. 2847: Mr. Kinzinger of Illinois. H.R. 2852: Ms. Bordallo. H.R. 2866: Ms. Pingree. H.R. 2876: Mr. Boustany, Mr. Gene Green of Texas, and Mr. Brady of Texas. H.R. 2894: Mr. Dold, Mr. Peters, and Mr. Langevin. H.R. 2903: Ms. Bonamici and Mr. Cartwright. H.R. 2911: Ms. Duckworth, Mr. Cooper, Mr. Kilmer, Mr. Fortenberry, Mr. Jolly, and Mr. Blum. H.R. 2914: Mr. Yoho. H.R. 2915: Mr. McGovern. H.R. 2956: Mr. Miller of Florida. H.R. 2999: Mr. Kilmer. H.R. 3037: Ms. Michelle Lujan Grisham of New Mexico and Mr. Nunes. H.R. 3081: Mr. McClintock, Mr. Heck of Nevada, Mr. Brady of Pennsylvania, Mr. Ben Ray Lujan of New Mexico, Mr. Walberg, Mr. Butterfield, and Mr. Marino. H.R. 3115: Mr. Duffy, Mr. Luetkemeyer, and Mr. Stutzman. H.R. 3122: Mr. Hill. H.R. 3134: Mr. Fincher. H.R. 3136: Mr. Takai and Mr. Poe of Texas. H.R. 3139: Mr. Miller of Florida, Mr. Jolly, and Mr. Bost. H.R. 3140: Mr. Pocan. H.R. 3150: Mr. Cohen, Mr. Gutierrez, Ms. Bordallo, Mr. Ted Lieu of California, Mr. Murphy of Florida, Mr. Hastings, Ms. Kaptur, Ms. Eshoo, Mr. Vela, Ms. DeLauro, Mr. Engel, Mr. Sablan, and Ms. Fudge. H.R. 3167: Mr. Jordan and Mr. Pearce. H.R. 3180: Mr. Jolly and Ms. Bonamici. H.R. 3187: Mr. Amash, Mr. Garrett, and Mr. Garamendi. H.R. 3190: Mr. Loebsack. H.R. 3197: Mr. Flores. H.R. 3221: Ms. Pingree, Mr. Yarmuth, Ms. Eshoo, and Mrs. Napolitano H.R. 3243: Ms. Jenkins of Kansas. H.R. 3258: Mrs. Dingell. H.R. 3261: Ms. DeLauro. H.R. 3268: Ms. Brownley of California, Mr. Weber of Texas, Mrs. Ellmers of North Carolina, Ms. Clark of Massachusetts, Mr. Capuano, Mrs. Capps, Mr. Himes, Mr. Murphy of Florida, Mr. Emmer of Minnesota, Mr. Polis, Ms. Esty, Mr. Hastings, Mr. Schiff, Mr. Nolan, Mr. Kildee, Ms. Titus, Ms. Judy Chu of California, and Mr. Takano. H.R. 3296: Mr. Duncan of South Carolina, Mr. DeSantis, Mr. Stewart, Mr. Jenkins of West Virginia, Mrs. Noem, Mr. Palazzo, and Mr. Culberson. H.R. 3304: Mr. Courtney and Mr. Perlmutter. H.R. 3326: Mr. Yoho, Mr. Collins of New York, and Mr. Kinzinger of Illinois. H.R. 3338: Mr. Kinzinger of Illinois and Mr. Beyer. H.R. 3345: Mr. Grijalva. H.R. 3364: Mr. McGovern, Ms. Bordallo, and Mrs. Torres. H.R. 3381: Mr. Miller of Florida. H.R. 3420: Mr. Blumenauer, Mr. McGovern, and Ms. Jackson Lee. H.R. 3421: Mr. Pittenger, Mr. Miller of Florida, Mr. Flores, Mrs. Blackburn, and Mr. Jolly. H.R. 3423: Mr. O'Rourke and Ms. Brownley of California. H.R. 3429: Mr. Graves of Louisiana, Mrs. Blackburn, Mr. Abraham, Mr. Bilirakis, and Mr. Curbelo of Florida. H.J. Res. 47: Mr. Smith of Texas. H.J. Res. 54: Mr. Duncan of South Carolina and Mr. Massie. H. Con. Res. 19: Mr. Nunes and Ms. Kaptur. H. Con. Res. 50: Mr. Dold. H. Con. Res. 62: Mr. Miller of Florida. H. Con. Res. 65: Mr. McGovern and Mr. Tonko. H. Res. 28: Mr. Langevin. H. Res. 49: Mr. Miller of Florida. H. Res. 220: Ms. Meng and Mr. Messer. H. Res. 293: Mr. Miller of Florida. H. Res. 343: Mr. Garrett, Ms. Moore, Mr. Barr, Mr. Tonko, Mrs. Hartzler, Mr. Simpson, Ms. Edwards, Mr. Joyce, Mr. Delaney, Mr. Carson of Indiana, Mr. Womack, Mr. Kind, Mr. Guthrie, Mr. Miller of Florida, Mr. Rothfus, Mrs. Walorski, Mr. Clay, Mr. Amodei, Mr. Duffy, Mr. Higgins, Mr. Messer, Mr. Keating, Mr. Calvert, Mr. Dold, Mr. Hill, and Mr. Webster of Florida. H. Res. 354: Mr. Trott, Mr. Donovan, Ms. McCollum, and Mr. Rigell. H. Res. 367: Mr. Kelly of Mississippi, Mr. Clawson of Florida, and Mr. Thornberry. H. Res. 393: Ms. Lee. H. Res. 394: Mr. Honda, Mr. Miller of Florida, and Ms. Brownley of California. H. Res. 400: Mr. Hoyer, Ms. Lofgren, Mr. Meeks, Mrs. Torres, and Mr. O'Rourke.",,"[Congressional Record Volume 161, Number 123 (Friday, July 31, 2015)] [House] [Page H5783] From the Congressional Record Online through the Government Publishing Office [ www.gpo.gov ] ADDITIONAL SPONSORS Under clause 7 of rule XII, sponsors were added to public bills and resolutions, as follows: H.R. 217: Mr. Bishop of Michigan. H.R. 449: Ms. Eshoo. H.R. 525: Mr. Coffman. H.R. 540: Mr. Miller of Florida and Ms. McCollum. H.R. 546: Ms. DeLauro. H.R. 592: Mr. Miller of Florida, Mr. Ted Lieu of California, and Mr. Heck of Washington. H.R. 702: Mr. Coffman. H.R. 721: Mr. Zinke and Mr. Perlmutter. H.R. 745: Mr. Rangel. H.R. 751: Mr. Miller of Florida. H.R. 757: Mr. Ted Lieu of California. H.R. 775: Mr. Cardenas. H.R. 815: Mr. Pearce and Mr. Buchanan. H.R. 825: Mr. Miller of Florida. H.R. 835: Mrs. Napolitano. H.R. 915: Mr. Perlmutter. H.R. 918: Mr. Collins of New York. H.R. 923: Mr. Bishop of Utah. H.R. 961: Mr. Paulsen. H.R. 973: Mr. Cohen. H.R. 1000: Mr. Cohen. H.R. 1054: Mr. Miller of Florida. H.R. 1062: Mr. Messer. H.R. 1100: Ms. Stefanik, Mr. Perlmutter, Mr. Rigell, Mr. Dent, Mr. Abraham, and Mr. Cummings. H.R. 1112: Mr. Himes. H.R. 1130: Mr. Nugent, Mr. Dold, Mr. Barletta, and Ms. Pingree. H.R. 1142: Mrs. Bustos. H.R. 1148: Mr. Hensarling. H.R. 1174: Mr. Chabot, Mr. Calvert, Mr. Woodall, Mr. Danny K. Davis of Illinois, Mr. Luetkemeyer, Ms. Bass, Ms. Michelle Lujan Grisham of New Mexico, and Mr. Barton. H.R. 1202: Ms. DeLauro. H.R. 1218: Mr. Veasey and Mr. David Scott of Georgia. H.R. 1222: Mr. Dold. H.R. 1258: Mr. Loebsack. H.R. 1299: Mr. Goodlatte. H.R. 1321: Mr. Polis. H.R. 1333: Mr. Miller of Florida. H.R. 1340: Mr. Donovan and Mr. Price of North Carolina. H.R. 1342: Mr. Messer. H.R. 1356: Ms. Tsongas, Mr. Cummings, Mr. Rigell, and Mr. Hill. H.R. 1384: Mr. Rigell, Mr. Perlmutter, Mr. Hill, Mr. Kind, Mr. McHenry, and Mr. Cummings. H.R. 1393: Mr. Loebsack and Ms. Frankel of Florida. H.R. 1401: Mr. Bucshon, Mr. Gibson, Mr. Yoho, Ms. Slaughter, and Mr. Kilmer. H.R. 1427: Mr. Rigell. H.R. 1453: Mr. Young of Alaska and Ms. Linda T. Sanchez of California. H.R. 1462: Ms. DeLauro. H.R. 1475: Mr. Sanford. H.R. 1479: Mr. Kelly of Mississippi. H.R. 1559: Mr. Danny K. Davis of Illinois and Mr. Perlmutter. H.R. 1565: Mr. Honda. H.R. 1567: Mr. Kinzinger of Illinois. H.R. 1594: Mr. Katko, Mr. Murphy of Florida, Mr. Upton, Mr. Crenshaw, Mr. Conyers, Mr. Brooks of Alabama, Ms. Roybal- Allard, Mr. Perlmutter, and Mr. Abraham. H.R. 1608: Mr. Miller of Florida, Ms. Brownley of California, and Ms. Adams. H.R. 1624: Mr. Calvert, Mr. Loebsack, and Mr. Poe of Texas. H.R. 1686: Mrs. Kirkpatrick, Mr. Heck of Washington, and Mr. Blumenauer. H.R. 1752: Mr. Coffman. H.R. 1779: Mr. Gene Green of Texas. H.R. 1781: Mr. Rangel. H.R. 1859: Mr. Jolly. H.R. 2030: Mr. Lowenthal, Mr. Veasey, and Mr. Polis. H.R. 2061: Mr. Capuano and Mr. Westmoreland. H.R. 2124: Ms. Meng and Ms. DeLauro. H.R. 2156: Ms. Pingree and Mr. Dent. H.R. 2193: Mr. McGovern. H.R. 2254: Mr. Donovan. H.R. 2260: Mr. Kilmer. H.R. 2293: Mr. Donovan, Mr. Loebsack, and Mr. Himes. H.R. 2303: Ms. McCollum. H.R. 2306: Mr. Miller of Florida. H.R. 2320: Mr. Jody B. Hice of Georgia. H.R. 2404: Mr. Heck of Washington and Ms. Roybal-Allard. H.R. 2406: Mr. Collins of New York. H.R. 2410: Ms. Meng. H.R. 2494: Mr. Costa, Mr. Schiff, Mr. Loebsack, Mr. Dold, and Mr. Brendan F. Boyle of Pennsylvania. H.R. 2508. Mr. Cramer, Mr. Long, Mrs. Hartzler, Mr. Whitfield, and Mr. Gibbs. H.R. 2515: Mr. Dold and Mr. Brendan F. Boyle of Pennsylvania. H.R. 2521: Ms. Eddie Bernice Johnson of Texas and Mr. Cleaver. H.R. 2568: Mr. Collins of New York. H.R. 2602: Mr. Pocan. H.R. 2646: Mr. Heck of Washington. H.R. 2648: Mr. Nugent. H.R. 2653: Mr. Mulvaney, Mr. Long, Mrs. Noem, and Mr. Hudson. H.R. 2687: Mr. Lowenthal. H.R. 2704: Mr. Thompson of California. H.R. 2715: Mr. Smith of Washington. H.R. 2804: Mr. Veasey and Ms. Lee. H.R. 2811: Mr. Brady of Pennsylvania and Mr. Ted Lieu of California. H.R. 2847: Mr. Kinzinger of Illinois. H.R. 2852: Ms. Bordallo. H.R. 2866: Ms. Pingree. H.R. 2876: Mr. Boustany, Mr. Gene Green of Texas, and Mr. Brady of Texas. H.R. 2894: Mr. Dold, Mr. Peters, and Mr. Langevin. H.R. 2903: Ms. Bonamici and Mr. Cartwright. H.R. 2911: Ms. Duckworth, Mr. Cooper, Mr. Kilmer, Mr. Fortenberry, Mr. Jolly, and Mr. Blum. H.R. 2914: Mr. Yoho. H.R. 2915: Mr. McGovern. H.R. 2956: Mr. Miller of Florida. H.R. 2999: Mr. Kilmer. H.R. 3037: Ms. Michelle Lujan Grisham of New Mexico and Mr. Nunes. H.R. 3081: Mr. McClintock, Mr. Heck of Nevada, Mr. Brady of Pennsylvania, Mr. Ben Ray Lujan of New Mexico, Mr. Walberg, Mr. Butterfield, and Mr. Marino. H.R. 3115: Mr. Duffy, Mr. Luetkemeyer, and Mr. Stutzman. H.R. 3122: Mr. Hill. H.R. 3134: Mr. Fincher. H.R. 3136: Mr. Takai and Mr. Poe of Texas. H.R. 3139: Mr. Miller of Florida, Mr. Jolly, and Mr. Bost. H.R. 3140: Mr. Pocan. H.R. 3150: Mr. Cohen, Mr. Gutierrez, Ms. Bordallo, Mr. Ted Lieu of California, Mr. Murphy of Florida, Mr. Hastings, Ms. Kaptur, Ms. Eshoo, Mr. Vela, Ms. DeLauro, Mr. Engel, Mr. Sablan, and Ms. Fudge. H.R. 3167: Mr. Jordan and Mr. Pearce. H.R. 3180: Mr. Jolly and Ms. Bonamici. H.R. 3187: Mr. Amash, Mr. Garrett, and Mr. Garamendi. H.R. 3190: Mr. Loebsack. H.R. 3197: Mr. Flores. H.R. 3221: Ms. Pingree, Mr. Yarmuth, Ms. Eshoo, and Mrs. Napolitano H.R. 3243: Ms. Jenkins of Kansas. H.R. 3258: Mrs. Dingell. H.R. 3261: Ms. DeLauro. H.R. 3268: Ms. Brownley of California, Mr. Weber of Texas, Mrs. Ellmers of North Carolina, Ms. Clark of Massachusetts, Mr. Capuano, Mrs. Capps, Mr. Himes, Mr. Murphy of Florida, Mr. Emmer of Minnesota, Mr. Polis, Ms. Esty, Mr. Hastings, Mr. Schiff, Mr. Nolan, Mr. Kildee, Ms. Titus, Ms. Judy Chu of California, and Mr. Takano. H.R. 3296: Mr. Duncan of South Carolina, Mr. DeSantis, Mr. Stewart, Mr. Jenkins of West Virginia, Mrs. Noem, Mr. Palazzo, and Mr. Culberson. H.R. 3304: Mr. Courtney and Mr. Perlmutter. H.R. 3326: Mr. Yoho, Mr. Collins of New York, and Mr. Kinzinger of Illinois. H.R. 3338: Mr. Kinzinger of Illinois and Mr. Beyer. H.R. 3345: Mr. Grijalva. H.R. 3364: Mr. McGovern, Ms. Bordallo, and Mrs. Torres. H.R. 3381: Mr. Miller of Florida. H.R. 3420: Mr. Blumenauer, Mr. McGovern, and Ms. Jackson Lee. H.R. 3421: Mr. Pittenger, Mr. Miller of Florida, Mr. Flores, Mrs. Blackburn, and Mr. Jolly. H.R. 3423: Mr. O'Rourke and Ms. Brownley of California. H.R. 3429: Mr. Graves of Louisiana, Mrs. Blackburn, Mr. Abraham, Mr. Bilirakis, and Mr. Curbelo of Florida. H.J. Res. 47: Mr. Smith of Texas. H.J. Res. 54: Mr. Duncan of South Carolina and Mr. Massie. H. Con. Res. 19: Mr. Nunes and Ms. Kaptur. H. Con. Res. 50: Mr. Dold. H. Con. Res. 62: Mr. Miller of Florida. H. Con. Res. 65: Mr. McGovern and Mr. Tonko. H. Res. 28: Mr. Langevin. H. Res. 49: Mr. Miller of Florida. H. Res. 220: Ms. Meng and Mr. Messer. H. Res. 293: Mr. Miller of Florida. H. Res. 343: Mr. Garrett, Ms. Moore, Mr. Barr, Mr. Tonko, Mrs. Hartzler, Mr. Simpson, Ms. Edwards, Mr. Joyce, Mr. Delaney, Mr. Carson of Indiana, Mr. Womack, Mr. Kind, Mr. Guthrie, Mr. Miller of Florida, Mr. Rothfus, Mrs. Walorski, Mr. Clay, Mr. Amodei, Mr. Duffy, Mr. Higgins, Mr. Messer, Mr. Keating, Mr. Calvert, Mr. Dold, Mr. Hill, and Mr. Webster of Florida. H. Res. 354: Mr. Trott, Mr. Donovan, Ms. McCollum, and Mr. Rigell. H. Res. 367: Mr. Kelly of Mississippi, Mr. Clawson of Florida, and Mr. Thornberry. H. Res. 393: Ms. Lee. H. Res. 394: Mr. Honda, Mr. Miller of Florida, and Ms. Brownley of California. H. Res. 400: Mr. Hoyer, Ms. Lofgren, Mr. Meeks, Mrs. Torres, and Mr. O'Rourke.",https://api.govinfo.gov/related/CREC-2015-07-31-pt1-PgH5783-3,CREC,Proceedings of Congress and General Congressional Publications,2025-03-07T17:29:04Z,Congressional Record,package_114_122.csv,7544,0,7544,"[congressional record volume 161, number 123 (friday, july 31, 2015)] [house] [page h5783] from the congressional record online through the government publishing office [ www.gpo.gov ] additional sponsors under clause 7 of rule xii, sponsors were added to public bills and resolutions, as follows: h.r. 217: mr. bishop of michigan. h.r. 449: ms. eshoo. h.r. 525: mr. coffman. h.r. 540: mr. miller of florida and ms. mccollum. h.r. 546: ms. delauro. h.r. 592: mr. miller of florida, mr. ted lieu of california, and mr. heck of washington. h.r. 702: mr. coffman. h.r. 721: mr. zinke and mr. perlmutter. h.r. 745: mr. rangel. h.r. 751: mr. miller of florida. h.r. 757: mr. ted lieu of california. h.r. 775: mr. cardenas. h.r. 815: mr. pearce and mr. buchanan. h.r. 825: mr. miller of florida. h.r. 835: mrs. napolitano. h.r. 915: mr. perlmutter. h.r. 918: mr. collins of new york. h.r. 923: mr. bishop of utah. h.r. 961: mr. paulsen. h.r. 973: mr. cohen. h.r. 1000: mr. cohen. h.r. 1054: mr. miller of florida. h.r. 1062: mr. messer. h.r. 1100: ms. stefanik, mr. perlmutter, mr. rigell, mr. dent, mr. abraham, and mr. cummings. h.r. 1112: mr. himes. h.r. 1130: mr. nugent, mr. dold, mr. barletta, and ms. pingree. h.r. 1142: mrs. bustos. h.r. 1148: mr. hensarling. h.r. 1174: mr. chabot, mr. calvert, mr. woodall, mr. danny k. davis of illinois, mr. luetkemeyer, ms. bass, ms. michelle lujan grisham of new mexico, and mr. barton. h.r. 1202: ms. delauro. h.r. 1218: mr. veasey and mr. david scott of georgia. h.r. 1222: mr. dold. h.r. 1258: mr. loebsack. h.r. 1299: mr. goodlatte. h.r. 1321: mr. polis. h.r. 1333: mr. miller of florida. h.r. 1340: mr. donovan and mr. price of north carolina. h.r. 1342: mr. messer. h.r. 1356: ms. tsongas, mr. cummings, mr. rigell, and mr. hill. h.r. 1384: mr. rigell, mr. perlmutter, mr. hill, mr. kind, mr. mchenry, and mr. cummings. h.r. 1393: mr. loebsack and ms. frankel of florida. h.r. 1401: mr. bucshon, mr. gibson, mr. yoho, ms. slaughter, and mr. kilmer. h.r. 1427: mr. rigell. h.r. 1453: mr. young of alaska and ms. linda t. sanchez of california. h.r. 1462: ms. delauro. h.r. 1475: mr. sanford. h.r. 1479: mr. kelly of mississippi. h.r. 1559: mr. danny k. davis of illinois and mr. perlmutter. h.r. 1565: mr. honda. h.r. 1567: mr. kinzinger of illinois. h.r. 1594: mr. katko, mr. murphy of florida, mr. upton, mr. crenshaw, mr. conyers, mr. brooks of alabama, ms. roybal- allard, mr. perlmutter, and mr. abraham. h.r. 1608: mr. miller of florida, ms. brownley of california, and ms. adams. h.r. 1624: mr. calvert, mr. loebsack, and mr. poe of texas. h.r. 1686: mrs. kirkpatrick, mr. heck of washington, and mr. blumenauer. h.r. 1752: mr. coffman. h.r. 1779: mr. gene green of texas. h.r. 1781: mr. rangel. h.r. 1859: mr. jolly. h.r. 2030: mr. lowenthal, mr. veasey, and mr. polis. h.r. 2061: mr. capuano and mr. westmoreland. h.r. 2124: ms. meng and ms. delauro. h.r. 2156: ms. pingree and mr. dent. h.r. 2193: mr. mcgovern. h.r. 2254: mr. donovan. h.r. 2260: mr. kilmer. h.r. 2293: mr. donovan, mr. loebsack, and mr. himes. h.r. 2303: ms. mccollum. h.r. 2306: mr. miller of florida. h.r. 2320: mr. jody b. hice of georgia. h.r. 2404: mr. heck of washington and ms. roybal-allard. h.r. 2406: mr. collins of new york. h.r. 2410: ms. meng. h.r. 2494: mr. costa, mr. schiff, mr. loebsack, mr. dold, and mr. brendan f. boyle of pennsylvania. h.r. 2508. mr. cramer, mr. long, mrs. hartzler, mr. whitfield, and mr. gibbs. h.r. 2515: mr. dold and mr. brendan f. boyle of pennsylvania. h.r. 2521: ms. eddie bernice johnson of texas and mr. cleaver. h.r. 2568: mr. collins of new york. h.r. 2602: mr. pocan. h.r. 2646: mr. heck of washington. h.r. 2648: mr. nugent. h.r. 2653: mr. mulvaney, mr. long, mrs. noem, and mr. hudson. h.r. 2687: mr. lowenthal. h.r. 2704: mr. thompson of california. h.r. 2715: mr. smith of washington. h.r. 2804: mr. veasey and ms. lee. h.r. 2811: mr. brady of pennsylvania and mr. ted lieu of california. h.r. 2847: mr. kinzinger of illinois. h.r. 2852: ms. bordallo. h.r. 2866: ms. pingree. h.r. 2876: mr. boustany, mr. gene green of texas, and mr. brady of texas. h.r. 2894: mr. dold, mr. peters, and mr. langevin. h.r. 2903: ms. bonamici and mr. cartwright. h.r. 2911: ms. duckworth, mr. cooper, mr. kilmer, mr. fortenberry, mr. jolly, and mr. blum. h.r. 2914: mr. yoho. h.r. 2915: mr. mcgovern. h.r. 2956: mr. miller of florida. h.r. 2999: mr. kilmer. h.r. 3037: ms. michelle lujan grisham of new mexico and mr. nunes. h.r. 3081: mr. mcclintock, mr. heck of nevada, mr. brady of pennsylvania, mr. ben ray lujan of new mexico, mr. walberg, mr. butterfield, and mr. marino. h.r. 3115: mr. duffy, mr. luetkemeyer, and mr. stutzman. h.r. 3122: mr. hill. h.r. 3134: mr. fincher. h.r. 3136: mr. takai and mr. poe of texas. h.r. 3139: mr. miller of florida, mr. jolly, and mr. bost. h.r. 3140: mr. pocan. h.r. 3150: mr. cohen, mr. gutierrez, ms. bordallo, mr. ted lieu of california, mr. murphy of florida, mr. hastings, ms. kaptur, ms. eshoo, mr. vela, ms. delauro, mr. engel, mr. sablan, and ms. fudge. h.r. 3167: mr. jordan and mr. pearce. h.r. 3180: mr. jolly and ms. bonamici. h.r. 3187: mr. amash, mr. garrett, and mr. garamendi. h.r. 3190: mr. loebsack. h.r. 3197: mr. flores. h.r. 3221: ms. pingree, mr. yarmuth, ms. eshoo, and mrs. napolitano h.r. 3243: ms. jenkins of kansas. h.r. 3258: mrs. dingell. h.r. 3261: ms. delauro. h.r. 3268: ms. brownley of california, mr. weber of texas, mrs. ellmers of north carolina, ms. clark of massachusetts, mr. capuano, mrs. capps, mr. himes, mr. murphy of florida, mr. emmer of minnesota, mr. polis, ms. esty, mr. hastings, mr. schiff, mr. nolan, mr. kildee, ms. titus, ms. judy chu of california, and mr. takano. h.r. 3296: mr. duncan of south carolina, mr. desantis, mr. stewart, mr. jenkins of west virginia, mrs. noem, mr. palazzo, and mr. culberson. h.r. 3304: mr. courtney and mr. perlmutter. h.r. 3326: mr. yoho, mr. collins of new york, and mr. kinzinger of illinois. h.r. 3338: mr. kinzinger of illinois and mr. beyer. h.r. 3345: mr. grijalva. h.r. 3364: mr. mcgovern, ms. bordallo, and mrs. torres. h.r. 3381: mr. miller of florida. h.r. 3420: mr. blumenauer, mr. mcgovern, and ms. jackson lee. h.r. 3421: mr. pittenger, mr. miller of florida, mr. flores, mrs. blackburn, and mr. jolly. h.r. 3423: mr. o'rourke and ms. brownley of california. h.r. 3429: mr. graves of louisiana, mrs. blackburn, mr. abraham, mr. bilirakis, and mr. curbelo of florida. h.j. res. 47: mr. smith of texas. h.j. res. 54: mr. duncan of south carolina and mr. massie. h. con. res. 19: mr. nunes and ms. kaptur. h. con. res. 50: mr. dold. h. con. res. 62: mr. miller of florida. h. con. res. 65: mr. mcgovern and mr. tonko. h. res. 28: mr. langevin. h. res. 49: mr. miller of florida. h. res. 220: ms. meng and mr. messer. h. res. 293: mr. miller of florida. h. res. 343: mr. garrett, ms. moore, mr. barr, mr. tonko, mrs. hartzler, mr. simpson, ms. edwards, mr. joyce, mr. delaney, mr. carson of indiana, mr. womack, mr. kind, mr. guthrie, mr. miller of florida, mr. rothfus, mrs. walorski, mr. clay, mr. amodei, mr. duffy, mr. higgins, mr. messer, mr. keating, mr. calvert, mr. dold, mr. hill, and mr. webster of florida. h. res. 354: mr. trott, mr. donovan, ms. mccollum, and mr. rigell. h. res. 367: mr. kelly of mississippi, mr. clawson of florida, and mr. thornberry. h. res. 393: ms. lee. h. res. 394: mr. honda, mr. miller of florida, and ms. brownley of california. h. res. 400: mr. hoyer, ms. lofgren, mr. meeks, mrs. torres, and mr. o'rourke.",7544
CREC-2015-07-31-pt1-PgS-FrontMatter-3,CREC-2015-07-31,2015-07-31,CONGRESSIONAL RECORD,CREC,SENATE,S,S,1,https://www.govinfo.gov/app/details/CREC-2015-07-31/CREC-2015-07-31-pt1-PgS-FrontMatter-3,https://api.govinfo.gov/packages/CREC-2015-07-31/granules/CREC-2015-07-31-pt1-PgS-FrontMatter-3/htm,https://api.govinfo.gov/packages/CREC-2015-07-31/granules/CREC-2015-07-31-pt1-PgS-FrontMatter-3/pdf,https://api.govinfo.gov/packages/CREC-2015-07-31/summary,"[Congressional Record Volume 161, Number 123 (Friday, July 31, 2015)] [Senate] [Page S6211] From the Congressional Record Online through the Government Publishing Office [ www.gpo.gov ] CONGRESSIONAL RECORD United States of America American eagle (seal) PROCEEDINGS AND DEBATES OF THE 114th CONGRESS, FIRST SESSION ------------------------------------------------------------------------- ------------------------------------------------------------------------- This ``bullet'' symbol identifies statements or insertions which are not spoken by the Member of the Senate on the floor. -------------------------------------------------------------------------- (seal) recycle Printed on recycled paper. Vol. 161 WASHINGTON, FRIDAY, JULY 31, 2015 No. 123",,"[Congressional Record Volume 161, Number 123 (Friday, July 31, 2015)] [Senate] [Page S6211] From the Congressional Record Online through the Government Publishing Office [ www.gpo.gov ] CONGRESSIONAL RECORD United States of America American eagle (seal) PROCEEDINGS AND DEBATES OF THE 114th CONGRESS, FIRST SESSION ------------------------------------------------------------------------- ------------------------------------------------------------------------- This ``bullet'' symbol identifies statements or insertions which are not spoken by the Member of the Senate on the floor. -------------------------------------------------------------------------- (seal) recycle Printed on recycled paper. Vol. 161 WASHINGTON, FRIDAY, JULY 31, 2015 No. 123",https://api.govinfo.gov/related/CREC-2015-07-31-pt1-PgS-FrontMatter-3,CREC,Proceedings of Congress and General Congressional Publications,2025-03-07T17:29:04Z,Congressional Record,package_114_122.csv,752,0,752,"[congressional record volume 161, number 123 (friday, july 31, 2015)] [senate] [page s6211] from the congressional record online through the government publishing office [ www.gpo.gov ] congressional record united states of america american eagle (seal) proceedings and debates of the 114th congress, first session ------------------------------------------------------------------------- ------------------------------------------------------------------------- this ``bullet'' symbol identifies statements or insertions which are not spoken by the member of the senate on the floor. -------------------------------------------------------------------------- (seal) recycle printed on recycled paper. vol. 161 washington, friday, july 31, 2015 no. 123",752
CREC-2015-07-31-pt1-PgS6211-2,CREC-2015-07-31,2015-07-31,"ADJOURNMENT UNTIL MONDAY, AUGUST 3, 2015, AT 2 P.M.",CREC,SENATE,S,S,1,https://www.govinfo.gov/app/details/CREC-2015-07-31/CREC-2015-07-31-pt1-PgS6211-2,https://api.govinfo.gov/packages/CREC-2015-07-31/granules/CREC-2015-07-31-pt1-PgS6211-2/htm,https://api.govinfo.gov/packages/CREC-2015-07-31/granules/CREC-2015-07-31-pt1-PgS6211-2/pdf,https://api.govinfo.gov/packages/CREC-2015-07-31/summary,"[Congressional Record Volume 161, Number 123 (Friday, July 31, 2015)] [Senate] [Page S6211] From the Congressional Record Online through the Government Publishing Office [ www.gpo.gov ] ADJOURNMENT UNTIL MONDAY, AUGUST 3, 2015, AT 2 P.M. The PRESIDENT pro tempore. Under the previous order, the Senate stands adjourned until 2 p.m. on Monday, August 3, 2015. Thereupon, the Senate, at 10 and 19 seconds a.m., adjourned until Monday, August 3, 2015, at 2 p.m.",,"[Congressional Record Volume 161, Number 123 (Friday, July 31, 2015)] [Senate] [Page S6211] From the Congressional Record Online through the Government Publishing Office [ www.gpo.gov ] ADJOURNMENT UNTIL MONDAY, AUGUST 3, 2015, AT 2 P.M. The PRESIDENT pro tempore. Under the previous order, the Senate stands adjourned until 2 p.m. on Monday, August 3, 2015. Thereupon, the Senate, at 10 and 19 seconds a.m., adjourned until Monday, August 3, 2015, at 2 p.m.",https://api.govinfo.gov/related/CREC-2015-07-31-pt1-PgS6211-2,CREC,Proceedings of Congress and General Congressional Publications,2025-03-07T17:29:04Z,Congressional Record,package_114_122.csv,458,0,458,"[congressional record volume 161, number 123 (friday, july 31, 2015)] [senate] [page s6211] from the congressional record online through the government publishing office [ www.gpo.gov ] adjournment until monday, august 3, 2015, at 2 p.m. the president pro tempore. under the previous order, the senate stands adjourned until 2 p.m. on monday, august 3, 2015. thereupon, the senate, at 10 and 19 seconds a.m., adjourned until monday, august 3, 2015, at 2 p.m.",458
CREC-2015-07-31-pt1-PgS6211,CREC-2015-07-31,2015-07-31,Senate,CREC,SENATE,S,S,1,https://www.govinfo.gov/app/details/CREC-2015-07-31/CREC-2015-07-31-pt1-PgS6211,https://api.govinfo.gov/packages/CREC-2015-07-31/granules/CREC-2015-07-31-pt1-PgS6211/htm,https://api.govinfo.gov/packages/CREC-2015-07-31/granules/CREC-2015-07-31-pt1-PgS6211/pdf,https://api.govinfo.gov/packages/CREC-2015-07-31/summary,"[Congressional Record Volume 161, Number 123 (Friday, July 31, 2015)] [Senate] [Page S6211] From the Congressional Record Online through the Government Publishing Office [ www.gpo.gov ] [[Page S6211]] ----------------------------------------------------------------------- Senate The Senate met at 10 and 6 seconds a.m. and was called to order by the President pro tempore (Mr. Hatch). ____________________",,"[Congressional Record Volume 161, Number 123 (Friday, July 31, 2015)] [Senate] [Page S6211] From the Congressional Record Online through the Government Publishing Office [ www.gpo.gov ] [[Page S6211]] ----------------------------------------------------------------------- Senate The Senate met at 10 and 6 seconds a.m. and was called to order by the President pro tempore (Mr. Hatch). ____________________",https://api.govinfo.gov/related/CREC-2015-07-31-pt1-PgS6211,CREC,Proceedings of Congress and General Congressional Publications,2025-03-07T17:29:04Z,Congressional Record,package_114_122.csv,406,0,406,"[congressional record volume 161, number 123 (friday, july 31, 2015)] [senate] [page s6211] from the congressional record online through the government publishing office [ www.gpo.gov ] [[page s6211]] ----------------------------------------------------------------------- senate the senate met at 10 and 6 seconds a.m. and was called to order by the president pro tempore (mr. hatch). ____________________",406
CREC-2015-07-31-pt1-PgE1193-2,CREC-2015-07-31,2015-07-31,IN RECOGNITION OF TEACHER AND MUSICIAN WILLIAM DeWITT,CREC,EXTENSIONS,E,E,1,https://www.govinfo.gov/app/details/CREC-2015-07-31/CREC-2015-07-31-pt1-PgE1193-2,https://api.govinfo.gov/packages/CREC-2015-07-31/granules/CREC-2015-07-31-pt1-PgE1193-2/htm,https://api.govinfo.gov/packages/CREC-2015-07-31/granules/CREC-2015-07-31-pt1-PgE1193-2/pdf,https://api.govinfo.gov/packages/CREC-2015-07-31/summary,"[Congressional Record Volume 161, Number 123 (Friday, July 31, 2015)] [Extensions of Remarks] [Page E1193] From the Congressional Record Online through the Government Publishing Office [ www.gpo.gov ] IN RECOGNITION OF TEACHER AND MUSICIAN WILLIAM DeWITT ______ HON. GREGORIO KILILI CAMACHO SABLAN of the northern mariana islands in the house of representatives Friday, July 31, 2015 Mr. SABLAN. Mr. Speaker, allow me to add to the record of the U.S. House of Representatives the story Mr. William DeWitt, a teacher, who has brought the art of music in the Northern Mariana Islands to an unprecedented level of excellence and who has given to thousands of our young people the joy of finding within themselves their own musical talents. Mr. William DeWitt first came to the Northern Mariana Islands in 1993, beginning his career in middle and junior high school, teaching a variety of subjects, including band, piano, and choir. He then accepted an offer to teach at Marianas High School and was successful there at reviving its band program. Enthusiasm for instrumental music education began to crescendo, and in 2002 Mr. DeWitt was invited to join the faculty of the newly inaugurated Saipan Southern High School, which was designed to be a magnet school for students with an interest in the arts and technology. He has now spent thirteen years at Saipan Southern, helping countless students fulfill their dream to make music and share it with the world. In doing so, Mr. DeWitt and the students he has guided have created a legacy, the Saipan Southern High School Manta Ray Band, that is certainly one of the greatest sources of pride for the Northern Marianas Public School System and, indeed, for our entire community. When Mr. DeWitt came to Saipan 22 years ago, he could not have known what he would accomplish. Our island community has always teemed with multi-generational musical talent and held a deep love for singing. But band music and its array of instruments--the trumpet, flute, trombone, and clarinet--were less well known. Mr. DeWitt changed that. Mr. DeWitt also oversaw the incorporation of a growing diversity of students into our schools using music as a unifying influence and adding the international flavor of this new student body to its musical sensibility. Up to 250 students now participate in some aspect of the Manta Ray Band program at Saipan Southern. They come from many ethnicities and cultures--Chamorro, Carolinian, Palauan, Marshallese, Filipino, Korean, Hawaiian, Japanese, Chinese, Indian--and William DeWitt has helped them learn to join together as one, making music. Perhaps, this very diversity is key to the success and world-wide recognition the Manta Ray Band has achieved under the baton of Mr. DeWitt. Five times in the last seven years the Manta Ray Band has earned the Tumon Bay Music Festival Sweepstakes Award, the most wins by any organization in the festival's history. The Manta Rays have been invited to and performed at two Olympic Games: Beijing in 2008 and London in 2012. The Band has showcased its talents at the Sydney Opera House, Carnegie Hall, Westminster Abbey, and Disneyland. And just last month, at the Los Angeles Musical Festival the Manta Ray Band earned the Gold Award as the highest scoring ensemble in festival competition. This Gold Award is something of a fairy-tale ending to Mr. DeWitt's career. His band executed its performance with a new precision and intensity. His students displayed an infectious enthusiasm and rhythmic jaunt that gave their concert an element of variety and versatility no other ensemble could match. But backstage after the event amidst the triumph, while cameras clicked, tears flowed and hugs abounded, as the Manta Rays dealt with the recognition that this pinnacle also marked the end of an era--for Mr. William DeWitt had taken his final bow with the band. William DeWitt and his family will now be able to spend time with his parents in California, where he will also pursue a post-graduate degree. We wish him well. And we will always be grateful to him for the way that he drew from a very small population of students their maximum talent, so inculcating them in the fundamental elements of musicianship that they were able to soar on international stages. As significant as what he gave to each individual student, we will remember what Mr. William DeWitt gave to the larger communities of which we are part: the pride and honor his musicians brought to Saipan Southern High School, to the Public School System, and to the Northern Mariana Islands as a whole. This musical venture he has led became a partnership for all of us. Individuals and businesses gladly supported the Manta Ray Band with contributions totaling more than a million dollars over the course of the past decade. And, as a community, we should honor William DeWitt's legacy by continuing to give our young musicians the opportunity to develop, master, and showcase their talents. Lastly, we acknowledge, as does Mr. DeWitt, his wife Lois and his children Emily, Abigail, and James, who throughout have been his source of inspiration and support. We thank them for allowing their husband and father to commit so much of his time and energy to the students of Saipan Southern and the Northern Mariana Islands. And we thank you, Mr. William DeWitt. May the richness of island life always flow in your blood, just as your accomplishments will always be engraved into our island history. ____________________",,"[Congressional Record Volume 161, Number 123 (Friday, July 31, 2015)] [Extensions of Remarks] [Page E1193] From the Congressional Record Online through the Government Publishing Office [ www.gpo.gov ] IN RECOGNITION OF TEACHER AND MUSICIAN WILLIAM DeWITT ______ HON. GREGORIO KILILI CAMACHO SABLAN of the northern mariana islands in the house of representatives Friday, July 31, 2015 Mr. SABLAN. Mr. Speaker, allow me to add to the record of the U.S. House of Representatives the story Mr. William DeWitt, a teacher, who has brought the art of music in the Northern Mariana Islands to an unprecedented level of excellence and who has given to thousands of our young people the joy of finding within themselves their own musical talents. Mr. William DeWitt first came to the Northern Mariana Islands in 1993, beginning his career in middle and junior high school, teaching a variety of subjects, including band, piano, and choir. He then accepted an offer to teach at Marianas High School and was successful there at reviving its band program. Enthusiasm for instrumental music education began to crescendo, and in 2002 Mr. DeWitt was invited to join the faculty of the newly inaugurated Saipan Southern High School, which was designed to be a magnet school for students with an interest in the arts and technology. He has now spent thirteen years at Saipan Southern, helping countless students fulfill their dream to make music and share it with the world. In doing so, Mr. DeWitt and the students he has guided have created a legacy, the Saipan Southern High School Manta Ray Band, that is certainly one of the greatest sources of pride for the Northern Marianas Public School System and, indeed, for our entire community. When Mr. DeWitt came to Saipan 22 years ago, he could not have known what he would accomplish. Our island community has always teemed with multi-generational musical talent and held a deep love for singing. But band music and its array of instruments--the trumpet, flute, trombone, and clarinet--were less well known. Mr. DeWitt changed that. Mr. DeWitt also oversaw the incorporation of a growing diversity of students into our schools using music as a unifying influence and adding the international flavor of this new student body to its musical sensibility. Up to 250 students now participate in some aspect of the Manta Ray Band program at Saipan Southern. They come from many ethnicities and cultures--Chamorro, Carolinian, Palauan, Marshallese, Filipino, Korean, Hawaiian, Japanese, Chinese, Indian--and William DeWitt has helped them learn to join together as one, making music. Perhaps, this very diversity is key to the success and world-wide recognition the Manta Ray Band has achieved under the baton of Mr. DeWitt. Five times in the last seven years the Manta Ray Band has earned the Tumon Bay Music Festival Sweepstakes Award, the most wins by any organization in the festival's history. The Manta Rays have been invited to and performed at two Olympic Games: Beijing in 2008 and London in 2012. The Band has showcased its talents at the Sydney Opera House, Carnegie Hall, Westminster Abbey, and Disneyland. And just last month, at the Los Angeles Musical Festival the Manta Ray Band earned the Gold Award as the highest scoring ensemble in festival competition. This Gold Award is something of a fairy-tale ending to Mr. DeWitt's career. His band executed its performance with a new precision and intensity. His students displayed an infectious enthusiasm and rhythmic jaunt that gave their concert an element of variety and versatility no other ensemble could match. But backstage after the event amidst the triumph, while cameras clicked, tears flowed and hugs abounded, as the Manta Rays dealt with the recognition that this pinnacle also marked the end of an era--for Mr. William DeWitt had taken his final bow with the band. William DeWitt and his family will now be able to spend time with his parents in California, where he will also pursue a post-graduate degree. We wish him well. And we will always be grateful to him for the way that he drew from a very small population of students their maximum talent, so inculcating them in the fundamental elements of musicianship that they were able to soar on international stages. As significant as what he gave to each individual student, we will remember what Mr. William DeWitt gave to the larger communities of which we are part: the pride and honor his musicians brought to Saipan Southern High School, to the Public School System, and to the Northern Mariana Islands as a whole. This musical venture he has led became a partnership for all of us. Individuals and businesses gladly supported the Manta Ray Band with contributions totaling more than a million dollars over the course of the past decade. And, as a community, we should honor William DeWitt's legacy by continuing to give our young musicians the opportunity to develop, master, and showcase their talents. Lastly, we acknowledge, as does Mr. DeWitt, his wife Lois and his children Emily, Abigail, and James, who throughout have been his source of inspiration and support. We thank them for allowing their husband and father to commit so much of his time and energy to the students of Saipan Southern and the Northern Mariana Islands. And we thank you, Mr. William DeWitt. May the richness of island life always flow in your blood, just as your accomplishments will always be engraved into our island history. ____________________",https://api.govinfo.gov/related/CREC-2015-07-31-pt1-PgE1193-2,CREC,Proceedings of Congress and General Congressional Publications,2025-03-07T17:29:04Z,Congressional Record,package_114_122.csv,5490,0,5490,"[congressional record volume 161, number 123 (friday, july 31, 2015)] [extensions of remarks] [page e1193] from the congressional record online through the government publishing office [ www.gpo.gov ] in recognition of teacher and musician william dewitt ______ hon. gregorio kilili camacho sablan of the northern mariana islands in the house of representatives friday, july 31, 2015 mr. sablan. mr. speaker, allow me to add to the record of the u.s. house of representatives the story mr. william dewitt, a teacher, who has brought the art of music in the northern mariana islands to an unprecedented level of excellence and who has given to thousands of our young people the joy of finding within themselves their own musical talents. mr. william dewitt first came to the northern mariana islands in 1993, beginning his career in middle and junior high school, teaching a variety of subjects, including band, piano, and choir. he then accepted an offer to teach at marianas high school and was successful there at reviving its band program. enthusiasm for instrumental music education began to crescendo, and in 2002 mr. dewitt was invited to join the faculty of the newly inaugurated saipan southern high school, which was designed to be a magnet school for students with an interest in the arts and technology. he has now spent thirteen years at saipan southern, helping countless students fulfill their dream to make music and share it with the world. in doing so, mr. dewitt and the students he has guided have created a legacy, the saipan southern high school manta ray band, that is certainly one of the greatest sources of pride for the northern marianas public school system and, indeed, for our entire community. when mr. dewitt came to saipan 22 years ago, he could not have known what he would accomplish. our island community has always teemed with multi-generational musical talent and held a deep love for singing. but band music and its array of instruments--the trumpet, flute, trombone, and clarinet--were less well known. mr. dewitt changed that. mr. dewitt also oversaw the incorporation of a growing diversity of students into our schools using music as a unifying influence and adding the international flavor of this new student body to its musical sensibility. up to 250 students now participate in some aspect of the manta ray band program at saipan southern. they come from many ethnicities and cultures--chamorro, carolinian, palauan, marshallese, filipino, korean, hawaiian, japanese, chinese, indian--and william dewitt has helped them learn to join together as one, making music. perhaps, this very diversity is key to the success and world-wide recognition the manta ray band has achieved under the baton of mr. dewitt. five times in the last seven years the manta ray band has earned the tumon bay music festival sweepstakes award, the most wins by any organization in the festival's history. the manta rays have been invited to and performed at two olympic games: beijing in 2008 and london in 2012. the band has showcased its talents at the sydney opera house, carnegie hall, westminster abbey, and disneyland. and just last month, at the los angeles musical festival the manta ray band earned the gold award as the highest scoring ensemble in festival competition. this gold award is something of a fairy-tale ending to mr. dewitt's career. his band executed its performance with a new precision and intensity. his students displayed an infectious enthusiasm and rhythmic jaunt that gave their concert an element of variety and versatility no other ensemble could match. but backstage after the event amidst the triumph, while cameras clicked, tears flowed and hugs abounded, as the manta rays dealt with the recognition that this pinnacle also marked the end of an era--for mr. william dewitt had taken his final bow with the band. william dewitt and his family will now be able to spend time with his parents in california, where he will also pursue a post-graduate degree. we wish him well. and we will always be grateful to him for the way that he drew from a very small population of students their maximum talent, so inculcating them in the fundamental elements of musicianship that they were able to soar on international stages. as significant as what he gave to each individual student, we will remember what mr. william dewitt gave to the larger communities of which we are part: the pride and honor his musicians brought to saipan southern high school, to the public school system, and to the northern mariana islands as a whole. this musical venture he has led became a partnership for all of us. individuals and businesses gladly supported the manta ray band with contributions totaling more than a million dollars over the course of the past decade. and, as a community, we should honor william dewitt's legacy by continuing to give our young musicians the opportunity to develop, master, and showcase their talents. lastly, we acknowledge, as does mr. dewitt, his wife lois and his children emily, abigail, and james, who throughout have been his source of inspiration and support. we thank them for allowing their husband and father to commit so much of his time and energy to the students of saipan southern and the northern mariana islands. and we thank you, mr. william dewitt. may the richness of island life always flow in your blood, just as your accomplishments will always be engraved into our island history. ____________________",5490
CREC-2015-07-31-pt1-PgE1193-3,CREC-2015-07-31,2015-07-31,THE MAN WHO WAS LARGER THAN LIFE,CREC,EXTENSIONS,E,E,1,https://www.govinfo.gov/app/details/CREC-2015-07-31/CREC-2015-07-31-pt1-PgE1193-3,https://api.govinfo.gov/packages/CREC-2015-07-31/granules/CREC-2015-07-31-pt1-PgE1193-3/htm,https://api.govinfo.gov/packages/CREC-2015-07-31/granules/CREC-2015-07-31-pt1-PgE1193-3/pdf,https://api.govinfo.gov/packages/CREC-2015-07-31/summary,"[Congressional Record Volume 161, Number 123 (Friday, July 31, 2015)] [Extensions of Remarks] [Page E1193] From the Congressional Record Online through the Government Publishing Office [ www.gpo.gov ] THE MAN WHO WAS LARGER THAN LIFE ______ HON. J. FRENCH HILL of arkansas in the house of representatives Friday, July 31, 2015 Mr. HILL. Mr. Speaker, from the beginning of his life, Richard ``Dick'' Bass was a force to be reckoned with. He always strove to be the first and best at whatever he did--whether as a student, oilman, rancher, ski resort developer, or mountaineer. As a young man of sixteen, he enrolled in Yale University, graduating with a B.S. in Geology at the age of twenty. The gregarious spirit and boundless curiosity that prompted him to climb one of Europe's highest peaks, the Matterhorn, at nineteen, would continue to be both servant and driver throughout his life. Shortly after moving back to Texas to join the family oil business, Dick began taking regular trips to Colorado to ski. His love for skiing and his fellow outdoor enthusiasts motivated him to seek out involvement in the industry. Shortly after starting these trips, he and his brother purchased stock in a small underdeveloped area in Eagle County, Colorado, that became the globally famous Town of Vail. The success and increased public interest in Vail led to his co-ownership and development of the Snowbird ski resort in Utah. He and his Snowbird partner, Ted Johnson, traveled across Europe searching for inspiration and innovation to bring their vision to life. His pioneering spirit was not limited to investments and skiing and hearken back to his younger self's interest in mountain climbing. He was determined to become the first man to conquer the Seven Summits, the highest mountains in each of the continents, and achieved this monumental undertaking on April 30, 1985. Throughout his life, his mindset was always that of ceaseless perseverance, as exemplified by his three attempts and final summit of Mt. Everest. Dick Bass may have passed on to his newest adventure at the age of eighty-five, but his entire life serves as a testament to the power of determination and enterprise. Dick was larger than life, actively living every second to the fullest and taking on any challenge thrown at him. He left a truly indelible mark on the world, his wife, Alice, his children Dan Bass, Bonnie Smith, Barbara Moroney, Jim Bass, and his thirteen grandchildren. I was proud to count Dick Bass as a family friend and a source of inspiration to me in my love of the mountains and my business career. As John Muir said, ``Climb the mountains and get their good tidings''; Dick, your legacy lives on. ____________________",,"[Congressional Record Volume 161, Number 123 (Friday, July 31, 2015)] [Extensions of Remarks] [Page E1193] From the Congressional Record Online through the Government Publishing Office [ www.gpo.gov ] THE MAN WHO WAS LARGER THAN LIFE ______ HON. J. FRENCH HILL of arkansas in the house of representatives Friday, July 31, 2015 Mr. HILL. Mr. Speaker, from the beginning of his life, Richard ``Dick'' Bass was a force to be reckoned with. He always strove to be the first and best at whatever he did--whether as a student, oilman, rancher, ski resort developer, or mountaineer. As a young man of sixteen, he enrolled in Yale University, graduating with a B.S. in Geology at the age of twenty. The gregarious spirit and boundless curiosity that prompted him to climb one of Europe's highest peaks, the Matterhorn, at nineteen, would continue to be both servant and driver throughout his life. Shortly after moving back to Texas to join the family oil business, Dick began taking regular trips to Colorado to ski. His love for skiing and his fellow outdoor enthusiasts motivated him to seek out involvement in the industry. Shortly after starting these trips, he and his brother purchased stock in a small underdeveloped area in Eagle County, Colorado, that became the globally famous Town of Vail. The success and increased public interest in Vail led to his co-ownership and development of the Snowbird ski resort in Utah. He and his Snowbird partner, Ted Johnson, traveled across Europe searching for inspiration and innovation to bring their vision to life. His pioneering spirit was not limited to investments and skiing and hearken back to his younger self's interest in mountain climbing. He was determined to become the first man to conquer the Seven Summits, the highest mountains in each of the continents, and achieved this monumental undertaking on April 30, 1985. Throughout his life, his mindset was always that of ceaseless perseverance, as exemplified by his three attempts and final summit of Mt. Everest. Dick Bass may have passed on to his newest adventure at the age of eighty-five, but his entire life serves as a testament to the power of determination and enterprise. Dick was larger than life, actively living every second to the fullest and taking on any challenge thrown at him. He left a truly indelible mark on the world, his wife, Alice, his children Dan Bass, Bonnie Smith, Barbara Moroney, Jim Bass, and his thirteen grandchildren. I was proud to count Dick Bass as a family friend and a source of inspiration to me in my love of the mountains and my business career. As John Muir said, ``Climb the mountains and get their good tidings''; Dick, your legacy lives on. ____________________",https://api.govinfo.gov/related/CREC-2015-07-31-pt1-PgE1193-3,CREC,Proceedings of Congress and General Congressional Publications,2025-03-07T17:29:04Z,Congressional Record,package_114_122.csv,2714,0,2714,"[congressional record volume 161, number 123 (friday, july 31, 2015)] [extensions of remarks] [page e1193] from the congressional record online through the government publishing office [ www.gpo.gov ] the man who was larger than life ______ hon. j. french hill of arkansas in the house of representatives friday, july 31, 2015 mr. hill. mr. speaker, from the beginning of his life, richard ``dick'' bass was a force to be reckoned with. he always strove to be the first and best at whatever he did--whether as a student, oilman, rancher, ski resort developer, or mountaineer. as a young man of sixteen, he enrolled in yale university, graduating with a b.s. in geology at the age of twenty. the gregarious spirit and boundless curiosity that prompted him to climb one of europe's highest peaks, the matterhorn, at nineteen, would continue to be both servant and driver throughout his life. shortly after moving back to texas to join the family oil business, dick began taking regular trips to colorado to ski. his love for skiing and his fellow outdoor enthusiasts motivated him to seek out involvement in the industry. shortly after starting these trips, he and his brother purchased stock in a small underdeveloped area in eagle county, colorado, that became the globally famous town of vail. the success and increased public interest in vail led to his co-ownership and development of the snowbird ski resort in utah. he and his snowbird partner, ted johnson, traveled across europe searching for inspiration and innovation to bring their vision to life. his pioneering spirit was not limited to investments and skiing and hearken back to his younger self's interest in mountain climbing. he was determined to become the first man to conquer the seven summits, the highest mountains in each of the continents, and achieved this monumental undertaking on april 30, 1985. throughout his life, his mindset was always that of ceaseless perseverance, as exemplified by his three attempts and final summit of mt. everest. dick bass may have passed on to his newest adventure at the age of eighty-five, but his entire life serves as a testament to the power of determination and enterprise. dick was larger than life, actively living every second to the fullest and taking on any challenge thrown at him. he left a truly indelible mark on the world, his wife, alice, his children dan bass, bonnie smith, barbara moroney, jim bass, and his thirteen grandchildren. i was proud to count dick bass as a family friend and a source of inspiration to me in my love of the mountains and my business career. as john muir said, ``climb the mountains and get their good tidings''; dick, your legacy lives on. ____________________",2714
CREC-2015-07-31-pt1-PgH5782,CREC-2015-07-31,2015-07-31,REPORTS OF COMMITTEES ON PUBLIC BILLS AND RESOLUTIONS,CREC,HOUSE,H,H,1,https://www.govinfo.gov/app/details/CREC-2015-07-31/CREC-2015-07-31-pt1-PgH5782,https://api.govinfo.gov/packages/CREC-2015-07-31/granules/CREC-2015-07-31-pt1-PgH5782/htm,https://api.govinfo.gov/packages/CREC-2015-07-31/granules/CREC-2015-07-31-pt1-PgH5782/pdf,https://api.govinfo.gov/packages/CREC-2015-07-31/summary,"[Congressional Record Volume 161, Number 123 (Friday, July 31, 2015)] [House] [Page H5782] From the Congressional Record Online through the Government Publishing Office [ www.gpo.gov ] REPORTS OF COMMITTEES ON PUBLIC BILLS AND RESOLUTIONS Under clause 2 of rule XIII, reports of committees were delivered to the Clerk for printing and reference to the proper calendar, as follows: Mr. DENT: Committee on Ethics. In the Matter of Officially- Connected Travel by House Members to Azerbaijan in 2013 (Rept. 114-239). Referred to the House Calendar. ____________________",,"[Congressional Record Volume 161, Number 123 (Friday, July 31, 2015)] [House] [Page H5782] From the Congressional Record Online through the Government Publishing Office [ www.gpo.gov ] REPORTS OF COMMITTEES ON PUBLIC BILLS AND RESOLUTIONS Under clause 2 of rule XIII, reports of committees were delivered to the Clerk for printing and reference to the proper calendar, as follows: Mr. DENT: Committee on Ethics. In the Matter of Officially- Connected Travel by House Members to Azerbaijan in 2013 (Rept. 114-239). Referred to the House Calendar. ____________________",https://api.govinfo.gov/related/CREC-2015-07-31-pt1-PgH5782,CREC,Proceedings of Congress and General Congressional Publications,2025-03-07T17:29:04Z,Congressional Record,package_114_122.csv,566,0,566,"[congressional record volume 161, number 123 (friday, july 31, 2015)] [house] [page h5782] from the congressional record online through the government publishing office [ www.gpo.gov ] reports of committees on public bills and resolutions under clause 2 of rule xiii, reports of committees were delivered to the clerk for printing and reference to the proper calendar, as follows: mr. dent: committee on ethics. in the matter of officially- connected travel by house members to azerbaijan in 2013 (rept. 114-239). referred to the house calendar. ____________________",566
CREC-2015-07-31-pt1-PgE1193-4,CREC-2015-07-31,2015-07-31,IN RECOGNITION OF THE REVEREND WILLIE L. HILL,CREC,EXTENSIONS,E,E,1,https://www.govinfo.gov/app/details/CREC-2015-07-31/CREC-2015-07-31-pt1-PgE1193-4,https://api.govinfo.gov/packages/CREC-2015-07-31/granules/CREC-2015-07-31-pt1-PgE1193-4/htm,https://api.govinfo.gov/packages/CREC-2015-07-31/granules/CREC-2015-07-31-pt1-PgE1193-4/pdf,https://api.govinfo.gov/packages/CREC-2015-07-31/summary,"[Congressional Record Volume 161, Number 123 (Friday, July 31, 2015)] [Extensions of Remarks] [Pages E1193-E1194] From the Congressional Record Online through the Government Publishing Office [ www.gpo.gov ] IN RECOGNITION OF THE REVEREND WILLIE L. HILL ______ HON. SANFORD D. BISHOP, JR. of georgia in the house of representatives Friday, July 31, 2015 Mr. BISHOP of Georgia. Mr. Speaker, I rise today to honor an outstanding Man of God who has been a longstanding source of inspiration, spiritual guidance, and moral leadership to the people of Southwest Georgia, the Reverend Willie L. Hill. Reverend Hill is retiring after 28 years of pastoring the Greater Beallwood Baptist Church in Columbus, Georgia. The congregation will be honoring Rev. [[Page E1194]] Hill for his leadership at a retirement dinner on Saturday, August 15, 2015 at 6:00 p.m. at the Columbus Country Club and at a retirement program on Sunday, August 16, 2015 during the 11:00 a.m. service at the church. A native of Columbus, Georgia, Willie L. Hill was born to the late Hollis and Dora Hill. He was educated in the public school system of Muscogee County. Reverend Hill then served our nation honorably in the United States Army during the Vietnam War. After completing his service, he attended Chattahoochee Valley Community College in Phenix City, Alabama, where he earned an associate's degree, and later attended Troy University to complete a bachelor's degree in Criminology. It was then that Rev. Hill heard God's call to preach and enrolled in the American Baptist College to study theology. Rev. Hill pastored the Greater Beallwood Baptist Church for 28 years, faithfully carrying out his vision for the church and leading its members in the fulfillment of a God-first life. In the years after Rev. Hill became pastor, Greater Beallwood expanded greatly, growing from a century-old church that was facing financial hardship to a spiritual praising center serving almost 350 people weekly. Not only did Rev. Hill's leadership grow the congregation in number and in spirit, but it also was instrumental in the building of a new sanctuary that would accommodate the numerous church services and meetings. A strong advocate of access to Christian education, Rev. Hill founded Children's Church, a separate training and worship service for children ages 5 through 12 to grow in their faith. Children's Church serves as a valuable resource for members of the Greater Beallwood Baptist Church and has helped children learn about the word of God in a way that they can relate to and understand. Throughout his pastoral career, always seeking to improve the craft of Christian ministry and discipleship, Rev. Hill has served as President of the Inter-Denominational Ministerial Alliance for eight years and Vice President for four years. He served as President of the Fourth District Congress of Christian Education for two years, and he also co-founded the Columbus Ministerial Association. An avid golfer and fierce competitor, Rev. Hill served on the Golf Authority of the Columbus Consolidated Government for ten years. Jeremiah 3:15 says, ``Then I will give you shepherds after my own heart, who will lead you with knowledge and understanding.'' Reverend Willie Hill is one such shepherd and a man of integrity who exudes the genuine principles and values of Christian discipleship. A charismatic evangelical leader and pioneer, his spiritual zeal is both infectious and highly contagious. Rev. Hill is surrounded by the love and support of his congregation, but also his family--his wife of 52 years, Helen; their two sons, Daren and Brandon; and three beloved grandchildren. Mr. Speaker, I ask my colleagues to join me, my wife Vivian, and the more than 730,000 residents of Georgia's Second Congressional District in thanking the Reverend Willie L. Hill for his service to our nation, the Columbus community, the Greater Beallwood Baptist Church, and the Kingdom of God. ____________________",,"[Congressional Record Volume 161, Number 123 (Friday, July 31, 2015)] [Extensions of Remarks] [Pages E1193-E1194] From the Congressional Record Online through the Government Publishing Office [ www.gpo.gov ] IN RECOGNITION OF THE REVEREND WILLIE L. HILL ______ HON. SANFORD D. BISHOP, JR. of georgia in the house of representatives Friday, July 31, 2015 Mr. BISHOP of Georgia. Mr. Speaker, I rise today to honor an outstanding Man of God who has been a longstanding source of inspiration, spiritual guidance, and moral leadership to the people of Southwest Georgia, the Reverend Willie L. Hill. Reverend Hill is retiring after 28 years of pastoring the Greater Beallwood Baptist Church in Columbus, Georgia. The congregation will be honoring Rev. [[Page E1194]] Hill for his leadership at a retirement dinner on Saturday, August 15, 2015 at 6:00 p.m. at the Columbus Country Club and at a retirement program on Sunday, August 16, 2015 during the 11:00 a.m. service at the church. A native of Columbus, Georgia, Willie L. Hill was born to the late Hollis and Dora Hill. He was educated in the public school system of Muscogee County. Reverend Hill then served our nation honorably in the United States Army during the Vietnam War. After completing his service, he attended Chattahoochee Valley Community College in Phenix City, Alabama, where he earned an associate's degree, and later attended Troy University to complete a bachelor's degree in Criminology. It was then that Rev. Hill heard God's call to preach and enrolled in the American Baptist College to study theology. Rev. Hill pastored the Greater Beallwood Baptist Church for 28 years, faithfully carrying out his vision for the church and leading its members in the fulfillment of a God-first life. In the years after Rev. Hill became pastor, Greater Beallwood expanded greatly, growing from a century-old church that was facing financial hardship to a spiritual praising center serving almost 350 people weekly. Not only did Rev. Hill's leadership grow the congregation in number and in spirit, but it also was instrumental in the building of a new sanctuary that would accommodate the numerous church services and meetings. A strong advocate of access to Christian education, Rev. Hill founded Children's Church, a separate training and worship service for children ages 5 through 12 to grow in their faith. Children's Church serves as a valuable resource for members of the Greater Beallwood Baptist Church and has helped children learn about the word of God in a way that they can relate to and understand. Throughout his pastoral career, always seeking to improve the craft of Christian ministry and discipleship, Rev. Hill has served as President of the Inter-Denominational Ministerial Alliance for eight years and Vice President for four years. He served as President of the Fourth District Congress of Christian Education for two years, and he also co-founded the Columbus Ministerial Association. An avid golfer and fierce competitor, Rev. Hill served on the Golf Authority of the Columbus Consolidated Government for ten years. Jeremiah 3:15 says, ``Then I will give you shepherds after my own heart, who will lead you with knowledge and understanding.'' Reverend Willie Hill is one such shepherd and a man of integrity who exudes the genuine principles and values of Christian discipleship. A charismatic evangelical leader and pioneer, his spiritual zeal is both infectious and highly contagious. Rev. Hill is surrounded by the love and support of his congregation, but also his family--his wife of 52 years, Helen; their two sons, Daren and Brandon; and three beloved grandchildren. Mr. Speaker, I ask my colleagues to join me, my wife Vivian, and the more than 730,000 residents of Georgia's Second Congressional District in thanking the Reverend Willie L. Hill for his service to our nation, the Columbus community, the Greater Beallwood Baptist Church, and the Kingdom of God. ____________________",https://api.govinfo.gov/related/CREC-2015-07-31-pt1-PgE1193-4,CREC,Proceedings of Congress and General Congressional Publications,2025-03-07T17:29:04Z,Congressional Record,package_114_122.csv,3975,0,3975,"[congressional record volume 161, number 123 (friday, july 31, 2015)] [extensions of remarks] [pages e1193-e1194] from the congressional record online through the government publishing office [ www.gpo.gov ] in recognition of the reverend willie l. hill ______ hon. sanford d. bishop, jr. of georgia in the house of representatives friday, july 31, 2015 mr. bishop of georgia. mr. speaker, i rise today to honor an outstanding man of god who has been a longstanding source of inspiration, spiritual guidance, and moral leadership to the people of southwest georgia, the reverend willie l. hill. reverend hill is retiring after 28 years of pastoring the greater beallwood baptist church in columbus, georgia. the congregation will be honoring rev. [[page e1194]] hill for his leadership at a retirement dinner on saturday, august 15, 2015 at 6:00 p.m. at the columbus country club and at a retirement program on sunday, august 16, 2015 during the 11:00 a.m. service at the church. a native of columbus, georgia, willie l. hill was born to the late hollis and dora hill. he was educated in the public school system of muscogee county. reverend hill then served our nation honorably in the united states army during the vietnam war. after completing his service, he attended chattahoochee valley community college in phenix city, alabama, where he earned an associate's degree, and later attended troy university to complete a bachelor's degree in criminology. it was then that rev. hill heard god's call to preach and enrolled in the american baptist college to study theology. rev. hill pastored the greater beallwood baptist church for 28 years, faithfully carrying out his vision for the church and leading its members in the fulfillment of a god-first life. in the years after rev. hill became pastor, greater beallwood expanded greatly, growing from a century-old church that was facing financial hardship to a spiritual praising center serving almost 350 people weekly. not only did rev. hill's leadership grow the congregation in number and in spirit, but it also was instrumental in the building of a new sanctuary that would accommodate the numerous church services and meetings. a strong advocate of access to christian education, rev. hill founded children's church, a separate training and worship service for children ages 5 through 12 to grow in their faith. children's church serves as a valuable resource for members of the greater beallwood baptist church and has helped children learn about the word of god in a way that they can relate to and understand. throughout his pastoral career, always seeking to improve the craft of christian ministry and discipleship, rev. hill has served as president of the inter-denominational ministerial alliance for eight years and vice president for four years. he served as president of the fourth district congress of christian education for two years, and he also co-founded the columbus ministerial association. an avid golfer and fierce competitor, rev. hill served on the golf authority of the columbus consolidated government for ten years. jeremiah 3:15 says, ``then i will give you shepherds after my own heart, who will lead you with knowledge and understanding.'' reverend willie hill is one such shepherd and a man of integrity who exudes the genuine principles and values of christian discipleship. a charismatic evangelical leader and pioneer, his spiritual zeal is both infectious and highly contagious. rev. hill is surrounded by the love and support of his congregation, but also his family--his wife of 52 years, helen; their two sons, daren and brandon; and three beloved grandchildren. mr. speaker, i ask my colleagues to join me, my wife vivian, and the more than 730,000 residents of georgia's second congressional district in thanking the reverend willie l. hill for his service to our nation, the columbus community, the greater beallwood baptist church, and the kingdom of god. ____________________",3975
CREC-2015-07-31-pt1-PgE1194,CREC-2015-07-31,2015-07-31,"HONORING DR. R. SCOTT RALLS, RETIRING PRESIDENT OF THE NORTH CAROLINA COMMUNITY COLLEGE SYSTEM",CREC,EXTENSIONS,E,E,1,https://www.govinfo.gov/app/details/CREC-2015-07-31/CREC-2015-07-31-pt1-PgE1194,https://api.govinfo.gov/packages/CREC-2015-07-31/granules/CREC-2015-07-31-pt1-PgE1194/htm,https://api.govinfo.gov/packages/CREC-2015-07-31/granules/CREC-2015-07-31-pt1-PgE1194/pdf,https://api.govinfo.gov/packages/CREC-2015-07-31/summary,"[Congressional Record Volume 161, Number 123 (Friday, July 31, 2015)] [Extensions of Remarks] [Page E1194] From the Congressional Record Online through the Government Publishing Office [ www.gpo.gov ] HONORING DR. R. SCOTT RALLS, RETIRING PRESIDENT OF THE NORTH CAROLINA COMMUNITY COLLEGE SYSTEM ______ HON. DAVID E. PRICE of north carolina in the house of representatives Friday, July 31, 2015 Mr. PRICE of North Carolina. Mr. Speaker, I rise today to recognize Dr. Scott Ralls, the seventh president of the North Carolina Community College System, who stepped down as president of the system this summer after seven years of service. North Carolina's community college system is one of the state's greatest educational assets. It is one of the nation's largest community college systems, and its reach is extensive, with most North Carolinians residing within 30 miles of one of its 58 colleges. The system serves more than 850,000 individuals annually, with 321,000 students in degree, certificate and curriculum programs and almost 500,000 students taking continuing education classes. Some 40 percent of the state's wage earners today have received some education or training at a North Carolina community college in the past 10 years. Dr. Ralls was an exemplary president, carrying on the fine tradition of leadership of his predecessor, and our former House colleague, Martin Lancaster. Taking the helm in 2008, President Ralls' tenure began just as the recession hit and the state's unemployment rate began to soar. During the first three years of his presidency, displaced workers flocked to the state's community colleges; the system's enrollment grew 28 percent from 2007 to 2010. At the same time, the system weathered a budget crunch, all the while embarking on a strategy to revamp curriculum, improve completion rates, and forge new transfer agreements with the state's university system. Even with these challenges, Dr. Ralls helped the System obtain international recognition for its efforts to foster economic and workforce development. Ralls's efforts included expanding health care programs, reenergizing technical education, strengthening the connection between economic and workforce development, and furthering strong partnerships between public schools, community colleges and the University of North Carolina System to promote seamless education pathways. President Ralls also focused efforts on improving student success. He was an early champion for early college high schools, and today, North Carolina hosts one-third of all early colleges in the U.S.--the vast majority located on the campuses of community colleges. In addition, in 2009, under Dr. Ralls's leadership, the North Carolina Community College System initiated a comprehensive set of strategic initiatives focused on student success and program completion entitled SuccessNC, consolidating curriculums into 32 critical growth areas for North Carolina's economy and providing students with opportunities to earn industry-recognized, stackable credentials, resulting in a more competitive workforce. The Brookings Institution and the Rockefeller Foundation recognized this model in describing one of the most ``forward-thinking economy-shifting efforts underway in America's state and metropolitan areas.'' During his tenure, President Ralls was elected by national peers to be the President of the National Association of Industry-Specific Training Directors. He also led a state task force responsible for creating policies and procedures for the New and Expanding Industry Training Program, which resulted in a 16% reduction in expenditures and 11% increase in total training projects. Further, he chaired a task force on workplace safety training and generated new policies for administering the NC Worker Training Tax Credit Program. Dr. Ralls serves on several national and state boards and commissions and is the Chair of the National Council of State Directors of Community Colleges. He has earned a number of awards and honors, including a Certificate of Appreciation from the U.S. Department of Commerce (1995), and a Certificate of Appreciation from the NC Rural Prosperity Task Force (2000). He was also awarded the 2006 Freedom Fund Award from the Craven County NAACP, and was dubbed a 2007-2008 Impact Business Leader by the Charlotte Business Leader Magazine. Prior to serving as the North Carolina Community College System President, Dr. Ralls was president of Craven Community College in New Bern and Havelock. This makes him only the second former North Carolina community college president to hold the System presidency, and he is leaving to once again assume the presidency of a fine institution, the Northern Virginia Community College (NVCC). While at Craven, he led efforts to support college enrollment growth, while facing significant impacts of military deployment. At Craven, Ralls led in establishing workforce development programs in targeted industry sectors; helped create Craven Early College; initiated University Connections to foster on-site and on-line degree completion opportunities, and fostered an Undergraduate Engineering Education partnership with N.C. State College of Engineering. Dr. Ralls, a leader of national distinction, is also an approachable, collaborative person who has been a delight for me and others to work with personally. He guided North Carolina's community colleges through the economic downturn and state budget cuts and oversaw a period of remarkable growth. Thanks to his tireless efforts, thousands of North Carolinians have had the opportunity to obtain the education and training they need to realize their full potential. I thank Dr. Ralls for his years of service to the state of North Carolina and wish him the very best as he assumes the helm at NVCC. ____________________",,"[Congressional Record Volume 161, Number 123 (Friday, July 31, 2015)] [Extensions of Remarks] [Page E1194] From the Congressional Record Online through the Government Publishing Office [ www.gpo.gov ] HONORING DR. R. SCOTT RALLS, RETIRING PRESIDENT OF THE NORTH CAROLINA COMMUNITY COLLEGE SYSTEM ______ HON. DAVID E. PRICE of north carolina in the house of representatives Friday, July 31, 2015 Mr. PRICE of North Carolina. Mr. Speaker, I rise today to recognize Dr. Scott Ralls, the seventh president of the North Carolina Community College System, who stepped down as president of the system this summer after seven years of service. North Carolina's community college system is one of the state's greatest educational assets. It is one of the nation's largest community college systems, and its reach is extensive, with most North Carolinians residing within 30 miles of one of its 58 colleges. The system serves more than 850,000 individuals annually, with 321,000 students in degree, certificate and curriculum programs and almost 500,000 students taking continuing education classes. Some 40 percent of the state's wage earners today have received some education or training at a North Carolina community college in the past 10 years. Dr. Ralls was an exemplary president, carrying on the fine tradition of leadership of his predecessor, and our former House colleague, Martin Lancaster. Taking the helm in 2008, President Ralls' tenure began just as the recession hit and the state's unemployment rate began to soar. During the first three years of his presidency, displaced workers flocked to the state's community colleges; the system's enrollment grew 28 percent from 2007 to 2010. At the same time, the system weathered a budget crunch, all the while embarking on a strategy to revamp curriculum, improve completion rates, and forge new transfer agreements with the state's university system. Even with these challenges, Dr. Ralls helped the System obtain international recognition for its efforts to foster economic and workforce development. Ralls's efforts included expanding health care programs, reenergizing technical education, strengthening the connection between economic and workforce development, and furthering strong partnerships between public schools, community colleges and the University of North Carolina System to promote seamless education pathways. President Ralls also focused efforts on improving student success. He was an early champion for early college high schools, and today, North Carolina hosts one-third of all early colleges in the U.S.--the vast majority located on the campuses of community colleges. In addition, in 2009, under Dr. Ralls's leadership, the North Carolina Community College System initiated a comprehensive set of strategic initiatives focused on student success and program completion entitled SuccessNC, consolidating curriculums into 32 critical growth areas for North Carolina's economy and providing students with opportunities to earn industry-recognized, stackable credentials, resulting in a more competitive workforce. The Brookings Institution and the Rockefeller Foundation recognized this model in describing one of the most ``forward-thinking economy-shifting efforts underway in America's state and metropolitan areas.'' During his tenure, President Ralls was elected by national peers to be the President of the National Association of Industry-Specific Training Directors. He also led a state task force responsible for creating policies and procedures for the New and Expanding Industry Training Program, which resulted in a 16% reduction in expenditures and 11% increase in total training projects. Further, he chaired a task force on workplace safety training and generated new policies for administering the NC Worker Training Tax Credit Program. Dr. Ralls serves on several national and state boards and commissions and is the Chair of the National Council of State Directors of Community Colleges. He has earned a number of awards and honors, including a Certificate of Appreciation from the U.S. Department of Commerce (1995), and a Certificate of Appreciation from the NC Rural Prosperity Task Force (2000). He was also awarded the 2006 Freedom Fund Award from the Craven County NAACP, and was dubbed a 2007-2008 Impact Business Leader by the Charlotte Business Leader Magazine. Prior to serving as the North Carolina Community College System President, Dr. Ralls was president of Craven Community College in New Bern and Havelock. This makes him only the second former North Carolina community college president to hold the System presidency, and he is leaving to once again assume the presidency of a fine institution, the Northern Virginia Community College (NVCC). While at Craven, he led efforts to support college enrollment growth, while facing significant impacts of military deployment. At Craven, Ralls led in establishing workforce development programs in targeted industry sectors; helped create Craven Early College; initiated University Connections to foster on-site and on-line degree completion opportunities, and fostered an Undergraduate Engineering Education partnership with N.C. State College of Engineering. Dr. Ralls, a leader of national distinction, is also an approachable, collaborative person who has been a delight for me and others to work with personally. He guided North Carolina's community colleges through the economic downturn and state budget cuts and oversaw a period of remarkable growth. Thanks to his tireless efforts, thousands of North Carolinians have had the opportunity to obtain the education and training they need to realize their full potential. I thank Dr. Ralls for his years of service to the state of North Carolina and wish him the very best as he assumes the helm at NVCC. ____________________",https://api.govinfo.gov/related/CREC-2015-07-31-pt1-PgE1194,CREC,Proceedings of Congress and General Congressional Publications,2025-03-07T17:29:04Z,Congressional Record,package_114_122.csv,5835,0,5835,"[congressional record volume 161, number 123 (friday, july 31, 2015)] [extensions of remarks] [page e1194] from the congressional record online through the government publishing office [ www.gpo.gov ] honoring dr. r. scott ralls, retiring president of the north carolina community college system ______ hon. david e. price of north carolina in the house of representatives friday, july 31, 2015 mr. price of north carolina. mr. speaker, i rise today to recognize dr. scott ralls, the seventh president of the north carolina community college system, who stepped down as president of the system this summer after seven years of service. north carolina's community college system is one of the state's greatest educational assets. it is one of the nation's largest community college systems, and its reach is extensive, with most north carolinians residing within 30 miles of one of its 58 colleges. the system serves more than 850,000 individuals annually, with 321,000 students in degree, certificate and curriculum programs and almost 500,000 students taking continuing education classes. some 40 percent of the state's wage earners today have received some education or training at a north carolina community college in the past 10 years. dr. ralls was an exemplary president, carrying on the fine tradition of leadership of his predecessor, and our former house colleague, martin lancaster. taking the helm in 2008, president ralls' tenure began just as the recession hit and the state's unemployment rate began to soar. during the first three years of his presidency, displaced workers flocked to the state's community colleges; the system's enrollment grew 28 percent from 2007 to 2010. at the same time, the system weathered a budget crunch, all the while embarking on a strategy to revamp curriculum, improve completion rates, and forge new transfer agreements with the state's university system. even with these challenges, dr. ralls helped the system obtain international recognition for its efforts to foster economic and workforce development. ralls's efforts included expanding health care programs, reenergizing technical education, strengthening the connection between economic and workforce development, and furthering strong partnerships between public schools, community colleges and the university of north carolina system to promote seamless education pathways. president ralls also focused efforts on improving student success. he was an early champion for early college high schools, and today, north carolina hosts one-third of all early colleges in the u.s.--the vast majority located on the campuses of community colleges. in addition, in 2009, under dr. ralls's leadership, the north carolina community college system initiated a comprehensive set of strategic initiatives focused on student success and program completion entitled successnc, consolidating curriculums into 32 critical growth areas for north carolina's economy and providing students with opportunities to earn industry-recognized, stackable credentials, resulting in a more competitive workforce. the brookings institution and the rockefeller foundation recognized this model in describing one of the most ``forward-thinking economy-shifting efforts underway in america's state and metropolitan areas.'' during his tenure, president ralls was elected by national peers to be the president of the national association of industry-specific training directors. he also led a state task force responsible for creating policies and procedures for the new and expanding industry training program, which resulted in a 16% reduction in expenditures and 11% increase in total training projects. further, he chaired a task force on workplace safety training and generated new policies for administering the nc worker training tax credit program. dr. ralls serves on several national and state boards and commissions and is the chair of the national council of state directors of community colleges. he has earned a number of awards and honors, including a certificate of appreciation from the u.s. department of commerce (1995), and a certificate of appreciation from the nc rural prosperity task force (2000). he was also awarded the 2006 freedom fund award from the craven county naacp, and was dubbed a 2007-2008 impact business leader by the charlotte business leader magazine. prior to serving as the north carolina community college system president, dr. ralls was president of craven community college in new bern and havelock. this makes him only the second former north carolina community college president to hold the system presidency, and he is leaving to once again assume the presidency of a fine institution, the northern virginia community college (nvcc). while at craven, he led efforts to support college enrollment growth, while facing significant impacts of military deployment. at craven, ralls led in establishing workforce development programs in targeted industry sectors; helped create craven early college; initiated university connections to foster on-site and on-line degree completion opportunities, and fostered an undergraduate engineering education partnership with n.c. state college of engineering. dr. ralls, a leader of national distinction, is also an approachable, collaborative person who has been a delight for me and others to work with personally. he guided north carolina's community colleges through the economic downturn and state budget cuts and oversaw a period of remarkable growth. thanks to his tireless efforts, thousands of north carolinians have had the opportunity to obtain the education and training they need to realize their full potential. i thank dr. ralls for his years of service to the state of north carolina and wish him the very best as he assumes the helm at nvcc. ____________________",5835
CREC-2015-07-31-pt1-PgE1195-2,CREC-2015-07-31,2015-07-31,COMMEMORATING 50TH ANNIVERSARY OF MEDICARE AND MEDICAID,CREC,EXTENSIONS,E,E,1,https://www.govinfo.gov/app/details/CREC-2015-07-31/CREC-2015-07-31-pt1-PgE1195-2,https://api.govinfo.gov/packages/CREC-2015-07-31/granules/CREC-2015-07-31-pt1-PgE1195-2/htm,https://api.govinfo.gov/packages/CREC-2015-07-31/granules/CREC-2015-07-31-pt1-PgE1195-2/pdf,https://api.govinfo.gov/packages/CREC-2015-07-31/summary,"[Congressional Record Volume 161, Number 123 (Friday, July 31, 2015)] [Extensions of Remarks] [Pages E1195-E1196] From the Congressional Record Online through the Government Publishing Office [ www.gpo.gov ] COMMEMORATING 50TH ANNIVERSARY OF MEDICARE AND MEDICAID ______ HON. SHEILA JACKSON LEE of texas in the house of representatives Friday, July 31, 2015 Ms. JACKSON LEE. Mr. Speaker, I rise to commemorate the 50th Anniversary of the passage of Medicaid and Medicare, two of the most beneficial and consequential government programs ever launched. On July 30, 1965, President Lyndon B. Johnson signed Medicare and Medicaid into law as part of the Social Security Act and in the process made good on the commitments made by Presidents Theodore Roosevelt, Franklin Roosevelt, Harry Truman, and John Kennedy to provide health security to Americans in their old age. Medicare is a promise kept to those who have contributed a lifetime to our nation to enjoy their golden years with peace of mind and the security of reliable, affordable, and high quality healthcare. Likewise, Medicaid created a crucial partnership between the government and the people to provide a basic health care safety net for the most vulnerable Americans: children of adults with low incomes, persons with disabilities, and the poor. Mr. Speaker, half a century later, the legacy of these programs have proven how effective and critical government action can be to the life and well-being of our nation's most vulnerable. In 1965, almost half of all Americans aged 65 and older had no health coverage, living in fear that the colossal healthcare costs would drive them and their families into poverty. Today, because of Medicare, over 98% of seniors have health insurance, which has led to a five-year increase in life expectancy for those over 65. Today, 55 million Americans rely on Medicare for health care, ranging from preventive services, hospital visits, lab tests, to critical medical supplies, and prescription drugs. It is difficult for some to imagine what 1965 was really like, when today affordable, accessible and available health insurance is a reality for so many people living with disabilities. Before Medicaid was enacted children from poor families, pregnant women, and low-income working Americans were not able to afford even the most basic medical care they needed to remain healthy and productive. When the legislation was first passed, many claimed that Medicaid would not live up to its promise; but today, because of expansion of Medicaid through passage of the Affordable Care Act the program provides comprehensive coverage for over 70 million children, pregnant women, low-income adults, and people living with disabilities. Mr. Speaker, it cannot be seriously disputed that Medicare and Medicaid have changed our country and made it better. In my home state of Texas and in communities across the country, both programs have significantly changed the lives and improved health outcomes of many Americans over the past century and represent the best of American values. Unfortunately, Texas has the highest percentage of uninsured (27.6%) in the nation, [[Page E1196]] 4% more than Louisiana the next state on the list and Texas' refusal to participate in the Medicaid expansion created by the Affordable Care act puts the poor residents in my state in jeopardy. So the 50th anniversary of Medicaid is bittersweet for Texans because while we celebrate a program that has saved lives, helped people live longer, expanded care to marginalized communities, and reduced disparities in access to healthcare, thousands of low income Texans still do not have the peace of mind that comes with access to affordable, quality health care enjoyed by low-income residents of states that have expanded their Medicaid program with funds made possible by the Affordable Care Act. In the 18th Congressional District of Texas there are 195,400 persons with Medicaid and 74,704 with medical care provided by Medicare. Mr. Speaker, my constituents favor the Affordable Care Act because they understand the insecurity and feeling of helplessness of being uninsured or underinsured. Like Medicare and Medicaid, the Affordable Care Act, or ``Obamacare,'' was vehemently opposed and derided by its adversaries, who said it was too costly, would not work, was unnecessary, or would change the character of America for the worse. Like the critics of Social Security, Medicare, and the G.I. Bill, all of whom are silent now, they are wrong. The Affordable Care Act has been an unqualified success. This historic legislation has extended affordable health coverage to tens of millions of Americans, and has helped to bring peace of mind to many of those for whom relief seemed far out of reach. The Affordable Care Act was driven by a simple premise: that citizens of the most prosperous nation on earth should not be forced to choose between their health and their financial security. Since the passage of the ACA in 2010, the number of uninsured Americans has fallen by nearly one-third, or roughly 16 million people. These Americans come from all walks of life. They are women, who can no longer be denied coverage or be force to pay exorbitant amounts for coverage simply because of their sex. There are nine million seniors and persons with disabilities, who have saved an average of $1,600 on expensive and lifesaving prescription medication. And they are this country's most at risk citizens; people who are working hard and struggling to make ends meet while living in near- poverty, and who have been covered by Medicaid expansion in 27 states and the District of Columbia. These benefits have been felt across the country, especially in my home state of Texas: 1. 10.7 million individuals with pre-existing conditions such as asthma, cancer, or diabetes--including up to 1,632,000 children--no longer have to worry about being denied coverage or charged higher prices because of their health status or history; 2. 4.9 million uninsured Texans have new health insurance options through Medicaid or private health plans in the ACA Marketplace; and 3. 5.2 million persons on private insurance have gained coverage for at least one free preventive health care service such as a mammogram, birth control, or an immunization in 2011 and 2012. In addition to the tangible healthcare benefits for millions of families, the ACA has had powerful effects on the financial state of our nation. Since the passage of the Affordable Care Act, we have extended the solvency of the Medicare Trust fund by more than a decade, and helped save taxpayers $116 billion through new Medicare efficiencies. The Department of Health and Human Services has estimated that hospitals saved more than $5.7 billion in costs that would have normally gone unpaid by patients without insurance. Contrary to the claims of the law's critics, private insurance companies have leaped at the opportunity to compete for business among the newly insured, and the healthcare industry has boomed. Through all of these successes, however, House Republicans remain obsessed with destroying this law, and with unraveling the security it provides to millions of Americans. Medicare and Medicaid also continue to drive innovation and set the standard for coverage, quality, and innovation in American healthcare. Mr. Speaker, Medicare and Medicaid continue to play crucial roles in providing equitable and affordable healthcare, leading innovation in payment and delivery reform, carrying out outreach to the most vulnerable communities, and reshaping the delivery of care for the future. Because of these programs, more Americans have access to affordable, equitable health care today than at any point in our history. And I am committed to making sure that number will continue to grow. On this 50th anniversary of Medicare and Medicaid, we should remember that a healthy America is a prosperous America. And as we look ahead to the next half century, we can celebrate that what was put in place in 1965 has given us the foundation for a healthy and prosperous future for all Americans. ____________________",,"[Congressional Record Volume 161, Number 123 (Friday, July 31, 2015)] [Extensions of Remarks] [Pages E1195-E1196] From the Congressional Record Online through the Government Publishing Office [ www.gpo.gov ] COMMEMORATING 50TH ANNIVERSARY OF MEDICARE AND MEDICAID ______ HON. SHEILA JACKSON LEE of texas in the house of representatives Friday, July 31, 2015 Ms. JACKSON LEE. Mr. Speaker, I rise to commemorate the 50th Anniversary of the passage of Medicaid and Medicare, two of the most beneficial and consequential government programs ever launched. On July 30, 1965, President Lyndon B. Johnson signed Medicare and Medicaid into law as part of the Social Security Act and in the process made good on the commitments made by Presidents Theodore Roosevelt, Franklin Roosevelt, Harry Truman, and John Kennedy to provide health security to Americans in their old age. Medicare is a promise kept to those who have contributed a lifetime to our nation to enjoy their golden years with peace of mind and the security of reliable, affordable, and high quality healthcare. Likewise, Medicaid created a crucial partnership between the government and the people to provide a basic health care safety net for the most vulnerable Americans: children of adults with low incomes, persons with disabilities, and the poor. Mr. Speaker, half a century later, the legacy of these programs have proven how effective and critical government action can be to the life and well-being of our nation's most vulnerable. In 1965, almost half of all Americans aged 65 and older had no health coverage, living in fear that the colossal healthcare costs would drive them and their families into poverty. Today, because of Medicare, over 98% of seniors have health insurance, which has led to a five-year increase in life expectancy for those over 65. Today, 55 million Americans rely on Medicare for health care, ranging from preventive services, hospital visits, lab tests, to critical medical supplies, and prescription drugs. It is difficult for some to imagine what 1965 was really like, when today affordable, accessible and available health insurance is a reality for so many people living with disabilities. Before Medicaid was enacted children from poor families, pregnant women, and low-income working Americans were not able to afford even the most basic medical care they needed to remain healthy and productive. When the legislation was first passed, many claimed that Medicaid would not live up to its promise; but today, because of expansion of Medicaid through passage of the Affordable Care Act the program provides comprehensive coverage for over 70 million children, pregnant women, low-income adults, and people living with disabilities. Mr. Speaker, it cannot be seriously disputed that Medicare and Medicaid have changed our country and made it better. In my home state of Texas and in communities across the country, both programs have significantly changed the lives and improved health outcomes of many Americans over the past century and represent the best of American values. Unfortunately, Texas has the highest percentage of uninsured (27.6%) in the nation, [[Page E1196]] 4% more than Louisiana the next state on the list and Texas' refusal to participate in the Medicaid expansion created by the Affordable Care act puts the poor residents in my state in jeopardy. So the 50th anniversary of Medicaid is bittersweet for Texans because while we celebrate a program that has saved lives, helped people live longer, expanded care to marginalized communities, and reduced disparities in access to healthcare, thousands of low income Texans still do not have the peace of mind that comes with access to affordable, quality health care enjoyed by low-income residents of states that have expanded their Medicaid program with funds made possible by the Affordable Care Act. In the 18th Congressional District of Texas there are 195,400 persons with Medicaid and 74,704 with medical care provided by Medicare. Mr. Speaker, my constituents favor the Affordable Care Act because they understand the insecurity and feeling of helplessness of being uninsured or underinsured. Like Medicare and Medicaid, the Affordable Care Act, or ``Obamacare,'' was vehemently opposed and derided by its adversaries, who said it was too costly, would not work, was unnecessary, or would change the character of America for the worse. Like the critics of Social Security, Medicare, and the G.I. Bill, all of whom are silent now, they are wrong. The Affordable Care Act has been an unqualified success. This historic legislation has extended affordable health coverage to tens of millions of Americans, and has helped to bring peace of mind to many of those for whom relief seemed far out of reach. The Affordable Care Act was driven by a simple premise: that citizens of the most prosperous nation on earth should not be forced to choose between their health and their financial security. Since the passage of the ACA in 2010, the number of uninsured Americans has fallen by nearly one-third, or roughly 16 million people. These Americans come from all walks of life. They are women, who can no longer be denied coverage or be force to pay exorbitant amounts for coverage simply because of their sex. There are nine million seniors and persons with disabilities, who have saved an average of $1,600 on expensive and lifesaving prescription medication. And they are this country's most at risk citizens; people who are working hard and struggling to make ends meet while living in near- poverty, and who have been covered by Medicaid expansion in 27 states and the District of Columbia. These benefits have been felt across the country, especially in my home state of Texas: 1. 10.7 million individuals with pre-existing conditions such as asthma, cancer, or diabetes--including up to 1,632,000 children--no longer have to worry about being denied coverage or charged higher prices because of their health status or history; 2. 4.9 million uninsured Texans have new health insurance options through Medicaid or private health plans in the ACA Marketplace; and 3. 5.2 million persons on private insurance have gained coverage for at least one free preventive health care service such as a mammogram, birth control, or an immunization in 2011 and 2012. In addition to the tangible healthcare benefits for millions of families, the ACA has had powerful effects on the financial state of our nation. Since the passage of the Affordable Care Act, we have extended the solvency of the Medicare Trust fund by more than a decade, and helped save taxpayers $116 billion through new Medicare efficiencies. The Department of Health and Human Services has estimated that hospitals saved more than $5.7 billion in costs that would have normally gone unpaid by patients without insurance. Contrary to the claims of the law's critics, private insurance companies have leaped at the opportunity to compete for business among the newly insured, and the healthcare industry has boomed. Through all of these successes, however, House Republicans remain obsessed with destroying this law, and with unraveling the security it provides to millions of Americans. Medicare and Medicaid also continue to drive innovation and set the standard for coverage, quality, and innovation in American healthcare. Mr. Speaker, Medicare and Medicaid continue to play crucial roles in providing equitable and affordable healthcare, leading innovation in payment and delivery reform, carrying out outreach to the most vulnerable communities, and reshaping the delivery of care for the future. Because of these programs, more Americans have access to affordable, equitable health care today than at any point in our history. And I am committed to making sure that number will continue to grow. On this 50th anniversary of Medicare and Medicaid, we should remember that a healthy America is a prosperous America. And as we look ahead to the next half century, we can celebrate that what was put in place in 1965 has given us the foundation for a healthy and prosperous future for all Americans. ____________________",https://api.govinfo.gov/related/CREC-2015-07-31-pt1-PgE1195-2,CREC,Proceedings of Congress and General Congressional Publications,2025-03-07T17:29:04Z,Congressional Record,package_114_122.csv,8149,0,8149,"[congressional record volume 161, number 123 (friday, july 31, 2015)] [extensions of remarks] [pages e1195-e1196] from the congressional record online through the government publishing office [ www.gpo.gov ] commemorating 50th anniversary of medicare and medicaid ______ hon. sheila jackson lee of texas in the house of representatives friday, july 31, 2015 ms. jackson lee. mr. speaker, i rise to commemorate the 50th anniversary of the passage of medicaid and medicare, two of the most beneficial and consequential government programs ever launched. on july 30, 1965, president lyndon b. johnson signed medicare and medicaid into law as part of the social security act and in the process made good on the commitments made by presidents theodore roosevelt, franklin roosevelt, harry truman, and john kennedy to provide health security to americans in their old age. medicare is a promise kept to those who have contributed a lifetime to our nation to enjoy their golden years with peace of mind and the security of reliable, affordable, and high quality healthcare. likewise, medicaid created a crucial partnership between the government and the people to provide a basic health care safety net for the most vulnerable americans: children of adults with low incomes, persons with disabilities, and the poor. mr. speaker, half a century later, the legacy of these programs have proven how effective and critical government action can be to the life and well-being of our nation's most vulnerable. in 1965, almost half of all americans aged 65 and older had no health coverage, living in fear that the colossal healthcare costs would drive them and their families into poverty. today, because of medicare, over 98% of seniors have health insurance, which has led to a five-year increase in life expectancy for those over 65. today, 55 million americans rely on medicare for health care, ranging from preventive services, hospital visits, lab tests, to critical medical supplies, and prescription drugs. it is difficult for some to imagine what 1965 was really like, when today affordable, accessible and available health insurance is a reality for so many people living with disabilities. before medicaid was enacted children from poor families, pregnant women, and low-income working americans were not able to afford even the most basic medical care they needed to remain healthy and productive. when the legislation was first passed, many claimed that medicaid would not live up to its promise; but today, because of expansion of medicaid through passage of the affordable care act the program provides comprehensive coverage for over 70 million children, pregnant women, low-income adults, and people living with disabilities. mr. speaker, it cannot be seriously disputed that medicare and medicaid have changed our country and made it better. in my home state of texas and in communities across the country, both programs have significantly changed the lives and improved health outcomes of many americans over the past century and represent the best of american values. unfortunately, texas has the highest percentage of uninsured (27.6%) in the nation, [[page e1196]] 4% more than louisiana the next state on the list and texas' refusal to participate in the medicaid expansion created by the affordable care act puts the poor residents in my state in jeopardy. so the 50th anniversary of medicaid is bittersweet for texans because while we celebrate a program that has saved lives, helped people live longer, expanded care to marginalized communities, and reduced disparities in access to healthcare, thousands of low income texans still do not have the peace of mind that comes with access to affordable, quality health care enjoyed by low-income residents of states that have expanded their medicaid program with funds made possible by the affordable care act. in the 18th congressional district of texas there are 195,400 persons with medicaid and 74,704 with medical care provided by medicare. mr. speaker, my constituents favor the affordable care act because they understand the insecurity and feeling of helplessness of being uninsured or underinsured. like medicare and medicaid, the affordable care act, or ``obamacare,'' was vehemently opposed and derided by its adversaries, who said it was too costly, would not work, was unnecessary, or would change the character of america for the worse. like the critics of social security, medicare, and the g.i. bill, all of whom are silent now, they are wrong. the affordable care act has been an unqualified success. this historic legislation has extended affordable health coverage to tens of millions of americans, and has helped to bring peace of mind to many of those for whom relief seemed far out of reach. the affordable care act was driven by a simple premise: that citizens of the most prosperous nation on earth should not be forced to choose between their health and their financial security. since the passage of the aca in 2010, the number of uninsured americans has fallen by nearly one-third, or roughly 16 million people. these americans come from all walks of life. they are women, who can no longer be denied coverage or be force to pay exorbitant amounts for coverage simply because of their sex. there are nine million seniors and persons with disabilities, who have saved an average of $1,600 on expensive and lifesaving prescription medication. and they are this country's most at risk citizens; people who are working hard and struggling to make ends meet while living in near- poverty, and who have been covered by medicaid expansion in 27 states and the district of columbia. these benefits have been felt across the country, especially in my home state of texas: 1. 10.7 million individuals with pre-existing conditions such as asthma, cancer, or diabetes--including up to 1,632,000 children--no longer have to worry about being denied coverage or charged higher prices because of their health status or history; 2. 4.9 million uninsured texans have new health insurance options through medicaid or private health plans in the aca marketplace; and 3. 5.2 million persons on private insurance have gained coverage for at least one free preventive health care service such as a mammogram, birth control, or an immunization in 2011 and 2012. in addition to the tangible healthcare benefits for millions of families, the aca has had powerful effects on the financial state of our nation. since the passage of the affordable care act, we have extended the solvency of the medicare trust fund by more than a decade, and helped save taxpayers $116 billion through new medicare efficiencies. the department of health and human services has estimated that hospitals saved more than $5.7 billion in costs that would have normally gone unpaid by patients without insurance. contrary to the claims of the law's critics, private insurance companies have leaped at the opportunity to compete for business among the newly insured, and the healthcare industry has boomed. through all of these successes, however, house republicans remain obsessed with destroying this law, and with unraveling the security it provides to millions of americans. medicare and medicaid also continue to drive innovation and set the standard for coverage, quality, and innovation in american healthcare. mr. speaker, medicare and medicaid continue to play crucial roles in providing equitable and affordable healthcare, leading innovation in payment and delivery reform, carrying out outreach to the most vulnerable communities, and reshaping the delivery of care for the future. because of these programs, more americans have access to affordable, equitable health care today than at any point in our history. and i am committed to making sure that number will continue to grow. on this 50th anniversary of medicare and medicaid, we should remember that a healthy america is a prosperous america. and as we look ahead to the next half century, we can celebrate that what was put in place in 1965 has given us the foundation for a healthy and prosperous future for all americans. ____________________",8149
CREC-2015-07-31-pt1-PgE1194-2,CREC-2015-07-31,2015-07-31,RECOGNIZING RECIPIENTS OF THE 2015 BEST OF BRADDOCK AWARDS,CREC,EXTENSIONS,E,E,1,https://www.govinfo.gov/app/details/CREC-2015-07-31/CREC-2015-07-31-pt1-PgE1194-2,https://api.govinfo.gov/packages/CREC-2015-07-31/granules/CREC-2015-07-31-pt1-PgE1194-2/htm,https://api.govinfo.gov/packages/CREC-2015-07-31/granules/CREC-2015-07-31-pt1-PgE1194-2/pdf,https://api.govinfo.gov/packages/CREC-2015-07-31/summary,"[Congressional Record Volume 161, Number 123 (Friday, July 31, 2015)] [Extensions of Remarks] [Pages E1194-E1195] From the Congressional Record Online through the Government Publishing Office [ www.gpo.gov ] RECOGNIZING RECIPIENTS OF THE 2015 BEST OF BRADDOCK AWARDS ______ HON. GERALD E. CONNOLLY of virginia in the house of representatives Friday, July 31, 2015 Mr. CONNOLLY. Mr. Speaker, I rise to recognize the recipients of the 2015 Best of Braddock Awards, presented by the Braddock District Council of Community Associations. These awards are given annually to deserving individuals, organizations, and companies in the Braddock Magisterial District of Fairfax County, Virginia, who have demonstrated an outstanding commitment to our community. [[Page E1195]] The goal of the Braddock District Council is to promote the civic, community, and general welfare of the citizens of the Braddock District. The Council represents the interests of community associations, facilitates cooperation and coordination between associations, and provides a path of communications between associations and officials or elected representatives of the Braddock District. I am pleased to join the Braddock District Council of Community Associations in recognizing the following Recipients of the 2015 Best of Braddock Awards: Citizens of the Year: Amy Zydel for her selfless devotion of time and talent to foster care children and foster care parents in the Braddock District and all of Fairfax County. She also is a key supporter of ``Let's Help Kids,'' a local charity aimed at giving a helping hand to elementary school children whose parents are suffering financial hardship. Duwain Ketch for his many years of working with the Kings Park and Burke Centre Libraries. He currently serves on the Executive Board of the Fairfax Library Foundation and heads the Foundation's Scholarship Committee. Mr. Ketch previously has served as a member of the Burke Centre Conservancy Board of Trustees, and he is a member of the Rotary Club of Burke. Young Person of the Year: Jonathan McCarty--a member of Boy Scout Troop 1115--for his Eagle Scout project. Jonathan led a group of volunteers in completing trail improvements in Accotink Park by digging a ditch next to the trail which will help reduce the amount of standing water on the trail after rainstorms. All of the work was done by hand because it is located in an area of archeological importance. Most ``Can-Do'' Public Employee: Dennis Barton of the Fairfax County Park Authority (FCPA) for volunteering to work overtime with Jonathan McCarty to haul away thirteen cubic feet of dirt that was removed when digging a trail ditch. Without his help, the project couldn't have been completed. Club or Organization Making a Difference in the Braddock District: Friends of Long Branch Stream Valley. Less than a year old, this group organized itself for the express purpose of improving both environmental and recreational opportunities in the Long Branch Stream Valley, a part of the Accotink Watershed. Neighborhood Enhancement or Beautification in the Braddock District (2 honorees): The Commonwealth Swim Club. When declining membership and tight budgets caused the pool board to cut back on grounds maintenance funds, the grounds began to show signs of neglect. James Watkins, a member of the club and a handyman, offered his time and resources to remedy the problems. He repaired the entrance to the pool, restored the primary storm water runoff channel, installed new lighting, and landscaped and beautified the area leading to the clubhouse. Kings Park West Townhouses HOA. When Marilyn Stoney's property began experiencing flooding, she came to the board with a simple request which led to a community-wide storm water management project. Ms. Stoney volunteered her experience as a program manager to research the problems, develop solutions, solicit bids, oversee the work, and obtain a grant to assist with replanting once construction was completed. A dozen members of the community assisted with the planting. Special Recognition also is being given to the employees of the Fairfax County Park Authority who worked with the residents of Olde Forge/Surrey Square to build the new community playground. Mr. Speaker, I ask my colleagues to join me in congratulating these outstanding residents and organizations and also in thanking them for their service to our community. Their efforts and leadership have been a great benefit to the Braddock District and are deserving of our highest praise. ____________________",,"[Congressional Record Volume 161, Number 123 (Friday, July 31, 2015)] [Extensions of Remarks] [Pages E1194-E1195] From the Congressional Record Online through the Government Publishing Office [ www.gpo.gov ] RECOGNIZING RECIPIENTS OF THE 2015 BEST OF BRADDOCK AWARDS ______ HON. GERALD E. CONNOLLY of virginia in the house of representatives Friday, July 31, 2015 Mr. CONNOLLY. Mr. Speaker, I rise to recognize the recipients of the 2015 Best of Braddock Awards, presented by the Braddock District Council of Community Associations. These awards are given annually to deserving individuals, organizations, and companies in the Braddock Magisterial District of Fairfax County, Virginia, who have demonstrated an outstanding commitment to our community. [[Page E1195]] The goal of the Braddock District Council is to promote the civic, community, and general welfare of the citizens of the Braddock District. The Council represents the interests of community associations, facilitates cooperation and coordination between associations, and provides a path of communications between associations and officials or elected representatives of the Braddock District. I am pleased to join the Braddock District Council of Community Associations in recognizing the following Recipients of the 2015 Best of Braddock Awards: Citizens of the Year: Amy Zydel for her selfless devotion of time and talent to foster care children and foster care parents in the Braddock District and all of Fairfax County. She also is a key supporter of ``Let's Help Kids,'' a local charity aimed at giving a helping hand to elementary school children whose parents are suffering financial hardship. Duwain Ketch for his many years of working with the Kings Park and Burke Centre Libraries. He currently serves on the Executive Board of the Fairfax Library Foundation and heads the Foundation's Scholarship Committee. Mr. Ketch previously has served as a member of the Burke Centre Conservancy Board of Trustees, and he is a member of the Rotary Club of Burke. Young Person of the Year: Jonathan McCarty--a member of Boy Scout Troop 1115--for his Eagle Scout project. Jonathan led a group of volunteers in completing trail improvements in Accotink Park by digging a ditch next to the trail which will help reduce the amount of standing water on the trail after rainstorms. All of the work was done by hand because it is located in an area of archeological importance. Most ``Can-Do'' Public Employee: Dennis Barton of the Fairfax County Park Authority (FCPA) for volunteering to work overtime with Jonathan McCarty to haul away thirteen cubic feet of dirt that was removed when digging a trail ditch. Without his help, the project couldn't have been completed. Club or Organization Making a Difference in the Braddock District: Friends of Long Branch Stream Valley. Less than a year old, this group organized itself for the express purpose of improving both environmental and recreational opportunities in the Long Branch Stream Valley, a part of the Accotink Watershed. Neighborhood Enhancement or Beautification in the Braddock District (2 honorees): The Commonwealth Swim Club. When declining membership and tight budgets caused the pool board to cut back on grounds maintenance funds, the grounds began to show signs of neglect. James Watkins, a member of the club and a handyman, offered his time and resources to remedy the problems. He repaired the entrance to the pool, restored the primary storm water runoff channel, installed new lighting, and landscaped and beautified the area leading to the clubhouse. Kings Park West Townhouses HOA. When Marilyn Stoney's property began experiencing flooding, she came to the board with a simple request which led to a community-wide storm water management project. Ms. Stoney volunteered her experience as a program manager to research the problems, develop solutions, solicit bids, oversee the work, and obtain a grant to assist with replanting once construction was completed. A dozen members of the community assisted with the planting. Special Recognition also is being given to the employees of the Fairfax County Park Authority who worked with the residents of Olde Forge/Surrey Square to build the new community playground. Mr. Speaker, I ask my colleagues to join me in congratulating these outstanding residents and organizations and also in thanking them for their service to our community. Their efforts and leadership have been a great benefit to the Braddock District and are deserving of our highest praise. ____________________",https://api.govinfo.gov/related/CREC-2015-07-31-pt1-PgE1194-2,CREC,Proceedings of Congress and General Congressional Publications,2025-03-07T17:29:04Z,Congressional Record,package_114_122.csv,4559,0,4559,"[congressional record volume 161, number 123 (friday, july 31, 2015)] [extensions of remarks] [pages e1194-e1195] from the congressional record online through the government publishing office [ www.gpo.gov ] recognizing recipients of the 2015 best of braddock awards ______ hon. gerald e. connolly of virginia in the house of representatives friday, july 31, 2015 mr. connolly. mr. speaker, i rise to recognize the recipients of the 2015 best of braddock awards, presented by the braddock district council of community associations. these awards are given annually to deserving individuals, organizations, and companies in the braddock magisterial district of fairfax county, virginia, who have demonstrated an outstanding commitment to our community. [[page e1195]] the goal of the braddock district council is to promote the civic, community, and general welfare of the citizens of the braddock district. the council represents the interests of community associations, facilitates cooperation and coordination between associations, and provides a path of communications between associations and officials or elected representatives of the braddock district. i am pleased to join the braddock district council of community associations in recognizing the following recipients of the 2015 best of braddock awards: citizens of the year: amy zydel for her selfless devotion of time and talent to foster care children and foster care parents in the braddock district and all of fairfax county. she also is a key supporter of ``let's help kids,'' a local charity aimed at giving a helping hand to elementary school children whose parents are suffering financial hardship. duwain ketch for his many years of working with the kings park and burke centre libraries. he currently serves on the executive board of the fairfax library foundation and heads the foundation's scholarship committee. mr. ketch previously has served as a member of the burke centre conservancy board of trustees, and he is a member of the rotary club of burke. young person of the year: jonathan mccarty--a member of boy scout troop 1115--for his eagle scout project. jonathan led a group of volunteers in completing trail improvements in accotink park by digging a ditch next to the trail which will help reduce the amount of standing water on the trail after rainstorms. all of the work was done by hand because it is located in an area of archeological importance. most ``can-do'' public employee: dennis barton of the fairfax county park authority (fcpa) for volunteering to work overtime with jonathan mccarty to haul away thirteen cubic feet of dirt that was removed when digging a trail ditch. without his help, the project couldn't have been completed. club or organization making a difference in the braddock district: friends of long branch stream valley. less than a year old, this group organized itself for the express purpose of improving both environmental and recreational opportunities in the long branch stream valley, a part of the accotink watershed. neighborhood enhancement or beautification in the braddock district (2 honorees): the commonwealth swim club. when declining membership and tight budgets caused the pool board to cut back on grounds maintenance funds, the grounds began to show signs of neglect. james watkins, a member of the club and a handyman, offered his time and resources to remedy the problems. he repaired the entrance to the pool, restored the primary storm water runoff channel, installed new lighting, and landscaped and beautified the area leading to the clubhouse. kings park west townhouses hoa. when marilyn stoney's property began experiencing flooding, she came to the board with a simple request which led to a community-wide storm water management project. ms. stoney volunteered her experience as a program manager to research the problems, develop solutions, solicit bids, oversee the work, and obtain a grant to assist with replanting once construction was completed. a dozen members of the community assisted with the planting. special recognition also is being given to the employees of the fairfax county park authority who worked with the residents of olde forge/surrey square to build the new community playground. mr. speaker, i ask my colleagues to join me in congratulating these outstanding residents and organizations and also in thanking them for their service to our community. their efforts and leadership have been a great benefit to the braddock district and are deserving of our highest praise. ____________________",4559
CREC-2015-07-31-pt1-PgE1195,CREC-2015-07-31,2015-07-31,HONORING ALBERT SORANO,CREC,EXTENSIONS,E,E,1,https://www.govinfo.gov/app/details/CREC-2015-07-31/CREC-2015-07-31-pt1-PgE1195,https://api.govinfo.gov/packages/CREC-2015-07-31/granules/CREC-2015-07-31-pt1-PgE1195/htm,https://api.govinfo.gov/packages/CREC-2015-07-31/granules/CREC-2015-07-31-pt1-PgE1195/pdf,https://api.govinfo.gov/packages/CREC-2015-07-31/summary,"[Congressional Record Volume 161, Number 123 (Friday, July 31, 2015)] [Extensions of Remarks] [Page E1195] From the Congressional Record Online through the Government Publishing Office [ www.gpo.gov ] HONORING ALBERT SORANO ______ HON. ELIOT L. ENGEL of new york in the house of representatives Friday, July 31, 2015 Mr. ENGEL. Mr. Speaker, a community is only as strong as the commitments of its citizens to its success. Albert Sorano has been one of those committed citizens, a true visionary in the city of Yonkers. Albert was born in the Bronx and became a communicant of St. Bartholomew's Church. A graduate of New York City Schools, Albert served honorably in the United States Military during the War in Vietnam. Following his service, Albert moved to Yonkers where he became one of the most sought after mentors in the city. Albert dove into serving the Yonkers community by assisting and leading in Career training and Job Placement. He excelled as a major Fundraiser and Event Coordinator for non-profit organizations, including organizing a major fundraising effort to benefit the Ursuline Sisters in New Rochelle. The $125,000 raised was used to establish an infirmary for ill and disabled retired Sisters has been a Yonkers resident for close to 40 years. In 2004, Albert became a strong member of the Exchange Club of Yonkers, rising to the position of President for three terms from July 2006 to June 2009, and has been on the Board of Directors for many years. Albert continued using his gifts to rally the community to fundraise for the Child Abuse Prevention Center in White Plains, College Scholarships for Yonkers High School graduates, the Yonkers 5th Grade City Wide Spelling Bee, and the Freedom Shrine installations in schools, libraries and city facilities with recognition of outstanding private citizens. Albert's greatest commitment however has always been serving the young people in the neighborhood, including those individuals that had been at risk or just released from jail. This year, the Exchange Club of Yonkers is honoring Albert at the club's annual ``Book of Golden Deeds Gala.'' He is incredibly deserving of this recognition, and I count myself fortunate to represent such a fine individual in the Halls of Congress. Congratulations to Albert for receiving this wonderful award. ____________________",,"[Congressional Record Volume 161, Number 123 (Friday, July 31, 2015)] [Extensions of Remarks] [Page E1195] From the Congressional Record Online through the Government Publishing Office [ www.gpo.gov ] HONORING ALBERT SORANO ______ HON. ELIOT L. ENGEL of new york in the house of representatives Friday, July 31, 2015 Mr. ENGEL. Mr. Speaker, a community is only as strong as the commitments of its citizens to its success. Albert Sorano has been one of those committed citizens, a true visionary in the city of Yonkers. Albert was born in the Bronx and became a communicant of St. Bartholomew's Church. A graduate of New York City Schools, Albert served honorably in the United States Military during the War in Vietnam. Following his service, Albert moved to Yonkers where he became one of the most sought after mentors in the city. Albert dove into serving the Yonkers community by assisting and leading in Career training and Job Placement. He excelled as a major Fundraiser and Event Coordinator for non-profit organizations, including organizing a major fundraising effort to benefit the Ursuline Sisters in New Rochelle. The $125,000 raised was used to establish an infirmary for ill and disabled retired Sisters has been a Yonkers resident for close to 40 years. In 2004, Albert became a strong member of the Exchange Club of Yonkers, rising to the position of President for three terms from July 2006 to June 2009, and has been on the Board of Directors for many years. Albert continued using his gifts to rally the community to fundraise for the Child Abuse Prevention Center in White Plains, College Scholarships for Yonkers High School graduates, the Yonkers 5th Grade City Wide Spelling Bee, and the Freedom Shrine installations in schools, libraries and city facilities with recognition of outstanding private citizens. Albert's greatest commitment however has always been serving the young people in the neighborhood, including those individuals that had been at risk or just released from jail. This year, the Exchange Club of Yonkers is honoring Albert at the club's annual ``Book of Golden Deeds Gala.'' He is incredibly deserving of this recognition, and I count myself fortunate to represent such a fine individual in the Halls of Congress. Congratulations to Albert for receiving this wonderful award. ____________________",https://api.govinfo.gov/related/CREC-2015-07-31-pt1-PgE1195,CREC,Proceedings of Congress and General Congressional Publications,2025-03-07T17:29:04Z,Congressional Record,package_114_122.csv,2341,0,2341,"[congressional record volume 161, number 123 (friday, july 31, 2015)] [extensions of remarks] [page e1195] from the congressional record online through the government publishing office [ www.gpo.gov ] honoring albert sorano ______ hon. eliot l. engel of new york in the house of representatives friday, july 31, 2015 mr. engel. mr. speaker, a community is only as strong as the commitments of its citizens to its success. albert sorano has been one of those committed citizens, a true visionary in the city of yonkers. albert was born in the bronx and became a communicant of st. bartholomew's church. a graduate of new york city schools, albert served honorably in the united states military during the war in vietnam. following his service, albert moved to yonkers where he became one of the most sought after mentors in the city. albert dove into serving the yonkers community by assisting and leading in career training and job placement. he excelled as a major fundraiser and event coordinator for non-profit organizations, including organizing a major fundraising effort to benefit the ursuline sisters in new rochelle. the $125,000 raised was used to establish an infirmary for ill and disabled retired sisters has been a yonkers resident for close to 40 years. in 2004, albert became a strong member of the exchange club of yonkers, rising to the position of president for three terms from july 2006 to june 2009, and has been on the board of directors for many years. albert continued using his gifts to rally the community to fundraise for the child abuse prevention center in white plains, college scholarships for yonkers high school graduates, the yonkers 5th grade city wide spelling bee, and the freedom shrine installations in schools, libraries and city facilities with recognition of outstanding private citizens. albert's greatest commitment however has always been serving the young people in the neighborhood, including those individuals that had been at risk or just released from jail. this year, the exchange club of yonkers is honoring albert at the club's annual ``book of golden deeds gala.'' he is incredibly deserving of this recognition, and i count myself fortunate to represent such a fine individual in the halls of congress. congratulations to albert for receiving this wonderful award. ____________________",2341
CREC-2015-07-31-pt1-PgE1196,CREC-2015-07-31,2015-07-31,HONORING BRIGADIER GENERAL DAVID T. BUCKALEW,CREC,EXTENSIONS,E,E,1,https://www.govinfo.gov/app/details/CREC-2015-07-31/CREC-2015-07-31-pt1-PgE1196,https://api.govinfo.gov/packages/CREC-2015-07-31/granules/CREC-2015-07-31-pt1-PgE1196/htm,https://api.govinfo.gov/packages/CREC-2015-07-31/granules/CREC-2015-07-31-pt1-PgE1196/pdf,https://api.govinfo.gov/packages/CREC-2015-07-31/summary,"[Congressional Record Volume 161, Number 123 (Friday, July 31, 2015)] [Extensions of Remarks] [Page E1196] From the Congressional Record Online through the Government Publishing Office [ www.gpo.gov ] HONORING BRIGADIER GENERAL DAVID T. BUCKALEW ______ HON. EVAN H. JENKINS of west virginia in the house of representatives Friday, July 31, 2015 Mr. JENKINS of West Virginia. Mr. Speaker, I rise today to honor the service of Brigadier General David T. Buckalew of the West Virginia National Guard. General Buckalew has served in the West Virginia Air National Guard for more than 40 years, having enlisted in the Guard's 130th Airlift Wing in Charleston, West Virginia in December 1971. After completing his education at West Virginia State University and the Academy of Military Science, General Buckalew returned to West Virginia in December 1983 to serve as a logistics plans officer for the 130th Airlift Wing. General Buckalew continued to serve honorably and was promoted regularly, advancing to the position of Director of Joint Staff in 2011. He has received numerous awards and decorations for his service to our country, including the distinguished Meritorious Service Medal with two Bronze Oak Leaf Clusters. I know the servicemen and women of the West Virginia Air National Guard have been inspired by General Buckalew's character and his commitment to service, and they will miss General Buckalew's presence and tremendous leadership. However, I am certain that the lessons and inspiration that he has bestowed on Guardsmen will continue to have a positive impact on their service to our nation and West Virginia. General Buckalew is one of West Virginia's finest Mountaineers, and I along with many others wish him well in his retirement. Godspeed, General. ____________________",,"[Congressional Record Volume 161, Number 123 (Friday, July 31, 2015)] [Extensions of Remarks] [Page E1196] From the Congressional Record Online through the Government Publishing Office [ www.gpo.gov ] HONORING BRIGADIER GENERAL DAVID T. BUCKALEW ______ HON. EVAN H. JENKINS of west virginia in the house of representatives Friday, July 31, 2015 Mr. JENKINS of West Virginia. Mr. Speaker, I rise today to honor the service of Brigadier General David T. Buckalew of the West Virginia National Guard. General Buckalew has served in the West Virginia Air National Guard for more than 40 years, having enlisted in the Guard's 130th Airlift Wing in Charleston, West Virginia in December 1971. After completing his education at West Virginia State University and the Academy of Military Science, General Buckalew returned to West Virginia in December 1983 to serve as a logistics plans officer for the 130th Airlift Wing. General Buckalew continued to serve honorably and was promoted regularly, advancing to the position of Director of Joint Staff in 2011. He has received numerous awards and decorations for his service to our country, including the distinguished Meritorious Service Medal with two Bronze Oak Leaf Clusters. I know the servicemen and women of the West Virginia Air National Guard have been inspired by General Buckalew's character and his commitment to service, and they will miss General Buckalew's presence and tremendous leadership. However, I am certain that the lessons and inspiration that he has bestowed on Guardsmen will continue to have a positive impact on their service to our nation and West Virginia. General Buckalew is one of West Virginia's finest Mountaineers, and I along with many others wish him well in his retirement. Godspeed, General. ____________________",https://api.govinfo.gov/related/CREC-2015-07-31-pt1-PgE1196,CREC,Proceedings of Congress and General Congressional Publications,2025-03-07T17:29:04Z,Congressional Record,package_114_122.csv,1792,0,1792,"[congressional record volume 161, number 123 (friday, july 31, 2015)] [extensions of remarks] [page e1196] from the congressional record online through the government publishing office [ www.gpo.gov ] honoring brigadier general david t. buckalew ______ hon. evan h. jenkins of west virginia in the house of representatives friday, july 31, 2015 mr. jenkins of west virginia. mr. speaker, i rise today to honor the service of brigadier general david t. buckalew of the west virginia national guard. general buckalew has served in the west virginia air national guard for more than 40 years, having enlisted in the guard's 130th airlift wing in charleston, west virginia in december 1971. after completing his education at west virginia state university and the academy of military science, general buckalew returned to west virginia in december 1983 to serve as a logistics plans officer for the 130th airlift wing. general buckalew continued to serve honorably and was promoted regularly, advancing to the position of director of joint staff in 2011. he has received numerous awards and decorations for his service to our country, including the distinguished meritorious service medal with two bronze oak leaf clusters. i know the servicemen and women of the west virginia air national guard have been inspired by general buckalew's character and his commitment to service, and they will miss general buckalew's presence and tremendous leadership. however, i am certain that the lessons and inspiration that he has bestowed on guardsmen will continue to have a positive impact on their service to our nation and west virginia. general buckalew is one of west virginia's finest mountaineers, and i along with many others wish him well in his retirement. godspeed, general. ____________________",1792
CREC-2015-07-31-pt1-PgE1196-2,CREC-2015-07-31,2015-07-31,RECOGNIZING THE RETIREMENT OF TAWNY HAMMOND,CREC,EXTENSIONS,E,E,1,https://www.govinfo.gov/app/details/CREC-2015-07-31/CREC-2015-07-31-pt1-PgE1196-2,https://api.govinfo.gov/packages/CREC-2015-07-31/granules/CREC-2015-07-31-pt1-PgE1196-2/htm,https://api.govinfo.gov/packages/CREC-2015-07-31/granules/CREC-2015-07-31-pt1-PgE1196-2/pdf,https://api.govinfo.gov/packages/CREC-2015-07-31/summary,"[Congressional Record Volume 161, Number 123 (Friday, July 31, 2015)] [Extensions of Remarks] [Pages E1196-E1197] From the Congressional Record Online through the Government Publishing Office [ www.gpo.gov ] RECOGNIZING THE RETIREMENT OF TAWNY HAMMOND ______ HON. GERALD E. CONNOLLY of virginia in the house of representatives Friday, July 31, 2015 Mr. CONNOLLY. Mr. Speaker, I rise today to recognize the distinguished career of my constituent Tawny Hammond and to congratulate her on her retirement following 26 years of service to Fairfax County and our community. Ms. Hammond began her career with the county at the Fairfax County Park Authority (FCPA) in 1989 and served in a variety of roles including management of recreation centers, a large lakefront park and a historic farm park. Additionally, she was involved in strategic planning and accreditation, and was instrumental in FCPA being awarded multiple gold medals by the National Recreation and Park Association. During her tenure, she represented Fairfax County Park Authority at regional, state and national conferences, providing presentations on community building, revenue generation and innovative programming. In recognition of her extraordinary service to preserving and enhancing the county park system, she received numerous performance and achievement awards, most notably the A. Heath Onthank Award in 2002, which is Fairfax County's highest honor for its employees. Ms. Hammond was named Director of the Fairfax County Animal Shelter in 2012. In just three years, she has turned the shelter into a national model for the humane treatment of animals and has made Fairfax one of the top life-saving communities in the nation. The CEO of the Humane Society of the United States proclaimed the shelter to be one of the top 1% of municipal shelters in the nation. Under Director Hammond's leadership, Fairfax County became the largest jurisdiction in the US with a live release rate of animals above 90%. On her watch, adoptions of shelter pets have nearly doubled, with 2014 seeing the highest number of dogs ever adopted in a single year (more than 1000). Each year, approximately 5,000 animals come through the shelter's doors. Director Hammond implemented policies and programs so that no animals are euthanized for lack of space or other resources and so that all adoptable animals find loving permanent homes. She implemented new programs including shelter dog play groups and low income spay and neuter services, eliminated [[Page E1197]] breed adoption restrictions, established community cat rooms, and expanded the trap-neuter-retum program, which is now the largest of its type in the Commonwealth of Virginia. She grew the volunteer program to 300 active volunteers and 150 foster families, launched the animal shelter Facebook page, which has become the County's most popular Facebook page, and started a partnership with the Fairfax County Park Authority to offer Scout programs, camps, programs and obedience classes in the shelter training room. She did all this while overseeing the total reconstruction of the shelter. For these accomplishments, she received the 2014 Leadership Award from the Metropolitan D.C. Council of Governments, the 2014 Compassion Award by the Virginia Federation of Humane Societies, and was recently named to the Board of the Virginia Federation of Humane Societies. Upon her retirement, she was again awarded the A. Heath Onthank Award--the first person to earn this distinction twice. Ms. Hammond is also well known for her service to the community outside of her job. She lead ``Springfield Days'' for more than 20 years, helping it grow to one of the County's largest special events, and served for ten years as president of the Springfield Civic Association where she was credited with making the community group accessible to the disabled and successfully tackling tough neighborhood issues such as boarding houses and hoarding. Mr. Speaker, I ask my colleagues to join me in thanking Tawny Hammond for a lifetime of service to our community and in congratulating her on her retirement. When I was Chairman of the County Board, we often joked when retirement announcements like this were made that we should pass an ordinance not allowing such talented and dedicated people to leave public or community service, and I certainly wish that was the case here. I wish Tawny and her family all the best in this next chapter of her life. ____________________",,"[Congressional Record Volume 161, Number 123 (Friday, July 31, 2015)] [Extensions of Remarks] [Pages E1196-E1197] From the Congressional Record Online through the Government Publishing Office [ www.gpo.gov ] RECOGNIZING THE RETIREMENT OF TAWNY HAMMOND ______ HON. GERALD E. CONNOLLY of virginia in the house of representatives Friday, July 31, 2015 Mr. CONNOLLY. Mr. Speaker, I rise today to recognize the distinguished career of my constituent Tawny Hammond and to congratulate her on her retirement following 26 years of service to Fairfax County and our community. Ms. Hammond began her career with the county at the Fairfax County Park Authority (FCPA) in 1989 and served in a variety of roles including management of recreation centers, a large lakefront park and a historic farm park. Additionally, she was involved in strategic planning and accreditation, and was instrumental in FCPA being awarded multiple gold medals by the National Recreation and Park Association. During her tenure, she represented Fairfax County Park Authority at regional, state and national conferences, providing presentations on community building, revenue generation and innovative programming. In recognition of her extraordinary service to preserving and enhancing the county park system, she received numerous performance and achievement awards, most notably the A. Heath Onthank Award in 2002, which is Fairfax County's highest honor for its employees. Ms. Hammond was named Director of the Fairfax County Animal Shelter in 2012. In just three years, she has turned the shelter into a national model for the humane treatment of animals and has made Fairfax one of the top life-saving communities in the nation. The CEO of the Humane Society of the United States proclaimed the shelter to be one of the top 1% of municipal shelters in the nation. Under Director Hammond's leadership, Fairfax County became the largest jurisdiction in the US with a live release rate of animals above 90%. On her watch, adoptions of shelter pets have nearly doubled, with 2014 seeing the highest number of dogs ever adopted in a single year (more than 1000). Each year, approximately 5,000 animals come through the shelter's doors. Director Hammond implemented policies and programs so that no animals are euthanized for lack of space or other resources and so that all adoptable animals find loving permanent homes. She implemented new programs including shelter dog play groups and low income spay and neuter services, eliminated [[Page E1197]] breed adoption restrictions, established community cat rooms, and expanded the trap-neuter-retum program, which is now the largest of its type in the Commonwealth of Virginia. She grew the volunteer program to 300 active volunteers and 150 foster families, launched the animal shelter Facebook page, which has become the County's most popular Facebook page, and started a partnership with the Fairfax County Park Authority to offer Scout programs, camps, programs and obedience classes in the shelter training room. She did all this while overseeing the total reconstruction of the shelter. For these accomplishments, she received the 2014 Leadership Award from the Metropolitan D.C. Council of Governments, the 2014 Compassion Award by the Virginia Federation of Humane Societies, and was recently named to the Board of the Virginia Federation of Humane Societies. Upon her retirement, she was again awarded the A. Heath Onthank Award--the first person to earn this distinction twice. Ms. Hammond is also well known for her service to the community outside of her job. She lead ``Springfield Days'' for more than 20 years, helping it grow to one of the County's largest special events, and served for ten years as president of the Springfield Civic Association where she was credited with making the community group accessible to the disabled and successfully tackling tough neighborhood issues such as boarding houses and hoarding. Mr. Speaker, I ask my colleagues to join me in thanking Tawny Hammond for a lifetime of service to our community and in congratulating her on her retirement. When I was Chairman of the County Board, we often joked when retirement announcements like this were made that we should pass an ordinance not allowing such talented and dedicated people to leave public or community service, and I certainly wish that was the case here. I wish Tawny and her family all the best in this next chapter of her life. ____________________",https://api.govinfo.gov/related/CREC-2015-07-31-pt1-PgE1196-2,CREC,Proceedings of Congress and General Congressional Publications,2025-03-07T17:29:04Z,Congressional Record,package_114_122.csv,4474,0,4474,"[congressional record volume 161, number 123 (friday, july 31, 2015)] [extensions of remarks] [pages e1196-e1197] from the congressional record online through the government publishing office [ www.gpo.gov ] recognizing the retirement of tawny hammond ______ hon. gerald e. connolly of virginia in the house of representatives friday, july 31, 2015 mr. connolly. mr. speaker, i rise today to recognize the distinguished career of my constituent tawny hammond and to congratulate her on her retirement following 26 years of service to fairfax county and our community. ms. hammond began her career with the county at the fairfax county park authority (fcpa) in 1989 and served in a variety of roles including management of recreation centers, a large lakefront park and a historic farm park. additionally, she was involved in strategic planning and accreditation, and was instrumental in fcpa being awarded multiple gold medals by the national recreation and park association. during her tenure, she represented fairfax county park authority at regional, state and national conferences, providing presentations on community building, revenue generation and innovative programming. in recognition of her extraordinary service to preserving and enhancing the county park system, she received numerous performance and achievement awards, most notably the a. heath onthank award in 2002, which is fairfax county's highest honor for its employees. ms. hammond was named director of the fairfax county animal shelter in 2012. in just three years, she has turned the shelter into a national model for the humane treatment of animals and has made fairfax one of the top life-saving communities in the nation. the ceo of the humane society of the united states proclaimed the shelter to be one of the top 1% of municipal shelters in the nation. under director hammond's leadership, fairfax county became the largest jurisdiction in the us with a live release rate of animals above 90%. on her watch, adoptions of shelter pets have nearly doubled, with 2014 seeing the highest number of dogs ever adopted in a single year (more than 1000). each year, approximately 5,000 animals come through the shelter's doors. director hammond implemented policies and programs so that no animals are euthanized for lack of space or other resources and so that all adoptable animals find loving permanent homes. she implemented new programs including shelter dog play groups and low income spay and neuter services, eliminated [[page e1197]] breed adoption restrictions, established community cat rooms, and expanded the trap-neuter-retum program, which is now the largest of its type in the commonwealth of virginia. she grew the volunteer program to 300 active volunteers and 150 foster families, launched the animal shelter facebook page, which has become the county's most popular facebook page, and started a partnership with the fairfax county park authority to offer scout programs, camps, programs and obedience classes in the shelter training room. she did all this while overseeing the total reconstruction of the shelter. for these accomplishments, she received the 2014 leadership award from the metropolitan d.c. council of governments, the 2014 compassion award by the virginia federation of humane societies, and was recently named to the board of the virginia federation of humane societies. upon her retirement, she was again awarded the a. heath onthank award--the first person to earn this distinction twice. ms. hammond is also well known for her service to the community outside of her job. she lead ``springfield days'' for more than 20 years, helping it grow to one of the county's largest special events, and served for ten years as president of the springfield civic association where she was credited with making the community group accessible to the disabled and successfully tackling tough neighborhood issues such as boarding houses and hoarding. mr. speaker, i ask my colleagues to join me in thanking tawny hammond for a lifetime of service to our community and in congratulating her on her retirement. when i was chairman of the county board, we often joked when retirement announcements like this were made that we should pass an ordinance not allowing such talented and dedicated people to leave public or community service, and i certainly wish that was the case here. i wish tawny and her family all the best in this next chapter of her life. ____________________",4474
CREC-2015-07-31-pt1-PgE1197,CREC-2015-07-31,2015-07-31,IN RECOGNITION OF FIRST AFRICAN BAPTIST CHURCH'S 175TH ANNIVERSARY,CREC,EXTENSIONS,E,E,1,https://www.govinfo.gov/app/details/CREC-2015-07-31/CREC-2015-07-31-pt1-PgE1197,https://api.govinfo.gov/packages/CREC-2015-07-31/granules/CREC-2015-07-31-pt1-PgE1197/htm,https://api.govinfo.gov/packages/CREC-2015-07-31/granules/CREC-2015-07-31-pt1-PgE1197/pdf,https://api.govinfo.gov/packages/CREC-2015-07-31/summary,"[Congressional Record Volume 161, Number 123 (Friday, July 31, 2015)] [Extensions of Remarks] [Page E1197] From the Congressional Record Online through the Government Publishing Office [ www.gpo.gov ] IN RECOGNITION OF FIRST AFRICAN BAPTIST CHURCH'S 175TH ANNIVERSARY ______ HON. SANFORD D. BISHOP, JR. of georgia in the house of representatives Friday, July 31, 2015 Mr. BISHOP of Georgia. Mr. Speaker, it is my honor and pleasure to extend my sincere congratulations to the congregation of First African Baptist Church in Columbus, Georgia as the church's membership and leadership celebrate a remarkable 175 years. The congregation of First African Baptist Church will celebrate this very significant anniversary with a Jubilee Celebration on Sunday, August 9, 2015 at the church in Columbus, Georgia. Tracing its roots back to the antebellum South, African Baptist Church was founded by slaves in 1840 in a building on the corner of Third Avenue and Twelfth Street in Columbus, only blocks away from the Chattahoochee River. This building was the sanctuary formerly used by First Baptist Church, which was established in 1829 as the first church in Columbus. Though founded by slaves, First African Baptist Church was pastored by white ministers during its first twenty-two years. Possessing a spirit of love and acceptance for all of humankind regardless of skin color that was unique in this time period and in this society, the members of the church opened its doors to all in Columbus who felt the call to worship. By 1858, 731 professed believers had been baptized by the church--390 white and 341 black. From its inception through 1915, the church relocated three times to accommodate its congregation that swelled with the development of the City of Columbus. The second location was a frame building located at the corner of St. Clair and Front Street, now known as Eleventh and Front. In 1881, the Georgia General Assembly gave the land site located at Eleventh Street and Sixth Avenue to the church, and it was renamed the Six Avenue Baptist Church. This site is now occupied by Golden Foundry and Machine Company. The current location is on the corner of Fifth Avenue and Ninth Street, where the church was renamed the First African Baptist Church in 1915. Along with the 175th anniversary of the church's existence, today I celebrate with the congregation of First African Baptist the centennial of the church's current location. Throughout the years, the church would be remodeled and renovated several times. With these aesthetic changes came changes to the church mission. Today, under the leadership of Reverend Roderick B. Green, the church continues to grow and change with the vision of holistic transformation and continual improvement in Christ. The story of First African Baptist Church, which began as a small group of people worshipping 175 years ago and has grown into an expansive and successful church, is truly an inspiring one of the dedication and perseverance of a faithful congregation of people who put all their love and trust in the Lord. Mr. Speaker, today I ask my colleagues to join me in paying tribute to First African Baptist Church in Columbus, Georgia for their long history of coming together through the good and difficult times to praise and worship our Lord and Savior Jesus Christ. ____________________",,"[Congressional Record Volume 161, Number 123 (Friday, July 31, 2015)] [Extensions of Remarks] [Page E1197] From the Congressional Record Online through the Government Publishing Office [ www.gpo.gov ] IN RECOGNITION OF FIRST AFRICAN BAPTIST CHURCH'S 175TH ANNIVERSARY ______ HON. SANFORD D. BISHOP, JR. of georgia in the house of representatives Friday, July 31, 2015 Mr. BISHOP of Georgia. Mr. Speaker, it is my honor and pleasure to extend my sincere congratulations to the congregation of First African Baptist Church in Columbus, Georgia as the church's membership and leadership celebrate a remarkable 175 years. The congregation of First African Baptist Church will celebrate this very significant anniversary with a Jubilee Celebration on Sunday, August 9, 2015 at the church in Columbus, Georgia. Tracing its roots back to the antebellum South, African Baptist Church was founded by slaves in 1840 in a building on the corner of Third Avenue and Twelfth Street in Columbus, only blocks away from the Chattahoochee River. This building was the sanctuary formerly used by First Baptist Church, which was established in 1829 as the first church in Columbus. Though founded by slaves, First African Baptist Church was pastored by white ministers during its first twenty-two years. Possessing a spirit of love and acceptance for all of humankind regardless of skin color that was unique in this time period and in this society, the members of the church opened its doors to all in Columbus who felt the call to worship. By 1858, 731 professed believers had been baptized by the church--390 white and 341 black. From its inception through 1915, the church relocated three times to accommodate its congregation that swelled with the development of the City of Columbus. The second location was a frame building located at the corner of St. Clair and Front Street, now known as Eleventh and Front. In 1881, the Georgia General Assembly gave the land site located at Eleventh Street and Sixth Avenue to the church, and it was renamed the Six Avenue Baptist Church. This site is now occupied by Golden Foundry and Machine Company. The current location is on the corner of Fifth Avenue and Ninth Street, where the church was renamed the First African Baptist Church in 1915. Along with the 175th anniversary of the church's existence, today I celebrate with the congregation of First African Baptist the centennial of the church's current location. Throughout the years, the church would be remodeled and renovated several times. With these aesthetic changes came changes to the church mission. Today, under the leadership of Reverend Roderick B. Green, the church continues to grow and change with the vision of holistic transformation and continual improvement in Christ. The story of First African Baptist Church, which began as a small group of people worshipping 175 years ago and has grown into an expansive and successful church, is truly an inspiring one of the dedication and perseverance of a faithful congregation of people who put all their love and trust in the Lord. Mr. Speaker, today I ask my colleagues to join me in paying tribute to First African Baptist Church in Columbus, Georgia for their long history of coming together through the good and difficult times to praise and worship our Lord and Savior Jesus Christ. ____________________",https://api.govinfo.gov/related/CREC-2015-07-31-pt1-PgE1197,CREC,Proceedings of Congress and General Congressional Publications,2025-03-07T17:29:04Z,Congressional Record,package_114_122.csv,3354,0,3354,"[congressional record volume 161, number 123 (friday, july 31, 2015)] [extensions of remarks] [page e1197] from the congressional record online through the government publishing office [ www.gpo.gov ] in recognition of first african baptist church's 175th anniversary ______ hon. sanford d. bishop, jr. of georgia in the house of representatives friday, july 31, 2015 mr. bishop of georgia. mr. speaker, it is my honor and pleasure to extend my sincere congratulations to the congregation of first african baptist church in columbus, georgia as the church's membership and leadership celebrate a remarkable 175 years. the congregation of first african baptist church will celebrate this very significant anniversary with a jubilee celebration on sunday, august 9, 2015 at the church in columbus, georgia. tracing its roots back to the antebellum south, african baptist church was founded by slaves in 1840 in a building on the corner of third avenue and twelfth street in columbus, only blocks away from the chattahoochee river. this building was the sanctuary formerly used by first baptist church, which was established in 1829 as the first church in columbus. though founded by slaves, first african baptist church was pastored by white ministers during its first twenty-two years. possessing a spirit of love and acceptance for all of humankind regardless of skin color that was unique in this time period and in this society, the members of the church opened its doors to all in columbus who felt the call to worship. by 1858, 731 professed believers had been baptized by the church--390 white and 341 black. from its inception through 1915, the church relocated three times to accommodate its congregation that swelled with the development of the city of columbus. the second location was a frame building located at the corner of st. clair and front street, now known as eleventh and front. in 1881, the georgia general assembly gave the land site located at eleventh street and sixth avenue to the church, and it was renamed the six avenue baptist church. this site is now occupied by golden foundry and machine company. the current location is on the corner of fifth avenue and ninth street, where the church was renamed the first african baptist church in 1915. along with the 175th anniversary of the church's existence, today i celebrate with the congregation of first african baptist the centennial of the church's current location. throughout the years, the church would be remodeled and renovated several times. with these aesthetic changes came changes to the church mission. today, under the leadership of reverend roderick b. green, the church continues to grow and change with the vision of holistic transformation and continual improvement in christ. the story of first african baptist church, which began as a small group of people worshipping 175 years ago and has grown into an expansive and successful church, is truly an inspiring one of the dedication and perseverance of a faithful congregation of people who put all their love and trust in the lord. mr. speaker, today i ask my colleagues to join me in paying tribute to first african baptist church in columbus, georgia for their long history of coming together through the good and difficult times to praise and worship our lord and savior jesus christ. ____________________",3354
CREC-2015-07-31-pt1-PgE1197-3,CREC-2015-07-31,2015-07-31,DECLARATION FOR ONE UNITED KOREA,CREC,EXTENSIONS,E,E,1,https://www.govinfo.gov/app/details/CREC-2015-07-31/CREC-2015-07-31-pt1-PgE1197-3,https://api.govinfo.gov/packages/CREC-2015-07-31/granules/CREC-2015-07-31-pt1-PgE1197-3/htm,https://api.govinfo.gov/packages/CREC-2015-07-31/granules/CREC-2015-07-31-pt1-PgE1197-3/pdf,https://api.govinfo.gov/packages/CREC-2015-07-31/summary,"[Congressional Record Volume 161, Number 123 (Friday, July 31, 2015)] [Extensions of Remarks] [Pages E1197-E1198] From the Congressional Record Online through the Government Publishing Office [ www.gpo.gov ] DECLARATION FOR ONE UNITED KOREA ______ HON. MICHAEL M. HONDA of california in the house of representatives Friday, July 31, 2015 Mr. HONDA. Mr. Speaker, I rise today to submit a declaration for one united Korea as established by the organization One Dream One Korea. On this 70th anniversary of the liberation and the division of Korea, we, the people and friends of Korea, declare that: Korean unification is inevitable. We are one people in one land who have shared a common history and culture for millennia. Reunification of the Korean Peninsula is a profound aspiration in the hearts of the Korean people, and a national destiny that supersede 70 years of separation and all differences of ideology and government systems. Korean unification is desirable. The suffering of people in North Korea and the continuing anguish of separated families cry out for a concerted response from the civilized world. Nuclear threats destabilize the security of Northeast Asia in particular and the world in general. Meanwhile the people of South Korea seek a pathway to transcend materialism and dysfunctional political divides. Building One Korea offers a fundamental solution to all these problems and will advance peace and prosperity in Northeast Asia to the benefit of the world at large. Korean unification is now achievable. In the past century Korea endured colonization and then division, at the hands of more powerful nations. Today, for the first time in modern history, Korean people possess the political and economic power to determine their own future, together with growing global support for the establishment of One Korea. We are at a historic crossroads. Set against the enormous challenges of ending the division and creating a new nation, we have an opportunity to achieve a true greatness that history rarely accords to any people. Now is the time to build a national consensus for a shared vision of One Korea on the foundation of Korean identity and a common destiny and to garner international support for it. The Korean people share one dream: To live in One Korea we can all be proud of. Since time immemorial, the Korean people have longed for a model country; one guided by universal principles, shared moral values, and the rule of law, guaranteeing the basic human rights and freedoms endowed to all people by the Creator, as the foundation for a just and prosperous society. In realizing such a model, One Korea will become a strong, sovereign nation that acts as a peacemaker, committed to resolving conflict in Northeast Asia and the wider world. It will be a 2lst century leader as a compassionate, humane nation acting with concern [[Page E1198]] for posterity, and as a responsible steward of the earth. One Korea will benefit all and threaten none. Korea has never invaded another country in its entire history. The love of peace lies deep in our heritage. Therefore, One Korea will foster new guiding principles for peace in the 21st century through integrating the values of East and West, and soften the sharp edges of global power confrontations. One Korea will offer a powerful example, especially for developing nations, of a traditional society that has advanced by embracing the positive aspects of modernity while seeking to retain the enduring values of the past. For Korea, those values are expressed in the principle of Hong-Ik Ingan: Living for the benefit of all humanity. Since the very origin of Korea, it has been embedded in the hearts, minds, customs, and traditions of the Korean people. It offers a broad, guiding philosophy for One Korea where ``Hong-Ik Democracy'' will offer a 21st Century model of government of the people, by the people, and for the people. Inspired by this vision of One Korea we, the undersigned, submit the following proposals for adoption and support by ALL: We encourage initiatives to awaken understanding of the principles that have shaped Korea's distinctive heritage in order to strengthen national and international resolve to bring about One Korea. We support efforts to start and sustain co-prosperity projects to build infrastructure that allows ordinary people in North Korea to improve their living standards through their own efforts. We advocate people-to-people contact through cultural exchanges, joint service projects and other initiatives that can rebuild connections between Koreans of north and south. We call on our brethren in North Korea to embrace the program for co-prosperity so that both South and North can cooperate to improve the lives of ordinary people. Let us prosper together, thus building a bridge towards peaceful unification when the people themselves can decide how they wish to govern themselves. We urge the eight million Korean people living outside of the Korean Peninsula to dedicate themselves to the global movement toward One Korea and call on Korean compatriots abroad to mobilize the substantive support of their adopted lands. We appeal to the governments and people of all nations, and in particular the United States, the People's Republic of China, Japan, Russia, and Mongolia, to actively co-operate in advancing Korean unification as the key to the joint security and mutual prosperity of all the nations of the Northeast Asia region and the Pacific rim. We call for multi-national entities, such as the United Nations, the World Bank, the International Monetary Fund, the Asian Infrastructure Investment Bank, the World Health Organization, and international non-governmental organizations, to provide advice and assistance especially during the challenging transitional period to assure the success of One Korea. Therefore, at this historic juncture, we do solemnly declare that the Korean people shall be, justly and by right, one family, one people, and one nation. We will work together to realize the dream of One Korea, fulfilling, our historical destiny, and establishing a shining example for generations to come. ____________________",,"[Congressional Record Volume 161, Number 123 (Friday, July 31, 2015)] [Extensions of Remarks] [Pages E1197-E1198] From the Congressional Record Online through the Government Publishing Office [ www.gpo.gov ] DECLARATION FOR ONE UNITED KOREA ______ HON. MICHAEL M. HONDA of california in the house of representatives Friday, July 31, 2015 Mr. HONDA. Mr. Speaker, I rise today to submit a declaration for one united Korea as established by the organization One Dream One Korea. On this 70th anniversary of the liberation and the division of Korea, we, the people and friends of Korea, declare that: Korean unification is inevitable. We are one people in one land who have shared a common history and culture for millennia. Reunification of the Korean Peninsula is a profound aspiration in the hearts of the Korean people, and a national destiny that supersede 70 years of separation and all differences of ideology and government systems. Korean unification is desirable. The suffering of people in North Korea and the continuing anguish of separated families cry out for a concerted response from the civilized world. Nuclear threats destabilize the security of Northeast Asia in particular and the world in general. Meanwhile the people of South Korea seek a pathway to transcend materialism and dysfunctional political divides. Building One Korea offers a fundamental solution to all these problems and will advance peace and prosperity in Northeast Asia to the benefit of the world at large. Korean unification is now achievable. In the past century Korea endured colonization and then division, at the hands of more powerful nations. Today, for the first time in modern history, Korean people possess the political and economic power to determine their own future, together with growing global support for the establishment of One Korea. We are at a historic crossroads. Set against the enormous challenges of ending the division and creating a new nation, we have an opportunity to achieve a true greatness that history rarely accords to any people. Now is the time to build a national consensus for a shared vision of One Korea on the foundation of Korean identity and a common destiny and to garner international support for it. The Korean people share one dream: To live in One Korea we can all be proud of. Since time immemorial, the Korean people have longed for a model country; one guided by universal principles, shared moral values, and the rule of law, guaranteeing the basic human rights and freedoms endowed to all people by the Creator, as the foundation for a just and prosperous society. In realizing such a model, One Korea will become a strong, sovereign nation that acts as a peacemaker, committed to resolving conflict in Northeast Asia and the wider world. It will be a 2lst century leader as a compassionate, humane nation acting with concern [[Page E1198]] for posterity, and as a responsible steward of the earth. One Korea will benefit all and threaten none. Korea has never invaded another country in its entire history. The love of peace lies deep in our heritage. Therefore, One Korea will foster new guiding principles for peace in the 21st century through integrating the values of East and West, and soften the sharp edges of global power confrontations. One Korea will offer a powerful example, especially for developing nations, of a traditional society that has advanced by embracing the positive aspects of modernity while seeking to retain the enduring values of the past. For Korea, those values are expressed in the principle of Hong-Ik Ingan: Living for the benefit of all humanity. Since the very origin of Korea, it has been embedded in the hearts, minds, customs, and traditions of the Korean people. It offers a broad, guiding philosophy for One Korea where ``Hong-Ik Democracy'' will offer a 21st Century model of government of the people, by the people, and for the people. Inspired by this vision of One Korea we, the undersigned, submit the following proposals for adoption and support by ALL: We encourage initiatives to awaken understanding of the principles that have shaped Korea's distinctive heritage in order to strengthen national and international resolve to bring about One Korea. We support efforts to start and sustain co-prosperity projects to build infrastructure that allows ordinary people in North Korea to improve their living standards through their own efforts. We advocate people-to-people contact through cultural exchanges, joint service projects and other initiatives that can rebuild connections between Koreans of north and south. We call on our brethren in North Korea to embrace the program for co-prosperity so that both South and North can cooperate to improve the lives of ordinary people. Let us prosper together, thus building a bridge towards peaceful unification when the people themselves can decide how they wish to govern themselves. We urge the eight million Korean people living outside of the Korean Peninsula to dedicate themselves to the global movement toward One Korea and call on Korean compatriots abroad to mobilize the substantive support of their adopted lands. We appeal to the governments and people of all nations, and in particular the United States, the People's Republic of China, Japan, Russia, and Mongolia, to actively co-operate in advancing Korean unification as the key to the joint security and mutual prosperity of all the nations of the Northeast Asia region and the Pacific rim. We call for multi-national entities, such as the United Nations, the World Bank, the International Monetary Fund, the Asian Infrastructure Investment Bank, the World Health Organization, and international non-governmental organizations, to provide advice and assistance especially during the challenging transitional period to assure the success of One Korea. Therefore, at this historic juncture, we do solemnly declare that the Korean people shall be, justly and by right, one family, one people, and one nation. We will work together to realize the dream of One Korea, fulfilling, our historical destiny, and establishing a shining example for generations to come. ____________________",https://api.govinfo.gov/related/CREC-2015-07-31-pt1-PgE1197-3,CREC,Proceedings of Congress and General Congressional Publications,2025-03-07T17:29:04Z,Congressional Record,package_114_122.csv,6183,0,6183,"[congressional record volume 161, number 123 (friday, july 31, 2015)] [extensions of remarks] [pages e1197-e1198] from the congressional record online through the government publishing office [ www.gpo.gov ] declaration for one united korea ______ hon. michael m. honda of california in the house of representatives friday, july 31, 2015 mr. honda. mr. speaker, i rise today to submit a declaration for one united korea as established by the organization one dream one korea. on this 70th anniversary of the liberation and the division of korea, we, the people and friends of korea, declare that: korean unification is inevitable. we are one people in one land who have shared a common history and culture for millennia. reunification of the korean peninsula is a profound aspiration in the hearts of the korean people, and a national destiny that supersede 70 years of separation and all differences of ideology and government systems. korean unification is desirable. the suffering of people in north korea and the continuing anguish of separated families cry out for a concerted response from the civilized world. nuclear threats destabilize the security of northeast asia in particular and the world in general. meanwhile the people of south korea seek a pathway to transcend materialism and dysfunctional political divides. building one korea offers a fundamental solution to all these problems and will advance peace and prosperity in northeast asia to the benefit of the world at large. korean unification is now achievable. in the past century korea endured colonization and then division, at the hands of more powerful nations. today, for the first time in modern history, korean people possess the political and economic power to determine their own future, together with growing global support for the establishment of one korea. we are at a historic crossroads. set against the enormous challenges of ending the division and creating a new nation, we have an opportunity to achieve a true greatness that history rarely accords to any people. now is the time to build a national consensus for a shared vision of one korea on the foundation of korean identity and a common destiny and to garner international support for it. the korean people share one dream: to live in one korea we can all be proud of. since time immemorial, the korean people have longed for a model country; one guided by universal principles, shared moral values, and the rule of law, guaranteeing the basic human rights and freedoms endowed to all people by the creator, as the foundation for a just and prosperous society. in realizing such a model, one korea will become a strong, sovereign nation that acts as a peacemaker, committed to resolving conflict in northeast asia and the wider world. it will be a 2lst century leader as a compassionate, humane nation acting with concern [[page e1198]] for posterity, and as a responsible steward of the earth. one korea will benefit all and threaten none. korea has never invaded another country in its entire history. the love of peace lies deep in our heritage. therefore, one korea will foster new guiding principles for peace in the 21st century through integrating the values of east and west, and soften the sharp edges of global power confrontations. one korea will offer a powerful example, especially for developing nations, of a traditional society that has advanced by embracing the positive aspects of modernity while seeking to retain the enduring values of the past. for korea, those values are expressed in the principle of hong-ik ingan: living for the benefit of all humanity. since the very origin of korea, it has been embedded in the hearts, minds, customs, and traditions of the korean people. it offers a broad, guiding philosophy for one korea where ``hong-ik democracy'' will offer a 21st century model of government of the people, by the people, and for the people. inspired by this vision of one korea we, the undersigned, submit the following proposals for adoption and support by all: we encourage initiatives to awaken understanding of the principles that have shaped korea's distinctive heritage in order to strengthen national and international resolve to bring about one korea. we support efforts to start and sustain co-prosperity projects to build infrastructure that allows ordinary people in north korea to improve their living standards through their own efforts. we advocate people-to-people contact through cultural exchanges, joint service projects and other initiatives that can rebuild connections between koreans of north and south. we call on our brethren in north korea to embrace the program for co-prosperity so that both south and north can cooperate to improve the lives of ordinary people. let us prosper together, thus building a bridge towards peaceful unification when the people themselves can decide how they wish to govern themselves. we urge the eight million korean people living outside of the korean peninsula to dedicate themselves to the global movement toward one korea and call on korean compatriots abroad to mobilize the substantive support of their adopted lands. we appeal to the governments and people of all nations, and in particular the united states, the people's republic of china, japan, russia, and mongolia, to actively co-operate in advancing korean unification as the key to the joint security and mutual prosperity of all the nations of the northeast asia region and the pacific rim. we call for multi-national entities, such as the united nations, the world bank, the international monetary fund, the asian infrastructure investment bank, the world health organization, and international non-governmental organizations, to provide advice and assistance especially during the challenging transitional period to assure the success of one korea. therefore, at this historic juncture, we do solemnly declare that the korean people shall be, justly and by right, one family, one people, and one nation. we will work together to realize the dream of one korea, fulfilling, our historical destiny, and establishing a shining example for generations to come. ____________________",6183
CREC-2015-07-31-pt1-PgE1197-2,CREC-2015-07-31,2015-07-31,COMMEMORATING 125 YEARS OF SERVICE OF THE EAST DUNDEE FIRE PROTECTION DISTRICT,CREC,EXTENSIONS,E,E,1,https://www.govinfo.gov/app/details/CREC-2015-07-31/CREC-2015-07-31-pt1-PgE1197-2,https://api.govinfo.gov/packages/CREC-2015-07-31/granules/CREC-2015-07-31-pt1-PgE1197-2/htm,https://api.govinfo.gov/packages/CREC-2015-07-31/granules/CREC-2015-07-31-pt1-PgE1197-2/pdf,https://api.govinfo.gov/packages/CREC-2015-07-31/summary,"[Congressional Record Volume 161, Number 123 (Friday, July 31, 2015)] [Extensions of Remarks] [Page E1197] From the Congressional Record Online through the Government Publishing Office [ www.gpo.gov ] COMMEMORATING 125 YEARS OF SERVICE OF THE EAST DUNDEE FIRE PROTECTION DISTRICT ______ HON. PETER J. ROSKAM of illinois in the house of representatives Friday, July 31, 2015 Mr. ROSKAM. Mr. Speaker, I am pleased to recognize the East Dundee Fire Protection District on their 125th anniversary celebration. Throughout the year, the community will gather to recognize the heroic firefighters and paramedics who have proudly and faithfully served their community. In 1890, the department's first year of service, firefighters responded to 25 calls while protecting the residents living in the area. Today, the fire protection district boasts a 2 million dollar budget, responds to over 1,350 calls, and covers over 10,000 residents from the Fox River to the Arboretum in South Barrington. Throughout their history, the East Dundee Fire Department has seen its ranks swell with family members. Max Freeman, the district's first fire chief, served with his brother Earl in the 1950's and another fire chief, Eugene Rakow, served as chief until 1986, when his son Mark took his place until late 2009. The thirty men and women of the East Dundee Fire Protection District risk their lives daily to protect the surrounding community. Their bravery and courage are deserving of our recognition and admiration. Please join me in celebrating this special occasion and the long years of service and commitment that it represents. ____________________",,"[Congressional Record Volume 161, Number 123 (Friday, July 31, 2015)] [Extensions of Remarks] [Page E1197] From the Congressional Record Online through the Government Publishing Office [ www.gpo.gov ] COMMEMORATING 125 YEARS OF SERVICE OF THE EAST DUNDEE FIRE PROTECTION DISTRICT ______ HON. PETER J. ROSKAM of illinois in the house of representatives Friday, July 31, 2015 Mr. ROSKAM. Mr. Speaker, I am pleased to recognize the East Dundee Fire Protection District on their 125th anniversary celebration. Throughout the year, the community will gather to recognize the heroic firefighters and paramedics who have proudly and faithfully served their community. In 1890, the department's first year of service, firefighters responded to 25 calls while protecting the residents living in the area. Today, the fire protection district boasts a 2 million dollar budget, responds to over 1,350 calls, and covers over 10,000 residents from the Fox River to the Arboretum in South Barrington. Throughout their history, the East Dundee Fire Department has seen its ranks swell with family members. Max Freeman, the district's first fire chief, served with his brother Earl in the 1950's and another fire chief, Eugene Rakow, served as chief until 1986, when his son Mark took his place until late 2009. The thirty men and women of the East Dundee Fire Protection District risk their lives daily to protect the surrounding community. Their bravery and courage are deserving of our recognition and admiration. Please join me in celebrating this special occasion and the long years of service and commitment that it represents. ____________________",https://api.govinfo.gov/related/CREC-2015-07-31-pt1-PgE1197-2,CREC,Proceedings of Congress and General Congressional Publications,2025-03-07T17:29:04Z,Congressional Record,package_114_122.csv,1637,0,1637,"[congressional record volume 161, number 123 (friday, july 31, 2015)] [extensions of remarks] [page e1197] from the congressional record online through the government publishing office [ www.gpo.gov ] commemorating 125 years of service of the east dundee fire protection district ______ hon. peter j. roskam of illinois in the house of representatives friday, july 31, 2015 mr. roskam. mr. speaker, i am pleased to recognize the east dundee fire protection district on their 125th anniversary celebration. throughout the year, the community will gather to recognize the heroic firefighters and paramedics who have proudly and faithfully served their community. in 1890, the department's first year of service, firefighters responded to 25 calls while protecting the residents living in the area. today, the fire protection district boasts a 2 million dollar budget, responds to over 1,350 calls, and covers over 10,000 residents from the fox river to the arboretum in south barrington. throughout their history, the east dundee fire department has seen its ranks swell with family members. max freeman, the district's first fire chief, served with his brother earl in the 1950's and another fire chief, eugene rakow, served as chief until 1986, when his son mark took his place until late 2009. the thirty men and women of the east dundee fire protection district risk their lives daily to protect the surrounding community. their bravery and courage are deserving of our recognition and admiration. please join me in celebrating this special occasion and the long years of service and commitment that it represents. ____________________",1637
CREC-2015-07-31-pt1-PgE1198,CREC-2015-07-31,2015-07-31,RECOGNIZING THE 75TH ANNIVERSARY OF THE FAIRFAX COUNTY POLICE DEPARTMENT,CREC,EXTENSIONS,E,E,1,https://www.govinfo.gov/app/details/CREC-2015-07-31/CREC-2015-07-31-pt1-PgE1198,https://api.govinfo.gov/packages/CREC-2015-07-31/granules/CREC-2015-07-31-pt1-PgE1198/htm,https://api.govinfo.gov/packages/CREC-2015-07-31/granules/CREC-2015-07-31-pt1-PgE1198/pdf,https://api.govinfo.gov/packages/CREC-2015-07-31/summary,"[Congressional Record Volume 161, Number 123 (Friday, July 31, 2015)] [Extensions of Remarks] [Page E1198] From the Congressional Record Online through the Government Publishing Office [ www.gpo.gov ] RECOGNIZING THE 75TH ANNIVERSARY OF THE FAIRFAX COUNTY POLICE DEPARTMENT ______ HON. GERALD E. CONNOLLY of virginia in the house of representatives Friday, July 31, 2015 Mr. CONNOLLY. Mr. Speaker, I rise to recognize the 75th Anniversary of the Fairfax County Police Department (FCPD) and to thank its officers and staff for their service to our community. The Department's roots actually date back to the 1920s when a small group of officers was assembled to handle the then perceived growing traffic problems in Fairfax County, which then had a population of about 22,000 people. By 1940, the county population had nearly doubled to 44,000. The need for an independent police force had become clear and a small department comprised of just 6 officers was established. Today, Fairfax County, with a population of about 1.2 million people, is the safest jurisdiction of its size in the United States. In fact, the total number of serious crimes against people and property committed in the county is actually lower today than it was in 1970 when FCPD began tracking statistics even though the population has more than doubled since then. Remarkably, FCPD has achieved this level of safety with the lowest officer-to-community-member ratio for a jurisdiction of its size and has lost only six officers in the line of duty in 75 years. FCPD accomplishes this success through strong relationships with the community, other county agencies, and its counterparts in other jurisdictions. I enjoyed a strong relationship with the department during my 14 years on the Board of Supervisors, particularly during my five years as chairman, and that partnership continues with my service in the U.S. Congress. Community engagement is a particularly high priority for FCPD. Officers are visible in our schools and mentor our youth. They meet with local business owners and coordinate with neighborhood watch programs. They meet with local minority communities and faith groups to foster better understanding and cooperation. Moreover, the Chief's Council on Diversity Recruitment strives to ensure that the diversity of the force reflects that of the community. Almost every year since 1995, I have ridden alongside the Chief or another police officer to National Night Out events throughout Fairfax County and it is inspiring to see the depth of community support for our law enforcement officers. This is a tribute to the level of passion and commitment displayed by the Department to their mission and our residents. Mr. Speaker, I ask my colleagues to join me in congratulating the Fairfax County Police Department on its 75th anniversary and in thanking the men and women of the Fairfax County Police Department who have made Fairfax County the safest jurisdiction of its size in the United States. This accomplishment certainly contributes to the County being rated as one of the best communities in the nation in which to live, work, and raise a family. ____________________",,"[Congressional Record Volume 161, Number 123 (Friday, July 31, 2015)] [Extensions of Remarks] [Page E1198] From the Congressional Record Online through the Government Publishing Office [ www.gpo.gov ] RECOGNIZING THE 75TH ANNIVERSARY OF THE FAIRFAX COUNTY POLICE DEPARTMENT ______ HON. GERALD E. CONNOLLY of virginia in the house of representatives Friday, July 31, 2015 Mr. CONNOLLY. Mr. Speaker, I rise to recognize the 75th Anniversary of the Fairfax County Police Department (FCPD) and to thank its officers and staff for their service to our community. The Department's roots actually date back to the 1920s when a small group of officers was assembled to handle the then perceived growing traffic problems in Fairfax County, which then had a population of about 22,000 people. By 1940, the county population had nearly doubled to 44,000. The need for an independent police force had become clear and a small department comprised of just 6 officers was established. Today, Fairfax County, with a population of about 1.2 million people, is the safest jurisdiction of its size in the United States. In fact, the total number of serious crimes against people and property committed in the county is actually lower today than it was in 1970 when FCPD began tracking statistics even though the population has more than doubled since then. Remarkably, FCPD has achieved this level of safety with the lowest officer-to-community-member ratio for a jurisdiction of its size and has lost only six officers in the line of duty in 75 years. FCPD accomplishes this success through strong relationships with the community, other county agencies, and its counterparts in other jurisdictions. I enjoyed a strong relationship with the department during my 14 years on the Board of Supervisors, particularly during my five years as chairman, and that partnership continues with my service in the U.S. Congress. Community engagement is a particularly high priority for FCPD. Officers are visible in our schools and mentor our youth. They meet with local business owners and coordinate with neighborhood watch programs. They meet with local minority communities and faith groups to foster better understanding and cooperation. Moreover, the Chief's Council on Diversity Recruitment strives to ensure that the diversity of the force reflects that of the community. Almost every year since 1995, I have ridden alongside the Chief or another police officer to National Night Out events throughout Fairfax County and it is inspiring to see the depth of community support for our law enforcement officers. This is a tribute to the level of passion and commitment displayed by the Department to their mission and our residents. Mr. Speaker, I ask my colleagues to join me in congratulating the Fairfax County Police Department on its 75th anniversary and in thanking the men and women of the Fairfax County Police Department who have made Fairfax County the safest jurisdiction of its size in the United States. This accomplishment certainly contributes to the County being rated as one of the best communities in the nation in which to live, work, and raise a family. ____________________",https://api.govinfo.gov/related/CREC-2015-07-31-pt1-PgE1198,CREC,Proceedings of Congress and General Congressional Publications,2025-03-07T17:29:04Z,Congressional Record,package_114_122.csv,3169,0,3169,"[congressional record volume 161, number 123 (friday, july 31, 2015)] [extensions of remarks] [page e1198] from the congressional record online through the government publishing office [ www.gpo.gov ] recognizing the 75th anniversary of the fairfax county police department ______ hon. gerald e. connolly of virginia in the house of representatives friday, july 31, 2015 mr. connolly. mr. speaker, i rise to recognize the 75th anniversary of the fairfax county police department (fcpd) and to thank its officers and staff for their service to our community. the department's roots actually date back to the 1920s when a small group of officers was assembled to handle the then perceived growing traffic problems in fairfax county, which then had a population of about 22,000 people. by 1940, the county population had nearly doubled to 44,000. the need for an independent police force had become clear and a small department comprised of just 6 officers was established. today, fairfax county, with a population of about 1.2 million people, is the safest jurisdiction of its size in the united states. in fact, the total number of serious crimes against people and property committed in the county is actually lower today than it was in 1970 when fcpd began tracking statistics even though the population has more than doubled since then. remarkably, fcpd has achieved this level of safety with the lowest officer-to-community-member ratio for a jurisdiction of its size and has lost only six officers in the line of duty in 75 years. fcpd accomplishes this success through strong relationships with the community, other county agencies, and its counterparts in other jurisdictions. i enjoyed a strong relationship with the department during my 14 years on the board of supervisors, particularly during my five years as chairman, and that partnership continues with my service in the u.s. congress. community engagement is a particularly high priority for fcpd. officers are visible in our schools and mentor our youth. they meet with local business owners and coordinate with neighborhood watch programs. they meet with local minority communities and faith groups to foster better understanding and cooperation. moreover, the chief's council on diversity recruitment strives to ensure that the diversity of the force reflects that of the community. almost every year since 1995, i have ridden alongside the chief or another police officer to national night out events throughout fairfax county and it is inspiring to see the depth of community support for our law enforcement officers. this is a tribute to the level of passion and commitment displayed by the department to their mission and our residents. mr. speaker, i ask my colleagues to join me in congratulating the fairfax county police department on its 75th anniversary and in thanking the men and women of the fairfax county police department who have made fairfax county the safest jurisdiction of its size in the united states. this accomplishment certainly contributes to the county being rated as one of the best communities in the nation in which to live, work, and raise a family. ____________________",3169
CREC-2015-07-31-pt1-PgE1198-2,CREC-2015-07-31,2015-07-31,HONORING JACKIE BORCHEW,CREC,EXTENSIONS,E,E,1,https://www.govinfo.gov/app/details/CREC-2015-07-31/CREC-2015-07-31-pt1-PgE1198-2,https://api.govinfo.gov/packages/CREC-2015-07-31/granules/CREC-2015-07-31-pt1-PgE1198-2/htm,https://api.govinfo.gov/packages/CREC-2015-07-31/granules/CREC-2015-07-31-pt1-PgE1198-2/pdf,https://api.govinfo.gov/packages/CREC-2015-07-31/summary,"[Congressional Record Volume 161, Number 123 (Friday, July 31, 2015)] [Extensions of Remarks] [Page E1198] From the Congressional Record Online through the Government Publishing Office [ www.gpo.gov ] HONORING JACKIE BORCHEW ______ HON. ROBERT J. DOLD of illinois in the house of representatives Friday, July 31, 2015 Mr. DOLD. Mr. Speaker, I am honored today to recognize Jackie Borchew for her tireless efforts and dedication to Orphans of the Storm, an animal shelter in Riverwoods, Illinois. In her many years of service, she has helped find countless permanent homes for abandoned dogs and cats. Jackie's years of enthusiastic service to Orphans of the Storm has most assuredly contributed to raising awareness of the shelter and the good work they do to benefit the animal community. Jackie has helped Orphans pursue their mission of saving, caring for and adopting out dogs and cats into loving permanent homes. Through off-site adoption events and other countless volunteer efforts, Jackie has been essential to establishing Orphans as a staple for the animal community throughout the region. There will most certainly be a hole left behind as Jackie leaves Orphans to embark on her next endeavor. Although she will be missed, all of her efforts have created a strong foundation for the shelter to continue to place abandoned pets into loving homes. I feel personally privileged to have Jackie as a member of our community, and I look forward to seeing what the next stage of her life brings. ____________________",,"[Congressional Record Volume 161, Number 123 (Friday, July 31, 2015)] [Extensions of Remarks] [Page E1198] From the Congressional Record Online through the Government Publishing Office [ www.gpo.gov ] HONORING JACKIE BORCHEW ______ HON. ROBERT J. DOLD of illinois in the house of representatives Friday, July 31, 2015 Mr. DOLD. Mr. Speaker, I am honored today to recognize Jackie Borchew for her tireless efforts and dedication to Orphans of the Storm, an animal shelter in Riverwoods, Illinois. In her many years of service, she has helped find countless permanent homes for abandoned dogs and cats. Jackie's years of enthusiastic service to Orphans of the Storm has most assuredly contributed to raising awareness of the shelter and the good work they do to benefit the animal community. Jackie has helped Orphans pursue their mission of saving, caring for and adopting out dogs and cats into loving permanent homes. Through off-site adoption events and other countless volunteer efforts, Jackie has been essential to establishing Orphans as a staple for the animal community throughout the region. There will most certainly be a hole left behind as Jackie leaves Orphans to embark on her next endeavor. Although she will be missed, all of her efforts have created a strong foundation for the shelter to continue to place abandoned pets into loving homes. I feel personally privileged to have Jackie as a member of our community, and I look forward to seeing what the next stage of her life brings. ____________________",https://api.govinfo.gov/related/CREC-2015-07-31-pt1-PgE1198-2,CREC,Proceedings of Congress and General Congressional Publications,2025-03-07T17:29:04Z,Congressional Record,package_114_122.csv,1521,0,1521,"[congressional record volume 161, number 123 (friday, july 31, 2015)] [extensions of remarks] [page e1198] from the congressional record online through the government publishing office [ www.gpo.gov ] honoring jackie borchew ______ hon. robert j. dold of illinois in the house of representatives friday, july 31, 2015 mr. dold. mr. speaker, i am honored today to recognize jackie borchew for her tireless efforts and dedication to orphans of the storm, an animal shelter in riverwoods, illinois. in her many years of service, she has helped find countless permanent homes for abandoned dogs and cats. jackie's years of enthusiastic service to orphans of the storm has most assuredly contributed to raising awareness of the shelter and the good work they do to benefit the animal community. jackie has helped orphans pursue their mission of saving, caring for and adopting out dogs and cats into loving permanent homes. through off-site adoption events and other countless volunteer efforts, jackie has been essential to establishing orphans as a staple for the animal community throughout the region. there will most certainly be a hole left behind as jackie leaves orphans to embark on her next endeavor. although she will be missed, all of her efforts have created a strong foundation for the shelter to continue to place abandoned pets into loving homes. i feel personally privileged to have jackie as a member of our community, and i look forward to seeing what the next stage of her life brings. ____________________",1521
CREC-2015-07-31-pt1-PgE1198-3,CREC-2015-07-31,2015-07-31,RECOGNIZING THE 50TH ANNIVERSARY OF THE ROTARY CLUB OF ANNANDALE,CREC,EXTENSIONS,E,E,1,https://www.govinfo.gov/app/details/CREC-2015-07-31/CREC-2015-07-31-pt1-PgE1198-3,https://api.govinfo.gov/packages/CREC-2015-07-31/granules/CREC-2015-07-31-pt1-PgE1198-3/htm,https://api.govinfo.gov/packages/CREC-2015-07-31/granules/CREC-2015-07-31-pt1-PgE1198-3/pdf,https://api.govinfo.gov/packages/CREC-2015-07-31/summary,"[Congressional Record Volume 161, Number 123 (Friday, July 31, 2015)] [Extensions of Remarks] [Pages E1198-E1199] From the Congressional Record Online through the Government Publishing Office [ www.gpo.gov ] RECOGNIZING THE 50TH ANNIVERSARY OF THE ROTARY CLUB OF ANNANDALE ______ HON. GERALD E. CONNOLLY of virginia in the house of representatives Friday, July 31, 2015 Mr. CONNOLLY. Mr. Speaker, I rise to recognize the 50th Anniversary of the Rotary Club of Annandale and to thank its members for their service to our community. The world's first service club, the Rotary Club of Chicago was formed February 23, 1905, by Paul P. Harris. The name ``Rotary'' is derived from the early practice of rotating meetings among members' offices. The Rotary Club concept thrived in its early years, and by 1921 there were chapters on six continents. In 1922, the name ``Rotary International'' was adopted. The objective of Rotary International is to encourage and foster community service. International understanding, goodwill, and peace are promoted through the shared commitment to service of Rotarians from around the world. Rotary International now boasts more than 1.2 million members in 166 countries, and I am pleased to be counted among their honorary ranks. Chartered in 1965, the Rotary Club of Annandale is an integral part of the community and engages in numerous public service activities. The Club supports various local community service organizations that provide day care facilities, housing for the homeless, literacy classes, and summer camps for low income families, through financial donations and volunteer work programs. In addition, the Club is very committed to supporting educational programs, including the support of student [[Page E1199]] service organizations at Annandale High School and Northern Virginia Community College's Annandale Campus, scholarships to graduating seniors at Annandale and Woodson high schools and vocational scholarships to students at NVCC. The Club also presents Rotary Medals to the outstanding graduate at each of the elementary, middle, and high schools in the greater Annandale area. Rotary International is renowned for its worldwide humanitarian projects. The Annandale Rotary Club embraces this philosophy and has sponsored projects in other countries, including efforts to and equip a school in Haiti. Mr. Speaker, I ask my colleagues to join me in congratulating the Rotary Club of Annandale on its 50th Anniversary and thanking its members, volunteers, and supporters for putting service above self. ____________________",,"[Congressional Record Volume 161, Number 123 (Friday, July 31, 2015)] [Extensions of Remarks] [Pages E1198-E1199] From the Congressional Record Online through the Government Publishing Office [ www.gpo.gov ] RECOGNIZING THE 50TH ANNIVERSARY OF THE ROTARY CLUB OF ANNANDALE ______ HON. GERALD E. CONNOLLY of virginia in the house of representatives Friday, July 31, 2015 Mr. CONNOLLY. Mr. Speaker, I rise to recognize the 50th Anniversary of the Rotary Club of Annandale and to thank its members for their service to our community. The world's first service club, the Rotary Club of Chicago was formed February 23, 1905, by Paul P. Harris. The name ``Rotary'' is derived from the early practice of rotating meetings among members' offices. The Rotary Club concept thrived in its early years, and by 1921 there were chapters on six continents. In 1922, the name ``Rotary International'' was adopted. The objective of Rotary International is to encourage and foster community service. International understanding, goodwill, and peace are promoted through the shared commitment to service of Rotarians from around the world. Rotary International now boasts more than 1.2 million members in 166 countries, and I am pleased to be counted among their honorary ranks. Chartered in 1965, the Rotary Club of Annandale is an integral part of the community and engages in numerous public service activities. The Club supports various local community service organizations that provide day care facilities, housing for the homeless, literacy classes, and summer camps for low income families, through financial donations and volunteer work programs. In addition, the Club is very committed to supporting educational programs, including the support of student [[Page E1199]] service organizations at Annandale High School and Northern Virginia Community College's Annandale Campus, scholarships to graduating seniors at Annandale and Woodson high schools and vocational scholarships to students at NVCC. The Club also presents Rotary Medals to the outstanding graduate at each of the elementary, middle, and high schools in the greater Annandale area. Rotary International is renowned for its worldwide humanitarian projects. The Annandale Rotary Club embraces this philosophy and has sponsored projects in other countries, including efforts to and equip a school in Haiti. Mr. Speaker, I ask my colleagues to join me in congratulating the Rotary Club of Annandale on its 50th Anniversary and thanking its members, volunteers, and supporters for putting service above self. ____________________",https://api.govinfo.gov/related/CREC-2015-07-31-pt1-PgE1198-3,CREC,Proceedings of Congress and General Congressional Publications,2025-03-07T17:29:04Z,Congressional Record,package_114_122.csv,2580,0,2580,"[congressional record volume 161, number 123 (friday, july 31, 2015)] [extensions of remarks] [pages e1198-e1199] from the congressional record online through the government publishing office [ www.gpo.gov ] recognizing the 50th anniversary of the rotary club of annandale ______ hon. gerald e. connolly of virginia in the house of representatives friday, july 31, 2015 mr. connolly. mr. speaker, i rise to recognize the 50th anniversary of the rotary club of annandale and to thank its members for their service to our community. the world's first service club, the rotary club of chicago was formed february 23, 1905, by paul p. harris. the name ``rotary'' is derived from the early practice of rotating meetings among members' offices. the rotary club concept thrived in its early years, and by 1921 there were chapters on six continents. in 1922, the name ``rotary international'' was adopted. the objective of rotary international is to encourage and foster community service. international understanding, goodwill, and peace are promoted through the shared commitment to service of rotarians from around the world. rotary international now boasts more than 1.2 million members in 166 countries, and i am pleased to be counted among their honorary ranks. chartered in 1965, the rotary club of annandale is an integral part of the community and engages in numerous public service activities. the club supports various local community service organizations that provide day care facilities, housing for the homeless, literacy classes, and summer camps for low income families, through financial donations and volunteer work programs. in addition, the club is very committed to supporting educational programs, including the support of student [[page e1199]] service organizations at annandale high school and northern virginia community college's annandale campus, scholarships to graduating seniors at annandale and woodson high schools and vocational scholarships to students at nvcc. the club also presents rotary medals to the outstanding graduate at each of the elementary, middle, and high schools in the greater annandale area. rotary international is renowned for its worldwide humanitarian projects. the annandale rotary club embraces this philosophy and has sponsored projects in other countries, including efforts to and equip a school in haiti. mr. speaker, i ask my colleagues to join me in congratulating the rotary club of annandale on its 50th anniversary and thanking its members, volunteers, and supporters for putting service above self. ____________________",2580
CREC-2015-07-31-pt1-PgE1199,CREC-2015-07-31,2015-07-31,COMMEMORATING 100 YEARS OF SERVICE OF THE CARPENTERSVILLE FIRE DEPARTMENT,CREC,EXTENSIONS,E,E,1,https://www.govinfo.gov/app/details/CREC-2015-07-31/CREC-2015-07-31-pt1-PgE1199,https://api.govinfo.gov/packages/CREC-2015-07-31/granules/CREC-2015-07-31-pt1-PgE1199/htm,https://api.govinfo.gov/packages/CREC-2015-07-31/granules/CREC-2015-07-31-pt1-PgE1199/pdf,https://api.govinfo.gov/packages/CREC-2015-07-31/summary,"[Congressional Record Volume 161, Number 123 (Friday, July 31, 2015)] [Extensions of Remarks] [Page E1199] From the Congressional Record Online through the Government Publishing Office [ www.gpo.gov ] COMMEMORATING 100 YEARS OF SERVICE OF THE CARPENTERSVILLE FIRE DEPARTMENT ______ HON. PETER J. ROSKAM of illinois in the house of representatives Friday, July 31, 2015 Mr. ROSKAM. Mr. Speaker, I am pleased to recognize the Carpentersville Fire Department on their centennial anniversary celebration. On September 19th, the community will gather to recognize the heroic firefighters and paramedics who have proudly and faithfully served the families and businesses of Carpentersville and the surrounding area. In October of 1914, an ordinance was created by the village of Carpentersville to establish a volunteer fire department and on February 23rd, 1915 the Carpentersville Fire Department assembled for its first meeting in the village hall. A long cry from the one call it received in 1915, the Carpentersville Fire Department responded to 3,518 calls in 2014. However, their mission to protect the quality of life of those they serve has been the same since its founding. The men and women who comprise the Carpentersville Fire Department risk their lives daily to protect their communities. Their bravery and courage deserve of our recognition. Please join me in celebrating this special occasion and the long years of service and commitment that it represents. ____________________",,"[Congressional Record Volume 161, Number 123 (Friday, July 31, 2015)] [Extensions of Remarks] [Page E1199] From the Congressional Record Online through the Government Publishing Office [ www.gpo.gov ] COMMEMORATING 100 YEARS OF SERVICE OF THE CARPENTERSVILLE FIRE DEPARTMENT ______ HON. PETER J. ROSKAM of illinois in the house of representatives Friday, July 31, 2015 Mr. ROSKAM. Mr. Speaker, I am pleased to recognize the Carpentersville Fire Department on their centennial anniversary celebration. On September 19th, the community will gather to recognize the heroic firefighters and paramedics who have proudly and faithfully served the families and businesses of Carpentersville and the surrounding area. In October of 1914, an ordinance was created by the village of Carpentersville to establish a volunteer fire department and on February 23rd, 1915 the Carpentersville Fire Department assembled for its first meeting in the village hall. A long cry from the one call it received in 1915, the Carpentersville Fire Department responded to 3,518 calls in 2014. However, their mission to protect the quality of life of those they serve has been the same since its founding. The men and women who comprise the Carpentersville Fire Department risk their lives daily to protect their communities. Their bravery and courage deserve of our recognition. Please join me in celebrating this special occasion and the long years of service and commitment that it represents. ____________________",https://api.govinfo.gov/related/CREC-2015-07-31-pt1-PgE1199,CREC,Proceedings of Congress and General Congressional Publications,2025-03-07T17:29:04Z,Congressional Record,package_114_122.csv,1489,0,1489,"[congressional record volume 161, number 123 (friday, july 31, 2015)] [extensions of remarks] [page e1199] from the congressional record online through the government publishing office [ www.gpo.gov ] commemorating 100 years of service of the carpentersville fire department ______ hon. peter j. roskam of illinois in the house of representatives friday, july 31, 2015 mr. roskam. mr. speaker, i am pleased to recognize the carpentersville fire department on their centennial anniversary celebration. on september 19th, the community will gather to recognize the heroic firefighters and paramedics who have proudly and faithfully served the families and businesses of carpentersville and the surrounding area. in october of 1914, an ordinance was created by the village of carpentersville to establish a volunteer fire department and on february 23rd, 1915 the carpentersville fire department assembled for its first meeting in the village hall. a long cry from the one call it received in 1915, the carpentersville fire department responded to 3,518 calls in 2014. however, their mission to protect the quality of life of those they serve has been the same since its founding. the men and women who comprise the carpentersville fire department risk their lives daily to protect their communities. their bravery and courage deserve of our recognition. please join me in celebrating this special occasion and the long years of service and commitment that it represents. ____________________",1489
CREC-2015-07-31-pt1-PgE1199-2,CREC-2015-07-31,2015-07-31,RECOGNIZING MR. ANTONIO CAMPOS,CREC,EXTENSIONS,E,E,1,https://www.govinfo.gov/app/details/CREC-2015-07-31/CREC-2015-07-31-pt1-PgE1199-2,https://api.govinfo.gov/packages/CREC-2015-07-31/granules/CREC-2015-07-31-pt1-PgE1199-2/htm,https://api.govinfo.gov/packages/CREC-2015-07-31/granules/CREC-2015-07-31-pt1-PgE1199-2/pdf,https://api.govinfo.gov/packages/CREC-2015-07-31/summary,"[Congressional Record Volume 161, Number 123 (Friday, July 31, 2015)] [Extensions of Remarks] [Page E1199] From the Congressional Record Online through the Government Publishing Office [ www.gpo.gov ] RECOGNIZING MR. ANTONIO CAMPOS ______ HON. DAVID G. VALADAO of california in the house of representatives Friday, July 31, 2015 Mr. VALADAO. Mr. Speaker, I, along with Congressman Nunes and Congressman Costa, rise today to congratulate Antonio ``Tony'' Campos for receiving the 2015 Ag One Community Salute. Mr. Campos was born and raised in Orondritz, Spain. At the age of seventeen, Mr. Campos immigrated to the United States. Although he was originally a sheepherder, he began farming Vineyards near Caruthers, California in collaboration with his brothers, Esteban and Fermin, four years after arriving in America. In 1971, they began growing almonds and launched Campos Brothers Farms. Throughout his life, Mr. Campos has been an active leader in the agricultural community and the Central Valley as a whole. He has served on the Almond Board of California, the Raisin Bargaining Association, the Raisin Administrative Committee, the National Farmers Organization, the California Bean Advisory Board, and the Fresno County Farm Bureau. Additionally, Mr. Campos has made a point of supporting charitable organizations throughout our community, such as Ag One, Valley Children's Hospital, Catholic Charities Diocese of Fresno, Basque Cultural Center, Caruthers High School, and Jordan College. Today, Mr. Campos lives on the farm he established when he first came to America with his wife, Juliet, and their three children, Jeannine, Joseph, and Steven. Through their dedication, hard work, and commitment to family values, Campos Brothers Farms has grown to be an industry leader in almond production and processing. On Friday, July 31, 2015, Ag One will honor Mr. Campos as the 2015 Community Salute for his success as a local almond farmer and his commitment to serving his community. Mr. Speaker, we ask our colleagues in the United States House of Representatives to join us in commending Antonio Campos for successfully pursuing the American Dream and congratulating him for being recognized as the 2015 Community Salute. ____________________",,"[Congressional Record Volume 161, Number 123 (Friday, July 31, 2015)] [Extensions of Remarks] [Page E1199] From the Congressional Record Online through the Government Publishing Office [ www.gpo.gov ] RECOGNIZING MR. ANTONIO CAMPOS ______ HON. DAVID G. VALADAO of california in the house of representatives Friday, July 31, 2015 Mr. VALADAO. Mr. Speaker, I, along with Congressman Nunes and Congressman Costa, rise today to congratulate Antonio ``Tony'' Campos for receiving the 2015 Ag One Community Salute. Mr. Campos was born and raised in Orondritz, Spain. At the age of seventeen, Mr. Campos immigrated to the United States. Although he was originally a sheepherder, he began farming Vineyards near Caruthers, California in collaboration with his brothers, Esteban and Fermin, four years after arriving in America. In 1971, they began growing almonds and launched Campos Brothers Farms. Throughout his life, Mr. Campos has been an active leader in the agricultural community and the Central Valley as a whole. He has served on the Almond Board of California, the Raisin Bargaining Association, the Raisin Administrative Committee, the National Farmers Organization, the California Bean Advisory Board, and the Fresno County Farm Bureau. Additionally, Mr. Campos has made a point of supporting charitable organizations throughout our community, such as Ag One, Valley Children's Hospital, Catholic Charities Diocese of Fresno, Basque Cultural Center, Caruthers High School, and Jordan College. Today, Mr. Campos lives on the farm he established when he first came to America with his wife, Juliet, and their three children, Jeannine, Joseph, and Steven. Through their dedication, hard work, and commitment to family values, Campos Brothers Farms has grown to be an industry leader in almond production and processing. On Friday, July 31, 2015, Ag One will honor Mr. Campos as the 2015 Community Salute for his success as a local almond farmer and his commitment to serving his community. Mr. Speaker, we ask our colleagues in the United States House of Representatives to join us in commending Antonio Campos for successfully pursuing the American Dream and congratulating him for being recognized as the 2015 Community Salute. ____________________",https://api.govinfo.gov/related/CREC-2015-07-31-pt1-PgE1199-2,CREC,Proceedings of Congress and General Congressional Publications,2025-03-07T17:29:04Z,Congressional Record,package_114_122.csv,2252,0,2252,"[congressional record volume 161, number 123 (friday, july 31, 2015)] [extensions of remarks] [page e1199] from the congressional record online through the government publishing office [ www.gpo.gov ] recognizing mr. antonio campos ______ hon. david g. valadao of california in the house of representatives friday, july 31, 2015 mr. valadao. mr. speaker, i, along with congressman nunes and congressman costa, rise today to congratulate antonio ``tony'' campos for receiving the 2015 ag one community salute. mr. campos was born and raised in orondritz, spain. at the age of seventeen, mr. campos immigrated to the united states. although he was originally a sheepherder, he began farming vineyards near caruthers, california in collaboration with his brothers, esteban and fermin, four years after arriving in america. in 1971, they began growing almonds and launched campos brothers farms. throughout his life, mr. campos has been an active leader in the agricultural community and the central valley as a whole. he has served on the almond board of california, the raisin bargaining association, the raisin administrative committee, the national farmers organization, the california bean advisory board, and the fresno county farm bureau. additionally, mr. campos has made a point of supporting charitable organizations throughout our community, such as ag one, valley children's hospital, catholic charities diocese of fresno, basque cultural center, caruthers high school, and jordan college. today, mr. campos lives on the farm he established when he first came to america with his wife, juliet, and their three children, jeannine, joseph, and steven. through their dedication, hard work, and commitment to family values, campos brothers farms has grown to be an industry leader in almond production and processing. on friday, july 31, 2015, ag one will honor mr. campos as the 2015 community salute for his success as a local almond farmer and his commitment to serving his community. mr. speaker, we ask our colleagues in the united states house of representatives to join us in commending antonio campos for successfully pursuing the american dream and congratulating him for being recognized as the 2015 community salute. ____________________",2252
CREC-2015-07-31-pt1-PgE1199-3,CREC-2015-07-31,2015-07-31,RECOGNIZING THE 50TH ANNIVERSARY OF THE ROTARY CLUB OF VIENNA,CREC,EXTENSIONS,E,E,1,https://www.govinfo.gov/app/details/CREC-2015-07-31/CREC-2015-07-31-pt1-PgE1199-3,https://api.govinfo.gov/packages/CREC-2015-07-31/granules/CREC-2015-07-31-pt1-PgE1199-3/htm,https://api.govinfo.gov/packages/CREC-2015-07-31/granules/CREC-2015-07-31-pt1-PgE1199-3/pdf,https://api.govinfo.gov/packages/CREC-2015-07-31/summary,"[Congressional Record Volume 161, Number 123 (Friday, July 31, 2015)] [Extensions of Remarks] [Page E1199] From the Congressional Record Online through the Government Publishing Office [ www.gpo.gov ] RECOGNIZING THE 50TH ANNIVERSARY OF THE ROTARY CLUB OF VIENNA ______ HON. GERALD E. CONNOLLY of virginia in the house of representatives Friday, July 31, 2015 Mr. CONNOLLY. Mr. Speaker, I rise to recognize the 50th Anniversary of the Rotary Club of Vienna and to thank its members for their service to our community. The world's first service club, the Rotary Club of Chicago was formed February 23, 1905, by Paul P. Harris. The name ``Rotary'' is derived from the early practice of rotating meetings among members' offices. The Rotary Club concept thrived in its early years and by 1921 there were chapters on six continents. In 1922, the name ``Rotary International'' was adopted. The objective of Rotary International is to encourage and foster community service. International understanding, goodwill, and peace are promoted through the shared commitment to service of Rotarians from around the world. Rotary International now boasts more than 1.2 million members and Clubs exist in 166 countries located on six different continents. And I am pleased to be counted among their honorary ranks. The Vienna Club was chartered June 30, 1965. Shortly thereafter, the Club sponsored a circus as its very first fundraiser. The event raised $1,000 towards the construction of the Vienna Community Center. Since then, the Club has engaged in a wide variety of activities that have benefitted the community. In the early years, the Club offered several different scholarships to local students, provided career counseling, organized CPR training, and engaged in several service projects. Today, the Rotary Club of Vienna is perhaps best known for hosting the annual ViVa Vienna Festival every Memorial Day Weekend. This event attracts thousands of people from throughout the region and is a great source of pride for the Vienna community. Perhaps more importantly, the most recent festival raised approximately $160,000 that the Club will donate to dozens of organizations locally and throughout the world. The efforts and effectiveness of the Vienna Rotary Club have been recognized with Rotary International awards for best club, vocational service, literacy programs, international service, membership, best all-round club, best small club bulletin, community service, and outstanding club. Mr. Speaker, I ask my colleagues to join me in congratulating the Rotary Club of Vienna on its 50th Anniversary and thanking its members, volunteers and supporters for putting service above self. ____________________",,"[Congressional Record Volume 161, Number 123 (Friday, July 31, 2015)] [Extensions of Remarks] [Page E1199] From the Congressional Record Online through the Government Publishing Office [ www.gpo.gov ] RECOGNIZING THE 50TH ANNIVERSARY OF THE ROTARY CLUB OF VIENNA ______ HON. GERALD E. CONNOLLY of virginia in the house of representatives Friday, July 31, 2015 Mr. CONNOLLY. Mr. Speaker, I rise to recognize the 50th Anniversary of the Rotary Club of Vienna and to thank its members for their service to our community. The world's first service club, the Rotary Club of Chicago was formed February 23, 1905, by Paul P. Harris. The name ``Rotary'' is derived from the early practice of rotating meetings among members' offices. The Rotary Club concept thrived in its early years and by 1921 there were chapters on six continents. In 1922, the name ``Rotary International'' was adopted. The objective of Rotary International is to encourage and foster community service. International understanding, goodwill, and peace are promoted through the shared commitment to service of Rotarians from around the world. Rotary International now boasts more than 1.2 million members and Clubs exist in 166 countries located on six different continents. And I am pleased to be counted among their honorary ranks. The Vienna Club was chartered June 30, 1965. Shortly thereafter, the Club sponsored a circus as its very first fundraiser. The event raised $1,000 towards the construction of the Vienna Community Center. Since then, the Club has engaged in a wide variety of activities that have benefitted the community. In the early years, the Club offered several different scholarships to local students, provided career counseling, organized CPR training, and engaged in several service projects. Today, the Rotary Club of Vienna is perhaps best known for hosting the annual ViVa Vienna Festival every Memorial Day Weekend. This event attracts thousands of people from throughout the region and is a great source of pride for the Vienna community. Perhaps more importantly, the most recent festival raised approximately $160,000 that the Club will donate to dozens of organizations locally and throughout the world. The efforts and effectiveness of the Vienna Rotary Club have been recognized with Rotary International awards for best club, vocational service, literacy programs, international service, membership, best all-round club, best small club bulletin, community service, and outstanding club. Mr. Speaker, I ask my colleagues to join me in congratulating the Rotary Club of Vienna on its 50th Anniversary and thanking its members, volunteers and supporters for putting service above self. ____________________",https://api.govinfo.gov/related/CREC-2015-07-31-pt1-PgE1199-3,CREC,Proceedings of Congress and General Congressional Publications,2025-03-07T17:29:04Z,Congressional Record,package_114_122.csv,2705,0,2705,"[congressional record volume 161, number 123 (friday, july 31, 2015)] [extensions of remarks] [page e1199] from the congressional record online through the government publishing office [ www.gpo.gov ] recognizing the 50th anniversary of the rotary club of vienna ______ hon. gerald e. connolly of virginia in the house of representatives friday, july 31, 2015 mr. connolly. mr. speaker, i rise to recognize the 50th anniversary of the rotary club of vienna and to thank its members for their service to our community. the world's first service club, the rotary club of chicago was formed february 23, 1905, by paul p. harris. the name ``rotary'' is derived from the early practice of rotating meetings among members' offices. the rotary club concept thrived in its early years and by 1921 there were chapters on six continents. in 1922, the name ``rotary international'' was adopted. the objective of rotary international is to encourage and foster community service. international understanding, goodwill, and peace are promoted through the shared commitment to service of rotarians from around the world. rotary international now boasts more than 1.2 million members and clubs exist in 166 countries located on six different continents. and i am pleased to be counted among their honorary ranks. the vienna club was chartered june 30, 1965. shortly thereafter, the club sponsored a circus as its very first fundraiser. the event raised $1,000 towards the construction of the vienna community center. since then, the club has engaged in a wide variety of activities that have benefitted the community. in the early years, the club offered several different scholarships to local students, provided career counseling, organized cpr training, and engaged in several service projects. today, the rotary club of vienna is perhaps best known for hosting the annual viva vienna festival every memorial day weekend. this event attracts thousands of people from throughout the region and is a great source of pride for the vienna community. perhaps more importantly, the most recent festival raised approximately $160,000 that the club will donate to dozens of organizations locally and throughout the world. the efforts and effectiveness of the vienna rotary club have been recognized with rotary international awards for best club, vocational service, literacy programs, international service, membership, best all-round club, best small club bulletin, community service, and outstanding club. mr. speaker, i ask my colleagues to join me in congratulating the rotary club of vienna on its 50th anniversary and thanking its members, volunteers and supporters for putting service above self. ____________________",2705
CREC-2015-07-31-pt1-PgE1199-4,CREC-2015-07-31,2015-07-31,PERSONAL EXPLANATION,CREC,EXTENSIONS,E,E,1,https://www.govinfo.gov/app/details/CREC-2015-07-31/CREC-2015-07-31-pt1-PgE1199-4,https://api.govinfo.gov/packages/CREC-2015-07-31/granules/CREC-2015-07-31-pt1-PgE1199-4/htm,https://api.govinfo.gov/packages/CREC-2015-07-31/granules/CREC-2015-07-31-pt1-PgE1199-4/pdf,https://api.govinfo.gov/packages/CREC-2015-07-31/summary,"[Congressional Record Volume 161, Number 123 (Friday, July 31, 2015)] [Extensions of Remarks] [Page E1199] From the Congressional Record Online through the Government Publishing Office [ www.gpo.gov ] PERSONAL EXPLANATION ______ HON. BILLY LONG of missouri in the house of representatives Friday, July 31, 2015 Mr. LONG. Mr. Speaker, on July 16 of this year, I was away from the Capitol tending to a matter that required me to be in my home district that day. As a result, I was unable to vote on any legislative measures on the floor that day. On the amendment of Mr. Garamendi of California, Amendment No. 3 to H.R. 2898, Roll Call Vote #443, had I been present I would have voted no. On the amendment of Mr. LaMalfa of California, Amendment No. 7 to H.R. 2898, Roll Call Vote #444, had I been present I would have voted yes. On the amendment of Mr. Grijalva of Arizona, Amendment No. 8 to H.R. 2898, Roll Call Vote #445, had I been present I would have voted no. On Motion to Recommit with Instructions H.R. 2898, Roll Call Vote #446, had I been present I would have voted no. On Passage of H.R. 2898, Western Water and American Food Security Act, Roll Call Vote #447, had I been present I would have voted yes. ____________________",,"[Congressional Record Volume 161, Number 123 (Friday, July 31, 2015)] [Extensions of Remarks] [Page E1199] From the Congressional Record Online through the Government Publishing Office [ www.gpo.gov ] PERSONAL EXPLANATION ______ HON. BILLY LONG of missouri in the house of representatives Friday, July 31, 2015 Mr. LONG. Mr. Speaker, on July 16 of this year, I was away from the Capitol tending to a matter that required me to be in my home district that day. As a result, I was unable to vote on any legislative measures on the floor that day. On the amendment of Mr. Garamendi of California, Amendment No. 3 to H.R. 2898, Roll Call Vote #443, had I been present I would have voted no. On the amendment of Mr. LaMalfa of California, Amendment No. 7 to H.R. 2898, Roll Call Vote #444, had I been present I would have voted yes. On the amendment of Mr. Grijalva of Arizona, Amendment No. 8 to H.R. 2898, Roll Call Vote #445, had I been present I would have voted no. On Motion to Recommit with Instructions H.R. 2898, Roll Call Vote #446, had I been present I would have voted no. On Passage of H.R. 2898, Western Water and American Food Security Act, Roll Call Vote #447, had I been present I would have voted yes. ____________________",https://api.govinfo.gov/related/CREC-2015-07-31-pt1-PgE1199-4,CREC,Proceedings of Congress and General Congressional Publications,2025-03-07T17:29:04Z,Congressional Record,package_114_122.csv,1235,0,1235,"[congressional record volume 161, number 123 (friday, july 31, 2015)] [extensions of remarks] [page e1199] from the congressional record online through the government publishing office [ www.gpo.gov ] personal explanation ______ hon. billy long of missouri in the house of representatives friday, july 31, 2015 mr. long. mr. speaker, on july 16 of this year, i was away from the capitol tending to a matter that required me to be in my home district that day. as a result, i was unable to vote on any legislative measures on the floor that day. on the amendment of mr. garamendi of california, amendment no. 3 to h.r. 2898, roll call vote #443, had i been present i would have voted no. on the amendment of mr. lamalfa of california, amendment no. 7 to h.r. 2898, roll call vote #444, had i been present i would have voted yes. on the amendment of mr. grijalva of arizona, amendment no. 8 to h.r. 2898, roll call vote #445, had i been present i would have voted no. on motion to recommit with instructions h.r. 2898, roll call vote #446, had i been present i would have voted no. on passage of h.r. 2898, western water and american food security act, roll call vote #447, had i been present i would have voted yes. ____________________",1235
CREC-2015-07-31-pt1-PgE1199-5,CREC-2015-07-31,2015-07-31,TRIBUTE TO YOUNG STAFF MEMBERS FOR THEIR CONTRIBUTIONS ON BEHALF OF THE PEOPLE OF THE 18TH CONGRESSIONAL DISTRICT OF TEXAS AND THE UNITED STATES,CREC,EXTENSIONS,E,E,1,https://www.govinfo.gov/app/details/CREC-2015-07-31/CREC-2015-07-31-pt1-PgE1199-5,https://api.govinfo.gov/packages/CREC-2015-07-31/granules/CREC-2015-07-31-pt1-PgE1199-5/htm,https://api.govinfo.gov/packages/CREC-2015-07-31/granules/CREC-2015-07-31-pt1-PgE1199-5/pdf,https://api.govinfo.gov/packages/CREC-2015-07-31/summary,"[Congressional Record Volume 161, Number 123 (Friday, July 31, 2015)] [Extensions of Remarks] [Pages E1199-E1200] From the Congressional Record Online through the Government Publishing Office [ www.gpo.gov ] TRIBUTE TO YOUNG STAFF MEMBERS FOR THEIR CONTRIBUTIONS ON BEHALF OF THE PEOPLE OF THE 18TH CONGRESSIONAL DISTRICT OF TEXAS AND THE UNITED STATES ______ HON. SHEILA JACKSON LEE of texas in the house of representatives Friday, July 31, 2015 Ms. JACKSON LEE. Mr. Speaker, as Members of Congress we know well, perhaps better than most, how blessed our nation is to have in reserve such exceptional young men and women who will go on to become leaders in their local communities, states, and the nation in the areas of business, education, government, philanthropy, the arts and culture, and the military. [[Page E1200]] We know this because we see them and benefit from their contributions every day. Many of them work for us in our offices as junior staff members, congressional fellows, or interns and they do amazing work for and on behalf of the constituents we are privileged to represent. Mr. Speaker, I believe there is no higher calling than the call to serve a cause larger than ourselves. That is why I ran for public office. I was inspired to serve by President Kennedy who said, ``Ask not what your country can do for you, ask what you can do for your country,'' and by the Rev. Dr. Martin Luther King, Jr. who said: Everybody can be great because anybody can serve. . . . You only need a heart full of grace. A soul generated by love. By this measure, there are several other great young men and women who served as volunteers this year in my offices. They may toil in obscurity but their contributions to the constituents we serve are deeply appreciated. That is why today I rise to pay tribute to eight extraordinary young persons for their service to my constituents in the 18th Congressional District of Texas and to the American people. They are: Christopher Lange from the University of California at Berkeley and the United States Air Force; Earl King from North Carolina Central School of Law; BerThaddaeus Bailey from the University of Oklahoma; Jesse Guadiana from the University of Texas; Ashley Melero from Texas Tech University; Cassie Gianni from the University of Houston and the LBJ School of Public Affairs at the University of Texas; Aisha Yaqoob of the University of Georgia; Aaron Richards of St. John's University; and Asad Moten from Harvard University and the F. Edward Hebert School of Medicine at the Uniformed Services University of the Health Sciences. Mr. Speaker, the energy, intelligence, and idealism these wonderful young people brought to my office and those interning in the offices of my colleagues help keep our democracy vibrant. The insights, skills, and knowledge of the governmental process they gain from their experiences will last a lifetime and prove invaluable to them as they go about making their mark in this world. Because of persons like them the future of our country is bright and its best days lie ahead. I wish them all well. Mr. Speaker, I am grateful that such thoughtful committed young men and women can be found working in my office, those of my colleagues, and in every community in America. Their good works will keep America great, good, and forever young. ____________________",,"[Congressional Record Volume 161, Number 123 (Friday, July 31, 2015)] [Extensions of Remarks] [Pages E1199-E1200] From the Congressional Record Online through the Government Publishing Office [ www.gpo.gov ] TRIBUTE TO YOUNG STAFF MEMBERS FOR THEIR CONTRIBUTIONS ON BEHALF OF THE PEOPLE OF THE 18TH CONGRESSIONAL DISTRICT OF TEXAS AND THE UNITED STATES ______ HON. SHEILA JACKSON LEE of texas in the house of representatives Friday, July 31, 2015 Ms. JACKSON LEE. Mr. Speaker, as Members of Congress we know well, perhaps better than most, how blessed our nation is to have in reserve such exceptional young men and women who will go on to become leaders in their local communities, states, and the nation in the areas of business, education, government, philanthropy, the arts and culture, and the military. [[Page E1200]] We know this because we see them and benefit from their contributions every day. Many of them work for us in our offices as junior staff members, congressional fellows, or interns and they do amazing work for and on behalf of the constituents we are privileged to represent. Mr. Speaker, I believe there is no higher calling than the call to serve a cause larger than ourselves. That is why I ran for public office. I was inspired to serve by President Kennedy who said, ``Ask not what your country can do for you, ask what you can do for your country,'' and by the Rev. Dr. Martin Luther King, Jr. who said: Everybody can be great because anybody can serve. . . . You only need a heart full of grace. A soul generated by love. By this measure, there are several other great young men and women who served as volunteers this year in my offices. They may toil in obscurity but their contributions to the constituents we serve are deeply appreciated. That is why today I rise to pay tribute to eight extraordinary young persons for their service to my constituents in the 18th Congressional District of Texas and to the American people. They are: Christopher Lange from the University of California at Berkeley and the United States Air Force; Earl King from North Carolina Central School of Law; BerThaddaeus Bailey from the University of Oklahoma; Jesse Guadiana from the University of Texas; Ashley Melero from Texas Tech University; Cassie Gianni from the University of Houston and the LBJ School of Public Affairs at the University of Texas; Aisha Yaqoob of the University of Georgia; Aaron Richards of St. John's University; and Asad Moten from Harvard University and the F. Edward Hebert School of Medicine at the Uniformed Services University of the Health Sciences. Mr. Speaker, the energy, intelligence, and idealism these wonderful young people brought to my office and those interning in the offices of my colleagues help keep our democracy vibrant. The insights, skills, and knowledge of the governmental process they gain from their experiences will last a lifetime and prove invaluable to them as they go about making their mark in this world. Because of persons like them the future of our country is bright and its best days lie ahead. I wish them all well. Mr. Speaker, I am grateful that such thoughtful committed young men and women can be found working in my office, those of my colleagues, and in every community in America. Their good works will keep America great, good, and forever young. ____________________",https://api.govinfo.gov/related/CREC-2015-07-31-pt1-PgE1199-5,CREC,Proceedings of Congress and General Congressional Publications,2025-03-07T17:29:04Z,Congressional Record,package_114_122.csv,3356,0,3356,"[congressional record volume 161, number 123 (friday, july 31, 2015)] [extensions of remarks] [pages e1199-e1200] from the congressional record online through the government publishing office [ www.gpo.gov ] tribute to young staff members for their contributions on behalf of the people of the 18th congressional district of texas and the united states ______ hon. sheila jackson lee of texas in the house of representatives friday, july 31, 2015 ms. jackson lee. mr. speaker, as members of congress we know well, perhaps better than most, how blessed our nation is to have in reserve such exceptional young men and women who will go on to become leaders in their local communities, states, and the nation in the areas of business, education, government, philanthropy, the arts and culture, and the military. [[page e1200]] we know this because we see them and benefit from their contributions every day. many of them work for us in our offices as junior staff members, congressional fellows, or interns and they do amazing work for and on behalf of the constituents we are privileged to represent. mr. speaker, i believe there is no higher calling than the call to serve a cause larger than ourselves. that is why i ran for public office. i was inspired to serve by president kennedy who said, ``ask not what your country can do for you, ask what you can do for your country,'' and by the rev. dr. martin luther king, jr. who said: everybody can be great because anybody can serve. . . . you only need a heart full of grace. a soul generated by love. by this measure, there are several other great young men and women who served as volunteers this year in my offices. they may toil in obscurity but their contributions to the constituents we serve are deeply appreciated. that is why today i rise to pay tribute to eight extraordinary young persons for their service to my constituents in the 18th congressional district of texas and to the american people. they are: christopher lange from the university of california at berkeley and the united states air force; earl king from north carolina central school of law; berthaddaeus bailey from the university of oklahoma; jesse guadiana from the university of texas; ashley melero from texas tech university; cassie gianni from the university of houston and the lbj school of public affairs at the university of texas; aisha yaqoob of the university of georgia; aaron richards of st. john's university; and asad moten from harvard university and the f. edward hebert school of medicine at the uniformed services university of the health sciences. mr. speaker, the energy, intelligence, and idealism these wonderful young people brought to my office and those interning in the offices of my colleagues help keep our democracy vibrant. the insights, skills, and knowledge of the governmental process they gain from their experiences will last a lifetime and prove invaluable to them as they go about making their mark in this world. because of persons like them the future of our country is bright and its best days lie ahead. i wish them all well. mr. speaker, i am grateful that such thoughtful committed young men and women can be found working in my office, those of my colleagues, and in every community in america. their good works will keep america great, good, and forever young. ____________________",3356
CREC-2015-07-31-pt1-PgE1200,CREC-2015-07-31,2015-07-31,"IN RECOGNITION OF ALLYSEN LOVSTUEN, A 2015 PRESIDENTIAL AWARD FOR EXCELLENCE IN MATHEMATICS AND SCIENCE TEACHING RECIPIENT",CREC,EXTENSIONS,E,E,1,https://www.govinfo.gov/app/details/CREC-2015-07-31/CREC-2015-07-31-pt1-PgE1200,https://api.govinfo.gov/packages/CREC-2015-07-31/granules/CREC-2015-07-31-pt1-PgE1200/htm,https://api.govinfo.gov/packages/CREC-2015-07-31/granules/CREC-2015-07-31-pt1-PgE1200/pdf,https://api.govinfo.gov/packages/CREC-2015-07-31/summary,"[Congressional Record Volume 161, Number 123 (Friday, July 31, 2015)] [Extensions of Remarks] [Page E1200] From the Congressional Record Online through the Government Publishing Office [ www.gpo.gov ] IN RECOGNITION OF ALLYSEN LOVSTUEN, A 2015 PRESIDENTIAL AWARD FOR EXCELLENCE IN MATHEMATICS AND SCIENCE TEACHING RECIPIENT ______ HON. ROD BLUM of iowa in the house of representatives Friday, July 31, 2015 Mr. BLUM. Mr. Speaker, I rise today to congratulate Allysen Lovstuen, a constituent from Waukon, Iowa and a 2015 recipient of the Presidential Award for Excellence in Mathematics and Science Teaching. On July 1, 2015, President Obama honored Ms. Lovstuen, a mathematics teacher at Decorah High School in Decorah, Iowa, with the award for Excellence. Awarded annually on behalf of the White House Office of Science and Technology Policy (OSTP) and the National Science Foundation (NSF), this Presidential honor recognizes outstanding teaching contributions in the fields of math and science in K-12 education. For her contributions to curriculum development and mathematics instruction, Allysen will receive a signed certificate from President Obama, along with a $10,000 award from the NSF. Additionally, she will travel to Washington, D.C. for an official awards ceremony hosted by the Administration where she will have the opportunity to meet and collaborate with the 107 other award recipients from across the country. I want to thank Allysen for her commitment to her students at Decorah High School and congratulate her on this honor. ____________________",,"[Congressional Record Volume 161, Number 123 (Friday, July 31, 2015)] [Extensions of Remarks] [Page E1200] From the Congressional Record Online through the Government Publishing Office [ www.gpo.gov ] IN RECOGNITION OF ALLYSEN LOVSTUEN, A 2015 PRESIDENTIAL AWARD FOR EXCELLENCE IN MATHEMATICS AND SCIENCE TEACHING RECIPIENT ______ HON. ROD BLUM of iowa in the house of representatives Friday, July 31, 2015 Mr. BLUM. Mr. Speaker, I rise today to congratulate Allysen Lovstuen, a constituent from Waukon, Iowa and a 2015 recipient of the Presidential Award for Excellence in Mathematics and Science Teaching. On July 1, 2015, President Obama honored Ms. Lovstuen, a mathematics teacher at Decorah High School in Decorah, Iowa, with the award for Excellence. Awarded annually on behalf of the White House Office of Science and Technology Policy (OSTP) and the National Science Foundation (NSF), this Presidential honor recognizes outstanding teaching contributions in the fields of math and science in K-12 education. For her contributions to curriculum development and mathematics instruction, Allysen will receive a signed certificate from President Obama, along with a $10,000 award from the NSF. Additionally, she will travel to Washington, D.C. for an official awards ceremony hosted by the Administration where she will have the opportunity to meet and collaborate with the 107 other award recipients from across the country. I want to thank Allysen for her commitment to her students at Decorah High School and congratulate her on this honor. ____________________",https://api.govinfo.gov/related/CREC-2015-07-31-pt1-PgE1200,CREC,Proceedings of Congress and General Congressional Publications,2025-03-07T17:29:04Z,Congressional Record,package_114_122.csv,1568,0,1568,"[congressional record volume 161, number 123 (friday, july 31, 2015)] [extensions of remarks] [page e1200] from the congressional record online through the government publishing office [ www.gpo.gov ] in recognition of allysen lovstuen, a 2015 presidential award for excellence in mathematics and science teaching recipient ______ hon. rod blum of iowa in the house of representatives friday, july 31, 2015 mr. blum. mr. speaker, i rise today to congratulate allysen lovstuen, a constituent from waukon, iowa and a 2015 recipient of the presidential award for excellence in mathematics and science teaching. on july 1, 2015, president obama honored ms. lovstuen, a mathematics teacher at decorah high school in decorah, iowa, with the award for excellence. awarded annually on behalf of the white house office of science and technology policy (ostp) and the national science foundation (nsf), this presidential honor recognizes outstanding teaching contributions in the fields of math and science in k-12 education. for her contributions to curriculum development and mathematics instruction, allysen will receive a signed certificate from president obama, along with a $10,000 award from the nsf. additionally, she will travel to washington, d.c. for an official awards ceremony hosted by the administration where she will have the opportunity to meet and collaborate with the 107 other award recipients from across the country. i want to thank allysen for her commitment to her students at decorah high school and congratulate her on this honor. ____________________",1568
CREC-2015-07-31-pt1-PgE1200-2,CREC-2015-07-31,2015-07-31,CONGRATULATING THE ROBERT E. SIMON JR. CHILDREN'S CENTER ON THE OCCASION OF ITS 25TH ANNIVERSARY,CREC,EXTENSIONS,E,E,1,https://www.govinfo.gov/app/details/CREC-2015-07-31/CREC-2015-07-31-pt1-PgE1200-2,https://api.govinfo.gov/packages/CREC-2015-07-31/granules/CREC-2015-07-31-pt1-PgE1200-2/htm,https://api.govinfo.gov/packages/CREC-2015-07-31/granules/CREC-2015-07-31-pt1-PgE1200-2/pdf,https://api.govinfo.gov/packages/CREC-2015-07-31/summary,"[Congressional Record Volume 161, Number 123 (Friday, July 31, 2015)] [Extensions of Remarks] [Page E1200] From the Congressional Record Online through the Government Publishing Office [ www.gpo.gov ] CONGRATULATING THE ROBERT E. SIMON JR. CHILDREN'S CENTER ON THE OCCASION OF ITS 25TH ANNIVERSARY ______ HON. GERALD E. CONNOLLY of virginia in the house of representatives Friday, July 31, 2015 Mr. CONNOLLY. Mr. Speaker, I rise to congratulate the Robert E. Simon Jr. Children's Center on the occasion of its 25th Anniversary and its relocation to a new facility. The education and well-being of our children are among the highest priorities that we as a community share. The Robert E. Simon Jr. Children's Center provides a safe, nurturing, instructional atmosphere that promotes creativity, curiosity, independence, and cooperation. The Simon Center is a nonprofit organization located in the 11th Congressional District in Reston, Virginia, and named after Mr. Robert E. Simon, the founder of Reston. The Center was founded in 1990 as part of the Reston Area Child Care Consortium. The consortium was made up of employers, community residents, parents, educators, and professionals concerned about child care needs in our community. The Simon Center fulfilled Mr. Simon's original vision for providing quality childcare in his master plan for Reston. Mr. Simon's original plan placed the Center adjacent to an elder care facility to add an ``inter-generational'' component. That feature was part of the Center's original space as it was connected to a rehabilitation center and a close walk to an assisted-living facility. For 24 years, this arrangement flourished and both the children and the senior citizens in the neighborhood benefitted greatly. The Simon Center is dedicated to meeting the emotional, social, physical, and intellectual needs of children aged three months to five years in a safe, child-oriented environment. Since 2000, the Center has held an advanced accreditation by the National Academy of Early Childhood Programs, a division of The National Association for the Education of Young Children. The Simon Center prides itself on helping children grow through the exploration of their environment and the community. Its caring and highly qualified staff, low teacher turnover, parent-run board of directors, and low children-to-staff nursery ratios create a stable, nurturing environment for our children. The Center provides families greater flexibility with a year-round program and convenient hours with minimal closings. The benefits of quality early education programs are indisputable. The Center for Public Education has conducted extensive research into both the short term and long term effects of Pre-K educational programs. In every measurable area including kindergarten readiness, high school graduation rates, test scores at various points throughout elementary and high school, average income at age 40, even in home ownership rates, children who had participated in Pre-K programs fared much better than their counterparts who did not. Mr. Speaker, I ask that my colleagues join me in congratulating the Robert E. Simon, Jr. Children's Center on the occasion of its 25th Anniversary and commending its staff and supporters for their unwavering devotion to our children. ____________________",,"[Congressional Record Volume 161, Number 123 (Friday, July 31, 2015)] [Extensions of Remarks] [Page E1200] From the Congressional Record Online through the Government Publishing Office [ www.gpo.gov ] CONGRATULATING THE ROBERT E. SIMON JR. CHILDREN'S CENTER ON THE OCCASION OF ITS 25TH ANNIVERSARY ______ HON. GERALD E. CONNOLLY of virginia in the house of representatives Friday, July 31, 2015 Mr. CONNOLLY. Mr. Speaker, I rise to congratulate the Robert E. Simon Jr. Children's Center on the occasion of its 25th Anniversary and its relocation to a new facility. The education and well-being of our children are among the highest priorities that we as a community share. The Robert E. Simon Jr. Children's Center provides a safe, nurturing, instructional atmosphere that promotes creativity, curiosity, independence, and cooperation. The Simon Center is a nonprofit organization located in the 11th Congressional District in Reston, Virginia, and named after Mr. Robert E. Simon, the founder of Reston. The Center was founded in 1990 as part of the Reston Area Child Care Consortium. The consortium was made up of employers, community residents, parents, educators, and professionals concerned about child care needs in our community. The Simon Center fulfilled Mr. Simon's original vision for providing quality childcare in his master plan for Reston. Mr. Simon's original plan placed the Center adjacent to an elder care facility to add an ``inter-generational'' component. That feature was part of the Center's original space as it was connected to a rehabilitation center and a close walk to an assisted-living facility. For 24 years, this arrangement flourished and both the children and the senior citizens in the neighborhood benefitted greatly. The Simon Center is dedicated to meeting the emotional, social, physical, and intellectual needs of children aged three months to five years in a safe, child-oriented environment. Since 2000, the Center has held an advanced accreditation by the National Academy of Early Childhood Programs, a division of The National Association for the Education of Young Children. The Simon Center prides itself on helping children grow through the exploration of their environment and the community. Its caring and highly qualified staff, low teacher turnover, parent-run board of directors, and low children-to-staff nursery ratios create a stable, nurturing environment for our children. The Center provides families greater flexibility with a year-round program and convenient hours with minimal closings. The benefits of quality early education programs are indisputable. The Center for Public Education has conducted extensive research into both the short term and long term effects of Pre-K educational programs. In every measurable area including kindergarten readiness, high school graduation rates, test scores at various points throughout elementary and high school, average income at age 40, even in home ownership rates, children who had participated in Pre-K programs fared much better than their counterparts who did not. Mr. Speaker, I ask that my colleagues join me in congratulating the Robert E. Simon, Jr. Children's Center on the occasion of its 25th Anniversary and commending its staff and supporters for their unwavering devotion to our children. ____________________",https://api.govinfo.gov/related/CREC-2015-07-31-pt1-PgE1200-2,CREC,Proceedings of Congress and General Congressional Publications,2025-03-07T17:29:04Z,Congressional Record,package_114_122.csv,3332,0,3332,"[congressional record volume 161, number 123 (friday, july 31, 2015)] [extensions of remarks] [page e1200] from the congressional record online through the government publishing office [ www.gpo.gov ] congratulating the robert e. simon jr. children's center on the occasion of its 25th anniversary ______ hon. gerald e. connolly of virginia in the house of representatives friday, july 31, 2015 mr. connolly. mr. speaker, i rise to congratulate the robert e. simon jr. children's center on the occasion of its 25th anniversary and its relocation to a new facility. the education and well-being of our children are among the highest priorities that we as a community share. the robert e. simon jr. children's center provides a safe, nurturing, instructional atmosphere that promotes creativity, curiosity, independence, and cooperation. the simon center is a nonprofit organization located in the 11th congressional district in reston, virginia, and named after mr. robert e. simon, the founder of reston. the center was founded in 1990 as part of the reston area child care consortium. the consortium was made up of employers, community residents, parents, educators, and professionals concerned about child care needs in our community. the simon center fulfilled mr. simon's original vision for providing quality childcare in his master plan for reston. mr. simon's original plan placed the center adjacent to an elder care facility to add an ``inter-generational'' component. that feature was part of the center's original space as it was connected to a rehabilitation center and a close walk to an assisted-living facility. for 24 years, this arrangement flourished and both the children and the senior citizens in the neighborhood benefitted greatly. the simon center is dedicated to meeting the emotional, social, physical, and intellectual needs of children aged three months to five years in a safe, child-oriented environment. since 2000, the center has held an advanced accreditation by the national academy of early childhood programs, a division of the national association for the education of young children. the simon center prides itself on helping children grow through the exploration of their environment and the community. its caring and highly qualified staff, low teacher turnover, parent-run board of directors, and low children-to-staff nursery ratios create a stable, nurturing environment for our children. the center provides families greater flexibility with a year-round program and convenient hours with minimal closings. the benefits of quality early education programs are indisputable. the center for public education has conducted extensive research into both the short term and long term effects of pre-k educational programs. in every measurable area including kindergarten readiness, high school graduation rates, test scores at various points throughout elementary and high school, average income at age 40, even in home ownership rates, children who had participated in pre-k programs fared much better than their counterparts who did not. mr. speaker, i ask that my colleagues join me in congratulating the robert e. simon, jr. children's center on the occasion of its 25th anniversary and commending its staff and supporters for their unwavering devotion to our children. ____________________",3332
CREC-2015-07-31-pt1-PgE1200-3,CREC-2015-07-31,2015-07-31,RECOGNIZING MR. ALEX SANCHEZ'S LIFETIME OF SERVICE,CREC,EXTENSIONS,E,E,1,https://www.govinfo.gov/app/details/CREC-2015-07-31/CREC-2015-07-31-pt1-PgE1200-3,https://api.govinfo.gov/packages/CREC-2015-07-31/granules/CREC-2015-07-31-pt1-PgE1200-3/htm,https://api.govinfo.gov/packages/CREC-2015-07-31/granules/CREC-2015-07-31-pt1-PgE1200-3/pdf,https://api.govinfo.gov/packages/CREC-2015-07-31/summary,"[Congressional Record Volume 161, Number 123 (Friday, July 31, 2015)] [Extensions of Remarks] [Pages E1200-E1201] From the Congressional Record Online through the Government Publishing Office [ www.gpo.gov ] RECOGNIZING MR. ALEX SANCHEZ'S LIFETIME OF SERVICE ______ HON. MICHAEL M. HONDA of california in the house of representatives Friday, July 31, 2015 Mr. HONDA. Mr. Speaker, I rise today to recognize Mr. Alex Sanchez, a public servant and long standing friend who most recently retired as Executive Director of the Housing Authority of the County of Santa Clara. It is my great pleasure to commend Mr. Sanchez for his lifelong commitment and dedication to providing affordable housing opportunities for Californians. The reach of his legacy has gone even further, as he has also tirelessly and very effectively advocated for the development and promotion of national housing policies to serve all Americans in need. I have had the honor of working with Mr. Sanchez for over a quarter of a century to promote housing policies at the State and federal level to assist lower income households in Silicon Valley. The task has been incredibly daunting, given that we serve the most expensive region in the country. I first met Mr. Sanchez in 1988, when I was asked to join the American Leadership Forum (ALF) as a representative of the educational sector. ALF/Silicon Valley was just forming and a group of local leaders were asked to serve as Class I, which included nearly 30 individuals representing business and local governments, educational institutions and non-profits. At the time, I worked for a local school district and also served on a Board of Education for a different school district. Mr. Sanchez had just been named Director of Housing for the City of San Jose. He and I spent many months together and discussed our visions and plans for bettering our community. One of the most significant moments was to take a two week trip with the ALF group to Colorado Springs, Colorado to discuss the value of community and the need to work together. During this two-week period, we became very close and ultimately helped each [[Page E1201]] other to climb the 8,000 feet to the top of Pike's Peak. Mr. Sanchez met his biggest challenge . . . to meet the San Jose Mayor's and City Council's goals to produce thousands of units of affordable housing. Through our time with ALF and the opportunity to work with each other, I was able to witness Alex's selfless and courageous drive to promote policies and design programs to increase the supply of affordable housing. It has been a great privilege to have shared a friendship and working partnership with Alex Sanchez over the years. I commend him for his 27 years of distinguished service with the City of San Jose Housing Department and the Housing Authority of the County of Santa Clara. Alex has greatly improved the lives of thousands of people and I thank him for his years of dedicated service to Silicon Valley. His work has been recognized through his leadership positions in a number of national and state housing policy organizations. He is a founder of the California Housing Consortium, and served as a member of the Housing Leadership Council of the Silicon Valley Leadership Group. Most recently, he was appointed by Governor Jerry Brown to Chair the California Housing Partnership Corporation. Mr. Sanchez's exemplary leadership will be greatly missed. I rise today to wish him my very deepest congratulations for his exceptional level of commitment to public service across various California communities, including the City of Bell Gardens and the City of Santa Ana. I extend him my greatest personal wishes for health and happiness throughout his very well-earned retirement. ____________________",,"[Congressional Record Volume 161, Number 123 (Friday, July 31, 2015)] [Extensions of Remarks] [Pages E1200-E1201] From the Congressional Record Online through the Government Publishing Office [ www.gpo.gov ] RECOGNIZING MR. ALEX SANCHEZ'S LIFETIME OF SERVICE ______ HON. MICHAEL M. HONDA of california in the house of representatives Friday, July 31, 2015 Mr. HONDA. Mr. Speaker, I rise today to recognize Mr. Alex Sanchez, a public servant and long standing friend who most recently retired as Executive Director of the Housing Authority of the County of Santa Clara. It is my great pleasure to commend Mr. Sanchez for his lifelong commitment and dedication to providing affordable housing opportunities for Californians. The reach of his legacy has gone even further, as he has also tirelessly and very effectively advocated for the development and promotion of national housing policies to serve all Americans in need. I have had the honor of working with Mr. Sanchez for over a quarter of a century to promote housing policies at the State and federal level to assist lower income households in Silicon Valley. The task has been incredibly daunting, given that we serve the most expensive region in the country. I first met Mr. Sanchez in 1988, when I was asked to join the American Leadership Forum (ALF) as a representative of the educational sector. ALF/Silicon Valley was just forming and a group of local leaders were asked to serve as Class I, which included nearly 30 individuals representing business and local governments, educational institutions and non-profits. At the time, I worked for a local school district and also served on a Board of Education for a different school district. Mr. Sanchez had just been named Director of Housing for the City of San Jose. He and I spent many months together and discussed our visions and plans for bettering our community. One of the most significant moments was to take a two week trip with the ALF group to Colorado Springs, Colorado to discuss the value of community and the need to work together. During this two-week period, we became very close and ultimately helped each [[Page E1201]] other to climb the 8,000 feet to the top of Pike's Peak. Mr. Sanchez met his biggest challenge . . . to meet the San Jose Mayor's and City Council's goals to produce thousands of units of affordable housing. Through our time with ALF and the opportunity to work with each other, I was able to witness Alex's selfless and courageous drive to promote policies and design programs to increase the supply of affordable housing. It has been a great privilege to have shared a friendship and working partnership with Alex Sanchez over the years. I commend him for his 27 years of distinguished service with the City of San Jose Housing Department and the Housing Authority of the County of Santa Clara. Alex has greatly improved the lives of thousands of people and I thank him for his years of dedicated service to Silicon Valley. His work has been recognized through his leadership positions in a number of national and state housing policy organizations. He is a founder of the California Housing Consortium, and served as a member of the Housing Leadership Council of the Silicon Valley Leadership Group. Most recently, he was appointed by Governor Jerry Brown to Chair the California Housing Partnership Corporation. Mr. Sanchez's exemplary leadership will be greatly missed. I rise today to wish him my very deepest congratulations for his exceptional level of commitment to public service across various California communities, including the City of Bell Gardens and the City of Santa Ana. I extend him my greatest personal wishes for health and happiness throughout his very well-earned retirement. ____________________",https://api.govinfo.gov/related/CREC-2015-07-31-pt1-PgE1200-3,CREC,Proceedings of Congress and General Congressional Publications,2025-03-07T17:29:04Z,Congressional Record,package_114_122.csv,3771,0,3771,"[congressional record volume 161, number 123 (friday, july 31, 2015)] [extensions of remarks] [pages e1200-e1201] from the congressional record online through the government publishing office [ www.gpo.gov ] recognizing mr. alex sanchez's lifetime of service ______ hon. michael m. honda of california in the house of representatives friday, july 31, 2015 mr. honda. mr. speaker, i rise today to recognize mr. alex sanchez, a public servant and long standing friend who most recently retired as executive director of the housing authority of the county of santa clara. it is my great pleasure to commend mr. sanchez for his lifelong commitment and dedication to providing affordable housing opportunities for californians. the reach of his legacy has gone even further, as he has also tirelessly and very effectively advocated for the development and promotion of national housing policies to serve all americans in need. i have had the honor of working with mr. sanchez for over a quarter of a century to promote housing policies at the state and federal level to assist lower income households in silicon valley. the task has been incredibly daunting, given that we serve the most expensive region in the country. i first met mr. sanchez in 1988, when i was asked to join the american leadership forum (alf) as a representative of the educational sector. alf/silicon valley was just forming and a group of local leaders were asked to serve as class i, which included nearly 30 individuals representing business and local governments, educational institutions and non-profits. at the time, i worked for a local school district and also served on a board of education for a different school district. mr. sanchez had just been named director of housing for the city of san jose. he and i spent many months together and discussed our visions and plans for bettering our community. one of the most significant moments was to take a two week trip with the alf group to colorado springs, colorado to discuss the value of community and the need to work together. during this two-week period, we became very close and ultimately helped each [[page e1201]] other to climb the 8,000 feet to the top of pike's peak. mr. sanchez met his biggest challenge . . . to meet the san jose mayor's and city council's goals to produce thousands of units of affordable housing. through our time with alf and the opportunity to work with each other, i was able to witness alex's selfless and courageous drive to promote policies and design programs to increase the supply of affordable housing. it has been a great privilege to have shared a friendship and working partnership with alex sanchez over the years. i commend him for his 27 years of distinguished service with the city of san jose housing department and the housing authority of the county of santa clara. alex has greatly improved the lives of thousands of people and i thank him for his years of dedicated service to silicon valley. his work has been recognized through his leadership positions in a number of national and state housing policy organizations. he is a founder of the california housing consortium, and served as a member of the housing leadership council of the silicon valley leadership group. most recently, he was appointed by governor jerry brown to chair the california housing partnership corporation. mr. sanchez's exemplary leadership will be greatly missed. i rise today to wish him my very deepest congratulations for his exceptional level of commitment to public service across various california communities, including the city of bell gardens and the city of santa ana. i extend him my greatest personal wishes for health and happiness throughout his very well-earned retirement. ____________________",3771
CREC-2015-07-31-pt1-PgE1201,CREC-2015-07-31,2015-07-31,PERSONAL EXPLANATION,CREC,EXTENSIONS,E,E,1,https://www.govinfo.gov/app/details/CREC-2015-07-31/CREC-2015-07-31-pt1-PgE1201,https://api.govinfo.gov/packages/CREC-2015-07-31/granules/CREC-2015-07-31-pt1-PgE1201/htm,https://api.govinfo.gov/packages/CREC-2015-07-31/granules/CREC-2015-07-31-pt1-PgE1201/pdf,https://api.govinfo.gov/packages/CREC-2015-07-31/summary,"[Congressional Record Volume 161, Number 123 (Friday, July 31, 2015)] [Extensions of Remarks] [Page E1201] From the Congressional Record Online through the Government Publishing Office [ www.gpo.gov ] PERSONAL EXPLANATION ______ HON. JOHN R. CARTER of texas in the house of representatives Friday, July 31, 2015 Mr. CARTER of Texas. Mr. Speaker, due to illness, I was unable to attend votes from July 20-31, 2015. I would have supported final passage of the following bills: Roll Call #489 (H.R. 1994: VA Accountability Act of 2015--On Passage) Roll Call #486 (H.R. 3236: Surface Transportation and Veterans Health Care Choice Improvement Act of 2015--On Passage) Roll Call #482 (H.R. 427: Regulations from the Executive in Need of Scrutiny Act of 2015--On Passage) Roll Call #472 (H.R. 675: Veterans Compensation Cost-of-Living Adjustment Act of 2015--On Passage) Roll Call #466 (H.R. 3009: Enforce the Law for Sanctuary Cities Act-- On Passage) Roll Call #458 (H.R. 1734: Improving Coal Combustion Residuals Regulation Act of 2015--On Passage) Roll Call #449 (H.R. 2256: Veterans Information Modernization Act--On Motion to Suspend the Rule and Pass, as Amended) ____________________",,"[Congressional Record Volume 161, Number 123 (Friday, July 31, 2015)] [Extensions of Remarks] [Page E1201] From the Congressional Record Online through the Government Publishing Office [ www.gpo.gov ] PERSONAL EXPLANATION ______ HON. JOHN R. CARTER of texas in the house of representatives Friday, July 31, 2015 Mr. CARTER of Texas. Mr. Speaker, due to illness, I was unable to attend votes from July 20-31, 2015. I would have supported final passage of the following bills: Roll Call #489 (H.R. 1994: VA Accountability Act of 2015--On Passage) Roll Call #486 (H.R. 3236: Surface Transportation and Veterans Health Care Choice Improvement Act of 2015--On Passage) Roll Call #482 (H.R. 427: Regulations from the Executive in Need of Scrutiny Act of 2015--On Passage) Roll Call #472 (H.R. 675: Veterans Compensation Cost-of-Living Adjustment Act of 2015--On Passage) Roll Call #466 (H.R. 3009: Enforce the Law for Sanctuary Cities Act-- On Passage) Roll Call #458 (H.R. 1734: Improving Coal Combustion Residuals Regulation Act of 2015--On Passage) Roll Call #449 (H.R. 2256: Veterans Information Modernization Act--On Motion to Suspend the Rule and Pass, as Amended) ____________________",https://api.govinfo.gov/related/CREC-2015-07-31-pt1-PgE1201,CREC,Proceedings of Congress and General Congressional Publications,2025-03-07T17:29:04Z,Congressional Record,package_114_122.csv,1185,0,1185,"[congressional record volume 161, number 123 (friday, july 31, 2015)] [extensions of remarks] [page e1201] from the congressional record online through the government publishing office [ www.gpo.gov ] personal explanation ______ hon. john r. carter of texas in the house of representatives friday, july 31, 2015 mr. carter of texas. mr. speaker, due to illness, i was unable to attend votes from july 20-31, 2015. i would have supported final passage of the following bills: roll call #489 (h.r. 1994: va accountability act of 2015--on passage) roll call #486 (h.r. 3236: surface transportation and veterans health care choice improvement act of 2015--on passage) roll call #482 (h.r. 427: regulations from the executive in need of scrutiny act of 2015--on passage) roll call #472 (h.r. 675: veterans compensation cost-of-living adjustment act of 2015--on passage) roll call #466 (h.r. 3009: enforce the law for sanctuary cities act-- on passage) roll call #458 (h.r. 1734: improving coal combustion residuals regulation act of 2015--on passage) roll call #449 (h.r. 2256: veterans information modernization act--on motion to suspend the rule and pass, as amended) ____________________",1185
CREC-2015-07-31-pt1-PgE1201-2,CREC-2015-07-31,2015-07-31,RECOGNIZING RECIPIENTS OF THE 2015 GREATER RESTON CHAMBER OF COMMERCE AWARDS FOR CHAMBER EXCELLENCE,CREC,EXTENSIONS,E,E,1,https://www.govinfo.gov/app/details/CREC-2015-07-31/CREC-2015-07-31-pt1-PgE1201-2,https://api.govinfo.gov/packages/CREC-2015-07-31/granules/CREC-2015-07-31-pt1-PgE1201-2/htm,https://api.govinfo.gov/packages/CREC-2015-07-31/granules/CREC-2015-07-31-pt1-PgE1201-2/pdf,https://api.govinfo.gov/packages/CREC-2015-07-31/summary,"[Congressional Record Volume 161, Number 123 (Friday, July 31, 2015)] [Extensions of Remarks] [Page E1201] From the Congressional Record Online through the Government Publishing Office [ www.gpo.gov ] RECOGNIZING RECIPIENTS OF THE 2015 GREATER RESTON CHAMBER OF COMMERCE AWARDS FOR CHAMBER EXCELLENCE ______ HON. GERALD E. CONNOLLY of virginia in the house of representatives Friday, July 31, 2015 Mr. CONNOLLY. Mr. Speaker, I rise to recognize recipients of the 2015 Greater Reston Chamber of Commerce Awards for Chamber Excellence. The Greater Reston Chamber of Commerce was founded in 1982 as a business roundtable in the growing community of Reston, Virginia. For more than 30 years, the Reston Chamber has facilitated business growth and entrepreneurship through its programming, advocacy, and engagement throughout the region. The Reston Chamber currently has more than 600 member businesses that together employ more than 10,000 people. It is the 6th largest chamber of commerce in the Washington, D.C.- metropolitan region and is deeply embedded in the community. The Reston Chamber hosts annual events such as Taste of Reston, Oktoberfest Reston, and Best of Reston, and it has received national recognition for its Ethics Day, a workshop for high school students on ethical decision making. Members use the INC.spire Education Foundation and business coaching programs to help create and grow their enterprises. INC.spire has assisted more than four dozen entrepreneurs create 500 jobs and $45 million of business investment. Each year, the Chamber recognizes member companies, individuals, and volunteers who have demonstrated excellence, innovation, and exceptional dedication to the Reston community. I am pleased to join the Greater Reston Chamber of Commerce in recognizing the following Awards for Chamber Excellence (ACE) recipients: Committee of the Year: Communications Committee Small Business of the Year: Visual Impact Productions Medium Business of the Year: Able Moving and Storage Large Business of the Year: Odin, Feldman & Pittleman, PC Member of the Year: Maggie Parker and Comstock Partners LC New Member of the Year: Jason Butler, JB Printing & Specialty Services Volunteer of the Year: Janel Giambrone, M&T Bank President's Award: Cornerstones Joe Ritchey Pinnacle Award: Matthew Brennan, Brennan & Waite, PLC Mr. Speaker, I ask that my colleagues join me in congratulating this year's award recipients and in thanking them for their contributions to the local economy and outstanding service to our community. I also commend the Greater Reston Chamber of Commerce for its role as an invaluable partner to local businesses, nonprofits and schools. The efforts of the Chamber, the member businesses, and volunteers have helped make Reston a truly special place live, work, and raise a family. ____________________",,"[Congressional Record Volume 161, Number 123 (Friday, July 31, 2015)] [Extensions of Remarks] [Page E1201] From the Congressional Record Online through the Government Publishing Office [ www.gpo.gov ] RECOGNIZING RECIPIENTS OF THE 2015 GREATER RESTON CHAMBER OF COMMERCE AWARDS FOR CHAMBER EXCELLENCE ______ HON. GERALD E. CONNOLLY of virginia in the house of representatives Friday, July 31, 2015 Mr. CONNOLLY. Mr. Speaker, I rise to recognize recipients of the 2015 Greater Reston Chamber of Commerce Awards for Chamber Excellence. The Greater Reston Chamber of Commerce was founded in 1982 as a business roundtable in the growing community of Reston, Virginia. For more than 30 years, the Reston Chamber has facilitated business growth and entrepreneurship through its programming, advocacy, and engagement throughout the region. The Reston Chamber currently has more than 600 member businesses that together employ more than 10,000 people. It is the 6th largest chamber of commerce in the Washington, D.C.- metropolitan region and is deeply embedded in the community. The Reston Chamber hosts annual events such as Taste of Reston, Oktoberfest Reston, and Best of Reston, and it has received national recognition for its Ethics Day, a workshop for high school students on ethical decision making. Members use the INC.spire Education Foundation and business coaching programs to help create and grow their enterprises. INC.spire has assisted more than four dozen entrepreneurs create 500 jobs and $45 million of business investment. Each year, the Chamber recognizes member companies, individuals, and volunteers who have demonstrated excellence, innovation, and exceptional dedication to the Reston community. I am pleased to join the Greater Reston Chamber of Commerce in recognizing the following Awards for Chamber Excellence (ACE) recipients: Committee of the Year: Communications Committee Small Business of the Year: Visual Impact Productions Medium Business of the Year: Able Moving and Storage Large Business of the Year: Odin, Feldman & Pittleman, PC Member of the Year: Maggie Parker and Comstock Partners LC New Member of the Year: Jason Butler, JB Printing & Specialty Services Volunteer of the Year: Janel Giambrone, M&T Bank President's Award: Cornerstones Joe Ritchey Pinnacle Award: Matthew Brennan, Brennan & Waite, PLC Mr. Speaker, I ask that my colleagues join me in congratulating this year's award recipients and in thanking them for their contributions to the local economy and outstanding service to our community. I also commend the Greater Reston Chamber of Commerce for its role as an invaluable partner to local businesses, nonprofits and schools. The efforts of the Chamber, the member businesses, and volunteers have helped make Reston a truly special place live, work, and raise a family. ____________________",https://api.govinfo.gov/related/CREC-2015-07-31-pt1-PgE1201-2,CREC,Proceedings of Congress and General Congressional Publications,2025-03-07T17:29:04Z,Congressional Record,package_114_122.csv,2843,0,2843,"[congressional record volume 161, number 123 (friday, july 31, 2015)] [extensions of remarks] [page e1201] from the congressional record online through the government publishing office [ www.gpo.gov ] recognizing recipients of the 2015 greater reston chamber of commerce awards for chamber excellence ______ hon. gerald e. connolly of virginia in the house of representatives friday, july 31, 2015 mr. connolly. mr. speaker, i rise to recognize recipients of the 2015 greater reston chamber of commerce awards for chamber excellence. the greater reston chamber of commerce was founded in 1982 as a business roundtable in the growing community of reston, virginia. for more than 30 years, the reston chamber has facilitated business growth and entrepreneurship through its programming, advocacy, and engagement throughout the region. the reston chamber currently has more than 600 member businesses that together employ more than 10,000 people. it is the 6th largest chamber of commerce in the washington, d.c.- metropolitan region and is deeply embedded in the community. the reston chamber hosts annual events such as taste of reston, oktoberfest reston, and best of reston, and it has received national recognition for its ethics day, a workshop for high school students on ethical decision making. members use the inc.spire education foundation and business coaching programs to help create and grow their enterprises. inc.spire has assisted more than four dozen entrepreneurs create 500 jobs and $45 million of business investment. each year, the chamber recognizes member companies, individuals, and volunteers who have demonstrated excellence, innovation, and exceptional dedication to the reston community. i am pleased to join the greater reston chamber of commerce in recognizing the following awards for chamber excellence (ace) recipients: committee of the year: communications committee small business of the year: visual impact productions medium business of the year: able moving and storage large business of the year: odin, feldman & pittleman, pc member of the year: maggie parker and comstock partners lc new member of the year: jason butler, jb printing & specialty services volunteer of the year: janel giambrone, m&t bank president's award: cornerstones joe ritchey pinnacle award: matthew brennan, brennan & waite, plc mr. speaker, i ask that my colleagues join me in congratulating this year's award recipients and in thanking them for their contributions to the local economy and outstanding service to our community. i also commend the greater reston chamber of commerce for its role as an invaluable partner to local businesses, nonprofits and schools. the efforts of the chamber, the member businesses, and volunteers have helped make reston a truly special place live, work, and raise a family. ____________________",2843
CREC-2015-07-31-pt1-PgE1201-3,CREC-2015-07-31,2015-07-31,ACKNOWLEDGING NATIONAL CLINICAL NURSE SPECIALIST RECOGNITION WEEK,CREC,EXTENSIONS,E,E,1,https://www.govinfo.gov/app/details/CREC-2015-07-31/CREC-2015-07-31-pt1-PgE1201-3,https://api.govinfo.gov/packages/CREC-2015-07-31/granules/CREC-2015-07-31-pt1-PgE1201-3/htm,https://api.govinfo.gov/packages/CREC-2015-07-31/granules/CREC-2015-07-31-pt1-PgE1201-3/pdf,https://api.govinfo.gov/packages/CREC-2015-07-31/summary,"[Congressional Record Volume 161, Number 123 (Friday, July 31, 2015)] [Extensions of Remarks] [Page E1201] From the Congressional Record Online through the Government Publishing Office [ www.gpo.gov ] ACKNOWLEDGING NATIONAL CLINICAL NURSE SPECIALIST RECOGNITION WEEK ______ HON. MIKE QUIGLEY of illinois in the house of representatives Friday, July 31, 2015 Mr. QUIGLEY. Mr. Speaker, I rise today to acknowledge National Clinical Nurse Specialist Recognition Week, which is taking place from September 1st through September 7th. There are over 72,000 clinical nurse specialists in the United States, and they are an integral part of our health care system. Clinical nurse specialists deliver high quality health care by diagnosing, treating, and managing patients. These critical health care providers identify and implement best practices, which reduce health care costs. The expertise of clinical nurse specialists will be crucial as our nation's population continues to age and demand for health care grows. The National Association of Clinical Nurse Specialists represents this important profession nationally. I would like to congratulate the association on celebrating their 20th anniversary this year. Mr. Speaker, I ask my colleagues to join me in recognizing National Clinical Nurse Specialist Recognition Week, as well as all the clinical nurse specialists in this country who help ensure that we all stay healthy. ____________________",,"[Congressional Record Volume 161, Number 123 (Friday, July 31, 2015)] [Extensions of Remarks] [Page E1201] From the Congressional Record Online through the Government Publishing Office [ www.gpo.gov ] ACKNOWLEDGING NATIONAL CLINICAL NURSE SPECIALIST RECOGNITION WEEK ______ HON. MIKE QUIGLEY of illinois in the house of representatives Friday, July 31, 2015 Mr. QUIGLEY. Mr. Speaker, I rise today to acknowledge National Clinical Nurse Specialist Recognition Week, which is taking place from September 1st through September 7th. There are over 72,000 clinical nurse specialists in the United States, and they are an integral part of our health care system. Clinical nurse specialists deliver high quality health care by diagnosing, treating, and managing patients. These critical health care providers identify and implement best practices, which reduce health care costs. The expertise of clinical nurse specialists will be crucial as our nation's population continues to age and demand for health care grows. The National Association of Clinical Nurse Specialists represents this important profession nationally. I would like to congratulate the association on celebrating their 20th anniversary this year. Mr. Speaker, I ask my colleagues to join me in recognizing National Clinical Nurse Specialist Recognition Week, as well as all the clinical nurse specialists in this country who help ensure that we all stay healthy. ____________________",https://api.govinfo.gov/related/CREC-2015-07-31-pt1-PgE1201-3,CREC,Proceedings of Congress and General Congressional Publications,2025-03-07T17:29:04Z,Congressional Record,package_114_122.csv,1445,0,1445,"[congressional record volume 161, number 123 (friday, july 31, 2015)] [extensions of remarks] [page e1201] from the congressional record online through the government publishing office [ www.gpo.gov ] acknowledging national clinical nurse specialist recognition week ______ hon. mike quigley of illinois in the house of representatives friday, july 31, 2015 mr. quigley. mr. speaker, i rise today to acknowledge national clinical nurse specialist recognition week, which is taking place from september 1st through september 7th. there are over 72,000 clinical nurse specialists in the united states, and they are an integral part of our health care system. clinical nurse specialists deliver high quality health care by diagnosing, treating, and managing patients. these critical health care providers identify and implement best practices, which reduce health care costs. the expertise of clinical nurse specialists will be crucial as our nation's population continues to age and demand for health care grows. the national association of clinical nurse specialists represents this important profession nationally. i would like to congratulate the association on celebrating their 20th anniversary this year. mr. speaker, i ask my colleagues to join me in recognizing national clinical nurse specialist recognition week, as well as all the clinical nurse specialists in this country who help ensure that we all stay healthy. ____________________",1445
CREC-2015-07-31-pt1-PgE1201-4,CREC-2015-07-31,2015-07-31,PERSONAL EXPLANATION,CREC,EXTENSIONS,E,E,1,https://www.govinfo.gov/app/details/CREC-2015-07-31/CREC-2015-07-31-pt1-PgE1201-4,https://api.govinfo.gov/packages/CREC-2015-07-31/granules/CREC-2015-07-31-pt1-PgE1201-4/htm,https://api.govinfo.gov/packages/CREC-2015-07-31/granules/CREC-2015-07-31-pt1-PgE1201-4/pdf,https://api.govinfo.gov/packages/CREC-2015-07-31/summary,"[Congressional Record Volume 161, Number 123 (Friday, July 31, 2015)] [Extensions of Remarks] [Page E1201] From the Congressional Record Online through the Government Publishing Office [ www.gpo.gov ] PERSONAL EXPLANATION ______ HON. JOHN C. CARNEY, JR. of delaware in the house of representatives Friday, July 31, 2015 Mr. CARNEY. Mr. Speaker, on July 29th 2015, I missed seven recorded votes. I would like to indicate how I would have voted had I been present. On Roll Call No. 483, I would have voted ``no.'' On Roll Call No. 484, I would have voted ``no.'' On Roll Call 485, I would have voted ``yes.'' On Roll Call 486, I would have voted ``no.'' Although I support full VA funding, I cannot support another short term transportation bill that fails to address the long term transportation funding needs in our country. I was disappointed that the VA funding was tied to this vote. On Roll Call 487, I would have voted ``yes.'' On Roll Call 488, I would have voted ``yes.'' On Roll Call 489, I would have voted ``no.'' ____________________",,"[Congressional Record Volume 161, Number 123 (Friday, July 31, 2015)] [Extensions of Remarks] [Page E1201] From the Congressional Record Online through the Government Publishing Office [ www.gpo.gov ] PERSONAL EXPLANATION ______ HON. JOHN C. CARNEY, JR. of delaware in the house of representatives Friday, July 31, 2015 Mr. CARNEY. Mr. Speaker, on July 29th 2015, I missed seven recorded votes. I would like to indicate how I would have voted had I been present. On Roll Call No. 483, I would have voted ``no.'' On Roll Call No. 484, I would have voted ``no.'' On Roll Call 485, I would have voted ``yes.'' On Roll Call 486, I would have voted ``no.'' Although I support full VA funding, I cannot support another short term transportation bill that fails to address the long term transportation funding needs in our country. I was disappointed that the VA funding was tied to this vote. On Roll Call 487, I would have voted ``yes.'' On Roll Call 488, I would have voted ``yes.'' On Roll Call 489, I would have voted ``no.'' ____________________",https://api.govinfo.gov/related/CREC-2015-07-31-pt1-PgE1201-4,CREC,Proceedings of Congress and General Congressional Publications,2025-03-07T17:29:04Z,Congressional Record,package_114_122.csv,1044,0,1044,"[congressional record volume 161, number 123 (friday, july 31, 2015)] [extensions of remarks] [page e1201] from the congressional record online through the government publishing office [ www.gpo.gov ] personal explanation ______ hon. john c. carney, jr. of delaware in the house of representatives friday, july 31, 2015 mr. carney. mr. speaker, on july 29th 2015, i missed seven recorded votes. i would like to indicate how i would have voted had i been present. on roll call no. 483, i would have voted ``no.'' on roll call no. 484, i would have voted ``no.'' on roll call 485, i would have voted ``yes.'' on roll call 486, i would have voted ``no.'' although i support full va funding, i cannot support another short term transportation bill that fails to address the long term transportation funding needs in our country. i was disappointed that the va funding was tied to this vote. on roll call 487, i would have voted ``yes.'' on roll call 488, i would have voted ``yes.'' on roll call 489, i would have voted ``no.'' ____________________",1044
CREC-2015-07-31-pt1-PgE1201-5,CREC-2015-07-31,2015-07-31,RECOGNIZING THE THIRD ANNUAL GREATER SPRINGFIELD CHAMBER OF COMMERCE ``ABOVE AND BEYOND'' AWARDS,CREC,EXTENSIONS,E,E,1,https://www.govinfo.gov/app/details/CREC-2015-07-31/CREC-2015-07-31-pt1-PgE1201-5,https://api.govinfo.gov/packages/CREC-2015-07-31/granules/CREC-2015-07-31-pt1-PgE1201-5/htm,https://api.govinfo.gov/packages/CREC-2015-07-31/granules/CREC-2015-07-31-pt1-PgE1201-5/pdf,https://api.govinfo.gov/packages/CREC-2015-07-31/summary,"[Congressional Record Volume 161, Number 123 (Friday, July 31, 2015)] [Extensions of Remarks] [Pages E1201-E1202] From the Congressional Record Online through the Government Publishing Office [ www.gpo.gov ] RECOGNIZING THE THIRD ANNUAL GREATER SPRINGFIELD CHAMBER OF COMMERCE ``ABOVE AND BEYOND'' AWARDS ______ HON. GERALD E. CONNOLLY of virginia in the house of representatives Friday, July 31, 2015 Mr. CONNOLLY. Mr. Speaker, I rise to recognize an outstanding group of first responders and public safety officers who have been honored with the Third Annual Greater Springfield Chamber of Commerce ``Above and Beyond'' Award. [[Page E1202]] These awards honor Fairfax County Firefighters, EMTs, Police Officers and Sheriff's Deputies who give back to the Greater Springfield area by providing service to the community outside their normal duties. In addition to the immeasurable contributions made every day in the line of duty, these men and women have distinguished themselves through their extraordinary efforts in the community, which largely go unseen. They willingly volunteer their personal time, energies, and support to activities for the betterment of our children, our neighborhoods, and our quality of life. It is my honor to submit the names of the following individuals: Fairfax County Sheriff 2nd Lt. Kevin Timothy for his efforts on behalf of Leadership Fairfax Inc.'s Emerging Leaders Institute. Northern Virginia Community College Police Chief Daniel Dusseau for creating the Northern Virginia Community Outreach Officer Working Group, with members from 20 agencies, among other activities. Fairfax County Police Officer PFC Matthew Dannemann, West Springfield District Police Station, for his volunteer efforts with the Virginia Chapter of the American Rescue Dog Association and the Police Department Supplemental Search and Rescue Team. Fairfax County Master Police Officer Jason Thompson, Franconia District Police Station, also for his volunteer efforts with the Virginia Chapter of the American Rescue Dog Association and the Police Department Supplemental Search and Rescue Team. Mr. Speaker, I ask my colleagues to join me in congratulating and thanking each of the brave men and women who go above and beyond the call of duty to serve our community. They are part of the bravest and the finest who collectively ensure that Fairfax County remains one of the nation's safest communities in which to live, work, and raise a family. Moreover, the volunteer service exhibited by these honorees is one of the hallmarks of what has made Fairfax the thriving community it is today, and because of their efforts, that tradition will carry on for future generations. ____________________",,"[Congressional Record Volume 161, Number 123 (Friday, July 31, 2015)] [Extensions of Remarks] [Pages E1201-E1202] From the Congressional Record Online through the Government Publishing Office [ www.gpo.gov ] RECOGNIZING THE THIRD ANNUAL GREATER SPRINGFIELD CHAMBER OF COMMERCE ``ABOVE AND BEYOND'' AWARDS ______ HON. GERALD E. CONNOLLY of virginia in the house of representatives Friday, July 31, 2015 Mr. CONNOLLY. Mr. Speaker, I rise to recognize an outstanding group of first responders and public safety officers who have been honored with the Third Annual Greater Springfield Chamber of Commerce ``Above and Beyond'' Award. [[Page E1202]] These awards honor Fairfax County Firefighters, EMTs, Police Officers and Sheriff's Deputies who give back to the Greater Springfield area by providing service to the community outside their normal duties. In addition to the immeasurable contributions made every day in the line of duty, these men and women have distinguished themselves through their extraordinary efforts in the community, which largely go unseen. They willingly volunteer their personal time, energies, and support to activities for the betterment of our children, our neighborhoods, and our quality of life. It is my honor to submit the names of the following individuals: Fairfax County Sheriff 2nd Lt. Kevin Timothy for his efforts on behalf of Leadership Fairfax Inc.'s Emerging Leaders Institute. Northern Virginia Community College Police Chief Daniel Dusseau for creating the Northern Virginia Community Outreach Officer Working Group, with members from 20 agencies, among other activities. Fairfax County Police Officer PFC Matthew Dannemann, West Springfield District Police Station, for his volunteer efforts with the Virginia Chapter of the American Rescue Dog Association and the Police Department Supplemental Search and Rescue Team. Fairfax County Master Police Officer Jason Thompson, Franconia District Police Station, also for his volunteer efforts with the Virginia Chapter of the American Rescue Dog Association and the Police Department Supplemental Search and Rescue Team. Mr. Speaker, I ask my colleagues to join me in congratulating and thanking each of the brave men and women who go above and beyond the call of duty to serve our community. They are part of the bravest and the finest who collectively ensure that Fairfax County remains one of the nation's safest communities in which to live, work, and raise a family. Moreover, the volunteer service exhibited by these honorees is one of the hallmarks of what has made Fairfax the thriving community it is today, and because of their efforts, that tradition will carry on for future generations. ____________________",https://api.govinfo.gov/related/CREC-2015-07-31-pt1-PgE1201-5,CREC,Proceedings of Congress and General Congressional Publications,2025-03-07T17:29:04Z,Congressional Record,package_114_122.csv,2707,0,2707,"[congressional record volume 161, number 123 (friday, july 31, 2015)] [extensions of remarks] [pages e1201-e1202] from the congressional record online through the government publishing office [ www.gpo.gov ] recognizing the third annual greater springfield chamber of commerce ``above and beyond'' awards ______ hon. gerald e. connolly of virginia in the house of representatives friday, july 31, 2015 mr. connolly. mr. speaker, i rise to recognize an outstanding group of first responders and public safety officers who have been honored with the third annual greater springfield chamber of commerce ``above and beyond'' award. [[page e1202]] these awards honor fairfax county firefighters, emts, police officers and sheriff's deputies who give back to the greater springfield area by providing service to the community outside their normal duties. in addition to the immeasurable contributions made every day in the line of duty, these men and women have distinguished themselves through their extraordinary efforts in the community, which largely go unseen. they willingly volunteer their personal time, energies, and support to activities for the betterment of our children, our neighborhoods, and our quality of life. it is my honor to submit the names of the following individuals: fairfax county sheriff 2nd lt. kevin timothy for his efforts on behalf of leadership fairfax inc.'s emerging leaders institute. northern virginia community college police chief daniel dusseau for creating the northern virginia community outreach officer working group, with members from 20 agencies, among other activities. fairfax county police officer pfc matthew dannemann, west springfield district police station, for his volunteer efforts with the virginia chapter of the american rescue dog association and the police department supplemental search and rescue team. fairfax county master police officer jason thompson, franconia district police station, also for his volunteer efforts with the virginia chapter of the american rescue dog association and the police department supplemental search and rescue team. mr. speaker, i ask my colleagues to join me in congratulating and thanking each of the brave men and women who go above and beyond the call of duty to serve our community. they are part of the bravest and the finest who collectively ensure that fairfax county remains one of the nation's safest communities in which to live, work, and raise a family. moreover, the volunteer service exhibited by these honorees is one of the hallmarks of what has made fairfax the thriving community it is today, and because of their efforts, that tradition will carry on for future generations. ____________________",2707
CREC-2015-07-31-pt1-PgE1202-2,CREC-2015-07-31,2015-07-31,CELEBRATING THE 40TH ANNIVERSARY OF SING TAO DAILY,CREC,EXTENSIONS,E,E,1,https://www.govinfo.gov/app/details/CREC-2015-07-31/CREC-2015-07-31-pt1-PgE1202-2,https://api.govinfo.gov/packages/CREC-2015-07-31/granules/CREC-2015-07-31-pt1-PgE1202-2/htm,https://api.govinfo.gov/packages/CREC-2015-07-31/granules/CREC-2015-07-31-pt1-PgE1202-2/pdf,https://api.govinfo.gov/packages/CREC-2015-07-31/summary,"[Congressional Record Volume 161, Number 123 (Friday, July 31, 2015)] [Extensions of Remarks] [Pages E1202-E1203] From the Congressional Record Online through the Government Publishing Office [ www.gpo.gov ] CELEBRATING THE 40TH ANNIVERSARY OF SING TAO DAILY ______ HON. MICHAEL M. HONDA of california in the house of representatives Friday, July 31, 2015 Mr. HONDA. Mr. Speaker, I rise today to honor Sing Tao Daily. On August 1, 2015, Sing Tao Daily will celebrate its 40th anniversary in San Francisco, California. Since 1975, Sing Tao Daily's Western Edition has covered local, state, and international news for Chinese American communities in the Silicon Valley, Seattle, Portland, and Hawaii. The organization is a leading content and service provider for global Chinese communities. Headquartered in Hong Kong, Sing Tao Daily was the first Chinese language newspaper to publish overseas. The San Francisco Edition was the company's first global expansion and ranks as the highest paid circulation publication among Chinese language newspapers outside of China. Sing Tao Daily has been instrumental in helping Chinese immigrants adapt to their new country. Dedicated to journalistic integrity and recognized for its quality pieces, Sing Tao Daily has presented balanced reports and earned national awards from New American Media and local media organizations. As one of the world's most widely read Chinese newspapers, Sing Tao Daily has earned distinction as a global name in the print media market. During its lifetime, the multimedia news group has served 625,000 Chinese Americans in the San Francisco Bay Area. Mr. Speaker, [[Page E1203]] I commend Sing Tao Daily for its service and dedication to providing quality media, which have deeply enriched our Chinese communities. ____________________",,"[Congressional Record Volume 161, Number 123 (Friday, July 31, 2015)] [Extensions of Remarks] [Pages E1202-E1203] From the Congressional Record Online through the Government Publishing Office [ www.gpo.gov ] CELEBRATING THE 40TH ANNIVERSARY OF SING TAO DAILY ______ HON. MICHAEL M. HONDA of california in the house of representatives Friday, July 31, 2015 Mr. HONDA. Mr. Speaker, I rise today to honor Sing Tao Daily. On August 1, 2015, Sing Tao Daily will celebrate its 40th anniversary in San Francisco, California. Since 1975, Sing Tao Daily's Western Edition has covered local, state, and international news for Chinese American communities in the Silicon Valley, Seattle, Portland, and Hawaii. The organization is a leading content and service provider for global Chinese communities. Headquartered in Hong Kong, Sing Tao Daily was the first Chinese language newspaper to publish overseas. The San Francisco Edition was the company's first global expansion and ranks as the highest paid circulation publication among Chinese language newspapers outside of China. Sing Tao Daily has been instrumental in helping Chinese immigrants adapt to their new country. Dedicated to journalistic integrity and recognized for its quality pieces, Sing Tao Daily has presented balanced reports and earned national awards from New American Media and local media organizations. As one of the world's most widely read Chinese newspapers, Sing Tao Daily has earned distinction as a global name in the print media market. During its lifetime, the multimedia news group has served 625,000 Chinese Americans in the San Francisco Bay Area. Mr. Speaker, [[Page E1203]] I commend Sing Tao Daily for its service and dedication to providing quality media, which have deeply enriched our Chinese communities. ____________________",https://api.govinfo.gov/related/CREC-2015-07-31-pt1-PgE1202-2,CREC,Proceedings of Congress and General Congressional Publications,2025-03-07T17:29:04Z,Congressional Record,package_114_122.csv,1806,0,1806,"[congressional record volume 161, number 123 (friday, july 31, 2015)] [extensions of remarks] [pages e1202-e1203] from the congressional record online through the government publishing office [ www.gpo.gov ] celebrating the 40th anniversary of sing tao daily ______ hon. michael m. honda of california in the house of representatives friday, july 31, 2015 mr. honda. mr. speaker, i rise today to honor sing tao daily. on august 1, 2015, sing tao daily will celebrate its 40th anniversary in san francisco, california. since 1975, sing tao daily's western edition has covered local, state, and international news for chinese american communities in the silicon valley, seattle, portland, and hawaii. the organization is a leading content and service provider for global chinese communities. headquartered in hong kong, sing tao daily was the first chinese language newspaper to publish overseas. the san francisco edition was the company's first global expansion and ranks as the highest paid circulation publication among chinese language newspapers outside of china. sing tao daily has been instrumental in helping chinese immigrants adapt to their new country. dedicated to journalistic integrity and recognized for its quality pieces, sing tao daily has presented balanced reports and earned national awards from new american media and local media organizations. as one of the world's most widely read chinese newspapers, sing tao daily has earned distinction as a global name in the print media market. during its lifetime, the multimedia news group has served 625,000 chinese americans in the san francisco bay area. mr. speaker, [[page e1203]] i commend sing tao daily for its service and dedication to providing quality media, which have deeply enriched our chinese communities. ____________________",1806
CREC-2015-07-31-pt1-PgE1202,CREC-2015-07-31,2015-07-31,RECOGNIZING THE PASSING OF ALFRED W. BLUMROSEN,CREC,EXTENSIONS,E,E,1,https://www.govinfo.gov/app/details/CREC-2015-07-31/CREC-2015-07-31-pt1-PgE1202,https://api.govinfo.gov/packages/CREC-2015-07-31/granules/CREC-2015-07-31-pt1-PgE1202/htm,https://api.govinfo.gov/packages/CREC-2015-07-31/granules/CREC-2015-07-31-pt1-PgE1202/pdf,https://api.govinfo.gov/packages/CREC-2015-07-31/summary,"[Congressional Record Volume 161, Number 123 (Friday, July 31, 2015)] [Extensions of Remarks] [Page E1202] From the Congressional Record Online through the Government Publishing Office [ www.gpo.gov ] RECOGNIZING THE PASSING OF ALFRED W. BLUMROSEN ______ HON. ELEANOR HOLMES NORTON of the district of columbia in the house of representatives Friday, July 31, 2015 Ms. NORTON. Mr. Speaker, I rise to ask the House of Representatives to join me in honoring Alfred W. Blumrosen, Thomas A. Cowan Professor of Law Emeritus, Rutgers School of Law Law School, who died this month, for his pioneering work in the development of the nation's equal opportunity laws and for his frontier role in the shaping of the Equal Employment Opportunity Commission (EEOC), which celebrated its 50th year of operation on July 2, 2015. The nation is fortunate that Professor Blumrosen's dedication to equal rights led him to choose a brand new field of law, equal employment law, to which to devote his brilliant mind. When Professor Blumrosen was born, in 1928, there were no laws requiring equal treatment in the United States. His legacy is work that was instrumental in laying the groundwork for modern anti-discrimination law. Professor Blumrosen inspired generations of law students at Rutgers School of Law for almost 50 years. As a public intellectual, his steady stream of publications in discrimination and labor law, were matched by his work on the ground helping to put new anti-discrimination laws in action. Blumrosen's work in both these worlds was cited just last month in a dissent in a housing discrimination case, Texas Department of Housing and Community Affairs v. Inclusive Communities Project, by Justice Clarence Thomas, who gave Professor Blumrosen credit for the development of disparate-impact theory, the most powerful tool used in equal opportunity legal work. ``Alfred Blumrosen, one of the principal creators of disparate-impact liability at EEOC, rejected what he described as a ``defeatist view of Title VII'' that saw the statute as a ``compromise'' with a limited scope. A. Blumrosen, Black Employment and the Law 57-58 (1971). Blumrosen ``felt that most of the problems confronting the EEOC could be solved by creative interpretation of Title VII which would be upheld by the courts, partly out of deference to the administrators. . . . EEOC's guidelines from those years are a case study in Blumrosen's `creative interpretation.' Although EEOC lacked substantive rulemaking authority it repeatedly issued guidelines on the subject of disparate impact.'' . . . EEOC's strategy paid off. The Court embraced EEOC's theory of disparate impact, concluding that the agency's position was ``entitled to great deference.'' See Griggs 401 U.S., at 433-434. Professor Blumrosen began his leadership in developing anti- discrimination law and the EEOC itself as soon as Title VII, the employment equal rights section of the 1964 Civil Rights Act, was enacted. He was the EEOC's first chief of conciliations, where early Title VII law was often made by securing negotiated agreements with employers. He was director of federal-state relations, guiding state and local anti-discrimination agencies in applying this burgeoning new area of law. Although Blumrosen's work in anti-discrimination law was particularly prominent at the EEOC, his work with other agencies was also important, particularly with the Office of Federal Contract Compliance, including his research with that agency to show that so- called reverse discrimination was uncommon in affirmative action cases. He served as special attorney in the Civil Rights Division of U.S. Department of Justice. Blumrosen was always generous in lending his brilliant mind to develop equal employment law--as counsel to Kaye, Scholer, Fierman, Hays and Handler, a New York law firm, and as counsel to the National Association for the Advancement of Colored People, among others. Mr. Speaker, when I chaired the EEOC, Professor Blumrosen was a principal advisor on much of my most important work. He was particularly instrumental in helping us develop our guidelines on Employee Selection Procedures as well as our affirmative action guidelines to motivate employers to correct discriminatory patterns before they led to liability. Al was on the front lines with me in the total reorganization of EEOC operations nationwide to eliminate its huge backlog while significantly increasing remedies for complainants using negotiated agreements. Notwithstanding his groundbreaking law development work in the public sector, Professor Blumrosen remained a prolific scholar, whose efforts in the field often informed his scholarship. For his essay ``Six Conditions for Meaningful Self-Regulation'', he received the Ross Prize from the American Bar Association. I was fortunate to write the introduction to one of his books, coauthored by his late wife, the late Ruth Gerber Blumrosen, Slave Nation: How Slavery United the Colonies and Sparked the American Revolution. Ruth Blumrosen, a professor of business and an adjunct professor of law at Rutgers, often collaborated with her husband. Together, they were a formidable team of scholars. Not surprisingly, their work in the law also infected their two sons, Steven and Alexander, who are both attorneys and legal scholars. Mr. Speaker, Alfred Blumrosen spent his professional life as a leader on the development of equal opportunity law and in bringing equality to the workplace. It is rare that a lawyer or a professor has been able to be so influential simultaneously in law development and in implementation of one of the nation's most important laws. Alfred Blumrosen was fortunate to live to see the 50th anniversary of Title VII of the 1964 Civil Rights Act and the 50th anniversary of the opening of the EEOC itself just this past July 2. A fair share of both of these commemorations belongs to Professor Blumrosen. Mr. Speaker, I ask the House of Representatives to join me in honoring Alfred K. Blumrosen for a lifetime of productive trailblazing work that was instrumental in the creation of equal opportunity law, in the invention of the Equal Employment Opportunity Commission, and in sparking scholarship in a new field of American law. ____________________",,"[Congressional Record Volume 161, Number 123 (Friday, July 31, 2015)] [Extensions of Remarks] [Page E1202] From the Congressional Record Online through the Government Publishing Office [ www.gpo.gov ] RECOGNIZING THE PASSING OF ALFRED W. BLUMROSEN ______ HON. ELEANOR HOLMES NORTON of the district of columbia in the house of representatives Friday, July 31, 2015 Ms. NORTON. Mr. Speaker, I rise to ask the House of Representatives to join me in honoring Alfred W. Blumrosen, Thomas A. Cowan Professor of Law Emeritus, Rutgers School of Law Law School, who died this month, for his pioneering work in the development of the nation's equal opportunity laws and for his frontier role in the shaping of the Equal Employment Opportunity Commission (EEOC), which celebrated its 50th year of operation on July 2, 2015. The nation is fortunate that Professor Blumrosen's dedication to equal rights led him to choose a brand new field of law, equal employment law, to which to devote his brilliant mind. When Professor Blumrosen was born, in 1928, there were no laws requiring equal treatment in the United States. His legacy is work that was instrumental in laying the groundwork for modern anti-discrimination law. Professor Blumrosen inspired generations of law students at Rutgers School of Law for almost 50 years. As a public intellectual, his steady stream of publications in discrimination and labor law, were matched by his work on the ground helping to put new anti-discrimination laws in action. Blumrosen's work in both these worlds was cited just last month in a dissent in a housing discrimination case, Texas Department of Housing and Community Affairs v. Inclusive Communities Project, by Justice Clarence Thomas, who gave Professor Blumrosen credit for the development of disparate-impact theory, the most powerful tool used in equal opportunity legal work. ``Alfred Blumrosen, one of the principal creators of disparate-impact liability at EEOC, rejected what he described as a ``defeatist view of Title VII'' that saw the statute as a ``compromise'' with a limited scope. A. Blumrosen, Black Employment and the Law 57-58 (1971). Blumrosen ``felt that most of the problems confronting the EEOC could be solved by creative interpretation of Title VII which would be upheld by the courts, partly out of deference to the administrators. . . . EEOC's guidelines from those years are a case study in Blumrosen's `creative interpretation.' Although EEOC lacked substantive rulemaking authority it repeatedly issued guidelines on the subject of disparate impact.'' . . . EEOC's strategy paid off. The Court embraced EEOC's theory of disparate impact, concluding that the agency's position was ``entitled to great deference.'' See Griggs 401 U.S., at 433-434. Professor Blumrosen began his leadership in developing anti- discrimination law and the EEOC itself as soon as Title VII, the employment equal rights section of the 1964 Civil Rights Act, was enacted. He was the EEOC's first chief of conciliations, where early Title VII law was often made by securing negotiated agreements with employers. He was director of federal-state relations, guiding state and local anti-discrimination agencies in applying this burgeoning new area of law. Although Blumrosen's work in anti-discrimination law was particularly prominent at the EEOC, his work with other agencies was also important, particularly with the Office of Federal Contract Compliance, including his research with that agency to show that so- called reverse discrimination was uncommon in affirmative action cases. He served as special attorney in the Civil Rights Division of U.S. Department of Justice. Blumrosen was always generous in lending his brilliant mind to develop equal employment law--as counsel to Kaye, Scholer, Fierman, Hays and Handler, a New York law firm, and as counsel to the National Association for the Advancement of Colored People, among others. Mr. Speaker, when I chaired the EEOC, Professor Blumrosen was a principal advisor on much of my most important work. He was particularly instrumental in helping us develop our guidelines on Employee Selection Procedures as well as our affirmative action guidelines to motivate employers to correct discriminatory patterns before they led to liability. Al was on the front lines with me in the total reorganization of EEOC operations nationwide to eliminate its huge backlog while significantly increasing remedies for complainants using negotiated agreements. Notwithstanding his groundbreaking law development work in the public sector, Professor Blumrosen remained a prolific scholar, whose efforts in the field often informed his scholarship. For his essay ``Six Conditions for Meaningful Self-Regulation'', he received the Ross Prize from the American Bar Association. I was fortunate to write the introduction to one of his books, coauthored by his late wife, the late Ruth Gerber Blumrosen, Slave Nation: How Slavery United the Colonies and Sparked the American Revolution. Ruth Blumrosen, a professor of business and an adjunct professor of law at Rutgers, often collaborated with her husband. Together, they were a formidable team of scholars. Not surprisingly, their work in the law also infected their two sons, Steven and Alexander, who are both attorneys and legal scholars. Mr. Speaker, Alfred Blumrosen spent his professional life as a leader on the development of equal opportunity law and in bringing equality to the workplace. It is rare that a lawyer or a professor has been able to be so influential simultaneously in law development and in implementation of one of the nation's most important laws. Alfred Blumrosen was fortunate to live to see the 50th anniversary of Title VII of the 1964 Civil Rights Act and the 50th anniversary of the opening of the EEOC itself just this past July 2. A fair share of both of these commemorations belongs to Professor Blumrosen. Mr. Speaker, I ask the House of Representatives to join me in honoring Alfred K. Blumrosen for a lifetime of productive trailblazing work that was instrumental in the creation of equal opportunity law, in the invention of the Equal Employment Opportunity Commission, and in sparking scholarship in a new field of American law. ____________________",https://api.govinfo.gov/related/CREC-2015-07-31-pt1-PgE1202,CREC,Proceedings of Congress and General Congressional Publications,2025-03-07T17:29:04Z,Congressional Record,package_114_122.csv,6266,0,6266,"[congressional record volume 161, number 123 (friday, july 31, 2015)] [extensions of remarks] [page e1202] from the congressional record online through the government publishing office [ www.gpo.gov ] recognizing the passing of alfred w. blumrosen ______ hon. eleanor holmes norton of the district of columbia in the house of representatives friday, july 31, 2015 ms. norton. mr. speaker, i rise to ask the house of representatives to join me in honoring alfred w. blumrosen, thomas a. cowan professor of law emeritus, rutgers school of law law school, who died this month, for his pioneering work in the development of the nation's equal opportunity laws and for his frontier role in the shaping of the equal employment opportunity commission (eeoc), which celebrated its 50th year of operation on july 2, 2015. the nation is fortunate that professor blumrosen's dedication to equal rights led him to choose a brand new field of law, equal employment law, to which to devote his brilliant mind. when professor blumrosen was born, in 1928, there were no laws requiring equal treatment in the united states. his legacy is work that was instrumental in laying the groundwork for modern anti-discrimination law. professor blumrosen inspired generations of law students at rutgers school of law for almost 50 years. as a public intellectual, his steady stream of publications in discrimination and labor law, were matched by his work on the ground helping to put new anti-discrimination laws in action. blumrosen's work in both these worlds was cited just last month in a dissent in a housing discrimination case, texas department of housing and community affairs v. inclusive communities project, by justice clarence thomas, who gave professor blumrosen credit for the development of disparate-impact theory, the most powerful tool used in equal opportunity legal work. ``alfred blumrosen, one of the principal creators of disparate-impact liability at eeoc, rejected what he described as a ``defeatist view of title vii'' that saw the statute as a ``compromise'' with a limited scope. a. blumrosen, black employment and the law 57-58 (1971). blumrosen ``felt that most of the problems confronting the eeoc could be solved by creative interpretation of title vii which would be upheld by the courts, partly out of deference to the administrators. . . . eeoc's guidelines from those years are a case study in blumrosen's `creative interpretation.' although eeoc lacked substantive rulemaking authority it repeatedly issued guidelines on the subject of disparate impact.'' . . . eeoc's strategy paid off. the court embraced eeoc's theory of disparate impact, concluding that the agency's position was ``entitled to great deference.'' see griggs 401 u.s., at 433-434. professor blumrosen began his leadership in developing anti- discrimination law and the eeoc itself as soon as title vii, the employment equal rights section of the 1964 civil rights act, was enacted. he was the eeoc's first chief of conciliations, where early title vii law was often made by securing negotiated agreements with employers. he was director of federal-state relations, guiding state and local anti-discrimination agencies in applying this burgeoning new area of law. although blumrosen's work in anti-discrimination law was particularly prominent at the eeoc, his work with other agencies was also important, particularly with the office of federal contract compliance, including his research with that agency to show that so- called reverse discrimination was uncommon in affirmative action cases. he served as special attorney in the civil rights division of u.s. department of justice. blumrosen was always generous in lending his brilliant mind to develop equal employment law--as counsel to kaye, scholer, fierman, hays and handler, a new york law firm, and as counsel to the national association for the advancement of colored people, among others. mr. speaker, when i chaired the eeoc, professor blumrosen was a principal advisor on much of my most important work. he was particularly instrumental in helping us develop our guidelines on employee selection procedures as well as our affirmative action guidelines to motivate employers to correct discriminatory patterns before they led to liability. al was on the front lines with me in the total reorganization of eeoc operations nationwide to eliminate its huge backlog while significantly increasing remedies for complainants using negotiated agreements. notwithstanding his groundbreaking law development work in the public sector, professor blumrosen remained a prolific scholar, whose efforts in the field often informed his scholarship. for his essay ``six conditions for meaningful self-regulation'', he received the ross prize from the american bar association. i was fortunate to write the introduction to one of his books, coauthored by his late wife, the late ruth gerber blumrosen, slave nation: how slavery united the colonies and sparked the american revolution. ruth blumrosen, a professor of business and an adjunct professor of law at rutgers, often collaborated with her husband. together, they were a formidable team of scholars. not surprisingly, their work in the law also infected their two sons, steven and alexander, who are both attorneys and legal scholars. mr. speaker, alfred blumrosen spent his professional life as a leader on the development of equal opportunity law and in bringing equality to the workplace. it is rare that a lawyer or a professor has been able to be so influential simultaneously in law development and in implementation of one of the nation's most important laws. alfred blumrosen was fortunate to live to see the 50th anniversary of title vii of the 1964 civil rights act and the 50th anniversary of the opening of the eeoc itself just this past july 2. a fair share of both of these commemorations belongs to professor blumrosen. mr. speaker, i ask the house of representatives to join me in honoring alfred k. blumrosen for a lifetime of productive trailblazing work that was instrumental in the creation of equal opportunity law, in the invention of the equal employment opportunity commission, and in sparking scholarship in a new field of american law. ____________________",6266
CREC-2015-07-31-pt1-PgE1203,CREC-2015-07-31,2015-07-31,RECOGNIZING 34 YEARS OF SERVICE TO THE UNITED STATES GOVERNMENT BY JOHN STREUFERT,CREC,EXTENSIONS,E,E,1,https://www.govinfo.gov/app/details/CREC-2015-07-31/CREC-2015-07-31-pt1-PgE1203,https://api.govinfo.gov/packages/CREC-2015-07-31/granules/CREC-2015-07-31-pt1-PgE1203/htm,https://api.govinfo.gov/packages/CREC-2015-07-31/granules/CREC-2015-07-31-pt1-PgE1203/pdf,https://api.govinfo.gov/packages/CREC-2015-07-31/summary,"[Congressional Record Volume 161, Number 123 (Friday, July 31, 2015)] [Extensions of Remarks] [Page E1203] From the Congressional Record Online through the Government Publishing Office [ www.gpo.gov ] RECOGNIZING 34 YEARS OF SERVICE TO THE UNITED STATES GOVERNMENT BY JOHN STREUFERT ______ HON. GERALD E. CONNOLLY of virginia in the house of representatives Friday, July 31, 2015 Mr. CONNOLLY. Mr. Speaker, I rise today to recognize the distinguished career of my constituent, Mr. John Streufert. Mr. Streufert retired from his position as Director of the Federal Network Resilience Branch (FNR) of the Department of Homeland Security, Office of Cybersecurity and Communications May 31, 2015, following 34 years of exemplary federal service. Since Mr. Streufert began his service to our country, he has held an assortment of positions with various agencies including the Navy Sea Systems Command, the Department of Agriculture, and the U.S. Agency for International Development. While serving as the special assistant for Signals Intelligence and Information Operations, Naval Network Warfare Command, he led the Navy's expansion of its operational role in cyberspace. Mr. Streufert also served with the State Department where he served as Chief Information Security Officer before transferring to DHS and assuming the position of Director of the FNR, which he held for more than three years. Mr. Streufert is well known in government and industry as the ``brains and energy'' behind the government's move to secure and continuously monitor the federal information technology network, which was a revolutionary approach he developed while with USAID and State. Upon joining DHS, he cultivated this approach into a strategy for government-wide cybersecurity acquisitions that leveraged the advantages of volume purchasing and thereby reducing taxpayer cost. This program, now known as Continuous Diagnostics and Mitigation (CDM), enhances the cybersecurity of networks and systems across the government by enabling vulnerabilities to be identified and mitigated more quickly. In addition to being an innovative technologist and industry trailblazer, Mr. Streufert is known for being a true leader and mentor. His empowerment and mentorship of his federal colleagues and staff will serve as his legacy as those employees become the next generation of our nation's leaders, due largely to his example and guidance. Mr. Speaker, I ask my colleagues to join me in congratulating Mr. John Streufert on his retirement and in thanking him for his 34 years of distinguished service to the people of the United States of America. His accomplishments, innovation, and leadership have contributed greatly to our nation and are worthy of our highest praise. ____________________",,"[Congressional Record Volume 161, Number 123 (Friday, July 31, 2015)] [Extensions of Remarks] [Page E1203] From the Congressional Record Online through the Government Publishing Office [ www.gpo.gov ] RECOGNIZING 34 YEARS OF SERVICE TO THE UNITED STATES GOVERNMENT BY JOHN STREUFERT ______ HON. GERALD E. CONNOLLY of virginia in the house of representatives Friday, July 31, 2015 Mr. CONNOLLY. Mr. Speaker, I rise today to recognize the distinguished career of my constituent, Mr. John Streufert. Mr. Streufert retired from his position as Director of the Federal Network Resilience Branch (FNR) of the Department of Homeland Security, Office of Cybersecurity and Communications May 31, 2015, following 34 years of exemplary federal service. Since Mr. Streufert began his service to our country, he has held an assortment of positions with various agencies including the Navy Sea Systems Command, the Department of Agriculture, and the U.S. Agency for International Development. While serving as the special assistant for Signals Intelligence and Information Operations, Naval Network Warfare Command, he led the Navy's expansion of its operational role in cyberspace. Mr. Streufert also served with the State Department where he served as Chief Information Security Officer before transferring to DHS and assuming the position of Director of the FNR, which he held for more than three years. Mr. Streufert is well known in government and industry as the ``brains and energy'' behind the government's move to secure and continuously monitor the federal information technology network, which was a revolutionary approach he developed while with USAID and State. Upon joining DHS, he cultivated this approach into a strategy for government-wide cybersecurity acquisitions that leveraged the advantages of volume purchasing and thereby reducing taxpayer cost. This program, now known as Continuous Diagnostics and Mitigation (CDM), enhances the cybersecurity of networks and systems across the government by enabling vulnerabilities to be identified and mitigated more quickly. In addition to being an innovative technologist and industry trailblazer, Mr. Streufert is known for being a true leader and mentor. His empowerment and mentorship of his federal colleagues and staff will serve as his legacy as those employees become the next generation of our nation's leaders, due largely to his example and guidance. Mr. Speaker, I ask my colleagues to join me in congratulating Mr. John Streufert on his retirement and in thanking him for his 34 years of distinguished service to the people of the United States of America. His accomplishments, innovation, and leadership have contributed greatly to our nation and are worthy of our highest praise. ____________________",https://api.govinfo.gov/related/CREC-2015-07-31-pt1-PgE1203,CREC,Proceedings of Congress and General Congressional Publications,2025-03-07T17:29:04Z,Congressional Record,package_114_122.csv,2765,0,2765,"[congressional record volume 161, number 123 (friday, july 31, 2015)] [extensions of remarks] [page e1203] from the congressional record online through the government publishing office [ www.gpo.gov ] recognizing 34 years of service to the united states government by john streufert ______ hon. gerald e. connolly of virginia in the house of representatives friday, july 31, 2015 mr. connolly. mr. speaker, i rise today to recognize the distinguished career of my constituent, mr. john streufert. mr. streufert retired from his position as director of the federal network resilience branch (fnr) of the department of homeland security, office of cybersecurity and communications may 31, 2015, following 34 years of exemplary federal service. since mr. streufert began his service to our country, he has held an assortment of positions with various agencies including the navy sea systems command, the department of agriculture, and the u.s. agency for international development. while serving as the special assistant for signals intelligence and information operations, naval network warfare command, he led the navy's expansion of its operational role in cyberspace. mr. streufert also served with the state department where he served as chief information security officer before transferring to dhs and assuming the position of director of the fnr, which he held for more than three years. mr. streufert is well known in government and industry as the ``brains and energy'' behind the government's move to secure and continuously monitor the federal information technology network, which was a revolutionary approach he developed while with usaid and state. upon joining dhs, he cultivated this approach into a strategy for government-wide cybersecurity acquisitions that leveraged the advantages of volume purchasing and thereby reducing taxpayer cost. this program, now known as continuous diagnostics and mitigation (cdm), enhances the cybersecurity of networks and systems across the government by enabling vulnerabilities to be identified and mitigated more quickly. in addition to being an innovative technologist and industry trailblazer, mr. streufert is known for being a true leader and mentor. his empowerment and mentorship of his federal colleagues and staff will serve as his legacy as those employees become the next generation of our nation's leaders, due largely to his example and guidance. mr. speaker, i ask my colleagues to join me in congratulating mr. john streufert on his retirement and in thanking him for his 34 years of distinguished service to the people of the united states of america. his accomplishments, innovation, and leadership have contributed greatly to our nation and are worthy of our highest praise. ____________________",2765
CREC-2015-07-31-pt1-PgE1203-3,CREC-2015-07-31,2015-07-31,PERSONAL EXPLANATION,CREC,EXTENSIONS,E,E,1,https://www.govinfo.gov/app/details/CREC-2015-07-31/CREC-2015-07-31-pt1-PgE1203-3,https://api.govinfo.gov/packages/CREC-2015-07-31/granules/CREC-2015-07-31-pt1-PgE1203-3/htm,https://api.govinfo.gov/packages/CREC-2015-07-31/granules/CREC-2015-07-31-pt1-PgE1203-3/pdf,https://api.govinfo.gov/packages/CREC-2015-07-31/summary,"[Congressional Record Volume 161, Number 123 (Friday, July 31, 2015)] [Extensions of Remarks] [Page E1203] From the Congressional Record Online through the Government Publishing Office [ www.gpo.gov ] PERSONAL EXPLANATION ______ HON. EMANUEL CLEAVER of missouri in the house of representatives Friday, July 31, 2015 Mr. CLEAVER. Mr. Speaker, I regrettably missed votes on July 27-28, 2015. Had I been present I would have voted ``yes'' on roll call vote 467, ``yes'' on roll call vote 468, ``yes'' on roll call vote 469, ``no'' on roll call vote 470, ``no'' on roll call vote 471, ``yes'' on roll call vote 472, ``no'' on roll call vote 473, ``no'' on roll call vote 474, ``yes'' on roll call vote 475, ``yes'' on roll call vote 476, ``yes'' on roll call vote 477, ``yes'' on roll call vote 478, ``yes'' on roll call vote 479, ``yes'' on roll call vote 480, ``yes'' on roll call vote 481, and ``no'' on roll call vote 482. ____________________",,"[Congressional Record Volume 161, Number 123 (Friday, July 31, 2015)] [Extensions of Remarks] [Page E1203] From the Congressional Record Online through the Government Publishing Office [ www.gpo.gov ] PERSONAL EXPLANATION ______ HON. EMANUEL CLEAVER of missouri in the house of representatives Friday, July 31, 2015 Mr. CLEAVER. Mr. Speaker, I regrettably missed votes on July 27-28, 2015. Had I been present I would have voted ``yes'' on roll call vote 467, ``yes'' on roll call vote 468, ``yes'' on roll call vote 469, ``no'' on roll call vote 470, ``no'' on roll call vote 471, ``yes'' on roll call vote 472, ``no'' on roll call vote 473, ``no'' on roll call vote 474, ``yes'' on roll call vote 475, ``yes'' on roll call vote 476, ``yes'' on roll call vote 477, ``yes'' on roll call vote 478, ``yes'' on roll call vote 479, ``yes'' on roll call vote 480, ``yes'' on roll call vote 481, and ``no'' on roll call vote 482. ____________________",https://api.govinfo.gov/related/CREC-2015-07-31-pt1-PgE1203-3,CREC,Proceedings of Congress and General Congressional Publications,2025-03-07T17:29:04Z,Congressional Record,package_114_122.csv,943,0,943,"[congressional record volume 161, number 123 (friday, july 31, 2015)] [extensions of remarks] [page e1203] from the congressional record online through the government publishing office [ www.gpo.gov ] personal explanation ______ hon. emanuel cleaver of missouri in the house of representatives friday, july 31, 2015 mr. cleaver. mr. speaker, i regrettably missed votes on july 27-28, 2015. had i been present i would have voted ``yes'' on roll call vote 467, ``yes'' on roll call vote 468, ``yes'' on roll call vote 469, ``no'' on roll call vote 470, ``no'' on roll call vote 471, ``yes'' on roll call vote 472, ``no'' on roll call vote 473, ``no'' on roll call vote 474, ``yes'' on roll call vote 475, ``yes'' on roll call vote 476, ``yes'' on roll call vote 477, ``yes'' on roll call vote 478, ``yes'' on roll call vote 479, ``yes'' on roll call vote 480, ``yes'' on roll call vote 481, and ``no'' on roll call vote 482. ____________________",943
CREC-2015-07-31-pt1-PgE1203-2,CREC-2015-07-31,2015-07-31,COMMEMORATING 100 YEARS OF SERVICE OF THE LAKEWOOD FIRE DEPARTMENT,CREC,EXTENSIONS,E,E,1,https://www.govinfo.gov/app/details/CREC-2015-07-31/CREC-2015-07-31-pt1-PgE1203-2,https://api.govinfo.gov/packages/CREC-2015-07-31/granules/CREC-2015-07-31-pt1-PgE1203-2/htm,https://api.govinfo.gov/packages/CREC-2015-07-31/granules/CREC-2015-07-31-pt1-PgE1203-2/pdf,https://api.govinfo.gov/packages/CREC-2015-07-31/summary,"[Congressional Record Volume 161, Number 123 (Friday, July 31, 2015)] [Extensions of Remarks] [Page E1203] From the Congressional Record Online through the Government Publishing Office [ www.gpo.gov ] COMMEMORATING 100 YEARS OF SERVICE OF THE LAKEWOOD FIRE DEPARTMENT ______ HON. PETER J. ROSKAM of illinois in the house of representatives Friday, July 31, 2015 Mr. ROSKAM. Mr. Speaker, I am pleased to recognize the Lakewood Fire Department for 100 years of loyal service to the community. Throughout the year, the City of Lakewood will recognize the heroic firefighters and paramedics who have proudly and faithfully served the families and businesses in their community. Fire Chief Ralph Webster and the men and women of Lakewood Fire Department reflect the pride and tradition of excellence that exists throughout the fire protection community. They risk their lives in service to the community and their bravery and courage deserve our recognition. Please join me in celebrating this special occasion and the long years of service and commitment that it represents. ____________________",,"[Congressional Record Volume 161, Number 123 (Friday, July 31, 2015)] [Extensions of Remarks] [Page E1203] From the Congressional Record Online through the Government Publishing Office [ www.gpo.gov ] COMMEMORATING 100 YEARS OF SERVICE OF THE LAKEWOOD FIRE DEPARTMENT ______ HON. PETER J. ROSKAM of illinois in the house of representatives Friday, July 31, 2015 Mr. ROSKAM. Mr. Speaker, I am pleased to recognize the Lakewood Fire Department for 100 years of loyal service to the community. Throughout the year, the City of Lakewood will recognize the heroic firefighters and paramedics who have proudly and faithfully served the families and businesses in their community. Fire Chief Ralph Webster and the men and women of Lakewood Fire Department reflect the pride and tradition of excellence that exists throughout the fire protection community. They risk their lives in service to the community and their bravery and courage deserve our recognition. Please join me in celebrating this special occasion and the long years of service and commitment that it represents. ____________________",https://api.govinfo.gov/related/CREC-2015-07-31-pt1-PgE1203-2,CREC,Proceedings of Congress and General Congressional Publications,2025-03-07T17:29:04Z,Congressional Record,package_114_122.csv,1091,0,1091,"[congressional record volume 161, number 123 (friday, july 31, 2015)] [extensions of remarks] [page e1203] from the congressional record online through the government publishing office [ www.gpo.gov ] commemorating 100 years of service of the lakewood fire department ______ hon. peter j. roskam of illinois in the house of representatives friday, july 31, 2015 mr. roskam. mr. speaker, i am pleased to recognize the lakewood fire department for 100 years of loyal service to the community. throughout the year, the city of lakewood will recognize the heroic firefighters and paramedics who have proudly and faithfully served the families and businesses in their community. fire chief ralph webster and the men and women of lakewood fire department reflect the pride and tradition of excellence that exists throughout the fire protection community. they risk their lives in service to the community and their bravery and courage deserve our recognition. please join me in celebrating this special occasion and the long years of service and commitment that it represents. ____________________",1091
CREC-2015-07-31-pt1-PgE1203-4,CREC-2015-07-31,2015-07-31,TRIBUTE TO ANNA TERESA NARVAEZ BOU,CREC,EXTENSIONS,E,E,1,https://www.govinfo.gov/app/details/CREC-2015-07-31/CREC-2015-07-31-pt1-PgE1203-4,https://api.govinfo.gov/packages/CREC-2015-07-31/granules/CREC-2015-07-31-pt1-PgE1203-4/htm,https://api.govinfo.gov/packages/CREC-2015-07-31/granules/CREC-2015-07-31-pt1-PgE1203-4/pdf,https://api.govinfo.gov/packages/CREC-2015-07-31/summary,"[Congressional Record Volume 161, Number 123 (Friday, July 31, 2015)] [Extensions of Remarks] [Page E1203] From the Congressional Record Online through the Government Publishing Office [ www.gpo.gov ] TRIBUTE TO ANNA TERESA NARVAEZ BOU ______ HON. NYDIA M. VELAZQUEZ of new york in the house of representatives Friday, July 31, 2015 Ms. VELAZQUEZ. Mr. Speaker, I rise today on behalf of Anna Teresa Narvaez Bou in celebration of her 100th birthday. She was born in Corozal, Puerto Rico on July 26, 1915. She married Ramon Narvaez Ferrer and had two children, Ramond Luis Narvaez Bou and Carmen Lourdes Narvaez Bou. Dona Teresa, as she is affectionately known, came to New York in 1952 during the great migration from Puerto Rico to the States. The Great Depression of the 1930s and the impact of World War II in the 1940s on the island doubly effected poverty and the prospect of employment for many Puerto Ricans. This combined with the launch of commercial air travel influenced her and her family to come to New York. She settled at 25 McKibbin Street in Williamsburg, Brooklyn. A few years later they were displaced due to the city's urban renewal development project in the area. Housing discrimination patterns and the language barrier resulted in further displacement for the family in the years that followed. In spite of the challenges faced by living in a new city and learning a new language and culture, Dona Teresa persevered. She earned her living working at a factory and lived her life, then and now, selflessly with honor and pride. She raised her children and instilled the values of integrity, fairness, service, faith and community. Her determination motivated her to triumph during difficult times. Her experiences compelled her to advocate for safe, decent and affordable housing for the growing Puerto Rican community in Williamsburg, Brooklyn. Today, Dona Teresa continues to exemplify a love for her family and friends. She is proud of her children and grandchildren who embody a life of service whether in the community or serving the nation. Her sense of humor, generosity, and perseverance has served her well for 100 years. Mr. Speaker, it is women like Dona Teresa that embody the heart of our great nation as well as the spirit of the proud Puerto Rican woman and mother who dreamed of a better life for her family and community. Therefore, I join with the residents of the entire 7th Congressional District of New York in wishing Anna Teresa Narvaez-Bou a very happy 100th birthday. ____________________",,"[Congressional Record Volume 161, Number 123 (Friday, July 31, 2015)] [Extensions of Remarks] [Page E1203] From the Congressional Record Online through the Government Publishing Office [ www.gpo.gov ] TRIBUTE TO ANNA TERESA NARVAEZ BOU ______ HON. NYDIA M. VELAZQUEZ of new york in the house of representatives Friday, July 31, 2015 Ms. VELAZQUEZ. Mr. Speaker, I rise today on behalf of Anna Teresa Narvaez Bou in celebration of her 100th birthday. She was born in Corozal, Puerto Rico on July 26, 1915. She married Ramon Narvaez Ferrer and had two children, Ramond Luis Narvaez Bou and Carmen Lourdes Narvaez Bou. Dona Teresa, as she is affectionately known, came to New York in 1952 during the great migration from Puerto Rico to the States. The Great Depression of the 1930s and the impact of World War II in the 1940s on the island doubly effected poverty and the prospect of employment for many Puerto Ricans. This combined with the launch of commercial air travel influenced her and her family to come to New York. She settled at 25 McKibbin Street in Williamsburg, Brooklyn. A few years later they were displaced due to the city's urban renewal development project in the area. Housing discrimination patterns and the language barrier resulted in further displacement for the family in the years that followed. In spite of the challenges faced by living in a new city and learning a new language and culture, Dona Teresa persevered. She earned her living working at a factory and lived her life, then and now, selflessly with honor and pride. She raised her children and instilled the values of integrity, fairness, service, faith and community. Her determination motivated her to triumph during difficult times. Her experiences compelled her to advocate for safe, decent and affordable housing for the growing Puerto Rican community in Williamsburg, Brooklyn. Today, Dona Teresa continues to exemplify a love for her family and friends. She is proud of her children and grandchildren who embody a life of service whether in the community or serving the nation. Her sense of humor, generosity, and perseverance has served her well for 100 years. Mr. Speaker, it is women like Dona Teresa that embody the heart of our great nation as well as the spirit of the proud Puerto Rican woman and mother who dreamed of a better life for her family and community. Therefore, I join with the residents of the entire 7th Congressional District of New York in wishing Anna Teresa Narvaez-Bou a very happy 100th birthday. ____________________",https://api.govinfo.gov/related/CREC-2015-07-31-pt1-PgE1203-4,CREC,Proceedings of Congress and General Congressional Publications,2025-03-07T17:29:04Z,Congressional Record,package_114_122.csv,2535,0,2535,"[congressional record volume 161, number 123 (friday, july 31, 2015)] [extensions of remarks] [page e1203] from the congressional record online through the government publishing office [ www.gpo.gov ] tribute to anna teresa narvaez bou ______ hon. nydia m. velazquez of new york in the house of representatives friday, july 31, 2015 ms. velazquez. mr. speaker, i rise today on behalf of anna teresa narvaez bou in celebration of her 100th birthday. she was born in corozal, puerto rico on july 26, 1915. she married ramon narvaez ferrer and had two children, ramond luis narvaez bou and carmen lourdes narvaez bou. dona teresa, as she is affectionately known, came to new york in 1952 during the great migration from puerto rico to the states. the great depression of the 1930s and the impact of world war ii in the 1940s on the island doubly effected poverty and the prospect of employment for many puerto ricans. this combined with the launch of commercial air travel influenced her and her family to come to new york. she settled at 25 mckibbin street in williamsburg, brooklyn. a few years later they were displaced due to the city's urban renewal development project in the area. housing discrimination patterns and the language barrier resulted in further displacement for the family in the years that followed. in spite of the challenges faced by living in a new city and learning a new language and culture, dona teresa persevered. she earned her living working at a factory and lived her life, then and now, selflessly with honor and pride. she raised her children and instilled the values of integrity, fairness, service, faith and community. her determination motivated her to triumph during difficult times. her experiences compelled her to advocate for safe, decent and affordable housing for the growing puerto rican community in williamsburg, brooklyn. today, dona teresa continues to exemplify a love for her family and friends. she is proud of her children and grandchildren who embody a life of service whether in the community or serving the nation. her sense of humor, generosity, and perseverance has served her well for 100 years. mr. speaker, it is women like dona teresa that embody the heart of our great nation as well as the spirit of the proud puerto rican woman and mother who dreamed of a better life for her family and community. therefore, i join with the residents of the entire 7th congressional district of new york in wishing anna teresa narvaez-bou a very happy 100th birthday. ____________________",2535
CREC-2015-07-31-pt1-PgE1203-5,CREC-2015-07-31,2015-07-31,HONORING THE 2015 LITERACY COUNCIL OF NORTHERN VIRGINIA AWARD RECIPIENTS,CREC,EXTENSIONS,E,E,1,https://www.govinfo.gov/app/details/CREC-2015-07-31/CREC-2015-07-31-pt1-PgE1203-5,https://api.govinfo.gov/packages/CREC-2015-07-31/granules/CREC-2015-07-31-pt1-PgE1203-5/htm,https://api.govinfo.gov/packages/CREC-2015-07-31/granules/CREC-2015-07-31-pt1-PgE1203-5/pdf,https://api.govinfo.gov/packages/CREC-2015-07-31/summary,"[Congressional Record Volume 161, Number 123 (Friday, July 31, 2015)] [Extensions of Remarks] [Pages E1203-E1204] From the Congressional Record Online through the Government Publishing Office [ www.gpo.gov ] HONORING THE 2015 LITERACY COUNCIL OF NORTHERN VIRGINIA AWARD RECIPIENTS ______ HON. GERALD E. CONNOLLY of virginia in the house of representatives Friday, July 31, 2015 Mr. CONNOLLY. Mr. Speaker, I rise today to congratulate the recipients of the 2015 Literary Council of Northern Virginia Community Partner Awards and Volunteer of the Year Awards. Founded in 1962, the Literary Council of Northern Virginia (LCNV) is a non-profit educational organization that recruits and trains volunteers to teach adults who need help reading, writing, speaking, and understanding the English language. The mission of LCNV is to empower adults by providing a wide range of programs that teach the basic literacy skills needed in order to become self-sufficient and full participants in society. These programs include Basic Adult Literacy Tutoring, which works with adults who speak and understand English but are beginning readers and writers, and ESOL tutoring programs that teach reading, writing, listening comprehension, and speaking to those in our community for whom English is not their native language. In addition, LCNV offers two classroom programs: The ESOL Learning Center program, which serves low-income immigrant adults and teaches life skills important in the work place and community, and Family Learning Programs, which teach English proficiency to parents while their children participate in separate literacy-related activities. Over more than 50 years, thousands of people and families have gained new knowledge through LCNV programs. This would not have been possible without the dedication and commitment of the many volunteers and community partners. It is my great honor to recognize [[Page E1204]] the following recipients of the 2015 Literacy Council of Northern Virginia Awards: Community Partner Awards: Capital One; The Phillip L. Graham Fund; Region 8 Adult Education Programs Student Essay Readers: Lorena Lemus De Hernandez; Nansy Peta; Blanca Soliz Volunteers of the Year: Lynn Gallagher; Sandra Thomas; Chris Wollenberg Mid Allen Ries Award: Xavier Munoz This year, LCNV learners were invited to submit writings around the theme for this year's Annual Recognition Event: ``My Hopes and Dreams.'' Learners worked with tutors, teachers, and classmates to formulate ideas, construct drafts, edit, and polish their writing in order to create final products that were published in LCNV's annual report. I commend each of the learners who submitted a piece and congratulate them on the incredible progress that they have made. Mr. Speaker, I ask that my colleagues join me in recognizing the contributions of the Literacy Council of Northern Virginia and in congratulating each of the 2015 Award Recipients. Their dedication, hard work, and commitment improves the quality of life for the students, as well as the community, by providing program participants with the life skills that are necessary to become active and productive members of society.",,"[Congressional Record Volume 161, Number 123 (Friday, July 31, 2015)] [Extensions of Remarks] [Pages E1203-E1204] From the Congressional Record Online through the Government Publishing Office [ www.gpo.gov ] HONORING THE 2015 LITERACY COUNCIL OF NORTHERN VIRGINIA AWARD RECIPIENTS ______ HON. GERALD E. CONNOLLY of virginia in the house of representatives Friday, July 31, 2015 Mr. CONNOLLY. Mr. Speaker, I rise today to congratulate the recipients of the 2015 Literary Council of Northern Virginia Community Partner Awards and Volunteer of the Year Awards. Founded in 1962, the Literary Council of Northern Virginia (LCNV) is a non-profit educational organization that recruits and trains volunteers to teach adults who need help reading, writing, speaking, and understanding the English language. The mission of LCNV is to empower adults by providing a wide range of programs that teach the basic literacy skills needed in order to become self-sufficient and full participants in society. These programs include Basic Adult Literacy Tutoring, which works with adults who speak and understand English but are beginning readers and writers, and ESOL tutoring programs that teach reading, writing, listening comprehension, and speaking to those in our community for whom English is not their native language. In addition, LCNV offers two classroom programs: The ESOL Learning Center program, which serves low-income immigrant adults and teaches life skills important in the work place and community, and Family Learning Programs, which teach English proficiency to parents while their children participate in separate literacy-related activities. Over more than 50 years, thousands of people and families have gained new knowledge through LCNV programs. This would not have been possible without the dedication and commitment of the many volunteers and community partners. It is my great honor to recognize [[Page E1204]] the following recipients of the 2015 Literacy Council of Northern Virginia Awards: Community Partner Awards: Capital One; The Phillip L. Graham Fund; Region 8 Adult Education Programs Student Essay Readers: Lorena Lemus De Hernandez; Nansy Peta; Blanca Soliz Volunteers of the Year: Lynn Gallagher; Sandra Thomas; Chris Wollenberg Mid Allen Ries Award: Xavier Munoz This year, LCNV learners were invited to submit writings around the theme for this year's Annual Recognition Event: ``My Hopes and Dreams.'' Learners worked with tutors, teachers, and classmates to formulate ideas, construct drafts, edit, and polish their writing in order to create final products that were published in LCNV's annual report. I commend each of the learners who submitted a piece and congratulate them on the incredible progress that they have made. Mr. Speaker, I ask that my colleagues join me in recognizing the contributions of the Literacy Council of Northern Virginia and in congratulating each of the 2015 Award Recipients. Their dedication, hard work, and commitment improves the quality of life for the students, as well as the community, by providing program participants with the life skills that are necessary to become active and productive members of society.",https://api.govinfo.gov/related/CREC-2015-07-31-pt1-PgE1203-5,CREC,Proceedings of Congress and General Congressional Publications,2025-03-07T17:29:04Z,Congressional Record,package_114_122.csv,3176,0,3176,"[congressional record volume 161, number 123 (friday, july 31, 2015)] [extensions of remarks] [pages e1203-e1204] from the congressional record online through the government publishing office [ www.gpo.gov ] honoring the 2015 literacy council of northern virginia award recipients ______ hon. gerald e. connolly of virginia in the house of representatives friday, july 31, 2015 mr. connolly. mr. speaker, i rise today to congratulate the recipients of the 2015 literary council of northern virginia community partner awards and volunteer of the year awards. founded in 1962, the literary council of northern virginia (lcnv) is a non-profit educational organization that recruits and trains volunteers to teach adults who need help reading, writing, speaking, and understanding the english language. the mission of lcnv is to empower adults by providing a wide range of programs that teach the basic literacy skills needed in order to become self-sufficient and full participants in society. these programs include basic adult literacy tutoring, which works with adults who speak and understand english but are beginning readers and writers, and esol tutoring programs that teach reading, writing, listening comprehension, and speaking to those in our community for whom english is not their native language. in addition, lcnv offers two classroom programs: the esol learning center program, which serves low-income immigrant adults and teaches life skills important in the work place and community, and family learning programs, which teach english proficiency to parents while their children participate in separate literacy-related activities. over more than 50 years, thousands of people and families have gained new knowledge through lcnv programs. this would not have been possible without the dedication and commitment of the many volunteers and community partners. it is my great honor to recognize [[page e1204]] the following recipients of the 2015 literacy council of northern virginia awards: community partner awards: capital one; the phillip l. graham fund; region 8 adult education programs student essay readers: lorena lemus de hernandez; nansy peta; blanca soliz volunteers of the year: lynn gallagher; sandra thomas; chris wollenberg mid allen ries award: xavier munoz this year, lcnv learners were invited to submit writings around the theme for this year's annual recognition event: ``my hopes and dreams.'' learners worked with tutors, teachers, and classmates to formulate ideas, construct drafts, edit, and polish their writing in order to create final products that were published in lcnv's annual report. i commend each of the learners who submitted a piece and congratulate them on the incredible progress that they have made. mr. speaker, i ask that my colleagues join me in recognizing the contributions of the literacy council of northern virginia and in congratulating each of the 2015 award recipients. their dedication, hard work, and commitment improves the quality of life for the students, as well as the community, by providing program participants with the life skills that are necessary to become active and productive members of society.",3176
CREC-2015-07-31-pt1-PgD919,CREC-2015-07-31,2015-07-31,Daily Digest/Senate,CREC,DAILYDIGEST,,D,1,https://www.govinfo.gov/app/details/CREC-2015-07-31/CREC-2015-07-31-pt1-PgD919,https://api.govinfo.gov/packages/CREC-2015-07-31/granules/CREC-2015-07-31-pt1-PgD919/htm,https://api.govinfo.gov/packages/CREC-2015-07-31/granules/CREC-2015-07-31-pt1-PgD919/pdf,https://api.govinfo.gov/packages/CREC-2015-07-31/summary,"[Congressional Record Volume 161, Number 123 (Friday, July 31, 2015)] [Daily Digest] [Page D919] From the Congressional Record Online through the Government Publishing Office [ www.gpo.gov ] Friday, July 31, 2015 [[Page D919]] Daily Digest Senate Chamber Action The Senate met at 10:00:06 a.m. in pro forma session, and adjourned at 10:00:19 a.m. until 2 p.m., on Monday, August 3, 2015.",,"[Congressional Record Volume 161, Number 123 (Friday, July 31, 2015)] [Daily Digest] [Page D919] From the Congressional Record Online through the Government Publishing Office [ www.gpo.gov ] Friday, July 31, 2015 [[Page D919]] Daily Digest Senate Chamber Action The Senate met at 10:00:06 a.m. in pro forma session, and adjourned at 10:00:19 a.m. until 2 p.m., on Monday, August 3, 2015.",https://api.govinfo.gov/related/CREC-2015-07-31-pt1-PgD919,CREC,Proceedings of Congress and General Congressional Publications,2025-03-07T17:29:04Z,Congressional Record,package_114_122.csv,387,0,387,"[congressional record volume 161, number 123 (friday, july 31, 2015)] [daily digest] [page d919] from the congressional record online through the government publishing office [ www.gpo.gov ] friday, july 31, 2015 [[page d919]] daily digest senate chamber action the senate met at 10:00:06 a.m. in pro forma session, and adjourned at 10:00:19 a.m. until 2 p.m., on monday, august 3, 2015.",387
CREC-2015-07-31-pt1-PgD919-2,CREC-2015-07-31,2015-07-31,Daily Digest/Senate Committee Meetings,CREC,DAILYDIGEST,,D,1,https://www.govinfo.gov/app/details/CREC-2015-07-31/CREC-2015-07-31-pt1-PgD919-2,https://api.govinfo.gov/packages/CREC-2015-07-31/granules/CREC-2015-07-31-pt1-PgD919-2/htm,https://api.govinfo.gov/packages/CREC-2015-07-31/granules/CREC-2015-07-31-pt1-PgD919-2/pdf,https://api.govinfo.gov/packages/CREC-2015-07-31/summary,"[Congressional Record Volume 161, Number 123 (Friday, July 31, 2015)] [Daily Digest] [Page D919] From the Congressional Record Online through the Government Publishing Office [ www.gpo.gov ] Committee Meetings No committee meetings were held.",,"[Congressional Record Volume 161, Number 123 (Friday, July 31, 2015)] [Daily Digest] [Page D919] From the Congressional Record Online through the Government Publishing Office [ www.gpo.gov ] Committee Meetings No committee meetings were held.",https://api.govinfo.gov/related/CREC-2015-07-31-pt1-PgD919-2,CREC,Proceedings of Congress and General Congressional Publications,2025-03-07T17:29:04Z,Congressional Record,package_114_122.csv,242,0,242,"[congressional record volume 161, number 123 (friday, july 31, 2015)] [daily digest] [page d919] from the congressional record online through the government publishing office [ www.gpo.gov ] committee meetings no committee meetings were held.",242
CREC-2015-07-31-pt1-PgD919-4,CREC-2015-07-31,2015-07-31,Daily Digest/House Committee Meetings,CREC,DAILYDIGEST,,D,1,https://www.govinfo.gov/app/details/CREC-2015-07-31/CREC-2015-07-31-pt1-PgD919-4,https://api.govinfo.gov/packages/CREC-2015-07-31/granules/CREC-2015-07-31-pt1-PgD919-4/htm,https://api.govinfo.gov/packages/CREC-2015-07-31/granules/CREC-2015-07-31-pt1-PgD919-4/pdf,https://api.govinfo.gov/packages/CREC-2015-07-31/summary,"[Congressional Record Volume 161, Number 123 (Friday, July 31, 2015)] [Daily Digest] [Page D919] From the Congressional Record Online through the Government Publishing Office [ www.gpo.gov ] Committee Meetings No hearings were held. Joint Meetings No joint committee meetings were held.",,"[Congressional Record Volume 161, Number 123 (Friday, July 31, 2015)] [Daily Digest] [Page D919] From the Congressional Record Online through the Government Publishing Office [ www.gpo.gov ] Committee Meetings No hearings were held. Joint Meetings No joint committee meetings were held.",https://api.govinfo.gov/related/CREC-2015-07-31-pt1-PgD919-4,CREC,Proceedings of Congress and General Congressional Publications,2025-03-07T17:29:04Z,Congressional Record,package_114_122.csv,286,0,286,"[congressional record volume 161, number 123 (friday, july 31, 2015)] [daily digest] [page d919] from the congressional record online through the government publishing office [ www.gpo.gov ] committee meetings no hearings were held. joint meetings no joint committee meetings were held.",286
CREC-2015-07-31-pt1-PgD919-3,CREC-2015-07-31,2015-07-31,Daily Digest/House of Representatives,CREC,DAILYDIGEST,,D,1,https://www.govinfo.gov/app/details/CREC-2015-07-31/CREC-2015-07-31-pt1-PgD919-3,https://api.govinfo.gov/packages/CREC-2015-07-31/granules/CREC-2015-07-31-pt1-PgD919-3/htm,https://api.govinfo.gov/packages/CREC-2015-07-31/granules/CREC-2015-07-31-pt1-PgD919-3/pdf,https://api.govinfo.gov/packages/CREC-2015-07-31/summary,"[Congressional Record Volume 161, Number 123 (Friday, July 31, 2015)] [Daily Digest] [Page D919] From the Congressional Record Online through the Government Publishing Office [ www.gpo.gov ] House of Representatives Chamber Action Public Bills and Resolutions Introduced: 5 public bills, H.R. 3433- 3437; and 5 resolutions, H.J. Res. 63; H. Con. Res. 70-71; and H. Res. 406-407, were introduced. Page H5782 Additional Cosponsors: Page H5783 Report Filed: A report was filed today as follows: Committee on Ethics. In the Matter of Officially-Connected Travel by House Members to Azerbaijan in 2013 (H. Rept. 114-239). Page H5782 Speaker: Read a letter from the Speaker wherein he appointed Representative Holding to act as Speaker pro tempore for today. Page H5779 Guest Chaplain: The prayer was offered by the Guest Chaplain, Reverend John Peck, SJ, Holy Trinity Catholic Church, Washington, DC. Page H5779 Senate Messages: Messages received from the Senate by the Clerk and subsequently presented to the House today appear on page H5779. Senate Referral: S. 1172 was referred to the Committee on Oversight and Government Reform and the Committee on Homeland Security. Page H5779 Quorum Calls--Votes: There were no yea-and-nay votes, and there were no recorded votes. There were no quorum calls. Adjournment: The House met at 1 p.m. and adjourned at 1:04 p.m.",,"[Congressional Record Volume 161, Number 123 (Friday, July 31, 2015)] [Daily Digest] [Page D919] From the Congressional Record Online through the Government Publishing Office [ www.gpo.gov ] House of Representatives Chamber Action Public Bills and Resolutions Introduced: 5 public bills, H.R. 3433- 3437; and 5 resolutions, H.J. Res. 63; H. Con. Res. 70-71; and H. Res. 406-407, were introduced. Page H5782 Additional Cosponsors: Page H5783 Report Filed: A report was filed today as follows: Committee on Ethics. In the Matter of Officially-Connected Travel by House Members to Azerbaijan in 2013 (H. Rept. 114-239). Page H5782 Speaker: Read a letter from the Speaker wherein he appointed Representative Holding to act as Speaker pro tempore for today. Page H5779 Guest Chaplain: The prayer was offered by the Guest Chaplain, Reverend John Peck, SJ, Holy Trinity Catholic Church, Washington, DC. Page H5779 Senate Messages: Messages received from the Senate by the Clerk and subsequently presented to the House today appear on page H5779. Senate Referral: S. 1172 was referred to the Committee on Oversight and Government Reform and the Committee on Homeland Security. Page H5779 Quorum Calls--Votes: There were no yea-and-nay votes, and there were no recorded votes. There were no quorum calls. Adjournment: The House met at 1 p.m. and adjourned at 1:04 p.m.",https://api.govinfo.gov/related/CREC-2015-07-31-pt1-PgD919-3,CREC,Proceedings of Congress and General Congressional Publications,2025-03-07T17:29:04Z,Congressional Record,package_114_122.csv,1359,0,1359,"[congressional record volume 161, number 123 (friday, july 31, 2015)] [daily digest] [page d919] from the congressional record online through the government publishing office [ www.gpo.gov ] house of representatives chamber action public bills and resolutions introduced: 5 public bills, h.r. 3433- 3437; and 5 resolutions, h.j. res. 63; h. con. res. 70-71; and h. res. 406-407, were introduced. page h5782 additional cosponsors: page h5783 report filed: a report was filed today as follows: committee on ethics. in the matter of officially-connected travel by house members to azerbaijan in 2013 (h. rept. 114-239). page h5782 speaker: read a letter from the speaker wherein he appointed representative holding to act as speaker pro tempore for today. page h5779 guest chaplain: the prayer was offered by the guest chaplain, reverend john peck, sj, holy trinity catholic church, washington, dc. page h5779 senate messages: messages received from the senate by the clerk and subsequently presented to the house today appear on page h5779. senate referral: s. 1172 was referred to the committee on oversight and government reform and the committee on homeland security. page h5779 quorum calls--votes: there were no yea-and-nay votes, and there were no recorded votes. there were no quorum calls. adjournment: the house met at 1 p.m. and adjourned at 1:04 p.m.",1359
CREC-2015-07-31-pt1-PgD919-5,CREC-2015-07-31,2015-07-31,Daily Digest/COMMITTEE MEETINGS FOR 2015-08-03,CREC,DAILYDIGEST,,D,1,https://www.govinfo.gov/app/details/CREC-2015-07-31/CREC-2015-07-31-pt1-PgD919-5,https://api.govinfo.gov/packages/CREC-2015-07-31/granules/CREC-2015-07-31-pt1-PgD919-5/htm,https://api.govinfo.gov/packages/CREC-2015-07-31/granules/CREC-2015-07-31-pt1-PgD919-5/pdf,https://api.govinfo.gov/packages/CREC-2015-07-31/summary,"[Congressional Record Volume 161, Number 123 (Friday, July 31, 2015)] [Daily Digest] [Page D919] From the Congressional Record Online through the Government Publishing Office [ www.gpo.gov ] COMMITTEE MEETINGS FOR MONDAY, AUGUST 3, 2015 (Committee meetings are open unless otherwise indicated) Senate Committee on Foreign Relations: to hold closed hearings to examine the verification and assessment report, 5 p.m., SVC-217. House No hearings are scheduled.",,"[Congressional Record Volume 161, Number 123 (Friday, July 31, 2015)] [Daily Digest] [Page D919] From the Congressional Record Online through the Government Publishing Office [ www.gpo.gov ] COMMITTEE MEETINGS FOR MONDAY, AUGUST 3, 2015 (Committee meetings are open unless otherwise indicated) Senate Committee on Foreign Relations: to hold closed hearings to examine the verification and assessment report, 5 p.m., SVC-217. House No hearings are scheduled.",https://api.govinfo.gov/related/CREC-2015-07-31-pt1-PgD919-5,CREC,Proceedings of Congress and General Congressional Publications,2025-03-07T17:29:04Z,Congressional Record,package_114_122.csv,457,0,457,"[congressional record volume 161, number 123 (friday, july 31, 2015)] [daily digest] [page d919] from the congressional record online through the government publishing office [ www.gpo.gov ] committee meetings for monday, august 3, 2015 (committee meetings are open unless otherwise indicated) senate committee on foreign relations: to hold closed hearings to examine the verification and assessment report, 5 p.m., svc-217. house no hearings are scheduled.",457
CREC-2015-07-31-pt1-PgD919-6,CREC-2015-07-31,2015-07-31,Daily Digest/Next Meeting of the SENATE + Next Meeting of the HOUSE OF REPRESENTATIVES + Other End Matter,CREC,DAILYDIGEST,,D,1,https://www.govinfo.gov/app/details/CREC-2015-07-31/CREC-2015-07-31-pt1-PgD919-6,https://api.govinfo.gov/packages/CREC-2015-07-31/granules/CREC-2015-07-31-pt1-PgD919-6/htm,https://api.govinfo.gov/packages/CREC-2015-07-31/granules/CREC-2015-07-31-pt1-PgD919-6/pdf,https://api.govinfo.gov/packages/CREC-2015-07-31/summary,"[Congressional Record Volume 161, Number 123 (Friday, July 31, 2015)] [Daily Digest] [Pages D919-D920] From the Congressional Record Online through the Government Publishing Office [ www.gpo.gov ] CONGRESSIONAL RECORD (USPS 087-390). The Periodicals postage is paid at Washington, D.C. The public proceedings of each House of Congress, as reported by the Official Reporters thereof, are printed pursuant to directions of the Joint Committee on Printing as authorized by appropriate provisions of Title 44, United States Code, and published for each day that one or both Houses are in session, excepting very infrequent instances when two or more unusually small consecutive issues are printed one time. Public access to the Congressional Record is available online through the U.S. Government Publishing Office, at www.fdsys.gov , free of charge to the user. The information is updated online each day the Congressional Record is published. For more information, contact the GPO Customer Contact Center, U.S. Government Publishing Office. Phone 202-512-1800, or 866-512-1800 (toll-free). E-Mail, contactcenter@gpo.gov . To place an order for any of these products, visit the U.S. Government Online Bookstore at: bookstore.gpo.gov. Mail orders to: Superintendent of Documents, P.O. Box 979050, St. Louis, MO 63197-9000, or phone orders to 866-512 091800 (toll-free), 202-512-1800 (D.C. area), or fax to 202-512-2104. Remit check or money order, made payable to the Superintendent of Documents, or use VISA, MasterCard, Discover, American Express, or GPO Deposit Account. Following each session of Congress, the daily Congressional Record is revised, printed, permanently bound and sold by the Superintendent of Documents in individual parts or by sets. With the exception of copyrighted articles, there are no restrictions on the republication of material from the Congressional Record. POSTMASTER: Send address changes to the Superintendent of Documents, Congressional Record, U.S. Government Publishing Office, Washington, D.C. 20402, along with the entire mailing label from the last issue received. [[Page D920]] _______________________________________________________________________ Next Meeting of the SENATE 2 p.m., Monday, August 3 Senate Chamber Program for Monday: Senate will resume consideration of the motion to proceed to consideration of S. 1881, Prohibit Federal Funding of Planned Parenthood, and vote on the motion to invoke cloture on the motion to proceed to consideration of the bill at 5:30 p.m. Next Meeting of the HOUSE OF REPRESENTATIVES 12 noon, Tuesday, August 4 House Chamber Program for Tuesday: The House will meet in Pro Forma session at 12 noon. _______________________________________________________________________ Extensions of Remarks, as inserted in this issue HOUSE Bishop, Sanford D., Jr., Ga., E1193, E1197 Blum, Rod, Iowa, E1200 Carney, John C., Jr., E1201 Carter, John R., Tex., E1201 Cleaver, Emanuel, Mo., E1203 Connolly, Gerald E., Va., E1194, E1196, E1198, E1198, E1199, E1200, E1201, E1201, E1203, E1203 Dold, Robert J., Ill., E1198 Engel, Eliot L., N.Y., E1195 Hill, J. French, Ark., E1193 Honda, Michael M., Calif., E1197, E1200, E1202 Jackson Lee, Sheila, Tex., E1195, E1199 Jenkins, Evan H., W.Va., E1196 Long, Billy, Mo., E1199 Norton, Eleanor Holmes, The District of Columbia, E1202 Price, David E., N.C., E1194 Quigley, Mike, Ill., E1201 Roskam, Peter J., Ill., E1197, E1199, E1203 Sablan, Gregorio Kilili Camacho, Northern Mariana Islands, E1193 Valadao, David G., Calif., E1199 Velazquez, Nydia M., N.Y., E1203",,"[Congressional Record Volume 161, Number 123 (Friday, July 31, 2015)] [Daily Digest] [Pages D919-D920] From the Congressional Record Online through the Government Publishing Office [ www.gpo.gov ] CONGRESSIONAL RECORD (USPS 087-390). The Periodicals postage is paid at Washington, D.C. The public proceedings of each House of Congress, as reported by the Official Reporters thereof, are printed pursuant to directions of the Joint Committee on Printing as authorized by appropriate provisions of Title 44, United States Code, and published for each day that one or both Houses are in session, excepting very infrequent instances when two or more unusually small consecutive issues are printed one time. Public access to the Congressional Record is available online through the U.S. Government Publishing Office, at www.fdsys.gov , free of charge to the user. The information is updated online each day the Congressional Record is published. For more information, contact the GPO Customer Contact Center, U.S. Government Publishing Office. Phone 202-512-1800, or 866-512-1800 (toll-free). E-Mail, contactcenter@gpo.gov . To place an order for any of these products, visit the U.S. Government Online Bookstore at: bookstore.gpo.gov. Mail orders to: Superintendent of Documents, P.O. Box 979050, St. Louis, MO 63197-9000, or phone orders to 866-512 091800 (toll-free), 202-512-1800 (D.C. area), or fax to 202-512-2104. Remit check or money order, made payable to the Superintendent of Documents, or use VISA, MasterCard, Discover, American Express, or GPO Deposit Account. Following each session of Congress, the daily Congressional Record is revised, printed, permanently bound and sold by the Superintendent of Documents in individual parts or by sets. With the exception of copyrighted articles, there are no restrictions on the republication of material from the Congressional Record. POSTMASTER: Send address changes to the Superintendent of Documents, Congressional Record, U.S. Government Publishing Office, Washington, D.C. 20402, along with the entire mailing label from the last issue received. [[Page D920]] _______________________________________________________________________ Next Meeting of the SENATE 2 p.m., Monday, August 3 Senate Chamber Program for Monday: Senate will resume consideration of the motion to proceed to consideration of S. 1881, Prohibit Federal Funding of Planned Parenthood, and vote on the motion to invoke cloture on the motion to proceed to consideration of the bill at 5:30 p.m. Next Meeting of the HOUSE OF REPRESENTATIVES 12 noon, Tuesday, August 4 House Chamber Program for Tuesday: The House will meet in Pro Forma session at 12 noon. _______________________________________________________________________ Extensions of Remarks, as inserted in this issue HOUSE Bishop, Sanford D., Jr., Ga., E1193, E1197 Blum, Rod, Iowa, E1200 Carney, John C., Jr., E1201 Carter, John R., Tex., E1201 Cleaver, Emanuel, Mo., E1203 Connolly, Gerald E., Va., E1194, E1196, E1198, E1198, E1199, E1200, E1201, E1201, E1203, E1203 Dold, Robert J., Ill., E1198 Engel, Eliot L., N.Y., E1195 Hill, J. French, Ark., E1193 Honda, Michael M., Calif., E1197, E1200, E1202 Jackson Lee, Sheila, Tex., E1195, E1199 Jenkins, Evan H., W.Va., E1196 Long, Billy, Mo., E1199 Norton, Eleanor Holmes, The District of Columbia, E1202 Price, David E., N.C., E1194 Quigley, Mike, Ill., E1201 Roskam, Peter J., Ill., E1197, E1199, E1203 Sablan, Gregorio Kilili Camacho, Northern Mariana Islands, E1193 Valadao, David G., Calif., E1199 Velazquez, Nydia M., N.Y., E1203",https://api.govinfo.gov/related/CREC-2015-07-31-pt1-PgD919-6,CREC,Proceedings of Congress and General Congressional Publications,2025-03-07T17:29:04Z,Congressional Record,package_114_122.csv,3567,0,3567,"[congressional record volume 161, number 123 (friday, july 31, 2015)] [daily digest] [pages d919-d920] from the congressional record online through the government publishing office [ www.gpo.gov ] congressional record (usps 087-390). the periodicals postage is paid at washington, d.c. the public proceedings of each house of congress, as reported by the official reporters thereof, are printed pursuant to directions of the joint committee on printing as authorized by appropriate provisions of title 44, united states code, and published for each day that one or both houses are in session, excepting very infrequent instances when two or more unusually small consecutive issues are printed one time. public access to the congressional record is available online through the u.s. government publishing office, at www.fdsys.gov , free of charge to the user. the information is updated online each day the congressional record is published. for more information, contact the gpo customer contact center, u.s. government publishing office. phone 202-512-1800, or 866-512-1800 (toll-free). e-mail, contactcenter@gpo.gov . to place an order for any of these products, visit the u.s. government online bookstore at: bookstore.gpo.gov. mail orders to: superintendent of documents, p.o. box 979050, st. louis, mo 63197-9000, or phone orders to 866-512 091800 (toll-free), 202-512-1800 (d.c. area), or fax to 202-512-2104. remit check or money order, made payable to the superintendent of documents, or use visa, mastercard, discover, american express, or gpo deposit account. following each session of congress, the daily congressional record is revised, printed, permanently bound and sold by the superintendent of documents in individual parts or by sets. with the exception of copyrighted articles, there are no restrictions on the republication of material from the congressional record. postmaster: send address changes to the superintendent of documents, congressional record, u.s. government publishing office, washington, d.c. 20402, along with the entire mailing label from the last issue received. [[page d920]] _______________________________________________________________________ next meeting of the senate 2 p.m., monday, august 3 senate chamber program for monday: senate will resume consideration of the motion to proceed to consideration of s. 1881, prohibit federal funding of planned parenthood, and vote on the motion to invoke cloture on the motion to proceed to consideration of the bill at 5:30 p.m. next meeting of the house of representatives 12 noon, tuesday, august 4 house chamber program for tuesday: the house will meet in pro forma session at 12 noon. _______________________________________________________________________ extensions of remarks, as inserted in this issue house bishop, sanford d., jr., ga., e1193, e1197 blum, rod, iowa, e1200 carney, john c., jr., e1201 carter, john r., tex., e1201 cleaver, emanuel, mo., e1203 connolly, gerald e., va., e1194, e1196, e1198, e1198, e1199, e1200, e1201, e1201, e1203, e1203 dold, robert j., ill., e1198 engel, eliot l., n.y., e1195 hill, j. french, ark., e1193 honda, michael m., calif., e1197, e1200, e1202 jackson lee, sheila, tex., e1195, e1199 jenkins, evan h., w.va., e1196 long, billy, mo., e1199 norton, eleanor holmes, the district of columbia, e1202 price, david e., n.c., e1194 quigley, mike, ill., e1201 roskam, peter j., ill., e1197, e1199, e1203 sablan, gregorio kilili camacho, northern mariana islands, e1193 valadao, david g., calif., e1199 velazquez, nydia m., n.y., e1203",3567
