granuleId,packageId,date,title,collectionCode,granuleClass,chamber,pagePrefix,bookNumber,detailsLink,txtLink,pdfLink,packageLink,text_readability,text_bs4,parsed_text,relatedLink,docClass,category,lastModified,collectionName,__source_file,text_readability_len,text_bs4_len,parsed_text_len,search_text,search_text_len
CREC-2016-07-21-pt1-PgH5025-2,CREC-2016-07-21,2016-07-21,DESIGNATION OF THE SPEAKER PRO TEMPORE,CREC,HOUSE,H,H,1,https://www.govinfo.gov/app/details/CREC-2016-07-21/CREC-2016-07-21-pt1-PgH5025-2,https://api.govinfo.gov/packages/CREC-2016-07-21/granules/CREC-2016-07-21-pt1-PgH5025-2/htm,https://api.govinfo.gov/packages/CREC-2016-07-21/granules/CREC-2016-07-21-pt1-PgH5025-2/pdf,https://api.govinfo.gov/packages/CREC-2016-07-21/summary,"[Congressional Record Volume 162, Number 118 (Thursday, July 21, 2016)] [House] [Page H5025] From the Congressional Record Online through the Government Publishing Office [ www.gpo.gov ] DESIGNATION OF THE SPEAKER PRO TEMPORE The SPEAKER pro tempore laid before the House the following communication from the Speaker: Washington, DC, July 21, 2016. I hereby appoint the Honorable Michael K. Simpson to act as Speaker pro tempore on this day. Paul D. Ryan, Speaker of the House of Representatives. ____________________",,"[Congressional Record Volume 162, Number 118 (Thursday, July 21, 2016)] [House] [Page H5025] From the Congressional Record Online through the Government Publishing Office [ www.gpo.gov ] DESIGNATION OF THE SPEAKER PRO TEMPORE The SPEAKER pro tempore laid before the House the following communication from the Speaker: Washington, DC, July 21, 2016. I hereby appoint the Honorable Michael K. Simpson to act as Speaker pro tempore on this day. Paul D. Ryan, Speaker of the House of Representatives. ____________________",https://api.govinfo.gov/related/CREC-2016-07-21-pt1-PgH5025-2,CREC,Proceedings of Congress and General Congressional Publications,2025-03-07T17:29:49Z,Congressional Record,package_114_303.csv,517,0,517,"[congressional record volume 162, number 118 (thursday, july 21, 2016)] [house] [page h5025] from the congressional record online through the government publishing office [ www.gpo.gov ] designation of the speaker pro tempore the speaker pro tempore laid before the house the following communication from the speaker: washington, dc, july 21, 2016. i hereby appoint the honorable michael k. simpson to act as speaker pro tempore on this day. paul d. ryan, speaker of the house of representatives. ____________________",517
CREC-2016-07-21-pt1-PgH5025-3,CREC-2016-07-21,2016-07-21,PRAYER,CREC,HOUSE,H,H,1,https://www.govinfo.gov/app/details/CREC-2016-07-21/CREC-2016-07-21-pt1-PgH5025-3,https://api.govinfo.gov/packages/CREC-2016-07-21/granules/CREC-2016-07-21-pt1-PgH5025-3/htm,https://api.govinfo.gov/packages/CREC-2016-07-21/granules/CREC-2016-07-21-pt1-PgH5025-3/pdf,https://api.govinfo.gov/packages/CREC-2016-07-21/summary,"[Congressional Record Volume 162, Number 118 (Thursday, July 21, 2016)] [House] [Page H5025] From the Congressional Record Online through the Government Publishing Office [ www.gpo.gov ] PRAYER Reverend Vincent De Rosa, St. Peter's Catholic Church, Washington, D.C., offered the following prayer: We pray Thee, O God of might, wisdom, and justice. Let the light of Thy divine wisdom direct the deliberations of Congress and shine forth in all the proceedings and laws framed for our rule so that they may tend to the preservation of peace, the promotion of national happiness, the increase of industry, sobriety, and useful knowledge and may perpetuate to us the blessing of equal liberty. We pray for all officials appointed to guard our political welfare that they may be enabled, by Thy powerful protection, to discharge the duties of their respective stations with honesty and ability. We recommend, likewise, to Thy unbounded mercy, all our fellow citizens throughout these United States that they be blessed in the knowledge and sanctified in the observance of Thy most holy law--that they may be preserved in union and in that peace which the world cannot give. Amen. ____________________",,"[Congressional Record Volume 162, Number 118 (Thursday, July 21, 2016)] [House] [Page H5025] From the Congressional Record Online through the Government Publishing Office [ www.gpo.gov ] PRAYER Reverend Vincent De Rosa, St. Peter's Catholic Church, Washington, D.C., offered the following prayer: We pray Thee, O God of might, wisdom, and justice. Let the light of Thy divine wisdom direct the deliberations of Congress and shine forth in all the proceedings and laws framed for our rule so that they may tend to the preservation of peace, the promotion of national happiness, the increase of industry, sobriety, and useful knowledge and may perpetuate to us the blessing of equal liberty. We pray for all officials appointed to guard our political welfare that they may be enabled, by Thy powerful protection, to discharge the duties of their respective stations with honesty and ability. We recommend, likewise, to Thy unbounded mercy, all our fellow citizens throughout these United States that they be blessed in the knowledge and sanctified in the observance of Thy most holy law--that they may be preserved in union and in that peace which the world cannot give. Amen. ____________________",https://api.govinfo.gov/related/CREC-2016-07-21-pt1-PgH5025-3,CREC,Proceedings of Congress and General Congressional Publications,2025-03-07T17:29:49Z,Congressional Record,package_114_303.csv,1195,0,1195,"[congressional record volume 162, number 118 (thursday, july 21, 2016)] [house] [page h5025] from the congressional record online through the government publishing office [ www.gpo.gov ] prayer reverend vincent de rosa, st. peter's catholic church, washington, d.c., offered the following prayer: we pray thee, o god of might, wisdom, and justice. let the light of thy divine wisdom direct the deliberations of congress and shine forth in all the proceedings and laws framed for our rule so that they may tend to the preservation of peace, the promotion of national happiness, the increase of industry, sobriety, and useful knowledge and may perpetuate to us the blessing of equal liberty. we pray for all officials appointed to guard our political welfare that they may be enabled, by thy powerful protection, to discharge the duties of their respective stations with honesty and ability. we recommend, likewise, to thy unbounded mercy, all our fellow citizens throughout these united states that they be blessed in the knowledge and sanctified in the observance of thy most holy law--that they may be preserved in union and in that peace which the world cannot give. amen. ____________________",1195
CREC-2016-07-21-pt1-PgH5025,CREC-2016-07-21,2016-07-21,Senate,CREC,HOUSE,H,H,1,https://www.govinfo.gov/app/details/CREC-2016-07-21/CREC-2016-07-21-pt1-PgH5025,https://api.govinfo.gov/packages/CREC-2016-07-21/granules/CREC-2016-07-21-pt1-PgH5025/htm,https://api.govinfo.gov/packages/CREC-2016-07-21/granules/CREC-2016-07-21-pt1-PgH5025/pdf,https://api.govinfo.gov/packages/CREC-2016-07-21/summary,"[Congressional Record Volume 162, Number 118 (Thursday, July 21, 2016)] [House] [Page H5025] From the Congressional Record Online through the Government Publishing Office [ www.gpo.gov ] [[Page H5025]] Senate The Senate was not in session today. Its next meeting will be held on Friday, July 22, 2016, at 1 p.m. House of Representatives Thursday, July 21, 2016 The House met at 9 a.m. and was called to order by the Speaker pro tempore (Mr. Simpson). ____________________",,"[Congressional Record Volume 162, Number 118 (Thursday, July 21, 2016)] [House] [Page H5025] From the Congressional Record Online through the Government Publishing Office [ www.gpo.gov ] [[Page H5025]] Senate The Senate was not in session today. Its next meeting will be held on Friday, July 22, 2016, at 1 p.m. House of Representatives Thursday, July 21, 2016 The House met at 9 a.m. and was called to order by the Speaker pro tempore (Mr. Simpson). ____________________",https://api.govinfo.gov/related/CREC-2016-07-21-pt1-PgH5025,CREC,Proceedings of Congress and General Congressional Publications,2025-03-07T17:29:49Z,Congressional Record,package_114_303.csv,471,0,471,"[congressional record volume 162, number 118 (thursday, july 21, 2016)] [house] [page h5025] from the congressional record online through the government publishing office [ www.gpo.gov ] [[page h5025]] senate the senate was not in session today. its next meeting will be held on friday, july 22, 2016, at 1 p.m. house of representatives thursday, july 21, 2016 the house met at 9 a.m. and was called to order by the speaker pro tempore (mr. simpson). ____________________",471
CREC-2016-07-21-pt1-PgH5025-4,CREC-2016-07-21,2016-07-21,THE JOURNAL,CREC,HOUSE,H,H,1,https://www.govinfo.gov/app/details/CREC-2016-07-21/CREC-2016-07-21-pt1-PgH5025-4,https://api.govinfo.gov/packages/CREC-2016-07-21/granules/CREC-2016-07-21-pt1-PgH5025-4/htm,https://api.govinfo.gov/packages/CREC-2016-07-21/granules/CREC-2016-07-21-pt1-PgH5025-4/pdf,https://api.govinfo.gov/packages/CREC-2016-07-21/summary,"[Congressional Record Volume 162, Number 118 (Thursday, July 21, 2016)] [House] [Page H5025] From the Congressional Record Online through the Government Publishing Office [ www.gpo.gov ] THE JOURNAL The SPEAKER pro tempore. Pursuant to section 8(a) of House Resolution 820, the Journal of the last day's proceedings is approved. ____________________",,"[Congressional Record Volume 162, Number 118 (Thursday, July 21, 2016)] [House] [Page H5025] From the Congressional Record Online through the Government Publishing Office [ www.gpo.gov ] THE JOURNAL The SPEAKER pro tempore. Pursuant to section 8(a) of House Resolution 820, the Journal of the last day's proceedings is approved. ____________________",https://api.govinfo.gov/related/CREC-2016-07-21-pt1-PgH5025-4,CREC,Proceedings of Congress and General Congressional Publications,2025-03-07T17:29:49Z,Congressional Record,package_114_303.csv,349,0,349,"[congressional record volume 162, number 118 (thursday, july 21, 2016)] [house] [page h5025] from the congressional record online through the government publishing office [ www.gpo.gov ] the journal the speaker pro tempore. pursuant to section 8(a) of house resolution 820, the journal of the last day's proceedings is approved. ____________________",349
CREC-2016-07-21-pt1-PgH-FrontMatter,CREC-2016-07-21,2016-07-21,Senate,CREC,HOUSE,H,H,1,https://www.govinfo.gov/app/details/CREC-2016-07-21/CREC-2016-07-21-pt1-PgH-FrontMatter,https://api.govinfo.gov/packages/CREC-2016-07-21/granules/CREC-2016-07-21-pt1-PgH-FrontMatter/htm,https://api.govinfo.gov/packages/CREC-2016-07-21/granules/CREC-2016-07-21-pt1-PgH-FrontMatter/pdf,https://api.govinfo.gov/packages/CREC-2016-07-21/summary,"[Congressional Record Volume 162, Number 118 (Thursday, July 21, 2016)] [House] [Page H5025] From the Congressional Record Online through the Government Publishing Office [ www.gpo.gov ] S E N A T E Vol. 162 WASHINGTON, THURSDAY, JULY 21, 2016 No. 118",,"[Congressional Record Volume 162, Number 118 (Thursday, July 21, 2016)] [House] [Page H5025] From the Congressional Record Online through the Government Publishing Office [ www.gpo.gov ] S E N A T E Vol. 162 WASHINGTON, THURSDAY, JULY 21, 2016 No. 118",https://api.govinfo.gov/related/CREC-2016-07-21-pt1-PgH-FrontMatter,CREC,Proceedings of Congress and General Congressional Publications,2025-03-07T17:29:49Z,Congressional Record,package_114_303.csv,251,0,251,"[congressional record volume 162, number 118 (thursday, july 21, 2016)] [house] [page h5025] from the congressional record online through the government publishing office [ www.gpo.gov ] s e n a t e vol. 162 washington, thursday, july 21, 2016 no. 118",251
CREC-2016-07-21-pt1-PgH5025-6,CREC-2016-07-21,2016-07-21,ANNOUNCEMENT BY THE SPEAKER PRO TEMPORE,CREC,HOUSE,H,H,1,https://www.govinfo.gov/app/details/CREC-2016-07-21/CREC-2016-07-21-pt1-PgH5025-6,https://api.govinfo.gov/packages/CREC-2016-07-21/granules/CREC-2016-07-21-pt1-PgH5025-6/htm,https://api.govinfo.gov/packages/CREC-2016-07-21/granules/CREC-2016-07-21-pt1-PgH5025-6/pdf,https://api.govinfo.gov/packages/CREC-2016-07-21/summary,,,,https://api.govinfo.gov/related/CREC-2016-07-21-pt1-PgH5025-6,CREC,Proceedings of Congress and General Congressional Publications,2025-03-07T17:29:49Z,Congressional Record,package_114_303.csv,0,0,0,,0
CREC-2016-07-21-pt1-PgH5025-5,CREC-2016-07-21,2016-07-21,PLEDGE OF ALLEGIANCE,CREC,HOUSE,H,H,1,https://www.govinfo.gov/app/details/CREC-2016-07-21/CREC-2016-07-21-pt1-PgH5025-5,https://api.govinfo.gov/packages/CREC-2016-07-21/granules/CREC-2016-07-21-pt1-PgH5025-5/htm,https://api.govinfo.gov/packages/CREC-2016-07-21/granules/CREC-2016-07-21-pt1-PgH5025-5/pdf,https://api.govinfo.gov/packages/CREC-2016-07-21/summary,"[Congressional Record Volume 162, Number 118 (Thursday, July 21, 2016)] [House] [Page H5025] From the Congressional Record Online through the Government Publishing Office [ www.gpo.gov ] PLEDGE OF ALLEGIANCE The SPEAKER pro tempore. The Chair will lead the House in the Pledge of Allegiance. The SPEAKER pro tempore led the Pledge of Allegiance as follows: I pledge allegiance to the Flag of the United States of America, and to the Republic for which it stands, one nation under God, indivisible, with liberty and justice for all. ____________________",,"[Congressional Record Volume 162, Number 118 (Thursday, July 21, 2016)] [House] [Page H5025] From the Congressional Record Online through the Government Publishing Office [ www.gpo.gov ] PLEDGE OF ALLEGIANCE The SPEAKER pro tempore. The Chair will lead the House in the Pledge of Allegiance. The SPEAKER pro tempore led the Pledge of Allegiance as follows: I pledge allegiance to the Flag of the United States of America, and to the Republic for which it stands, one nation under God, indivisible, with liberty and justice for all. ____________________",https://api.govinfo.gov/related/CREC-2016-07-21-pt1-PgH5025-5,CREC,Proceedings of Congress and General Congressional Publications,2025-03-07T17:29:49Z,Congressional Record,package_114_303.csv,552,0,552,"[congressional record volume 162, number 118 (thursday, july 21, 2016)] [house] [page h5025] from the congressional record online through the government publishing office [ www.gpo.gov ] pledge of allegiance the speaker pro tempore. the chair will lead the house in the pledge of allegiance. the speaker pro tempore led the pledge of allegiance as follows: i pledge allegiance to the flag of the united states of america, and to the republic for which it stands, one nation under god, indivisible, with liberty and justice for all. ____________________",552
CREC-2016-07-21-pt1-PgH5026,CREC-2016-07-21,2016-07-21,ANNOUNCEMENT BY THE SPEAKER PRO TEMPORE,CREC,HOUSE,H,H,1,https://www.govinfo.gov/app/details/CREC-2016-07-21/CREC-2016-07-21-pt1-PgH5026,https://api.govinfo.gov/packages/CREC-2016-07-21/granules/CREC-2016-07-21-pt1-PgH5026/htm,https://api.govinfo.gov/packages/CREC-2016-07-21/granules/CREC-2016-07-21-pt1-PgH5026/pdf,https://api.govinfo.gov/packages/CREC-2016-07-21/summary,"[Congressional Record Volume 162, Number 118 (Thursday, July 21, 2016)] [House] [Page H5026] From the Congressional Record Online through the Government Publishing Office [ www.gpo.gov ] ANNOUNCEMENT BY THE SPEAKER PRO TEMPORE The SPEAKER pro tempore. Under clause 5(d) of rule XX, the Chair announces to the House that, in light of the passing of the gentleman from Hawaii (Mr. Takai), the whole number of the House is 433. ____________________",,"[Congressional Record Volume 162, Number 118 (Thursday, July 21, 2016)] [House] [Page H5026] From the Congressional Record Online through the Government Publishing Office [ www.gpo.gov ] ANNOUNCEMENT BY THE SPEAKER PRO TEMPORE The SPEAKER pro tempore. Under clause 5(d) of rule XX, the Chair announces to the House that, in light of the passing of the gentleman from Hawaii (Mr. Takai), the whole number of the House is 433. ____________________",https://api.govinfo.gov/related/CREC-2016-07-21-pt1-PgH5026,CREC,Proceedings of Congress and General Congressional Publications,2025-03-07T17:29:49Z,Congressional Record,package_114_303.csv,445,0,445,"[congressional record volume 162, number 118 (thursday, july 21, 2016)] [house] [page h5026] from the congressional record online through the government publishing office [ www.gpo.gov ] announcement by the speaker pro tempore the speaker pro tempore. under clause 5(d) of rule xx, the chair announces to the house that, in light of the passing of the gentleman from hawaii (mr. takai), the whole number of the house is 433. ____________________",445
CREC-2016-07-21-pt1-PgH5026-2,CREC-2016-07-21,2016-07-21,ENROLLED BILLS SIGNED,CREC,HOUSE,H,H,1,https://www.govinfo.gov/app/details/CREC-2016-07-21/CREC-2016-07-21-pt1-PgH5026-2,https://api.govinfo.gov/packages/CREC-2016-07-21/granules/CREC-2016-07-21-pt1-PgH5026-2/htm,https://api.govinfo.gov/packages/CREC-2016-07-21/granules/CREC-2016-07-21-pt1-PgH5026-2/pdf,https://api.govinfo.gov/packages/CREC-2016-07-21/summary,,,,https://api.govinfo.gov/related/CREC-2016-07-21-pt1-PgH5026-2,CREC,Proceedings of Congress and General Congressional Publications,2025-03-07T17:29:49Z,Congressional Record,package_114_303.csv,0,0,0,,0
CREC-2016-07-21-pt1-PgH5026-3,CREC-2016-07-21,2016-07-21,SENATE ENROLLED BILLS SIGNED,CREC,HOUSE,H,H,1,https://www.govinfo.gov/app/details/CREC-2016-07-21/CREC-2016-07-21-pt1-PgH5026-3,https://api.govinfo.gov/packages/CREC-2016-07-21/granules/CREC-2016-07-21-pt1-PgH5026-3/htm,https://api.govinfo.gov/packages/CREC-2016-07-21/granules/CREC-2016-07-21-pt1-PgH5026-3/pdf,https://api.govinfo.gov/packages/CREC-2016-07-21/summary,"[Congressional Record Volume 162, Number 118 (Thursday, July 21, 2016)] [House] [Page H5026] From the Congressional Record Online through the Government Publishing Office [ www.gpo.gov ] SENATE ENROLLED BILLS SIGNED The Speaker pro tempore, Mr. Messer, on Monday, July 18, 2016, announced his signature to enrolled bills of the Senate of the following titles: S. 764. An act to reauthorize and amend the National Sea Grant College Program Act, and for other purposes. S. 2893. An act to reauthorize the sound recording and film preservation programs of the Library of Congress, and for other purposes. S. 3055. An act to amend title 38, United States Code, to provide a dental insurance plan to veterans and survivors and dependents of veterans. S. 3207. An act to authorize the National Library Service for the Blind and Physically Handicapped to provide playback equipment in all formats. ____________________",,"[Congressional Record Volume 162, Number 118 (Thursday, July 21, 2016)] [House] [Page H5026] From the Congressional Record Online through the Government Publishing Office [ www.gpo.gov ] SENATE ENROLLED BILLS SIGNED The Speaker pro tempore, Mr. Messer, on Monday, July 18, 2016, announced his signature to enrolled bills of the Senate of the following titles: S. 764. An act to reauthorize and amend the National Sea Grant College Program Act, and for other purposes. S. 2893. An act to reauthorize the sound recording and film preservation programs of the Library of Congress, and for other purposes. S. 3055. An act to amend title 38, United States Code, to provide a dental insurance plan to veterans and survivors and dependents of veterans. S. 3207. An act to authorize the National Library Service for the Blind and Physically Handicapped to provide playback equipment in all formats. ____________________",https://api.govinfo.gov/related/CREC-2016-07-21-pt1-PgH5026-3,CREC,Proceedings of Congress and General Congressional Publications,2025-03-07T17:29:49Z,Congressional Record,package_114_303.csv,911,0,911,"[congressional record volume 162, number 118 (thursday, july 21, 2016)] [house] [page h5026] from the congressional record online through the government publishing office [ www.gpo.gov ] senate enrolled bills signed the speaker pro tempore, mr. messer, on monday, july 18, 2016, announced his signature to enrolled bills of the senate of the following titles: s. 764. an act to reauthorize and amend the national sea grant college program act, and for other purposes. s. 2893. an act to reauthorize the sound recording and film preservation programs of the library of congress, and for other purposes. s. 3055. an act to amend title 38, united states code, to provide a dental insurance plan to veterans and survivors and dependents of veterans. s. 3207. an act to authorize the national library service for the blind and physically handicapped to provide playback equipment in all formats. ____________________",911
CREC-2016-07-21-pt1-PgH5026-5,CREC-2016-07-21,2016-07-21,ADJOURNMENT,CREC,HOUSE,H,H,1,https://www.govinfo.gov/app/details/CREC-2016-07-21/CREC-2016-07-21-pt1-PgH5026-5,https://api.govinfo.gov/packages/CREC-2016-07-21/granules/CREC-2016-07-21-pt1-PgH5026-5/htm,https://api.govinfo.gov/packages/CREC-2016-07-21/granules/CREC-2016-07-21-pt1-PgH5026-5/pdf,https://api.govinfo.gov/packages/CREC-2016-07-21/summary,,,,https://api.govinfo.gov/related/CREC-2016-07-21-pt1-PgH5026-5,CREC,Proceedings of Congress and General Congressional Publications,2025-03-07T17:29:49Z,Congressional Record,package_114_303.csv,0,0,0,,0
CREC-2016-07-21-pt1-PgH5026-4,CREC-2016-07-21,2016-07-21,BILLS PRESENTED TO THE PRESIDENT,CREC,HOUSE,H,H,1,https://www.govinfo.gov/app/details/CREC-2016-07-21/CREC-2016-07-21-pt1-PgH5026-4,https://api.govinfo.gov/packages/CREC-2016-07-21/granules/CREC-2016-07-21-pt1-PgH5026-4/htm,https://api.govinfo.gov/packages/CREC-2016-07-21/granules/CREC-2016-07-21-pt1-PgH5026-4/pdf,https://api.govinfo.gov/packages/CREC-2016-07-21/summary,"[Congressional Record Volume 162, Number 118 (Thursday, July 21, 2016)] [House] [Page H5026] From the Congressional Record Online through the Government Publishing Office [ www.gpo.gov ] BILLS PRESENTED TO THE PRESIDENT Karen L. Haas, Clerk of the House, reported that on July 19, 2016, she presented to the President of the United States, for his approval, the following bills: H.R. 3700. To provide housing opportunities in the United States through modernization of various housing programs, and for other purposes. H.R. 4425. To designate the facility of the United States Postal Service located at 110 East Powerhouse Road in Collegeville, Minnesota, as the ``Eugene J. McCarthy Post Office''. H.R. 4747. To designate the facility of the United States Postal Service located at 6691 Church Street in Riverdale, Georgia, as the ``Major Gregory E. Barney Post Office Building''. H.R. 4777. To designate the facility of the United States Postal Service located at 1301 Alabama Avenue in Selma, Alabama as the ``Amelia Boynton Robinson Post Office Building''. H.R. 4877. To designate the facility of the United States Postal Service located at 3130 Grants Lake Boulevard in Sugar Land, Texas, as the ``LCpl Garrett W. Gamble, USMC Post Office Building''. H.R. 4904. To require the Director of the Office of Management and Budget to issue a directive on the management of software licenses, and for other purposes. H.R. 4925. To designate the facility of the United States Postal Service located at 229 West Main Cross Street, in Findlay, Ohio, as the ``Michael Garver Oxley Memorial Post Office Building''. H.R. 4975. To designate the facility of the United States Postal Service located at 5720 South 142nd Street in Omaha, Nebraska, as the ``Petty Officer 1st Class Caleb A. Nelson Post Office Building''. H.R. 4987. To designate the facility of the United States Postal Service located at 3957 2nd Avenue in Laurel Hill, Florida, as the ``Sergeant First Class William `Kelly' Lacey Post Office''. H.R. 5028. To designate the facility of the United States Postal Service located at 10721 E Jefferson Ave. in Detroit, Michigan, as the ``Mary E. McCoy Post Office Building''. H.R. 5722. To establish the John F. Kennedy Centennial Commission. H.R. 2607. To designate the facility of the United States Postal Service located at 7802 37th Avenue in Jackson Heights, New York, as the ``Jeanne and Jules Manford Post Office Building''. H.R. 3931. To designate the facility of the United States Postal Service located at 620 Central Avenue Suite 1A in Hot Springs National Park, Arkansas, as the ``Chief Petty Officer Adam Brown United States Post Office''. H.R. 3953. To designate the facility of the United States Postal Service located at 4122 Madison Street Elfers, Florida, as the ``Private First Class Felton Roger Fussell Memorial Post Office''. H.R. 4010. To designate the facility of the United States Postal Service located at 522 North Central Avenue in Phoenix, Arizona, as the ``Ed Pastor Post Office''. H.R. 4761. To designate the facility of the United States Postal Service located at 61 South Baldwin Avenue in Sierra Madre, California, as the ``Louis Van Iersel Post Office''. ____________________",,"[Congressional Record Volume 162, Number 118 (Thursday, July 21, 2016)] [House] [Page H5026] From the Congressional Record Online through the Government Publishing Office [ www.gpo.gov ] BILLS PRESENTED TO THE PRESIDENT Karen L. Haas, Clerk of the House, reported that on July 19, 2016, she presented to the President of the United States, for his approval, the following bills: H.R. 3700. To provide housing opportunities in the United States through modernization of various housing programs, and for other purposes. H.R. 4425. To designate the facility of the United States Postal Service located at 110 East Powerhouse Road in Collegeville, Minnesota, as the ``Eugene J. McCarthy Post Office''. H.R. 4747. To designate the facility of the United States Postal Service located at 6691 Church Street in Riverdale, Georgia, as the ``Major Gregory E. Barney Post Office Building''. H.R. 4777. To designate the facility of the United States Postal Service located at 1301 Alabama Avenue in Selma, Alabama as the ``Amelia Boynton Robinson Post Office Building''. H.R. 4877. To designate the facility of the United States Postal Service located at 3130 Grants Lake Boulevard in Sugar Land, Texas, as the ``LCpl Garrett W. Gamble, USMC Post Office Building''. H.R. 4904. To require the Director of the Office of Management and Budget to issue a directive on the management of software licenses, and for other purposes. H.R. 4925. To designate the facility of the United States Postal Service located at 229 West Main Cross Street, in Findlay, Ohio, as the ``Michael Garver Oxley Memorial Post Office Building''. H.R. 4975. To designate the facility of the United States Postal Service located at 5720 South 142nd Street in Omaha, Nebraska, as the ``Petty Officer 1st Class Caleb A. Nelson Post Office Building''. H.R. 4987. To designate the facility of the United States Postal Service located at 3957 2nd Avenue in Laurel Hill, Florida, as the ``Sergeant First Class William `Kelly' Lacey Post Office''. H.R. 5028. To designate the facility of the United States Postal Service located at 10721 E Jefferson Ave. in Detroit, Michigan, as the ``Mary E. McCoy Post Office Building''. H.R. 5722. To establish the John F. Kennedy Centennial Commission. H.R. 2607. To designate the facility of the United States Postal Service located at 7802 37th Avenue in Jackson Heights, New York, as the ``Jeanne and Jules Manford Post Office Building''. H.R. 3931. To designate the facility of the United States Postal Service located at 620 Central Avenue Suite 1A in Hot Springs National Park, Arkansas, as the ``Chief Petty Officer Adam Brown United States Post Office''. H.R. 3953. To designate the facility of the United States Postal Service located at 4122 Madison Street Elfers, Florida, as the ``Private First Class Felton Roger Fussell Memorial Post Office''. H.R. 4010. To designate the facility of the United States Postal Service located at 522 North Central Avenue in Phoenix, Arizona, as the ``Ed Pastor Post Office''. H.R. 4761. To designate the facility of the United States Postal Service located at 61 South Baldwin Avenue in Sierra Madre, California, as the ``Louis Van Iersel Post Office''. ____________________",https://api.govinfo.gov/related/CREC-2016-07-21-pt1-PgH5026-4,CREC,Proceedings of Congress and General Congressional Publications,2025-03-07T17:29:49Z,Congressional Record,package_114_303.csv,3211,0,3211,"[congressional record volume 162, number 118 (thursday, july 21, 2016)] [house] [page h5026] from the congressional record online through the government publishing office [ www.gpo.gov ] bills presented to the president karen l. haas, clerk of the house, reported that on july 19, 2016, she presented to the president of the united states, for his approval, the following bills: h.r. 3700. to provide housing opportunities in the united states through modernization of various housing programs, and for other purposes. h.r. 4425. to designate the facility of the united states postal service located at 110 east powerhouse road in collegeville, minnesota, as the ``eugene j. mccarthy post office''. h.r. 4747. to designate the facility of the united states postal service located at 6691 church street in riverdale, georgia, as the ``major gregory e. barney post office building''. h.r. 4777. to designate the facility of the united states postal service located at 1301 alabama avenue in selma, alabama as the ``amelia boynton robinson post office building''. h.r. 4877. to designate the facility of the united states postal service located at 3130 grants lake boulevard in sugar land, texas, as the ``lcpl garrett w. gamble, usmc post office building''. h.r. 4904. to require the director of the office of management and budget to issue a directive on the management of software licenses, and for other purposes. h.r. 4925. to designate the facility of the united states postal service located at 229 west main cross street, in findlay, ohio, as the ``michael garver oxley memorial post office building''. h.r. 4975. to designate the facility of the united states postal service located at 5720 south 142nd street in omaha, nebraska, as the ``petty officer 1st class caleb a. nelson post office building''. h.r. 4987. to designate the facility of the united states postal service located at 3957 2nd avenue in laurel hill, florida, as the ``sergeant first class william `kelly' lacey post office''. h.r. 5028. to designate the facility of the united states postal service located at 10721 e jefferson ave. in detroit, michigan, as the ``mary e. mccoy post office building''. h.r. 5722. to establish the john f. kennedy centennial commission. h.r. 2607. to designate the facility of the united states postal service located at 7802 37th avenue in jackson heights, new york, as the ``jeanne and jules manford post office building''. h.r. 3931. to designate the facility of the united states postal service located at 620 central avenue suite 1a in hot springs national park, arkansas, as the ``chief petty officer adam brown united states post office''. h.r. 3953. to designate the facility of the united states postal service located at 4122 madison street elfers, florida, as the ``private first class felton roger fussell memorial post office''. h.r. 4010. to designate the facility of the united states postal service located at 522 north central avenue in phoenix, arizona, as the ``ed pastor post office''. h.r. 4761. to designate the facility of the united states postal service located at 61 south baldwin avenue in sierra madre, california, as the ``louis van iersel post office''. ____________________",3211
CREC-2016-07-21-pt1-PgH5027,CREC-2016-07-21,2016-07-21,"EXECUTIVE COMMUNICATIONS, ETC.",CREC,HOUSE,H,H,1,https://www.govinfo.gov/app/details/CREC-2016-07-21/CREC-2016-07-21-pt1-PgH5027,https://api.govinfo.gov/packages/CREC-2016-07-21/granules/CREC-2016-07-21-pt1-PgH5027/htm,https://api.govinfo.gov/packages/CREC-2016-07-21/granules/CREC-2016-07-21-pt1-PgH5027/pdf,https://api.govinfo.gov/packages/CREC-2016-07-21/summary,"[Congressional Record Volume 162, Number 118 (Thursday, July 21, 2016)] [House] [Pages H5027-H5030] From the Congressional Record Online through the Government Publishing Office [ www.gpo.gov ] EXECUTIVE COMMUNICATIONS, ETC. Under clause 2 of rule XIV, executive communications were taken from the Speaker's table and referred as follows: 6189. A letter from the Director, Issuance Staff, Food Safety and Inspection Service, Department of Agriculture, transmitting the Department's final rule -- Electronic Export Application and Certification Charge; Flexibility in the Requirements for Export Inspection Marks, Devices, and Certificates; Egg Products Export Certification [Docket No.: FSIS-2009-0026] (RIN: 0583-AD41) received July 15, 2016, pursuant to 5 U.S.C. 801(a)(1)(A); Public Law 104-121, Sec. 251; (110 Stat. 868); to the Committee on Agriculture. 6190. A letter from the Acting Under Secretary, Personnel and Readiness, Department of Defense, transmitting a letter on the approved retirement of General John M. Paxton, Jr., United States Marine Corps, and his advancement on the retired list to the grade of general, pursuant to 10 U.S.C. 1370(c)(1); Public Law 96-513, Sec. 112 (as amended by Public Law 104-106, Sec. 502(b)); (110 Stat. 293); to the Committee on Armed Services. 6191. A letter from the Acting Under Secretary, Personnel and Readiness, Department of Defense, transmitting a letter on the approved retirement of Lieutenant General John A. Toolan, Jr., United States Marine Corps, and his advancement to the grade of lieutenant general on the retired list, pursuant to 10 U.S.C. 1370(c)(1); Public Law 96-513, Sec. 112 (as amended by Public Law 104-106, Sec. 502(b)); (110 Stat. 293); to the Committee on Armed Services. 6192. A letter from the Acting Under Secretary, Personnel and Readiness, Department of Defense, transmitting a letter authorizing Colonel Richard G. Moore, Jr., United States Air Force, to wear the insignia of the grade of brigadier general, pursuant to 10 U.S.C. 777(b)(3)(B); Public Law 104- 106, Sec. 503(a)(1) (as added by Public Law 108-136, Sec. 509(a)(3 )) (117 Stat. 1458); to the Committee on Armed Services. 6193. A letter from the Chairman and President, Export- Import Bank, transmitting the ``Report to the U.S. Congress on Global Export Credit Competition'', pursuant to Sec. 8A of the Export-Import Bank Act of 1945, as amended; to the Committee on Financial Services. 6194. A letter from the Assistant Secretary, Securities and Exchange Commission, transmitting the Commission's final rule -- Regulation SBSR -- Reporting and Dissemination of Security-Based Swap Information [Release No.: 34-78321; File No.: S7-03-15] (RIN: 3235-AL71) received July 19, 2016, pursuant to 5 U.S.C. 801(a)(1)(A); Public Law 104-121, Sec. 251; (110 Stat. 868); to the Committee on Financial Services. 6195. A letter from the Deputy Secretary, Securities and Exchange Commission, transmitting the Commission's Major final rule -- Amendments to the Commission's Rules of Practice [Release No.: 34-78319; File No.: S7-18-15] (RIN: 3235-AL87) received July 19, 2016, pursuant to 5 U.S.C. 801(a)(1)(A); Public Law 104-121, Sec. 251; (110 Stat. 868); to the Committee on Financial Services. 6196. A letter from the Director, Office of Management and Budget, transmitting a supplemental update of the Budget for Fiscal Year 2017, pursuant to 31 U.S.C. 1106(a); Public Law 97-258, Sec. 1106(a); (96 Stat. 911) (H. Doc. No. 114--153); to the Committee on the Budget and ordered to be printed. 6197. A letter from the Secretary, Department of Energy, transmitting the Report on Uncosted Balances for Fiscal Year Ended September 30, 2014, pursuant to 42 U.S.C. 13526(a); Public Law 102-486, Sec. 2307(a); (106 Stat. 3096); to the Committee on Energy and Commerce. 6198. A letter from the Assistant General Counsel for Legislation, Regulation and Energy Efficiency, Office of Energy Efficiency and Renewable Energy, Department of Energy, transmitting the Department's final rule -- Energy Conservation Program: Enforcement of Regional Standards for Central Air Conditioners [Docket No.: EERE-2011-BT-CE-0077] (RIN: 1904-AC68) received July 14, 2016, pursuant to 5 U.S.C. 801(a)(1)(A); Public Law 104-121, Sec. 251; (110 Stat. 868); to the Committee on Energy and Commerce. 6199. A letter from the Assistant General Counsel for Legislation, Regulation and Energy Efficiency, Office of Acquisition Management, Department of Energy, transmitting the Department's final rule -- Acquisition Regulations: Technical and Administrative Changes to Department of Energy Acquisition Regulation (RIN: 1991-AC00) received July 15, 2016, pursuant to 5 U.S.C. 801(a)(1)(A); Public Law 104-121, Sec. 251; (110 Stat. 868); to the Committee on Energy and Commerce. 6200. A letter from the Director, Regulatory Management Division, Environmental Protection Agency, transmitting the Agency's final rule -- Determination of Attainment of the 1- Hour Ozone National Ambient Air Quality Standard in the San Joaquin Valley Nonattainment Area in California [EPA-R09- 2016-0164; FRL-9949-07-Region 9] received July 15, 2016, pursuant to 5 U.S.C. 801(a)(1)(A); Public Law 104-121, Sec. 251; (110 Stat. 868); to the Committee on Energy and Commerce. 6201. A letter from the Director, Regulatory Management Division, Environmental Protection Agency, transmitting the Agency's direct final rule -- Approval of California Air Plan Revisions, El Dorado County Air Quality Management District [EPA-R09-OAR-2016-0241; FRL-9948-08-Region 9] received July 15, 2016, pursuant to 5 U.S.C. 801(a)(1)(A); Public Law 104- 121, Sec. 251; (110 Stat. 868); to the Committee on Energy and Commerce. 6202. A letter from the Director, Regulatory Management Division, Environmental Protection Agency, transmitting the Agency's final rule -- Approval and Promulgation of Air Quality Implementation Plans; State of Kansas; 2015 Kansas State Implementation Plan for the 2008 Lead Standard [EPA- R07-OAR-2015-0708; FRL-9949-13-Region 7] received July 15, 2016, pursuant to 5 U.S.C. 801(a)(1)(A); Public Law 104-121, Sec. 251; (110 Stat. 868); to the Committee on Energy and Commerce. 6203. A letter from the Director, Regulatory Management Division, Environmental Protection Agency, transmitting the Agency's direct final rule -- Air Plan Approval; RI; Correction, Administrative and Miscellaneous Revisions [EPA- R01-OAR-2015-0306; A-1-FRL-9949-32-Region 1] received June 15, 2016, pursuant to 5 U.S.C. 801(a)(1)(A); Public Law 104- 121, Sec. 251; (110 Stat. 868); to the Committee on Energy and Commerce. 6204. A letter from the Director, Regulatory Management Division, Environmental Protection Agency, transmitting the Agency's direct final rule -- Air Plan Approval; Oregon; Medford Area Carbon Monoxide Second 10-Year Maintenance Plan [EPA-R10-OAR-2015-0854; FRL-9949-00-Reigon 10] received July 15, 2016, pursuant to 5 U.S.C. 801(a)(1)(A); Public Law 104- 121, Sec. 251; (110 Stat. 868); to the Committee on Energy and Commerce. 6205. A letter from the Director, Regulatory Management Division, Environmental Protection Agency, transmitting the Agency's final rule -- Finding of Failure to Submit a State Implementation Plan; Maryland; Interstate Transport Requirements for the 2008 8-Hour National Ambient Air Quality Standards for Ozone [EPA-R03-OAR-2016-0270; FRL-9949-34- Region 3] received July 15, 2016, pursuant to 5 U.S.C. 801(a)(1)(A); Public Law 104-121, Sec. 251; (110 Stat. 868); to the Committee on Energy and Commerce. 6206. A letter from the Director, Regulatory Management Division, Environmental Protection Agency, transmitting the Agency's final rule -- 2-Propenoic acid, butyl ester, polymer with ethenyl acetate and sodium ethenesulfonate; Tolerance Exemption [EPA-HQ-OPP-2016-0149; FRL-9948-64] received July 19, 2016, pursuant to 5 U.S.C. 801(a)(1)(A); Public Law 104- 121, Sec. 251; (110 Stat. 868); to the Committee on Energy and Commerce. 6207. A letter from the Director, Regulatory Management Division, Environmental Protection Agency, transmitting the Agency's final rule -- Extension of Deadline for Action on the Section 126 Petition From Connecticut [EPA-HQ-OAR-2016- 0347; FRL-9949-42-OAR] received July 19, 2016, pursuant to 5 U.S.C. 801(a)(1)(A); Public Law 104-121, Sec. 251; (110 Stat. 868); to the Committee on Energy and Commerce. 6208. A letter from the Director, Regulatory Management Division, Environmental Protection Agency, transmitting the Agency's final rule -- Cyprodinil; Pesticide Tolerances [EPA- HQ-OPP-2015-0646; FRL-9948-28] received July 19, 2016, pursuant to 5 U.S.C. 801(a)(1)(A); Public Law 104-121, Sec. 251; (110 Stat. 868); to the Committee on Energy and Commerce. 6209. A letter from the Director, Regulatory Management Division, Environmental Protection Agency, transmitting the Agency's final rule -- Isaria fumosorosea strain FE 9901; Exemption from the Requirement of a Tolerance [EPA-HQ-OPP- 2014-0329; FRL-9945-41] received July 19, 2016, pursuant to 5 U.S.C. 801(a)(1)(A); Public Law 104-121, Sec. 251; (110 Stat. 868); to the Committee on Energy and Commerce. 6210. A letter from the Director, Regulatory Management Division, Environmental Protection Agency, transmitting the Agency's final rule -- Clean Data Determination for 1997 PM2.5 Standards; California -- South Coast; Applicability of Clean Air Act Requirements [EPA-R09-OAR-2014-0708; FRL-9949- 47-Region 9] received July 19, 2016, pursuant to 5 U.S.C. 801(a)(1)(A); Public Law 104-121, Sec. 251; (110 Stat. 868); to the Committee on Energy and Commerce. 6211. A letter from the Director, Regulatory Management Division, Environmental Protection Agency, transmitting the Agency's direct final rule -- National Emission Standards for Hazardous Air Pollutants for the Portland Cement Manufacturing Industry [EPA-HQ-OAR-2011-0817; FRL-9949-46- OAR] received July 19, 2016, pursuant to 5 U.S.C. 801(a)(1)(A); Public Law 104-121, Sec. 251; (110 Stat. 868); to the Committee on Energy and Commerce. 6212. A letter from the Director, Regulatory Management Division, Environmental Protection Agency, transmitting the Agency's direct final rule -- Approval of California Air Plan Revisions, Mojave Desert Air Quality Management District, Riverside County Air Pollution Control District, and San Bernardino County Air Pollution Control District [EPA-R09- OAR-2015-0583; FRL-9949-24-Region 9] received July 19, 2016, pursuant to 5 U.S.C. 801(a)(1)(A); Public Law 104-121, Sec. 251; (110 Stat. 868); to the Committee on Energy and Commerce. 6213. A letter from the Director, Regulatory Management Division, Environmental Protection Agency, transmitting the Agency's final rule -- Limited Approval, Limited Disapproval of California Air Plan Revisions, Eastern Kern Air Pollution Control District [[Page H5028]] [EPA-R09-OAR-2016-0105; FRL-9947-69-Region 9] received July 19, 2016, pursuant to 5 U.S.C. 801(a)(1)(A); Public Law 104- 121, Sec. 251; (110 Stat. 868); to the Committee on Energy and Commerce. 6214. A letter from the Director, Regulatory Management Division, Environmental Protection Agency, transmitting the Agency's direct final rule -- Air Plan Approval; RI; Regional Haze Five Year Progress Report [EPA-R01-OAR-2015-0015; A-1- FRL-9949-17-Region 1] received July 19, 2016, pursuant to 5 U.S.C. 801(a)(1)(A); Public Law 104-121, Sec. 251; (110 Stat. 868); to the Committee on Energy and Commerce. 6215. A letter from the Assistant Secretary, Legislative Affairs, Department of State, transmitting a certification of the Arms Export Control Act, Transmittal No.: DDTC 16-037, pursuant to 22 U.S.C. 2776(c)(2)(C); Public Law 90-629, Sec. 36(c) (as added by Public Law 94-329, Sec. 211(a)); (82 Stat. 1326); to the Committee on Foreign Affairs. 6216. A letter from the Assistant Secretary, Legislative Affairs, Department of State, transmitting a certification of the Arms Export Control Act, Transmittal No.: DDTC 16-028, pursuant to 22 U.S.C. 2776(c)(2)(C); Public Law 90-629, Sec. 36(c) (as added by Public Law 94-329, Sec. 211(a)); (82 Stat. 1326); to the Committee on Foreign Affairs. 6217. A letter from the Assistant Secretary, Legislative Affairs, Department of State, transmitting a certification of the Arms Export Control Act, Transmittal No.: DDTC 15-141, pursuant to 22 U.S.C. 2776(c)(2)(C); Public Law 90-629, Sec. 36(c) (as added by Public Law 94-329, Sec. 211(a)); (82 Stat. 1326); to the Committee on Foreign Affairs. 6218. A communication from the President of the United States, transmitting a notification that the national emergency with respect to transnational criminal organizations, originally declared in Executive Order 13581 on July 24, 2011, is to continue in effect beyond July 24, 2016, pursuant to 50 U.S.C. 1622(d); Public Law 94-412, Sec. 202(d); (90 Stat. 1257) (H. Doc. No. 114--154); to the Committee on Foreign Affairs and ordered to be printed. 6219. A letter from the Assistant Secretary for Export Administration, Bureau of Industry and Security, Department of Commerce, transmitting the Department's final rule -- Updated Statements of Legal Authority for the Export Administration Regulations [Docket No.: 160622547-6547-01] (RIN: 0694-AG99) received July 15, 2016, pursuant to 5 U.S.C. 801(a)(1)(A); Public Law 104-121, Sec. 251; (110 Stat. 868); to the Committee on Foreign Affairs. 6220. A letter from the Director, Defense Security Cooperation Agency, Department of Defense, transmitting a proposed Letter of Offer and Acceptance to the Government of Japan, Transmittal No. 16-47, pursuant to 22 U.S.C. 2776(b)(1); Public Law 90-629, Sec. 36(b) (as amended by Public Law 106 -113, Sec. 1000(a)(7)); (113 Stat. 536); to the Committee on Foreign Affairs. 6221. A letter from the Assistant Secretary, Legislative Affairs, Department of State, transmitting a letter regarding section 3 of the Arms Export Control Act; to the Committee on Foreign Affairs. 6222. A letter from the Assistant Secretary, Legislative Affairs, Department of State, transmitting the 2015 annual report on Voting Practices in the United Nations, pursuant Public Law 101-246, Sec. 406, as amended by Public Law 108- 447; to the Committee on Foreign Affairs. 6223. A letter from the Assistant Secretary, Legislative Affairs, Department of State, transmitting a certification of the Arms Export Control Act, Transmittal No.: DDTC 15-077, pursuant to 22 U.S.C. 2776(d)(1); Public Law 90-629, Sec. 36(d) (as added by Public Law 94-32 9, Sec. 211(a)); (90 Stat. 740); to the Committee on Foreign Affairs. 6224. A letter from the Assistant Secretary, Legislative Affairs, Department of State, transmitting a certification of the Arms Export Control Act, Transmittal No.: DDTC 16-017, pursuant to 22 U.S.C. 2776(d)(1); Public Law 90-629, Sec. 36(d) (as added by Public Law 94-32 9, Sec. 211(a)); (90 Stat. 740); to the Committee on Foreign Affairs. 6225. A letter from the Assistant Secretary, Legislative Affairs, Department of State, transmitting a memorandum of justification, pursuant to Secs. 652 and 614(a)(3) of the Foreign Assistance Act of 1961 and Sec. 7009(d) of Public Law 111-117; to the Committee on Foreign Affairs. 6226. A letter from the Secretary, Department of Housing and Urban Development, transmitting the Department's Semiannual Report of the Inspector General for the period of October 1, 2015, through March 31, 2016, pursuant to 5 U.S.C. app. (Insp. Gen. Act) Sec. 5(b); Public Law 95-452, Sec. 5(b); (92 S tat. 1103); to the Committee on Oversight and Government Reform. 6227. A letter from the Acting Director, Office of Personnel Management, transmitting a report on the agencies' use of the Physicians' Comparability Allowance Program for fiscal year 2015, pursuant to 5 U.S.C. 5948(j); Public Law 103-114, Sec. 2(a); (107 Stat. 1116); to the Committee on Oversight and Government Reform. 6228. A letter from the Special Counsel, Office of Special Counsel, transmitting the FY 2015 Annual Report to Congress; to the Committee on Oversight and Government Reform. 6229. A letter from the Inspector General, Office of the Inspector General of the U.S. House of Representatives, transmitting the Email Phishing Campaign Assessment (Report No.: 16-HSW-06); to the Committee on House Administration. 6230. A letter from the Inspector General, Office of the Inspector General of the U.S. House of Representatives, transmitting the Audit of PeopleSoft Infrastructure Security (Report No.: 16-CAO-07); to the Committee on House Administration. 6231. A letter from the Acting Director, Office of Sustainable Fisheries, NMFS, National Oceanic and Atmospheric Administration, transmitting the Administration's temporary rule -- Fisheries of the Northeastern United States; Atlantic Mackerel, Squid, and Butterfish Fishery; 2016 Longfin Squid Trimester II Quota Harvested [Docket No.: 140902739-5224-02] (RIN: 0648-XE697) received July 14, 2016, pursuant to 5 U.S.C. 801(a)(1)(A); Public Law 104-121, Sec. 251; (110 Stat. 868); to the Committee on Natural Resources. 6232. A letter from the Acting Director, Office of Sustainable Fisheries, NMFS, National Oceanic and Atmospheric Administration, transmitting the Administration's temporary rule -- Fisheries of the Exclusive Economic Zone Off Alaska; Reallocation of Pollock in the Bering Sea and Aleutian Islands [Docket No.: 150916863-6211-02] (RIN: 0648-XE518) received July 14, 2016, pursuant to 5 U.S.C. 801(a)(1)(A); Public Law 104-121, Sec. 251; (110 Stat. 868); to the Committee on Natural Resources. 6233. A letter from the Deputy Assistant Administrator for Regulatory Programs, NMFS, Office of Sustainable Fisheries, National Oceanic and Atmospheric Administration, transmitting the Administration's final rule -- Fisheries of the Exclusive Economic Zone Off Alaska; Western Alaska Community Development Quota Program [Docket No.: 150430410-6340-02] (RIN: 0648-BF05) received July 14, 2016, pursuant to 5 U.S.C. 801(a)(1)(A); Public Law 104-121, Sec. 251; (110 Stat. 868); to the Committee on Natural Resources. 6234. A letter from the Acting Director, Office of Sustainable Fisheries, NMFS, National Oceanic and Atmospheric Administration, transmitting the Administration's modification of fishing seasons -- Fisheries Off West Coast States; Modifications of the West Coast Commercial Salmon Fisheries; Inseason Actions #1 Through #5 [Docket No.: 150316270-5270-01] (RIN: 0648-XE520) received July 14, 2016, pursuant to 5 U.S.C. 801(a)(1)(A); Public Law 104-121, Sec. 251; (110 Stat. 868); to the Committee on Natural Resources. 6235. A letter from the Deputy Assistant Administrator for Regulatory Programs, NMFS, Office of Sustainable Fisheries, National Oceanic and Atmospheric Administration, transmitting the Administration's final rule -- Fisheries of the Caribbean, Gulf of Mexico, and South Atlantic; Amendments to the Reef Fish, Spiny Lobster, Queen Conch, and Corals and Reef Associated Plants and Invertebrates Fishery Management Plans of Puerto Rico and the U.S. Virgin Islands [Docket No.: 150623546-6395-02] (RIN: 0648-BF18) received July 14, 2016, pursuant to 5 U.S.C. 801(a)(1)(A); Public Law 104-121, Sec. 251; (110 Stat. 868); to the Committee on Natural Resources. 6236. A letter from the Deputy Assistant Administrator for Regulatory Programs, NMFS, Office of Sustainable Fisheries, National Oceanic and Atmospheric Administration, transmitting the Administration's final rule -- Fisheries of the Exclusive Economic Zone Off Alaska; Bering Sea and Aleutian Islands Crab Rationalization Program [Docket No.: 151020969-6335-02] (RIN: 0648-BF46) received July 14, 2016, pursuant to 5 U.S.C. 801(a)(1)(A); Public Law 104-121, Sec. 251; (110 Stat. 868); to the Committee on Natural Resources. 6237. A letter from the Acting Director, Office of Sustainable Fisheries, NMFS, National Oceanic and Atmospheric Administration, transmitting the Administration's temporary rule -- Fisheries of the Northeastern United States; Northeast Multispecies Fishery; Trimester Total Allowable Catch Area Closure for the Common Pool Fishery [Docket No.: 151211999-6343-02] (RIN: 0648-XE683) received July 12, 2016, pursuant to 5 U.S.C. 801(a)(1)(A); Public Law 104-121, Sec. 251; (110 Stat. 868); to the Committee on Natural Resources. 6238. A letter from the Assistant General Counsel for Regulations, Office of the General Counsel, Department of Housing and Urban Development, transmitting the Department's interim final rule -- Inflation Catch-Up Adjustment of Civil Monetary Penalty Amounts [Docket No.: FR-5942-I-01] (RIN: 2501-AD79) received June 24, 2016, pursuant to 5 U.S.C. 801(a)(1)(A); Public Law 104-121, Sec. 251; (110 Stat. 868); to the Committee on the Judiciary. 6239. A letter from the Office Program Manager, Office of Regulation Policy and Management, Office of the Secretary (00REG), Department of Veterans Affairs, transmitting the Department's interim final rule -- Federal Civil Penalties Adjustment Act Amendments (RIN: 2900-AP78) received June 24, 2016, pursuant to 5 U.S.C. 801(a)(1)(A); Public Law 104-121, Sec. 251; (110 Stat. 868); to the Committee on the Judiciary. 6240. A letter from the Federal Register Liaison Officer, Alcohol and Tobacco Tax and Trade Bureau, Department of the Treasury, transmitting the Department's interim final rule -- Civil Monetary Penalty Inflation Adjustment -- Alcoholic Beverage Labeling Act [Docket No.: TTB-2016-0006; T.D. TTB- 138] (RIN: 1513-AC28) received July 14, 2016, pursuant to 5 U.S.C. 801(a)(1)(A); Public Law 104-121, Sec. 251; (110 Stat. 868); to the Committee on the Judiciary. [[Page H5029]] 6241. A letter from the General Counsel, Federal Energy Regulatory Commission, transmitting the Commission's interim final rule -- Civil Monetary Penalty Inflation Adjustments [Docket No.: RM16-16-000] (Order No.: 826) received July 14, 2016, pursuant to 5 U.S.C. 801(a)(1)(A); Public Law 104-121, Sec. 251; (110 Stat. 868); to the Committee on the Judiciary. 6242. A letter from the Deputy Director, National Legislative Division, American Legion, transmitting the consolidated financial statements of the American Legion as of December 31, 2015 and 2014 along with supplemental data; to the Committee on the Judiciary. 6243. A letter from the Attorney-Advisor, U.S. Coast Guard, Department of Homeland Security, transmitting the Department's final rule -- Drawbridge Operation Regulation; Norwalk River, Norwalk, CT [Docket NO.: USCG-2014-1057] (RIN: 1625-AA09) received July 14, 2016, pursuant to 5 U.S.C. 801(a)(1)(A); Public Law 104-121, Sec. 251; (110 Stat. 868); to the Committee on Transportation and Infrastructure. 6244. A letter from the Attorney-Advisor, U.S. Coast Guard, Department of Homeland Security, transmitting the Department's temporary final rule -- Special Local Regulation; Drag Boat Championship, Intracoastal Waterway; Bucksport, SC [Docket No.: USCG-2016-0011] (RIN: 1625-AA08) received July 14, 2016, pursuant to 5 U.S.C. 801(a)(1)(A); Public Law 104-121, Sec. 251; (110 Stat. 868); to the Committee on Transportation and Infrastructure. 6245. A letter from the Attorney-Advisor, U.S. Coast Guard, Department of Homeland Security, transmitting the Department's temporary final rule -- Security Zones; 2016 Republican National Convention, and Associated Voluntary First Amendment Safety Zones, Lake Erie and Cuyahoga River, Cleveland, OH [Docket No.: USCG-2016-0557] (RIN: 1625-AA87; 1625-AA00) received July 14, 2016, pursuant to 5 U.S.C. 801(a)(1)(A); Public Law 104-121, Sec. 251; (110 Stat. 868); to the Committee on Transportation and Infrastructure. 6246. A letter from the Attorney-Advisor, U.S. Coast Guard, Department of Homeland Security, transmitting the Department's temporary final rule -- Safety Zone, Pamlico Sound; Ocracoke, NC [Docket No.: USCG-2016-0289] (RIN: 1625- AA00) received July 14, 2016, pursuant to 5 U.S.C. 801(a)(1)(A); Public Law 104-121, Sec. 251; (110 Stat. 868); to the Committee on Transportation and Infrastructure. 6247. A letter from the Attorney-Advisor, U.S. Coast Guard, Department of Homeland Security, transmitting the Department's temporary final rule -- Safety Zones; Marine Events held in the Sector Long Island Sound Captain of the Port Zone [Docket No.: USCG-2016-0473] (RIN: 1625-AA00) received July 14, 2016, pursuant to 5 U.S.C. 801(a)(1)(A); Public Law 104-121, Sec. 251; (110 Stat. 868); to the Committee on Transportation and Infrastructure. 6248. A letter from the Attorney-Advisor, U.S. Coast Guard, Department of Homeland Security, transmitting the Department's temporary final rule -- Safety Zone; James River, Hampton, VA [Docket No.: USCG-2016-0084] (RIN: 1625- AA00) received July 14, 2016, pursuant to 5 U.S.C. 801(a)(1)(A); Public Law 104-121, Sec. 251; (110 Stat. 868); to the Committee on Transportation and Infrastructure. 6249. A letter from the Attorney-Advisor, U.S. Coast Guard, Department of Homeland Security, transmitting the Department's temporary final rule -- Safety Zone; Bay Village Independence Day Celebration; Lake Erie, Bay Village, OH [Docket No.: USCG-2016-0550] (RIN: 1625-AA00) received July 14, 2016, pursuant to 5 U.S.C. 801(a)(1)(A); Public Law 104- 121, Sec. 251; (110 Stat. 868); to the Committee on Transportation and Infrastructure. 6250. A letter from the Attorney-Advisor, U.S. Coast Guard, Department of Homeland Security, transmitting the Department's temporary final rule -- Safety Zone; Confluence of James River and Appomattox River, Hopewell, VA [Docket No.: USCG-2016-0331] (RIN: 1625-AA00) received July 14, 2016, pursuant to 5 U.S.C. 801(a)(1)(A); Public Law 104-121, Sec. 251; (110 Stat. 868); to the Committee on Transportation and Infrastructure. 6251. A letter from the Attorney-Advisor, U.S. Coast Guard, Department of Homeland Security, transmitting the Department's temporary final rule -- Safety Zone; Detroit River Days Air Show, Detroit River, Detroit, MI [Docket No.: USCG-2016-0460] (RIN: 1625-AA00) received July 14, 2016, pursuant to 5 U.S.C. 801(a)(1)(A); Public Law 104-121, Sec. 251; (110 Stat. 868); to the Committee on Transportation and Infrastructure. 6252. A letter from the Attorney-Advisor, U.S. Coast Guard, Department of Homeland Security, transmitting the Department's temporary final rule -- Safety Zone; Pleasure Beach Bridge, Bridgeport, CT [Docket No.: USCG-2015-1123] (RIN: 1625-AA00) received July 14, 2016, pursuant to 5 U.S.C. 801(a)(1)(A); Public Law 104-121, Sec. 251; (110 Stat. 868); to the Committee on Transportation and Infrastructure. 6253. A letter from the Attorney-Advisor, U.S. Coast Guard, Department of Homeland Security, transmitting the Department's temporary final rule -- Safety Zones; Marine Events held in the Sector Long Island Sound Captain of the Port Zone [Docket No.: USCG-2016-0534] (RIN: 1625-AA00) received July 14, 2016, pursuant to 5 U.S.C. 801(a)(1)(A); Public Law 104-121, Sec. 251; (110 Stat. 868); to the Committee on Transportation and Infrastructure. 6254. A letter from the Attorney-Advisor, U.S. Coast Guard, Department of Homeland Security, transmitting the Department's temporary final rule -- Special Local Regulations; Marine Events held in the Sector Long Island Sound Captain of the Port Zone [Docket No.: USCG-2016-0559] (RIN: 1625-AA08) received July 14, 2016, pursuant to 5 U.S.C. 801(a)(1)(A); Public Law 104-121, Sec. 251; (110 Stat. 868); to the Committee on Transportation and Infrastructure. 6255. A letter from the Attorney-Advisor, U.S. Coast Guard, Department of Homeland Security, transmitting the Department's temporary final rule -- Safety Zone; Allegheny River mile 0-0.5, Monongahela River mile 0-0.5, Ohio River mile 0-0.5, Pittsburgh, PA [Docket No.: USCG-2016-0538] (RIN: 1625-AA00) received July 14, 2016, pursuant to 5 U.S.C. 801(a)(1)(A); Public Law 104-121, Sec. 251; (110 Stat. 868); to the Committee on Transportation and Infrastructure. 6256. A letter from the Attorney-Advisor, U.S. Coast Guard, Department of Homeland Security, transmitting the Department's temporary final rule -- Safety Zone; Ohio River mile 307.8-308.8 Huntington, WV [Docket No.: USCG-2016-0279] (RIN: 1625-AA00) received July 14, 2016, pursuant to 5 U.S.C. 801(a)(1)(A); Public Law 104-121, Sec. 251; (110 Stat. 868); to the Committee on Transportation and Infrastructure. 6257. A letter from the Attorney-Advisor, U.S. Coast Guard, Department of Homeland Security, transmitting the Department's temporary final rule -- Safety Zone; Ohio River mile 607.5 to 608.6, Indiana [Docket No.: USCG-2016-0502] (RIN: 1625-AA00) received July 14, 2016, pursuant to 5 U.S.C. 801(a)(1)(A); Public Law 104-121, Sec. 251; (110 Stat. 868); to the Committee on Transportation and Infrastructure. 6258. A letter from the Attorney-Advisor, U.S. Coast Guard, Department of Homeland Security, transmitting the Department's temporary final rule -- Safety Zone; Ohio River mile 317-318, Ashland, KY [Docket No.: USCG-2016-0616] (RIN: 1625-AA00) received July 14, 2016, pursuant to 5 U.S.C. 801(a)(1)(A); Public Law 104-121, Sec. 251; (110 Stat. 868); to the Committee on Transportation and Infrastructure. 6259. A letter from the Attorney-Advisor, U.S. Coast Guard, Department of Homeland Security, transmitting the Department's temporary final rule -- Safety Zone; Ohio River Mile 42.5 to 43.0, Chester, West Virginia [Docket No.: USCG- 2016-0335] (RIN: 1625-AA00) received July 14, 2016, pursuant to 5 U.S.C. 801(a)(1)(A); Public Law 104-121, Sec. 251; (110 Stat. 868); to the Committee on Transportation and Infrastructure. 6260. A letter from the Attorney-Advisor, U.S. Coast Guard, Department of Homeland Security, transmitting the Department's temporary final rule -- Safety Zone, Shallowbag Bay; Manteo, NC [Docket No.: USCG-2016-0131] (RIN: 1625-AA00) received July 14, 2016, pursuant to 5 U.S.C. 801(a)(1)(A); Public Law 104-121, Sec. 251; (110 Stat. 868); to the Committee on Transportation and Infrastructure. 6261. A letter from the Attorney-Advisor, U.S. Coast Guard, Department of Homeland Security, transmitting the Department's temporary interim final rule -- Safety Zone; Hudson River, South Nyack and Tarrytown, NY [Docket No.: USCG-2016-0462] (RIN: 1625-AA00) received July 14, 2016, pursuant to 5 U.S.C. 801(a)(1)(A); Public Law 104-121, Sec. 251; (110 Stat. 868); to the Committee on Transportation and Infrastructure. 6262. A letter from the Management and Program Analyst, FAA, Department of Transportation, transmitting the Department's final rule -- Airworthiness Directives; Bombardier, Inc. Airplanes [Docket No.: FAA-2015-8431; Directorate Identifier 2015-NM-128-AD; Amendment 39-18517; AD 2016-10-06] (RIN: 2120-AA64) received June 30, 2016, pursuant to 5 U.S.C. 801(a)(1)(A); Public Law 104-121, Sec. 251; (110 Stat. 868); to the Committee on Transportation and Infrastructure. 6263. A letter from the Federal Register Liaison Officer, Human Exploration and Operations, National Aeronautics and Space Administration, transmitting the Administration's final rule -- Space Flight [Docket No.: NASA-2015-0010] (RIN: 2700- AD98) received July 15, 2016, pursuant to 5 U.S.C. 801(a)(1)(A); Public Law 104-121, Sec. 251; (110 Stat. 868); to the Committee on Science, Space, and Technology. 6264. A letter from the Office Program Manager, Office of Regulation Policy and Management, Office of the Secretary (00REG), Department of Veterans Affairs, transmitting the Department's final rule -- Prescriptions in Alaska and U.S. Territories and Possessions (RIN: 2900-AP42) received July 15, 2016, pursuant to 5 U.S.C. 801(a)(1)(A); Public Law 104- 121, Sec. 251; (110 Stat. 868); to the Committee on Veterans' Affairs. 6265. A letter from the Office Program Manager, Office of Regulation Policy and Management, Office of the Secretary (00REG), Department of Veterans Affairs, transmitting the Department's final rule -- Hospital Care and Medical Services for Camp Lejeune Veterans (RIN: 2900-AP59) received July 15, 2016, pursuant to 5 U.S.C. 801(a)(1)(A); Public Law 104-121, Sec. 251; (110 Stat. 868); to the Committee on Veterans' Affairs. 6266. A letter from the Federal Register Liaison Officer, Alcohol and Tobacco Tax and Trade Bureau, Department of the Treasury, transmitting the Department's final rule -- [[Page H5030]] Importer Permit Requirements for Tobacco Products and Processed Tobacco, and Other Requirements for Tobacco Products, Processed Tobacco and Cigarette Papers and Tubes [Docket No.: TTB-2013-0006; T.D. TTB-137; Re: T.D. TTB-115; Notice No.: 137; T.D. ATF-421; T.D. ATF-422; ATF Notice Nos.: 887 and 888] (RIN: 1513-AB37) received July 14, 2016, pursuant to 5 U.S.C. 801(a)(1)(A); Public Law 104-121, Sec. 251; (110 Stat. 868); to the Committee on Ways and Means. 6267. A letter from the Chief, Publications and Regulations Branch, Internal Revenue Service, transmitting the Service's final and temporary regulations -- Requirement to Notify the IRS of Intent to Operate as a Section 501(c)(4) Organization [TD 9775] (RIN: 1545-BN26) July 15, 2016, pursuant to 5 U.S.C. 801(a)(1)(A); Public Law 104-121, Sec. 251; (110 Stat. 868); to the Committee on Ways and Means. 6268. A letter from the Chief, Publications and Regulations Branch, Internal Revenue Service, transmitting the Service's IRB only rule -- Requirement to notify the IRS of intent to operate as a section 501(c)(4) organization (Rev. Proc. 2016- 41) received July 15, 2016, pursuant to 5 U.S.C. 801(a)(1)(A); Public Law 104-121, Sec. 251; (110 Stat. 868); to the Committee on Ways and Means. 6269. A letter from the Chief, Publications and Regulations Branch, Internal Revenue Service, transmitting the Service's final regulations -- Method of Accounting for Gains and Losses on Shares in Money Market Funds; Broker Returns with Respect to Sales of Shares in Money Market Funds [TD 9774] (RIN: 1545-BM04) received July 15, 2016, pursuant to 5 U.S.C. 801(a)(1)(A); Public Law 104-121, Sec. 251; (110 Stat. 868); to the Committee on Ways and Means. 6270. A letter from the Assistant Secretary for Legislation, Department of Health and Human Services, transmitting the report entitled ``Fraud and Abuse Laws Regarding Gainsharing or Similar Arrangements between Physicians and Hospitals'', pursuant to Public Law 114-10, Sec. 512(b); (129 Stat. 170); jointly to the Committees on Energy and Commerce and Ways and Means. 6271. A letter from the Assistant Secretary for Legislation, Department of Health and Human Services, transmitting the Fiscal Years 2013 and 2014 Medicare and Medicaid Integrity Programs Report, pursuant to 42 U.S.C. 1395ddd(i)(2); Aug. 14, 1935, ch. 531, title XVIII, Sec. 1893 (as amended by Public Law 111-148, Sec. 6402(j)(1)(B)); (124 Stat. 762); jointly to the Committees on Energy and Commerce and Ways and Means. ____________________",,"[Congressional Record Volume 162, Number 118 (Thursday, July 21, 2016)] [House] [Pages H5027-H5030] From the Congressional Record Online through the Government Publishing Office [ www.gpo.gov ] EXECUTIVE COMMUNICATIONS, ETC. Under clause 2 of rule XIV, executive communications were taken from the Speaker's table and referred as follows: 6189. A letter from the Director, Issuance Staff, Food Safety and Inspection Service, Department of Agriculture, transmitting the Department's final rule -- Electronic Export Application and Certification Charge; Flexibility in the Requirements for Export Inspection Marks, Devices, and Certificates; Egg Products Export Certification [Docket No.: FSIS-2009-0026] (RIN: 0583-AD41) received July 15, 2016, pursuant to 5 U.S.C. 801(a)(1)(A); Public Law 104-121, Sec. 251; (110 Stat. 868); to the Committee on Agriculture. 6190. A letter from the Acting Under Secretary, Personnel and Readiness, Department of Defense, transmitting a letter on the approved retirement of General John M. Paxton, Jr., United States Marine Corps, and his advancement on the retired list to the grade of general, pursuant to 10 U.S.C. 1370(c)(1); Public Law 96-513, Sec. 112 (as amended by Public Law 104-106, Sec. 502(b)); (110 Stat. 293); to the Committee on Armed Services. 6191. A letter from the Acting Under Secretary, Personnel and Readiness, Department of Defense, transmitting a letter on the approved retirement of Lieutenant General John A. Toolan, Jr., United States Marine Corps, and his advancement to the grade of lieutenant general on the retired list, pursuant to 10 U.S.C. 1370(c)(1); Public Law 96-513, Sec. 112 (as amended by Public Law 104-106, Sec. 502(b)); (110 Stat. 293); to the Committee on Armed Services. 6192. A letter from the Acting Under Secretary, Personnel and Readiness, Department of Defense, transmitting a letter authorizing Colonel Richard G. Moore, Jr., United States Air Force, to wear the insignia of the grade of brigadier general, pursuant to 10 U.S.C. 777(b)(3)(B); Public Law 104- 106, Sec. 503(a)(1) (as added by Public Law 108-136, Sec. 509(a)(3 )) (117 Stat. 1458); to the Committee on Armed Services. 6193. A letter from the Chairman and President, Export- Import Bank, transmitting the ``Report to the U.S. Congress on Global Export Credit Competition'', pursuant to Sec. 8A of the Export-Import Bank Act of 1945, as amended; to the Committee on Financial Services. 6194. A letter from the Assistant Secretary, Securities and Exchange Commission, transmitting the Commission's final rule -- Regulation SBSR -- Reporting and Dissemination of Security-Based Swap Information [Release No.: 34-78321; File No.: S7-03-15] (RIN: 3235-AL71) received July 19, 2016, pursuant to 5 U.S.C. 801(a)(1)(A); Public Law 104-121, Sec. 251; (110 Stat. 868); to the Committee on Financial Services. 6195. A letter from the Deputy Secretary, Securities and Exchange Commission, transmitting the Commission's Major final rule -- Amendments to the Commission's Rules of Practice [Release No.: 34-78319; File No.: S7-18-15] (RIN: 3235-AL87) received July 19, 2016, pursuant to 5 U.S.C. 801(a)(1)(A); Public Law 104-121, Sec. 251; (110 Stat. 868); to the Committee on Financial Services. 6196. A letter from the Director, Office of Management and Budget, transmitting a supplemental update of the Budget for Fiscal Year 2017, pursuant to 31 U.S.C. 1106(a); Public Law 97-258, Sec. 1106(a); (96 Stat. 911) (H. Doc. No. 114--153); to the Committee on the Budget and ordered to be printed. 6197. A letter from the Secretary, Department of Energy, transmitting the Report on Uncosted Balances for Fiscal Year Ended September 30, 2014, pursuant to 42 U.S.C. 13526(a); Public Law 102-486, Sec. 2307(a); (106 Stat. 3096); to the Committee on Energy and Commerce. 6198. A letter from the Assistant General Counsel for Legislation, Regulation and Energy Efficiency, Office of Energy Efficiency and Renewable Energy, Department of Energy, transmitting the Department's final rule -- Energy Conservation Program: Enforcement of Regional Standards for Central Air Conditioners [Docket No.: EERE-2011-BT-CE-0077] (RIN: 1904-AC68) received July 14, 2016, pursuant to 5 U.S.C. 801(a)(1)(A); Public Law 104-121, Sec. 251; (110 Stat. 868); to the Committee on Energy and Commerce. 6199. A letter from the Assistant General Counsel for Legislation, Regulation and Energy Efficiency, Office of Acquisition Management, Department of Energy, transmitting the Department's final rule -- Acquisition Regulations: Technical and Administrative Changes to Department of Energy Acquisition Regulation (RIN: 1991-AC00) received July 15, 2016, pursuant to 5 U.S.C. 801(a)(1)(A); Public Law 104-121, Sec. 251; (110 Stat. 868); to the Committee on Energy and Commerce. 6200. A letter from the Director, Regulatory Management Division, Environmental Protection Agency, transmitting the Agency's final rule -- Determination of Attainment of the 1- Hour Ozone National Ambient Air Quality Standard in the San Joaquin Valley Nonattainment Area in California [EPA-R09- 2016-0164; FRL-9949-07-Region 9] received July 15, 2016, pursuant to 5 U.S.C. 801(a)(1)(A); Public Law 104-121, Sec. 251; (110 Stat. 868); to the Committee on Energy and Commerce. 6201. A letter from the Director, Regulatory Management Division, Environmental Protection Agency, transmitting the Agency's direct final rule -- Approval of California Air Plan Revisions, El Dorado County Air Quality Management District [EPA-R09-OAR-2016-0241; FRL-9948-08-Region 9] received July 15, 2016, pursuant to 5 U.S.C. 801(a)(1)(A); Public Law 104- 121, Sec. 251; (110 Stat. 868); to the Committee on Energy and Commerce. 6202. A letter from the Director, Regulatory Management Division, Environmental Protection Agency, transmitting the Agency's final rule -- Approval and Promulgation of Air Quality Implementation Plans; State of Kansas; 2015 Kansas State Implementation Plan for the 2008 Lead Standard [EPA- R07-OAR-2015-0708; FRL-9949-13-Region 7] received July 15, 2016, pursuant to 5 U.S.C. 801(a)(1)(A); Public Law 104-121, Sec. 251; (110 Stat. 868); to the Committee on Energy and Commerce. 6203. A letter from the Director, Regulatory Management Division, Environmental Protection Agency, transmitting the Agency's direct final rule -- Air Plan Approval; RI; Correction, Administrative and Miscellaneous Revisions [EPA- R01-OAR-2015-0306; A-1-FRL-9949-32-Region 1] received June 15, 2016, pursuant to 5 U.S.C. 801(a)(1)(A); Public Law 104- 121, Sec. 251; (110 Stat. 868); to the Committee on Energy and Commerce. 6204. A letter from the Director, Regulatory Management Division, Environmental Protection Agency, transmitting the Agency's direct final rule -- Air Plan Approval; Oregon; Medford Area Carbon Monoxide Second 10-Year Maintenance Plan [EPA-R10-OAR-2015-0854; FRL-9949-00-Reigon 10] received July 15, 2016, pursuant to 5 U.S.C. 801(a)(1)(A); Public Law 104- 121, Sec. 251; (110 Stat. 868); to the Committee on Energy and Commerce. 6205. A letter from the Director, Regulatory Management Division, Environmental Protection Agency, transmitting the Agency's final rule -- Finding of Failure to Submit a State Implementation Plan; Maryland; Interstate Transport Requirements for the 2008 8-Hour National Ambient Air Quality Standards for Ozone [EPA-R03-OAR-2016-0270; FRL-9949-34- Region 3] received July 15, 2016, pursuant to 5 U.S.C. 801(a)(1)(A); Public Law 104-121, Sec. 251; (110 Stat. 868); to the Committee on Energy and Commerce. 6206. A letter from the Director, Regulatory Management Division, Environmental Protection Agency, transmitting the Agency's final rule -- 2-Propenoic acid, butyl ester, polymer with ethenyl acetate and sodium ethenesulfonate; Tolerance Exemption [EPA-HQ-OPP-2016-0149; FRL-9948-64] received July 19, 2016, pursuant to 5 U.S.C. 801(a)(1)(A); Public Law 104- 121, Sec. 251; (110 Stat. 868); to the Committee on Energy and Commerce. 6207. A letter from the Director, Regulatory Management Division, Environmental Protection Agency, transmitting the Agency's final rule -- Extension of Deadline for Action on the Section 126 Petition From Connecticut [EPA-HQ-OAR-2016- 0347; FRL-9949-42-OAR] received July 19, 2016, pursuant to 5 U.S.C. 801(a)(1)(A); Public Law 104-121, Sec. 251; (110 Stat. 868); to the Committee on Energy and Commerce. 6208. A letter from the Director, Regulatory Management Division, Environmental Protection Agency, transmitting the Agency's final rule -- Cyprodinil; Pesticide Tolerances [EPA- HQ-OPP-2015-0646; FRL-9948-28] received July 19, 2016, pursuant to 5 U.S.C. 801(a)(1)(A); Public Law 104-121, Sec. 251; (110 Stat. 868); to the Committee on Energy and Commerce. 6209. A letter from the Director, Regulatory Management Division, Environmental Protection Agency, transmitting the Agency's final rule -- Isaria fumosorosea strain FE 9901; Exemption from the Requirement of a Tolerance [EPA-HQ-OPP- 2014-0329; FRL-9945-41] received July 19, 2016, pursuant to 5 U.S.C. 801(a)(1)(A); Public Law 104-121, Sec. 251; (110 Stat. 868); to the Committee on Energy and Commerce. 6210. A letter from the Director, Regulatory Management Division, Environmental Protection Agency, transmitting the Agency's final rule -- Clean Data Determination for 1997 PM2.5 Standards; California -- South Coast; Applicability of Clean Air Act Requirements [EPA-R09-OAR-2014-0708; FRL-9949- 47-Region 9] received July 19, 2016, pursuant to 5 U.S.C. 801(a)(1)(A); Public Law 104-121, Sec. 251; (110 Stat. 868); to the Committee on Energy and Commerce. 6211. A letter from the Director, Regulatory Management Division, Environmental Protection Agency, transmitting the Agency's direct final rule -- National Emission Standards for Hazardous Air Pollutants for the Portland Cement Manufacturing Industry [EPA-HQ-OAR-2011-0817; FRL-9949-46- OAR] received July 19, 2016, pursuant to 5 U.S.C. 801(a)(1)(A); Public Law 104-121, Sec. 251; (110 Stat. 868); to the Committee on Energy and Commerce. 6212. A letter from the Director, Regulatory Management Division, Environmental Protection Agency, transmitting the Agency's direct final rule -- Approval of California Air Plan Revisions, Mojave Desert Air Quality Management District, Riverside County Air Pollution Control District, and San Bernardino County Air Pollution Control District [EPA-R09- OAR-2015-0583; FRL-9949-24-Region 9] received July 19, 2016, pursuant to 5 U.S.C. 801(a)(1)(A); Public Law 104-121, Sec. 251; (110 Stat. 868); to the Committee on Energy and Commerce. 6213. A letter from the Director, Regulatory Management Division, Environmental Protection Agency, transmitting the Agency's final rule -- Limited Approval, Limited Disapproval of California Air Plan Revisions, Eastern Kern Air Pollution Control District [[Page H5028]] [EPA-R09-OAR-2016-0105; FRL-9947-69-Region 9] received July 19, 2016, pursuant to 5 U.S.C. 801(a)(1)(A); Public Law 104- 121, Sec. 251; (110 Stat. 868); to the Committee on Energy and Commerce. 6214. A letter from the Director, Regulatory Management Division, Environmental Protection Agency, transmitting the Agency's direct final rule -- Air Plan Approval; RI; Regional Haze Five Year Progress Report [EPA-R01-OAR-2015-0015; A-1- FRL-9949-17-Region 1] received July 19, 2016, pursuant to 5 U.S.C. 801(a)(1)(A); Public Law 104-121, Sec. 251; (110 Stat. 868); to the Committee on Energy and Commerce. 6215. A letter from the Assistant Secretary, Legislative Affairs, Department of State, transmitting a certification of the Arms Export Control Act, Transmittal No.: DDTC 16-037, pursuant to 22 U.S.C. 2776(c)(2)(C); Public Law 90-629, Sec. 36(c) (as added by Public Law 94-329, Sec. 211(a)); (82 Stat. 1326); to the Committee on Foreign Affairs. 6216. A letter from the Assistant Secretary, Legislative Affairs, Department of State, transmitting a certification of the Arms Export Control Act, Transmittal No.: DDTC 16-028, pursuant to 22 U.S.C. 2776(c)(2)(C); Public Law 90-629, Sec. 36(c) (as added by Public Law 94-329, Sec. 211(a)); (82 Stat. 1326); to the Committee on Foreign Affairs. 6217. A letter from the Assistant Secretary, Legislative Affairs, Department of State, transmitting a certification of the Arms Export Control Act, Transmittal No.: DDTC 15-141, pursuant to 22 U.S.C. 2776(c)(2)(C); Public Law 90-629, Sec. 36(c) (as added by Public Law 94-329, Sec. 211(a)); (82 Stat. 1326); to the Committee on Foreign Affairs. 6218. A communication from the President of the United States, transmitting a notification that the national emergency with respect to transnational criminal organizations, originally declared in Executive Order 13581 on July 24, 2011, is to continue in effect beyond July 24, 2016, pursuant to 50 U.S.C. 1622(d); Public Law 94-412, Sec. 202(d); (90 Stat. 1257) (H. Doc. No. 114--154); to the Committee on Foreign Affairs and ordered to be printed. 6219. A letter from the Assistant Secretary for Export Administration, Bureau of Industry and Security, Department of Commerce, transmitting the Department's final rule -- Updated Statements of Legal Authority for the Export Administration Regulations [Docket No.: 160622547-6547-01] (RIN: 0694-AG99) received July 15, 2016, pursuant to 5 U.S.C. 801(a)(1)(A); Public Law 104-121, Sec. 251; (110 Stat. 868); to the Committee on Foreign Affairs. 6220. A letter from the Director, Defense Security Cooperation Agency, Department of Defense, transmitting a proposed Letter of Offer and Acceptance to the Government of Japan, Transmittal No. 16-47, pursuant to 22 U.S.C. 2776(b)(1); Public Law 90-629, Sec. 36(b) (as amended by Public Law 106 -113, Sec. 1000(a)(7)); (113 Stat. 536); to the Committee on Foreign Affairs. 6221. A letter from the Assistant Secretary, Legislative Affairs, Department of State, transmitting a letter regarding section 3 of the Arms Export Control Act; to the Committee on Foreign Affairs. 6222. A letter from the Assistant Secretary, Legislative Affairs, Department of State, transmitting the 2015 annual report on Voting Practices in the United Nations, pursuant Public Law 101-246, Sec. 406, as amended by Public Law 108- 447; to the Committee on Foreign Affairs. 6223. A letter from the Assistant Secretary, Legislative Affairs, Department of State, transmitting a certification of the Arms Export Control Act, Transmittal No.: DDTC 15-077, pursuant to 22 U.S.C. 2776(d)(1); Public Law 90-629, Sec. 36(d) (as added by Public Law 94-32 9, Sec. 211(a)); (90 Stat. 740); to the Committee on Foreign Affairs. 6224. A letter from the Assistant Secretary, Legislative Affairs, Department of State, transmitting a certification of the Arms Export Control Act, Transmittal No.: DDTC 16-017, pursuant to 22 U.S.C. 2776(d)(1); Public Law 90-629, Sec. 36(d) (as added by Public Law 94-32 9, Sec. 211(a)); (90 Stat. 740); to the Committee on Foreign Affairs. 6225. A letter from the Assistant Secretary, Legislative Affairs, Department of State, transmitting a memorandum of justification, pursuant to Secs. 652 and 614(a)(3) of the Foreign Assistance Act of 1961 and Sec. 7009(d) of Public Law 111-117; to the Committee on Foreign Affairs. 6226. A letter from the Secretary, Department of Housing and Urban Development, transmitting the Department's Semiannual Report of the Inspector General for the period of October 1, 2015, through March 31, 2016, pursuant to 5 U.S.C. app. (Insp. Gen. Act) Sec. 5(b); Public Law 95-452, Sec. 5(b); (92 S tat. 1103); to the Committee on Oversight and Government Reform. 6227. A letter from the Acting Director, Office of Personnel Management, transmitting a report on the agencies' use of the Physicians' Comparability Allowance Program for fiscal year 2015, pursuant to 5 U.S.C. 5948(j); Public Law 103-114, Sec. 2(a); (107 Stat. 1116); to the Committee on Oversight and Government Reform. 6228. A letter from the Special Counsel, Office of Special Counsel, transmitting the FY 2015 Annual Report to Congress; to the Committee on Oversight and Government Reform. 6229. A letter from the Inspector General, Office of the Inspector General of the U.S. House of Representatives, transmitting the Email Phishing Campaign Assessment (Report No.: 16-HSW-06); to the Committee on House Administration. 6230. A letter from the Inspector General, Office of the Inspector General of the U.S. House of Representatives, transmitting the Audit of PeopleSoft Infrastructure Security (Report No.: 16-CAO-07); to the Committee on House Administration. 6231. A letter from the Acting Director, Office of Sustainable Fisheries, NMFS, National Oceanic and Atmospheric Administration, transmitting the Administration's temporary rule -- Fisheries of the Northeastern United States; Atlantic Mackerel, Squid, and Butterfish Fishery; 2016 Longfin Squid Trimester II Quota Harvested [Docket No.: 140902739-5224-02] (RIN: 0648-XE697) received July 14, 2016, pursuant to 5 U.S.C. 801(a)(1)(A); Public Law 104-121, Sec. 251; (110 Stat. 868); to the Committee on Natural Resources. 6232. A letter from the Acting Director, Office of Sustainable Fisheries, NMFS, National Oceanic and Atmospheric Administration, transmitting the Administration's temporary rule -- Fisheries of the Exclusive Economic Zone Off Alaska; Reallocation of Pollock in the Bering Sea and Aleutian Islands [Docket No.: 150916863-6211-02] (RIN: 0648-XE518) received July 14, 2016, pursuant to 5 U.S.C. 801(a)(1)(A); Public Law 104-121, Sec. 251; (110 Stat. 868); to the Committee on Natural Resources. 6233. A letter from the Deputy Assistant Administrator for Regulatory Programs, NMFS, Office of Sustainable Fisheries, National Oceanic and Atmospheric Administration, transmitting the Administration's final rule -- Fisheries of the Exclusive Economic Zone Off Alaska; Western Alaska Community Development Quota Program [Docket No.: 150430410-6340-02] (RIN: 0648-BF05) received July 14, 2016, pursuant to 5 U.S.C. 801(a)(1)(A); Public Law 104-121, Sec. 251; (110 Stat. 868); to the Committee on Natural Resources. 6234. A letter from the Acting Director, Office of Sustainable Fisheries, NMFS, National Oceanic and Atmospheric Administration, transmitting the Administration's modification of fishing seasons -- Fisheries Off West Coast States; Modifications of the West Coast Commercial Salmon Fisheries; Inseason Actions #1 Through #5 [Docket No.: 150316270-5270-01] (RIN: 0648-XE520) received July 14, 2016, pursuant to 5 U.S.C. 801(a)(1)(A); Public Law 104-121, Sec. 251; (110 Stat. 868); to the Committee on Natural Resources. 6235. A letter from the Deputy Assistant Administrator for Regulatory Programs, NMFS, Office of Sustainable Fisheries, National Oceanic and Atmospheric Administration, transmitting the Administration's final rule -- Fisheries of the Caribbean, Gulf of Mexico, and South Atlantic; Amendments to the Reef Fish, Spiny Lobster, Queen Conch, and Corals and Reef Associated Plants and Invertebrates Fishery Management Plans of Puerto Rico and the U.S. Virgin Islands [Docket No.: 150623546-6395-02] (RIN: 0648-BF18) received July 14, 2016, pursuant to 5 U.S.C. 801(a)(1)(A); Public Law 104-121, Sec. 251; (110 Stat. 868); to the Committee on Natural Resources. 6236. A letter from the Deputy Assistant Administrator for Regulatory Programs, NMFS, Office of Sustainable Fisheries, National Oceanic and Atmospheric Administration, transmitting the Administration's final rule -- Fisheries of the Exclusive Economic Zone Off Alaska; Bering Sea and Aleutian Islands Crab Rationalization Program [Docket No.: 151020969-6335-02] (RIN: 0648-BF46) received July 14, 2016, pursuant to 5 U.S.C. 801(a)(1)(A); Public Law 104-121, Sec. 251; (110 Stat. 868); to the Committee on Natural Resources. 6237. A letter from the Acting Director, Office of Sustainable Fisheries, NMFS, National Oceanic and Atmospheric Administration, transmitting the Administration's temporary rule -- Fisheries of the Northeastern United States; Northeast Multispecies Fishery; Trimester Total Allowable Catch Area Closure for the Common Pool Fishery [Docket No.: 151211999-6343-02] (RIN: 0648-XE683) received July 12, 2016, pursuant to 5 U.S.C. 801(a)(1)(A); Public Law 104-121, Sec. 251; (110 Stat. 868); to the Committee on Natural Resources. 6238. A letter from the Assistant General Counsel for Regulations, Office of the General Counsel, Department of Housing and Urban Development, transmitting the Department's interim final rule -- Inflation Catch-Up Adjustment of Civil Monetary Penalty Amounts [Docket No.: FR-5942-I-01] (RIN: 2501-AD79) received June 24, 2016, pursuant to 5 U.S.C. 801(a)(1)(A); Public Law 104-121, Sec. 251; (110 Stat. 868); to the Committee on the Judiciary. 6239. A letter from the Office Program Manager, Office of Regulation Policy and Management, Office of the Secretary (00REG), Department of Veterans Affairs, transmitting the Department's interim final rule -- Federal Civil Penalties Adjustment Act Amendments (RIN: 2900-AP78) received June 24, 2016, pursuant to 5 U.S.C. 801(a)(1)(A); Public Law 104-121, Sec. 251; (110 Stat. 868); to the Committee on the Judiciary. 6240. A letter from the Federal Register Liaison Officer, Alcohol and Tobacco Tax and Trade Bureau, Department of the Treasury, transmitting the Department's interim final rule -- Civil Monetary Penalty Inflation Adjustment -- Alcoholic Beverage Labeling Act [Docket No.: TTB-2016-0006; T.D. TTB- 138] (RIN: 1513-AC28) received July 14, 2016, pursuant to 5 U.S.C. 801(a)(1)(A); Public Law 104-121, Sec. 251; (110 Stat. 868); to the Committee on the Judiciary. [[Page H5029]] 6241. A letter from the General Counsel, Federal Energy Regulatory Commission, transmitting the Commission's interim final rule -- Civil Monetary Penalty Inflation Adjustments [Docket No.: RM16-16-000] (Order No.: 826) received July 14, 2016, pursuant to 5 U.S.C. 801(a)(1)(A); Public Law 104-121, Sec. 251; (110 Stat. 868); to the Committee on the Judiciary. 6242. A letter from the Deputy Director, National Legislative Division, American Legion, transmitting the consolidated financial statements of the American Legion as of December 31, 2015 and 2014 along with supplemental data; to the Committee on the Judiciary. 6243. A letter from the Attorney-Advisor, U.S. Coast Guard, Department of Homeland Security, transmitting the Department's final rule -- Drawbridge Operation Regulation; Norwalk River, Norwalk, CT [Docket NO.: USCG-2014-1057] (RIN: 1625-AA09) received July 14, 2016, pursuant to 5 U.S.C. 801(a)(1)(A); Public Law 104-121, Sec. 251; (110 Stat. 868); to the Committee on Transportation and Infrastructure. 6244. A letter from the Attorney-Advisor, U.S. Coast Guard, Department of Homeland Security, transmitting the Department's temporary final rule -- Special Local Regulation; Drag Boat Championship, Intracoastal Waterway; Bucksport, SC [Docket No.: USCG-2016-0011] (RIN: 1625-AA08) received July 14, 2016, pursuant to 5 U.S.C. 801(a)(1)(A); Public Law 104-121, Sec. 251; (110 Stat. 868); to the Committee on Transportation and Infrastructure. 6245. A letter from the Attorney-Advisor, U.S. Coast Guard, Department of Homeland Security, transmitting the Department's temporary final rule -- Security Zones; 2016 Republican National Convention, and Associated Voluntary First Amendment Safety Zones, Lake Erie and Cuyahoga River, Cleveland, OH [Docket No.: USCG-2016-0557] (RIN: 1625-AA87; 1625-AA00) received July 14, 2016, pursuant to 5 U.S.C. 801(a)(1)(A); Public Law 104-121, Sec. 251; (110 Stat. 868); to the Committee on Transportation and Infrastructure. 6246. A letter from the Attorney-Advisor, U.S. Coast Guard, Department of Homeland Security, transmitting the Department's temporary final rule -- Safety Zone, Pamlico Sound; Ocracoke, NC [Docket No.: USCG-2016-0289] (RIN: 1625- AA00) received July 14, 2016, pursuant to 5 U.S.C. 801(a)(1)(A); Public Law 104-121, Sec. 251; (110 Stat. 868); to the Committee on Transportation and Infrastructure. 6247. A letter from the Attorney-Advisor, U.S. Coast Guard, Department of Homeland Security, transmitting the Department's temporary final rule -- Safety Zones; Marine Events held in the Sector Long Island Sound Captain of the Port Zone [Docket No.: USCG-2016-0473] (RIN: 1625-AA00) received July 14, 2016, pursuant to 5 U.S.C. 801(a)(1)(A); Public Law 104-121, Sec. 251; (110 Stat. 868); to the Committee on Transportation and Infrastructure. 6248. A letter from the Attorney-Advisor, U.S. Coast Guard, Department of Homeland Security, transmitting the Department's temporary final rule -- Safety Zone; James River, Hampton, VA [Docket No.: USCG-2016-0084] (RIN: 1625- AA00) received July 14, 2016, pursuant to 5 U.S.C. 801(a)(1)(A); Public Law 104-121, Sec. 251; (110 Stat. 868); to the Committee on Transportation and Infrastructure. 6249. A letter from the Attorney-Advisor, U.S. Coast Guard, Department of Homeland Security, transmitting the Department's temporary final rule -- Safety Zone; Bay Village Independence Day Celebration; Lake Erie, Bay Village, OH [Docket No.: USCG-2016-0550] (RIN: 1625-AA00) received July 14, 2016, pursuant to 5 U.S.C. 801(a)(1)(A); Public Law 104- 121, Sec. 251; (110 Stat. 868); to the Committee on Transportation and Infrastructure. 6250. A letter from the Attorney-Advisor, U.S. Coast Guard, Department of Homeland Security, transmitting the Department's temporary final rule -- Safety Zone; Confluence of James River and Appomattox River, Hopewell, VA [Docket No.: USCG-2016-0331] (RIN: 1625-AA00) received July 14, 2016, pursuant to 5 U.S.C. 801(a)(1)(A); Public Law 104-121, Sec. 251; (110 Stat. 868); to the Committee on Transportation and Infrastructure. 6251. A letter from the Attorney-Advisor, U.S. Coast Guard, Department of Homeland Security, transmitting the Department's temporary final rule -- Safety Zone; Detroit River Days Air Show, Detroit River, Detroit, MI [Docket No.: USCG-2016-0460] (RIN: 1625-AA00) received July 14, 2016, pursuant to 5 U.S.C. 801(a)(1)(A); Public Law 104-121, Sec. 251; (110 Stat. 868); to the Committee on Transportation and Infrastructure. 6252. A letter from the Attorney-Advisor, U.S. Coast Guard, Department of Homeland Security, transmitting the Department's temporary final rule -- Safety Zone; Pleasure Beach Bridge, Bridgeport, CT [Docket No.: USCG-2015-1123] (RIN: 1625-AA00) received July 14, 2016, pursuant to 5 U.S.C. 801(a)(1)(A); Public Law 104-121, Sec. 251; (110 Stat. 868); to the Committee on Transportation and Infrastructure. 6253. A letter from the Attorney-Advisor, U.S. Coast Guard, Department of Homeland Security, transmitting the Department's temporary final rule -- Safety Zones; Marine Events held in the Sector Long Island Sound Captain of the Port Zone [Docket No.: USCG-2016-0534] (RIN: 1625-AA00) received July 14, 2016, pursuant to 5 U.S.C. 801(a)(1)(A); Public Law 104-121, Sec. 251; (110 Stat. 868); to the Committee on Transportation and Infrastructure. 6254. A letter from the Attorney-Advisor, U.S. Coast Guard, Department of Homeland Security, transmitting the Department's temporary final rule -- Special Local Regulations; Marine Events held in the Sector Long Island Sound Captain of the Port Zone [Docket No.: USCG-2016-0559] (RIN: 1625-AA08) received July 14, 2016, pursuant to 5 U.S.C. 801(a)(1)(A); Public Law 104-121, Sec. 251; (110 Stat. 868); to the Committee on Transportation and Infrastructure. 6255. A letter from the Attorney-Advisor, U.S. Coast Guard, Department of Homeland Security, transmitting the Department's temporary final rule -- Safety Zone; Allegheny River mile 0-0.5, Monongahela River mile 0-0.5, Ohio River mile 0-0.5, Pittsburgh, PA [Docket No.: USCG-2016-0538] (RIN: 1625-AA00) received July 14, 2016, pursuant to 5 U.S.C. 801(a)(1)(A); Public Law 104-121, Sec. 251; (110 Stat. 868); to the Committee on Transportation and Infrastructure. 6256. A letter from the Attorney-Advisor, U.S. Coast Guard, Department of Homeland Security, transmitting the Department's temporary final rule -- Safety Zone; Ohio River mile 307.8-308.8 Huntington, WV [Docket No.: USCG-2016-0279] (RIN: 1625-AA00) received July 14, 2016, pursuant to 5 U.S.C. 801(a)(1)(A); Public Law 104-121, Sec. 251; (110 Stat. 868); to the Committee on Transportation and Infrastructure. 6257. A letter from the Attorney-Advisor, U.S. Coast Guard, Department of Homeland Security, transmitting the Department's temporary final rule -- Safety Zone; Ohio River mile 607.5 to 608.6, Indiana [Docket No.: USCG-2016-0502] (RIN: 1625-AA00) received July 14, 2016, pursuant to 5 U.S.C. 801(a)(1)(A); Public Law 104-121, Sec. 251; (110 Stat. 868); to the Committee on Transportation and Infrastructure. 6258. A letter from the Attorney-Advisor, U.S. Coast Guard, Department of Homeland Security, transmitting the Department's temporary final rule -- Safety Zone; Ohio River mile 317-318, Ashland, KY [Docket No.: USCG-2016-0616] (RIN: 1625-AA00) received July 14, 2016, pursuant to 5 U.S.C. 801(a)(1)(A); Public Law 104-121, Sec. 251; (110 Stat. 868); to the Committee on Transportation and Infrastructure. 6259. A letter from the Attorney-Advisor, U.S. Coast Guard, Department of Homeland Security, transmitting the Department's temporary final rule -- Safety Zone; Ohio River Mile 42.5 to 43.0, Chester, West Virginia [Docket No.: USCG- 2016-0335] (RIN: 1625-AA00) received July 14, 2016, pursuant to 5 U.S.C. 801(a)(1)(A); Public Law 104-121, Sec. 251; (110 Stat. 868); to the Committee on Transportation and Infrastructure. 6260. A letter from the Attorney-Advisor, U.S. Coast Guard, Department of Homeland Security, transmitting the Department's temporary final rule -- Safety Zone, Shallowbag Bay; Manteo, NC [Docket No.: USCG-2016-0131] (RIN: 1625-AA00) received July 14, 2016, pursuant to 5 U.S.C. 801(a)(1)(A); Public Law 104-121, Sec. 251; (110 Stat. 868); to the Committee on Transportation and Infrastructure. 6261. A letter from the Attorney-Advisor, U.S. Coast Guard, Department of Homeland Security, transmitting the Department's temporary interim final rule -- Safety Zone; Hudson River, South Nyack and Tarrytown, NY [Docket No.: USCG-2016-0462] (RIN: 1625-AA00) received July 14, 2016, pursuant to 5 U.S.C. 801(a)(1)(A); Public Law 104-121, Sec. 251; (110 Stat. 868); to the Committee on Transportation and Infrastructure. 6262. A letter from the Management and Program Analyst, FAA, Department of Transportation, transmitting the Department's final rule -- Airworthiness Directives; Bombardier, Inc. Airplanes [Docket No.: FAA-2015-8431; Directorate Identifier 2015-NM-128-AD; Amendment 39-18517; AD 2016-10-06] (RIN: 2120-AA64) received June 30, 2016, pursuant to 5 U.S.C. 801(a)(1)(A); Public Law 104-121, Sec. 251; (110 Stat. 868); to the Committee on Transportation and Infrastructure. 6263. A letter from the Federal Register Liaison Officer, Human Exploration and Operations, National Aeronautics and Space Administration, transmitting the Administration's final rule -- Space Flight [Docket No.: NASA-2015-0010] (RIN: 2700- AD98) received July 15, 2016, pursuant to 5 U.S.C. 801(a)(1)(A); Public Law 104-121, Sec. 251; (110 Stat. 868); to the Committee on Science, Space, and Technology. 6264. A letter from the Office Program Manager, Office of Regulation Policy and Management, Office of the Secretary (00REG), Department of Veterans Affairs, transmitting the Department's final rule -- Prescriptions in Alaska and U.S. Territories and Possessions (RIN: 2900-AP42) received July 15, 2016, pursuant to 5 U.S.C. 801(a)(1)(A); Public Law 104- 121, Sec. 251; (110 Stat. 868); to the Committee on Veterans' Affairs. 6265. A letter from the Office Program Manager, Office of Regulation Policy and Management, Office of the Secretary (00REG), Department of Veterans Affairs, transmitting the Department's final rule -- Hospital Care and Medical Services for Camp Lejeune Veterans (RIN: 2900-AP59) received July 15, 2016, pursuant to 5 U.S.C. 801(a)(1)(A); Public Law 104-121, Sec. 251; (110 Stat. 868); to the Committee on Veterans' Affairs. 6266. A letter from the Federal Register Liaison Officer, Alcohol and Tobacco Tax and Trade Bureau, Department of the Treasury, transmitting the Department's final rule -- [[Page H5030]] Importer Permit Requirements for Tobacco Products and Processed Tobacco, and Other Requirements for Tobacco Products, Processed Tobacco and Cigarette Papers and Tubes [Docket No.: TTB-2013-0006; T.D. TTB-137; Re: T.D. TTB-115; Notice No.: 137; T.D. ATF-421; T.D. ATF-422; ATF Notice Nos.: 887 and 888] (RIN: 1513-AB37) received July 14, 2016, pursuant to 5 U.S.C. 801(a)(1)(A); Public Law 104-121, Sec. 251; (110 Stat. 868); to the Committee on Ways and Means. 6267. A letter from the Chief, Publications and Regulations Branch, Internal Revenue Service, transmitting the Service's final and temporary regulations -- Requirement to Notify the IRS of Intent to Operate as a Section 501(c)(4) Organization [TD 9775] (RIN: 1545-BN26) July 15, 2016, pursuant to 5 U.S.C. 801(a)(1)(A); Public Law 104-121, Sec. 251; (110 Stat. 868); to the Committee on Ways and Means. 6268. A letter from the Chief, Publications and Regulations Branch, Internal Revenue Service, transmitting the Service's IRB only rule -- Requirement to notify the IRS of intent to operate as a section 501(c)(4) organization (Rev. Proc. 2016- 41) received July 15, 2016, pursuant to 5 U.S.C. 801(a)(1)(A); Public Law 104-121, Sec. 251; (110 Stat. 868); to the Committee on Ways and Means. 6269. A letter from the Chief, Publications and Regulations Branch, Internal Revenue Service, transmitting the Service's final regulations -- Method of Accounting for Gains and Losses on Shares in Money Market Funds; Broker Returns with Respect to Sales of Shares in Money Market Funds [TD 9774] (RIN: 1545-BM04) received July 15, 2016, pursuant to 5 U.S.C. 801(a)(1)(A); Public Law 104-121, Sec. 251; (110 Stat. 868); to the Committee on Ways and Means. 6270. A letter from the Assistant Secretary for Legislation, Department of Health and Human Services, transmitting the report entitled ``Fraud and Abuse Laws Regarding Gainsharing or Similar Arrangements between Physicians and Hospitals'', pursuant to Public Law 114-10, Sec. 512(b); (129 Stat. 170); jointly to the Committees on Energy and Commerce and Ways and Means. 6271. A letter from the Assistant Secretary for Legislation, Department of Health and Human Services, transmitting the Fiscal Years 2013 and 2014 Medicare and Medicaid Integrity Programs Report, pursuant to 42 U.S.C. 1395ddd(i)(2); Aug. 14, 1935, ch. 531, title XVIII, Sec. 1893 (as amended by Public Law 111-148, Sec. 6402(j)(1)(B)); (124 Stat. 762); jointly to the Committees on Energy and Commerce and Ways and Means. ____________________",https://api.govinfo.gov/related/CREC-2016-07-21-pt1-PgH5027,CREC,Proceedings of Congress and General Congressional Publications,2025-03-07T17:29:49Z,Congressional Record,package_114_303.csv,34733,0,34733,"[congressional record volume 162, number 118 (thursday, july 21, 2016)] [house] [pages h5027-h5030] from the congressional record online through the government publishing office [ www.gpo.gov ] executive communications, etc. under clause 2 of rule xiv, executive communications were taken from the speaker's table and referred as follows: 6189. a letter from the director, issuance staff, food safety and inspection service, department of agriculture, transmitting the department's final rule -- electronic export application and certification charge; flexibility in the requirements for export inspection marks, devices, and certificates; egg products export certification [docket no.: fsis-2009-0026] (rin: 0583-ad41) received july 15, 2016, pursuant to 5 u.s.c. 801(a)(1)(a); public law 104-121, sec. 251; (110 stat. 868); to the committee on agriculture. 6190. a letter from the acting under secretary, personnel and readiness, department of defense, transmitting a letter on the approved retirement of general john m. paxton, jr., united states marine corps, and his advancement on the retired list to the grade of general, pursuant to 10 u.s.c. 1370(c)(1); public law 96-513, sec. 112 (as amended by public law 104-106, sec. 502(b)); (110 stat. 293); to the committee on armed services. 6191. a letter from the acting under secretary, personnel and readiness, department of defense, transmitting a letter on the approved retirement of lieutenant general john a. toolan, jr., united states marine corps, and his advancement to the grade of lieutenant general on the retired list, pursuant to 10 u.s.c. 1370(c)(1); public law 96-513, sec. 112 (as amended by public law 104-106, sec. 502(b)); (110 stat. 293); to the committee on armed services. 6192. a letter from the acting under secretary, personnel and readiness, department of defense, transmitting a letter authorizing colonel richard g. moore, jr., united states air force, to wear the insignia of the grade of brigadier general, pursuant to 10 u.s.c. 777(b)(3)(b); public law 104- 106, sec. 503(a)(1) (as added by public law 108-136, sec. 509(a)(3 )) (117 stat. 1458); to the committee on armed services. 6193. a letter from the chairman and president, export- import bank, transmitting the ``report to the u.s. congress on global export credit competition'', pursuant to sec. 8a of the export-import bank act of 1945, as amended; to the committee on financial services. 6194. a letter from the assistant secretary, securities and exchange commission, transmitting the commission's final rule -- regulation sbsr -- reporting and dissemination of security-based swap information [release no.: 34-78321; file no.: s7-03-15] (rin: 3235-al71) received july 19, 2016, pursuant to 5 u.s.c. 801(a)(1)(a); public law 104-121, sec. 251; (110 stat. 868); to the committee on financial services. 6195. a letter from the deputy secretary, securities and exchange commission, transmitting the commission's major final rule -- amendments to the commission's rules of practice [release no.: 34-78319; file no.: s7-18-15] (rin: 3235-al87) received july 19, 2016, pursuant to 5 u.s.c. 801(a)(1)(a); public law 104-121, sec. 251; (110 stat. 868); to the committee on financial services. 6196. a letter from the director, office of management and budget, transmitting a supplemental update of the budget for fiscal year 2017, pursuant to 31 u.s.c. 1106(a); public law 97-258, sec. 1106(a); (96 stat. 911) (h. doc. no. 114--153); to the committee on the budget and ordered to be printed. 6197. a letter from the secretary, department of energy, transmitting the report on uncosted balances for fiscal year ended september 30, 2014, pursuant to 42 u.s.c. 13526(a); public law 102-486, sec. 2307(a); (106 stat. 3096); to the committee on energy and commerce. 6198. a letter from the assistant general counsel for legislation, regulation and energy efficiency, office of energy efficiency and renewable energy, department of energy, transmitting the department's final rule -- energy conservation program: enforcement of regional standards for central air conditioners [docket no.: eere-2011-bt-ce-0077] (rin: 1904-ac68) received july 14, 2016, pursuant to 5 u.s.c. 801(a)(1)(a); public law 104-121, sec. 251; (110 stat. 868); to the committee on energy and commerce. 6199. a letter from the assistant general counsel for legislation, regulation and energy efficiency, office of acquisition management, department of energy, transmitting the department's final rule -- acquisition regulations: technical and administrative changes to department of energy acquisition regulation (rin: 1991-ac00) received july 15, 2016, pursuant to 5 u.s.c. 801(a)(1)(a); public law 104-121, sec. 251; (110 stat. 868); to the committee on energy and commerce. 6200. a letter from the director, regulatory management division, environmental protection agency, transmitting the agency's final rule -- determination of attainment of the 1- hour ozone national ambient air quality standard in the san joaquin valley nonattainment area in california [epa-r09- 2016-0164; frl-9949-07-region 9] received july 15, 2016, pursuant to 5 u.s.c. 801(a)(1)(a); public law 104-121, sec. 251; (110 stat. 868); to the committee on energy and commerce. 6201. a letter from the director, regulatory management division, environmental protection agency, transmitting the agency's direct final rule -- approval of california air plan revisions, el dorado county air quality management district [epa-r09-oar-2016-0241; frl-9948-08-region 9] received july 15, 2016, pursuant to 5 u.s.c. 801(a)(1)(a); public law 104- 121, sec. 251; (110 stat. 868); to the committee on energy and commerce. 6202. a letter from the director, regulatory management division, environmental protection agency, transmitting the agency's final rule -- approval and promulgation of air quality implementation plans; state of kansas; 2015 kansas state implementation plan for the 2008 lead standard [epa- r07-oar-2015-0708; frl-9949-13-region 7] received july 15, 2016, pursuant to 5 u.s.c. 801(a)(1)(a); public law 104-121, sec. 251; (110 stat. 868); to the committee on energy and commerce. 6203. a letter from the director, regulatory management division, environmental protection agency, transmitting the agency's direct final rule -- air plan approval; ri; correction, administrative and miscellaneous revisions [epa- r01-oar-2015-0306; a-1-frl-9949-32-region 1] received june 15, 2016, pursuant to 5 u.s.c. 801(a)(1)(a); public law 104- 121, sec. 251; (110 stat. 868); to the committee on energy and commerce. 6204. a letter from the director, regulatory management division, environmental protection agency, transmitting the agency's direct final rule -- air plan approval; oregon; medford area carbon monoxide second 10-year maintenance plan [epa-r10-oar-2015-0854; frl-9949-00-reigon 10] received july 15, 2016, pursuant to 5 u.s.c. 801(a)(1)(a); public law 104- 121, sec. 251; (110 stat. 868); to the committee on energy and commerce. 6205. a letter from the director, regulatory management division, environmental protection agency, transmitting the agency's final rule -- finding of failure to submit a state implementation plan; maryland; interstate transport requirements for the 2008 8-hour national ambient air quality standards for ozone [epa-r03-oar-2016-0270; frl-9949-34- region 3] received july 15, 2016, pursuant to 5 u.s.c. 801(a)(1)(a); public law 104-121, sec. 251; (110 stat. 868); to the committee on energy and commerce. 6206. a letter from the director, regulatory management division, environmental protection agency, transmitting the agency's final rule -- 2-propenoic acid, butyl ester, polymer with ethenyl acetate and sodium ethenesulfonate; tolerance exemption [epa-hq-opp-2016-0149; frl-9948-64] received july 19, 2016, pursuant to 5 u.s.c. 801(a)(1)(a); public law 104- 121, sec. 251; (110 stat. 868); to the committee on energy and commerce. 6207. a letter from the director, regulatory management division, environmental protection agency, transmitting the agency's final rule -- extension of deadline for action on the section 126 petition from connecticut [epa-hq-oar-2016- 0347; frl-9949-42-oar] received july 19, 2016, pursuant to 5 u.s.c. 801(a)(1)(a); public law 104-121, sec. 251; (110 stat. 868); to the committee on energy and commerce. 6208. a letter from the director, regulatory management division, environmental protection agency, transmitting the agency's final rule -- cyprodinil; pesticide tolerances [epa- hq-opp-2015-0646; frl-9948-28] received july 19, 2016, pursuant to 5 u.s.c. 801(a)(1)(a); public law 104-121, sec. 251; (110 stat. 868); to the committee on energy and commerce. 6209. a letter from the director, regulatory management division, environmental protection agency, transmitting the agency's final rule -- isaria fumosorosea strain fe 9901; exemption from the requirement of a tolerance [epa-hq-opp- 2014-0329; frl-9945-41] received july 19, 2016, pursuant to 5 u.s.c. 801(a)(1)(a); public law 104-121, sec. 251; (110 stat. 868); to the committee on energy and commerce. 6210. a letter from the director, regulatory management division, environmental protection agency, transmitting the agency's final rule -- clean data determination for 1997 pm2.5 standards; california -- south coast; applicability of clean air act requirements [epa-r09-oar-2014-0708; frl-9949- 47-region 9] received july 19, 2016, pursuant to 5 u.s.c. 801(a)(1)(a); public law 104-121, sec. 251; (110 stat. 868); to the committee on energy and commerce. 6211. a letter from the director, regulatory management division, environmental protection agency, transmitting the agency's direct final rule -- national emission standards for hazardous air pollutants for the portland cement manufacturing industry [epa-hq-oar-2011-0817; frl-9949-46- oar] received july 19, 2016, pursuant to 5 u.s.c. 801(a)(1)(a); public law 104-121, sec. 251; (110 stat. 868); to the committee on energy and commerce. 6212. a letter from the director, regulatory management division, environmental protection agency, transmitting the agency's direct final rule -- approval of california air plan revisions, mojave desert air quality management district, riverside county air pollution control district, and san bernardino county air pollution control district [epa-r09- oar-2015-0583; frl-9949-24-region 9] received july 19, 2016, pursuant to 5 u.s.c. 801(a)(1)(a); public law 104-121, sec. 251; (110 stat. 868); to the committee on energy and commerce. 6213. a letter from the director, regulatory management division, environmental protection agency, transmitting the agency's final rule -- limited approval, limited disapproval of california air plan revisions, eastern kern air pollution control district [[page h5028]] [epa-r09-oar-2016-0105; frl-9947-69-region 9] received july 19, 2016, pursuant to 5 u.s.c. 801(a)(1)(a); public law 104- 121, sec. 251; (110 stat. 868); to the committee on energy and commerce. 6214. a letter from the director, regulatory management division, environmental protection agency, transmitting the agency's direct final rule -- air plan approval; ri; regional haze five year progress report [epa-r01-oar-2015-0015; a-1- frl-9949-17-region 1] received july 19, 2016, pursuant to 5 u.s.c. 801(a)(1)(a); public law 104-121, sec. 251; (110 stat. 868); to the committee on energy and commerce. 6215. a letter from the assistant secretary, legislative affairs, department of state, transmitting a certification of the arms export control act, transmittal no.: ddtc 16-037, pursuant to 22 u.s.c. 2776(c)(2)(c); public law 90-629, sec. 36(c) (as added by public law 94-329, sec. 211(a)); (82 stat. 1326); to the committee on foreign affairs. 6216. a letter from the assistant secretary, legislative affairs, department of state, transmitting a certification of the arms export control act, transmittal no.: ddtc 16-028, pursuant to 22 u.s.c. 2776(c)(2)(c); public law 90-629, sec. 36(c) (as added by public law 94-329, sec. 211(a)); (82 stat. 1326); to the committee on foreign affairs. 6217. a letter from the assistant secretary, legislative affairs, department of state, transmitting a certification of the arms export control act, transmittal no.: ddtc 15-141, pursuant to 22 u.s.c. 2776(c)(2)(c); public law 90-629, sec. 36(c) (as added by public law 94-329, sec. 211(a)); (82 stat. 1326); to the committee on foreign affairs. 6218. a communication from the president of the united states, transmitting a notification that the national emergency with respect to transnational criminal organizations, originally declared in executive order 13581 on july 24, 2011, is to continue in effect beyond july 24, 2016, pursuant to 50 u.s.c. 1622(d); public law 94-412, sec. 202(d); (90 stat. 1257) (h. doc. no. 114--154); to the committee on foreign affairs and ordered to be printed. 6219. a letter from the assistant secretary for export administration, bureau of industry and security, department of commerce, transmitting the department's final rule -- updated statements of legal authority for the export administration regulations [docket no.: 160622547-6547-01] (rin: 0694-ag99) received july 15, 2016, pursuant to 5 u.s.c. 801(a)(1)(a); public law 104-121, sec. 251; (110 stat. 868); to the committee on foreign affairs. 6220. a letter from the director, defense security cooperation agency, department of defense, transmitting a proposed letter of offer and acceptance to the government of japan, transmittal no. 16-47, pursuant to 22 u.s.c. 2776(b)(1); public law 90-629, sec. 36(b) (as amended by public law 106 -113, sec. 1000(a)(7)); (113 stat. 536); to the committee on foreign affairs. 6221. a letter from the assistant secretary, legislative affairs, department of state, transmitting a letter regarding section 3 of the arms export control act; to the committee on foreign affairs. 6222. a letter from the assistant secretary, legislative affairs, department of state, transmitting the 2015 annual report on voting practices in the united nations, pursuant public law 101-246, sec. 406, as amended by public law 108- 447; to the committee on foreign affairs. 6223. a letter from the assistant secretary, legislative affairs, department of state, transmitting a certification of the arms export control act, transmittal no.: ddtc 15-077, pursuant to 22 u.s.c. 2776(d)(1); public law 90-629, sec. 36(d) (as added by public law 94-32 9, sec. 211(a)); (90 stat. 740); to the committee on foreign affairs. 6224. a letter from the assistant secretary, legislative affairs, department of state, transmitting a certification of the arms export control act, transmittal no.: ddtc 16-017, pursuant to 22 u.s.c. 2776(d)(1); public law 90-629, sec. 36(d) (as added by public law 94-32 9, sec. 211(a)); (90 stat. 740); to the committee on foreign affairs. 6225. a letter from the assistant secretary, legislative affairs, department of state, transmitting a memorandum of justification, pursuant to secs. 652 and 614(a)(3) of the foreign assistance act of 1961 and sec. 7009(d) of public law 111-117; to the committee on foreign affairs. 6226. a letter from the secretary, department of housing and urban development, transmitting the department's semiannual report of the inspector general for the period of october 1, 2015, through march 31, 2016, pursuant to 5 u.s.c. app. (insp. gen. act) sec. 5(b); public law 95-452, sec. 5(b); (92 s tat. 1103); to the committee on oversight and government reform. 6227. a letter from the acting director, office of personnel management, transmitting a report on the agencies' use of the physicians' comparability allowance program for fiscal year 2015, pursuant to 5 u.s.c. 5948(j); public law 103-114, sec. 2(a); (107 stat. 1116); to the committee on oversight and government reform. 6228. a letter from the special counsel, office of special counsel, transmitting the fy 2015 annual report to congress; to the committee on oversight and government reform. 6229. a letter from the inspector general, office of the inspector general of the u.s. house of representatives, transmitting the email phishing campaign assessment (report no.: 16-hsw-06); to the committee on house administration. 6230. a letter from the inspector general, office of the inspector general of the u.s. house of representatives, transmitting the audit of peoplesoft infrastructure security (report no.: 16-cao-07); to the committee on house administration. 6231. a letter from the acting director, office of sustainable fisheries, nmfs, national oceanic and atmospheric administration, transmitting the administration's temporary rule -- fisheries of the northeastern united states; atlantic mackerel, squid, and butterfish fishery; 2016 longfin squid trimester ii quota harvested [docket no.: 140902739-5224-02] (rin: 0648-xe697) received july 14, 2016, pursuant to 5 u.s.c. 801(a)(1)(a); public law 104-121, sec. 251; (110 stat. 868); to the committee on natural resources. 6232. a letter from the acting director, office of sustainable fisheries, nmfs, national oceanic and atmospheric administration, transmitting the administration's temporary rule -- fisheries of the exclusive economic zone off alaska; reallocation of pollock in the bering sea and aleutian islands [docket no.: 150916863-6211-02] (rin: 0648-xe518) received july 14, 2016, pursuant to 5 u.s.c. 801(a)(1)(a); public law 104-121, sec. 251; (110 stat. 868); to the committee on natural resources. 6233. a letter from the deputy assistant administrator for regulatory programs, nmfs, office of sustainable fisheries, national oceanic and atmospheric administration, transmitting the administration's final rule -- fisheries of the exclusive economic zone off alaska; western alaska community development quota program [docket no.: 150430410-6340-02] (rin: 0648-bf05) received july 14, 2016, pursuant to 5 u.s.c. 801(a)(1)(a); public law 104-121, sec. 251; (110 stat. 868); to the committee on natural resources. 6234. a letter from the acting director, office of sustainable fisheries, nmfs, national oceanic and atmospheric administration, transmitting the administration's modification of fishing seasons -- fisheries off west coast states; modifications of the west coast commercial salmon fisheries; inseason actions #1 through #5 [docket no.: 150316270-5270-01] (rin: 0648-xe520) received july 14, 2016, pursuant to 5 u.s.c. 801(a)(1)(a); public law 104-121, sec. 251; (110 stat. 868); to the committee on natural resources. 6235. a letter from the deputy assistant administrator for regulatory programs, nmfs, office of sustainable fisheries, national oceanic and atmospheric administration, transmitting the administration's final rule -- fisheries of the caribbean, gulf of mexico, and south atlantic; amendments to the reef fish, spiny lobster, queen conch, and corals and reef associated plants and invertebrates fishery management plans of puerto rico and the u.s. virgin islands [docket no.: 150623546-6395-02] (rin: 0648-bf18) received july 14, 2016, pursuant to 5 u.s.c. 801(a)(1)(a); public law 104-121, sec. 251; (110 stat. 868); to the committee on natural resources. 6236. a letter from the deputy assistant administrator for regulatory programs, nmfs, office of sustainable fisheries, national oceanic and atmospheric administration, transmitting the administration's final rule -- fisheries of the exclusive economic zone off alaska; bering sea and aleutian islands crab rationalization program [docket no.: 151020969-6335-02] (rin: 0648-bf46) received july 14, 2016, pursuant to 5 u.s.c. 801(a)(1)(a); public law 104-121, sec. 251; (110 stat. 868); to the committee on natural resources. 6237. a letter from the acting director, office of sustainable fisheries, nmfs, national oceanic and atmospheric administration, transmitting the administration's temporary rule -- fisheries of the northeastern united states; northeast multispecies fishery; trimester total allowable catch area closure for the common pool fishery [docket no.: 151211999-6343-02] (rin: 0648-xe683) received july 12, 2016, pursuant to 5 u.s.c. 801(a)(1)(a); public law 104-121, sec. 251; (110 stat. 868); to the committee on natural resources. 6238. a letter from the assistant general counsel for regulations, office of the general counsel, department of housing and urban development, transmitting the department's interim final rule -- inflation catch-up adjustment of civil monetary penalty amounts [docket no.: fr-5942-i-01] (rin: 2501-ad79) received june 24, 2016, pursuant to 5 u.s.c. 801(a)(1)(a); public law 104-121, sec. 251; (110 stat. 868); to the committee on the judiciary. 6239. a letter from the office program manager, office of regulation policy and management, office of the secretary (00reg), department of veterans affairs, transmitting the department's interim final rule -- federal civil penalties adjustment act amendments (rin: 2900-ap78) received june 24, 2016, pursuant to 5 u.s.c. 801(a)(1)(a); public law 104-121, sec. 251; (110 stat. 868); to the committee on the judiciary. 6240. a letter from the federal register liaison officer, alcohol and tobacco tax and trade bureau, department of the treasury, transmitting the department's interim final rule -- civil monetary penalty inflation adjustment -- alcoholic beverage labeling act [docket no.: ttb-2016-0006; t.d. ttb- 138] (rin: 1513-ac28) received july 14, 2016, pursuant to 5 u.s.c. 801(a)(1)(a); public law 104-121, sec. 251; (110 stat. 868); to the committee on the judiciary. [[page h5029]] 6241. a letter from the general counsel, federal energy regulatory commission, transmitting the commission's interim final rule -- civil monetary penalty inflation adjustments [docket no.: rm16-16-000] (order no.: 826) received july 14, 2016, pursuant to 5 u.s.c. 801(a)(1)(a); public law 104-121, sec. 251; (110 stat. 868); to the committee on the judiciary. 6242. a letter from the deputy director, national legislative division, american legion, transmitting the consolidated financial statements of the american legion as of december 31, 2015 and 2014 along with supplemental data; to the committee on the judiciary. 6243. a letter from the attorney-advisor, u.s. coast guard, department of homeland security, transmitting the department's final rule -- drawbridge operation regulation; norwalk river, norwalk, ct [docket no.: uscg-2014-1057] (rin: 1625-aa09) received july 14, 2016, pursuant to 5 u.s.c. 801(a)(1)(a); public law 104-121, sec. 251; (110 stat. 868); to the committee on transportation and infrastructure. 6244. a letter from the attorney-advisor, u.s. coast guard, department of homeland security, transmitting the department's temporary final rule -- special local regulation; drag boat championship, intracoastal waterway; bucksport, sc [docket no.: uscg-2016-0011] (rin: 1625-aa08) received july 14, 2016, pursuant to 5 u.s.c. 801(a)(1)(a); public law 104-121, sec. 251; (110 stat. 868); to the committee on transportation and infrastructure. 6245. a letter from the attorney-advisor, u.s. coast guard, department of homeland security, transmitting the department's temporary final rule -- security zones; 2016 republican national convention, and associated voluntary first amendment safety zones, lake erie and cuyahoga river, cleveland, oh [docket no.: uscg-2016-0557] (rin: 1625-aa87; 1625-aa00) received july 14, 2016, pursuant to 5 u.s.c. 801(a)(1)(a); public law 104-121, sec. 251; (110 stat. 868); to the committee on transportation and infrastructure. 6246. a letter from the attorney-advisor, u.s. coast guard, department of homeland security, transmitting the department's temporary final rule -- safety zone, pamlico sound; ocracoke, nc [docket no.: uscg-2016-0289] (rin: 1625- aa00) received july 14, 2016, pursuant to 5 u.s.c. 801(a)(1)(a); public law 104-121, sec. 251; (110 stat. 868); to the committee on transportation and infrastructure. 6247. a letter from the attorney-advisor, u.s. coast guard, department of homeland security, transmitting the department's temporary final rule -- safety zones; marine events held in the sector long island sound captain of the port zone [docket no.: uscg-2016-0473] (rin: 1625-aa00) received july 14, 2016, pursuant to 5 u.s.c. 801(a)(1)(a); public law 104-121, sec. 251; (110 stat. 868); to the committee on transportation and infrastructure. 6248. a letter from the attorney-advisor, u.s. coast guard, department of homeland security, transmitting the department's temporary final rule -- safety zone; james river, hampton, va [docket no.: uscg-2016-0084] (rin: 1625- aa00) received july 14, 2016, pursuant to 5 u.s.c. 801(a)(1)(a); public law 104-121, sec. 251; (110 stat. 868); to the committee on transportation and infrastructure. 6249. a letter from the attorney-advisor, u.s. coast guard, department of homeland security, transmitting the department's temporary final rule -- safety zone; bay village independence day celebration; lake erie, bay village, oh [docket no.: uscg-2016-0550] (rin: 1625-aa00) received july 14, 2016, pursuant to 5 u.s.c. 801(a)(1)(a); public law 104- 121, sec. 251; (110 stat. 868); to the committee on transportation and infrastructure. 6250. a letter from the attorney-advisor, u.s. coast guard, department of homeland security, transmitting the department's temporary final rule -- safety zone; confluence of james river and appomattox river, hopewell, va [docket no.: uscg-2016-0331] (rin: 1625-aa00) received july 14, 2016, pursuant to 5 u.s.c. 801(a)(1)(a); public law 104-121, sec. 251; (110 stat. 868); to the committee on transportation and infrastructure. 6251. a letter from the attorney-advisor, u.s. coast guard, department of homeland security, transmitting the department's temporary final rule -- safety zone; detroit river days air show, detroit river, detroit, mi [docket no.: uscg-2016-0460] (rin: 1625-aa00) received july 14, 2016, pursuant to 5 u.s.c. 801(a)(1)(a); public law 104-121, sec. 251; (110 stat. 868); to the committee on transportation and infrastructure. 6252. a letter from the attorney-advisor, u.s. coast guard, department of homeland security, transmitting the department's temporary final rule -- safety zone; pleasure beach bridge, bridgeport, ct [docket no.: uscg-2015-1123] (rin: 1625-aa00) received july 14, 2016, pursuant to 5 u.s.c. 801(a)(1)(a); public law 104-121, sec. 251; (110 stat. 868); to the committee on transportation and infrastructure. 6253. a letter from the attorney-advisor, u.s. coast guard, department of homeland security, transmitting the department's temporary final rule -- safety zones; marine events held in the sector long island sound captain of the port zone [docket no.: uscg-2016-0534] (rin: 1625-aa00) received july 14, 2016, pursuant to 5 u.s.c. 801(a)(1)(a); public law 104-121, sec. 251; (110 stat. 868); to the committee on transportation and infrastructure. 6254. a letter from the attorney-advisor, u.s. coast guard, department of homeland security, transmitting the department's temporary final rule -- special local regulations; marine events held in the sector long island sound captain of the port zone [docket no.: uscg-2016-0559] (rin: 1625-aa08) received july 14, 2016, pursuant to 5 u.s.c. 801(a)(1)(a); public law 104-121, sec. 251; (110 stat. 868); to the committee on transportation and infrastructure. 6255. a letter from the attorney-advisor, u.s. coast guard, department of homeland security, transmitting the department's temporary final rule -- safety zone; allegheny river mile 0-0.5, monongahela river mile 0-0.5, ohio river mile 0-0.5, pittsburgh, pa [docket no.: uscg-2016-0538] (rin: 1625-aa00) received july 14, 2016, pursuant to 5 u.s.c. 801(a)(1)(a); public law 104-121, sec. 251; (110 stat. 868); to the committee on transportation and infrastructure. 6256. a letter from the attorney-advisor, u.s. coast guard, department of homeland security, transmitting the department's temporary final rule -- safety zone; ohio river mile 307.8-308.8 huntington, wv [docket no.: uscg-2016-0279] (rin: 1625-aa00) received july 14, 2016, pursuant to 5 u.s.c. 801(a)(1)(a); public law 104-121, sec. 251; (110 stat. 868); to the committee on transportation and infrastructure. 6257. a letter from the attorney-advisor, u.s. coast guard, department of homeland security, transmitting the department's temporary final rule -- safety zone; ohio river mile 607.5 to 608.6, indiana [docket no.: uscg-2016-0502] (rin: 1625-aa00) received july 14, 2016, pursuant to 5 u.s.c. 801(a)(1)(a); public law 104-121, sec. 251; (110 stat. 868); to the committee on transportation and infrastructure. 6258. a letter from the attorney-advisor, u.s. coast guard, department of homeland security, transmitting the department's temporary final rule -- safety zone; ohio river mile 317-318, ashland, ky [docket no.: uscg-2016-0616] (rin: 1625-aa00) received july 14, 2016, pursuant to 5 u.s.c. 801(a)(1)(a); public law 104-121, sec. 251; (110 stat. 868); to the committee on transportation and infrastructure. 6259. a letter from the attorney-advisor, u.s. coast guard, department of homeland security, transmitting the department's temporary final rule -- safety zone; ohio river mile 42.5 to 43.0, chester, west virginia [docket no.: uscg- 2016-0335] (rin: 1625-aa00) received july 14, 2016, pursuant to 5 u.s.c. 801(a)(1)(a); public law 104-121, sec. 251; (110 stat. 868); to the committee on transportation and infrastructure. 6260. a letter from the attorney-advisor, u.s. coast guard, department of homeland security, transmitting the department's temporary final rule -- safety zone, shallowbag bay; manteo, nc [docket no.: uscg-2016-0131] (rin: 1625-aa00) received july 14, 2016, pursuant to 5 u.s.c. 801(a)(1)(a); public law 104-121, sec. 251; (110 stat. 868); to the committee on transportation and infrastructure. 6261. a letter from the attorney-advisor, u.s. coast guard, department of homeland security, transmitting the department's temporary interim final rule -- safety zone; hudson river, south nyack and tarrytown, ny [docket no.: uscg-2016-0462] (rin: 1625-aa00) received july 14, 2016, pursuant to 5 u.s.c. 801(a)(1)(a); public law 104-121, sec. 251; (110 stat. 868); to the committee on transportation and infrastructure. 6262. a letter from the management and program analyst, faa, department of transportation, transmitting the department's final rule -- airworthiness directives; bombardier, inc. airplanes [docket no.: faa-2015-8431; directorate identifier 2015-nm-128-ad; amendment 39-18517; ad 2016-10-06] (rin: 2120-aa64) received june 30, 2016, pursuant to 5 u.s.c. 801(a)(1)(a); public law 104-121, sec. 251; (110 stat. 868); to the committee on transportation and infrastructure. 6263. a letter from the federal register liaison officer, human exploration and operations, national aeronautics and space administration, transmitting the administration's final rule -- space flight [docket no.: nasa-2015-0010] (rin: 2700- ad98) received july 15, 2016, pursuant to 5 u.s.c. 801(a)(1)(a); public law 104-121, sec. 251; (110 stat. 868); to the committee on science, space, and technology. 6264. a letter from the office program manager, office of regulation policy and management, office of the secretary (00reg), department of veterans affairs, transmitting the department's final rule -- prescriptions in alaska and u.s. territories and possessions (rin: 2900-ap42) received july 15, 2016, pursuant to 5 u.s.c. 801(a)(1)(a); public law 104- 121, sec. 251; (110 stat. 868); to the committee on veterans' affairs. 6265. a letter from the office program manager, office of regulation policy and management, office of the secretary (00reg), department of veterans affairs, transmitting the department's final rule -- hospital care and medical services for camp lejeune veterans (rin: 2900-ap59) received july 15, 2016, pursuant to 5 u.s.c. 801(a)(1)(a); public law 104-121, sec. 251; (110 stat. 868); to the committee on veterans' affairs. 6266. a letter from the federal register liaison officer, alcohol and tobacco tax and trade bureau, department of the treasury, transmitting the department's final rule -- [[page h5030]] importer permit requirements for tobacco products and processed tobacco, and other requirements for tobacco products, processed tobacco and cigarette papers and tubes [docket no.: ttb-2013-0006; t.d. ttb-137; re: t.d. ttb-115; notice no.: 137; t.d. atf-421; t.d. atf-422; atf notice nos.: 887 and 888] (rin: 1513-ab37) received july 14, 2016, pursuant to 5 u.s.c. 801(a)(1)(a); public law 104-121, sec. 251; (110 stat. 868); to the committee on ways and means. 6267. a letter from the chief, publications and regulations branch, internal revenue service, transmitting the service's final and temporary regulations -- requirement to notify the irs of intent to operate as a section 501(c)(4) organization [td 9775] (rin: 1545-bn26) july 15, 2016, pursuant to 5 u.s.c. 801(a)(1)(a); public law 104-121, sec. 251; (110 stat. 868); to the committee on ways and means. 6268. a letter from the chief, publications and regulations branch, internal revenue service, transmitting the service's irb only rule -- requirement to notify the irs of intent to operate as a section 501(c)(4) organization (rev. proc. 2016- 41) received july 15, 2016, pursuant to 5 u.s.c. 801(a)(1)(a); public law 104-121, sec. 251; (110 stat. 868); to the committee on ways and means. 6269. a letter from the chief, publications and regulations branch, internal revenue service, transmitting the service's final regulations -- method of accounting for gains and losses on shares in money market funds; broker returns with respect to sales of shares in money market funds [td 9774] (rin: 1545-bm04) received july 15, 2016, pursuant to 5 u.s.c. 801(a)(1)(a); public law 104-121, sec. 251; (110 stat. 868); to the committee on ways and means. 6270. a letter from the assistant secretary for legislation, department of health and human services, transmitting the report entitled ``fraud and abuse laws regarding gainsharing or similar arrangements between physicians and hospitals'', pursuant to public law 114-10, sec. 512(b); (129 stat. 170); jointly to the committees on energy and commerce and ways and means. 6271. a letter from the assistant secretary for legislation, department of health and human services, transmitting the fiscal years 2013 and 2014 medicare and medicaid integrity programs report, pursuant to 42 u.s.c. 1395ddd(i)(2); aug. 14, 1935, ch. 531, title xviii, sec. 1893 (as amended by public law 111-148, sec. 6402(j)(1)(b)); (124 stat. 762); jointly to the committees on energy and commerce and ways and means. ____________________",34733
CREC-2016-07-21-pt1-PgH5030-2,CREC-2016-07-21,2016-07-21,REPORTED BILL SEQUENTIALLY REFERRED,CREC,HOUSE,H,H,1,https://www.govinfo.gov/app/details/CREC-2016-07-21/CREC-2016-07-21-pt1-PgH5030-2,https://api.govinfo.gov/packages/CREC-2016-07-21/granules/CREC-2016-07-21-pt1-PgH5030-2/htm,https://api.govinfo.gov/packages/CREC-2016-07-21/granules/CREC-2016-07-21-pt1-PgH5030-2/pdf,https://api.govinfo.gov/packages/CREC-2016-07-21/summary,"[Congressional Record Volume 162, Number 118 (Thursday, July 21, 2016)] [House] [Page H5030] From the Congressional Record Online through the Government Publishing Office [ www.gpo.gov ] REPORTED BILL SEQUENTIALLY REFERRED Under clause 2 of rule XII, bills and reports were delivered to the Clerk for printing, and bills referred as follows: Mr. CHAFFETZ: Committee on Oversight and Government Reform. S. 1576. An act to amend title 5, United States Code, to prevent fraud by representative payees; (Rept. 114-695, Pt. 1); referred to the Committee on the Judiciary for a period ending not later than December 31, 2016, for consideration of such provisions of the bill as fall within the jurisdiction of that committee pursuant to clause 1(I) of rule X. ____________________",,"[Congressional Record Volume 162, Number 118 (Thursday, July 21, 2016)] [House] [Page H5030] From the Congressional Record Online through the Government Publishing Office [ www.gpo.gov ] REPORTED BILL SEQUENTIALLY REFERRED Under clause 2 of rule XII, bills and reports were delivered to the Clerk for printing, and bills referred as follows: Mr. CHAFFETZ: Committee on Oversight and Government Reform. S. 1576. An act to amend title 5, United States Code, to prevent fraud by representative payees; (Rept. 114-695, Pt. 1); referred to the Committee on the Judiciary for a period ending not later than December 31, 2016, for consideration of such provisions of the bill as fall within the jurisdiction of that committee pursuant to clause 1(I) of rule X. ____________________",https://api.govinfo.gov/related/CREC-2016-07-21-pt1-PgH5030-2,CREC,Proceedings of Congress and General Congressional Publications,2025-03-07T17:29:49Z,Congressional Record,package_114_303.csv,774,0,774,"[congressional record volume 162, number 118 (thursday, july 21, 2016)] [house] [page h5030] from the congressional record online through the government publishing office [ www.gpo.gov ] reported bill sequentially referred under clause 2 of rule xii, bills and reports were delivered to the clerk for printing, and bills referred as follows: mr. chaffetz: committee on oversight and government reform. s. 1576. an act to amend title 5, united states code, to prevent fraud by representative payees; (rept. 114-695, pt. 1); referred to the committee on the judiciary for a period ending not later than december 31, 2016, for consideration of such provisions of the bill as fall within the jurisdiction of that committee pursuant to clause 1(i) of rule x. ____________________",774
CREC-2016-07-21-pt1-PgH5030-3,CREC-2016-07-21,2016-07-21,PUBLIC BILLS AND RESOLUTIONS,CREC,HOUSE,H,H,1,https://www.govinfo.gov/app/details/CREC-2016-07-21/CREC-2016-07-21-pt1-PgH5030-3,https://api.govinfo.gov/packages/CREC-2016-07-21/granules/CREC-2016-07-21-pt1-PgH5030-3/htm,https://api.govinfo.gov/packages/CREC-2016-07-21/granules/CREC-2016-07-21-pt1-PgH5030-3/pdf,https://api.govinfo.gov/packages/CREC-2016-07-21/summary,"[Congressional Record Volume 162, Number 118 (Thursday, July 21, 2016)] [House] [Page H5030] From the Congressional Record Online through the Government Publishing Office [ www.gpo.gov ] PUBLIC BILLS AND RESOLUTIONS Under clause 2 of rule XII, public bills and resolutions of the following titles were introduced and severally referred, as follows: By Mr. CUMMINGS (for himself, Mr. Chaffetz, Mr. Conyers, Mr. Lynch, and Mr. Jeffries): H.R. 5920. A bill to enhance whistleblower protection for contractor and grantee employees; to the Committee on Oversight and Government Reform, and in addition to the Committee on Armed Services, for a period to be subsequently determined by the Speaker, in each case for consideration of such provisions as fall within the jurisdiction of the committee concerned. By Mr. BUCSHON: H.R. 5921. A bill to amend title XXVII of the Public Health Service Act to change the permissible age variation in health insurance premium rates; to the Committee on Energy and Commerce. By Ms. DUCKWORTH (for herself, Mr. Cummings, and Mr. Carney): H.R. 5922. A bill to provide for the identification and prevention of improper payments and the identification of strategic sourcing opportunities by reviewing and analyzing the use of Federal agency charge cards; to the Committee on Oversight and Government Reform. By Mr. ISRAEL (for himself and Mrs. Capps): H.R. 5923. A bill to amend the Public Health Service Act to authorize the Secretary of Health and Human Services to make grants to eligible entities to train elementary and secondary school nurses on how to respond to a biological or chemical attack or an outbreak of pandemic illness in a school building or on school grounds; to the Committee on Energy and Commerce. By Mr. McCAUL: H.R. 5924. A bill to provide that members of the Armed Forces performing services in the Sinai Peninsula of Egypt shall be entitled to tax benefits in the same manner as if such services were performed in a combat zone; to the Committee on Ways and Means. By Mr. POLIQUIN: H.R. 5925. A bill to amend the Food and Nutrition Act of 2008 to reduce waste, fraud, and abuse in the supplemental nutrition assistance program; to the Committee on Agriculture. By Mr. POLIQUIN: H. Res. 839. Resolution encouraging the people of the United States to observe ``National Lobster Day''; to the Committee on Oversight and Government Reform. ____________________",,"[Congressional Record Volume 162, Number 118 (Thursday, July 21, 2016)] [House] [Page H5030] From the Congressional Record Online through the Government Publishing Office [ www.gpo.gov ] PUBLIC BILLS AND RESOLUTIONS Under clause 2 of rule XII, public bills and resolutions of the following titles were introduced and severally referred, as follows: By Mr. CUMMINGS (for himself, Mr. Chaffetz, Mr. Conyers, Mr. Lynch, and Mr. Jeffries): H.R. 5920. A bill to enhance whistleblower protection for contractor and grantee employees; to the Committee on Oversight and Government Reform, and in addition to the Committee on Armed Services, for a period to be subsequently determined by the Speaker, in each case for consideration of such provisions as fall within the jurisdiction of the committee concerned. By Mr. BUCSHON: H.R. 5921. A bill to amend title XXVII of the Public Health Service Act to change the permissible age variation in health insurance premium rates; to the Committee on Energy and Commerce. By Ms. DUCKWORTH (for herself, Mr. Cummings, and Mr. Carney): H.R. 5922. A bill to provide for the identification and prevention of improper payments and the identification of strategic sourcing opportunities by reviewing and analyzing the use of Federal agency charge cards; to the Committee on Oversight and Government Reform. By Mr. ISRAEL (for himself and Mrs. Capps): H.R. 5923. A bill to amend the Public Health Service Act to authorize the Secretary of Health and Human Services to make grants to eligible entities to train elementary and secondary school nurses on how to respond to a biological or chemical attack or an outbreak of pandemic illness in a school building or on school grounds; to the Committee on Energy and Commerce. By Mr. McCAUL: H.R. 5924. A bill to provide that members of the Armed Forces performing services in the Sinai Peninsula of Egypt shall be entitled to tax benefits in the same manner as if such services were performed in a combat zone; to the Committee on Ways and Means. By Mr. POLIQUIN: H.R. 5925. A bill to amend the Food and Nutrition Act of 2008 to reduce waste, fraud, and abuse in the supplemental nutrition assistance program; to the Committee on Agriculture. By Mr. POLIQUIN: H. Res. 839. Resolution encouraging the people of the United States to observe ``National Lobster Day''; to the Committee on Oversight and Government Reform. ____________________",https://api.govinfo.gov/related/CREC-2016-07-21-pt1-PgH5030-3,CREC,Proceedings of Congress and General Congressional Publications,2025-03-07T17:29:49Z,Congressional Record,package_114_303.csv,2410,0,2410,"[congressional record volume 162, number 118 (thursday, july 21, 2016)] [house] [page h5030] from the congressional record online through the government publishing office [ www.gpo.gov ] public bills and resolutions under clause 2 of rule xii, public bills and resolutions of the following titles were introduced and severally referred, as follows: by mr. cummings (for himself, mr. chaffetz, mr. conyers, mr. lynch, and mr. jeffries): h.r. 5920. a bill to enhance whistleblower protection for contractor and grantee employees; to the committee on oversight and government reform, and in addition to the committee on armed services, for a period to be subsequently determined by the speaker, in each case for consideration of such provisions as fall within the jurisdiction of the committee concerned. by mr. bucshon: h.r. 5921. a bill to amend title xxvii of the public health service act to change the permissible age variation in health insurance premium rates; to the committee on energy and commerce. by ms. duckworth (for herself, mr. cummings, and mr. carney): h.r. 5922. a bill to provide for the identification and prevention of improper payments and the identification of strategic sourcing opportunities by reviewing and analyzing the use of federal agency charge cards; to the committee on oversight and government reform. by mr. israel (for himself and mrs. capps): h.r. 5923. a bill to amend the public health service act to authorize the secretary of health and human services to make grants to eligible entities to train elementary and secondary school nurses on how to respond to a biological or chemical attack or an outbreak of pandemic illness in a school building or on school grounds; to the committee on energy and commerce. by mr. mccaul: h.r. 5924. a bill to provide that members of the armed forces performing services in the sinai peninsula of egypt shall be entitled to tax benefits in the same manner as if such services were performed in a combat zone; to the committee on ways and means. by mr. poliquin: h.r. 5925. a bill to amend the food and nutrition act of 2008 to reduce waste, fraud, and abuse in the supplemental nutrition assistance program; to the committee on agriculture. by mr. poliquin: h. res. 839. resolution encouraging the people of the united states to observe ``national lobster day''; to the committee on oversight and government reform. ____________________",2410
CREC-2016-07-21-pt1-PgH5030-5,CREC-2016-07-21,2016-07-21,Constitutional Authority Statement,CREC,HOUSE,H,H,1,https://www.govinfo.gov/app/details/CREC-2016-07-21/CREC-2016-07-21-pt1-PgH5030-5,https://api.govinfo.gov/packages/CREC-2016-07-21/granules/CREC-2016-07-21-pt1-PgH5030-5/htm,https://api.govinfo.gov/packages/CREC-2016-07-21/granules/CREC-2016-07-21-pt1-PgH5030-5/pdf,https://api.govinfo.gov/packages/CREC-2016-07-21/summary,,,,https://api.govinfo.gov/related/CREC-2016-07-21-pt1-PgH5030-5,CREC,Proceedings of Congress and General Congressional Publications,2025-03-07T17:29:49Z,Congressional Record,package_114_303.csv,0,0,0,,0
CREC-2016-07-21-pt1-PgH5030,CREC-2016-07-21,2016-07-21,REPORTS OF COMMITTEES ON PUBLIC BILLS AND RESOLUTIONS,CREC,HOUSE,H,H,1,https://www.govinfo.gov/app/details/CREC-2016-07-21/CREC-2016-07-21-pt1-PgH5030,https://api.govinfo.gov/packages/CREC-2016-07-21/granules/CREC-2016-07-21-pt1-PgH5030/htm,https://api.govinfo.gov/packages/CREC-2016-07-21/granules/CREC-2016-07-21-pt1-PgH5030/pdf,https://api.govinfo.gov/packages/CREC-2016-07-21/summary,"[Congressional Record Volume 162, Number 118 (Thursday, July 21, 2016)] [House] [Page H5030] From the Congressional Record Online through the Government Publishing Office [ www.gpo.gov ] REPORTS OF COMMITTEES ON PUBLIC BILLS AND RESOLUTIONS Under clause 2 of rule XIII, reports of committees were delivered to the Clerk for printing and reference to the proper calendar, as follows: Mr. BRADY of Texas: Committee on Ways and Means. H.R. 5613. A bill to provide for the extension of the enforcement instruction on supervision requirements for outpatient therapeutic services in critical access and small rural hospitals through 2016; with an amendment (Rept. 114-696, Pt. 1). Ordered to be printed. Mr. HENSARLING: Committee on Financial Services. H.R. 3798. A bill to amend the Securities Exchange Act of 1934 to permit private persons to compel the Securities and Exchange Commission to seek legal or equitable remedies in a civil action, instead of an administrative proceeding, and for other purposes (Rept. 114-697). Referred to the Committee of the Whole House on the state of the Union. Mr. HENSARLING: Committee on Financial Services. H.R. 5424. A bill to amend the Investment Advisers Act of 1940 and to direct the Securities and Exchange Commission to amend its rules to modernize certain requirements relating to investment advisers, and for other purposes; with an amendment (Rept. 114-698). Referred to the Committee of the Whole House on the state of the Union. ____________________",,"[Congressional Record Volume 162, Number 118 (Thursday, July 21, 2016)] [House] [Page H5030] From the Congressional Record Online through the Government Publishing Office [ www.gpo.gov ] REPORTS OF COMMITTEES ON PUBLIC BILLS AND RESOLUTIONS Under clause 2 of rule XIII, reports of committees were delivered to the Clerk for printing and reference to the proper calendar, as follows: Mr. BRADY of Texas: Committee on Ways and Means. H.R. 5613. A bill to provide for the extension of the enforcement instruction on supervision requirements for outpatient therapeutic services in critical access and small rural hospitals through 2016; with an amendment (Rept. 114-696, Pt. 1). Ordered to be printed. Mr. HENSARLING: Committee on Financial Services. H.R. 3798. A bill to amend the Securities Exchange Act of 1934 to permit private persons to compel the Securities and Exchange Commission to seek legal or equitable remedies in a civil action, instead of an administrative proceeding, and for other purposes (Rept. 114-697). Referred to the Committee of the Whole House on the state of the Union. Mr. HENSARLING: Committee on Financial Services. H.R. 5424. A bill to amend the Investment Advisers Act of 1940 and to direct the Securities and Exchange Commission to amend its rules to modernize certain requirements relating to investment advisers, and for other purposes; with an amendment (Rept. 114-698). Referred to the Committee of the Whole House on the state of the Union. ____________________",https://api.govinfo.gov/related/CREC-2016-07-21-pt1-PgH5030,CREC,Proceedings of Congress and General Congressional Publications,2025-03-07T17:29:49Z,Congressional Record,package_114_303.csv,1495,0,1495,"[congressional record volume 162, number 118 (thursday, july 21, 2016)] [house] [page h5030] from the congressional record online through the government publishing office [ www.gpo.gov ] reports of committees on public bills and resolutions under clause 2 of rule xiii, reports of committees were delivered to the clerk for printing and reference to the proper calendar, as follows: mr. brady of texas: committee on ways and means. h.r. 5613. a bill to provide for the extension of the enforcement instruction on supervision requirements for outpatient therapeutic services in critical access and small rural hospitals through 2016; with an amendment (rept. 114-696, pt. 1). ordered to be printed. mr. hensarling: committee on financial services. h.r. 3798. a bill to amend the securities exchange act of 1934 to permit private persons to compel the securities and exchange commission to seek legal or equitable remedies in a civil action, instead of an administrative proceeding, and for other purposes (rept. 114-697). referred to the committee of the whole house on the state of the union. mr. hensarling: committee on financial services. h.r. 5424. a bill to amend the investment advisers act of 1940 and to direct the securities and exchange commission to amend its rules to modernize certain requirements relating to investment advisers, and for other purposes; with an amendment (rept. 114-698). referred to the committee of the whole house on the state of the union. ____________________",1495
CREC-2016-07-21-pt1-PgH5030-6,CREC-2016-07-21,2016-07-21,Constitutional Authority Statement for H.R. 5920,CREC,HOUSE,H,H,1,https://www.govinfo.gov/app/details/CREC-2016-07-21/CREC-2016-07-21-pt1-PgH5030-6,https://api.govinfo.gov/packages/CREC-2016-07-21/granules/CREC-2016-07-21-pt1-PgH5030-6/htm,https://api.govinfo.gov/packages/CREC-2016-07-21/granules/CREC-2016-07-21-pt1-PgH5030-6/pdf,https://api.govinfo.gov/packages/CREC-2016-07-21/summary,"[Congressional Record Volume 162, Number 118 (Thursday, July 21, 2016)] [House] [Page H5030] From the Congressional Record Online through the Government Publishing Office [ www.gpo.gov ] By Mr. CUMMINGS: H.R. 5920. Congress has the power to enact this legislation pursuant to the following: Article I, Section 8 of the Constitution of the United States grants the Congress the power to enact this law.",,"[Congressional Record Volume 162, Number 118 (Thursday, July 21, 2016)] [House] [Page H5030] From the Congressional Record Online through the Government Publishing Office [ www.gpo.gov ] By Mr. CUMMINGS: H.R. 5920. Congress has the power to enact this legislation pursuant to the following: Article I, Section 8 of the Constitution of the United States grants the Congress the power to enact this law.",https://api.govinfo.gov/related/CREC-2016-07-21-pt1-PgH5030-6,CREC,Proceedings of Congress and General Congressional Publications,2025-03-07T17:29:49Z,Congressional Record,package_114_303.csv,401,0,401,"[congressional record volume 162, number 118 (thursday, july 21, 2016)] [house] [page h5030] from the congressional record online through the government publishing office [ www.gpo.gov ] by mr. cummings: h.r. 5920. congress has the power to enact this legislation pursuant to the following: article i, section 8 of the constitution of the united states grants the congress the power to enact this law.",401
CREC-2016-07-21-pt1-PgH5030-7,CREC-2016-07-21,2016-07-21,Constitutional Authority Statement for H.R. 5921,CREC,HOUSE,H,H,1,https://www.govinfo.gov/app/details/CREC-2016-07-21/CREC-2016-07-21-pt1-PgH5030-7,https://api.govinfo.gov/packages/CREC-2016-07-21/granules/CREC-2016-07-21-pt1-PgH5030-7/htm,https://api.govinfo.gov/packages/CREC-2016-07-21/granules/CREC-2016-07-21-pt1-PgH5030-7/pdf,https://api.govinfo.gov/packages/CREC-2016-07-21/summary,,,,https://api.govinfo.gov/related/CREC-2016-07-21-pt1-PgH5030-7,CREC,Proceedings of Congress and General Congressional Publications,2025-03-07T17:29:49Z,Congressional Record,package_114_303.csv,0,0,0,,0
CREC-2016-07-21-pt1-PgH5030-8,CREC-2016-07-21,2016-07-21,Constitutional Authority Statement for H.R. 5922,CREC,HOUSE,H,H,1,https://www.govinfo.gov/app/details/CREC-2016-07-21/CREC-2016-07-21-pt1-PgH5030-8,https://api.govinfo.gov/packages/CREC-2016-07-21/granules/CREC-2016-07-21-pt1-PgH5030-8/htm,https://api.govinfo.gov/packages/CREC-2016-07-21/granules/CREC-2016-07-21-pt1-PgH5030-8/pdf,https://api.govinfo.gov/packages/CREC-2016-07-21/summary,,,,https://api.govinfo.gov/related/CREC-2016-07-21-pt1-PgH5030-8,CREC,Proceedings of Congress and General Congressional Publications,2025-03-07T17:29:49Z,Congressional Record,package_114_303.csv,0,0,0,,0
CREC-2016-07-21-pt1-PgH5030-4,CREC-2016-07-21,2016-07-21,MEMORIALS,CREC,HOUSE,H,H,1,https://www.govinfo.gov/app/details/CREC-2016-07-21/CREC-2016-07-21-pt1-PgH5030-4,https://api.govinfo.gov/packages/CREC-2016-07-21/granules/CREC-2016-07-21-pt1-PgH5030-4/htm,https://api.govinfo.gov/packages/CREC-2016-07-21/granules/CREC-2016-07-21-pt1-PgH5030-4/pdf,https://api.govinfo.gov/packages/CREC-2016-07-21/summary,,,,https://api.govinfo.gov/related/CREC-2016-07-21-pt1-PgH5030-4,CREC,Proceedings of Congress and General Congressional Publications,2025-03-07T17:29:49Z,Congressional Record,package_114_303.csv,0,0,0,,0
CREC-2016-07-21-pt1-PgH5030-10,CREC-2016-07-21,2016-07-21,Constitutional Authority Statement for H.R. 5924,CREC,HOUSE,H,H,1,https://www.govinfo.gov/app/details/CREC-2016-07-21/CREC-2016-07-21-pt1-PgH5030-10,https://api.govinfo.gov/packages/CREC-2016-07-21/granules/CREC-2016-07-21-pt1-PgH5030-10/htm,https://api.govinfo.gov/packages/CREC-2016-07-21/granules/CREC-2016-07-21-pt1-PgH5030-10/pdf,https://api.govinfo.gov/packages/CREC-2016-07-21/summary,"[Congressional Record Volume 162, Number 118 (Thursday, July 21, 2016)] [House] [Page H5030] From the Congressional Record Online through the Government Publishing Office [ www.gpo.gov ] By Mr. McCAUL: H.R. 5924. Congress has the power to enact this legislation pursuant to the following: Article I, Section 8, Clause 1: The Congress shall have Power To lay and collect Taxes; and Clause 14: To make Rules for the Government and Regulation of the land and naval Forces.",,"[Congressional Record Volume 162, Number 118 (Thursday, July 21, 2016)] [House] [Page H5030] From the Congressional Record Online through the Government Publishing Office [ www.gpo.gov ] By Mr. McCAUL: H.R. 5924. Congress has the power to enact this legislation pursuant to the following: Article I, Section 8, Clause 1: The Congress shall have Power To lay and collect Taxes; and Clause 14: To make Rules for the Government and Regulation of the land and naval Forces.",https://api.govinfo.gov/related/CREC-2016-07-21-pt1-PgH5030-10,CREC,Proceedings of Congress and General Congressional Publications,2025-03-07T17:29:49Z,Congressional Record,package_114_303.csv,469,0,469,"[congressional record volume 162, number 118 (thursday, july 21, 2016)] [house] [page h5030] from the congressional record online through the government publishing office [ www.gpo.gov ] by mr. mccaul: h.r. 5924. congress has the power to enact this legislation pursuant to the following: article i, section 8, clause 1: the congress shall have power to lay and collect taxes; and clause 14: to make rules for the government and regulation of the land and naval forces.",469
CREC-2016-07-21-pt1-PgH5030-11,CREC-2016-07-21,2016-07-21,Constitutional Authority Statement for H.R. 5925,CREC,HOUSE,H,H,1,https://www.govinfo.gov/app/details/CREC-2016-07-21/CREC-2016-07-21-pt1-PgH5030-11,https://api.govinfo.gov/packages/CREC-2016-07-21/granules/CREC-2016-07-21-pt1-PgH5030-11/htm,https://api.govinfo.gov/packages/CREC-2016-07-21/granules/CREC-2016-07-21-pt1-PgH5030-11/pdf,https://api.govinfo.gov/packages/CREC-2016-07-21/summary,"[Congressional Record Volume 162, Number 118 (Thursday, July 21, 2016)] [House] [Pages H5030-H5031] From the Congressional Record Online through the Government Publishing Office [ www.gpo.gov ] By Mr. POLIQUIN: H.R. 5925. Congress has the power to enact this legislation pursuant to the following: Article I, Section 8. [[Page H5031]] ____________________",,"[Congressional Record Volume 162, Number 118 (Thursday, July 21, 2016)] [House] [Pages H5030-H5031] From the Congressional Record Online through the Government Publishing Office [ www.gpo.gov ] By Mr. POLIQUIN: H.R. 5925. Congress has the power to enact this legislation pursuant to the following: Article I, Section 8. [[Page H5031]] ____________________",https://api.govinfo.gov/related/CREC-2016-07-21-pt1-PgH5030-11,CREC,Proceedings of Congress and General Congressional Publications,2025-03-07T17:29:49Z,Congressional Record,package_114_303.csv,355,0,355,"[congressional record volume 162, number 118 (thursday, july 21, 2016)] [house] [pages h5030-h5031] from the congressional record online through the government publishing office [ www.gpo.gov ] by mr. poliquin: h.r. 5925. congress has the power to enact this legislation pursuant to the following: article i, section 8. [[page h5031]] ____________________",355
CREC-2016-07-21-pt1-PgH5031-2,CREC-2016-07-21,2016-07-21,"PETITIONS, ETC.",CREC,HOUSE,H,H,1,https://www.govinfo.gov/app/details/CREC-2016-07-21/CREC-2016-07-21-pt1-PgH5031-2,https://api.govinfo.gov/packages/CREC-2016-07-21/granules/CREC-2016-07-21-pt1-PgH5031-2/htm,https://api.govinfo.gov/packages/CREC-2016-07-21/granules/CREC-2016-07-21-pt1-PgH5031-2/pdf,https://api.govinfo.gov/packages/CREC-2016-07-21/summary,"[Congressional Record Volume 162, Number 118 (Thursday, July 21, 2016)] [House] [Page H5031] From the Congressional Record Online through the Government Publishing Office [ www.gpo.gov ] PETITIONS, ETC. Under clause 3 of rule XII, 77. The SPEAKER presented a petition of New Jersey State Federation of Women's Clubs of GFWC, New Jersey, relative to Resolution urging legislators to take action to ensure that Social Security benefits remain intact as defined and to ensure solvency of the Social Security system; which was referred to the Committee on Ways and Means.",,"[Congressional Record Volume 162, Number 118 (Thursday, July 21, 2016)] [House] [Page H5031] From the Congressional Record Online through the Government Publishing Office [ www.gpo.gov ] PETITIONS, ETC. Under clause 3 of rule XII, 77. The SPEAKER presented a petition of New Jersey State Federation of Women's Clubs of GFWC, New Jersey, relative to Resolution urging legislators to take action to ensure that Social Security benefits remain intact as defined and to ensure solvency of the Social Security system; which was referred to the Committee on Ways and Means.",https://api.govinfo.gov/related/CREC-2016-07-21-pt1-PgH5031-2,CREC,Proceedings of Congress and General Congressional Publications,2025-03-07T17:29:49Z,Congressional Record,package_114_303.csv,567,0,567,"[congressional record volume 162, number 118 (thursday, july 21, 2016)] [house] [page h5031] from the congressional record online through the government publishing office [ www.gpo.gov ] petitions, etc. under clause 3 of rule xii, 77. the speaker presented a petition of new jersey state federation of women's clubs of gfwc, new jersey, relative to resolution urging legislators to take action to ensure that social security benefits remain intact as defined and to ensure solvency of the social security system; which was referred to the committee on ways and means.",567
CREC-2016-07-21-pt1-PgH5031,CREC-2016-07-21,2016-07-21,ADDITIONAL SPONSORS,CREC,HOUSE,H,H,1,https://www.govinfo.gov/app/details/CREC-2016-07-21/CREC-2016-07-21-pt1-PgH5031,https://api.govinfo.gov/packages/CREC-2016-07-21/granules/CREC-2016-07-21-pt1-PgH5031/htm,https://api.govinfo.gov/packages/CREC-2016-07-21/granules/CREC-2016-07-21-pt1-PgH5031/pdf,https://api.govinfo.gov/packages/CREC-2016-07-21/summary,"[Congressional Record Volume 162, Number 118 (Thursday, July 21, 2016)] [House] [Page H5031] From the Congressional Record Online through the Government Publishing Office [ www.gpo.gov ] ADDITIONAL SPONSORS Under clause 7 of rule XII, sponsors were added to public bills and resolutions, as follows: H.R. 303: Mr. Loebsack. H.R. 556: Mr. Ted Lieu of California. H.R. 592: Mr. Smith of Missouri. H.R. 711: Mr. Connolly. H.R. 921: Ms. Maxine Waters of California and Ms. Pingree. H.R. 1283: Mr. McDermott. H.R. 1427: Mr. Walden H.R. 1449: Mr. Gutierrez. H.R. 1552: Mr. Jeffries and Mr. Takano. H.R. 1632: Mr. Aguilar. H.R. 2016: Mr. Clay and Mr. Takano. H.R. 2050: Mr. Byrne. H.R. 2114: Mr. Hastings and Mr. Capuano. H.R. 2368: Mr. Gallego and Mr. Cohen. H.R. 2680: Ms. DeLauro. H.R. 2737: Mr. DeSantis, Mr. McNerney, Mr. Lipinski, Mr. Keating, Mr. Gibson, Mr. Mullin, Mr. Labrador, Mr. Mooney of West Virginia, Mrs. Roby, Mr. Thompson of Pennsylvania, Mr. Clawson of Florida, Mr. Dold, Mrs. Love, Mr. Higgins, and Mr. Deutch. H.R. 3110: Mr. Murphy of Florida. H.R. 3229: Mr. Culberson and Mr. Latta. H.R. 3316: Mr. Takano and Mr. Connolly. H.R. 3406: Mr. Nadler, Mr. Brady of Pennsylvania, Mr. Payne, Mr. McDermott, and Mr. Ted Lieu of California. H.R. 3411: Ms. Linda T. Sanchez of California. H.R. 3514: Mr. David Scott of Georgia. H.R. 3805: Mrs. Comstock. H.R. 3816: Mr. Brooks of Alabama. H.R. 3882: Ms. Schakowsky, Ms. Maxine Waters of California, Mr. Langevin, Ms. Speier, and Ms. Slaughter. H.R. 3886: Mr. Connolly and Mr. Ryan of Ohio. H.R. 4031: Mr. Brooks of Alabama. H.R. 4048: Mr. Brooks of Alabama. H.R. 4055: Mr. Schiff. H.R. 4089: Mr. Brooks of Alabama. H.R. 4367: Mr. Mullin. H.R. 4368: Mr. Mullin. H.R. 4481: Mr. Pascrell. H.R. 4514: Ms. Jenkins of Kansas and Mr. Stewart. H.R. 4756: Mr. DeFazio. H.R. 4809: Mr. Polis. H.R. 4927: Ms. Slaughter, Mr. Ryan of Ohio, Mrs. Napolitano, and Mr. Aguilar. H.R. 5094: Mr. Costello of Pennsylvania. H.R. 5205: Mr. Grijalva. H.R. 5436: Ms. Slaughter. H.R. 5482: Ms. Kaptur. H.R. 5512: Mr. Ellison. H.R. 5578: Mr. Brendan F. Boyle of Pennsylvania. H.R. 5628: Mr. Welch and Mr. Harper. H.R. 5671: Mr. Ellison. H.R. 5685: Mr. Denham, Mrs. Kirkpatrick, and Mr. Thompson of Pennsylvania. H.R. 5692: Ms. Wasserman Schultz. H.R. 5693: Ms. Wasserman Schultz. H.R. 5697: Mr. Burgess and Mr. Collins of New York. H.R. 5725: Mr. Tiberi. H.R. 5746: Ms. Velazquez. H.R. 5770: Mr. Wenstrup. H.R. 5809: Mr. Graves of Louisiana and Mrs. Hartzler. H.R. 5819: Ms. Bonamici. H.R. 5866: Mr. Keating. H.J. Res. 22: Mr. Clay. H.J. Res. 51: Mr. Ted Lieu of California. H. Con. Res. 51: Ms. Slaughter. H. Con. Res. 122: Mr. Aguilar. H. Con. Res. 146: Mr. Flores and Mr. Lamborn. H. Res. 154: Mr. Yarmuth. H. Res. 810: Mr. Keating. ____________________",,"[Congressional Record Volume 162, Number 118 (Thursday, July 21, 2016)] [House] [Page H5031] From the Congressional Record Online through the Government Publishing Office [ www.gpo.gov ] ADDITIONAL SPONSORS Under clause 7 of rule XII, sponsors were added to public bills and resolutions, as follows: H.R. 303: Mr. Loebsack. H.R. 556: Mr. Ted Lieu of California. H.R. 592: Mr. Smith of Missouri. H.R. 711: Mr. Connolly. H.R. 921: Ms. Maxine Waters of California and Ms. Pingree. H.R. 1283: Mr. McDermott. H.R. 1427: Mr. Walden H.R. 1449: Mr. Gutierrez. H.R. 1552: Mr. Jeffries and Mr. Takano. H.R. 1632: Mr. Aguilar. H.R. 2016: Mr. Clay and Mr. Takano. H.R. 2050: Mr. Byrne. H.R. 2114: Mr. Hastings and Mr. Capuano. H.R. 2368: Mr. Gallego and Mr. Cohen. H.R. 2680: Ms. DeLauro. H.R. 2737: Mr. DeSantis, Mr. McNerney, Mr. Lipinski, Mr. Keating, Mr. Gibson, Mr. Mullin, Mr. Labrador, Mr. Mooney of West Virginia, Mrs. Roby, Mr. Thompson of Pennsylvania, Mr. Clawson of Florida, Mr. Dold, Mrs. Love, Mr. Higgins, and Mr. Deutch. H.R. 3110: Mr. Murphy of Florida. H.R. 3229: Mr. Culberson and Mr. Latta. H.R. 3316: Mr. Takano and Mr. Connolly. H.R. 3406: Mr. Nadler, Mr. Brady of Pennsylvania, Mr. Payne, Mr. McDermott, and Mr. Ted Lieu of California. H.R. 3411: Ms. Linda T. Sanchez of California. H.R. 3514: Mr. David Scott of Georgia. H.R. 3805: Mrs. Comstock. H.R. 3816: Mr. Brooks of Alabama. H.R. 3882: Ms. Schakowsky, Ms. Maxine Waters of California, Mr. Langevin, Ms. Speier, and Ms. Slaughter. H.R. 3886: Mr. Connolly and Mr. Ryan of Ohio. H.R. 4031: Mr. Brooks of Alabama. H.R. 4048: Mr. Brooks of Alabama. H.R. 4055: Mr. Schiff. H.R. 4089: Mr. Brooks of Alabama. H.R. 4367: Mr. Mullin. H.R. 4368: Mr. Mullin. H.R. 4481: Mr. Pascrell. H.R. 4514: Ms. Jenkins of Kansas and Mr. Stewart. H.R. 4756: Mr. DeFazio. H.R. 4809: Mr. Polis. H.R. 4927: Ms. Slaughter, Mr. Ryan of Ohio, Mrs. Napolitano, and Mr. Aguilar. H.R. 5094: Mr. Costello of Pennsylvania. H.R. 5205: Mr. Grijalva. H.R. 5436: Ms. Slaughter. H.R. 5482: Ms. Kaptur. H.R. 5512: Mr. Ellison. H.R. 5578: Mr. Brendan F. Boyle of Pennsylvania. H.R. 5628: Mr. Welch and Mr. Harper. H.R. 5671: Mr. Ellison. H.R. 5685: Mr. Denham, Mrs. Kirkpatrick, and Mr. Thompson of Pennsylvania. H.R. 5692: Ms. Wasserman Schultz. H.R. 5693: Ms. Wasserman Schultz. H.R. 5697: Mr. Burgess and Mr. Collins of New York. H.R. 5725: Mr. Tiberi. H.R. 5746: Ms. Velazquez. H.R. 5770: Mr. Wenstrup. H.R. 5809: Mr. Graves of Louisiana and Mrs. Hartzler. H.R. 5819: Ms. Bonamici. H.R. 5866: Mr. Keating. H.J. Res. 22: Mr. Clay. H.J. Res. 51: Mr. Ted Lieu of California. H. Con. Res. 51: Ms. Slaughter. H. Con. Res. 122: Mr. Aguilar. H. Con. Res. 146: Mr. Flores and Mr. Lamborn. H. Res. 154: Mr. Yarmuth. H. Res. 810: Mr. Keating. ____________________",https://api.govinfo.gov/related/CREC-2016-07-21-pt1-PgH5031,CREC,Proceedings of Congress and General Congressional Publications,2025-03-07T17:29:49Z,Congressional Record,package_114_303.csv,2782,0,2782,"[congressional record volume 162, number 118 (thursday, july 21, 2016)] [house] [page h5031] from the congressional record online through the government publishing office [ www.gpo.gov ] additional sponsors under clause 7 of rule xii, sponsors were added to public bills and resolutions, as follows: h.r. 303: mr. loebsack. h.r. 556: mr. ted lieu of california. h.r. 592: mr. smith of missouri. h.r. 711: mr. connolly. h.r. 921: ms. maxine waters of california and ms. pingree. h.r. 1283: mr. mcdermott. h.r. 1427: mr. walden h.r. 1449: mr. gutierrez. h.r. 1552: mr. jeffries and mr. takano. h.r. 1632: mr. aguilar. h.r. 2016: mr. clay and mr. takano. h.r. 2050: mr. byrne. h.r. 2114: mr. hastings and mr. capuano. h.r. 2368: mr. gallego and mr. cohen. h.r. 2680: ms. delauro. h.r. 2737: mr. desantis, mr. mcnerney, mr. lipinski, mr. keating, mr. gibson, mr. mullin, mr. labrador, mr. mooney of west virginia, mrs. roby, mr. thompson of pennsylvania, mr. clawson of florida, mr. dold, mrs. love, mr. higgins, and mr. deutch. h.r. 3110: mr. murphy of florida. h.r. 3229: mr. culberson and mr. latta. h.r. 3316: mr. takano and mr. connolly. h.r. 3406: mr. nadler, mr. brady of pennsylvania, mr. payne, mr. mcdermott, and mr. ted lieu of california. h.r. 3411: ms. linda t. sanchez of california. h.r. 3514: mr. david scott of georgia. h.r. 3805: mrs. comstock. h.r. 3816: mr. brooks of alabama. h.r. 3882: ms. schakowsky, ms. maxine waters of california, mr. langevin, ms. speier, and ms. slaughter. h.r. 3886: mr. connolly and mr. ryan of ohio. h.r. 4031: mr. brooks of alabama. h.r. 4048: mr. brooks of alabama. h.r. 4055: mr. schiff. h.r. 4089: mr. brooks of alabama. h.r. 4367: mr. mullin. h.r. 4368: mr. mullin. h.r. 4481: mr. pascrell. h.r. 4514: ms. jenkins of kansas and mr. stewart. h.r. 4756: mr. defazio. h.r. 4809: mr. polis. h.r. 4927: ms. slaughter, mr. ryan of ohio, mrs. napolitano, and mr. aguilar. h.r. 5094: mr. costello of pennsylvania. h.r. 5205: mr. grijalva. h.r. 5436: ms. slaughter. h.r. 5482: ms. kaptur. h.r. 5512: mr. ellison. h.r. 5578: mr. brendan f. boyle of pennsylvania. h.r. 5628: mr. welch and mr. harper. h.r. 5671: mr. ellison. h.r. 5685: mr. denham, mrs. kirkpatrick, and mr. thompson of pennsylvania. h.r. 5692: ms. wasserman schultz. h.r. 5693: ms. wasserman schultz. h.r. 5697: mr. burgess and mr. collins of new york. h.r. 5725: mr. tiberi. h.r. 5746: ms. velazquez. h.r. 5770: mr. wenstrup. h.r. 5809: mr. graves of louisiana and mrs. hartzler. h.r. 5819: ms. bonamici. h.r. 5866: mr. keating. h.j. res. 22: mr. clay. h.j. res. 51: mr. ted lieu of california. h. con. res. 51: ms. slaughter. h. con. res. 122: mr. aguilar. h. con. res. 146: mr. flores and mr. lamborn. h. res. 154: mr. yarmuth. h. res. 810: mr. keating. ____________________",2782
CREC-2016-07-21-pt1-PgH5030-9,CREC-2016-07-21,2016-07-21,Constitutional Authority Statement for H.R. 5923,CREC,HOUSE,H,H,1,https://www.govinfo.gov/app/details/CREC-2016-07-21/CREC-2016-07-21-pt1-PgH5030-9,https://api.govinfo.gov/packages/CREC-2016-07-21/granules/CREC-2016-07-21-pt1-PgH5030-9/htm,https://api.govinfo.gov/packages/CREC-2016-07-21/granules/CREC-2016-07-21-pt1-PgH5030-9/pdf,https://api.govinfo.gov/packages/CREC-2016-07-21/summary,"[Congressional Record Volume 162, Number 118 (Thursday, July 21, 2016)] [House] [Page H5030] From the Congressional Record Online through the Government Publishing Office [ www.gpo.gov ] By Mr. ISRAEL: H.R. 5923. Congress has the power to enact this legislation pursuant to the following: Article I, Section 8, Clause 3 of the United States Constitution",,"[Congressional Record Volume 162, Number 118 (Thursday, July 21, 2016)] [House] [Page H5030] From the Congressional Record Online through the Government Publishing Office [ www.gpo.gov ] By Mr. ISRAEL: H.R. 5923. Congress has the power to enact this legislation pursuant to the following: Article I, Section 8, Clause 3 of the United States Constitution",https://api.govinfo.gov/related/CREC-2016-07-21-pt1-PgH5030-9,CREC,Proceedings of Congress and General Congressional Publications,2025-03-07T17:29:49Z,Congressional Record,package_114_303.csv,353,0,353,"[congressional record volume 162, number 118 (thursday, july 21, 2016)] [house] [page h5030] from the congressional record online through the government publishing office [ www.gpo.gov ] by mr. israel: h.r. 5923. congress has the power to enact this legislation pursuant to the following: article i, section 8, clause 3 of the united states constitution",353
CREC-2016-07-21-pt1-PgE1157-3,CREC-2016-07-21,2016-07-21,HONORING RECIPIENTS OF THE 2016 THIRD DISTRICT EXCELLENCE IN ECONOMIC DEVELOPMENT AWARD,CREC,EXTENSIONS,E,E,1,https://www.govinfo.gov/app/details/CREC-2016-07-21/CREC-2016-07-21-pt1-PgE1157-3,https://api.govinfo.gov/packages/CREC-2016-07-21/granules/CREC-2016-07-21-pt1-PgE1157-3/htm,https://api.govinfo.gov/packages/CREC-2016-07-21/granules/CREC-2016-07-21-pt1-PgE1157-3/pdf,https://api.govinfo.gov/packages/CREC-2016-07-21/summary,"[Congressional Record Volume 162, Number 118 (Thursday, July 21, 2016)] [Extensions of Remarks] [Page E1157] From the Congressional Record Online through the Government Publishing Office [ www.gpo.gov ] HONORING RECIPIENTS OF THE 2016 THIRD DISTRICT EXCELLENCE IN ECONOMIC DEVELOPMENT AWARD ______ HON. ADRIAN SMITH of nebraska in the house of representatives Thursday, July 21, 2016 Mr. SMITH of Nebraska. Mr. Speaker, today I honor eight individuals and businesses from Nebraska receiving the 2016 Third District Excellence in Economic Development Award. Throughout the 75 counties of the Third District, entrepreneurs and innovators are working hard to grow opportunity in our state. In May, I called for nominations for individuals, businesses, and organizations which have helped strengthen their communities. All of the nominees have shown they are striving to ensure a strong economic future for Nebraskans. Aulick Industries in Scottsbluff, owned by the Aulick family for three generations, employs approximately 100 people in welding, fabrication, tire installation, laundry, auto body tech, decal design, and administration. The company is also involved in Scottsbluff Public Schools' Every Child, Every Day, Everywhere initiative with a goal of introducing students to opportunities in manufacturing and technology careers in the region. Brent Comstock of Auburn has owned BCom Solutions since middle school. His technology business has grown to include computer repairs, IT management, software development, and web design. Brent headquartered BCom Solutions in a previously vacant storefront in Auburn and encourages his staff to give back to the community through nonprofit and community board involvement. He donates thousands of dollars in design and digital marketing services to nonprofits and offers free workshops and consultations for businesses. Brent also provides internships to Peru State College. Bruning Grocery's commitment to hard work, small-town values, and providing exceptional service and quality products has made the store a cornerstone of Bruning, a community of approximately 280 people. Its competitive prices draw many customers from surrounding towns, encouraging more Nebraskans to shop local. Owned by the Philippi family for more than 40 years, Bruning Grocery serves as a leading food supplier for local events and a major contributor to the vibrancy of Bruning's Main Street. Chais Meyer of Kearney co-owns 24 Hour Tees, an innovative shirt shop known for its responsiveness to local customers while selling products across the country and around the world. Chais is an advocate for e-commerce as a way to grow rural economies. He is also a member of Kearney's Downtown Improvement Board to help advance the future of retail and the community. Jody Augustyn is the owner of Shanti Yoga by Jody Augustyn, ERYT, based in Loup City and Kearney. In her five years in business, Jody has become known by many as a committed and passionate teacher. In addition to leading her own classes, she also certifies new instructors. Landmark Snacks, founded in April 2016 by Nebraska natives Chad and Courtney Lottman, is a jerky and meat snacks production facility in Beatrice employing 50 people. In 1994, at the age of 19, the Lottmans started out as grocery store owners and have grown their business to also include C&C Processing in Diller. Landmark Snacks surpassed its three-year growth plan in a matter of months. Pacha Soap, headquartered in Hastings, is owned by Hastings College graduates Andrew and Abi Vrbas. Founded in 2012, Pacha Soap employs 16 people in the Hastings area and sells handcrafted products throughout the country. For every bar of soap purchased, they give a bar to someone in need. The company also sets up small soap shops in developing nations to encourage entrepreneurship while supporting WASH (Water, Sanitation, and Hygiene) efforts through education and donation. Sand Creek Post & Beam in Wayne is the leading manufacturer of custom-designed wood barn and barn home kits. This family-owned company employs about 50 Nebraskans and has served thousands of customers in 48 states, helping them design their dream barns. Sand Creek's production plant was destroyed by an EF4 tornado in October 2013, but owners Jule Goeller and Len Dickinson never wavered in their commitment to rebuild. The company operated out of temporary quarters until its grand reopening in summer 2014. I am proud to recognize these award winners today, and I thank them for their many contributions to Nebraska. ____________________",,"[Congressional Record Volume 162, Number 118 (Thursday, July 21, 2016)] [Extensions of Remarks] [Page E1157] From the Congressional Record Online through the Government Publishing Office [ www.gpo.gov ] HONORING RECIPIENTS OF THE 2016 THIRD DISTRICT EXCELLENCE IN ECONOMIC DEVELOPMENT AWARD ______ HON. ADRIAN SMITH of nebraska in the house of representatives Thursday, July 21, 2016 Mr. SMITH of Nebraska. Mr. Speaker, today I honor eight individuals and businesses from Nebraska receiving the 2016 Third District Excellence in Economic Development Award. Throughout the 75 counties of the Third District, entrepreneurs and innovators are working hard to grow opportunity in our state. In May, I called for nominations for individuals, businesses, and organizations which have helped strengthen their communities. All of the nominees have shown they are striving to ensure a strong economic future for Nebraskans. Aulick Industries in Scottsbluff, owned by the Aulick family for three generations, employs approximately 100 people in welding, fabrication, tire installation, laundry, auto body tech, decal design, and administration. The company is also involved in Scottsbluff Public Schools' Every Child, Every Day, Everywhere initiative with a goal of introducing students to opportunities in manufacturing and technology careers in the region. Brent Comstock of Auburn has owned BCom Solutions since middle school. His technology business has grown to include computer repairs, IT management, software development, and web design. Brent headquartered BCom Solutions in a previously vacant storefront in Auburn and encourages his staff to give back to the community through nonprofit and community board involvement. He donates thousands of dollars in design and digital marketing services to nonprofits and offers free workshops and consultations for businesses. Brent also provides internships to Peru State College. Bruning Grocery's commitment to hard work, small-town values, and providing exceptional service and quality products has made the store a cornerstone of Bruning, a community of approximately 280 people. Its competitive prices draw many customers from surrounding towns, encouraging more Nebraskans to shop local. Owned by the Philippi family for more than 40 years, Bruning Grocery serves as a leading food supplier for local events and a major contributor to the vibrancy of Bruning's Main Street. Chais Meyer of Kearney co-owns 24 Hour Tees, an innovative shirt shop known for its responsiveness to local customers while selling products across the country and around the world. Chais is an advocate for e-commerce as a way to grow rural economies. He is also a member of Kearney's Downtown Improvement Board to help advance the future of retail and the community. Jody Augustyn is the owner of Shanti Yoga by Jody Augustyn, ERYT, based in Loup City and Kearney. In her five years in business, Jody has become known by many as a committed and passionate teacher. In addition to leading her own classes, she also certifies new instructors. Landmark Snacks, founded in April 2016 by Nebraska natives Chad and Courtney Lottman, is a jerky and meat snacks production facility in Beatrice employing 50 people. In 1994, at the age of 19, the Lottmans started out as grocery store owners and have grown their business to also include C&C Processing in Diller. Landmark Snacks surpassed its three-year growth plan in a matter of months. Pacha Soap, headquartered in Hastings, is owned by Hastings College graduates Andrew and Abi Vrbas. Founded in 2012, Pacha Soap employs 16 people in the Hastings area and sells handcrafted products throughout the country. For every bar of soap purchased, they give a bar to someone in need. The company also sets up small soap shops in developing nations to encourage entrepreneurship while supporting WASH (Water, Sanitation, and Hygiene) efforts through education and donation. Sand Creek Post & Beam in Wayne is the leading manufacturer of custom-designed wood barn and barn home kits. This family-owned company employs about 50 Nebraskans and has served thousands of customers in 48 states, helping them design their dream barns. Sand Creek's production plant was destroyed by an EF4 tornado in October 2013, but owners Jule Goeller and Len Dickinson never wavered in their commitment to rebuild. The company operated out of temporary quarters until its grand reopening in summer 2014. I am proud to recognize these award winners today, and I thank them for their many contributions to Nebraska. ____________________",https://api.govinfo.gov/related/CREC-2016-07-21-pt1-PgE1157-3,CREC,Proceedings of Congress and General Congressional Publications,2025-03-07T17:29:49Z,Congressional Record,package_114_303.csv,4574,0,4574,"[congressional record volume 162, number 118 (thursday, july 21, 2016)] [extensions of remarks] [page e1157] from the congressional record online through the government publishing office [ www.gpo.gov ] honoring recipients of the 2016 third district excellence in economic development award ______ hon. adrian smith of nebraska in the house of representatives thursday, july 21, 2016 mr. smith of nebraska. mr. speaker, today i honor eight individuals and businesses from nebraska receiving the 2016 third district excellence in economic development award. throughout the 75 counties of the third district, entrepreneurs and innovators are working hard to grow opportunity in our state. in may, i called for nominations for individuals, businesses, and organizations which have helped strengthen their communities. all of the nominees have shown they are striving to ensure a strong economic future for nebraskans. aulick industries in scottsbluff, owned by the aulick family for three generations, employs approximately 100 people in welding, fabrication, tire installation, laundry, auto body tech, decal design, and administration. the company is also involved in scottsbluff public schools' every child, every day, everywhere initiative with a goal of introducing students to opportunities in manufacturing and technology careers in the region. brent comstock of auburn has owned bcom solutions since middle school. his technology business has grown to include computer repairs, it management, software development, and web design. brent headquartered bcom solutions in a previously vacant storefront in auburn and encourages his staff to give back to the community through nonprofit and community board involvement. he donates thousands of dollars in design and digital marketing services to nonprofits and offers free workshops and consultations for businesses. brent also provides internships to peru state college. bruning grocery's commitment to hard work, small-town values, and providing exceptional service and quality products has made the store a cornerstone of bruning, a community of approximately 280 people. its competitive prices draw many customers from surrounding towns, encouraging more nebraskans to shop local. owned by the philippi family for more than 40 years, bruning grocery serves as a leading food supplier for local events and a major contributor to the vibrancy of bruning's main street. chais meyer of kearney co-owns 24 hour tees, an innovative shirt shop known for its responsiveness to local customers while selling products across the country and around the world. chais is an advocate for e-commerce as a way to grow rural economies. he is also a member of kearney's downtown improvement board to help advance the future of retail and the community. jody augustyn is the owner of shanti yoga by jody augustyn, eryt, based in loup city and kearney. in her five years in business, jody has become known by many as a committed and passionate teacher. in addition to leading her own classes, she also certifies new instructors. landmark snacks, founded in april 2016 by nebraska natives chad and courtney lottman, is a jerky and meat snacks production facility in beatrice employing 50 people. in 1994, at the age of 19, the lottmans started out as grocery store owners and have grown their business to also include c&c processing in diller. landmark snacks surpassed its three-year growth plan in a matter of months. pacha soap, headquartered in hastings, is owned by hastings college graduates andrew and abi vrbas. founded in 2012, pacha soap employs 16 people in the hastings area and sells handcrafted products throughout the country. for every bar of soap purchased, they give a bar to someone in need. the company also sets up small soap shops in developing nations to encourage entrepreneurship while supporting wash (water, sanitation, and hygiene) efforts through education and donation. sand creek post & beam in wayne is the leading manufacturer of custom-designed wood barn and barn home kits. this family-owned company employs about 50 nebraskans and has served thousands of customers in 48 states, helping them design their dream barns. sand creek's production plant was destroyed by an ef4 tornado in october 2013, but owners jule goeller and len dickinson never wavered in their commitment to rebuild. the company operated out of temporary quarters until its grand reopening in summer 2014. i am proud to recognize these award winners today, and i thank them for their many contributions to nebraska. ____________________",4574
CREC-2016-07-21-pt1-PgE1157-4,CREC-2016-07-21,2016-07-21,IN RECOGNITION OF COMMAND SERGEANT MAJOR RUSSELL de LEON,CREC,EXTENSIONS,E,E,1,https://www.govinfo.gov/app/details/CREC-2016-07-21/CREC-2016-07-21-pt1-PgE1157-4,https://api.govinfo.gov/packages/CREC-2016-07-21/granules/CREC-2016-07-21-pt1-PgE1157-4/htm,https://api.govinfo.gov/packages/CREC-2016-07-21/granules/CREC-2016-07-21-pt1-PgE1157-4/pdf,https://api.govinfo.gov/packages/CREC-2016-07-21/summary,"[Congressional Record Volume 162, Number 118 (Thursday, July 21, 2016)] [Extensions of Remarks] [Pages E1157-E1158] From the Congressional Record Online through the Government Publishing Office [ www.gpo.gov ] IN RECOGNITION OF COMMAND SERGEANT MAJOR RUSSELL de LEON ______ HON. FILEMON VELA of texas in the house of representatives Thursday, July 21, 2016 Mr. VELA. Mr. Speaker, I rise today to recognize Russell de Leon. After 30 years of proudly serving in the United States Army, de Leon will be retiring at the end of July as a Command Sergeant Major, the highest rank attainable for enlisted soldiers in the U.S. Army. CSM de Leon has been stationed around the nation and the globe, and served with great distinction in Operation Iraqi Freedom and in Operation Enduring Freedom. Since graduating from San Benito High School in 1986, de Leon has made South [[Page E1158]] Texas proud. CSM de Leon's work on his final tour--where he was assigned to the Space and Missile Defense Command in Colorado--helped provide critical services to the President, the Department of Defense, and a host of government agencies. De Leon has earned numerous military decorations, including the Legion of Merit Medal, the Defense Meritorious Service Medal, the Joint Service Commendation Medal, and countless other awards and recognitions. His work and record speak for themselves, and I extend to him my sincerest gratitude for his service. Mr. Speaker, I thank you for the opportunity to honor CSM Russell de Leon for his three decades of military service to this nation. I join my colleagues in Congress in wishing him, his wife Eufemia, and their daughter Amanda, the best in the future. ____________________",,"[Congressional Record Volume 162, Number 118 (Thursday, July 21, 2016)] [Extensions of Remarks] [Pages E1157-E1158] From the Congressional Record Online through the Government Publishing Office [ www.gpo.gov ] IN RECOGNITION OF COMMAND SERGEANT MAJOR RUSSELL de LEON ______ HON. FILEMON VELA of texas in the house of representatives Thursday, July 21, 2016 Mr. VELA. Mr. Speaker, I rise today to recognize Russell de Leon. After 30 years of proudly serving in the United States Army, de Leon will be retiring at the end of July as a Command Sergeant Major, the highest rank attainable for enlisted soldiers in the U.S. Army. CSM de Leon has been stationed around the nation and the globe, and served with great distinction in Operation Iraqi Freedom and in Operation Enduring Freedom. Since graduating from San Benito High School in 1986, de Leon has made South [[Page E1158]] Texas proud. CSM de Leon's work on his final tour--where he was assigned to the Space and Missile Defense Command in Colorado--helped provide critical services to the President, the Department of Defense, and a host of government agencies. De Leon has earned numerous military decorations, including the Legion of Merit Medal, the Defense Meritorious Service Medal, the Joint Service Commendation Medal, and countless other awards and recognitions. His work and record speak for themselves, and I extend to him my sincerest gratitude for his service. Mr. Speaker, I thank you for the opportunity to honor CSM Russell de Leon for his three decades of military service to this nation. I join my colleagues in Congress in wishing him, his wife Eufemia, and their daughter Amanda, the best in the future. ____________________",https://api.govinfo.gov/related/CREC-2016-07-21-pt1-PgE1157-4,CREC,Proceedings of Congress and General Congressional Publications,2025-03-07T17:29:49Z,Congressional Record,package_114_303.csv,1698,0,1698,"[congressional record volume 162, number 118 (thursday, july 21, 2016)] [extensions of remarks] [pages e1157-e1158] from the congressional record online through the government publishing office [ www.gpo.gov ] in recognition of command sergeant major russell de leon ______ hon. filemon vela of texas in the house of representatives thursday, july 21, 2016 mr. vela. mr. speaker, i rise today to recognize russell de leon. after 30 years of proudly serving in the united states army, de leon will be retiring at the end of july as a command sergeant major, the highest rank attainable for enlisted soldiers in the u.s. army. csm de leon has been stationed around the nation and the globe, and served with great distinction in operation iraqi freedom and in operation enduring freedom. since graduating from san benito high school in 1986, de leon has made south [[page e1158]] texas proud. csm de leon's work on his final tour--where he was assigned to the space and missile defense command in colorado--helped provide critical services to the president, the department of defense, and a host of government agencies. de leon has earned numerous military decorations, including the legion of merit medal, the defense meritorious service medal, the joint service commendation medal, and countless other awards and recognitions. his work and record speak for themselves, and i extend to him my sincerest gratitude for his service. mr. speaker, i thank you for the opportunity to honor csm russell de leon for his three decades of military service to this nation. i join my colleagues in congress in wishing him, his wife eufemia, and their daughter amanda, the best in the future. ____________________",1698
CREC-2016-07-21-pt1-PgE1158-2,CREC-2016-07-21,2016-07-21,REMEMBERING THE LIFE OF BILL HOLMES,CREC,EXTENSIONS,E,E,1,https://www.govinfo.gov/app/details/CREC-2016-07-21/CREC-2016-07-21-pt1-PgE1158-2,https://api.govinfo.gov/packages/CREC-2016-07-21/granules/CREC-2016-07-21-pt1-PgE1158-2/htm,https://api.govinfo.gov/packages/CREC-2016-07-21/granules/CREC-2016-07-21-pt1-PgE1158-2/pdf,https://api.govinfo.gov/packages/CREC-2016-07-21/summary,,,,https://api.govinfo.gov/related/CREC-2016-07-21-pt1-PgE1158-2,CREC,Proceedings of Congress and General Congressional Publications,2025-03-07T17:29:49Z,Congressional Record,package_114_303.csv,0,0,0,,0
CREC-2016-07-21-pt1-PgE1158,CREC-2016-07-21,2016-07-21,RECOGNIZING PHIL MEMBRERE FOR HIS DEDICATION TO HIS NEIGHBORS IN NEED AND THE FISH FOOD BANKS OF PIERCE COUNTY,CREC,EXTENSIONS,E,E,1,https://www.govinfo.gov/app/details/CREC-2016-07-21/CREC-2016-07-21-pt1-PgE1158,https://api.govinfo.gov/packages/CREC-2016-07-21/granules/CREC-2016-07-21-pt1-PgE1158/htm,https://api.govinfo.gov/packages/CREC-2016-07-21/granules/CREC-2016-07-21-pt1-PgE1158/pdf,https://api.govinfo.gov/packages/CREC-2016-07-21/summary,"[Congressional Record Volume 162, Number 118 (Thursday, July 21, 2016)] [Extensions of Remarks] [Page E1158] From the Congressional Record Online through the Government Publishing Office [ www.gpo.gov ] RECOGNIZING PHIL MEMBRERE FOR HIS DEDICATION TO HIS NEIGHBORS IN NEED AND THE FISH FOOD BANKS OF PIERCE COUNTY ______ HON. DEREK KILMER of washington in the house of representatives Thursday, July 21, 2016 Mr. KILMER. Mr. Speaker, I rise today to recognize Phil Membrere, who will ``retire'' this year after 14 years as a dedicated volunteer for the FISH Food Banks of Pierce County in Tacoma, WA. Phil is widely recognized at FISH Food Banks as one of the most committed volunteers that the organization has ever seen. Phil Membrere began serving at FISH Food Banks in 2002 after a serious auto accident forced him to retire from his career as a union truck driver. He used his skills in logistics and transportation to assist FISH with the pick-up and processing of locally donated food and quickly became instrumental to the success of the daily operations. After years of being counted on by FISH Administrative Staff, Phil spent the last few years helping to lead this organization on day-to- day operations and helping to streamline other administrative processes. His service has been especially impactful at the Southeast Tacoma FISH Food Bank, where he has helped facilitate numerous large donations from the Puyallup Tribe of Indians. Mr. Speaker, for the past fourteen years, Phil Membrere has been a loyal, full-time volunteer at FISH Food Banks of Pierce County. He has treated his neighbors in need with the compassion, dignity, and respect that they deserve. Phil has taken pride in this role, reporting to his post five days a week and undoubtedly inspiring others to serve their community. The countless local families that he assisted are all stronger, healthier, and have a brighter future because of his service. The contributions of Phil and his fellow volunteers embody the values that make our community and our country a great place to live. Mr. Speaker, I am pleased to join the leadership and staff at FISH Food Banks of Pierce County, Phil's friends and family, and the greater Tacoma-Pierce County Community in expressing my gratitude today in the United States Congress for Phil Membrere's 14 years of volunteer service. As the proud Representative of Washington's 6th Congressional District in the House of Representatives, I offer my best wishes for a happy ``second'' retirement and wish Phil an early happy 70th birthday. ____________________",,"[Congressional Record Volume 162, Number 118 (Thursday, July 21, 2016)] [Extensions of Remarks] [Page E1158] From the Congressional Record Online through the Government Publishing Office [ www.gpo.gov ] RECOGNIZING PHIL MEMBRERE FOR HIS DEDICATION TO HIS NEIGHBORS IN NEED AND THE FISH FOOD BANKS OF PIERCE COUNTY ______ HON. DEREK KILMER of washington in the house of representatives Thursday, July 21, 2016 Mr. KILMER. Mr. Speaker, I rise today to recognize Phil Membrere, who will ``retire'' this year after 14 years as a dedicated volunteer for the FISH Food Banks of Pierce County in Tacoma, WA. Phil is widely recognized at FISH Food Banks as one of the most committed volunteers that the organization has ever seen. Phil Membrere began serving at FISH Food Banks in 2002 after a serious auto accident forced him to retire from his career as a union truck driver. He used his skills in logistics and transportation to assist FISH with the pick-up and processing of locally donated food and quickly became instrumental to the success of the daily operations. After years of being counted on by FISH Administrative Staff, Phil spent the last few years helping to lead this organization on day-to- day operations and helping to streamline other administrative processes. His service has been especially impactful at the Southeast Tacoma FISH Food Bank, where he has helped facilitate numerous large donations from the Puyallup Tribe of Indians. Mr. Speaker, for the past fourteen years, Phil Membrere has been a loyal, full-time volunteer at FISH Food Banks of Pierce County. He has treated his neighbors in need with the compassion, dignity, and respect that they deserve. Phil has taken pride in this role, reporting to his post five days a week and undoubtedly inspiring others to serve their community. The countless local families that he assisted are all stronger, healthier, and have a brighter future because of his service. The contributions of Phil and his fellow volunteers embody the values that make our community and our country a great place to live. Mr. Speaker, I am pleased to join the leadership and staff at FISH Food Banks of Pierce County, Phil's friends and family, and the greater Tacoma-Pierce County Community in expressing my gratitude today in the United States Congress for Phil Membrere's 14 years of volunteer service. As the proud Representative of Washington's 6th Congressional District in the House of Representatives, I offer my best wishes for a happy ``second'' retirement and wish Phil an early happy 70th birthday. ____________________",https://api.govinfo.gov/related/CREC-2016-07-21-pt1-PgE1158,CREC,Proceedings of Congress and General Congressional Publications,2025-03-07T17:29:49Z,Congressional Record,package_114_303.csv,2578,0,2578,"[congressional record volume 162, number 118 (thursday, july 21, 2016)] [extensions of remarks] [page e1158] from the congressional record online through the government publishing office [ www.gpo.gov ] recognizing phil membrere for his dedication to his neighbors in need and the fish food banks of pierce county ______ hon. derek kilmer of washington in the house of representatives thursday, july 21, 2016 mr. kilmer. mr. speaker, i rise today to recognize phil membrere, who will ``retire'' this year after 14 years as a dedicated volunteer for the fish food banks of pierce county in tacoma, wa. phil is widely recognized at fish food banks as one of the most committed volunteers that the organization has ever seen. phil membrere began serving at fish food banks in 2002 after a serious auto accident forced him to retire from his career as a union truck driver. he used his skills in logistics and transportation to assist fish with the pick-up and processing of locally donated food and quickly became instrumental to the success of the daily operations. after years of being counted on by fish administrative staff, phil spent the last few years helping to lead this organization on day-to- day operations and helping to streamline other administrative processes. his service has been especially impactful at the southeast tacoma fish food bank, where he has helped facilitate numerous large donations from the puyallup tribe of indians. mr. speaker, for the past fourteen years, phil membrere has been a loyal, full-time volunteer at fish food banks of pierce county. he has treated his neighbors in need with the compassion, dignity, and respect that they deserve. phil has taken pride in this role, reporting to his post five days a week and undoubtedly inspiring others to serve their community. the countless local families that he assisted are all stronger, healthier, and have a brighter future because of his service. the contributions of phil and his fellow volunteers embody the values that make our community and our country a great place to live. mr. speaker, i am pleased to join the leadership and staff at fish food banks of pierce county, phil's friends and family, and the greater tacoma-pierce county community in expressing my gratitude today in the united states congress for phil membrere's 14 years of volunteer service. as the proud representative of washington's 6th congressional district in the house of representatives, i offer my best wishes for a happy ``second'' retirement and wish phil an early happy 70th birthday. ____________________",2578
CREC-2016-07-21-pt1-PgE1158-4,CREC-2016-07-21,2016-07-21,HONORING MS. ROBIN GONZALES,CREC,EXTENSIONS,E,E,1,https://www.govinfo.gov/app/details/CREC-2016-07-21/CREC-2016-07-21-pt1-PgE1158-4,https://api.govinfo.gov/packages/CREC-2016-07-21/granules/CREC-2016-07-21-pt1-PgE1158-4/htm,https://api.govinfo.gov/packages/CREC-2016-07-21/granules/CREC-2016-07-21-pt1-PgE1158-4/pdf,https://api.govinfo.gov/packages/CREC-2016-07-21/summary,"[Congressional Record Volume 162, Number 118 (Thursday, July 21, 2016)] [Extensions of Remarks] [Pages E1158-E1159] From the Congressional Record Online through the Government Publishing Office [ www.gpo.gov ] HONORING MS. ROBIN GONZALES ______ HON. MIKE THOMPSON of california in the house of representatives Thursday, July 21, 2016 Mr. THOMPSON of California. Mr. Speaker, I rise today to recognize and honor Robin Gonzales, who is retiring after 34 years of service to her community with the Martinez Police Department and the Contra Costa County Sheriff's Office. Ms. Gonzales began her career in law enforcement as a Cadet with the Martinez Police Department in 1982. She joined the Contra Costa Sheriff's Department as a Dispatcher the following year, before returning to the Martinez Police Department in 1985, where she continued working as a Dispatcher. Ms. Gonzales eventually became a Police Assistant specializing in Evidence and Training, and is known for her professionalism and commitment to serving our community. Over the course of her career, Ms. Gonzales has maintained strong connections with law enforcement organizations. She has been a member of the International Association of Identification for 30 years, and previously served as the President of the Law Enforcement Association of Property Management. To advance her investigative work, Ms. Gonzales became the first certified Crime Scene Investigator in California. Even with her busy work schedule, Ms. Gonzales finds time to teach classes at Diablo Valley College to encourage girls to study physical sciences. [[Page E1159]] Mr. Speaker, Robin Gonzales has served her community with admirable professionalism and dedication for over three decades. It is fitting and proper that we honor her here today and extend our best wishes for an enjoyable retirement. ____________________",,"[Congressional Record Volume 162, Number 118 (Thursday, July 21, 2016)] [Extensions of Remarks] [Pages E1158-E1159] From the Congressional Record Online through the Government Publishing Office [ www.gpo.gov ] HONORING MS. ROBIN GONZALES ______ HON. MIKE THOMPSON of california in the house of representatives Thursday, July 21, 2016 Mr. THOMPSON of California. Mr. Speaker, I rise today to recognize and honor Robin Gonzales, who is retiring after 34 years of service to her community with the Martinez Police Department and the Contra Costa County Sheriff's Office. Ms. Gonzales began her career in law enforcement as a Cadet with the Martinez Police Department in 1982. She joined the Contra Costa Sheriff's Department as a Dispatcher the following year, before returning to the Martinez Police Department in 1985, where she continued working as a Dispatcher. Ms. Gonzales eventually became a Police Assistant specializing in Evidence and Training, and is known for her professionalism and commitment to serving our community. Over the course of her career, Ms. Gonzales has maintained strong connections with law enforcement organizations. She has been a member of the International Association of Identification for 30 years, and previously served as the President of the Law Enforcement Association of Property Management. To advance her investigative work, Ms. Gonzales became the first certified Crime Scene Investigator in California. Even with her busy work schedule, Ms. Gonzales finds time to teach classes at Diablo Valley College to encourage girls to study physical sciences. [[Page E1159]] Mr. Speaker, Robin Gonzales has served her community with admirable professionalism and dedication for over three decades. It is fitting and proper that we honor her here today and extend our best wishes for an enjoyable retirement. ____________________",https://api.govinfo.gov/related/CREC-2016-07-21-pt1-PgE1158-4,CREC,Proceedings of Congress and General Congressional Publications,2025-03-07T17:29:49Z,Congressional Record,package_114_303.csv,1859,0,1859,"[congressional record volume 162, number 118 (thursday, july 21, 2016)] [extensions of remarks] [pages e1158-e1159] from the congressional record online through the government publishing office [ www.gpo.gov ] honoring ms. robin gonzales ______ hon. mike thompson of california in the house of representatives thursday, july 21, 2016 mr. thompson of california. mr. speaker, i rise today to recognize and honor robin gonzales, who is retiring after 34 years of service to her community with the martinez police department and the contra costa county sheriff's office. ms. gonzales began her career in law enforcement as a cadet with the martinez police department in 1982. she joined the contra costa sheriff's department as a dispatcher the following year, before returning to the martinez police department in 1985, where she continued working as a dispatcher. ms. gonzales eventually became a police assistant specializing in evidence and training, and is known for her professionalism and commitment to serving our community. over the course of her career, ms. gonzales has maintained strong connections with law enforcement organizations. she has been a member of the international association of identification for 30 years, and previously served as the president of the law enforcement association of property management. to advance her investigative work, ms. gonzales became the first certified crime scene investigator in california. even with her busy work schedule, ms. gonzales finds time to teach classes at diablo valley college to encourage girls to study physical sciences. [[page e1159]] mr. speaker, robin gonzales has served her community with admirable professionalism and dedication for over three decades. it is fitting and proper that we honor her here today and extend our best wishes for an enjoyable retirement. ____________________",1859
CREC-2016-07-21-pt1-PgE1157-2,CREC-2016-07-21,2016-07-21,HONORING MAJOR GENERAL ROBERT D. REGO,CREC,EXTENSIONS,E,E,1,https://www.govinfo.gov/app/details/CREC-2016-07-21/CREC-2016-07-21-pt1-PgE1157-2,https://api.govinfo.gov/packages/CREC-2016-07-21/granules/CREC-2016-07-21-pt1-PgE1157-2/htm,https://api.govinfo.gov/packages/CREC-2016-07-21/granules/CREC-2016-07-21-pt1-PgE1157-2/pdf,https://api.govinfo.gov/packages/CREC-2016-07-21/summary,"[Congressional Record Volume 162, Number 118 (Thursday, July 21, 2016)] [Extensions of Remarks] [Page E1157] From the Congressional Record Online through the Government Publishing Office [ www.gpo.gov ] HONORING MAJOR GENERAL ROBERT D. REGO ______ HON. DOUG LAMBORN of colorado in the house of representatives Thursday, July 21, 2016 Mr. LAMBORN. Mr. Speaker, I rise today to honor the service of Major General Robert D. Rego on the occasion of his retirement from the United States Air Force following a distinguished 31 year career. A devoted husband and family man, Major General Rego has been an outstanding servant to the United States of America. The son of a World War II veteran, General Rego began his Air Force service in 1985 as a graduate of the ROTC program at UCLA. His first assignment landed him at Grand Forks AFB as an ICBM officer in the 321st Strategic Missile Wing. During his time at Grand Forks, General Rego ascended to the position of Flight Commander while he and his wife, Tricia, welcomed their first two sons, Jarred and Ethan. Following his missile service, General Rego transferred into the space field with a posting as a Space Warning Officer at Cheyenne Mountain AFS in my district in Colorado Springs. During his nearly eight years at Cheyenne Mountain, General Rego welcomed his third and final son, Clayton, and he transitioned into the Reserves, working at local defense contractor Trident Data Systems. During these eight years, General Rego completed important assignments in the United Kingdom, Japan, and Italy. Indeed, the mission in Italy and international events worked to return General Rego to full-time active duty service in 1999. Following a term at the Air Command and Staff College at Maxwell AFB, General Rego returned to Colorado Springs as the Chief of the Space Control Mission Team at Air Force Space Command Headquarters at Peterson AFB. During this assignment, General Rego was deployed forward as an Airborne Mission Commander during Operations Enduring Freedom and Iraqi Freedom. His outstanding efforts saved lives and earned him a Bronze Star. Following a term at the prestigious Naval War College in Newport, Rhode Island, General Rego returned to Air Force Space Command for nearly 10 more years that saw him promoted to Brigadier General and Major General before a move to Barksdale AFB to serve as the Vice Commander for Global Strike Command. General Rego's final post has been serving as the Mobilization Assistant to the Commander of U.S. Strategic Command at Offutt AFB. Throughout his extraordinary career, General Rego has been a consummate officer, always dedicating time to improving and mentoring his military peers and being willing to place the needs of his country over his own personal desires or comforts. It is my privilege to honor this outstanding man who rose from very humble beginnings to achieve greatness. The United States Air Force, and indeed, the whole nation, has been immeasurably improved by the life and service of Major General Robert D. Rego. ____________________",,"[Congressional Record Volume 162, Number 118 (Thursday, July 21, 2016)] [Extensions of Remarks] [Page E1157] From the Congressional Record Online through the Government Publishing Office [ www.gpo.gov ] HONORING MAJOR GENERAL ROBERT D. REGO ______ HON. DOUG LAMBORN of colorado in the house of representatives Thursday, July 21, 2016 Mr. LAMBORN. Mr. Speaker, I rise today to honor the service of Major General Robert D. Rego on the occasion of his retirement from the United States Air Force following a distinguished 31 year career. A devoted husband and family man, Major General Rego has been an outstanding servant to the United States of America. The son of a World War II veteran, General Rego began his Air Force service in 1985 as a graduate of the ROTC program at UCLA. His first assignment landed him at Grand Forks AFB as an ICBM officer in the 321st Strategic Missile Wing. During his time at Grand Forks, General Rego ascended to the position of Flight Commander while he and his wife, Tricia, welcomed their first two sons, Jarred and Ethan. Following his missile service, General Rego transferred into the space field with a posting as a Space Warning Officer at Cheyenne Mountain AFS in my district in Colorado Springs. During his nearly eight years at Cheyenne Mountain, General Rego welcomed his third and final son, Clayton, and he transitioned into the Reserves, working at local defense contractor Trident Data Systems. During these eight years, General Rego completed important assignments in the United Kingdom, Japan, and Italy. Indeed, the mission in Italy and international events worked to return General Rego to full-time active duty service in 1999. Following a term at the Air Command and Staff College at Maxwell AFB, General Rego returned to Colorado Springs as the Chief of the Space Control Mission Team at Air Force Space Command Headquarters at Peterson AFB. During this assignment, General Rego was deployed forward as an Airborne Mission Commander during Operations Enduring Freedom and Iraqi Freedom. His outstanding efforts saved lives and earned him a Bronze Star. Following a term at the prestigious Naval War College in Newport, Rhode Island, General Rego returned to Air Force Space Command for nearly 10 more years that saw him promoted to Brigadier General and Major General before a move to Barksdale AFB to serve as the Vice Commander for Global Strike Command. General Rego's final post has been serving as the Mobilization Assistant to the Commander of U.S. Strategic Command at Offutt AFB. Throughout his extraordinary career, General Rego has been a consummate officer, always dedicating time to improving and mentoring his military peers and being willing to place the needs of his country over his own personal desires or comforts. It is my privilege to honor this outstanding man who rose from very humble beginnings to achieve greatness. The United States Air Force, and indeed, the whole nation, has been immeasurably improved by the life and service of Major General Robert D. Rego. ____________________",https://api.govinfo.gov/related/CREC-2016-07-21-pt1-PgE1157-2,CREC,Proceedings of Congress and General Congressional Publications,2025-03-07T17:29:49Z,Congressional Record,package_114_303.csv,3062,0,3062,"[congressional record volume 162, number 118 (thursday, july 21, 2016)] [extensions of remarks] [page e1157] from the congressional record online through the government publishing office [ www.gpo.gov ] honoring major general robert d. rego ______ hon. doug lamborn of colorado in the house of representatives thursday, july 21, 2016 mr. lamborn. mr. speaker, i rise today to honor the service of major general robert d. rego on the occasion of his retirement from the united states air force following a distinguished 31 year career. a devoted husband and family man, major general rego has been an outstanding servant to the united states of america. the son of a world war ii veteran, general rego began his air force service in 1985 as a graduate of the rotc program at ucla. his first assignment landed him at grand forks afb as an icbm officer in the 321st strategic missile wing. during his time at grand forks, general rego ascended to the position of flight commander while he and his wife, tricia, welcomed their first two sons, jarred and ethan. following his missile service, general rego transferred into the space field with a posting as a space warning officer at cheyenne mountain afs in my district in colorado springs. during his nearly eight years at cheyenne mountain, general rego welcomed his third and final son, clayton, and he transitioned into the reserves, working at local defense contractor trident data systems. during these eight years, general rego completed important assignments in the united kingdom, japan, and italy. indeed, the mission in italy and international events worked to return general rego to full-time active duty service in 1999. following a term at the air command and staff college at maxwell afb, general rego returned to colorado springs as the chief of the space control mission team at air force space command headquarters at peterson afb. during this assignment, general rego was deployed forward as an airborne mission commander during operations enduring freedom and iraqi freedom. his outstanding efforts saved lives and earned him a bronze star. following a term at the prestigious naval war college in newport, rhode island, general rego returned to air force space command for nearly 10 more years that saw him promoted to brigadier general and major general before a move to barksdale afb to serve as the vice commander for global strike command. general rego's final post has been serving as the mobilization assistant to the commander of u.s. strategic command at offutt afb. throughout his extraordinary career, general rego has been a consummate officer, always dedicating time to improving and mentoring his military peers and being willing to place the needs of his country over his own personal desires or comforts. it is my privilege to honor this outstanding man who rose from very humble beginnings to achieve greatness. the united states air force, and indeed, the whole nation, has been immeasurably improved by the life and service of major general robert d. rego. ____________________",3062
CREC-2016-07-21-pt1-PgE1158-3,CREC-2016-07-21,2016-07-21,HONORING MATHILDE FREUND,CREC,EXTENSIONS,E,E,1,https://www.govinfo.gov/app/details/CREC-2016-07-21/CREC-2016-07-21-pt1-PgE1158-3,https://api.govinfo.gov/packages/CREC-2016-07-21/granules/CREC-2016-07-21-pt1-PgE1158-3/htm,https://api.govinfo.gov/packages/CREC-2016-07-21/granules/CREC-2016-07-21-pt1-PgE1158-3/pdf,https://api.govinfo.gov/packages/CREC-2016-07-21/summary,"[Congressional Record Volume 162, Number 118 (Thursday, July 21, 2016)] [Extensions of Remarks] [Page E1158] From the Congressional Record Online through the Government Publishing Office [ www.gpo.gov ] HONORING MATHILDE FREUND ______ HON. JERROLD NADLER of new york in the house of representatives Thursday, July 21, 2016 Mr. NADLER. Mr. Speaker, I rise today to honor Mathilde Freund on her 100th birthday. Mathilde Freund was born in Vienna, Austria in 1916. She married her husband in 1937. Within a few months, Hitler's army entered Vienna, Austria and by August of 1938, Mathilde, her husband, her parents, and all her able bodied relatives quickly fled to Paris, France where they again had to suddenly flee, this time to Lyon, France. Once there, the men in her family all volunteered to fight with the French army in Northern Africa. By 1943 they were back in Lyon, where her husband was eventually captured and deported to Buchenwald where he died days before liberation. Her only brother, Alfred, was taken hostage on August 18, 1944 in Lyon, and then shot along with more than 100 other men at the Lyon Airport less than a week later. In 1952, Mathilde came to New York with her mother and daughter where she settled on the Upper West Side. Embracing New York, and her new life in the United States, Mathilde earned several degrees and worked for many years as a medical social worker at the Beth Israel Cancer Detection Center and later at the French Hospital until it closed in 1977, when she retired. She lost her own daughter to breast cancer a little over 10 years ago, but is very blessed to have an extremely loving grandson and five great grandchildren. Mathilde has never forgotten those difficult years between 1938 to 1945, somehow surviving in the forest and stables surrounding Lyon, and she is dedicated to telling her story to grade school and university students in New York City. She continues to live life to the fullest as she takes classes at Fordham University, and she loves to go to the theater, museums and concerts. Mathilde has been a vendor at the Upper West Side Green Flea (now known as Grand Bazaar NY) market since it was opened to non-PTA vendors more than 30 years ago. Grand Bazaar NY is run by the PTA of four on- site schools which benefit directly from the revenue. In recognition of her long running service, this Upper West Side market will name Sunday, July 31, 2016 in her honor. Mathilde Freund will turn 100 years old on August 15, 2016, and I wish her a very happy birthday. ____________________",,"[Congressional Record Volume 162, Number 118 (Thursday, July 21, 2016)] [Extensions of Remarks] [Page E1158] From the Congressional Record Online through the Government Publishing Office [ www.gpo.gov ] HONORING MATHILDE FREUND ______ HON. JERROLD NADLER of new york in the house of representatives Thursday, July 21, 2016 Mr. NADLER. Mr. Speaker, I rise today to honor Mathilde Freund on her 100th birthday. Mathilde Freund was born in Vienna, Austria in 1916. She married her husband in 1937. Within a few months, Hitler's army entered Vienna, Austria and by August of 1938, Mathilde, her husband, her parents, and all her able bodied relatives quickly fled to Paris, France where they again had to suddenly flee, this time to Lyon, France. Once there, the men in her family all volunteered to fight with the French army in Northern Africa. By 1943 they were back in Lyon, where her husband was eventually captured and deported to Buchenwald where he died days before liberation. Her only brother, Alfred, was taken hostage on August 18, 1944 in Lyon, and then shot along with more than 100 other men at the Lyon Airport less than a week later. In 1952, Mathilde came to New York with her mother and daughter where she settled on the Upper West Side. Embracing New York, and her new life in the United States, Mathilde earned several degrees and worked for many years as a medical social worker at the Beth Israel Cancer Detection Center and later at the French Hospital until it closed in 1977, when she retired. She lost her own daughter to breast cancer a little over 10 years ago, but is very blessed to have an extremely loving grandson and five great grandchildren. Mathilde has never forgotten those difficult years between 1938 to 1945, somehow surviving in the forest and stables surrounding Lyon, and she is dedicated to telling her story to grade school and university students in New York City. She continues to live life to the fullest as she takes classes at Fordham University, and she loves to go to the theater, museums and concerts. Mathilde has been a vendor at the Upper West Side Green Flea (now known as Grand Bazaar NY) market since it was opened to non-PTA vendors more than 30 years ago. Grand Bazaar NY is run by the PTA of four on- site schools which benefit directly from the revenue. In recognition of her long running service, this Upper West Side market will name Sunday, July 31, 2016 in her honor. Mathilde Freund will turn 100 years old on August 15, 2016, and I wish her a very happy birthday. ____________________",https://api.govinfo.gov/related/CREC-2016-07-21-pt1-PgE1158-3,CREC,Proceedings of Congress and General Congressional Publications,2025-03-07T17:29:49Z,Congressional Record,package_114_303.csv,2551,0,2551,"[congressional record volume 162, number 118 (thursday, july 21, 2016)] [extensions of remarks] [page e1158] from the congressional record online through the government publishing office [ www.gpo.gov ] honoring mathilde freund ______ hon. jerrold nadler of new york in the house of representatives thursday, july 21, 2016 mr. nadler. mr. speaker, i rise today to honor mathilde freund on her 100th birthday. mathilde freund was born in vienna, austria in 1916. she married her husband in 1937. within a few months, hitler's army entered vienna, austria and by august of 1938, mathilde, her husband, her parents, and all her able bodied relatives quickly fled to paris, france where they again had to suddenly flee, this time to lyon, france. once there, the men in her family all volunteered to fight with the french army in northern africa. by 1943 they were back in lyon, where her husband was eventually captured and deported to buchenwald where he died days before liberation. her only brother, alfred, was taken hostage on august 18, 1944 in lyon, and then shot along with more than 100 other men at the lyon airport less than a week later. in 1952, mathilde came to new york with her mother and daughter where she settled on the upper west side. embracing new york, and her new life in the united states, mathilde earned several degrees and worked for many years as a medical social worker at the beth israel cancer detection center and later at the french hospital until it closed in 1977, when she retired. she lost her own daughter to breast cancer a little over 10 years ago, but is very blessed to have an extremely loving grandson and five great grandchildren. mathilde has never forgotten those difficult years between 1938 to 1945, somehow surviving in the forest and stables surrounding lyon, and she is dedicated to telling her story to grade school and university students in new york city. she continues to live life to the fullest as she takes classes at fordham university, and she loves to go to the theater, museums and concerts. mathilde has been a vendor at the upper west side green flea (now known as grand bazaar ny) market since it was opened to non-pta vendors more than 30 years ago. grand bazaar ny is run by the pta of four on- site schools which benefit directly from the revenue. in recognition of her long running service, this upper west side market will name sunday, july 31, 2016 in her honor. mathilde freund will turn 100 years old on august 15, 2016, and i wish her a very happy birthday. ____________________",2551
CREC-2016-07-21-pt1-PgE1159-2,CREC-2016-07-21,2016-07-21,TRIBUTE TO FLORIDA CHAPTER OF CHARACTER.ORG,CREC,EXTENSIONS,E,E,1,https://www.govinfo.gov/app/details/CREC-2016-07-21/CREC-2016-07-21-pt1-PgE1159-2,https://api.govinfo.gov/packages/CREC-2016-07-21/granules/CREC-2016-07-21-pt1-PgE1159-2/htm,https://api.govinfo.gov/packages/CREC-2016-07-21/granules/CREC-2016-07-21-pt1-PgE1159-2/pdf,https://api.govinfo.gov/packages/CREC-2016-07-21/summary,"[Congressional Record Volume 162, Number 118 (Thursday, July 21, 2016)] [Extensions of Remarks] [Page E1159] From the Congressional Record Online through the Government Publishing Office [ www.gpo.gov ] TRIBUTE TO FLORIDA CHAPTER OF CHARACTER.ORG ______ HON. DAVID W. JOLLY of florida in the house of representatives Thursday, July 21, 2016 Mr. JOLLY. Mr. Speaker, I wish to recognize Florida Character.org for promoting morality in schools, families, communities and workplaces throughout our community. Florida Character.org helps young people everywhere strive to be ethical and engaged citizens irrespective of their backgrounds. They are a nonprofit organization that works with districts, schools and other organizations to help foster a culture where young people thrive both academically and morally. They provide the necessary resources for educators, community activists, workplaces, and parents to create a productive environment. Due to the extraordinary success of their model, Florida Character.org provides a tutorials to organizations across the world who wish to institute similar values in their communities. This template is named ``The 11 Principles of Effective Character Education'' which appropriately sums up their philosophy on character education. Character.org also helps people exchange ideas and resources through a network of organizations, schools, and individuals while discussing potentially beneficial approaches to further their work. I would like to thank Character.org for being such an upstanding organization that works to encourage integral values such as honesty and respect, in parallel to an exemplary education. I thank Character.org for their passion and exceptional work, and ask that this body join me in recognizing them as well. ____________________",,"[Congressional Record Volume 162, Number 118 (Thursday, July 21, 2016)] [Extensions of Remarks] [Page E1159] From the Congressional Record Online through the Government Publishing Office [ www.gpo.gov ] TRIBUTE TO FLORIDA CHAPTER OF CHARACTER.ORG ______ HON. DAVID W. JOLLY of florida in the house of representatives Thursday, July 21, 2016 Mr. JOLLY. Mr. Speaker, I wish to recognize Florida Character.org for promoting morality in schools, families, communities and workplaces throughout our community. Florida Character.org helps young people everywhere strive to be ethical and engaged citizens irrespective of their backgrounds. They are a nonprofit organization that works with districts, schools and other organizations to help foster a culture where young people thrive both academically and morally. They provide the necessary resources for educators, community activists, workplaces, and parents to create a productive environment. Due to the extraordinary success of their model, Florida Character.org provides a tutorials to organizations across the world who wish to institute similar values in their communities. This template is named ``The 11 Principles of Effective Character Education'' which appropriately sums up their philosophy on character education. Character.org also helps people exchange ideas and resources through a network of organizations, schools, and individuals while discussing potentially beneficial approaches to further their work. I would like to thank Character.org for being such an upstanding organization that works to encourage integral values such as honesty and respect, in parallel to an exemplary education. I thank Character.org for their passion and exceptional work, and ask that this body join me in recognizing them as well. ____________________",https://api.govinfo.gov/related/CREC-2016-07-21-pt1-PgE1159-2,CREC,Proceedings of Congress and General Congressional Publications,2025-03-07T17:29:49Z,Congressional Record,package_114_303.csv,1798,0,1798,"[congressional record volume 162, number 118 (thursday, july 21, 2016)] [extensions of remarks] [page e1159] from the congressional record online through the government publishing office [ www.gpo.gov ] tribute to florida chapter of character.org ______ hon. david w. jolly of florida in the house of representatives thursday, july 21, 2016 mr. jolly. mr. speaker, i wish to recognize florida character.org for promoting morality in schools, families, communities and workplaces throughout our community. florida character.org helps young people everywhere strive to be ethical and engaged citizens irrespective of their backgrounds. they are a nonprofit organization that works with districts, schools and other organizations to help foster a culture where young people thrive both academically and morally. they provide the necessary resources for educators, community activists, workplaces, and parents to create a productive environment. due to the extraordinary success of their model, florida character.org provides a tutorials to organizations across the world who wish to institute similar values in their communities. this template is named ``the 11 principles of effective character education'' which appropriately sums up their philosophy on character education. character.org also helps people exchange ideas and resources through a network of organizations, schools, and individuals while discussing potentially beneficial approaches to further their work. i would like to thank character.org for being such an upstanding organization that works to encourage integral values such as honesty and respect, in parallel to an exemplary education. i thank character.org for their passion and exceptional work, and ask that this body join me in recognizing them as well. ____________________",1798
CREC-2016-07-21-pt1-PgE1159,CREC-2016-07-21,2016-07-21,"H.R. 5538, INTERIOR, ENVIRONMENT AND RELATED AGENCIES APPROPRIATIONS BILL",CREC,EXTENSIONS,E,E,1,https://www.govinfo.gov/app/details/CREC-2016-07-21/CREC-2016-07-21-pt1-PgE1159,https://api.govinfo.gov/packages/CREC-2016-07-21/granules/CREC-2016-07-21-pt1-PgE1159/htm,https://api.govinfo.gov/packages/CREC-2016-07-21/granules/CREC-2016-07-21-pt1-PgE1159/pdf,https://api.govinfo.gov/packages/CREC-2016-07-21/summary,"[Congressional Record Volume 162, Number 118 (Thursday, July 21, 2016)] [Extensions of Remarks] [Page E1159] From the Congressional Record Online through the Government Publishing Office [ www.gpo.gov ] H.R. 5538, INTERIOR, ENVIRONMENT AND RELATED AGENCIES APPROPRIATIONS BILL ______ HON. EARL BLUMENAUER of oregon in the house of representatives Thursday, July 21, 2016 Mr. BLUMENAUER. Mr. Speaker, I emphatically voted ``no'' on House passage of the Interior, Environment and Related Agencies appropriations bill (H.R. 5538) last week, which was a parade of misguided provisions and poison pill policy riders that will roll back critical environmental protections and seriously harm our climate, our natural surroundings, and wildlife. We can do better than this shameful attempt at governing. We should be supporting programs to clean our air and water, protect our precious natural resources, and help us transition to a clean energy future. Instead, this legislation moves us in the opposite direction. The bill cuts the Environmental Protection Agency's (EPA) operating budget and blocks spending on key programs and regulations at a time when we need greater--not fewer--resources to protect our health and guarantee clean air and clean water. This reality is particularly painful for communities like Flint, Michigan and my hometown of Portland, Oregon, where the EPA is assisting with recent air toxics and water-related crises, trying to stretch meager funding even as the stakes get higher. The legislation also continues the Republican charade of climate change denial, undermining the administration's Clean Power Plan and the President's bold commitments made to the international community at the Paris Climate Conference last year. This bill underfunds key Department of Interior agencies tasked with protecting and conserving lands and wildlife, such as the U.S. Fish and Wildlife Service, National Park Service, and Bureau of Indian Affairs. It slashes the Land and Water Conservation Fund, which has been fundamental for protecting public land and recreation in Oregon and across the country. One of the bill's more offensive provisions blocks Presidential declarations under the Antiquities Act, eliminating the potential of a national monument in southeastern Oregon's magnificent Owyhee Canyonlands and other threatened areas of natural beauty throughout the United States. In short, the bill takes multiple steps backwards when we should be ramping up efforts to protect, conserve, and take better care of our natural world. My Republican colleagues took this opportunity to score political points by tacking on damaging policy riders that have no place in the appropriations process. These riders block funding for implementation of common sense regulations like the Well Control Rule, the Obama Administration's National Ocean Policy, the Bureau of Land Management's hydraulic fracturing rule, to name a few. There are also riders that would stall progress we've made in preventing drilling in the Arctic Ocean, prevent the Fish and Wildlife Service and the National Park Service from setting minimum standards for hunting on federal lands in Alaska, block federal protection of species like the iconic gray wolf and Preble's Meadow jumping Mouse, roll back the Clean Air Act and stop additional action to prevent climate change, the greatest environmental challenge of our time. Even closer to home, one proposed amendment would have blocked the historic agreement between Oregon, California, PacifiCorp, and conservation organizations to remove four dams on the Klamath River, but luckily it was not successful. This was a shameful showing by the House. While I joined my colleagues in efforts to block many of the most harmful provisions and policy riders, ultimately the Republican majority let big polluters and special interests rule the day, playing politics with what should have been an opportunity to sensibly fund important parts of the government. Our legacy should be one of conservation, careful investment in preservation of precious natural resources, and protection of human health and our fragile climate. This bill could not be more damaging to that legacy, and its passage demonstrates we must fight harder for the future our planet deserves. ____________________",,"[Congressional Record Volume 162, Number 118 (Thursday, July 21, 2016)] [Extensions of Remarks] [Page E1159] From the Congressional Record Online through the Government Publishing Office [ www.gpo.gov ] H.R. 5538, INTERIOR, ENVIRONMENT AND RELATED AGENCIES APPROPRIATIONS BILL ______ HON. EARL BLUMENAUER of oregon in the house of representatives Thursday, July 21, 2016 Mr. BLUMENAUER. Mr. Speaker, I emphatically voted ``no'' on House passage of the Interior, Environment and Related Agencies appropriations bill (H.R. 5538) last week, which was a parade of misguided provisions and poison pill policy riders that will roll back critical environmental protections and seriously harm our climate, our natural surroundings, and wildlife. We can do better than this shameful attempt at governing. We should be supporting programs to clean our air and water, protect our precious natural resources, and help us transition to a clean energy future. Instead, this legislation moves us in the opposite direction. The bill cuts the Environmental Protection Agency's (EPA) operating budget and blocks spending on key programs and regulations at a time when we need greater--not fewer--resources to protect our health and guarantee clean air and clean water. This reality is particularly painful for communities like Flint, Michigan and my hometown of Portland, Oregon, where the EPA is assisting with recent air toxics and water-related crises, trying to stretch meager funding even as the stakes get higher. The legislation also continues the Republican charade of climate change denial, undermining the administration's Clean Power Plan and the President's bold commitments made to the international community at the Paris Climate Conference last year. This bill underfunds key Department of Interior agencies tasked with protecting and conserving lands and wildlife, such as the U.S. Fish and Wildlife Service, National Park Service, and Bureau of Indian Affairs. It slashes the Land and Water Conservation Fund, which has been fundamental for protecting public land and recreation in Oregon and across the country. One of the bill's more offensive provisions blocks Presidential declarations under the Antiquities Act, eliminating the potential of a national monument in southeastern Oregon's magnificent Owyhee Canyonlands and other threatened areas of natural beauty throughout the United States. In short, the bill takes multiple steps backwards when we should be ramping up efforts to protect, conserve, and take better care of our natural world. My Republican colleagues took this opportunity to score political points by tacking on damaging policy riders that have no place in the appropriations process. These riders block funding for implementation of common sense regulations like the Well Control Rule, the Obama Administration's National Ocean Policy, the Bureau of Land Management's hydraulic fracturing rule, to name a few. There are also riders that would stall progress we've made in preventing drilling in the Arctic Ocean, prevent the Fish and Wildlife Service and the National Park Service from setting minimum standards for hunting on federal lands in Alaska, block federal protection of species like the iconic gray wolf and Preble's Meadow jumping Mouse, roll back the Clean Air Act and stop additional action to prevent climate change, the greatest environmental challenge of our time. Even closer to home, one proposed amendment would have blocked the historic agreement between Oregon, California, PacifiCorp, and conservation organizations to remove four dams on the Klamath River, but luckily it was not successful. This was a shameful showing by the House. While I joined my colleagues in efforts to block many of the most harmful provisions and policy riders, ultimately the Republican majority let big polluters and special interests rule the day, playing politics with what should have been an opportunity to sensibly fund important parts of the government. Our legacy should be one of conservation, careful investment in preservation of precious natural resources, and protection of human health and our fragile climate. This bill could not be more damaging to that legacy, and its passage demonstrates we must fight harder for the future our planet deserves. ____________________",https://api.govinfo.gov/related/CREC-2016-07-21-pt1-PgE1159,CREC,Proceedings of Congress and General Congressional Publications,2025-03-07T17:29:49Z,Congressional Record,package_114_303.csv,4308,0,4308,"[congressional record volume 162, number 118 (thursday, july 21, 2016)] [extensions of remarks] [page e1159] from the congressional record online through the government publishing office [ www.gpo.gov ] h.r. 5538, interior, environment and related agencies appropriations bill ______ hon. earl blumenauer of oregon in the house of representatives thursday, july 21, 2016 mr. blumenauer. mr. speaker, i emphatically voted ``no'' on house passage of the interior, environment and related agencies appropriations bill (h.r. 5538) last week, which was a parade of misguided provisions and poison pill policy riders that will roll back critical environmental protections and seriously harm our climate, our natural surroundings, and wildlife. we can do better than this shameful attempt at governing. we should be supporting programs to clean our air and water, protect our precious natural resources, and help us transition to a clean energy future. instead, this legislation moves us in the opposite direction. the bill cuts the environmental protection agency's (epa) operating budget and blocks spending on key programs and regulations at a time when we need greater--not fewer--resources to protect our health and guarantee clean air and clean water. this reality is particularly painful for communities like flint, michigan and my hometown of portland, oregon, where the epa is assisting with recent air toxics and water-related crises, trying to stretch meager funding even as the stakes get higher. the legislation also continues the republican charade of climate change denial, undermining the administration's clean power plan and the president's bold commitments made to the international community at the paris climate conference last year. this bill underfunds key department of interior agencies tasked with protecting and conserving lands and wildlife, such as the u.s. fish and wildlife service, national park service, and bureau of indian affairs. it slashes the land and water conservation fund, which has been fundamental for protecting public land and recreation in oregon and across the country. one of the bill's more offensive provisions blocks presidential declarations under the antiquities act, eliminating the potential of a national monument in southeastern oregon's magnificent owyhee canyonlands and other threatened areas of natural beauty throughout the united states. in short, the bill takes multiple steps backwards when we should be ramping up efforts to protect, conserve, and take better care of our natural world. my republican colleagues took this opportunity to score political points by tacking on damaging policy riders that have no place in the appropriations process. these riders block funding for implementation of common sense regulations like the well control rule, the obama administration's national ocean policy, the bureau of land management's hydraulic fracturing rule, to name a few. there are also riders that would stall progress we've made in preventing drilling in the arctic ocean, prevent the fish and wildlife service and the national park service from setting minimum standards for hunting on federal lands in alaska, block federal protection of species like the iconic gray wolf and preble's meadow jumping mouse, roll back the clean air act and stop additional action to prevent climate change, the greatest environmental challenge of our time. even closer to home, one proposed amendment would have blocked the historic agreement between oregon, california, pacificorp, and conservation organizations to remove four dams on the klamath river, but luckily it was not successful. this was a shameful showing by the house. while i joined my colleagues in efforts to block many of the most harmful provisions and policy riders, ultimately the republican majority let big polluters and special interests rule the day, playing politics with what should have been an opportunity to sensibly fund important parts of the government. our legacy should be one of conservation, careful investment in preservation of precious natural resources, and protection of human health and our fragile climate. this bill could not be more damaging to that legacy, and its passage demonstrates we must fight harder for the future our planet deserves. ____________________",4308
CREC-2016-07-21-pt1-PgE1159-3,CREC-2016-07-21,2016-07-21,DEEPWATER HORIZON SETTLEMENT,CREC,EXTENSIONS,E,E,1,https://www.govinfo.gov/app/details/CREC-2016-07-21/CREC-2016-07-21-pt1-PgE1159-3,https://api.govinfo.gov/packages/CREC-2016-07-21/granules/CREC-2016-07-21-pt1-PgE1159-3/htm,https://api.govinfo.gov/packages/CREC-2016-07-21/granules/CREC-2016-07-21-pt1-PgE1159-3/pdf,https://api.govinfo.gov/packages/CREC-2016-07-21/summary,"[Congressional Record Volume 162, Number 118 (Thursday, July 21, 2016)] [Extensions of Remarks] [Pages E1159-E1160] From the Congressional Record Online through the Government Publishing Office [ www.gpo.gov ] DEEPWATER HORIZON SETTLEMENT ______ HON. JOHN FLEMING of louisiana in the house of representatives Thursday, July 21, 2016 Mr. FLEMING. Mr. Speaker, I rise to correct the record regarding statements made by Congresswoman McCollum (D-MN-4) during debate on the Smith (MO) Amendment Number 85 to H.R. 5538, the Department of Interior, Environment, and Related Agencies Appropriations Act, 2017. Congresswoman McCollum claimed during amendment debate that the Smith Amendment would block $500 million from the Deepwater Horizon settlement from being paid to Gulf States by the Office of Natural Resource Disaster Assessment at the Department of Interior. Despite Congresswoman McCollum's claims, the Smith Amendment does not have any legal effect on the Deepwater Horizon settlement. The Smith Amendment prevents the Department of Interior from using funds to carry out this sentence of the Comprehensive Environmental Response, Compensation, and Liability Act (CERCLA): ``Sums recovered by the United States Government as trustee under this subsection shall be retained by the trustee, without further appropriation, for use only to restore, replace, or acquire the equivalent of such natural resources.'' However, the Deepwater Horizon spill fell entirely under the Oil Pollution Act, and was not prosecuted under CERCLA. No fines were assessed under CERCLA. In addition, CERCLA contains an explicit exemption for petroleum products in Section 101(14). In fact, an environmental group that filed a lawsuit against BP under CERCLA and EPCRA lost their suit because of the petroleum exemptions in those laws. Therefore, a legal analysis by the American Law Division of the Congressional Research Service confirmed that the Smith (MO) Amendment Number 85 would have had no legal effect on the NRDA process, the RESTORE Act funds, or any other payment from the Deepwater Horizon Settlement. The RESTORE Act already appropriates money from the settlement to the states. To quote from the CRS memorandum: ``This memorandum finds that the Amendment, if approved and then made part of enacted legislation, would not have created a legal barrier to DOI's distribution of funds from the Deepwater Horizon settlement with the federal government and the Gulf States to address natural resources damages related to the incident.'' Instead, the Smith Amendment would have prevented executive branch agencies who collect fines under CERCLA from buying more federal land that is unrelated to the CERCLA violation without any Congressional oversight. The Amendment is designed to stop executive branch abuses and overreach, which has been a common theme for the Obama Administration. [[Page E1160]] Congressional Research Service, Washington, DC, July 19, 2016. Memorandum From: Adam Vann, Legislative Attorney, 7-6978 Subject: Applicability of Failed Amend. 85 of H.R. 5538 to the Authority of the Department of the Interior to Distribute Deepwater Horizon Settlement Funds to Gulf States You have asked us to analyze the impact that a proposed Amendment to H.R. 5538, the Department of the Interior, Environment, and Related Agencies Appropriations Act, 2017, would have on the legal authority of the Department of the Interior (DOI) to allocate funds to mitigate natural resources damages caused by the 2010 Deepwater Horizon incident. The proposed Amendment, listed as Amendment 85 in a Rules Committee Report on H.R. 5538, was not adopted. The Amendment would have provided that funds made available by H.R. 5538 could not be used to carry out a specific provision in Section 107(f)(1) of the Comprehensive Environmental Response, Compensation and Liability Act (CERCLA). This memorandum finds that the Amendment, if approved and then made part of enacted legislation, would not have created a legal barrier to DOI's distribution of funds from the Deepwater Horizon settlement with the federal government and the Gulf States to address natural resources damages related to the incident. However, CRS is not opining on whether the Amendment would have created practical administrative difficulties that might have impeded allocation of those funds. Background The proposed Amendment 85 to H.R. 5538 read as follows: None of the funds made available by this Act may be used to carry out the third sentence of section 107(f)(1) of the Comprehensive Environmental Response, Compensation, and Liability Act of 1980 (42 U.S.C. 9607(f)(1)) (relating to use of recovered sums by the United States Government without further appropriation). Section 107(f)(1) of CERCLA addresses liability for injury to, destruction of, or loss of natural resources caused by a release or threatened release of hazardous substances, and designates the United States government as a trustee empowered to receive compensation for such damages. The third sentence of Section 107(f)(1) provides that ``[s]ums recovered by the United States Government as trustee under this subsection shall be retained by the trustee, without further appropriation, for use only to restore, replace, or acquire the equivalent of such natural resources.'' This grant of federal authority to act as trustee forms the legal foundation for DOI's Natural Resource Damage Assessment and Restoration program, which allows the agency to distribute funds to assess natural resources damages, and restore, replace or acquire the equivalent of the damaged resources. A similar authority to collect and disburse funds to address natural resource damages is found at Section 1006 of the Oil Pollution Act (OPA). That section authorizes the United States government, as designated trustee, to ``develop and implement a plan for the restoration, rehabilitation, replacement, or acquisition of the equivalent'' of natural resources damages resulting from an oil spill. Section 1006(f) authorizes maintenance of a fund ``for use only to reimburse or pay costs incurred by the trustee . . . with respect to the damaged natural resources.'' After the Deepwater Horizon oil spill in the Gulf of Mexico in 2010, the United States and the affected Gulf States entered into a Consent Decree with BP Exploration and Production, Inc. (BP) outlining BP's liability to the United States for the incident under federal statute, including liability for natural resources damages under the relevant provisions of OPA. Pursuant to the Consent Decree, DOI was tasked with managing the designated funds for the ``restoration, rehabilitation, replacement, or acquisition of the equivalent of injured or lost Natural Resources or natural resource services as provided in one or more restoration plans.'' Discussion Staff at DOI previously stated that the passage and enactment of Amendment 85 as part of H.R. 5538 would have constrained DOI's ability to distribute funds for natural resources damages related to the Deepwater Horizon incident, as it is authorized to do by the Consent Decree. Upon review of the text of the Amendment as well as the relevant language in CERCLA, OPA and the Consent Decree, CRS cannot find any legal limitation in the Amendment that would have barred DOI from expenditure of funds for ``restoration, rehabilitation, replacement, or acquisition of the equivalent of injured or lost Natural Resources'' in the Gulf of Mexico related to the Deepwater Horizon incident pursuant to DOI's authority under OPA and the Consent Decree. However, CRS cannot opine as to whether administrative issues (e.g., commingling of CERCLA and OPA funds in one account) may have presented barriers to distribution of such funds if DOI had been barred from distributing CERCLA natural resource damage funds by the Amendment, as representatives of DOI have reportedly claimed. Analysis of accounting and related administrative concerns at DOI is outside the scope of this memorandum.",,"[Congressional Record Volume 162, Number 118 (Thursday, July 21, 2016)] [Extensions of Remarks] [Pages E1159-E1160] From the Congressional Record Online through the Government Publishing Office [ www.gpo.gov ] DEEPWATER HORIZON SETTLEMENT ______ HON. JOHN FLEMING of louisiana in the house of representatives Thursday, July 21, 2016 Mr. FLEMING. Mr. Speaker, I rise to correct the record regarding statements made by Congresswoman McCollum (D-MN-4) during debate on the Smith (MO) Amendment Number 85 to H.R. 5538, the Department of Interior, Environment, and Related Agencies Appropriations Act, 2017. Congresswoman McCollum claimed during amendment debate that the Smith Amendment would block $500 million from the Deepwater Horizon settlement from being paid to Gulf States by the Office of Natural Resource Disaster Assessment at the Department of Interior. Despite Congresswoman McCollum's claims, the Smith Amendment does not have any legal effect on the Deepwater Horizon settlement. The Smith Amendment prevents the Department of Interior from using funds to carry out this sentence of the Comprehensive Environmental Response, Compensation, and Liability Act (CERCLA): ``Sums recovered by the United States Government as trustee under this subsection shall be retained by the trustee, without further appropriation, for use only to restore, replace, or acquire the equivalent of such natural resources.'' However, the Deepwater Horizon spill fell entirely under the Oil Pollution Act, and was not prosecuted under CERCLA. No fines were assessed under CERCLA. In addition, CERCLA contains an explicit exemption for petroleum products in Section 101(14). In fact, an environmental group that filed a lawsuit against BP under CERCLA and EPCRA lost their suit because of the petroleum exemptions in those laws. Therefore, a legal analysis by the American Law Division of the Congressional Research Service confirmed that the Smith (MO) Amendment Number 85 would have had no legal effect on the NRDA process, the RESTORE Act funds, or any other payment from the Deepwater Horizon Settlement. The RESTORE Act already appropriates money from the settlement to the states. To quote from the CRS memorandum: ``This memorandum finds that the Amendment, if approved and then made part of enacted legislation, would not have created a legal barrier to DOI's distribution of funds from the Deepwater Horizon settlement with the federal government and the Gulf States to address natural resources damages related to the incident.'' Instead, the Smith Amendment would have prevented executive branch agencies who collect fines under CERCLA from buying more federal land that is unrelated to the CERCLA violation without any Congressional oversight. The Amendment is designed to stop executive branch abuses and overreach, which has been a common theme for the Obama Administration. [[Page E1160]] Congressional Research Service, Washington, DC, July 19, 2016. Memorandum From: Adam Vann, Legislative Attorney, 7-6978 Subject: Applicability of Failed Amend. 85 of H.R. 5538 to the Authority of the Department of the Interior to Distribute Deepwater Horizon Settlement Funds to Gulf States You have asked us to analyze the impact that a proposed Amendment to H.R. 5538, the Department of the Interior, Environment, and Related Agencies Appropriations Act, 2017, would have on the legal authority of the Department of the Interior (DOI) to allocate funds to mitigate natural resources damages caused by the 2010 Deepwater Horizon incident. The proposed Amendment, listed as Amendment 85 in a Rules Committee Report on H.R. 5538, was not adopted. The Amendment would have provided that funds made available by H.R. 5538 could not be used to carry out a specific provision in Section 107(f)(1) of the Comprehensive Environmental Response, Compensation and Liability Act (CERCLA). This memorandum finds that the Amendment, if approved and then made part of enacted legislation, would not have created a legal barrier to DOI's distribution of funds from the Deepwater Horizon settlement with the federal government and the Gulf States to address natural resources damages related to the incident. However, CRS is not opining on whether the Amendment would have created practical administrative difficulties that might have impeded allocation of those funds. Background The proposed Amendment 85 to H.R. 5538 read as follows: None of the funds made available by this Act may be used to carry out the third sentence of section 107(f)(1) of the Comprehensive Environmental Response, Compensation, and Liability Act of 1980 (42 U.S.C. 9607(f)(1)) (relating to use of recovered sums by the United States Government without further appropriation). Section 107(f)(1) of CERCLA addresses liability for injury to, destruction of, or loss of natural resources caused by a release or threatened release of hazardous substances, and designates the United States government as a trustee empowered to receive compensation for such damages. The third sentence of Section 107(f)(1) provides that ``[s]ums recovered by the United States Government as trustee under this subsection shall be retained by the trustee, without further appropriation, for use only to restore, replace, or acquire the equivalent of such natural resources.'' This grant of federal authority to act as trustee forms the legal foundation for DOI's Natural Resource Damage Assessment and Restoration program, which allows the agency to distribute funds to assess natural resources damages, and restore, replace or acquire the equivalent of the damaged resources. A similar authority to collect and disburse funds to address natural resource damages is found at Section 1006 of the Oil Pollution Act (OPA). That section authorizes the United States government, as designated trustee, to ``develop and implement a plan for the restoration, rehabilitation, replacement, or acquisition of the equivalent'' of natural resources damages resulting from an oil spill. Section 1006(f) authorizes maintenance of a fund ``for use only to reimburse or pay costs incurred by the trustee . . . with respect to the damaged natural resources.'' After the Deepwater Horizon oil spill in the Gulf of Mexico in 2010, the United States and the affected Gulf States entered into a Consent Decree with BP Exploration and Production, Inc. (BP) outlining BP's liability to the United States for the incident under federal statute, including liability for natural resources damages under the relevant provisions of OPA. Pursuant to the Consent Decree, DOI was tasked with managing the designated funds for the ``restoration, rehabilitation, replacement, or acquisition of the equivalent of injured or lost Natural Resources or natural resource services as provided in one or more restoration plans.'' Discussion Staff at DOI previously stated that the passage and enactment of Amendment 85 as part of H.R. 5538 would have constrained DOI's ability to distribute funds for natural resources damages related to the Deepwater Horizon incident, as it is authorized to do by the Consent Decree. Upon review of the text of the Amendment as well as the relevant language in CERCLA, OPA and the Consent Decree, CRS cannot find any legal limitation in the Amendment that would have barred DOI from expenditure of funds for ``restoration, rehabilitation, replacement, or acquisition of the equivalent of injured or lost Natural Resources'' in the Gulf of Mexico related to the Deepwater Horizon incident pursuant to DOI's authority under OPA and the Consent Decree. However, CRS cannot opine as to whether administrative issues (e.g., commingling of CERCLA and OPA funds in one account) may have presented barriers to distribution of such funds if DOI had been barred from distributing CERCLA natural resource damage funds by the Amendment, as representatives of DOI have reportedly claimed. Analysis of accounting and related administrative concerns at DOI is outside the scope of this memorandum.",https://api.govinfo.gov/related/CREC-2016-07-21-pt1-PgE1159-3,CREC,Proceedings of Congress and General Congressional Publications,2025-03-07T17:29:49Z,Congressional Record,package_114_303.csv,8006,0,8006,"[congressional record volume 162, number 118 (thursday, july 21, 2016)] [extensions of remarks] [pages e1159-e1160] from the congressional record online through the government publishing office [ www.gpo.gov ] deepwater horizon settlement ______ hon. john fleming of louisiana in the house of representatives thursday, july 21, 2016 mr. fleming. mr. speaker, i rise to correct the record regarding statements made by congresswoman mccollum (d-mn-4) during debate on the smith (mo) amendment number 85 to h.r. 5538, the department of interior, environment, and related agencies appropriations act, 2017. congresswoman mccollum claimed during amendment debate that the smith amendment would block $500 million from the deepwater horizon settlement from being paid to gulf states by the office of natural resource disaster assessment at the department of interior. despite congresswoman mccollum's claims, the smith amendment does not have any legal effect on the deepwater horizon settlement. the smith amendment prevents the department of interior from using funds to carry out this sentence of the comprehensive environmental response, compensation, and liability act (cercla): ``sums recovered by the united states government as trustee under this subsection shall be retained by the trustee, without further appropriation, for use only to restore, replace, or acquire the equivalent of such natural resources.'' however, the deepwater horizon spill fell entirely under the oil pollution act, and was not prosecuted under cercla. no fines were assessed under cercla. in addition, cercla contains an explicit exemption for petroleum products in section 101(14). in fact, an environmental group that filed a lawsuit against bp under cercla and epcra lost their suit because of the petroleum exemptions in those laws. therefore, a legal analysis by the american law division of the congressional research service confirmed that the smith (mo) amendment number 85 would have had no legal effect on the nrda process, the restore act funds, or any other payment from the deepwater horizon settlement. the restore act already appropriates money from the settlement to the states. to quote from the crs memorandum: ``this memorandum finds that the amendment, if approved and then made part of enacted legislation, would not have created a legal barrier to doi's distribution of funds from the deepwater horizon settlement with the federal government and the gulf states to address natural resources damages related to the incident.'' instead, the smith amendment would have prevented executive branch agencies who collect fines under cercla from buying more federal land that is unrelated to the cercla violation without any congressional oversight. the amendment is designed to stop executive branch abuses and overreach, which has been a common theme for the obama administration. [[page e1160]] congressional research service, washington, dc, july 19, 2016. memorandum from: adam vann, legislative attorney, 7-6978 subject: applicability of failed amend. 85 of h.r. 5538 to the authority of the department of the interior to distribute deepwater horizon settlement funds to gulf states you have asked us to analyze the impact that a proposed amendment to h.r. 5538, the department of the interior, environment, and related agencies appropriations act, 2017, would have on the legal authority of the department of the interior (doi) to allocate funds to mitigate natural resources damages caused by the 2010 deepwater horizon incident. the proposed amendment, listed as amendment 85 in a rules committee report on h.r. 5538, was not adopted. the amendment would have provided that funds made available by h.r. 5538 could not be used to carry out a specific provision in section 107(f)(1) of the comprehensive environmental response, compensation and liability act (cercla). this memorandum finds that the amendment, if approved and then made part of enacted legislation, would not have created a legal barrier to doi's distribution of funds from the deepwater horizon settlement with the federal government and the gulf states to address natural resources damages related to the incident. however, crs is not opining on whether the amendment would have created practical administrative difficulties that might have impeded allocation of those funds. background the proposed amendment 85 to h.r. 5538 read as follows: none of the funds made available by this act may be used to carry out the third sentence of section 107(f)(1) of the comprehensive environmental response, compensation, and liability act of 1980 (42 u.s.c. 9607(f)(1)) (relating to use of recovered sums by the united states government without further appropriation). section 107(f)(1) of cercla addresses liability for injury to, destruction of, or loss of natural resources caused by a release or threatened release of hazardous substances, and designates the united states government as a trustee empowered to receive compensation for such damages. the third sentence of section 107(f)(1) provides that ``[s]ums recovered by the united states government as trustee under this subsection shall be retained by the trustee, without further appropriation, for use only to restore, replace, or acquire the equivalent of such natural resources.'' this grant of federal authority to act as trustee forms the legal foundation for doi's natural resource damage assessment and restoration program, which allows the agency to distribute funds to assess natural resources damages, and restore, replace or acquire the equivalent of the damaged resources. a similar authority to collect and disburse funds to address natural resource damages is found at section 1006 of the oil pollution act (opa). that section authorizes the united states government, as designated trustee, to ``develop and implement a plan for the restoration, rehabilitation, replacement, or acquisition of the equivalent'' of natural resources damages resulting from an oil spill. section 1006(f) authorizes maintenance of a fund ``for use only to reimburse or pay costs incurred by the trustee . . . with respect to the damaged natural resources.'' after the deepwater horizon oil spill in the gulf of mexico in 2010, the united states and the affected gulf states entered into a consent decree with bp exploration and production, inc. (bp) outlining bp's liability to the united states for the incident under federal statute, including liability for natural resources damages under the relevant provisions of opa. pursuant to the consent decree, doi was tasked with managing the designated funds for the ``restoration, rehabilitation, replacement, or acquisition of the equivalent of injured or lost natural resources or natural resource services as provided in one or more restoration plans.'' discussion staff at doi previously stated that the passage and enactment of amendment 85 as part of h.r. 5538 would have constrained doi's ability to distribute funds for natural resources damages related to the deepwater horizon incident, as it is authorized to do by the consent decree. upon review of the text of the amendment as well as the relevant language in cercla, opa and the consent decree, crs cannot find any legal limitation in the amendment that would have barred doi from expenditure of funds for ``restoration, rehabilitation, replacement, or acquisition of the equivalent of injured or lost natural resources'' in the gulf of mexico related to the deepwater horizon incident pursuant to doi's authority under opa and the consent decree. however, crs cannot opine as to whether administrative issues (e.g., commingling of cercla and opa funds in one account) may have presented barriers to distribution of such funds if doi had been barred from distributing cercla natural resource damage funds by the amendment, as representatives of doi have reportedly claimed. analysis of accounting and related administrative concerns at doi is outside the scope of this memorandum.",8006
CREC-2016-07-21-pt1-PgD837,CREC-2016-07-21,2016-07-21,Daily Digest/Senate,CREC,DAILYDIGEST,,D,1,https://www.govinfo.gov/app/details/CREC-2016-07-21/CREC-2016-07-21-pt1-PgD837,https://api.govinfo.gov/packages/CREC-2016-07-21/granules/CREC-2016-07-21-pt1-PgD837/htm,https://api.govinfo.gov/packages/CREC-2016-07-21/granules/CREC-2016-07-21-pt1-PgD837/pdf,https://api.govinfo.gov/packages/CREC-2016-07-21/summary,,,,https://api.govinfo.gov/related/CREC-2016-07-21-pt1-PgD837,CREC,Proceedings of Congress and General Congressional Publications,2025-03-07T17:29:49Z,Congressional Record,package_114_303.csv,0,0,0,,0
CREC-2016-07-21-pt1-PgD837-2,CREC-2016-07-21,2016-07-21,Daily Digest/Senate Committee Meetings,CREC,DAILYDIGEST,,D,1,https://www.govinfo.gov/app/details/CREC-2016-07-21/CREC-2016-07-21-pt1-PgD837-2,https://api.govinfo.gov/packages/CREC-2016-07-21/granules/CREC-2016-07-21-pt1-PgD837-2/htm,https://api.govinfo.gov/packages/CREC-2016-07-21/granules/CREC-2016-07-21-pt1-PgD837-2/pdf,https://api.govinfo.gov/packages/CREC-2016-07-21/summary,"[Congressional Record Volume 162, Number 118 (Thursday, July 21, 2016)] [Daily Digest] [Page D837] From the Congressional Record Online through the Government Publishing Office [ www.gpo.gov ] Committee Meetings No committee meetings were held.",,"[Congressional Record Volume 162, Number 118 (Thursday, July 21, 2016)] [Daily Digest] [Page D837] From the Congressional Record Online through the Government Publishing Office [ www.gpo.gov ] Committee Meetings No committee meetings were held.",https://api.govinfo.gov/related/CREC-2016-07-21-pt1-PgD837-2,CREC,Proceedings of Congress and General Congressional Publications,2025-03-07T17:29:49Z,Congressional Record,package_114_303.csv,244,0,244,"[congressional record volume 162, number 118 (thursday, july 21, 2016)] [daily digest] [page d837] from the congressional record online through the government publishing office [ www.gpo.gov ] committee meetings no committee meetings were held.",244
CREC-2016-07-21-pt1-PgD837-3,CREC-2016-07-21,2016-07-21,Daily Digest/House of Representatives,CREC,DAILYDIGEST,,D,1,https://www.govinfo.gov/app/details/CREC-2016-07-21/CREC-2016-07-21-pt1-PgD837-3,https://api.govinfo.gov/packages/CREC-2016-07-21/granules/CREC-2016-07-21-pt1-PgD837-3/htm,https://api.govinfo.gov/packages/CREC-2016-07-21/granules/CREC-2016-07-21-pt1-PgD837-3/pdf,https://api.govinfo.gov/packages/CREC-2016-07-21/summary,"[Congressional Record Volume 162, Number 118 (Thursday, July 21, 2016)] [Daily Digest] [Page D837] From the Congressional Record Online through the Government Publishing Office [ www.gpo.gov ] House of Representatives Chamber Action Public Bills and Resolutions Introduced: 6 public bills, H.R. 5920- 5925; and 1 resolution, H. Res. 139 were introduced. Page H5030 Additional Cosponsors: Page H5031 Reports Filed: Reports were filed today as follows: S. 1576, to amend title 5, United States Code, to prevent fraud by representative payees (H. Rept. 114-695, Part 1); H.R. 5613, to provide for the extension of the enforcement instruction on supervision requirements for outpatient therapeutic services in critical access and small rural hospitals through 2016, with an amendment (H. Rept. 114-696, Part 1); H.R. 3798, to amend the Securities Exchange Act of 1934 to permit private persons to compel the Securities and Exchange Commission to seek legal or equitable remedies in a civil action, instead of an administrative proceeding, and for other purposes (H. Rept. 114-697); and H.R. 5424, to amend the Investment Advisers Act of 1940 and to direct the Securities and Exchange Commission to amend its rules to modernize certain requirements relating to investment advisers, and for other purposes, with an amendment (H. Rept. 114-698). Page H5030 Speaker: Read a letter from the Speaker wherein he appointed Representative Simpson to act as Speaker pro tempore for today. Page H5025 Guest Chaplain: The prayer was offered by the Guest Chaplain, Rev. Vincent De Rosa, St. Peter's Catholic Church, Washington, DC. Page H5025 Whole Number of the House: The Chair announced to the House that, in light of the passing of the gentleman from Hawaii, Mr. Takai, the whole number of the House is 433. Page H5026 Quorum Calls--Votes: There were no Yea and Nay votes, and there were no Recorded votes. There were no quorum calls. Adjournment: The House met at 9 a.m. and adjourned at 9:04 a.m.",,"[Congressional Record Volume 162, Number 118 (Thursday, July 21, 2016)] [Daily Digest] [Page D837] From the Congressional Record Online through the Government Publishing Office [ www.gpo.gov ] House of Representatives Chamber Action Public Bills and Resolutions Introduced: 6 public bills, H.R. 5920- 5925; and 1 resolution, H. Res. 139 were introduced. Page H5030 Additional Cosponsors: Page H5031 Reports Filed: Reports were filed today as follows: S. 1576, to amend title 5, United States Code, to prevent fraud by representative payees (H. Rept. 114-695, Part 1); H.R. 5613, to provide for the extension of the enforcement instruction on supervision requirements for outpatient therapeutic services in critical access and small rural hospitals through 2016, with an amendment (H. Rept. 114-696, Part 1); H.R. 3798, to amend the Securities Exchange Act of 1934 to permit private persons to compel the Securities and Exchange Commission to seek legal or equitable remedies in a civil action, instead of an administrative proceeding, and for other purposes (H. Rept. 114-697); and H.R. 5424, to amend the Investment Advisers Act of 1940 and to direct the Securities and Exchange Commission to amend its rules to modernize certain requirements relating to investment advisers, and for other purposes, with an amendment (H. Rept. 114-698). Page H5030 Speaker: Read a letter from the Speaker wherein he appointed Representative Simpson to act as Speaker pro tempore for today. Page H5025 Guest Chaplain: The prayer was offered by the Guest Chaplain, Rev. Vincent De Rosa, St. Peter's Catholic Church, Washington, DC. Page H5025 Whole Number of the House: The Chair announced to the House that, in light of the passing of the gentleman from Hawaii, Mr. Takai, the whole number of the House is 433. Page H5026 Quorum Calls--Votes: There were no Yea and Nay votes, and there were no Recorded votes. There were no quorum calls. Adjournment: The House met at 9 a.m. and adjourned at 9:04 a.m.",https://api.govinfo.gov/related/CREC-2016-07-21-pt1-PgD837-3,CREC,Proceedings of Congress and General Congressional Publications,2025-03-07T17:29:49Z,Congressional Record,package_114_303.csv,1985,0,1985,"[congressional record volume 162, number 118 (thursday, july 21, 2016)] [daily digest] [page d837] from the congressional record online through the government publishing office [ www.gpo.gov ] house of representatives chamber action public bills and resolutions introduced: 6 public bills, h.r. 5920- 5925; and 1 resolution, h. res. 139 were introduced. page h5030 additional cosponsors: page h5031 reports filed: reports were filed today as follows: s. 1576, to amend title 5, united states code, to prevent fraud by representative payees (h. rept. 114-695, part 1); h.r. 5613, to provide for the extension of the enforcement instruction on supervision requirements for outpatient therapeutic services in critical access and small rural hospitals through 2016, with an amendment (h. rept. 114-696, part 1); h.r. 3798, to amend the securities exchange act of 1934 to permit private persons to compel the securities and exchange commission to seek legal or equitable remedies in a civil action, instead of an administrative proceeding, and for other purposes (h. rept. 114-697); and h.r. 5424, to amend the investment advisers act of 1940 and to direct the securities and exchange commission to amend its rules to modernize certain requirements relating to investment advisers, and for other purposes, with an amendment (h. rept. 114-698). page h5030 speaker: read a letter from the speaker wherein he appointed representative simpson to act as speaker pro tempore for today. page h5025 guest chaplain: the prayer was offered by the guest chaplain, rev. vincent de rosa, st. peter's catholic church, washington, dc. page h5025 whole number of the house: the chair announced to the house that, in light of the passing of the gentleman from hawaii, mr. takai, the whole number of the house is 433. page h5026 quorum calls--votes: there were no yea and nay votes, and there were no recorded votes. there were no quorum calls. adjournment: the house met at 9 a.m. and adjourned at 9:04 a.m.",1985
CREC-2016-07-21-pt1-PgD837-6,CREC-2016-07-21,2016-07-21,Daily Digest/Next Meeting of the SENATE + Next Meeting of the HOUSE OF REPRESENTATIVES + Other End Matter,CREC,DAILYDIGEST,,D,1,https://www.govinfo.gov/app/details/CREC-2016-07-21/CREC-2016-07-21-pt1-PgD837-6,https://api.govinfo.gov/packages/CREC-2016-07-21/granules/CREC-2016-07-21-pt1-PgD837-6/htm,https://api.govinfo.gov/packages/CREC-2016-07-21/granules/CREC-2016-07-21-pt1-PgD837-6/pdf,https://api.govinfo.gov/packages/CREC-2016-07-21/summary,,,,https://api.govinfo.gov/related/CREC-2016-07-21-pt1-PgD837-6,CREC,Proceedings of Congress and General Congressional Publications,2025-03-07T17:29:49Z,Congressional Record,package_114_303.csv,0,0,0,,0
CREC-2016-07-21-pt1-PgD837-5,CREC-2016-07-21,2016-07-21,Daily Digest/COMMITTEE MEETINGS FOR 2016-07-22,CREC,DAILYDIGEST,,D,1,https://www.govinfo.gov/app/details/CREC-2016-07-21/CREC-2016-07-21-pt1-PgD837-5,https://api.govinfo.gov/packages/CREC-2016-07-21/granules/CREC-2016-07-21-pt1-PgD837-5/htm,https://api.govinfo.gov/packages/CREC-2016-07-21/granules/CREC-2016-07-21-pt1-PgD837-5/pdf,https://api.govinfo.gov/packages/CREC-2016-07-21/summary,"[Congressional Record Volume 162, Number 118 (Thursday, July 21, 2016)] [Daily Digest] [Page D837] From the Congressional Record Online through the Government Publishing Office [ www.gpo.gov ] COMMITTEE MEETINGS FOR FRIDAY, JULY 22, 2016 (Committee meetings are open unless otherwise indicated) Senate No meetings/hearings scheduled. House No hearings are scheduled.",,"[Congressional Record Volume 162, Number 118 (Thursday, July 21, 2016)] [Daily Digest] [Page D837] From the Congressional Record Online through the Government Publishing Office [ www.gpo.gov ] COMMITTEE MEETINGS FOR FRIDAY, JULY 22, 2016 (Committee meetings are open unless otherwise indicated) Senate No meetings/hearings scheduled. House No hearings are scheduled.",https://api.govinfo.gov/related/CREC-2016-07-21-pt1-PgD837-5,CREC,Proceedings of Congress and General Congressional Publications,2025-03-07T17:29:49Z,Congressional Record,package_114_303.csv,366,0,366,"[congressional record volume 162, number 118 (thursday, july 21, 2016)] [daily digest] [page d837] from the congressional record online through the government publishing office [ www.gpo.gov ] committee meetings for friday, july 22, 2016 (committee meetings are open unless otherwise indicated) senate no meetings/hearings scheduled. house no hearings are scheduled.",366
CREC-2016-07-21-pt1-PgD837-4,CREC-2016-07-21,2016-07-21,Daily Digest/House Committee Meetings,CREC,DAILYDIGEST,,D,1,https://www.govinfo.gov/app/details/CREC-2016-07-21/CREC-2016-07-21-pt1-PgD837-4,https://api.govinfo.gov/packages/CREC-2016-07-21/granules/CREC-2016-07-21-pt1-PgD837-4/htm,https://api.govinfo.gov/packages/CREC-2016-07-21/granules/CREC-2016-07-21-pt1-PgD837-4/pdf,https://api.govinfo.gov/packages/CREC-2016-07-21/summary,"[Congressional Record Volume 162, Number 118 (Thursday, July 21, 2016)] [Daily Digest] [Page D837] From the Congressional Record Online through the Government Publishing Office [ www.gpo.gov ] Committee Meetings No hearings were held. Joint Meetings No joint committee meetings were held.",,"[Congressional Record Volume 162, Number 118 (Thursday, July 21, 2016)] [Daily Digest] [Page D837] From the Congressional Record Online through the Government Publishing Office [ www.gpo.gov ] Committee Meetings No hearings were held. Joint Meetings No joint committee meetings were held.",https://api.govinfo.gov/related/CREC-2016-07-21-pt1-PgD837-4,CREC,Proceedings of Congress and General Congressional Publications,2025-03-07T17:29:49Z,Congressional Record,package_114_303.csv,288,0,288,"[congressional record volume 162, number 118 (thursday, july 21, 2016)] [daily digest] [page d837] from the congressional record online through the government publishing office [ www.gpo.gov ] committee meetings no hearings were held. joint meetings no joint committee meetings were held.",288
