granuleId,packageId,date,title,collectionCode,granuleClass,chamber,pagePrefix,bookNumber,detailsLink,txtLink,pdfLink,packageLink,text_readability,text_bs4,parsed_text,relatedLink,docClass,category,lastModified,collectionName,__source_file,text_readability_len,text_bs4_len,parsed_text_len,search_text,search_text_len
CREC-2016-09-09-pt1-PgH5227,CREC-2016-09-09,2016-09-09,Senate,CREC,HOUSE,H,H,1,https://www.govinfo.gov/app/details/CREC-2016-09-09/CREC-2016-09-09-pt1-PgH5227,https://api.govinfo.gov/packages/CREC-2016-09-09/granules/CREC-2016-09-09-pt1-PgH5227/htm,https://api.govinfo.gov/packages/CREC-2016-09-09/granules/CREC-2016-09-09-pt1-PgH5227/pdf,https://api.govinfo.gov/packages/CREC-2016-09-09/summary,,,,https://api.govinfo.gov/related/CREC-2016-09-09-pt1-PgH5227,CREC,Proceedings of Congress and General Congressional Publications,2025-03-07T17:31:58Z,Congressional Record,package_114_321.csv,0,0,0,,0
CREC-2016-09-09-pt1-PgH5227-2,CREC-2016-09-09,2016-09-09,PRAYER,CREC,HOUSE,H,H,1,https://www.govinfo.gov/app/details/CREC-2016-09-09/CREC-2016-09-09-pt1-PgH5227-2,https://api.govinfo.gov/packages/CREC-2016-09-09/granules/CREC-2016-09-09-pt1-PgH5227-2/htm,https://api.govinfo.gov/packages/CREC-2016-09-09/granules/CREC-2016-09-09-pt1-PgH5227-2/pdf,https://api.govinfo.gov/packages/CREC-2016-09-09/summary,,,,https://api.govinfo.gov/related/CREC-2016-09-09-pt1-PgH5227-2,CREC,Proceedings of Congress and General Congressional Publications,2025-03-07T17:31:58Z,Congressional Record,package_114_321.csv,0,0,0,,0
CREC-2016-09-09-pt1-PgH5227-4,CREC-2016-09-09,2016-09-09,PLEDGE OF ALLEGIANCE,CREC,HOUSE,H,H,1,https://www.govinfo.gov/app/details/CREC-2016-09-09/CREC-2016-09-09-pt1-PgH5227-4,https://api.govinfo.gov/packages/CREC-2016-09-09/granules/CREC-2016-09-09-pt1-PgH5227-4/htm,https://api.govinfo.gov/packages/CREC-2016-09-09/granules/CREC-2016-09-09-pt1-PgH5227-4/pdf,https://api.govinfo.gov/packages/CREC-2016-09-09/summary,"[Congressional Record Volume 162, Number 136 (Friday, September 9, 2016)] [House] [Page H5227] From the Congressional Record Online through the Government Publishing Office [ www.gpo.gov ] PLEDGE OF ALLEGIANCE The SPEAKER. Will the gentleman from California (Mr. Costa) come forward and lead the House in the Pledge of Allegiance. Mr. COSTA led the Pledge of Allegiance as follows: I pledge allegiance to the Flag of the United States of America, and to the Republic for which it stands, one nation under God, indivisible, with liberty and justice for all. ____________________",,"[Congressional Record Volume 162, Number 136 (Friday, September 9, 2016)] [House] [Page H5227] From the Congressional Record Online through the Government Publishing Office [ www.gpo.gov ] PLEDGE OF ALLEGIANCE The SPEAKER. Will the gentleman from California (Mr. Costa) come forward and lead the House in the Pledge of Allegiance. Mr. COSTA led the Pledge of Allegiance as follows: I pledge allegiance to the Flag of the United States of America, and to the Republic for which it stands, one nation under God, indivisible, with liberty and justice for all. ____________________",https://api.govinfo.gov/related/CREC-2016-09-09-pt1-PgH5227-4,CREC,Proceedings of Congress and General Congressional Publications,2025-03-07T17:31:58Z,Congressional Record,package_114_321.csv,577,0,577,"[congressional record volume 162, number 136 (friday, september 9, 2016)] [house] [page h5227] from the congressional record online through the government publishing office [ www.gpo.gov ] pledge of allegiance the speaker. will the gentleman from california (mr. costa) come forward and lead the house in the pledge of allegiance. mr. costa led the pledge of allegiance as follows: i pledge allegiance to the flag of the united states of america, and to the republic for which it stands, one nation under god, indivisible, with liberty and justice for all. ____________________",577
CREC-2016-09-09-pt1-PgH5227-3,CREC-2016-09-09,2016-09-09,THE JOURNAL,CREC,HOUSE,H,H,1,https://www.govinfo.gov/app/details/CREC-2016-09-09/CREC-2016-09-09-pt1-PgH5227-3,https://api.govinfo.gov/packages/CREC-2016-09-09/granules/CREC-2016-09-09-pt1-PgH5227-3/htm,https://api.govinfo.gov/packages/CREC-2016-09-09/granules/CREC-2016-09-09-pt1-PgH5227-3/pdf,https://api.govinfo.gov/packages/CREC-2016-09-09/summary,"[Congressional Record Volume 162, Number 136 (Friday, September 9, 2016)] [House] [Page H5227] From the Congressional Record Online through the Government Publishing Office [ www.gpo.gov ] THE JOURNAL The SPEAKER. The Chair has examined the Journal of the last day's proceedings and announces to the House his approval thereof. Pursuant to clause 1, rule I, the Journal stands approved. ____________________",,"[Congressional Record Volume 162, Number 136 (Friday, September 9, 2016)] [House] [Page H5227] From the Congressional Record Online through the Government Publishing Office [ www.gpo.gov ] THE JOURNAL The SPEAKER. The Chair has examined the Journal of the last day's proceedings and announces to the House his approval thereof. Pursuant to clause 1, rule I, the Journal stands approved. ____________________",https://api.govinfo.gov/related/CREC-2016-09-09-pt1-PgH5227-3,CREC,Proceedings of Congress and General Congressional Publications,2025-03-07T17:31:58Z,Congressional Record,package_114_321.csv,407,0,407,"[congressional record volume 162, number 136 (friday, september 9, 2016)] [house] [page h5227] from the congressional record online through the government publishing office [ www.gpo.gov ] the journal the speaker. the chair has examined the journal of the last day's proceedings and announces to the house his approval thereof. pursuant to clause 1, rule i, the journal stands approved. ____________________",407
CREC-2016-09-09-pt1-PgH-FrontMatter-3,CREC-2016-09-09,2016-09-09,Senate,CREC,HOUSE,H,H,1,https://www.govinfo.gov/app/details/CREC-2016-09-09/CREC-2016-09-09-pt1-PgH-FrontMatter-3,https://api.govinfo.gov/packages/CREC-2016-09-09/granules/CREC-2016-09-09-pt1-PgH-FrontMatter-3/htm,https://api.govinfo.gov/packages/CREC-2016-09-09/granules/CREC-2016-09-09-pt1-PgH-FrontMatter-3/pdf,https://api.govinfo.gov/packages/CREC-2016-09-09/summary,"[Congressional Record Volume 162, Number 136 (Friday, September 9, 2016)] [House] [Page H5227] From the Congressional Record Online through the Government Publishing Office [ www.gpo.gov ] S E N A T E Vol. 162 WASHINGTON, FRIDAY, SEPTEMBER 9, 2016 No. 136",,"[Congressional Record Volume 162, Number 136 (Friday, September 9, 2016)] [House] [Page H5227] From the Congressional Record Online through the Government Publishing Office [ www.gpo.gov ] S E N A T E Vol. 162 WASHINGTON, FRIDAY, SEPTEMBER 9, 2016 No. 136",https://api.govinfo.gov/related/CREC-2016-09-09-pt1-PgH-FrontMatter-3,CREC,Proceedings of Congress and General Congressional Publications,2025-03-07T17:31:58Z,Congressional Record,package_114_321.csv,255,0,255,"[congressional record volume 162, number 136 (friday, september 9, 2016)] [house] [page h5227] from the congressional record online through the government publishing office [ www.gpo.gov ] s e n a t e vol. 162 washington, friday, september 9, 2016 no. 136",255
CREC-2016-09-09-pt1-PgH5227-5,CREC-2016-09-09,2016-09-09,ANNOUNCEMENT BY THE SPEAKER,CREC,HOUSE,H,H,1,https://www.govinfo.gov/app/details/CREC-2016-09-09/CREC-2016-09-09-pt1-PgH5227-5,https://api.govinfo.gov/packages/CREC-2016-09-09/granules/CREC-2016-09-09-pt1-PgH5227-5/htm,https://api.govinfo.gov/packages/CREC-2016-09-09/granules/CREC-2016-09-09-pt1-PgH5227-5/pdf,https://api.govinfo.gov/packages/CREC-2016-09-09/summary,"[Congressional Record Volume 162, Number 136 (Friday, September 9, 2016)] [House] [Page H5227] From the Congressional Record Online through the Government Publishing Office [ www.gpo.gov ] ANNOUNCEMENT BY THE SPEAKER The SPEAKER. The Chair will entertain up to five requests for 1- minute speeches on each side of the aisle. ____________________",,"[Congressional Record Volume 162, Number 136 (Friday, September 9, 2016)] [House] [Page H5227] From the Congressional Record Online through the Government Publishing Office [ www.gpo.gov ] ANNOUNCEMENT BY THE SPEAKER The SPEAKER. The Chair will entertain up to five requests for 1- minute speeches on each side of the aisle. ____________________",https://api.govinfo.gov/related/CREC-2016-09-09-pt1-PgH5227-5,CREC,Proceedings of Congress and General Congressional Publications,2025-03-07T17:31:58Z,Congressional Record,package_114_321.csv,345,0,345,"[congressional record volume 162, number 136 (friday, september 9, 2016)] [house] [page h5227] from the congressional record online through the government publishing office [ www.gpo.gov ] announcement by the speaker the speaker. the chair will entertain up to five requests for 1- minute speeches on each side of the aisle. ____________________",345
CREC-2016-09-09-pt1-PgH5227-7,CREC-2016-09-09,2016-09-09,PROGRESO LATINO'S 39TH ANNIVERSARY,CREC,HOUSE,H,H,1,https://www.govinfo.gov/app/details/CREC-2016-09-09/CREC-2016-09-09-pt1-PgH5227-7,https://api.govinfo.gov/packages/CREC-2016-09-09/granules/CREC-2016-09-09-pt1-PgH5227-7/htm,https://api.govinfo.gov/packages/CREC-2016-09-09/granules/CREC-2016-09-09-pt1-PgH5227-7/pdf,https://api.govinfo.gov/packages/CREC-2016-09-09/summary,"[Congressional Record Volume 162, Number 136 (Friday, September 9, 2016)] [House] [Pages H5227-H5228] From the Congressional Record Online through the Government Publishing Office [ www.gpo.gov ] PROGRESO LATINO'S 39TH ANNIVERSARY (Mr. CICILLINE asked and was given permission to address the House for 1 minute.) Mr. CICILLINE. Madam Speaker, I rise today to recognize Progreso Latino, the State of Rhode Island's leading Latino human services organization that is celebrating its 39th anniversary this weekend. For nearly four decades, Progreso Latino has empowered Rhode Island's Latino community, providing direct advocacy, adult education, child care, and youth programs that have helped build strong, sustainable neighborhoods across our State. They have done this work with great professionalism and a deep commitment to the community. Progreso Latino has gone above and beyond to provide essential healthcare services for families, including [[Page H5228]] wellness programs, preventive care, and regular checkups. Headquartered in the city of Central Falls, this organization continues to play a critical role today in meeting the needs of Rhode Island's Latino families and ensuring they have an opportunity to get ahead. I am delighted to congratulate Progreso Latino and the dedicated men and women of this extraordinary organization as they celebrate 39 years of service this Saturday. ____________________",,"[Congressional Record Volume 162, Number 136 (Friday, September 9, 2016)] [House] [Pages H5227-H5228] From the Congressional Record Online through the Government Publishing Office [ www.gpo.gov ] PROGRESO LATINO'S 39TH ANNIVERSARY (Mr. CICILLINE asked and was given permission to address the House for 1 minute.) Mr. CICILLINE. Madam Speaker, I rise today to recognize Progreso Latino, the State of Rhode Island's leading Latino human services organization that is celebrating its 39th anniversary this weekend. For nearly four decades, Progreso Latino has empowered Rhode Island's Latino community, providing direct advocacy, adult education, child care, and youth programs that have helped build strong, sustainable neighborhoods across our State. They have done this work with great professionalism and a deep commitment to the community. Progreso Latino has gone above and beyond to provide essential healthcare services for families, including [[Page H5228]] wellness programs, preventive care, and regular checkups. Headquartered in the city of Central Falls, this organization continues to play a critical role today in meeting the needs of Rhode Island's Latino families and ensuring they have an opportunity to get ahead. I am delighted to congratulate Progreso Latino and the dedicated men and women of this extraordinary organization as they celebrate 39 years of service this Saturday. ____________________",https://api.govinfo.gov/related/CREC-2016-09-09-pt1-PgH5227-7,CREC,Proceedings of Congress and General Congressional Publications,2025-03-07T17:31:58Z,Congressional Record,package_114_321.csv,1418,0,1418,"[congressional record volume 162, number 136 (friday, september 9, 2016)] [house] [pages h5227-h5228] from the congressional record online through the government publishing office [ www.gpo.gov ] progreso latino's 39th anniversary (mr. cicilline asked and was given permission to address the house for 1 minute.) mr. cicilline. madam speaker, i rise today to recognize progreso latino, the state of rhode island's leading latino human services organization that is celebrating its 39th anniversary this weekend. for nearly four decades, progreso latino has empowered rhode island's latino community, providing direct advocacy, adult education, child care, and youth programs that have helped build strong, sustainable neighborhoods across our state. they have done this work with great professionalism and a deep commitment to the community. progreso latino has gone above and beyond to provide essential healthcare services for families, including [[page h5228]] wellness programs, preventive care, and regular checkups. headquartered in the city of central falls, this organization continues to play a critical role today in meeting the needs of rhode island's latino families and ensuring they have an opportunity to get ahead. i am delighted to congratulate progreso latino and the dedicated men and women of this extraordinary organization as they celebrate 39 years of service this saturday. ____________________",1418
CREC-2016-09-09-pt1-PgH5228,CREC-2016-09-09,2016-09-09,SUICIDE PREVENTION MONTH,CREC,HOUSE,H,H,1,https://www.govinfo.gov/app/details/CREC-2016-09-09/CREC-2016-09-09-pt1-PgH5228,https://api.govinfo.gov/packages/CREC-2016-09-09/granules/CREC-2016-09-09-pt1-PgH5228/htm,https://api.govinfo.gov/packages/CREC-2016-09-09/granules/CREC-2016-09-09-pt1-PgH5228/pdf,https://api.govinfo.gov/packages/CREC-2016-09-09/summary,"[Congressional Record Volume 162, Number 136 (Friday, September 9, 2016)] [House] [Page H5228] From the Congressional Record Online through the Government Publishing Office [ www.gpo.gov ] SUICIDE PREVENTION MONTH (Mr. MURPHY of Pennsylvania asked and was given permission to address the House for 1 minute and to revise and extend his remarks.) Mr. MURPHY of Pennsylvania. Mr. Speaker, the death toll due to mental illness continues to climb. Yesterday we lost another 118 lives to suicide, and this brings the total lives lost since passage of H.R. 2646 to 7,670. We lost another 959 lives to mental illness, bringing the total of lives lost to 62,355 since House passage of my bill in July. If nothing is done today, then tomorrow we will lose more. By Monday, another 2,800. I hope my colleagues in the Senate are moved to action by this continued loss of lives, which is preventable. But if it's popularity, approval ratings, or upcoming elections that our friends are worried about, my friends should know that most Americans believe the country is losing ground in dealing with mental health. In fact, 83 percent of the country thinks so, according to a national mental health survey. Mr. Speaker, how high does the death toll need to climb before the Senate decides to act? We only have a few legislative days left in September. We can either spend that time reading more obituaries or news clips of tragedies or passage of H.R. 2646. It is absolutely clear that America wants us to act now. The question is: Will the Senate finally act and bring treatment before tragedy? ____________________",,"[Congressional Record Volume 162, Number 136 (Friday, September 9, 2016)] [House] [Page H5228] From the Congressional Record Online through the Government Publishing Office [ www.gpo.gov ] SUICIDE PREVENTION MONTH (Mr. MURPHY of Pennsylvania asked and was given permission to address the House for 1 minute and to revise and extend his remarks.) Mr. MURPHY of Pennsylvania. Mr. Speaker, the death toll due to mental illness continues to climb. Yesterday we lost another 118 lives to suicide, and this brings the total lives lost since passage of H.R. 2646 to 7,670. We lost another 959 lives to mental illness, bringing the total of lives lost to 62,355 since House passage of my bill in July. If nothing is done today, then tomorrow we will lose more. By Monday, another 2,800. I hope my colleagues in the Senate are moved to action by this continued loss of lives, which is preventable. But if it's popularity, approval ratings, or upcoming elections that our friends are worried about, my friends should know that most Americans believe the country is losing ground in dealing with mental health. In fact, 83 percent of the country thinks so, according to a national mental health survey. Mr. Speaker, how high does the death toll need to climb before the Senate decides to act? We only have a few legislative days left in September. We can either spend that time reading more obituaries or news clips of tragedies or passage of H.R. 2646. It is absolutely clear that America wants us to act now. The question is: Will the Senate finally act and bring treatment before tragedy? ____________________",https://api.govinfo.gov/related/CREC-2016-09-09-pt1-PgH5228,CREC,Proceedings of Congress and General Congressional Publications,2025-03-07T17:31:58Z,Congressional Record,package_114_321.csv,1601,0,1601,"[congressional record volume 162, number 136 (friday, september 9, 2016)] [house] [page h5228] from the congressional record online through the government publishing office [ www.gpo.gov ] suicide prevention month (mr. murphy of pennsylvania asked and was given permission to address the house for 1 minute and to revise and extend his remarks.) mr. murphy of pennsylvania. mr. speaker, the death toll due to mental illness continues to climb. yesterday we lost another 118 lives to suicide, and this brings the total lives lost since passage of h.r. 2646 to 7,670. we lost another 959 lives to mental illness, bringing the total of lives lost to 62,355 since house passage of my bill in july. if nothing is done today, then tomorrow we will lose more. by monday, another 2,800. i hope my colleagues in the senate are moved to action by this continued loss of lives, which is preventable. but if it's popularity, approval ratings, or upcoming elections that our friends are worried about, my friends should know that most americans believe the country is losing ground in dealing with mental health. in fact, 83 percent of the country thinks so, according to a national mental health survey. mr. speaker, how high does the death toll need to climb before the senate decides to act? we only have a few legislative days left in september. we can either spend that time reading more obituaries or news clips of tragedies or passage of h.r. 2646. it is absolutely clear that america wants us to act now. the question is: will the senate finally act and bring treatment before tragedy? ____________________",1601
CREC-2016-09-09-pt1-PgH5228-3,CREC-2016-09-09,2016-09-09,RECOGNIZING THE JEWISH COMMUNITY SERVICES OF SOUTH FLORIDA,CREC,HOUSE,H,H,1,https://www.govinfo.gov/app/details/CREC-2016-09-09/CREC-2016-09-09-pt1-PgH5228-3,https://api.govinfo.gov/packages/CREC-2016-09-09/granules/CREC-2016-09-09-pt1-PgH5228-3/htm,https://api.govinfo.gov/packages/CREC-2016-09-09/granules/CREC-2016-09-09-pt1-PgH5228-3/pdf,https://api.govinfo.gov/packages/CREC-2016-09-09/summary,,,,https://api.govinfo.gov/related/CREC-2016-09-09-pt1-PgH5228-3,CREC,Proceedings of Congress and General Congressional Publications,2025-03-07T17:31:58Z,Congressional Record,package_114_321.csv,0,0,0,,0
CREC-2016-09-09-pt1-PgH5227-6,CREC-2016-09-09,2016-09-09,CONGRATULATIONS TO TEAM USA,CREC,HOUSE,H,H,1,https://www.govinfo.gov/app/details/CREC-2016-09-09/CREC-2016-09-09-pt1-PgH5227-6,https://api.govinfo.gov/packages/CREC-2016-09-09/granules/CREC-2016-09-09-pt1-PgH5227-6/htm,https://api.govinfo.gov/packages/CREC-2016-09-09/granules/CREC-2016-09-09-pt1-PgH5227-6/pdf,https://api.govinfo.gov/packages/CREC-2016-09-09/summary,"[Congressional Record Volume 162, Number 136 (Friday, September 9, 2016)] [House] [Page H5227] From the Congressional Record Online through the Government Publishing Office [ www.gpo.gov ] CONGRATULATIONS TO TEAM USA (Mr. RODNEY DAVIS of Illinois asked and was given permission to address the House for 1 minute and to revise and extend his remarks.) Mr. RODNEY DAVIS of Illinois. Mr. Speaker, I rise today to congratulate all of our Olympians and Paralympians who represented Team USA in Rio de Janeiro this year. The United States brought in 121 medals at the Olympic Games last month, and with the start of the Paralympics this week, I am confident that Team USA's staggering medal count will rise even higher. The Illinois 13th District sent some incredibly talented athletes to the Games this year. Nichole Millage; my friend Tatyana McFadden and her sister Hannah; Ryan Held, a gold medalist from Springfield, Illinois; Lauren Doyle and Kelsey Card; as well as wheelchair basketball coach Stephanie Wheeler were selected to represent their country on Team USA; for many, the dream of a lifetime. These individuals endured hours of rigorous training, overcame personal struggles, and sacrificed simple pleasures to represent our country on the global stage. They are the best and brightest our country has to offer, as well as some of the world's most skilled athletes. They have certainly made their hometowns proud, and it is an honor to represent them in Congress. ____________________",,"[Congressional Record Volume 162, Number 136 (Friday, September 9, 2016)] [House] [Page H5227] From the Congressional Record Online through the Government Publishing Office [ www.gpo.gov ] CONGRATULATIONS TO TEAM USA (Mr. RODNEY DAVIS of Illinois asked and was given permission to address the House for 1 minute and to revise and extend his remarks.) Mr. RODNEY DAVIS of Illinois. Mr. Speaker, I rise today to congratulate all of our Olympians and Paralympians who represented Team USA in Rio de Janeiro this year. The United States brought in 121 medals at the Olympic Games last month, and with the start of the Paralympics this week, I am confident that Team USA's staggering medal count will rise even higher. The Illinois 13th District sent some incredibly talented athletes to the Games this year. Nichole Millage; my friend Tatyana McFadden and her sister Hannah; Ryan Held, a gold medalist from Springfield, Illinois; Lauren Doyle and Kelsey Card; as well as wheelchair basketball coach Stephanie Wheeler were selected to represent their country on Team USA; for many, the dream of a lifetime. These individuals endured hours of rigorous training, overcame personal struggles, and sacrificed simple pleasures to represent our country on the global stage. They are the best and brightest our country has to offer, as well as some of the world's most skilled athletes. They have certainly made their hometowns proud, and it is an honor to represent them in Congress. ____________________",https://api.govinfo.gov/related/CREC-2016-09-09-pt1-PgH5227-6,CREC,Proceedings of Congress and General Congressional Publications,2025-03-07T17:31:58Z,Congressional Record,package_114_321.csv,1493,0,1493,"[congressional record volume 162, number 136 (friday, september 9, 2016)] [house] [page h5227] from the congressional record online through the government publishing office [ www.gpo.gov ] congratulations to team usa (mr. rodney davis of illinois asked and was given permission to address the house for 1 minute and to revise and extend his remarks.) mr. rodney davis of illinois. mr. speaker, i rise today to congratulate all of our olympians and paralympians who represented team usa in rio de janeiro this year. the united states brought in 121 medals at the olympic games last month, and with the start of the paralympics this week, i am confident that team usa's staggering medal count will rise even higher. the illinois 13th district sent some incredibly talented athletes to the games this year. nichole millage; my friend tatyana mcfadden and her sister hannah; ryan held, a gold medalist from springfield, illinois; lauren doyle and kelsey card; as well as wheelchair basketball coach stephanie wheeler were selected to represent their country on team usa; for many, the dream of a lifetime. these individuals endured hours of rigorous training, overcame personal struggles, and sacrificed simple pleasures to represent our country on the global stage. they are the best and brightest our country has to offer, as well as some of the world's most skilled athletes. they have certainly made their hometowns proud, and it is an honor to represent them in congress. ____________________",1493
CREC-2016-09-09-pt1-PgH5228-4,CREC-2016-09-09,2016-09-09,THE 15TH ANNIVERSARY OF 9/11,CREC,HOUSE,H,H,1,https://www.govinfo.gov/app/details/CREC-2016-09-09/CREC-2016-09-09-pt1-PgH5228-4,https://api.govinfo.gov/packages/CREC-2016-09-09/granules/CREC-2016-09-09-pt1-PgH5228-4/htm,https://api.govinfo.gov/packages/CREC-2016-09-09/granules/CREC-2016-09-09-pt1-PgH5228-4/pdf,https://api.govinfo.gov/packages/CREC-2016-09-09/summary,,,,https://api.govinfo.gov/related/CREC-2016-09-09-pt1-PgH5228-4,CREC,Proceedings of Congress and General Congressional Publications,2025-03-07T17:31:58Z,Congressional Record,package_114_321.csv,0,0,0,,0
CREC-2016-09-09-pt1-PgH5228-6,CREC-2016-09-09,2016-09-09,HONORING MAJOR TRAVIS BRUNELLE,CREC,HOUSE,H,H,1,https://www.govinfo.gov/app/details/CREC-2016-09-09/CREC-2016-09-09-pt1-PgH5228-6,https://api.govinfo.gov/packages/CREC-2016-09-09/granules/CREC-2016-09-09-pt1-PgH5228-6/htm,https://api.govinfo.gov/packages/CREC-2016-09-09/granules/CREC-2016-09-09-pt1-PgH5228-6/pdf,https://api.govinfo.gov/packages/CREC-2016-09-09/summary,"[Congressional Record Volume 162, Number 136 (Friday, September 9, 2016)] [House] [Pages H5228-H5229] From the Congressional Record Online through the Government Publishing Office [ www.gpo.gov ] HONORING MAJOR TRAVIS BRUNELLE (Mr. JOLLY asked and was given permission to address the House for 1 minute and to revise and extend his remarks.) Mr. JOLLY. Mr. Speaker, I rise today to honor a man who spent his entire adult life serving our country, a man who served with great distinction, and a man who truly was an American patriot. Mr. Speaker, I rise today to honor U.S. Army Major Travis Brunelle of Tampa, Florida. Major Brunelle enlisted in the Army in 1991. In 2002, he graduated from Florida State University with a bachelor's degree in information studies and was commissioned a 2nd lieutenant in the infantry, gaining his commission through ROTC at Florida State. He attended the Infantry Officer's Basic Course, where he served as a platoon leader and would go on to attend the Special Forces Officers Qualification Course. In October 2004, Brunelle earned the coveted Green Beret. Then-Captain Brunelle served as a detachment commander for Company C, 3rd Battalion, 20th Special Forces Group. He deployed in support of Operation Iraqi Freedom and Operation Enduring Freedom. For his service to our Nation, Brunelle was decorated with two [[Page H5229]] Bronze Star Medals, three Army Commendation Medals, four Army Achievement Medals, and multiple OEF and OIF deployment ribbons. Additional recognitions included the Expert Infantryman Badge, Combat Infantryman Badge, Master Parachutist Badge, Ranger Tab, and the Special Forces Tab. A Master Mason and president of the Tampa Bay Ranger Regiment motorcycle club, Major Brunelle was known by his community as selfless, compassionate, and full of life. Today, Major Brunelle is survived by his wife, Renee, and many countless, loving friends and family. May God bless Major Travis Brunelle for his service to our Nation. May God bless his family, his friends, and may God bless the country he so valiantly and proudly fought for, the United States of America. ____________________",,"[Congressional Record Volume 162, Number 136 (Friday, September 9, 2016)] [House] [Pages H5228-H5229] From the Congressional Record Online through the Government Publishing Office [ www.gpo.gov ] HONORING MAJOR TRAVIS BRUNELLE (Mr. JOLLY asked and was given permission to address the House for 1 minute and to revise and extend his remarks.) Mr. JOLLY. Mr. Speaker, I rise today to honor a man who spent his entire adult life serving our country, a man who served with great distinction, and a man who truly was an American patriot. Mr. Speaker, I rise today to honor U.S. Army Major Travis Brunelle of Tampa, Florida. Major Brunelle enlisted in the Army in 1991. In 2002, he graduated from Florida State University with a bachelor's degree in information studies and was commissioned a 2nd lieutenant in the infantry, gaining his commission through ROTC at Florida State. He attended the Infantry Officer's Basic Course, where he served as a platoon leader and would go on to attend the Special Forces Officers Qualification Course. In October 2004, Brunelle earned the coveted Green Beret. Then-Captain Brunelle served as a detachment commander for Company C, 3rd Battalion, 20th Special Forces Group. He deployed in support of Operation Iraqi Freedom and Operation Enduring Freedom. For his service to our Nation, Brunelle was decorated with two [[Page H5229]] Bronze Star Medals, three Army Commendation Medals, four Army Achievement Medals, and multiple OEF and OIF deployment ribbons. Additional recognitions included the Expert Infantryman Badge, Combat Infantryman Badge, Master Parachutist Badge, Ranger Tab, and the Special Forces Tab. A Master Mason and president of the Tampa Bay Ranger Regiment motorcycle club, Major Brunelle was known by his community as selfless, compassionate, and full of life. Today, Major Brunelle is survived by his wife, Renee, and many countless, loving friends and family. May God bless Major Travis Brunelle for his service to our Nation. May God bless his family, his friends, and may God bless the country he so valiantly and proudly fought for, the United States of America. ____________________",https://api.govinfo.gov/related/CREC-2016-09-09-pt1-PgH5228-6,CREC,Proceedings of Congress and General Congressional Publications,2025-03-07T17:31:58Z,Congressional Record,package_114_321.csv,2140,0,2140,"[congressional record volume 162, number 136 (friday, september 9, 2016)] [house] [pages h5228-h5229] from the congressional record online through the government publishing office [ www.gpo.gov ] honoring major travis brunelle (mr. jolly asked and was given permission to address the house for 1 minute and to revise and extend his remarks.) mr. jolly. mr. speaker, i rise today to honor a man who spent his entire adult life serving our country, a man who served with great distinction, and a man who truly was an american patriot. mr. speaker, i rise today to honor u.s. army major travis brunelle of tampa, florida. major brunelle enlisted in the army in 1991. in 2002, he graduated from florida state university with a bachelor's degree in information studies and was commissioned a 2nd lieutenant in the infantry, gaining his commission through rotc at florida state. he attended the infantry officer's basic course, where he served as a platoon leader and would go on to attend the special forces officers qualification course. in october 2004, brunelle earned the coveted green beret. then-captain brunelle served as a detachment commander for company c, 3rd battalion, 20th special forces group. he deployed in support of operation iraqi freedom and operation enduring freedom. for his service to our nation, brunelle was decorated with two [[page h5229]] bronze star medals, three army commendation medals, four army achievement medals, and multiple oef and oif deployment ribbons. additional recognitions included the expert infantryman badge, combat infantryman badge, master parachutist badge, ranger tab, and the special forces tab. a master mason and president of the tampa bay ranger regiment motorcycle club, major brunelle was known by his community as selfless, compassionate, and full of life. today, major brunelle is survived by his wife, renee, and many countless, loving friends and family. may god bless major travis brunelle for his service to our nation. may god bless his family, his friends, and may god bless the country he so valiantly and proudly fought for, the united states of america. ____________________",2140
CREC-2016-09-09-pt1-PgH5228-2,CREC-2016-09-09,2016-09-09,CALIFORNIA'S WATER CRISIS,CREC,HOUSE,H,H,1,https://www.govinfo.gov/app/details/CREC-2016-09-09/CREC-2016-09-09-pt1-PgH5228-2,https://api.govinfo.gov/packages/CREC-2016-09-09/granules/CREC-2016-09-09-pt1-PgH5228-2/htm,https://api.govinfo.gov/packages/CREC-2016-09-09/granules/CREC-2016-09-09-pt1-PgH5228-2/pdf,https://api.govinfo.gov/packages/CREC-2016-09-09/summary,"[Congressional Record Volume 162, Number 136 (Friday, September 9, 2016)] [House] [Page H5228] From the Congressional Record Online through the Government Publishing Office [ www.gpo.gov ] CALIFORNIA'S WATER CRISIS (Mr. COSTA asked and was given permission to address the House for 1 minute and to revise and extend his remarks.) Mr. COSTA. Mr. Speaker, I rise to call attention today to the ongoing water crisis facing California. The drought is not over, nor has Congress addressed the underlying reasons for the disproportional impact on the San Joaquin Valley communities and the conditions that we face. It has been reported that California could be facing a La Nina condition this upcoming winter. That means that we will have dry conditions and further loss of available water for people, farms, and the environment. We must pass legislation that will be signed into law which will create a rational, balanced water policy, both in the short and long term, that benefits California's farm communities and the environment. I will submit later for the Record a thoughtful op-ed piece written by a constituent and friend of mine, Cannon Michael. He is a farmer in the valley. We share a lot of the same frustration over how Congress has failed to pass legislation to solve California's water problems. This op-ed piece describes exactly how the people of the valley feel, and I urge my colleagues to come together to enact legislation that California desperately needs this year. ____________________",,"[Congressional Record Volume 162, Number 136 (Friday, September 9, 2016)] [House] [Page H5228] From the Congressional Record Online through the Government Publishing Office [ www.gpo.gov ] CALIFORNIA'S WATER CRISIS (Mr. COSTA asked and was given permission to address the House for 1 minute and to revise and extend his remarks.) Mr. COSTA. Mr. Speaker, I rise to call attention today to the ongoing water crisis facing California. The drought is not over, nor has Congress addressed the underlying reasons for the disproportional impact on the San Joaquin Valley communities and the conditions that we face. It has been reported that California could be facing a La Nina condition this upcoming winter. That means that we will have dry conditions and further loss of available water for people, farms, and the environment. We must pass legislation that will be signed into law which will create a rational, balanced water policy, both in the short and long term, that benefits California's farm communities and the environment. I will submit later for the Record a thoughtful op-ed piece written by a constituent and friend of mine, Cannon Michael. He is a farmer in the valley. We share a lot of the same frustration over how Congress has failed to pass legislation to solve California's water problems. This op-ed piece describes exactly how the people of the valley feel, and I urge my colleagues to come together to enact legislation that California desperately needs this year. ____________________",https://api.govinfo.gov/related/CREC-2016-09-09-pt1-PgH5228-2,CREC,Proceedings of Congress and General Congressional Publications,2025-03-07T17:31:58Z,Congressional Record,package_114_321.csv,1504,0,1504,"[congressional record volume 162, number 136 (friday, september 9, 2016)] [house] [page h5228] from the congressional record online through the government publishing office [ www.gpo.gov ] california's water crisis (mr. costa asked and was given permission to address the house for 1 minute and to revise and extend his remarks.) mr. costa. mr. speaker, i rise to call attention today to the ongoing water crisis facing california. the drought is not over, nor has congress addressed the underlying reasons for the disproportional impact on the san joaquin valley communities and the conditions that we face. it has been reported that california could be facing a la nina condition this upcoming winter. that means that we will have dry conditions and further loss of available water for people, farms, and the environment. we must pass legislation that will be signed into law which will create a rational, balanced water policy, both in the short and long term, that benefits california's farm communities and the environment. i will submit later for the record a thoughtful op-ed piece written by a constituent and friend of mine, cannon michael. he is a farmer in the valley. we share a lot of the same frustration over how congress has failed to pass legislation to solve california's water problems. this op-ed piece describes exactly how the people of the valley feel, and i urge my colleagues to come together to enact legislation that california desperately needs this year. ____________________",1504
CREC-2016-09-09-pt1-PgH5229-2,CREC-2016-09-09,2016-09-09,ZIKA EMERGENCY,CREC,HOUSE,H,H,1,https://www.govinfo.gov/app/details/CREC-2016-09-09/CREC-2016-09-09-pt1-PgH5229-2,https://api.govinfo.gov/packages/CREC-2016-09-09/granules/CREC-2016-09-09-pt1-PgH5229-2/htm,https://api.govinfo.gov/packages/CREC-2016-09-09/granules/CREC-2016-09-09-pt1-PgH5229-2/pdf,https://api.govinfo.gov/packages/CREC-2016-09-09/summary,"[Congressional Record Volume 162, Number 136 (Friday, September 9, 2016)] [House] [Page H5229] From the Congressional Record Online through the Government Publishing Office [ www.gpo.gov ] {time} 0915 ZIKA EMERGENCY (Ms. WILSON of Florida asked and was given permission to address the House for 1 minute.) Ms. WILSON of Florida. Mr. Speaker, have you ever heard of a travel ban on an American city? Now, we have one in the beautiful boutique district called Wynwood, in the heart of my district. It is time to lift that ban. District 24, Miami, Florida; and the entire State have been besieged by the Zika virus. We are in the epicenter of this growing epidemic and living in fear of the damaging impact a single mosquito bite can have on an unborn fetus. The vibrant, bustling millennial area of Wynwood has the best restaurants, the best trendy art galleries, museums, antique shops, hat stores, and tourist attractions. Tourists flock there from all over the world. Now, with the travel ban in place because of Zika, people are being laid off; businesses are on the verge of closing. In comparison, it is a ghost town. The unborn babies are not the only ones affected by the virus. The economy is suffering immensely. We need your help, Mr. Speaker. Zika is taking a huge bite out of Florida's booming economy and is devastating the tourism industry. Mr. Speaker, please bring a clean Zika bill to the floor with no riders, no poison pills; just a clean bill. The unborn, families, and the businesses of America are depending on you. Zika is an ever- evolving nightmare and we must do that. When this travel ban has been lifted, I am looking forward to saying: Business as usual in Wynwood. ____________________",,"[Congressional Record Volume 162, Number 136 (Friday, September 9, 2016)] [House] [Page H5229] From the Congressional Record Online through the Government Publishing Office [ www.gpo.gov ] {time} 0915 ZIKA EMERGENCY (Ms. WILSON of Florida asked and was given permission to address the House for 1 minute.) Ms. WILSON of Florida. Mr. Speaker, have you ever heard of a travel ban on an American city? Now, we have one in the beautiful boutique district called Wynwood, in the heart of my district. It is time to lift that ban. District 24, Miami, Florida; and the entire State have been besieged by the Zika virus. We are in the epicenter of this growing epidemic and living in fear of the damaging impact a single mosquito bite can have on an unborn fetus. The vibrant, bustling millennial area of Wynwood has the best restaurants, the best trendy art galleries, museums, antique shops, hat stores, and tourist attractions. Tourists flock there from all over the world. Now, with the travel ban in place because of Zika, people are being laid off; businesses are on the verge of closing. In comparison, it is a ghost town. The unborn babies are not the only ones affected by the virus. The economy is suffering immensely. We need your help, Mr. Speaker. Zika is taking a huge bite out of Florida's booming economy and is devastating the tourism industry. Mr. Speaker, please bring a clean Zika bill to the floor with no riders, no poison pills; just a clean bill. The unborn, families, and the businesses of America are depending on you. Zika is an ever- evolving nightmare and we must do that. When this travel ban has been lifted, I am looking forward to saying: Business as usual in Wynwood. ____________________",https://api.govinfo.gov/related/CREC-2016-09-09-pt1-PgH5229-2,CREC,Proceedings of Congress and General Congressional Publications,2025-03-07T17:31:58Z,Congressional Record,package_114_321.csv,1714,0,1714,"[congressional record volume 162, number 136 (friday, september 9, 2016)] [house] [page h5229] from the congressional record online through the government publishing office [ www.gpo.gov ] {time} 0915 zika emergency (ms. wilson of florida asked and was given permission to address the house for 1 minute.) ms. wilson of florida. mr. speaker, have you ever heard of a travel ban on an american city? now, we have one in the beautiful boutique district called wynwood, in the heart of my district. it is time to lift that ban. district 24, miami, florida; and the entire state have been besieged by the zika virus. we are in the epicenter of this growing epidemic and living in fear of the damaging impact a single mosquito bite can have on an unborn fetus. the vibrant, bustling millennial area of wynwood has the best restaurants, the best trendy art galleries, museums, antique shops, hat stores, and tourist attractions. tourists flock there from all over the world. now, with the travel ban in place because of zika, people are being laid off; businesses are on the verge of closing. in comparison, it is a ghost town. the unborn babies are not the only ones affected by the virus. the economy is suffering immensely. we need your help, mr. speaker. zika is taking a huge bite out of florida's booming economy and is devastating the tourism industry. mr. speaker, please bring a clean zika bill to the floor with no riders, no poison pills; just a clean bill. the unborn, families, and the businesses of america are depending on you. zika is an ever- evolving nightmare and we must do that. when this travel ban has been lifted, i am looking forward to saying: business as usual in wynwood. ____________________",1714
CREC-2016-09-09-pt1-PgH5228-5,CREC-2016-09-09,2016-09-09,"MESQUITE, NEVADA, A PURPLE HEART CITY",CREC,HOUSE,H,H,1,https://www.govinfo.gov/app/details/CREC-2016-09-09/CREC-2016-09-09-pt1-PgH5228-5,https://api.govinfo.gov/packages/CREC-2016-09-09/granules/CREC-2016-09-09-pt1-PgH5228-5/htm,https://api.govinfo.gov/packages/CREC-2016-09-09/granules/CREC-2016-09-09-pt1-PgH5228-5/pdf,https://api.govinfo.gov/packages/CREC-2016-09-09/summary,"[Congressional Record Volume 162, Number 136 (Friday, September 9, 2016)] [House] [Page H5228] From the Congressional Record Online through the Government Publishing Office [ www.gpo.gov ] MESQUITE, NEVADA, A PURPLE HEART CITY (Mr. HARDY asked and was given permission to address the House for 1 minute and to revise and extend his remarks.) Mr. HARDY. Mr. Speaker, the Purple Heart is our Nation's oldest military decoration. It is a unifying symbol that binds together men and women who have bled for freedom. When these brave warriors return to our communities, we cannot forget them and their sacrifice. That is why I am proud to recognize my hometown of Mesquite, Nevada, for its decision to become a Purple Heart City. The decision, which will be formally announced next week, will signal to all veterans throughout southern Nevada and around the country that Mesquite welcomes them and is proud to honor their service. I would like to thank Chapter 711 of the Military Order of the Purple Heart for working with the city of Mesquite to make this day possible. It is my hope that more communities take this step to honor the sacrifices of these heroes by becoming Purple Heart communities. I can't wait to see that Purple Heart flag proudly flying over Mesquite. ____________________",,"[Congressional Record Volume 162, Number 136 (Friday, September 9, 2016)] [House] [Page H5228] From the Congressional Record Online through the Government Publishing Office [ www.gpo.gov ] MESQUITE, NEVADA, A PURPLE HEART CITY (Mr. HARDY asked and was given permission to address the House for 1 minute and to revise and extend his remarks.) Mr. HARDY. Mr. Speaker, the Purple Heart is our Nation's oldest military decoration. It is a unifying symbol that binds together men and women who have bled for freedom. When these brave warriors return to our communities, we cannot forget them and their sacrifice. That is why I am proud to recognize my hometown of Mesquite, Nevada, for its decision to become a Purple Heart City. The decision, which will be formally announced next week, will signal to all veterans throughout southern Nevada and around the country that Mesquite welcomes them and is proud to honor their service. I would like to thank Chapter 711 of the Military Order of the Purple Heart for working with the city of Mesquite to make this day possible. It is my hope that more communities take this step to honor the sacrifices of these heroes by becoming Purple Heart communities. I can't wait to see that Purple Heart flag proudly flying over Mesquite. ____________________",https://api.govinfo.gov/related/CREC-2016-09-09-pt1-PgH5228-5,CREC,Proceedings of Congress and General Congressional Publications,2025-03-07T17:31:58Z,Congressional Record,package_114_321.csv,1289,0,1289,"[congressional record volume 162, number 136 (friday, september 9, 2016)] [house] [page h5228] from the congressional record online through the government publishing office [ www.gpo.gov ] mesquite, nevada, a purple heart city (mr. hardy asked and was given permission to address the house for 1 minute and to revise and extend his remarks.) mr. hardy. mr. speaker, the purple heart is our nation's oldest military decoration. it is a unifying symbol that binds together men and women who have bled for freedom. when these brave warriors return to our communities, we cannot forget them and their sacrifice. that is why i am proud to recognize my hometown of mesquite, nevada, for its decision to become a purple heart city. the decision, which will be formally announced next week, will signal to all veterans throughout southern nevada and around the country that mesquite welcomes them and is proud to honor their service. i would like to thank chapter 711 of the military order of the purple heart for working with the city of mesquite to make this day possible. it is my hope that more communities take this step to honor the sacrifices of these heroes by becoming purple heart communities. i can't wait to see that purple heart flag proudly flying over mesquite. ____________________",1289
CREC-2016-09-09-pt1-PgH5229-3,CREC-2016-09-09,2016-09-09,ANNOUNCEMENT BY THE SPEAKER PRO TEMPORE,CREC,HOUSE,H,H,1,https://www.govinfo.gov/app/details/CREC-2016-09-09/CREC-2016-09-09-pt1-PgH5229-3,https://api.govinfo.gov/packages/CREC-2016-09-09/granules/CREC-2016-09-09-pt1-PgH5229-3/htm,https://api.govinfo.gov/packages/CREC-2016-09-09/granules/CREC-2016-09-09-pt1-PgH5229-3/pdf,https://api.govinfo.gov/packages/CREC-2016-09-09/summary,"[Congressional Record Volume 162, Number 136 (Friday, September 9, 2016)] [House] [Page H5229] From the Congressional Record Online through the Government Publishing Office [ www.gpo.gov ] ANNOUNCEMENT BY THE SPEAKER PRO TEMPORE The SPEAKER pro tempore (Mr. Rodney Davis of Illinois). The Chair would remind all Members to refrain from engaging in personalities toward the nominees for the Office of President and Vice President. ____________________",,"[Congressional Record Volume 162, Number 136 (Friday, September 9, 2016)] [House] [Page H5229] From the Congressional Record Online through the Government Publishing Office [ www.gpo.gov ] ANNOUNCEMENT BY THE SPEAKER PRO TEMPORE The SPEAKER pro tempore (Mr. Rodney Davis of Illinois). The Chair would remind all Members to refrain from engaging in personalities toward the nominees for the Office of President and Vice President. ____________________",https://api.govinfo.gov/related/CREC-2016-09-09-pt1-PgH5229-3,CREC,Proceedings of Congress and General Congressional Publications,2025-03-07T17:31:58Z,Congressional Record,package_114_321.csv,450,0,450,"[congressional record volume 162, number 136 (friday, september 9, 2016)] [house] [page h5229] from the congressional record online through the government publishing office [ www.gpo.gov ] announcement by the speaker pro tempore the speaker pro tempore (mr. rodney davis of illinois). the chair would remind all members to refrain from engaging in personalities toward the nominees for the office of president and vice president. ____________________",450
CREC-2016-09-09-pt1-PgH5229-4,CREC-2016-09-09,2016-09-09,"EXPRESSING THE SENSE OF THE HOUSE OF REPRESENTATIVES REGARDING THE TERRORIST ATTACKS LAUNCHED AGAINST THE UNITED STATES ON SEPTEMBER 11, 2001, ON THE 15TH ANNIVERSARY OF THAT DATE",CREC,HOUSE,H,H,1,https://www.govinfo.gov/app/details/CREC-2016-09-09/CREC-2016-09-09-pt1-PgH5229-4,https://api.govinfo.gov/packages/CREC-2016-09-09/granules/CREC-2016-09-09-pt1-PgH5229-4/htm,https://api.govinfo.gov/packages/CREC-2016-09-09/granules/CREC-2016-09-09-pt1-PgH5229-4/pdf,https://api.govinfo.gov/packages/CREC-2016-09-09/summary,"[Congressional Record Volume 162, Number 136 (Friday, September 9, 2016)] [House] [Pages H5229-H5230] From the Congressional Record Online through the Government Publishing Office [ www.gpo.gov ] EXPRESSING THE SENSE OF THE HOUSE OF REPRESENTATIVES REGARDING THE TERRORIST ATTACKS LAUNCHED AGAINST THE UNITED STATES ON SEPTEMBER 11, 2001, ON THE 15TH ANNIVERSARY OF THAT DATE Mr. McCARTHY. Mr. Speaker, I ask unanimous consent that the Committee on Oversight and Government Reform, Committee on Homeland Security, Committee on the Judiciary, Committee on Transportation and Infrastructure, Committee on Armed Services, Committee on Foreign Affairs, and the Permanent Select Committee on Intelligence, be discharged from further consideration of House Resolution 842, and ask for its immediate consideration in the House. The Clerk read the title of the resolution. The SPEAKER pro tempore. Is there objection to the request of the gentleman from California? There was no objection. The text of the resolution is as follows: H. Res. 842 Whereas, on September 11, 2001, while Americans were attending to their daily routines, terrorists hijacked four civilian aircraft, crashing two of them into the towers of the World Trade Center in New York City, a third into the Pentagon near Washington, DC, and a fourth was prevented from also being used as a weapon against America by brave passengers who placed their country above their own lives; Whereas thousands of innocent Americans were killed and injured as a result of these attacks, including the passengers and crew of the four aircraft, workers in the World Trade Center and in the Pentagon, rescue workers, and bystanders; Whereas the crewmembers of United Flight 175, American Flight 11, American Flight 77, and United Flight 93 acted as first responders, reporting the first intelligence of a war the United States did not know it was fighting and sacrificing their own lives to protect the United States and the lives of countless others; Whereas 15 years later the country continues to, and shall forever, mourn their tragic loss and honor their memory; Whereas these attacks destroyed both towers of the World Trade Center, as well as adjacent buildings, and seriously damaged the Pentagon; Whereas these attacks were by far the deadliest terrorist attacks ever launched against the United States, and, by targeting symbols of American strength and success, were intended to assail the principles, values, and freedoms of the United States and the American people, intimidate our Nation, and weaken its resolve; Whereas memorials have been constructed to honor the victims of these attacks at the Pentagon, in Shanksville, Pennsylvania, and on the World Trade Center grounds, so that Americans and people from around the world can visit to mourn those lost and to pay tribute to the heroic action and sacrifice of those who have served our communities and our country in the years since the attacks; Whereas 15 years after September 11, 2001, the United States continues to fight terrorists and other extremists who threaten America and her friends and allies; Whereas successive Congresses have passed and President Bush and President Obama have signed numerous laws to assist victims of terrorism, protect our Nation, combat terrorism at home and abroad, and support the members of the Armed Forces who courageously defend the United States; Whereas by the tireless efforts of our intelligence, military, and law enforcement professionals, the United States has been able to significantly degrade the al Qaida network, by taking into custody or killing senior al Qaida leaders, operational managers, and key facilitators, and owes a debt of gratitude to the focused and persistent efforts of all those personnel involved in the removal of Osama bin Laden; Whereas the terrorist attacks that have occurred around the world since September 11, 2001, remind us of the hateful inhumanity of terrorism and the ongoing threat it poses to freedom, justice, and the rule of law; Whereas United States law enforcement and intelligence agencies and allies of the United States around the world have worked together to detect and disrupt terrorist networks and numerous terror plots since September 11, 2001; Whereas the Nation is indebted to the brave military, intelligence, law enforcement, and civilian personnel serving in Afghanistan, Iraq, and elsewhere in advancement of United States national interests; Whereas thousands of families have lost loved ones in the defense of freedom and liberty against the tyranny of terror; and Whereas the passage of 15 years has not diminished the pain caused by the senseless loss of nearly 3,000 persons killed on September 11, 2001: Now, therefore, be it Resolved, That the House of Representatives-- (1) recognizes September 11 as a day of solemn commemoration; (2) extends again its deepest sympathies to the thousands of innocent victims of the September 11, 2001, terrorist attacks, and to their families, friends, and loved ones; (3) honors the heroism and the sacrifices of United States military and civilian personnel and their families who have sacrificed much, including their lives and health, in defense of their country; (4) credits the heroism of first responders, law enforcement personnel, State and local officials, volunteers, and others who aided [[Page H5230]] the victims of these attacks and, in so doing, bravely risked their own lives and long-term health; (5) expresses thanks and gratitude to the foreign leaders and citizens of all nations who have assisted and continue to stand in solidarity with the United States against terrorism in the aftermath of the attacks on September 11, 2001, and asks them to continue to stand with the United States against international terrorism; (6) commends the military and intelligence personnel involved in the removal of Osama bin Laden; (7) reasserts its commitment to opposing violent extremism arrayed against American interests and to providing the United States military, intelligence, and law enforcement communities with the resources and support to do so effectively and safely; (8) vows that it will continue to identify, intercept, and disrupt terrorists and their activities; (9) reaffirms that the American people will never forget the sacrifices made on September 11, 2001, and will never bow to terrorist demands; and (10) declares that when Congress adjourns today, it stands adjourned out of respect to the victims of the terrorist attacks. The resolution was agreed to. A motion to reconsider was laid on the table. ____________________",,"[Congressional Record Volume 162, Number 136 (Friday, September 9, 2016)] [House] [Pages H5229-H5230] From the Congressional Record Online through the Government Publishing Office [ www.gpo.gov ] EXPRESSING THE SENSE OF THE HOUSE OF REPRESENTATIVES REGARDING THE TERRORIST ATTACKS LAUNCHED AGAINST THE UNITED STATES ON SEPTEMBER 11, 2001, ON THE 15TH ANNIVERSARY OF THAT DATE Mr. McCARTHY. Mr. Speaker, I ask unanimous consent that the Committee on Oversight and Government Reform, Committee on Homeland Security, Committee on the Judiciary, Committee on Transportation and Infrastructure, Committee on Armed Services, Committee on Foreign Affairs, and the Permanent Select Committee on Intelligence, be discharged from further consideration of House Resolution 842, and ask for its immediate consideration in the House. The Clerk read the title of the resolution. The SPEAKER pro tempore. Is there objection to the request of the gentleman from California? There was no objection. The text of the resolution is as follows: H. Res. 842 Whereas, on September 11, 2001, while Americans were attending to their daily routines, terrorists hijacked four civilian aircraft, crashing two of them into the towers of the World Trade Center in New York City, a third into the Pentagon near Washington, DC, and a fourth was prevented from also being used as a weapon against America by brave passengers who placed their country above their own lives; Whereas thousands of innocent Americans were killed and injured as a result of these attacks, including the passengers and crew of the four aircraft, workers in the World Trade Center and in the Pentagon, rescue workers, and bystanders; Whereas the crewmembers of United Flight 175, American Flight 11, American Flight 77, and United Flight 93 acted as first responders, reporting the first intelligence of a war the United States did not know it was fighting and sacrificing their own lives to protect the United States and the lives of countless others; Whereas 15 years later the country continues to, and shall forever, mourn their tragic loss and honor their memory; Whereas these attacks destroyed both towers of the World Trade Center, as well as adjacent buildings, and seriously damaged the Pentagon; Whereas these attacks were by far the deadliest terrorist attacks ever launched against the United States, and, by targeting symbols of American strength and success, were intended to assail the principles, values, and freedoms of the United States and the American people, intimidate our Nation, and weaken its resolve; Whereas memorials have been constructed to honor the victims of these attacks at the Pentagon, in Shanksville, Pennsylvania, and on the World Trade Center grounds, so that Americans and people from around the world can visit to mourn those lost and to pay tribute to the heroic action and sacrifice of those who have served our communities and our country in the years since the attacks; Whereas 15 years after September 11, 2001, the United States continues to fight terrorists and other extremists who threaten America and her friends and allies; Whereas successive Congresses have passed and President Bush and President Obama have signed numerous laws to assist victims of terrorism, protect our Nation, combat terrorism at home and abroad, and support the members of the Armed Forces who courageously defend the United States; Whereas by the tireless efforts of our intelligence, military, and law enforcement professionals, the United States has been able to significantly degrade the al Qaida network, by taking into custody or killing senior al Qaida leaders, operational managers, and key facilitators, and owes a debt of gratitude to the focused and persistent efforts of all those personnel involved in the removal of Osama bin Laden; Whereas the terrorist attacks that have occurred around the world since September 11, 2001, remind us of the hateful inhumanity of terrorism and the ongoing threat it poses to freedom, justice, and the rule of law; Whereas United States law enforcement and intelligence agencies and allies of the United States around the world have worked together to detect and disrupt terrorist networks and numerous terror plots since September 11, 2001; Whereas the Nation is indebted to the brave military, intelligence, law enforcement, and civilian personnel serving in Afghanistan, Iraq, and elsewhere in advancement of United States national interests; Whereas thousands of families have lost loved ones in the defense of freedom and liberty against the tyranny of terror; and Whereas the passage of 15 years has not diminished the pain caused by the senseless loss of nearly 3,000 persons killed on September 11, 2001: Now, therefore, be it Resolved, That the House of Representatives-- (1) recognizes September 11 as a day of solemn commemoration; (2) extends again its deepest sympathies to the thousands of innocent victims of the September 11, 2001, terrorist attacks, and to their families, friends, and loved ones; (3) honors the heroism and the sacrifices of United States military and civilian personnel and their families who have sacrificed much, including their lives and health, in defense of their country; (4) credits the heroism of first responders, law enforcement personnel, State and local officials, volunteers, and others who aided [[Page H5230]] the victims of these attacks and, in so doing, bravely risked their own lives and long-term health; (5) expresses thanks and gratitude to the foreign leaders and citizens of all nations who have assisted and continue to stand in solidarity with the United States against terrorism in the aftermath of the attacks on September 11, 2001, and asks them to continue to stand with the United States against international terrorism; (6) commends the military and intelligence personnel involved in the removal of Osama bin Laden; (7) reasserts its commitment to opposing violent extremism arrayed against American interests and to providing the United States military, intelligence, and law enforcement communities with the resources and support to do so effectively and safely; (8) vows that it will continue to identify, intercept, and disrupt terrorists and their activities; (9) reaffirms that the American people will never forget the sacrifices made on September 11, 2001, and will never bow to terrorist demands; and (10) declares that when Congress adjourns today, it stands adjourned out of respect to the victims of the terrorist attacks. The resolution was agreed to. A motion to reconsider was laid on the table. ____________________",https://api.govinfo.gov/related/CREC-2016-09-09-pt1-PgH5229-4,CREC,Proceedings of Congress and General Congressional Publications,2025-03-07T17:31:58Z,Congressional Record,package_114_321.csv,6617,0,6617,"[congressional record volume 162, number 136 (friday, september 9, 2016)] [house] [pages h5229-h5230] from the congressional record online through the government publishing office [ www.gpo.gov ] expressing the sense of the house of representatives regarding the terrorist attacks launched against the united states on september 11, 2001, on the 15th anniversary of that date mr. mccarthy. mr. speaker, i ask unanimous consent that the committee on oversight and government reform, committee on homeland security, committee on the judiciary, committee on transportation and infrastructure, committee on armed services, committee on foreign affairs, and the permanent select committee on intelligence, be discharged from further consideration of house resolution 842, and ask for its immediate consideration in the house. the clerk read the title of the resolution. the speaker pro tempore. is there objection to the request of the gentleman from california? there was no objection. the text of the resolution is as follows: h. res. 842 whereas, on september 11, 2001, while americans were attending to their daily routines, terrorists hijacked four civilian aircraft, crashing two of them into the towers of the world trade center in new york city, a third into the pentagon near washington, dc, and a fourth was prevented from also being used as a weapon against america by brave passengers who placed their country above their own lives; whereas thousands of innocent americans were killed and injured as a result of these attacks, including the passengers and crew of the four aircraft, workers in the world trade center and in the pentagon, rescue workers, and bystanders; whereas the crewmembers of united flight 175, american flight 11, american flight 77, and united flight 93 acted as first responders, reporting the first intelligence of a war the united states did not know it was fighting and sacrificing their own lives to protect the united states and the lives of countless others; whereas 15 years later the country continues to, and shall forever, mourn their tragic loss and honor their memory; whereas these attacks destroyed both towers of the world trade center, as well as adjacent buildings, and seriously damaged the pentagon; whereas these attacks were by far the deadliest terrorist attacks ever launched against the united states, and, by targeting symbols of american strength and success, were intended to assail the principles, values, and freedoms of the united states and the american people, intimidate our nation, and weaken its resolve; whereas memorials have been constructed to honor the victims of these attacks at the pentagon, in shanksville, pennsylvania, and on the world trade center grounds, so that americans and people from around the world can visit to mourn those lost and to pay tribute to the heroic action and sacrifice of those who have served our communities and our country in the years since the attacks; whereas 15 years after september 11, 2001, the united states continues to fight terrorists and other extremists who threaten america and her friends and allies; whereas successive congresses have passed and president bush and president obama have signed numerous laws to assist victims of terrorism, protect our nation, combat terrorism at home and abroad, and support the members of the armed forces who courageously defend the united states; whereas by the tireless efforts of our intelligence, military, and law enforcement professionals, the united states has been able to significantly degrade the al qaida network, by taking into custody or killing senior al qaida leaders, operational managers, and key facilitators, and owes a debt of gratitude to the focused and persistent efforts of all those personnel involved in the removal of osama bin laden; whereas the terrorist attacks that have occurred around the world since september 11, 2001, remind us of the hateful inhumanity of terrorism and the ongoing threat it poses to freedom, justice, and the rule of law; whereas united states law enforcement and intelligence agencies and allies of the united states around the world have worked together to detect and disrupt terrorist networks and numerous terror plots since september 11, 2001; whereas the nation is indebted to the brave military, intelligence, law enforcement, and civilian personnel serving in afghanistan, iraq, and elsewhere in advancement of united states national interests; whereas thousands of families have lost loved ones in the defense of freedom and liberty against the tyranny of terror; and whereas the passage of 15 years has not diminished the pain caused by the senseless loss of nearly 3,000 persons killed on september 11, 2001: now, therefore, be it resolved, that the house of representatives-- (1) recognizes september 11 as a day of solemn commemoration; (2) extends again its deepest sympathies to the thousands of innocent victims of the september 11, 2001, terrorist attacks, and to their families, friends, and loved ones; (3) honors the heroism and the sacrifices of united states military and civilian personnel and their families who have sacrificed much, including their lives and health, in defense of their country; (4) credits the heroism of first responders, law enforcement personnel, state and local officials, volunteers, and others who aided [[page h5230]] the victims of these attacks and, in so doing, bravely risked their own lives and long-term health; (5) expresses thanks and gratitude to the foreign leaders and citizens of all nations who have assisted and continue to stand in solidarity with the united states against terrorism in the aftermath of the attacks on september 11, 2001, and asks them to continue to stand with the united states against international terrorism; (6) commends the military and intelligence personnel involved in the removal of osama bin laden; (7) reasserts its commitment to opposing violent extremism arrayed against american interests and to providing the united states military, intelligence, and law enforcement communities with the resources and support to do so effectively and safely; (8) vows that it will continue to identify, intercept, and disrupt terrorists and their activities; (9) reaffirms that the american people will never forget the sacrifices made on september 11, 2001, and will never bow to terrorist demands; and (10) declares that when congress adjourns today, it stands adjourned out of respect to the victims of the terrorist attacks. the resolution was agreed to. a motion to reconsider was laid on the table. ____________________",6617
CREC-2016-09-09-pt1-PgH5229,CREC-2016-09-09,2016-09-09,I AM STUNNED,CREC,HOUSE,H,H,1,https://www.govinfo.gov/app/details/CREC-2016-09-09/CREC-2016-09-09-pt1-PgH5229,https://api.govinfo.gov/packages/CREC-2016-09-09/granules/CREC-2016-09-09-pt1-PgH5229/htm,https://api.govinfo.gov/packages/CREC-2016-09-09/granules/CREC-2016-09-09-pt1-PgH5229/pdf,https://api.govinfo.gov/packages/CREC-2016-09-09/summary,"[Congressional Record Volume 162, Number 136 (Friday, September 9, 2016)] [House] [Page H5229] From the Congressional Record Online through the Government Publishing Office [ www.gpo.gov ] I AM STUNNED (Ms. MAXINE WATERS of California asked and was given permission to address the House for 1 minute.) Ms. MAXINE WATERS of California. Mr. Speaker, I come this morning rather stunned because I am witnessing comments by Presidential candidate Trump and Vice Presidential candidate Mike Pence that stuns me. Today I heard that Pence basically said that Vladimir Putin has been a stronger leader in his country than Barack Obama in his country. And then, of course, Donald Trump is arguing that the Russians are not meddling in American Presidential politics, despite the fact he was interviewing on a Russian television station. What is going on here? Is this patriotism? I don't know why all of a sudden we have a Presidential candidate who is praising or talking about basically a dictator being better than the President of the United States of America. ____________________",,"[Congressional Record Volume 162, Number 136 (Friday, September 9, 2016)] [House] [Page H5229] From the Congressional Record Online through the Government Publishing Office [ www.gpo.gov ] I AM STUNNED (Ms. MAXINE WATERS of California asked and was given permission to address the House for 1 minute.) Ms. MAXINE WATERS of California. Mr. Speaker, I come this morning rather stunned because I am witnessing comments by Presidential candidate Trump and Vice Presidential candidate Mike Pence that stuns me. Today I heard that Pence basically said that Vladimir Putin has been a stronger leader in his country than Barack Obama in his country. And then, of course, Donald Trump is arguing that the Russians are not meddling in American Presidential politics, despite the fact he was interviewing on a Russian television station. What is going on here? Is this patriotism? I don't know why all of a sudden we have a Presidential candidate who is praising or talking about basically a dictator being better than the President of the United States of America. ____________________",https://api.govinfo.gov/related/CREC-2016-09-09-pt1-PgH5229,CREC,Proceedings of Congress and General Congressional Publications,2025-03-07T17:31:58Z,Congressional Record,package_114_321.csv,1075,0,1075,"[congressional record volume 162, number 136 (friday, september 9, 2016)] [house] [page h5229] from the congressional record online through the government publishing office [ www.gpo.gov ] i am stunned (ms. maxine waters of california asked and was given permission to address the house for 1 minute.) ms. maxine waters of california. mr. speaker, i come this morning rather stunned because i am witnessing comments by presidential candidate trump and vice presidential candidate mike pence that stuns me. today i heard that pence basically said that vladimir putin has been a stronger leader in his country than barack obama in his country. and then, of course, donald trump is arguing that the russians are not meddling in american presidential politics, despite the fact he was interviewing on a russian television station. what is going on here? is this patriotism? i don't know why all of a sudden we have a presidential candidate who is praising or talking about basically a dictator being better than the president of the united states of america. ____________________",1075
CREC-2016-09-09-pt1-PgH5230,CREC-2016-09-09,2016-09-09,"PERMISSION TO POSTPONE PROCEEDINGS ON MOTION TO RECOMMIT ON H.R. 5424, INVESTMENT ADVISERS MODERNIZATION ACT OF 2016",CREC,HOUSE,H,H,1,https://www.govinfo.gov/app/details/CREC-2016-09-09/CREC-2016-09-09-pt1-PgH5230,https://api.govinfo.gov/packages/CREC-2016-09-09/granules/CREC-2016-09-09-pt1-PgH5230/htm,https://api.govinfo.gov/packages/CREC-2016-09-09/granules/CREC-2016-09-09-pt1-PgH5230/pdf,https://api.govinfo.gov/packages/CREC-2016-09-09/summary,"[Congressional Record Volume 162, Number 136 (Friday, September 9, 2016)] [House] [Page H5230] From the Congressional Record Online through the Government Publishing Office [ www.gpo.gov ] PERMISSION TO POSTPONE PROCEEDINGS ON MOTION TO RECOMMIT ON H.R. 5424, INVESTMENT ADVISERS MODERNIZATION ACT OF 2016 Mr. HURT of Virginia. Mr. Speaker, I ask unanimous consent that the question of adopting a motion to recommit on H.R. 5424 may be subject to postponement as though under clause 8 of rule XX. The SPEAKER pro tempore. Is there objection to the request of the gentleman from Virginia? There was no objection. ____________________",,"[Congressional Record Volume 162, Number 136 (Friday, September 9, 2016)] [House] [Page H5230] From the Congressional Record Online through the Government Publishing Office [ www.gpo.gov ] PERMISSION TO POSTPONE PROCEEDINGS ON MOTION TO RECOMMIT ON H.R. 5424, INVESTMENT ADVISERS MODERNIZATION ACT OF 2016 Mr. HURT of Virginia. Mr. Speaker, I ask unanimous consent that the question of adopting a motion to recommit on H.R. 5424 may be subject to postponement as though under clause 8 of rule XX. The SPEAKER pro tempore. Is there objection to the request of the gentleman from Virginia? There was no objection. ____________________",https://api.govinfo.gov/related/CREC-2016-09-09-pt1-PgH5230,CREC,Proceedings of Congress and General Congressional Publications,2025-03-07T17:31:58Z,Congressional Record,package_114_321.csv,632,0,632,"[congressional record volume 162, number 136 (friday, september 9, 2016)] [house] [page h5230] from the congressional record online through the government publishing office [ www.gpo.gov ] permission to postpone proceedings on motion to recommit on h.r. 5424, investment advisers modernization act of 2016 mr. hurt of virginia. mr. speaker, i ask unanimous consent that the question of adopting a motion to recommit on h.r. 5424 may be subject to postponement as though under clause 8 of rule xx. the speaker pro tempore. is there objection to the request of the gentleman from virginia? there was no objection. ____________________",632
CREC-2016-09-09-pt1-PgH5239-2,CREC-2016-09-09,2016-09-09,AFTER RECESS,CREC,HOUSE,H,H,1,https://www.govinfo.gov/app/details/CREC-2016-09-09/CREC-2016-09-09-pt1-PgH5239-2,https://api.govinfo.gov/packages/CREC-2016-09-09/granules/CREC-2016-09-09-pt1-PgH5239-2/htm,https://api.govinfo.gov/packages/CREC-2016-09-09/granules/CREC-2016-09-09-pt1-PgH5239-2/pdf,https://api.govinfo.gov/packages/CREC-2016-09-09/summary,,,,https://api.govinfo.gov/related/CREC-2016-09-09-pt1-PgH5239-2,CREC,Proceedings of Congress and General Congressional Publications,2025-03-07T17:31:58Z,Congressional Record,package_114_321.csv,0,0,0,,0
CREC-2016-09-09-pt1-PgH5239-3,CREC-2016-09-09,2016-09-09,JUSTICE AGAINST SPONSORS OF TERRORISM ACT,CREC,HOUSE,H,H,1,https://www.govinfo.gov/app/details/CREC-2016-09-09/CREC-2016-09-09-pt1-PgH5239-3,https://api.govinfo.gov/packages/CREC-2016-09-09/granules/CREC-2016-09-09-pt1-PgH5239-3/htm,https://api.govinfo.gov/packages/CREC-2016-09-09/granules/CREC-2016-09-09-pt1-PgH5239-3/pdf,https://api.govinfo.gov/packages/CREC-2016-09-09/summary,,,,https://api.govinfo.gov/related/CREC-2016-09-09-pt1-PgH5239-3,CREC,Proceedings of Congress and General Congressional Publications,2025-03-07T17:31:58Z,Congressional Record,package_114_321.csv,0,0,0,,0
CREC-2016-09-09-pt1-PgH5244,CREC-2016-09-09,2016-09-09,ANNOUNCEMENT BY THE SPEAKER PRO TEMPORE,CREC,HOUSE,H,H,1,https://www.govinfo.gov/app/details/CREC-2016-09-09/CREC-2016-09-09-pt1-PgH5244,https://api.govinfo.gov/packages/CREC-2016-09-09/granules/CREC-2016-09-09-pt1-PgH5244/htm,https://api.govinfo.gov/packages/CREC-2016-09-09/granules/CREC-2016-09-09-pt1-PgH5244/pdf,https://api.govinfo.gov/packages/CREC-2016-09-09/summary,,,,https://api.govinfo.gov/related/CREC-2016-09-09-pt1-PgH5244,CREC,Proceedings of Congress and General Congressional Publications,2025-03-07T17:31:58Z,Congressional Record,package_114_321.csv,0,0,0,,0
CREC-2016-09-09-pt1-PgH5244-2,CREC-2016-09-09,2016-09-09,ANNOUNCEMENT BY THE SPEAKER PRO TEMPORE,CREC,HOUSE,H,H,1,https://www.govinfo.gov/app/details/CREC-2016-09-09/CREC-2016-09-09-pt1-PgH5244-2,https://api.govinfo.gov/packages/CREC-2016-09-09/granules/CREC-2016-09-09-pt1-PgH5244-2/htm,https://api.govinfo.gov/packages/CREC-2016-09-09/granules/CREC-2016-09-09-pt1-PgH5244-2/pdf,https://api.govinfo.gov/packages/CREC-2016-09-09/summary,"[Congressional Record Volume 162, Number 136 (Friday, September 9, 2016)] [House] [Page H5244] From the Congressional Record Online through the Government Publishing Office [ www.gpo.gov ] ANNOUNCEMENT BY THE SPEAKER PRO TEMPORE The SPEAKER pro tempore. Pursuant to clause 8 of rule XX, and the order of the House of today, proceedings will resume on questions previously. Votes will be taken in the following order: Adoption of the motion to recommit on H.R. 5424; and passage of H.R. 5424, if ordered. The first electronic vote will be conducted as a 15-minute vote. The remaining electronic vote will be conducted as a 5-minute vote. ____________________",,"[Congressional Record Volume 162, Number 136 (Friday, September 9, 2016)] [House] [Page H5244] From the Congressional Record Online through the Government Publishing Office [ www.gpo.gov ] ANNOUNCEMENT BY THE SPEAKER PRO TEMPORE The SPEAKER pro tempore. Pursuant to clause 8 of rule XX, and the order of the House of today, proceedings will resume on questions previously. Votes will be taken in the following order: Adoption of the motion to recommit on H.R. 5424; and passage of H.R. 5424, if ordered. The first electronic vote will be conducted as a 15-minute vote. The remaining electronic vote will be conducted as a 5-minute vote. ____________________",https://api.govinfo.gov/related/CREC-2016-09-09-pt1-PgH5244-2,CREC,Proceedings of Congress and General Congressional Publications,2025-03-07T17:31:58Z,Congressional Record,package_114_321.csv,657,0,657,"[congressional record volume 162, number 136 (friday, september 9, 2016)] [house] [page h5244] from the congressional record online through the government publishing office [ www.gpo.gov ] announcement by the speaker pro tempore the speaker pro tempore. pursuant to clause 8 of rule xx, and the order of the house of today, proceedings will resume on questions previously. votes will be taken in the following order: adoption of the motion to recommit on h.r. 5424; and passage of h.r. 5424, if ordered. the first electronic vote will be conducted as a 15-minute vote. the remaining electronic vote will be conducted as a 5-minute vote. ____________________",657
CREC-2016-09-09-pt1-PgH5244-3,CREC-2016-09-09,2016-09-09,INVESTMENT ADVISERS MODERNIZATION ACT OF 2016,CREC,HOUSE,H,H,1,https://www.govinfo.gov/app/details/CREC-2016-09-09/CREC-2016-09-09-pt1-PgH5244-3,https://api.govinfo.gov/packages/CREC-2016-09-09/granules/CREC-2016-09-09-pt1-PgH5244-3/htm,https://api.govinfo.gov/packages/CREC-2016-09-09/granules/CREC-2016-09-09-pt1-PgH5244-3/pdf,https://api.govinfo.gov/packages/CREC-2016-09-09/summary,"[Congressional Record Volume 162, Number 136 (Friday, September 9, 2016)] [House] [Pages H5244-H5246] From the Congressional Record Online through the Government Publishing Office [ www.gpo.gov ] INVESTMENT ADVISERS MODERNIZATION ACT OF 2016 The SPEAKER pro tempore. The unfinished business is the vote on the motion to recommit on the bill (H.R. 5424) to amend the Investment Advisers Act of 1940 and to direct the Securities and Exchange Commission to amend its rules to modernize certain requirements relating to investment advisers, and for other purposes, offered by the gentleman from Virginia (Mr. Hurt), on which the yeas and nays were ordered. The Clerk will redesignate the motion. The Clerk redesignated the motion. The SPEAKER pro tempore. The question is on the motion to recommit. The vote was taken by electronic device, and there were--yeas 176, nays 232, not voting 23, as follows: [Roll No. 494] YEAS--176 Adams Aguilar Ashford Bass Beatty Becerra Bera Beyer Bishop (GA) Blumenauer Bonamici Boyle, Brendan F. Brady (PA) Brownley (CA) Bustos Butterfield Capps Capuano Cardenas Carney Carson (IN) Cartwright Castor (FL) Castro (TX) Chu, Judy Cicilline Clark (MA) Clarke (NY) Clay Cleaver Clyburn Cohen Conyers Cooper Costa Courtney Crowley Cuellar Cummings Davis (CA) Davis, Danny DeFazio DeGette Delaney DeLauro DelBene DeSaulnier Deutch Dingell Doggett Duckworth Edwards Ellison Engel Eshoo Esty Farr Foster Frankel (FL) Fudge Gabbard Gallego Garamendi Graham Grayson Green, Al Green, Gene Grijalva Gutierrez Hahn Heck (WA) Higgins Himes Hinojosa Honda Hoyer Huffman Israel Jackson Lee Jeffries Johnson (GA) Johnson, E. B. Kaptur Keating Kelly (IL) Kennedy Kildee Kilmer Kind Kirkpatrick Kuster Langevin Larsen (WA) Larson (CT) Lawrence Lee Levin Lewis Lieu, Ted Lipinski Loebsack Lofgren Lowenthal Lowey [[Page H5245]] Lujan Grisham (NM) Lujan, Ben Ray (NM) Maloney, Carolyn Maloney, Sean Matsui McCollum McDermott McGovern McNerney Meeks Meng Moore Moulton Murphy (FL) Nadler Napolitano Neal Nolan Norcross O'Rourke Pallone Pascrell Payne Pelosi Perlmutter Peters Peterson Pingree Pocan Polis Price (NC) Quigley Rangel Rice (NY) Richmond Roybal-Allard Ruiz Ruppersberger Sanchez, Linda T. Sarbanes Schakowsky Schiff Schrader Scott (VA) Scott, David Serrano Sewell (AL) Sherman Sires Slaughter Smith (WA) Speier Takano Thompson (CA) Thompson (MS) Titus Tonko Torres Tsongas Van Hollen Vargas Veasey Vela Velazquez Visclosky Walz Wasserman Schultz Waters, Maxine Watson Coleman Welch Wilson (FL) Yarmuth NAYS--232 Abraham Aderholt Allen Amash Amodei Babin Barletta Barr Barton Benishek Bilirakis Bishop (MI) Bishop (UT) Black Blackburn Blum Bost Boustany Brady (TX) Brat Bridenstine Brooks (AL) Brooks (IN) Buchanan Buck Bucshon Burgess Byrne Calvert Carter (GA) Carter (TX) Chabot Chaffetz Clawson (FL) Coffman Cole Collins (GA) Collins (NY) Comstock Conaway Cook Costello (PA) Cramer Crawford Crenshaw Culberson Curbelo (FL) Davidson Davis, Rodney Denham Dent DeSantis Diaz-Balart Dold Donovan Duffy Duncan (SC) Duncan (TN) Ellmers (NC) Emmer (MN) Farenthold Fitzpatrick Fleischmann Fleming Flores Forbes Fortenberry Foxx Franks (AZ) Frelinghuysen Garrett Gibbs Gibson Goodlatte Gosar Gowdy Granger Graves (GA) Graves (LA) Graves (MO) Griffith Grothman Guthrie Hanna Hardy Harper Harris Hartzler Heck (NV) Hensarling Herrera Beutler Hice, Jody B. Hill Holding Hudson Huelskamp Huizenga (MI) Hultgren Hunter Hurd (TX) Hurt (VA) Issa Jenkins (KS) Jenkins (WV) Johnson (OH) Jolly Jones Jordan Joyce Katko Kelly (MS) Kelly (PA) King (IA) King (NY) Kinzinger (IL) Kline Knight Labrador LaHood LaMalfa Lamborn Lance Latta LoBiondo Long Loudermilk Love Lucas Luetkemeyer Lummis MacArthur Marchant Marino Massie McCarthy McCaul McClintock McHenry McKinley McMorris Rodgers McSally Meadows Meehan Messer Mica Miller (MI) Moolenaar Mooney (WV) Mullin Mulvaney Murphy (PA) Newhouse Noem Nunes Olson Palmer Paulsen Pearce Perry Pittenger Pitts Poe (TX) Poliquin Pompeo Posey Price, Tom Ratcliffe Reed Renacci Ribble Rice (SC) Rigell Roby Roe (TN) Rogers (AL) Rogers (KY) Rohrabacher Rokita Rooney (FL) Ros-Lehtinen Roskam Rothfus Rouzer Royce Salmon Sanford Scalise Schweikert Scott, Austin Sensenbrenner Sessions Shimkus Shuster Simpson Sinema Smith (MO) Smith (NE) Smith (NJ) Smith (TX) Stefanik Stewart Stivers Stutzman Thompson (PA) Thornberry Tiberi Tipton Trott Turner Upton Valadao Wagner Walberg Walden Walker Walorski Walters, Mimi Weber (TX) Webster (FL) Wenstrup Westerman Williams Wilson (SC) Wittman Womack Woodall Yoder Yoho Young (AK) Young (IA) Young (IN) Zeldin NOT VOTING--23 Brown (FL) Connolly DesJarlais Doyle, Michael F. Fincher Gohmert Guinta Hastings Johnson, Sam Lynch Miller (FL) Neugebauer Nugent Palazzo Reichert Ross Rush Russell Ryan (OH) Sanchez, Loretta Swalwell (CA) Westmoreland Zinke {time} 1203 Messrs. COFFMAN, BISHOP of Michigan, McHENRY, SIMPSON, Mrs. HARTZLER, and Mr. STIVERS changed their vote from ``yea'' to ``nay.'' Mrs. CAPPS and Mr. PERLMUTTER changed their vote from ``nay'' to ``yea.'' So the motion to recommit was rejected. The result of the vote was announced as above recorded. The SPEAKER pro tempore. The question is on the passage of the bill. The question was taken; and the Speaker pro tempore announced that the ayes appeared to have it. Ms. MAXINE WATERS of California. Mr. Speaker, on that I demand the yeas and nays. The yeas and nays were ordered. The SPEAKER pro tempore. This is a 5-minute vote. The vote was taken by electronic device, and there were--yeas 261, nays 145, not voting 25, as follows: [Roll No. 495] YEAS--261 Abraham Aderholt Aguilar Allen Amash Amodei Ashford Babin Barletta Barr Benishek Beyer Bilirakis Bishop (MI) Bishop (UT) Black Blackburn Blum Bost Boustany Brady (TX) Brat Bridenstine Brooks (AL) Brooks (IN) Buchanan Buck Burgess Byrne Calvert Carney Carter (GA) Carter (TX) Chabot Chaffetz Clawson (FL) Coffman Cole Collins (GA) Collins (NY) Comstock Conaway Connolly Cook Cooper Costa Costello (PA) Cramer Crawford Crenshaw Cuellar Culberson Curbelo (FL) Davidson Davis, Rodney Delaney DelBene Denham Dent DeSantis Diaz-Balart Dold Donovan Duffy Duncan (SC) Ellmers (NC) Emmer (MN) Esty Farenthold Fitzpatrick Fleischmann Fleming Flores Forbes Fortenberry Foster Foxx Franks (AZ) Frelinghuysen Garrett Gibbs Gibson Goodlatte Gosar Gowdy Graham Granger Graves (GA) Graves (LA) Graves (MO) Grothman Guthrie Hanna Hardy Harper Harris Hartzler Heck (NV) Heck (WA) Hensarling Herrera Beutler Hice, Jody B. Hill Himes Holding Hudson Huelskamp Huizenga (MI) Hultgren Hunter Hurd (TX) Hurt (VA) Issa Jenkins (KS) Jenkins (WV) Johnson (OH) Jolly Jordan Joyce Katko Kelly (MS) Kelly (PA) Kilmer Kind King (IA) King (NY) Kinzinger (IL) Kirkpatrick Kline Knight Labrador LaHood LaMalfa Lance Larsen (WA) Latta Long Loudermilk Love Lucas Luetkemeyer Lummis MacArthur Maloney, Sean Marino Massie McCarthy McCaul McClintock McHenry McKinley McMorris Rodgers McSally Meadows Meehan Messer Mica Miller (MI) Moolenaar Mooney (WV) Moulton Mullin Mulvaney Murphy (PA) Neugebauer Newhouse Noem Nunes Olson Palmer Paulsen Pearce Perlmutter Perry Peters Peterson Pittenger Pitts Poe (TX) Poliquin Polis Pompeo Posey Price, Tom Quigley Ratcliffe Reed Renacci Ribble Rice (NY) Rice (SC) Rigell Roby Roe (TN) Rogers (AL) Rogers (KY) Rohrabacher Rokita Rooney (FL) Ros-Lehtinen Roskam Rothfus Rouzer Royce Ruppersberger Russell Salmon Sanford Scalise Schrader Schweikert Scott, Austin Scott, David Sensenbrenner Sessions Sewell (AL) Shimkus Shuster Simpson Sinema Smith (MO) Smith (NE) Smith (NJ) Smith (TX) Stefanik Stewart Stivers Stutzman Thompson (PA) Thornberry Tiberi Tipton Trott Turner Upton Valadao Vargas Veasey Vela Wagner Walberg Walden Walker Walorski Walters, Mimi Weber (TX) Webster (FL) Wenstrup Westerman Williams Wilson (SC) Wittman Womack Woodall Yoder Yoho Young (AK) Young (IA) Young (IN) Zeldin Zinke NAYS--145 Adams Bass Beatty Becerra Bera Bishop (GA) Blumenauer Bonamici Boyle, Brendan F. Brady (PA) Brownley (CA) Bustos Butterfield Capps Capuano Cardenas Carson (IN) Cartwright Castor (FL) Castro (TX) Chu, Judy Cicilline Clark (MA) Clarke (NY) Clay Cleaver Clyburn Cohen Conyers Courtney Crowley Cummings Davis (CA) Davis, Danny DeFazio DeGette DeLauro DeSaulnier Deutch Dingell Duckworth Duncan (TN) Edwards Ellison Engel Eshoo Farr Frankel (FL) Fudge Gabbard Gallego Garamendi Grayson Green, Al Green, Gene Grijalva Gutierrez Hahn Higgins Hinojosa Honda Hoyer Huffman Israel Jackson Lee Jeffries Johnson (GA) Johnson, E. B. Jones Kaptur Keating Kelly (IL) Kennedy Kildee Kuster Langevin Larson (CT) Lawrence Lee Levin Lewis Lieu, Ted Lipinski LoBiondo Loebsack Lofgren Lowenthal Lowey Lujan Grisham (NM) Lujan, Ben Ray (NM) Maloney, Carolyn Matsui McCollum McDermott McGovern McNerney Meeks Meng Moore Murphy (FL) Nadler Napolitano Neal Nolan Norcross O'Rourke Pallone Pascrell Payne Pelosi Pingree Pocan Price (NC) Rangel Richmond Roybal-Allard Ruiz Sanchez, Linda T. Sarbanes Schakowsky Schiff Scott (VA) Serrano Sherman Sires Slaughter Smith (WA) Speier Takano Thompson (CA) Thompson (MS) Titus Tonko Torres Tsongas Van Hollen Velazquez Visclosky Walz Wasserman Schultz Waters, Maxine Watson Coleman Welch Wilson (FL) Yarmuth [[Page H5246]] NOT VOTING--25 Barton Brown (FL) Bucshon DesJarlais Doggett Doyle, Michael F. Fincher Gohmert Griffith Guinta Hastings Johnson, Sam Lamborn Lynch Marchant Miller (FL) Nugent Palazzo Reichert Ross Rush Ryan (OH) Sanchez, Loretta Swalwell (CA) Westmoreland Announcement by the Speaker Pro Tempore The SPEAKER pro tempore (Mr. Kelly of Mississippi) (during the vote). There are 2 minutes remaining. {time} 1209 So the bill was passed. The result of the vote was announced as above recorded. A motion to reconsider was laid on the table. Stated for: Mr. LAMBORN. Mr. Speaker, I was unavoidably detained for rollcall vote 495. Had I been present, I would have voted ``aye''. Mr. BUCSHON. Mr. Speaker, on rollcall No. 495, I was unavoidably detained. Had I been present, I would have voted ``yes.'' Personal Explanation Mr. LYNCH. Mr. Speaker, on rollcall vote 494, the vote on the Motion to Recommit H.R. 5424, the Investment Advisers Modernization Act of 2016, had I been able to vote, I would have voted ``aye.'' Mr. Speaker, on rollcall vote 495, the vote on Final Passage of H.R. 5424, the Investment Advisers Modernization Act of 2016, had I been able to vote, I would have voted ``nay.'' ____________________",,"[Congressional Record Volume 162, Number 136 (Friday, September 9, 2016)] [House] [Pages H5244-H5246] From the Congressional Record Online through the Government Publishing Office [ www.gpo.gov ] INVESTMENT ADVISERS MODERNIZATION ACT OF 2016 The SPEAKER pro tempore. The unfinished business is the vote on the motion to recommit on the bill (H.R. 5424) to amend the Investment Advisers Act of 1940 and to direct the Securities and Exchange Commission to amend its rules to modernize certain requirements relating to investment advisers, and for other purposes, offered by the gentleman from Virginia (Mr. Hurt), on which the yeas and nays were ordered. The Clerk will redesignate the motion. The Clerk redesignated the motion. The SPEAKER pro tempore. The question is on the motion to recommit. The vote was taken by electronic device, and there were--yeas 176, nays 232, not voting 23, as follows: [Roll No. 494] YEAS--176 Adams Aguilar Ashford Bass Beatty Becerra Bera Beyer Bishop (GA) Blumenauer Bonamici Boyle, Brendan F. Brady (PA) Brownley (CA) Bustos Butterfield Capps Capuano Cardenas Carney Carson (IN) Cartwright Castor (FL) Castro (TX) Chu, Judy Cicilline Clark (MA) Clarke (NY) Clay Cleaver Clyburn Cohen Conyers Cooper Costa Courtney Crowley Cuellar Cummings Davis (CA) Davis, Danny DeFazio DeGette Delaney DeLauro DelBene DeSaulnier Deutch Dingell Doggett Duckworth Edwards Ellison Engel Eshoo Esty Farr Foster Frankel (FL) Fudge Gabbard Gallego Garamendi Graham Grayson Green, Al Green, Gene Grijalva Gutierrez Hahn Heck (WA) Higgins Himes Hinojosa Honda Hoyer Huffman Israel Jackson Lee Jeffries Johnson (GA) Johnson, E. B. Kaptur Keating Kelly (IL) Kennedy Kildee Kilmer Kind Kirkpatrick Kuster Langevin Larsen (WA) Larson (CT) Lawrence Lee Levin Lewis Lieu, Ted Lipinski Loebsack Lofgren Lowenthal Lowey [[Page H5245]] Lujan Grisham (NM) Lujan, Ben Ray (NM) Maloney, Carolyn Maloney, Sean Matsui McCollum McDermott McGovern McNerney Meeks Meng Moore Moulton Murphy (FL) Nadler Napolitano Neal Nolan Norcross O'Rourke Pallone Pascrell Payne Pelosi Perlmutter Peters Peterson Pingree Pocan Polis Price (NC) Quigley Rangel Rice (NY) Richmond Roybal-Allard Ruiz Ruppersberger Sanchez, Linda T. Sarbanes Schakowsky Schiff Schrader Scott (VA) Scott, David Serrano Sewell (AL) Sherman Sires Slaughter Smith (WA) Speier Takano Thompson (CA) Thompson (MS) Titus Tonko Torres Tsongas Van Hollen Vargas Veasey Vela Velazquez Visclosky Walz Wasserman Schultz Waters, Maxine Watson Coleman Welch Wilson (FL) Yarmuth NAYS--232 Abraham Aderholt Allen Amash Amodei Babin Barletta Barr Barton Benishek Bilirakis Bishop (MI) Bishop (UT) Black Blackburn Blum Bost Boustany Brady (TX) Brat Bridenstine Brooks (AL) Brooks (IN) Buchanan Buck Bucshon Burgess Byrne Calvert Carter (GA) Carter (TX) Chabot Chaffetz Clawson (FL) Coffman Cole Collins (GA) Collins (NY) Comstock Conaway Cook Costello (PA) Cramer Crawford Crenshaw Culberson Curbelo (FL) Davidson Davis, Rodney Denham Dent DeSantis Diaz-Balart Dold Donovan Duffy Duncan (SC) Duncan (TN) Ellmers (NC) Emmer (MN) Farenthold Fitzpatrick Fleischmann Fleming Flores Forbes Fortenberry Foxx Franks (AZ) Frelinghuysen Garrett Gibbs Gibson Goodlatte Gosar Gowdy Granger Graves (GA) Graves (LA) Graves (MO) Griffith Grothman Guthrie Hanna Hardy Harper Harris Hartzler Heck (NV) Hensarling Herrera Beutler Hice, Jody B. Hill Holding Hudson Huelskamp Huizenga (MI) Hultgren Hunter Hurd (TX) Hurt (VA) Issa Jenkins (KS) Jenkins (WV) Johnson (OH) Jolly Jones Jordan Joyce Katko Kelly (MS) Kelly (PA) King (IA) King (NY) Kinzinger (IL) Kline Knight Labrador LaHood LaMalfa Lamborn Lance Latta LoBiondo Long Loudermilk Love Lucas Luetkemeyer Lummis MacArthur Marchant Marino Massie McCarthy McCaul McClintock McHenry McKinley McMorris Rodgers McSally Meadows Meehan Messer Mica Miller (MI) Moolenaar Mooney (WV) Mullin Mulvaney Murphy (PA) Newhouse Noem Nunes Olson Palmer Paulsen Pearce Perry Pittenger Pitts Poe (TX) Poliquin Pompeo Posey Price, Tom Ratcliffe Reed Renacci Ribble Rice (SC) Rigell Roby Roe (TN) Rogers (AL) Rogers (KY) Rohrabacher Rokita Rooney (FL) Ros-Lehtinen Roskam Rothfus Rouzer Royce Salmon Sanford Scalise Schweikert Scott, Austin Sensenbrenner Sessions Shimkus Shuster Simpson Sinema Smith (MO) Smith (NE) Smith (NJ) Smith (TX) Stefanik Stewart Stivers Stutzman Thompson (PA) Thornberry Tiberi Tipton Trott Turner Upton Valadao Wagner Walberg Walden Walker Walorski Walters, Mimi Weber (TX) Webster (FL) Wenstrup Westerman Williams Wilson (SC) Wittman Womack Woodall Yoder Yoho Young (AK) Young (IA) Young (IN) Zeldin NOT VOTING--23 Brown (FL) Connolly DesJarlais Doyle, Michael F. Fincher Gohmert Guinta Hastings Johnson, Sam Lynch Miller (FL) Neugebauer Nugent Palazzo Reichert Ross Rush Russell Ryan (OH) Sanchez, Loretta Swalwell (CA) Westmoreland Zinke {time} 1203 Messrs. COFFMAN, BISHOP of Michigan, McHENRY, SIMPSON, Mrs. HARTZLER, and Mr. STIVERS changed their vote from ``yea'' to ``nay.'' Mrs. CAPPS and Mr. PERLMUTTER changed their vote from ``nay'' to ``yea.'' So the motion to recommit was rejected. The result of the vote was announced as above recorded. The SPEAKER pro tempore. The question is on the passage of the bill. The question was taken; and the Speaker pro tempore announced that the ayes appeared to have it. Ms. MAXINE WATERS of California. Mr. Speaker, on that I demand the yeas and nays. The yeas and nays were ordered. The SPEAKER pro tempore. This is a 5-minute vote. The vote was taken by electronic device, and there were--yeas 261, nays 145, not voting 25, as follows: [Roll No. 495] YEAS--261 Abraham Aderholt Aguilar Allen Amash Amodei Ashford Babin Barletta Barr Benishek Beyer Bilirakis Bishop (MI) Bishop (UT) Black Blackburn Blum Bost Boustany Brady (TX) Brat Bridenstine Brooks (AL) Brooks (IN) Buchanan Buck Burgess Byrne Calvert Carney Carter (GA) Carter (TX) Chabot Chaffetz Clawson (FL) Coffman Cole Collins (GA) Collins (NY) Comstock Conaway Connolly Cook Cooper Costa Costello (PA) Cramer Crawford Crenshaw Cuellar Culberson Curbelo (FL) Davidson Davis, Rodney Delaney DelBene Denham Dent DeSantis Diaz-Balart Dold Donovan Duffy Duncan (SC) Ellmers (NC) Emmer (MN) Esty Farenthold Fitzpatrick Fleischmann Fleming Flores Forbes Fortenberry Foster Foxx Franks (AZ) Frelinghuysen Garrett Gibbs Gibson Goodlatte Gosar Gowdy Graham Granger Graves (GA) Graves (LA) Graves (MO) Grothman Guthrie Hanna Hardy Harper Harris Hartzler Heck (NV) Heck (WA) Hensarling Herrera Beutler Hice, Jody B. Hill Himes Holding Hudson Huelskamp Huizenga (MI) Hultgren Hunter Hurd (TX) Hurt (VA) Issa Jenkins (KS) Jenkins (WV) Johnson (OH) Jolly Jordan Joyce Katko Kelly (MS) Kelly (PA) Kilmer Kind King (IA) King (NY) Kinzinger (IL) Kirkpatrick Kline Knight Labrador LaHood LaMalfa Lance Larsen (WA) Latta Long Loudermilk Love Lucas Luetkemeyer Lummis MacArthur Maloney, Sean Marino Massie McCarthy McCaul McClintock McHenry McKinley McMorris Rodgers McSally Meadows Meehan Messer Mica Miller (MI) Moolenaar Mooney (WV) Moulton Mullin Mulvaney Murphy (PA) Neugebauer Newhouse Noem Nunes Olson Palmer Paulsen Pearce Perlmutter Perry Peters Peterson Pittenger Pitts Poe (TX) Poliquin Polis Pompeo Posey Price, Tom Quigley Ratcliffe Reed Renacci Ribble Rice (NY) Rice (SC) Rigell Roby Roe (TN) Rogers (AL) Rogers (KY) Rohrabacher Rokita Rooney (FL) Ros-Lehtinen Roskam Rothfus Rouzer Royce Ruppersberger Russell Salmon Sanford Scalise Schrader Schweikert Scott, Austin Scott, David Sensenbrenner Sessions Sewell (AL) Shimkus Shuster Simpson Sinema Smith (MO) Smith (NE) Smith (NJ) Smith (TX) Stefanik Stewart Stivers Stutzman Thompson (PA) Thornberry Tiberi Tipton Trott Turner Upton Valadao Vargas Veasey Vela Wagner Walberg Walden Walker Walorski Walters, Mimi Weber (TX) Webster (FL) Wenstrup Westerman Williams Wilson (SC) Wittman Womack Woodall Yoder Yoho Young (AK) Young (IA) Young (IN) Zeldin Zinke NAYS--145 Adams Bass Beatty Becerra Bera Bishop (GA) Blumenauer Bonamici Boyle, Brendan F. Brady (PA) Brownley (CA) Bustos Butterfield Capps Capuano Cardenas Carson (IN) Cartwright Castor (FL) Castro (TX) Chu, Judy Cicilline Clark (MA) Clarke (NY) Clay Cleaver Clyburn Cohen Conyers Courtney Crowley Cummings Davis (CA) Davis, Danny DeFazio DeGette DeLauro DeSaulnier Deutch Dingell Duckworth Duncan (TN) Edwards Ellison Engel Eshoo Farr Frankel (FL) Fudge Gabbard Gallego Garamendi Grayson Green, Al Green, Gene Grijalva Gutierrez Hahn Higgins Hinojosa Honda Hoyer Huffman Israel Jackson Lee Jeffries Johnson (GA) Johnson, E. B. Jones Kaptur Keating Kelly (IL) Kennedy Kildee Kuster Langevin Larson (CT) Lawrence Lee Levin Lewis Lieu, Ted Lipinski LoBiondo Loebsack Lofgren Lowenthal Lowey Lujan Grisham (NM) Lujan, Ben Ray (NM) Maloney, Carolyn Matsui McCollum McDermott McGovern McNerney Meeks Meng Moore Murphy (FL) Nadler Napolitano Neal Nolan Norcross O'Rourke Pallone Pascrell Payne Pelosi Pingree Pocan Price (NC) Rangel Richmond Roybal-Allard Ruiz Sanchez, Linda T. Sarbanes Schakowsky Schiff Scott (VA) Serrano Sherman Sires Slaughter Smith (WA) Speier Takano Thompson (CA) Thompson (MS) Titus Tonko Torres Tsongas Van Hollen Velazquez Visclosky Walz Wasserman Schultz Waters, Maxine Watson Coleman Welch Wilson (FL) Yarmuth [[Page H5246]] NOT VOTING--25 Barton Brown (FL) Bucshon DesJarlais Doggett Doyle, Michael F. Fincher Gohmert Griffith Guinta Hastings Johnson, Sam Lamborn Lynch Marchant Miller (FL) Nugent Palazzo Reichert Ross Rush Ryan (OH) Sanchez, Loretta Swalwell (CA) Westmoreland Announcement by the Speaker Pro Tempore The SPEAKER pro tempore (Mr. Kelly of Mississippi) (during the vote). There are 2 minutes remaining. {time} 1209 So the bill was passed. The result of the vote was announced as above recorded. A motion to reconsider was laid on the table. Stated for: Mr. LAMBORN. Mr. Speaker, I was unavoidably detained for rollcall vote 495. Had I been present, I would have voted ``aye''. Mr. BUCSHON. Mr. Speaker, on rollcall No. 495, I was unavoidably detained. Had I been present, I would have voted ``yes.'' Personal Explanation Mr. LYNCH. Mr. Speaker, on rollcall vote 494, the vote on the Motion to Recommit H.R. 5424, the Investment Advisers Modernization Act of 2016, had I been able to vote, I would have voted ``aye.'' Mr. Speaker, on rollcall vote 495, the vote on Final Passage of H.R. 5424, the Investment Advisers Modernization Act of 2016, had I been able to vote, I would have voted ``nay.'' ____________________",https://api.govinfo.gov/related/CREC-2016-09-09-pt1-PgH5244-3,CREC,Proceedings of Congress and General Congressional Publications,2025-03-07T17:31:58Z,Congressional Record,package_114_321.csv,10455,0,10455,"[congressional record volume 162, number 136 (friday, september 9, 2016)] [house] [pages h5244-h5246] from the congressional record online through the government publishing office [ www.gpo.gov ] investment advisers modernization act of 2016 the speaker pro tempore. the unfinished business is the vote on the motion to recommit on the bill (h.r. 5424) to amend the investment advisers act of 1940 and to direct the securities and exchange commission to amend its rules to modernize certain requirements relating to investment advisers, and for other purposes, offered by the gentleman from virginia (mr. hurt), on which the yeas and nays were ordered. the clerk will redesignate the motion. the clerk redesignated the motion. the speaker pro tempore. the question is on the motion to recommit. the vote was taken by electronic device, and there were--yeas 176, nays 232, not voting 23, as follows: [roll no. 494] yeas--176 adams aguilar ashford bass beatty becerra bera beyer bishop (ga) blumenauer bonamici boyle, brendan f. brady (pa) brownley (ca) bustos butterfield capps capuano cardenas carney carson (in) cartwright castor (fl) castro (tx) chu, judy cicilline clark (ma) clarke (ny) clay cleaver clyburn cohen conyers cooper costa courtney crowley cuellar cummings davis (ca) davis, danny defazio degette delaney delauro delbene desaulnier deutch dingell doggett duckworth edwards ellison engel eshoo esty farr foster frankel (fl) fudge gabbard gallego garamendi graham grayson green, al green, gene grijalva gutierrez hahn heck (wa) higgins himes hinojosa honda hoyer huffman israel jackson lee jeffries johnson (ga) johnson, e. b. kaptur keating kelly (il) kennedy kildee kilmer kind kirkpatrick kuster langevin larsen (wa) larson (ct) lawrence lee levin lewis lieu, ted lipinski loebsack lofgren lowenthal lowey [[page h5245]] lujan grisham (nm) lujan, ben ray (nm) maloney, carolyn maloney, sean matsui mccollum mcdermott mcgovern mcnerney meeks meng moore moulton murphy (fl) nadler napolitano neal nolan norcross o'rourke pallone pascrell payne pelosi perlmutter peters peterson pingree pocan polis price (nc) quigley rangel rice (ny) richmond roybal-allard ruiz ruppersberger sanchez, linda t. sarbanes schakowsky schiff schrader scott (va) scott, david serrano sewell (al) sherman sires slaughter smith (wa) speier takano thompson (ca) thompson (ms) titus tonko torres tsongas van hollen vargas veasey vela velazquez visclosky walz wasserman schultz waters, maxine watson coleman welch wilson (fl) yarmuth nays--232 abraham aderholt allen amash amodei babin barletta barr barton benishek bilirakis bishop (mi) bishop (ut) black blackburn blum bost boustany brady (tx) brat bridenstine brooks (al) brooks (in) buchanan buck bucshon burgess byrne calvert carter (ga) carter (tx) chabot chaffetz clawson (fl) coffman cole collins (ga) collins (ny) comstock conaway cook costello (pa) cramer crawford crenshaw culberson curbelo (fl) davidson davis, rodney denham dent desantis diaz-balart dold donovan duffy duncan (sc) duncan (tn) ellmers (nc) emmer (mn) farenthold fitzpatrick fleischmann fleming flores forbes fortenberry foxx franks (az) frelinghuysen garrett gibbs gibson goodlatte gosar gowdy granger graves (ga) graves (la) graves (mo) griffith grothman guthrie hanna hardy harper harris hartzler heck (nv) hensarling herrera beutler hice, jody b. hill holding hudson huelskamp huizenga (mi) hultgren hunter hurd (tx) hurt (va) issa jenkins (ks) jenkins (wv) johnson (oh) jolly jones jordan joyce katko kelly (ms) kelly (pa) king (ia) king (ny) kinzinger (il) kline knight labrador lahood lamalfa lamborn lance latta lobiondo long loudermilk love lucas luetkemeyer lummis macarthur marchant marino massie mccarthy mccaul mcclintock mchenry mckinley mcmorris rodgers mcsally meadows meehan messer mica miller (mi) moolenaar mooney (wv) mullin mulvaney murphy (pa) newhouse noem nunes olson palmer paulsen pearce perry pittenger pitts poe (tx) poliquin pompeo posey price, tom ratcliffe reed renacci ribble rice (sc) rigell roby roe (tn) rogers (al) rogers (ky) rohrabacher rokita rooney (fl) ros-lehtinen roskam rothfus rouzer royce salmon sanford scalise schweikert scott, austin sensenbrenner sessions shimkus shuster simpson sinema smith (mo) smith (ne) smith (nj) smith (tx) stefanik stewart stivers stutzman thompson (pa) thornberry tiberi tipton trott turner upton valadao wagner walberg walden walker walorski walters, mimi weber (tx) webster (fl) wenstrup westerman williams wilson (sc) wittman womack woodall yoder yoho young (ak) young (ia) young (in) zeldin not voting--23 brown (fl) connolly desjarlais doyle, michael f. fincher gohmert guinta hastings johnson, sam lynch miller (fl) neugebauer nugent palazzo reichert ross rush russell ryan (oh) sanchez, loretta swalwell (ca) westmoreland zinke {time} 1203 messrs. coffman, bishop of michigan, mchenry, simpson, mrs. hartzler, and mr. stivers changed their vote from ``yea'' to ``nay.'' mrs. capps and mr. perlmutter changed their vote from ``nay'' to ``yea.'' so the motion to recommit was rejected. the result of the vote was announced as above recorded. the speaker pro tempore. the question is on the passage of the bill. the question was taken; and the speaker pro tempore announced that the ayes appeared to have it. ms. maxine waters of california. mr. speaker, on that i demand the yeas and nays. the yeas and nays were ordered. the speaker pro tempore. this is a 5-minute vote. the vote was taken by electronic device, and there were--yeas 261, nays 145, not voting 25, as follows: [roll no. 495] yeas--261 abraham aderholt aguilar allen amash amodei ashford babin barletta barr benishek beyer bilirakis bishop (mi) bishop (ut) black blackburn blum bost boustany brady (tx) brat bridenstine brooks (al) brooks (in) buchanan buck burgess byrne calvert carney carter (ga) carter (tx) chabot chaffetz clawson (fl) coffman cole collins (ga) collins (ny) comstock conaway connolly cook cooper costa costello (pa) cramer crawford crenshaw cuellar culberson curbelo (fl) davidson davis, rodney delaney delbene denham dent desantis diaz-balart dold donovan duffy duncan (sc) ellmers (nc) emmer (mn) esty farenthold fitzpatrick fleischmann fleming flores forbes fortenberry foster foxx franks (az) frelinghuysen garrett gibbs gibson goodlatte gosar gowdy graham granger graves (ga) graves (la) graves (mo) grothman guthrie hanna hardy harper harris hartzler heck (nv) heck (wa) hensarling herrera beutler hice, jody b. hill himes holding hudson huelskamp huizenga (mi) hultgren hunter hurd (tx) hurt (va) issa jenkins (ks) jenkins (wv) johnson (oh) jolly jordan joyce katko kelly (ms) kelly (pa) kilmer kind king (ia) king (ny) kinzinger (il) kirkpatrick kline knight labrador lahood lamalfa lance larsen (wa) latta long loudermilk love lucas luetkemeyer lummis macarthur maloney, sean marino massie mccarthy mccaul mcclintock mchenry mckinley mcmorris rodgers mcsally meadows meehan messer mica miller (mi) moolenaar mooney (wv) moulton mullin mulvaney murphy (pa) neugebauer newhouse noem nunes olson palmer paulsen pearce perlmutter perry peters peterson pittenger pitts poe (tx) poliquin polis pompeo posey price, tom quigley ratcliffe reed renacci ribble rice (ny) rice (sc) rigell roby roe (tn) rogers (al) rogers (ky) rohrabacher rokita rooney (fl) ros-lehtinen roskam rothfus rouzer royce ruppersberger russell salmon sanford scalise schrader schweikert scott, austin scott, david sensenbrenner sessions sewell (al) shimkus shuster simpson sinema smith (mo) smith (ne) smith (nj) smith (tx) stefanik stewart stivers stutzman thompson (pa) thornberry tiberi tipton trott turner upton valadao vargas veasey vela wagner walberg walden walker walorski walters, mimi weber (tx) webster (fl) wenstrup westerman williams wilson (sc) wittman womack woodall yoder yoho young (ak) young (ia) young (in) zeldin zinke nays--145 adams bass beatty becerra bera bishop (ga) blumenauer bonamici boyle, brendan f. brady (pa) brownley (ca) bustos butterfield capps capuano cardenas carson (in) cartwright castor (fl) castro (tx) chu, judy cicilline clark (ma) clarke (ny) clay cleaver clyburn cohen conyers courtney crowley cummings davis (ca) davis, danny defazio degette delauro desaulnier deutch dingell duckworth duncan (tn) edwards ellison engel eshoo farr frankel (fl) fudge gabbard gallego garamendi grayson green, al green, gene grijalva gutierrez hahn higgins hinojosa honda hoyer huffman israel jackson lee jeffries johnson (ga) johnson, e. b. jones kaptur keating kelly (il) kennedy kildee kuster langevin larson (ct) lawrence lee levin lewis lieu, ted lipinski lobiondo loebsack lofgren lowenthal lowey lujan grisham (nm) lujan, ben ray (nm) maloney, carolyn matsui mccollum mcdermott mcgovern mcnerney meeks meng moore murphy (fl) nadler napolitano neal nolan norcross o'rourke pallone pascrell payne pelosi pingree pocan price (nc) rangel richmond roybal-allard ruiz sanchez, linda t. sarbanes schakowsky schiff scott (va) serrano sherman sires slaughter smith (wa) speier takano thompson (ca) thompson (ms) titus tonko torres tsongas van hollen velazquez visclosky walz wasserman schultz waters, maxine watson coleman welch wilson (fl) yarmuth [[page h5246]] not voting--25 barton brown (fl) bucshon desjarlais doggett doyle, michael f. fincher gohmert griffith guinta hastings johnson, sam lamborn lynch marchant miller (fl) nugent palazzo reichert ross rush ryan (oh) sanchez, loretta swalwell (ca) westmoreland announcement by the speaker pro tempore the speaker pro tempore (mr. kelly of mississippi) (during the vote). there are 2 minutes remaining. {time} 1209 so the bill was passed. the result of the vote was announced as above recorded. a motion to reconsider was laid on the table. stated for: mr. lamborn. mr. speaker, i was unavoidably detained for rollcall vote 495. had i been present, i would have voted ``aye''. mr. bucshon. mr. speaker, on rollcall no. 495, i was unavoidably detained. had i been present, i would have voted ``yes.'' personal explanation mr. lynch. mr. speaker, on rollcall vote 494, the vote on the motion to recommit h.r. 5424, the investment advisers modernization act of 2016, had i been able to vote, i would have voted ``aye.'' mr. speaker, on rollcall vote 495, the vote on final passage of h.r. 5424, the investment advisers modernization act of 2016, had i been able to vote, i would have voted ``nay.'' ____________________",10455
CREC-2016-09-09-pt1-PgH5239,CREC-2016-09-09,2016-09-09,RECESS,CREC,HOUSE,H,H,1,https://www.govinfo.gov/app/details/CREC-2016-09-09/CREC-2016-09-09-pt1-PgH5239,https://api.govinfo.gov/packages/CREC-2016-09-09/granules/CREC-2016-09-09-pt1-PgH5239/htm,https://api.govinfo.gov/packages/CREC-2016-09-09/granules/CREC-2016-09-09-pt1-PgH5239/pdf,https://api.govinfo.gov/packages/CREC-2016-09-09/summary,"[Congressional Record Volume 162, Number 136 (Friday, September 9, 2016)] [House] [Page H5239] From the Congressional Record Online through the Government Publishing Office [ www.gpo.gov ] RECESS The SPEAKER pro tempore. Pursuant to clause 12(a) of rule I, the Chair declares the House in recess subject to the call of the Chair. Accordingly (at 10 o'clock and 36 minutes a.m.), the House stood in recess. ____________________",,"[Congressional Record Volume 162, Number 136 (Friday, September 9, 2016)] [House] [Page H5239] From the Congressional Record Online through the Government Publishing Office [ www.gpo.gov ] RECESS The SPEAKER pro tempore. Pursuant to clause 12(a) of rule I, the Chair declares the House in recess subject to the call of the Chair. Accordingly (at 10 o'clock and 36 minutes a.m.), the House stood in recess. ____________________",https://api.govinfo.gov/related/CREC-2016-09-09-pt1-PgH5239,CREC,Proceedings of Congress and General Congressional Publications,2025-03-07T17:31:58Z,Congressional Record,package_114_321.csv,426,0,426,"[congressional record volume 162, number 136 (friday, september 9, 2016)] [house] [page h5239] from the congressional record online through the government publishing office [ www.gpo.gov ] recess the speaker pro tempore. pursuant to clause 12(a) of rule i, the chair declares the house in recess subject to the call of the chair. accordingly (at 10 o'clock and 36 minutes a.m.), the house stood in recess. ____________________",426
CREC-2016-09-09-pt1-PgH5230-2,CREC-2016-09-09,2016-09-09,INVESTMENT ADVISERS MODERNIZATION ACT OF 2016,CREC,HOUSE,H,H,1,https://www.govinfo.gov/app/details/CREC-2016-09-09/CREC-2016-09-09-pt1-PgH5230-2,https://api.govinfo.gov/packages/CREC-2016-09-09/granules/CREC-2016-09-09-pt1-PgH5230-2/htm,https://api.govinfo.gov/packages/CREC-2016-09-09/granules/CREC-2016-09-09-pt1-PgH5230-2/pdf,https://api.govinfo.gov/packages/CREC-2016-09-09/summary,,,,https://api.govinfo.gov/related/CREC-2016-09-09-pt1-PgH5230-2,CREC,Proceedings of Congress and General Congressional Publications,2025-03-07T17:31:58Z,Congressional Record,package_114_321.csv,0,0,0,,0
CREC-2016-09-09-pt1-PgH5249,CREC-2016-09-09,2016-09-09,MESSAGE FROM THE SENATE,CREC,HOUSE,H,H,1,https://www.govinfo.gov/app/details/CREC-2016-09-09/CREC-2016-09-09-pt1-PgH5249,https://api.govinfo.gov/packages/CREC-2016-09-09/granules/CREC-2016-09-09-pt1-PgH5249/htm,https://api.govinfo.gov/packages/CREC-2016-09-09/granules/CREC-2016-09-09-pt1-PgH5249/pdf,https://api.govinfo.gov/packages/CREC-2016-09-09/summary,"[Congressional Record Volume 162, Number 136 (Friday, September 9, 2016)] [House] [Page H5249] From the Congressional Record Online through the Government Publishing Office [ www.gpo.gov ] MESSAGE FROM THE SENATE A message from the Senate by Ms. Curtis, one of its clerks, announced that the Senate has passed without amendment a bill of the House of the following titles: H.R. 3969. An act to designate the Department of Veterans Affairs community-based outpatient clinic in Laughlin, Nevada, as the ``Master Chief Petty Officer Jesse Dean VA Clinic''. ____________________",,"[Congressional Record Volume 162, Number 136 (Friday, September 9, 2016)] [House] [Page H5249] From the Congressional Record Online through the Government Publishing Office [ www.gpo.gov ] MESSAGE FROM THE SENATE A message from the Senate by Ms. Curtis, one of its clerks, announced that the Senate has passed without amendment a bill of the House of the following titles: H.R. 3969. An act to designate the Department of Veterans Affairs community-based outpatient clinic in Laughlin, Nevada, as the ``Master Chief Petty Officer Jesse Dean VA Clinic''. ____________________",https://api.govinfo.gov/related/CREC-2016-09-09-pt1-PgH5249,CREC,Proceedings of Congress and General Congressional Publications,2025-03-07T17:31:58Z,Congressional Record,package_114_321.csv,574,0,574,"[congressional record volume 162, number 136 (friday, september 9, 2016)] [house] [page h5249] from the congressional record online through the government publishing office [ www.gpo.gov ] message from the senate a message from the senate by ms. curtis, one of its clerks, announced that the senate has passed without amendment a bill of the house of the following titles: h.r. 3969. an act to designate the department of veterans affairs community-based outpatient clinic in laughlin, nevada, as the ``master chief petty officer jesse dean va clinic''. ____________________",574
CREC-2016-09-09-pt1-PgH5249-2,CREC-2016-09-09,2016-09-09,"ADJOURNMENT FROM FRIDAY, SEPTEMBER 9, 2016, TO MONDAY, SEPTEMBER 12, 2016",CREC,HOUSE,H,H,1,https://www.govinfo.gov/app/details/CREC-2016-09-09/CREC-2016-09-09-pt1-PgH5249-2,https://api.govinfo.gov/packages/CREC-2016-09-09/granules/CREC-2016-09-09-pt1-PgH5249-2/htm,https://api.govinfo.gov/packages/CREC-2016-09-09/granules/CREC-2016-09-09-pt1-PgH5249-2/pdf,https://api.govinfo.gov/packages/CREC-2016-09-09/summary,,,,https://api.govinfo.gov/related/CREC-2016-09-09-pt1-PgH5249-2,CREC,Proceedings of Congress and General Congressional Publications,2025-03-07T17:31:58Z,Congressional Record,package_114_321.csv,0,0,0,,0
CREC-2016-09-09-pt1-PgH5249-3,CREC-2016-09-09,2016-09-09,9/11 ANNIVERSARY,CREC,HOUSE,H,H,1,https://www.govinfo.gov/app/details/CREC-2016-09-09/CREC-2016-09-09-pt1-PgH5249-3,https://api.govinfo.gov/packages/CREC-2016-09-09/granules/CREC-2016-09-09-pt1-PgH5249-3/htm,https://api.govinfo.gov/packages/CREC-2016-09-09/granules/CREC-2016-09-09-pt1-PgH5249-3/pdf,https://api.govinfo.gov/packages/CREC-2016-09-09/summary,"[Congressional Record Volume 162, Number 136 (Friday, September 9, 2016)] [House] [Pages H5249-H5250] From the Congressional Record Online through the Government Publishing Office [ www.gpo.gov ] 9/11 ANNIVERSARY (Mr. WILLIAMS asked and was given permission to address the House for 1 minute.) Mr. WILLIAMS. Mr. Speaker, Sunday will mark 15 years since the September 11 attacks. Each year, this anniversary seems to sneak up on us faster than it did the year before. September 11 forever changed who we are individually and as a country. It prompted grief, fear, and anger. The images of the Twin Towers collapsing one after the other are just as tragic today as they were a decade and a half ago. The scene of smoke rising from the Pentagon is seared in our memory. The gaping hole left in an open Pennsylvania field is something we will never forget. September 11 also brought stories of courage, hope, and leadership. It tested the resolve of this great Nation. From the brave passengers of Flight 93, who [[Page H5250]] quite possibly saved this very building we are standing in today, to the first responders who gave their life to ensure the well-being and safety of others. We will never forget the President, who confidently stood on the rubble of collapsed buildings in New York to comfort an uncertain nation. I will always remember the first pitch President Bush threw at Yankee Stadium several weeks later. As tens of thousands of fans looked on, the ball went right down the middle. He threw a perfect strike. It was a symbolic moment. It was symbolic of America's ability to not only recover from tragedy but reemerge as a greater country than it was before. In God we trust. ____________________",,"[Congressional Record Volume 162, Number 136 (Friday, September 9, 2016)] [House] [Pages H5249-H5250] From the Congressional Record Online through the Government Publishing Office [ www.gpo.gov ] 9/11 ANNIVERSARY (Mr. WILLIAMS asked and was given permission to address the House for 1 minute.) Mr. WILLIAMS. Mr. Speaker, Sunday will mark 15 years since the September 11 attacks. Each year, this anniversary seems to sneak up on us faster than it did the year before. September 11 forever changed who we are individually and as a country. It prompted grief, fear, and anger. The images of the Twin Towers collapsing one after the other are just as tragic today as they were a decade and a half ago. The scene of smoke rising from the Pentagon is seared in our memory. The gaping hole left in an open Pennsylvania field is something we will never forget. September 11 also brought stories of courage, hope, and leadership. It tested the resolve of this great Nation. From the brave passengers of Flight 93, who [[Page H5250]] quite possibly saved this very building we are standing in today, to the first responders who gave their life to ensure the well-being and safety of others. We will never forget the President, who confidently stood on the rubble of collapsed buildings in New York to comfort an uncertain nation. I will always remember the first pitch President Bush threw at Yankee Stadium several weeks later. As tens of thousands of fans looked on, the ball went right down the middle. He threw a perfect strike. It was a symbolic moment. It was symbolic of America's ability to not only recover from tragedy but reemerge as a greater country than it was before. In God we trust. ____________________",https://api.govinfo.gov/related/CREC-2016-09-09-pt1-PgH5249-3,CREC,Proceedings of Congress and General Congressional Publications,2025-03-07T17:31:58Z,Congressional Record,package_114_321.csv,1710,0,1710,"[congressional record volume 162, number 136 (friday, september 9, 2016)] [house] [pages h5249-h5250] from the congressional record online through the government publishing office [ www.gpo.gov ] 9/11 anniversary (mr. williams asked and was given permission to address the house for 1 minute.) mr. williams. mr. speaker, sunday will mark 15 years since the september 11 attacks. each year, this anniversary seems to sneak up on us faster than it did the year before. september 11 forever changed who we are individually and as a country. it prompted grief, fear, and anger. the images of the twin towers collapsing one after the other are just as tragic today as they were a decade and a half ago. the scene of smoke rising from the pentagon is seared in our memory. the gaping hole left in an open pennsylvania field is something we will never forget. september 11 also brought stories of courage, hope, and leadership. it tested the resolve of this great nation. from the brave passengers of flight 93, who [[page h5250]] quite possibly saved this very building we are standing in today, to the first responders who gave their life to ensure the well-being and safety of others. we will never forget the president, who confidently stood on the rubble of collapsed buildings in new york to comfort an uncertain nation. i will always remember the first pitch president bush threw at yankee stadium several weeks later. as tens of thousands of fans looked on, the ball went right down the middle. he threw a perfect strike. it was a symbolic moment. it was symbolic of america's ability to not only recover from tragedy but reemerge as a greater country than it was before. in god we trust. ____________________",1710
CREC-2016-09-09-pt1-PgH5250,CREC-2016-09-09,2016-09-09,REMEMBERING 9/11,CREC,HOUSE,H,H,1,https://www.govinfo.gov/app/details/CREC-2016-09-09/CREC-2016-09-09-pt1-PgH5250,https://api.govinfo.gov/packages/CREC-2016-09-09/granules/CREC-2016-09-09-pt1-PgH5250/htm,https://api.govinfo.gov/packages/CREC-2016-09-09/granules/CREC-2016-09-09-pt1-PgH5250/pdf,https://api.govinfo.gov/packages/CREC-2016-09-09/summary,"[Congressional Record Volume 162, Number 136 (Friday, September 9, 2016)] [House] [Page H5250] From the Congressional Record Online through the Government Publishing Office [ www.gpo.gov ] REMEMBERING 9/11 (Ms. JACKSON LEE asked and was given permission to address the House for 1 minute and to revise and extend her remarks.) Ms. JACKSON LEE. Mr. Speaker, today, on the steps of the House, we sang ``God Bless America.'' Standing on those steps some 15 years ago, the searing memory comes back again--the horrific bloodshed, the dividing of families, the loss of lives, the pain, and the tragedy. To those remaining loved ones, I offer my deepest sympathy. And to America: we will never forget. I am grateful that we passed S. 2040 today, the Justice Against Sponsors of Terrorism Act. The reason is, our citizens should never be denied the right to enter courts and to petition for justice. As well, the pain needs to be eased. I want to thank those first-responders. I visited Ground Zero. I have felt that pain. Every year, I think it is important for Americans to understand that we must remember to give honor and respect to those fallen and recognize the values of this Nation. As this legislation makes its way, I am committed to working with the administration in ensuring that all is well. It is important to note today, as we sang ``God Bless America,'' we honored those families still in pain by passing S. 2040, Justice Against Sponsors of Terrorism Act. God bless America. Mr. Speaker, I rise to join my colleagues in recognizing and commemorating the 15th anniversary of the attacks on our homeland on September 11, 2001. This Sunday will mark the 15th year since that day our nation faced the greatest loss of life on U.S. soil from an enemy attack since the attack on Pearl Harbor. The years that have passed since that day have not dimmed my memory or diminished my resolve to see an end to terrorism not only in the United States, but around the world. As a Member of Congress and a senior Member of the Committees on Homeland Security and the Judiciary, both of which deal with national security issues, I have long been committed and engaged in efforts to develop policies that anticipate and respond to new and emerging challenges to the security of our nation and the peace and safety of the world. I will never forget September 11, 2001 when 2,977 men, women and a children were murdered by 19 hijackers who took commercial aircraft and used them as missles. I stood on the East Front steps of the Capitol on September 11, 2001, along with 150 members of the House of Representatives and sang ``God Bless America. September 11, 2001 remains a tragedy that defines our nation's history, but the final chapter will be written by those who are charged with keeping our nation and its people safe while preserving the way of life that terrorists seek to change. I visited the site of the World Trade Center Towers in the aftermath of the attacks and grieved over the deaths of so many of our men, women, and children. I want to thank and commend the work of our first responder community on that day and every day since September 11 for their efforts to protect their communities and our nation from acts of terrorism. I watched as thousands of first responders, construction workers, and volunteers worked to recover the remains of the dead, and removed the tons of debris, while placing their own lives and health at risk. The men and women who worked at ``Ground Zero'' were called by a sense of duty to help in our nation's greatest time of need since the bombing of Pearl Harbor. There is unfinished work for those first responders who were injured or suffered illnesses during and after the September 11, 2001 attacks. September 11 will forever remain a part of our national memory and for those who serve in Congress a clarion call to be vigilant against those who would do our nation harm. To respond to the medical needs of the thousands of people who became ill from exposure to the toxic environment at Ground Zero, Congress passed the James Zadroga September 11 Care Act (9/11 Care Act), which provides rescue and recover workers with health care to treat the conditions that resulted from their exposure to toxic dust after the terror attack. Under the leadership of President Obama, Bin Laden was found and killed. President Obama accepted, and succeeded in the mission to bring justice to those responsible for the carnage of September 11, 2001. Today, let us remember those who perished on this awful day 14 years ago, and rededicate ourselves to honoring their sacrifice by doing all we can to protect our homeland and all who dwell peaceably therein. ____________________",,"[Congressional Record Volume 162, Number 136 (Friday, September 9, 2016)] [House] [Page H5250] From the Congressional Record Online through the Government Publishing Office [ www.gpo.gov ] REMEMBERING 9/11 (Ms. JACKSON LEE asked and was given permission to address the House for 1 minute and to revise and extend her remarks.) Ms. JACKSON LEE. Mr. Speaker, today, on the steps of the House, we sang ``God Bless America.'' Standing on those steps some 15 years ago, the searing memory comes back again--the horrific bloodshed, the dividing of families, the loss of lives, the pain, and the tragedy. To those remaining loved ones, I offer my deepest sympathy. And to America: we will never forget. I am grateful that we passed S. 2040 today, the Justice Against Sponsors of Terrorism Act. The reason is, our citizens should never be denied the right to enter courts and to petition for justice. As well, the pain needs to be eased. I want to thank those first-responders. I visited Ground Zero. I have felt that pain. Every year, I think it is important for Americans to understand that we must remember to give honor and respect to those fallen and recognize the values of this Nation. As this legislation makes its way, I am committed to working with the administration in ensuring that all is well. It is important to note today, as we sang ``God Bless America,'' we honored those families still in pain by passing S. 2040, Justice Against Sponsors of Terrorism Act. God bless America. Mr. Speaker, I rise to join my colleagues in recognizing and commemorating the 15th anniversary of the attacks on our homeland on September 11, 2001. This Sunday will mark the 15th year since that day our nation faced the greatest loss of life on U.S. soil from an enemy attack since the attack on Pearl Harbor. The years that have passed since that day have not dimmed my memory or diminished my resolve to see an end to terrorism not only in the United States, but around the world. As a Member of Congress and a senior Member of the Committees on Homeland Security and the Judiciary, both of which deal with national security issues, I have long been committed and engaged in efforts to develop policies that anticipate and respond to new and emerging challenges to the security of our nation and the peace and safety of the world. I will never forget September 11, 2001 when 2,977 men, women and a children were murdered by 19 hijackers who took commercial aircraft and used them as missles. I stood on the East Front steps of the Capitol on September 11, 2001, along with 150 members of the House of Representatives and sang ``God Bless America. September 11, 2001 remains a tragedy that defines our nation's history, but the final chapter will be written by those who are charged with keeping our nation and its people safe while preserving the way of life that terrorists seek to change. I visited the site of the World Trade Center Towers in the aftermath of the attacks and grieved over the deaths of so many of our men, women, and children. I want to thank and commend the work of our first responder community on that day and every day since September 11 for their efforts to protect their communities and our nation from acts of terrorism. I watched as thousands of first responders, construction workers, and volunteers worked to recover the remains of the dead, and removed the tons of debris, while placing their own lives and health at risk. The men and women who worked at ``Ground Zero'' were called by a sense of duty to help in our nation's greatest time of need since the bombing of Pearl Harbor. There is unfinished work for those first responders who were injured or suffered illnesses during and after the September 11, 2001 attacks. September 11 will forever remain a part of our national memory and for those who serve in Congress a clarion call to be vigilant against those who would do our nation harm. To respond to the medical needs of the thousands of people who became ill from exposure to the toxic environment at Ground Zero, Congress passed the James Zadroga September 11 Care Act (9/11 Care Act), which provides rescue and recover workers with health care to treat the conditions that resulted from their exposure to toxic dust after the terror attack. Under the leadership of President Obama, Bin Laden was found and killed. President Obama accepted, and succeeded in the mission to bring justice to those responsible for the carnage of September 11, 2001. Today, let us remember those who perished on this awful day 14 years ago, and rededicate ourselves to honoring their sacrifice by doing all we can to protect our homeland and all who dwell peaceably therein. ____________________",https://api.govinfo.gov/related/CREC-2016-09-09-pt1-PgH5250,CREC,Proceedings of Congress and General Congressional Publications,2025-03-07T17:31:58Z,Congressional Record,package_114_321.csv,4709,0,4709,"[congressional record volume 162, number 136 (friday, september 9, 2016)] [house] [page h5250] from the congressional record online through the government publishing office [ www.gpo.gov ] remembering 9/11 (ms. jackson lee asked and was given permission to address the house for 1 minute and to revise and extend her remarks.) ms. jackson lee. mr. speaker, today, on the steps of the house, we sang ``god bless america.'' standing on those steps some 15 years ago, the searing memory comes back again--the horrific bloodshed, the dividing of families, the loss of lives, the pain, and the tragedy. to those remaining loved ones, i offer my deepest sympathy. and to america: we will never forget. i am grateful that we passed s. 2040 today, the justice against sponsors of terrorism act. the reason is, our citizens should never be denied the right to enter courts and to petition for justice. as well, the pain needs to be eased. i want to thank those first-responders. i visited ground zero. i have felt that pain. every year, i think it is important for americans to understand that we must remember to give honor and respect to those fallen and recognize the values of this nation. as this legislation makes its way, i am committed to working with the administration in ensuring that all is well. it is important to note today, as we sang ``god bless america,'' we honored those families still in pain by passing s. 2040, justice against sponsors of terrorism act. god bless america. mr. speaker, i rise to join my colleagues in recognizing and commemorating the 15th anniversary of the attacks on our homeland on september 11, 2001. this sunday will mark the 15th year since that day our nation faced the greatest loss of life on u.s. soil from an enemy attack since the attack on pearl harbor. the years that have passed since that day have not dimmed my memory or diminished my resolve to see an end to terrorism not only in the united states, but around the world. as a member of congress and a senior member of the committees on homeland security and the judiciary, both of which deal with national security issues, i have long been committed and engaged in efforts to develop policies that anticipate and respond to new and emerging challenges to the security of our nation and the peace and safety of the world. i will never forget september 11, 2001 when 2,977 men, women and a children were murdered by 19 hijackers who took commercial aircraft and used them as missles. i stood on the east front steps of the capitol on september 11, 2001, along with 150 members of the house of representatives and sang ``god bless america. september 11, 2001 remains a tragedy that defines our nation's history, but the final chapter will be written by those who are charged with keeping our nation and its people safe while preserving the way of life that terrorists seek to change. i visited the site of the world trade center towers in the aftermath of the attacks and grieved over the deaths of so many of our men, women, and children. i want to thank and commend the work of our first responder community on that day and every day since september 11 for their efforts to protect their communities and our nation from acts of terrorism. i watched as thousands of first responders, construction workers, and volunteers worked to recover the remains of the dead, and removed the tons of debris, while placing their own lives and health at risk. the men and women who worked at ``ground zero'' were called by a sense of duty to help in our nation's greatest time of need since the bombing of pearl harbor. there is unfinished work for those first responders who were injured or suffered illnesses during and after the september 11, 2001 attacks. september 11 will forever remain a part of our national memory and for those who serve in congress a clarion call to be vigilant against those who would do our nation harm. to respond to the medical needs of the thousands of people who became ill from exposure to the toxic environment at ground zero, congress passed the james zadroga september 11 care act (9/11 care act), which provides rescue and recover workers with health care to treat the conditions that resulted from their exposure to toxic dust after the terror attack. under the leadership of president obama, bin laden was found and killed. president obama accepted, and succeeded in the mission to bring justice to those responsible for the carnage of september 11, 2001. today, let us remember those who perished on this awful day 14 years ago, and rededicate ourselves to honoring their sacrifice by doing all we can to protect our homeland and all who dwell peaceably therein. ____________________",4709
CREC-2016-09-09-pt1-PgH5250-3,CREC-2016-09-09,2016-09-09,CONGRESS NEEDS TO DO ITS JOB NOW AND FULLY FUND ZIKA,CREC,HOUSE,H,H,1,https://www.govinfo.gov/app/details/CREC-2016-09-09/CREC-2016-09-09-pt1-PgH5250-3,https://api.govinfo.gov/packages/CREC-2016-09-09/granules/CREC-2016-09-09-pt1-PgH5250-3/htm,https://api.govinfo.gov/packages/CREC-2016-09-09/granules/CREC-2016-09-09-pt1-PgH5250-3/pdf,https://api.govinfo.gov/packages/CREC-2016-09-09/summary,,,,https://api.govinfo.gov/related/CREC-2016-09-09-pt1-PgH5250-3,CREC,Proceedings of Congress and General Congressional Publications,2025-03-07T17:31:58Z,Congressional Record,package_114_321.csv,0,0,0,,0
CREC-2016-09-09-pt1-PgH5246,CREC-2016-09-09,2016-09-09,LEGISLATIVE PROGRAM,CREC,HOUSE,H,H,1,https://www.govinfo.gov/app/details/CREC-2016-09-09/CREC-2016-09-09-pt1-PgH5246,https://api.govinfo.gov/packages/CREC-2016-09-09/granules/CREC-2016-09-09-pt1-PgH5246/htm,https://api.govinfo.gov/packages/CREC-2016-09-09/granules/CREC-2016-09-09-pt1-PgH5246/pdf,https://api.govinfo.gov/packages/CREC-2016-09-09/summary,"[Congressional Record Volume 162, Number 136 (Friday, September 9, 2016)] [House] [Pages H5246-H5249] From the Congressional Record Online through the Government Publishing Office [ www.gpo.gov ] {time} 1215 LEGISLATIVE PROGRAM (Mr. HOYER asked and was given permission to address the House for 1 minute.) Mr. HOYER. Mr. Speaker, I yield to the gentleman from California (Mr. McCarthy) for the purpose of giving us the schedule for the next week. (Mr. McCARTHY asked and was given permission to revise and extend his remarks.) Mr. McCARTHY. Mr. Speaker, I thank the gentleman for yielding. Mr. Speaker, on Monday the House will meet at noon for morning hour and 2 p.m. for legislative business. Votes will be postponed until 6:30 p.m. On Tuesday and Wednesday, the House will meet at 10 a.m. for morning hour and noon for legislative business. On Thursday, the House will meet at 9 a.m. for legislative business. On Friday, no votes are expected in the House. Mr. Speaker, the House will consider a number of suspensions next week, a complete list of which will be announced by close of business today. The House will also consider H.R. 3590, the Halt Tax Increases on the Middle Class and Seniors Act, sponsored by Representative Martha McSally. This critical bill will prevent Americans with high healthcare costs from facing a tax increase next year. Additionally, the House will consider H.R. 5620, the VA Accountability First and Appeals Modernization Act, sponsored by Representative Jeff Miller, which ensures that employees at the Department of Veterans Affairs are held accountable for misconduct or poor performance. This bill will also modernize the disability appeals process to reduce the unacceptable backlog of claims. The House will also consider H.R. 5226, the Regulatory Integrity Act, sponsored by Representative Tim Walberg, which is a commonsense bill requiring agencies to publish information about proposed regulations on their Web sites. Finally, Mr. Speaker, the House will consider H.R. 5351, sponsored by Representative Jackie Walorski, which prohibits the transfer of any individuals detained at Guantanamo Bay, Cuba. Mr. HOYER. Mr. Speaker, I thank the gentleman for that schedule. I won't discuss any of the bills that the gentleman mentioned on the schedule, but I do want to note a couple of absences. One is, of course, the continuing resolution. As the gentleman knows, after next week where the CR is not included, we have 9 legislative days left before the scheduled adjournment. As the gentleman knows, we have not passed a single appropriations bill. And without finding fault with either side--because I know each side thinks the other side is at fault--the fact remains we have not passed a single appropriations bill. So there is no alternative to a continuing resolution, and we must pass a continuing resolution if the government is going to operate on October 1 in the new fiscal year. The limited number of days in session--9 days after next week. There are reports that the House Republicans are already divided on how long the CR ought to be, whether or not we ought to go into the 115th Congress or not. Representative Tom Cole was quoted as saying, ``Since we're all drawing our checks, we ought to actually do our job and get it done''--meaning the appropriations process and the funding of the government--``and recognize that the next administration and the next Congress are going to have plenty to do and to deal with on their own and not throw additional work at them because we are either too lazy or incompetent to do our work.'' That is Representative Tom Cole, one of the senior Members of this body, a former chairman of the campaign committee, and a respected Member of this body. Mr. Leader, I believe we ought to pass a CR as soon as possible, consider it as soon as possible. My own belief is that it ought to be short-term. I believe many people share that view. Apparently, Senator McConnell shares that view as well. It is my understanding the Senate is going to consider such a CR and send it to us. Obviously, it is our responsibility on fiscal matters under the Constitution to move pieces of legislation. They may well amend theirs into a House bill, as I am sure you know that both sides do from time to time. Can you tell me, A, how long do you expect the CR--first of all, when do you believe we will consider a continuing resolution to fund government past September 30? Secondly, how long do you think that CR will extend? Thirdly, as we did last year, is it your expectation that we will do an omnibus in December in the lameduck? I yield to the gentleman from California. Mr. McCARTHY. Well, I thank the gentleman for yielding. I do want to just clarify one of your statements. Surely the gentleman did not mean from the point that no appropriations bills have passed this floor because six have passed. They just have not been sent to the President. Mr. HOYER. Mr. Speaker, reclaiming my time, as the gentleman and I both know, no appropriations bills have been enacted. As I pointed out, forgetting about who is to blame--and I am sure you and I have different perspectives on that--the fact of the matter is they haven't passed, and they haven't been signed by the President. When I say ``passed,'' that's the Congress. They haven't passed the Congress, and the President hasn't signed any. So there is no possibility we are going to pass one or more of those bills. As you know, there are 12 appropriations bills to fund government. We haven't passed one of them. It doesn't look like we are going to pass any of them, so we are going to need a CR. So my question relates to the CR. There are three points. I thank the gentleman for clarifying it. I yield to the gentleman from California. Mr. McCARTHY. I thank the gentleman for clarifying. Just one more little clarification, if the gentleman may. All 12 of the appropriations bills have passed out of committee. So it is our desire to finish that work. Yes, it looks as though we will be into a continuing resolution. We have funding up until September 30. It is our intent to have that done before we depart. We will not depart without finishing that work. The duration is up for discussion, and we have been having discussions on both sides of the aisle about that. But as soon as that decision is made, Members will be advised when the floor action is scheduled. But I assure the gentleman it will be done before any Member is departing. Mr. HOYER. Well, I presume that. I presume that the majority--and I will say this, that for whatever reasons--and your party is in control of both the House and the Senate. Yes, we have the Presidency, the Democrats, but no bills have reached his desk. Whether they got out of committee or not, no bills have reached his desk. [[Page H5247]] You and I both know getting out of committee means nothing. Nothing happens because it gets out of committee, other than it is eligible to come to the floor. Beyond that, nothing happens with respect to funding government. And your party is in the majority. It is not a question of blame. It is a question of no bill has passed from the Congress to the President of the United States for signature. He hasn't vetoed any bills because they haven't gotten to him. So we need to adopt a CR. I think the gentleman is correct that we are not going to go home, I presume, without passing a CR. The government was shut down for 16 days some years ago because we wouldn't repeal the Affordable Care Act. I don't presume that is going to happen this time. I certainly hope that we address the CR. It is not scheduled for next week. I am going to discuss another subject in just a second that should have been scheduled, in my view, this week. But we did bills that, frankly, aren't going to pass or be sent to the President. We spent a full week--otherwise known as 25 percent of the time--that is scheduled for us to be here before the election. Next week, it will make it 50 percent of the time, and still no CR is being brought forward. We left town in July without passing the Senate bill--it passed 68-30, a bipartisan bill--to address the critical health crisis confronting the American people, Zika. You don't schedule that for next week either on your schedule, Mr. Leader. I am very concerned. I think America is very concerned. Certainly, on this side of the aisle, we are very concerned. I want to make a representation here publicly, so that America will know and you will know, that I am prepared to say that almost everybody in our caucus--I would say ``unanimous,'' but I haven't talked to everybody--is ready to pass the bipartisan Senate bill, which passed 68-30, which would appropriate $1.1 billion. Tony Fauci was on the Hill, who is the director of NIH's NIAID, National Institute of Allergies and Infectious Diseases, which of course Zika falls within the ambit of his expertise and authority. {time} 1230 He has said as of October 1, he is going to have no money to deal with the development of a vaccine. I know the gentleman is as concerned as I am because we have talked about setting up funds for disasters; and this is a health crisis, obviously a disaster. Let me ask the gentleman if he expects Zika funding to come to the floor either with the CR or as a separate bill, and again, I represent to him, I believe every Democrat--I haven't talked to every Democrat, but I believe every Democrat will support the bipartisan Senate bill which passed 68-30, which appropriates money and has the virtue, unlike the conference report, which the House added poison pill language that they knew neither the Democrats would support in the House nor the Senate nor would the President support, undermining, frankly, the ability to have health services delivered in Puerto Rico to women, the epicenter of the Zika crisis. It should have been no surprise that that was not going to be supported, and the President made it very clear he was not going to support it. We need to reach a compromise. The Senate reached a compromise. I urge the majority leader to address this and bring it to the floor. I tell him, he will have my full support and engagement for the Senate bill, which was a bipartisan bill. I yield to my friend to let us know when he expects to deal with this critical health crisis confronting the American people. Mr. McCARTHY. I thank the gentleman for yielding. Before I begin, I want to thank the gentleman. At the very beginning of this crisis, you and I sat together. At the very beginning of this crisis, you and I compiled a group of Members on both sides of the aisle with the expertise to deal with it. $600 million quickly went out the door to fight it, to combat it. The Senate approved $1.1 billion. I am somewhat excited to hear that all the Democrats will change their mind now and vote for the bill because I would like to remind the gentleman that in June this House took up this issue because we knew what would happen in the summer. We know what is transpiring in Florida because we predicted that it would because it was already happening in Puerto Rico, but that was not the case on this floor that night. Everyone on the other side said ``no.'' Well, you know what, in the Senate, they have taken this up three times. Your side of the aisle decided to leave without dealing with this issue. They could have dealt with this issue this week. This is the exact amount of money that the Senate voted for unanimously over there--maybe not unanimously, but bipartisanly. This is not one to play politics with. We did our job here. It is quite ironic that in clarification on your past remark saying Republicans are in the majority here, yes, that is true, and you saw that happen. The rules in the Senate are much different, where it empowers the minority to stop. That is why we are talking about a CR. But this should not be the case. You could have challenged your colleagues in that Senate, in your party, to stop the filibuster, that the people should not have to wait. We have been in those rooms together. I know your desire. When you and I talked about putting the emergency funding together, you know what, that is an appropriations issue. We need this to get done. They need the money. We need to combat it, and we need to continue to monitor it. That is why we dealt with this in June. That is why I have the frustration that I have. Even when we came back this week, the Senate Democrats were in the exact same place they were before. This money goes to the community centers in Puerto Rico, exactly as the President requested. So it is not a time to play politics. It is not a time to get frustrated about a different issue that you had that night so you couldn't vote ``yes.'' That is the truth behind this, and that is wrong. Mr. HOYER. I could get very animated in my answer. The fact of the matter is, what the majority leader represents, in my view, is inaccurate. The Senate sent us a bipartisan bill, and because you think you needed to serve some of your most hard-line Members, you made it a political bill. And we were not going to take it. We are not going to see you eliminate Planned Parenthood, which overwhelmingly is the-- listen to me, Mr. Majority Leader. I listened to you respectfully. The bill eliminated Planned Parenthood services and funding to deliver services in Puerto Rico, the epicenter of this disease. And you put other legislation in that bill you knew was unacceptable to us. The Senate did not do that because they need 60 votes, which means they need to come to a bipartisan agreement. You rejected a bipartisan agreement on your side of the aisle. The SPEAKER pro tempore (Mr. Kelly of Mississippi). The Chair would remind Members to direct their remarks to the Chair. Mr. HOYER. Mr. Speaker, the majority party rejected the bipartisan legislation that came from the Senate with 68 votes. That is more than two-thirds of the Senate. Half of the Republicans in the United States Senate passed that bill over to us, and we could have passed it. I know some people said we needed the $1.1 billion, but I will tell you, had you brought that bill to the floor without adding political aspects to it that you knew we would not support, it would have passed. You could have passed it on your own, but you chose to make it a political bill. And we are not going to accept that because the American--you are right, Mr. Speaker, the American people deserve that we deal with this issue now. The President asked for this money on February 22. We are now at September 10, Mr. Speaker, and we have not dealt with this except in a way that, frankly, the majority party knew would not be acceptable, would not be bipartisan, would not pass the Senate, and would not be signed by the President. It is, I say with all due respect, Mr. Majority Leader, not credible to say because we didn't take what you wanted to jam down our throat when we had an agreement--not everybody agreed. I [[Page H5248]] understand some people on my side said, oh, no, 1.1 is not enough, and I frankly don't think it is enough. But it is a very substantial sum that would enable NIH to pursue vaccines and pursue other matters in Puerto Rico and Florida and other places in this Nation to keep our people safe. So I tell the majority leader, again, bring the bipartisan bill passed to us by the United States Senate with 68 votes. Bring it to the floor as a House bill and we will pass it, and that is why I tell the majority leader, Mr. Speaker, that I believe every Member on my side of the aisle will vote for that, not because they believe $1.1 billion will be sufficient to address this problem. Leader Pelosi makes the very cogent point, Mr. Speaker, the Director of CDC says that it will cost $10 million per child who suffers from microcephaly, which is the result of Zika. Very frankly, in Brazil they found that the results go beyond that. $10 million. If 200 children get microcephaly, that gets to the dollars that the President wants from us to prevent this horrible consequence to the children and to the families of America. So I say with all due respect, Mr. Majority Leader, you can say all you want--and I know the spin: the Democrats in the Senate are holding this up. I do not accept that. I think it is inaccurate. What is holding it up is putting in items in a bill that is absolutely essential, gratuitously, that you know we will object to as opposed to doing what the Senate did, Mr. Speaker, and that is reaching a bipartisan agreement. It is very tough to reach bipartisan agreements in this House because we have a group in this House who wants to wag the dog. And that is not what the American people expect. I want to say, Mr. Speaker, that I have great respect for the majority leader, and he is accurate. We do sit down, we work together, and we can come to bipartisan agreements. We didn't sit down on this. The conference report was not signed by a single Democrat. There was no doubt that when it came to this House floor, there were no Democrats on that conference report, and we had no debate. Now, one of the reasons we had no debate--I want to make it clear because the majority leader, Mr. Speaker, is going to make that clear as well--was our side, we thought there was another important issue, but the fact of the matter is not whether it was debated. There would have only been 30 minutes a side anyway, a short debate. But the fact of the matter is the majority leader knows that the $1.1 billion bill that the Senate passed, even though it is not the President's request, would have passed on this floor, and it would pass on this floor today. And NIH and CDC would have the resources, Mr. Speaker, that they need to protect the American people. Mr. Speaker, that is what we ought to do. I now yield to my friend, the majority leader. Mr. McCARTHY. I thank the gentleman. I think the best thing for the American people is to actually read the bill. So let me just read the section that you referred to, that you stated that no Democrat in Appropriations would sign on to, that no Democrats on the other side wanted to vote for. It referred to a block grant. Let me quote it. This is in the bill dealing with Zika. ``For the funding for health services provided by public health departments, hospitals or reimbursed through public health plans.'' Seriously, you are opposed to that? That is what you are fighting over while the mosquitoes begin to grow and go beyond State by State? This is what we are fighting over? That $1.1 billion, added with the other $600 million, took place in June. Yeah, we couldn't get to the floor to debate it because you wouldn't give us one microphone. But I am sorry, I know there is a lot of politics that goes around here, but this is not. This is the moment, this is the time that we rise above it. The American people do not deserve that, and I say let's put this paragraph out, let the public read what the bill says, and I will promise you, the majority wants you to vote for it and stop playing games. Mr. HOYER. I understand the majority wants to vote for what they want us to vote for. They don't want to reach a bipartisan---- Mr. McCARTHY. You voted against that. Explain. Mr. HOYER. I did vote against that. Mr. McCARTHY. If the gentleman would please explain to me what---- The SPEAKER pro tempore. The Chair would remind Members to direct their remarks to the Chair. Mr. HOYER. It is so hard, Mr. Speaker. Mr. McCARTHY. Will the gentleman yield? Mr. HOYER. I will be glad to yield to my friend. I have a comment, but I will yield to him first. Mr. McCARTHY. Mr. Speaker, to the gentleman across the aisle, it is true, we work closely together on the big issues, and we try to find common ground. In that spirit, will you tell me what in that paragraph you disagree with? Mr. HOYER. Reclaiming my time, Mr. Speaker, is the gentleman aware that the major deliverer of health services to women in Puerto Rico is through Planned Parenthood? Is the gentleman aware of that? I yield to the gentleman. Mr. McCARTHY. Did the President request, when he requested money, that it get delivered that way? Or in here may I remind the gentleman what I am requesting, ``the funding goes for health services provided by public health departments, hospitals, or reimbursed through public health plans.'' Public health means that is the way the health care is provided, so we are funding the entities that provide the health care, exactly when the President had requested it. Mr. HOYER. Reclaiming my time, Mr. Speaker, that language was clearly designed, as the gentleman knows, as the staff knows, and as has been publicized, to preclude one of the agencies that delivers health care in Puerto Rico from doing so, and that is Planned Parenthood that gets public funds. This is designed, we believe, to restrict it. But let's put that aside. Let's say we have a disagreement on that. Let's accept that. {time} 1245 What the Senate said, if we have disagreements on these things, we are going to pass a bill that gets that money out the door. And they passed it 68-30, which means approximately one-half of the Republicans voted for it because--and, very frankly--a predecessor of yours, Mr. Blunt, was a cosponsor of that bill--one of my very close friends, as you know--along with Mrs. Murray. So, they achieved the objective in the United States Senate of doing exactly what I think you are actually correct, Mr. Speaker, in saying, and that is that the people want us to act. It is not on the schedule this week. It is not on the schedule next week. And it ought to be on the schedule for consideration, and it ought to be in a bipartisan way, which means that both you and I could say that, yes, our sides can support this. Without, we have some very significant differences, Mr. Speaker. We all understand that. The American people understand that. And we ought not to try to deal with those in something as critically important. That is what the Senate decided to do. That is what Roy Blunt decided to do. That is what Senator Murray decided to do. And that is what 68 Members of the United States Senate decided to do. Now, let's, just for the sake of argument, agree that we have a disagreement on the interpretation of what that does, but if we have a disagreement, that means that we are not able to pass that bill. You may disagree with our reasoning, but that is the fact. And that is the conclusion the United States Senate came to, Mr. Speaker. So they did a bill that they could agree on in a bipartisan way. And I tell you, Mr. Speaker--I will reiterate it once again--bring the Senate bill. It wasn't our bill. This is a Blunt-Murray bill. Mr. Blunt is the former majority leader and majority whip and minority whip of the House of Representatives. The Senator from Missouri, a Republican leader in the Senate, sent us a bipartisan bill. Let's take that bill, and whatever other differences we have, let's debate them, Mr. Speaker. Those provisions can be brought to the floor separate and apart, without undermining the need to immediately fund the Zika public health efforts. So, I, again, say to my friend, those two issues--and I might also add, perhaps in closing, that we ought to be [[Page H5249]] dealing with Flint as well, another public health issue that has been pending, Mr. Speaker, for over a year. Mr. McCARTHY. Will the gentleman yield, before he goes to a new subject? Mr. HOYER. I would be glad to yield to my friend. Mr. McCARTHY. The only thing I want to clarify here is: Do you believe in debate and having the opportunity for people to air different sides? Mr. HOYER. I do. That is why we didn't have a lot of debate because we were asking for Mr. King's bills to be brought to the floor, as I recall. So I do believe in that. Mr. McCARTHY. Will the gentleman yield to me? Mr. HOYER. I would be glad to yield to the gentleman. Mr. McCARTHY. I would ask the gentleman to join with me, then, in requesting that the Democrats on the Senate--the filibuster denies the bill to even come up for debate, let alone it be voted for. So would you not join with me in asking the Democrats to stop playing politics with a filibuster and allow the bill to come up? If the bill fails, the bill fails. But it is not even being allowed to be debated. You were always so good with reading articles, and I don't know that I have ever read one to you, but I would like to. If you will indulge me. PolitiFact--this is the organization that looks at what we say and tries to put truth to it. This is the headline: ``Democrats Stretch Impact of Planned Parenthood Exclusions in Zika Bill.'' This is one highlighted: ``The bill also provided funds that would potentially help clinics and hospitals in nearly every municipality on the island.'' Could we not agree that that is more important than politics? Could we not agree that people are being affected every day and that those who are watching this debate shake their head and wonder why we are even having this fight? In June, we passed a bill. Since that time, Democrats in the Senate will not even allow it to be debated, not even allow it to be debated, to vote it up or vote it down. There is one thing Americans believe in: fairness. And I don't believe that that is fairness, if you deny a bill from coming forward. If you deny the bill from coming forward, you are blocking it. So, if you want the true definition of what is happening in the Zika battle, it is that those on the other side of the aisle in the Senate are blocking the discussion from even taking place. Mr. HOYER. Reclaiming my time, they are not blocking anything. They passed a bill 68-30. They sent it here, and it was blocked from coming to the floor. And it would have passed. If you believe, as you asked me, do I believe, should we consider things, the answer, of course, is yes. And I said, as an aside, Peter King, the former chairman of the Homeland Security Committee has two bills that are supported by over 85 percent of the American public. Bring them to the floor on the premise, Mr. Speaker, that we ought to debate, consider, and vote. Bring them to the floor. Bring Mr. King's bills to the floor. Bring the Senate bill. You know the Senate bill has 68 votes. Mr. Speaker, I will tell the majority leader that, had he brought the Senate bill to the floor--we were precluded from voting on the Senate bill, Mr. Speaker. The majority leader just said, Oh, we ought to bring the bill to the floor. Isn't that the right thing to do? Well, if it is right for the Senate--and we can't control the Senate, but we can control the House. And, as a matter of fact, Mr. Speaker, as you know, I was the majority leader, and I could decide whether to bring the bills on the floor or not bring them on the floor. The majority leader has that authority. Bring the Senate bill to the floor. If, in fact, as the majority leader just said we ought to have debate, we ought to consider it, and we ought to vote, and if it goes down, fine; if it passes, that is the will of the House--will of the Senate, you said. If that is a good premise in the Senate, it is an even better premise in the House of Representatives. So, Mr. Speaker, I ask my friend, the majority leader, to bring that bill to the floor. Let's vote on it. That is what he said his premise was and what we were committed to. I agree with him. I don't like the filibuster. I don't like the 60-vote rule in the Senate, I will tell you that. The 60-vote rule undermines democracy. If a bill has 50 percent and a committee reports it out, it ought to come to the floor. I agree with the majority leader on that. And Mr. Reid and I have had some discussions on that. My colleague Senator Cardin and I have had some discussions on that. But if it is good for the Senate, it is good for the House. And the House does that. The majority can rule in this House. And if he brings that bill to the floor, it will pass. It will pass on Monday, I guarantee the gentleman. And I know we need to conclude this. In all consideration, Ms. Kelly is coming over to explain to me schedules. But this is serious, and I don't say this--the majority leader and I do work together. But let's pass this Zika bill, as the Senate passed it, and then have the arguments on stuff that we don't agree on. We do agree on the Senate bill, at least to the extent it goes, and there are things that we don't agree. To make an aside, you stripped the Confederate Flag amendment from the conference report on the MILCON bill because you didn't want your guys to vote on it. Mr. Speaker, I understand that. That is why it was done. I didn't like that, but that passed the House, stripped out of the bill, not by the Senate, but by us. But that is an aside. It is an aside because, you are right, Mr. Speaker, the majority leader is right, that doesn't affect Zika. What affects Zika is that $1.1 billion that we can get to them on Monday, Mr. Speaker. If the majority leader will bring it to the floor, we can pass it on suspension. Mr. Speaker, I appreciate the majority leader's discussion on this matter, but we have some critical issues, Mr. Speaker, that we need to deal with: funding government, getting Zika passed, helping the people in Flint, funding opioids. We passed a bill. It was a good bill. The President signed it. We passed it in a bipartisan way, but we didn't fund it. Another health crisis. We need to address these critical matters. These other bills may have merit, but they are not a crisis. Mr. Speaker, unless the majority leader wants to say something further, I yield back the balance of my time. ____________________",,"[Congressional Record Volume 162, Number 136 (Friday, September 9, 2016)] [House] [Pages H5246-H5249] From the Congressional Record Online through the Government Publishing Office [ www.gpo.gov ] {time} 1215 LEGISLATIVE PROGRAM (Mr. HOYER asked and was given permission to address the House for 1 minute.) Mr. HOYER. Mr. Speaker, I yield to the gentleman from California (Mr. McCarthy) for the purpose of giving us the schedule for the next week. (Mr. McCARTHY asked and was given permission to revise and extend his remarks.) Mr. McCARTHY. Mr. Speaker, I thank the gentleman for yielding. Mr. Speaker, on Monday the House will meet at noon for morning hour and 2 p.m. for legislative business. Votes will be postponed until 6:30 p.m. On Tuesday and Wednesday, the House will meet at 10 a.m. for morning hour and noon for legislative business. On Thursday, the House will meet at 9 a.m. for legislative business. On Friday, no votes are expected in the House. Mr. Speaker, the House will consider a number of suspensions next week, a complete list of which will be announced by close of business today. The House will also consider H.R. 3590, the Halt Tax Increases on the Middle Class and Seniors Act, sponsored by Representative Martha McSally. This critical bill will prevent Americans with high healthcare costs from facing a tax increase next year. Additionally, the House will consider H.R. 5620, the VA Accountability First and Appeals Modernization Act, sponsored by Representative Jeff Miller, which ensures that employees at the Department of Veterans Affairs are held accountable for misconduct or poor performance. This bill will also modernize the disability appeals process to reduce the unacceptable backlog of claims. The House will also consider H.R. 5226, the Regulatory Integrity Act, sponsored by Representative Tim Walberg, which is a commonsense bill requiring agencies to publish information about proposed regulations on their Web sites. Finally, Mr. Speaker, the House will consider H.R. 5351, sponsored by Representative Jackie Walorski, which prohibits the transfer of any individuals detained at Guantanamo Bay, Cuba. Mr. HOYER. Mr. Speaker, I thank the gentleman for that schedule. I won't discuss any of the bills that the gentleman mentioned on the schedule, but I do want to note a couple of absences. One is, of course, the continuing resolution. As the gentleman knows, after next week where the CR is not included, we have 9 legislative days left before the scheduled adjournment. As the gentleman knows, we have not passed a single appropriations bill. And without finding fault with either side--because I know each side thinks the other side is at fault--the fact remains we have not passed a single appropriations bill. So there is no alternative to a continuing resolution, and we must pass a continuing resolution if the government is going to operate on October 1 in the new fiscal year. The limited number of days in session--9 days after next week. There are reports that the House Republicans are already divided on how long the CR ought to be, whether or not we ought to go into the 115th Congress or not. Representative Tom Cole was quoted as saying, ``Since we're all drawing our checks, we ought to actually do our job and get it done''--meaning the appropriations process and the funding of the government--``and recognize that the next administration and the next Congress are going to have plenty to do and to deal with on their own and not throw additional work at them because we are either too lazy or incompetent to do our work.'' That is Representative Tom Cole, one of the senior Members of this body, a former chairman of the campaign committee, and a respected Member of this body. Mr. Leader, I believe we ought to pass a CR as soon as possible, consider it as soon as possible. My own belief is that it ought to be short-term. I believe many people share that view. Apparently, Senator McConnell shares that view as well. It is my understanding the Senate is going to consider such a CR and send it to us. Obviously, it is our responsibility on fiscal matters under the Constitution to move pieces of legislation. They may well amend theirs into a House bill, as I am sure you know that both sides do from time to time. Can you tell me, A, how long do you expect the CR--first of all, when do you believe we will consider a continuing resolution to fund government past September 30? Secondly, how long do you think that CR will extend? Thirdly, as we did last year, is it your expectation that we will do an omnibus in December in the lameduck? I yield to the gentleman from California. Mr. McCARTHY. Well, I thank the gentleman for yielding. I do want to just clarify one of your statements. Surely the gentleman did not mean from the point that no appropriations bills have passed this floor because six have passed. They just have not been sent to the President. Mr. HOYER. Mr. Speaker, reclaiming my time, as the gentleman and I both know, no appropriations bills have been enacted. As I pointed out, forgetting about who is to blame--and I am sure you and I have different perspectives on that--the fact of the matter is they haven't passed, and they haven't been signed by the President. When I say ``passed,'' that's the Congress. They haven't passed the Congress, and the President hasn't signed any. So there is no possibility we are going to pass one or more of those bills. As you know, there are 12 appropriations bills to fund government. We haven't passed one of them. It doesn't look like we are going to pass any of them, so we are going to need a CR. So my question relates to the CR. There are three points. I thank the gentleman for clarifying it. I yield to the gentleman from California. Mr. McCARTHY. I thank the gentleman for clarifying. Just one more little clarification, if the gentleman may. All 12 of the appropriations bills have passed out of committee. So it is our desire to finish that work. Yes, it looks as though we will be into a continuing resolution. We have funding up until September 30. It is our intent to have that done before we depart. We will not depart without finishing that work. The duration is up for discussion, and we have been having discussions on both sides of the aisle about that. But as soon as that decision is made, Members will be advised when the floor action is scheduled. But I assure the gentleman it will be done before any Member is departing. Mr. HOYER. Well, I presume that. I presume that the majority--and I will say this, that for whatever reasons--and your party is in control of both the House and the Senate. Yes, we have the Presidency, the Democrats, but no bills have reached his desk. Whether they got out of committee or not, no bills have reached his desk. [[Page H5247]] You and I both know getting out of committee means nothing. Nothing happens because it gets out of committee, other than it is eligible to come to the floor. Beyond that, nothing happens with respect to funding government. And your party is in the majority. It is not a question of blame. It is a question of no bill has passed from the Congress to the President of the United States for signature. He hasn't vetoed any bills because they haven't gotten to him. So we need to adopt a CR. I think the gentleman is correct that we are not going to go home, I presume, without passing a CR. The government was shut down for 16 days some years ago because we wouldn't repeal the Affordable Care Act. I don't presume that is going to happen this time. I certainly hope that we address the CR. It is not scheduled for next week. I am going to discuss another subject in just a second that should have been scheduled, in my view, this week. But we did bills that, frankly, aren't going to pass or be sent to the President. We spent a full week--otherwise known as 25 percent of the time--that is scheduled for us to be here before the election. Next week, it will make it 50 percent of the time, and still no CR is being brought forward. We left town in July without passing the Senate bill--it passed 68-30, a bipartisan bill--to address the critical health crisis confronting the American people, Zika. You don't schedule that for next week either on your schedule, Mr. Leader. I am very concerned. I think America is very concerned. Certainly, on this side of the aisle, we are very concerned. I want to make a representation here publicly, so that America will know and you will know, that I am prepared to say that almost everybody in our caucus--I would say ``unanimous,'' but I haven't talked to everybody--is ready to pass the bipartisan Senate bill, which passed 68-30, which would appropriate $1.1 billion. Tony Fauci was on the Hill, who is the director of NIH's NIAID, National Institute of Allergies and Infectious Diseases, which of course Zika falls within the ambit of his expertise and authority. {time} 1230 He has said as of October 1, he is going to have no money to deal with the development of a vaccine. I know the gentleman is as concerned as I am because we have talked about setting up funds for disasters; and this is a health crisis, obviously a disaster. Let me ask the gentleman if he expects Zika funding to come to the floor either with the CR or as a separate bill, and again, I represent to him, I believe every Democrat--I haven't talked to every Democrat, but I believe every Democrat will support the bipartisan Senate bill which passed 68-30, which appropriates money and has the virtue, unlike the conference report, which the House added poison pill language that they knew neither the Democrats would support in the House nor the Senate nor would the President support, undermining, frankly, the ability to have health services delivered in Puerto Rico to women, the epicenter of the Zika crisis. It should have been no surprise that that was not going to be supported, and the President made it very clear he was not going to support it. We need to reach a compromise. The Senate reached a compromise. I urge the majority leader to address this and bring it to the floor. I tell him, he will have my full support and engagement for the Senate bill, which was a bipartisan bill. I yield to my friend to let us know when he expects to deal with this critical health crisis confronting the American people. Mr. McCARTHY. I thank the gentleman for yielding. Before I begin, I want to thank the gentleman. At the very beginning of this crisis, you and I sat together. At the very beginning of this crisis, you and I compiled a group of Members on both sides of the aisle with the expertise to deal with it. $600 million quickly went out the door to fight it, to combat it. The Senate approved $1.1 billion. I am somewhat excited to hear that all the Democrats will change their mind now and vote for the bill because I would like to remind the gentleman that in June this House took up this issue because we knew what would happen in the summer. We know what is transpiring in Florida because we predicted that it would because it was already happening in Puerto Rico, but that was not the case on this floor that night. Everyone on the other side said ``no.'' Well, you know what, in the Senate, they have taken this up three times. Your side of the aisle decided to leave without dealing with this issue. They could have dealt with this issue this week. This is the exact amount of money that the Senate voted for unanimously over there--maybe not unanimously, but bipartisanly. This is not one to play politics with. We did our job here. It is quite ironic that in clarification on your past remark saying Republicans are in the majority here, yes, that is true, and you saw that happen. The rules in the Senate are much different, where it empowers the minority to stop. That is why we are talking about a CR. But this should not be the case. You could have challenged your colleagues in that Senate, in your party, to stop the filibuster, that the people should not have to wait. We have been in those rooms together. I know your desire. When you and I talked about putting the emergency funding together, you know what, that is an appropriations issue. We need this to get done. They need the money. We need to combat it, and we need to continue to monitor it. That is why we dealt with this in June. That is why I have the frustration that I have. Even when we came back this week, the Senate Democrats were in the exact same place they were before. This money goes to the community centers in Puerto Rico, exactly as the President requested. So it is not a time to play politics. It is not a time to get frustrated about a different issue that you had that night so you couldn't vote ``yes.'' That is the truth behind this, and that is wrong. Mr. HOYER. I could get very animated in my answer. The fact of the matter is, what the majority leader represents, in my view, is inaccurate. The Senate sent us a bipartisan bill, and because you think you needed to serve some of your most hard-line Members, you made it a political bill. And we were not going to take it. We are not going to see you eliminate Planned Parenthood, which overwhelmingly is the-- listen to me, Mr. Majority Leader. I listened to you respectfully. The bill eliminated Planned Parenthood services and funding to deliver services in Puerto Rico, the epicenter of this disease. And you put other legislation in that bill you knew was unacceptable to us. The Senate did not do that because they need 60 votes, which means they need to come to a bipartisan agreement. You rejected a bipartisan agreement on your side of the aisle. The SPEAKER pro tempore (Mr. Kelly of Mississippi). The Chair would remind Members to direct their remarks to the Chair. Mr. HOYER. Mr. Speaker, the majority party rejected the bipartisan legislation that came from the Senate with 68 votes. That is more than two-thirds of the Senate. Half of the Republicans in the United States Senate passed that bill over to us, and we could have passed it. I know some people said we needed the $1.1 billion, but I will tell you, had you brought that bill to the floor without adding political aspects to it that you knew we would not support, it would have passed. You could have passed it on your own, but you chose to make it a political bill. And we are not going to accept that because the American--you are right, Mr. Speaker, the American people deserve that we deal with this issue now. The President asked for this money on February 22. We are now at September 10, Mr. Speaker, and we have not dealt with this except in a way that, frankly, the majority party knew would not be acceptable, would not be bipartisan, would not pass the Senate, and would not be signed by the President. It is, I say with all due respect, Mr. Majority Leader, not credible to say because we didn't take what you wanted to jam down our throat when we had an agreement--not everybody agreed. I [[Page H5248]] understand some people on my side said, oh, no, 1.1 is not enough, and I frankly don't think it is enough. But it is a very substantial sum that would enable NIH to pursue vaccines and pursue other matters in Puerto Rico and Florida and other places in this Nation to keep our people safe. So I tell the majority leader, again, bring the bipartisan bill passed to us by the United States Senate with 68 votes. Bring it to the floor as a House bill and we will pass it, and that is why I tell the majority leader, Mr. Speaker, that I believe every Member on my side of the aisle will vote for that, not because they believe $1.1 billion will be sufficient to address this problem. Leader Pelosi makes the very cogent point, Mr. Speaker, the Director of CDC says that it will cost $10 million per child who suffers from microcephaly, which is the result of Zika. Very frankly, in Brazil they found that the results go beyond that. $10 million. If 200 children get microcephaly, that gets to the dollars that the President wants from us to prevent this horrible consequence to the children and to the families of America. So I say with all due respect, Mr. Majority Leader, you can say all you want--and I know the spin: the Democrats in the Senate are holding this up. I do not accept that. I think it is inaccurate. What is holding it up is putting in items in a bill that is absolutely essential, gratuitously, that you know we will object to as opposed to doing what the Senate did, Mr. Speaker, and that is reaching a bipartisan agreement. It is very tough to reach bipartisan agreements in this House because we have a group in this House who wants to wag the dog. And that is not what the American people expect. I want to say, Mr. Speaker, that I have great respect for the majority leader, and he is accurate. We do sit down, we work together, and we can come to bipartisan agreements. We didn't sit down on this. The conference report was not signed by a single Democrat. There was no doubt that when it came to this House floor, there were no Democrats on that conference report, and we had no debate. Now, one of the reasons we had no debate--I want to make it clear because the majority leader, Mr. Speaker, is going to make that clear as well--was our side, we thought there was another important issue, but the fact of the matter is not whether it was debated. There would have only been 30 minutes a side anyway, a short debate. But the fact of the matter is the majority leader knows that the $1.1 billion bill that the Senate passed, even though it is not the President's request, would have passed on this floor, and it would pass on this floor today. And NIH and CDC would have the resources, Mr. Speaker, that they need to protect the American people. Mr. Speaker, that is what we ought to do. I now yield to my friend, the majority leader. Mr. McCARTHY. I thank the gentleman. I think the best thing for the American people is to actually read the bill. So let me just read the section that you referred to, that you stated that no Democrat in Appropriations would sign on to, that no Democrats on the other side wanted to vote for. It referred to a block grant. Let me quote it. This is in the bill dealing with Zika. ``For the funding for health services provided by public health departments, hospitals or reimbursed through public health plans.'' Seriously, you are opposed to that? That is what you are fighting over while the mosquitoes begin to grow and go beyond State by State? This is what we are fighting over? That $1.1 billion, added with the other $600 million, took place in June. Yeah, we couldn't get to the floor to debate it because you wouldn't give us one microphone. But I am sorry, I know there is a lot of politics that goes around here, but this is not. This is the moment, this is the time that we rise above it. The American people do not deserve that, and I say let's put this paragraph out, let the public read what the bill says, and I will promise you, the majority wants you to vote for it and stop playing games. Mr. HOYER. I understand the majority wants to vote for what they want us to vote for. They don't want to reach a bipartisan---- Mr. McCARTHY. You voted against that. Explain. Mr. HOYER. I did vote against that. Mr. McCARTHY. If the gentleman would please explain to me what---- The SPEAKER pro tempore. The Chair would remind Members to direct their remarks to the Chair. Mr. HOYER. It is so hard, Mr. Speaker. Mr. McCARTHY. Will the gentleman yield? Mr. HOYER. I will be glad to yield to my friend. I have a comment, but I will yield to him first. Mr. McCARTHY. Mr. Speaker, to the gentleman across the aisle, it is true, we work closely together on the big issues, and we try to find common ground. In that spirit, will you tell me what in that paragraph you disagree with? Mr. HOYER. Reclaiming my time, Mr. Speaker, is the gentleman aware that the major deliverer of health services to women in Puerto Rico is through Planned Parenthood? Is the gentleman aware of that? I yield to the gentleman. Mr. McCARTHY. Did the President request, when he requested money, that it get delivered that way? Or in here may I remind the gentleman what I am requesting, ``the funding goes for health services provided by public health departments, hospitals, or reimbursed through public health plans.'' Public health means that is the way the health care is provided, so we are funding the entities that provide the health care, exactly when the President had requested it. Mr. HOYER. Reclaiming my time, Mr. Speaker, that language was clearly designed, as the gentleman knows, as the staff knows, and as has been publicized, to preclude one of the agencies that delivers health care in Puerto Rico from doing so, and that is Planned Parenthood that gets public funds. This is designed, we believe, to restrict it. But let's put that aside. Let's say we have a disagreement on that. Let's accept that. {time} 1245 What the Senate said, if we have disagreements on these things, we are going to pass a bill that gets that money out the door. And they passed it 68-30, which means approximately one-half of the Republicans voted for it because--and, very frankly--a predecessor of yours, Mr. Blunt, was a cosponsor of that bill--one of my very close friends, as you know--along with Mrs. Murray. So, they achieved the objective in the United States Senate of doing exactly what I think you are actually correct, Mr. Speaker, in saying, and that is that the people want us to act. It is not on the schedule this week. It is not on the schedule next week. And it ought to be on the schedule for consideration, and it ought to be in a bipartisan way, which means that both you and I could say that, yes, our sides can support this. Without, we have some very significant differences, Mr. Speaker. We all understand that. The American people understand that. And we ought not to try to deal with those in something as critically important. That is what the Senate decided to do. That is what Roy Blunt decided to do. That is what Senator Murray decided to do. And that is what 68 Members of the United States Senate decided to do. Now, let's, just for the sake of argument, agree that we have a disagreement on the interpretation of what that does, but if we have a disagreement, that means that we are not able to pass that bill. You may disagree with our reasoning, but that is the fact. And that is the conclusion the United States Senate came to, Mr. Speaker. So they did a bill that they could agree on in a bipartisan way. And I tell you, Mr. Speaker--I will reiterate it once again--bring the Senate bill. It wasn't our bill. This is a Blunt-Murray bill. Mr. Blunt is the former majority leader and majority whip and minority whip of the House of Representatives. The Senator from Missouri, a Republican leader in the Senate, sent us a bipartisan bill. Let's take that bill, and whatever other differences we have, let's debate them, Mr. Speaker. Those provisions can be brought to the floor separate and apart, without undermining the need to immediately fund the Zika public health efforts. So, I, again, say to my friend, those two issues--and I might also add, perhaps in closing, that we ought to be [[Page H5249]] dealing with Flint as well, another public health issue that has been pending, Mr. Speaker, for over a year. Mr. McCARTHY. Will the gentleman yield, before he goes to a new subject? Mr. HOYER. I would be glad to yield to my friend. Mr. McCARTHY. The only thing I want to clarify here is: Do you believe in debate and having the opportunity for people to air different sides? Mr. HOYER. I do. That is why we didn't have a lot of debate because we were asking for Mr. King's bills to be brought to the floor, as I recall. So I do believe in that. Mr. McCARTHY. Will the gentleman yield to me? Mr. HOYER. I would be glad to yield to the gentleman. Mr. McCARTHY. I would ask the gentleman to join with me, then, in requesting that the Democrats on the Senate--the filibuster denies the bill to even come up for debate, let alone it be voted for. So would you not join with me in asking the Democrats to stop playing politics with a filibuster and allow the bill to come up? If the bill fails, the bill fails. But it is not even being allowed to be debated. You were always so good with reading articles, and I don't know that I have ever read one to you, but I would like to. If you will indulge me. PolitiFact--this is the organization that looks at what we say and tries to put truth to it. This is the headline: ``Democrats Stretch Impact of Planned Parenthood Exclusions in Zika Bill.'' This is one highlighted: ``The bill also provided funds that would potentially help clinics and hospitals in nearly every municipality on the island.'' Could we not agree that that is more important than politics? Could we not agree that people are being affected every day and that those who are watching this debate shake their head and wonder why we are even having this fight? In June, we passed a bill. Since that time, Democrats in the Senate will not even allow it to be debated, not even allow it to be debated, to vote it up or vote it down. There is one thing Americans believe in: fairness. And I don't believe that that is fairness, if you deny a bill from coming forward. If you deny the bill from coming forward, you are blocking it. So, if you want the true definition of what is happening in the Zika battle, it is that those on the other side of the aisle in the Senate are blocking the discussion from even taking place. Mr. HOYER. Reclaiming my time, they are not blocking anything. They passed a bill 68-30. They sent it here, and it was blocked from coming to the floor. And it would have passed. If you believe, as you asked me, do I believe, should we consider things, the answer, of course, is yes. And I said, as an aside, Peter King, the former chairman of the Homeland Security Committee has two bills that are supported by over 85 percent of the American public. Bring them to the floor on the premise, Mr. Speaker, that we ought to debate, consider, and vote. Bring them to the floor. Bring Mr. King's bills to the floor. Bring the Senate bill. You know the Senate bill has 68 votes. Mr. Speaker, I will tell the majority leader that, had he brought the Senate bill to the floor--we were precluded from voting on the Senate bill, Mr. Speaker. The majority leader just said, Oh, we ought to bring the bill to the floor. Isn't that the right thing to do? Well, if it is right for the Senate--and we can't control the Senate, but we can control the House. And, as a matter of fact, Mr. Speaker, as you know, I was the majority leader, and I could decide whether to bring the bills on the floor or not bring them on the floor. The majority leader has that authority. Bring the Senate bill to the floor. If, in fact, as the majority leader just said we ought to have debate, we ought to consider it, and we ought to vote, and if it goes down, fine; if it passes, that is the will of the House--will of the Senate, you said. If that is a good premise in the Senate, it is an even better premise in the House of Representatives. So, Mr. Speaker, I ask my friend, the majority leader, to bring that bill to the floor. Let's vote on it. That is what he said his premise was and what we were committed to. I agree with him. I don't like the filibuster. I don't like the 60-vote rule in the Senate, I will tell you that. The 60-vote rule undermines democracy. If a bill has 50 percent and a committee reports it out, it ought to come to the floor. I agree with the majority leader on that. And Mr. Reid and I have had some discussions on that. My colleague Senator Cardin and I have had some discussions on that. But if it is good for the Senate, it is good for the House. And the House does that. The majority can rule in this House. And if he brings that bill to the floor, it will pass. It will pass on Monday, I guarantee the gentleman. And I know we need to conclude this. In all consideration, Ms. Kelly is coming over to explain to me schedules. But this is serious, and I don't say this--the majority leader and I do work together. But let's pass this Zika bill, as the Senate passed it, and then have the arguments on stuff that we don't agree on. We do agree on the Senate bill, at least to the extent it goes, and there are things that we don't agree. To make an aside, you stripped the Confederate Flag amendment from the conference report on the MILCON bill because you didn't want your guys to vote on it. Mr. Speaker, I understand that. That is why it was done. I didn't like that, but that passed the House, stripped out of the bill, not by the Senate, but by us. But that is an aside. It is an aside because, you are right, Mr. Speaker, the majority leader is right, that doesn't affect Zika. What affects Zika is that $1.1 billion that we can get to them on Monday, Mr. Speaker. If the majority leader will bring it to the floor, we can pass it on suspension. Mr. Speaker, I appreciate the majority leader's discussion on this matter, but we have some critical issues, Mr. Speaker, that we need to deal with: funding government, getting Zika passed, helping the people in Flint, funding opioids. We passed a bill. It was a good bill. The President signed it. We passed it in a bipartisan way, but we didn't fund it. Another health crisis. We need to address these critical matters. These other bills may have merit, but they are not a crisis. Mr. Speaker, unless the majority leader wants to say something further, I yield back the balance of my time. ____________________",https://api.govinfo.gov/related/CREC-2016-09-09-pt1-PgH5246,CREC,Proceedings of Congress and General Congressional Publications,2025-03-07T17:31:58Z,Congressional Record,package_114_321.csv,29659,0,29659,"[congressional record volume 162, number 136 (friday, september 9, 2016)] [house] [pages h5246-h5249] from the congressional record online through the government publishing office [ www.gpo.gov ] {time} 1215 legislative program (mr. hoyer asked and was given permission to address the house for 1 minute.) mr. hoyer. mr. speaker, i yield to the gentleman from california (mr. mccarthy) for the purpose of giving us the schedule for the next week. (mr. mccarthy asked and was given permission to revise and extend his remarks.) mr. mccarthy. mr. speaker, i thank the gentleman for yielding. mr. speaker, on monday the house will meet at noon for morning hour and 2 p.m. for legislative business. votes will be postponed until 6:30 p.m. on tuesday and wednesday, the house will meet at 10 a.m. for morning hour and noon for legislative business. on thursday, the house will meet at 9 a.m. for legislative business. on friday, no votes are expected in the house. mr. speaker, the house will consider a number of suspensions next week, a complete list of which will be announced by close of business today. the house will also consider h.r. 3590, the halt tax increases on the middle class and seniors act, sponsored by representative martha mcsally. this critical bill will prevent americans with high healthcare costs from facing a tax increase next year. additionally, the house will consider h.r. 5620, the va accountability first and appeals modernization act, sponsored by representative jeff miller, which ensures that employees at the department of veterans affairs are held accountable for misconduct or poor performance. this bill will also modernize the disability appeals process to reduce the unacceptable backlog of claims. the house will also consider h.r. 5226, the regulatory integrity act, sponsored by representative tim walberg, which is a commonsense bill requiring agencies to publish information about proposed regulations on their web sites. finally, mr. speaker, the house will consider h.r. 5351, sponsored by representative jackie walorski, which prohibits the transfer of any individuals detained at guantanamo bay, cuba. mr. hoyer. mr. speaker, i thank the gentleman for that schedule. i won't discuss any of the bills that the gentleman mentioned on the schedule, but i do want to note a couple of absences. one is, of course, the continuing resolution. as the gentleman knows, after next week where the cr is not included, we have 9 legislative days left before the scheduled adjournment. as the gentleman knows, we have not passed a single appropriations bill. and without finding fault with either side--because i know each side thinks the other side is at fault--the fact remains we have not passed a single appropriations bill. so there is no alternative to a continuing resolution, and we must pass a continuing resolution if the government is going to operate on october 1 in the new fiscal year. the limited number of days in session--9 days after next week. there are reports that the house republicans are already divided on how long the cr ought to be, whether or not we ought to go into the 115th congress or not. representative tom cole was quoted as saying, ``since we're all drawing our checks, we ought to actually do our job and get it done''--meaning the appropriations process and the funding of the government--``and recognize that the next administration and the next congress are going to have plenty to do and to deal with on their own and not throw additional work at them because we are either too lazy or incompetent to do our work.'' that is representative tom cole, one of the senior members of this body, a former chairman of the campaign committee, and a respected member of this body. mr. leader, i believe we ought to pass a cr as soon as possible, consider it as soon as possible. my own belief is that it ought to be short-term. i believe many people share that view. apparently, senator mcconnell shares that view as well. it is my understanding the senate is going to consider such a cr and send it to us. obviously, it is our responsibility on fiscal matters under the constitution to move pieces of legislation. they may well amend theirs into a house bill, as i am sure you know that both sides do from time to time. can you tell me, a, how long do you expect the cr--first of all, when do you believe we will consider a continuing resolution to fund government past september 30? secondly, how long do you think that cr will extend? thirdly, as we did last year, is it your expectation that we will do an omnibus in december in the lameduck? i yield to the gentleman from california. mr. mccarthy. well, i thank the gentleman for yielding. i do want to just clarify one of your statements. surely the gentleman did not mean from the point that no appropriations bills have passed this floor because six have passed. they just have not been sent to the president. mr. hoyer. mr. speaker, reclaiming my time, as the gentleman and i both know, no appropriations bills have been enacted. as i pointed out, forgetting about who is to blame--and i am sure you and i have different perspectives on that--the fact of the matter is they haven't passed, and they haven't been signed by the president. when i say ``passed,'' that's the congress. they haven't passed the congress, and the president hasn't signed any. so there is no possibility we are going to pass one or more of those bills. as you know, there are 12 appropriations bills to fund government. we haven't passed one of them. it doesn't look like we are going to pass any of them, so we are going to need a cr. so my question relates to the cr. there are three points. i thank the gentleman for clarifying it. i yield to the gentleman from california. mr. mccarthy. i thank the gentleman for clarifying. just one more little clarification, if the gentleman may. all 12 of the appropriations bills have passed out of committee. so it is our desire to finish that work. yes, it looks as though we will be into a continuing resolution. we have funding up until september 30. it is our intent to have that done before we depart. we will not depart without finishing that work. the duration is up for discussion, and we have been having discussions on both sides of the aisle about that. but as soon as that decision is made, members will be advised when the floor action is scheduled. but i assure the gentleman it will be done before any member is departing. mr. hoyer. well, i presume that. i presume that the majority--and i will say this, that for whatever reasons--and your party is in control of both the house and the senate. yes, we have the presidency, the democrats, but no bills have reached his desk. whether they got out of committee or not, no bills have reached his desk. [[page h5247]] you and i both know getting out of committee means nothing. nothing happens because it gets out of committee, other than it is eligible to come to the floor. beyond that, nothing happens with respect to funding government. and your party is in the majority. it is not a question of blame. it is a question of no bill has passed from the congress to the president of the united states for signature. he hasn't vetoed any bills because they haven't gotten to him. so we need to adopt a cr. i think the gentleman is correct that we are not going to go home, i presume, without passing a cr. the government was shut down for 16 days some years ago because we wouldn't repeal the affordable care act. i don't presume that is going to happen this time. i certainly hope that we address the cr. it is not scheduled for next week. i am going to discuss another subject in just a second that should have been scheduled, in my view, this week. but we did bills that, frankly, aren't going to pass or be sent to the president. we spent a full week--otherwise known as 25 percent of the time--that is scheduled for us to be here before the election. next week, it will make it 50 percent of the time, and still no cr is being brought forward. we left town in july without passing the senate bill--it passed 68-30, a bipartisan bill--to address the critical health crisis confronting the american people, zika. you don't schedule that for next week either on your schedule, mr. leader. i am very concerned. i think america is very concerned. certainly, on this side of the aisle, we are very concerned. i want to make a representation here publicly, so that america will know and you will know, that i am prepared to say that almost everybody in our caucus--i would say ``unanimous,'' but i haven't talked to everybody--is ready to pass the bipartisan senate bill, which passed 68-30, which would appropriate $1.1 billion. tony fauci was on the hill, who is the director of nih's niaid, national institute of allergies and infectious diseases, which of course zika falls within the ambit of his expertise and authority. {time} 1230 he has said as of october 1, he is going to have no money to deal with the development of a vaccine. i know the gentleman is as concerned as i am because we have talked about setting up funds for disasters; and this is a health crisis, obviously a disaster. let me ask the gentleman if he expects zika funding to come to the floor either with the cr or as a separate bill, and again, i represent to him, i believe every democrat--i haven't talked to every democrat, but i believe every democrat will support the bipartisan senate bill which passed 68-30, which appropriates money and has the virtue, unlike the conference report, which the house added poison pill language that they knew neither the democrats would support in the house nor the senate nor would the president support, undermining, frankly, the ability to have health services delivered in puerto rico to women, the epicenter of the zika crisis. it should have been no surprise that that was not going to be supported, and the president made it very clear he was not going to support it. we need to reach a compromise. the senate reached a compromise. i urge the majority leader to address this and bring it to the floor. i tell him, he will have my full support and engagement for the senate bill, which was a bipartisan bill. i yield to my friend to let us know when he expects to deal with this critical health crisis confronting the american people. mr. mccarthy. i thank the gentleman for yielding. before i begin, i want to thank the gentleman. at the very beginning of this crisis, you and i sat together. at the very beginning of this crisis, you and i compiled a group of members on both sides of the aisle with the expertise to deal with it. $600 million quickly went out the door to fight it, to combat it. the senate approved $1.1 billion. i am somewhat excited to hear that all the democrats will change their mind now and vote for the bill because i would like to remind the gentleman that in june this house took up this issue because we knew what would happen in the summer. we know what is transpiring in florida because we predicted that it would because it was already happening in puerto rico, but that was not the case on this floor that night. everyone on the other side said ``no.'' well, you know what, in the senate, they have taken this up three times. your side of the aisle decided to leave without dealing with this issue. they could have dealt with this issue this week. this is the exact amount of money that the senate voted for unanimously over there--maybe not unanimously, but bipartisanly. this is not one to play politics with. we did our job here. it is quite ironic that in clarification on your past remark saying republicans are in the majority here, yes, that is true, and you saw that happen. the rules in the senate are much different, where it empowers the minority to stop. that is why we are talking about a cr. but this should not be the case. you could have challenged your colleagues in that senate, in your party, to stop the filibuster, that the people should not have to wait. we have been in those rooms together. i know your desire. when you and i talked about putting the emergency funding together, you know what, that is an appropriations issue. we need this to get done. they need the money. we need to combat it, and we need to continue to monitor it. that is why we dealt with this in june. that is why i have the frustration that i have. even when we came back this week, the senate democrats were in the exact same place they were before. this money goes to the community centers in puerto rico, exactly as the president requested. so it is not a time to play politics. it is not a time to get frustrated about a different issue that you had that night so you couldn't vote ``yes.'' that is the truth behind this, and that is wrong. mr. hoyer. i could get very animated in my answer. the fact of the matter is, what the majority leader represents, in my view, is inaccurate. the senate sent us a bipartisan bill, and because you think you needed to serve some of your most hard-line members, you made it a political bill. and we were not going to take it. we are not going to see you eliminate planned parenthood, which overwhelmingly is the-- listen to me, mr. majority leader. i listened to you respectfully. the bill eliminated planned parenthood services and funding to deliver services in puerto rico, the epicenter of this disease. and you put other legislation in that bill you knew was unacceptable to us. the senate did not do that because they need 60 votes, which means they need to come to a bipartisan agreement. you rejected a bipartisan agreement on your side of the aisle. the speaker pro tempore (mr. kelly of mississippi). the chair would remind members to direct their remarks to the chair. mr. hoyer. mr. speaker, the majority party rejected the bipartisan legislation that came from the senate with 68 votes. that is more than two-thirds of the senate. half of the republicans in the united states senate passed that bill over to us, and we could have passed it. i know some people said we needed the $1.1 billion, but i will tell you, had you brought that bill to the floor without adding political aspects to it that you knew we would not support, it would have passed. you could have passed it on your own, but you chose to make it a political bill. and we are not going to accept that because the american--you are right, mr. speaker, the american people deserve that we deal with this issue now. the president asked for this money on february 22. we are now at september 10, mr. speaker, and we have not dealt with this except in a way that, frankly, the majority party knew would not be acceptable, would not be bipartisan, would not pass the senate, and would not be signed by the president. it is, i say with all due respect, mr. majority leader, not credible to say because we didn't take what you wanted to jam down our throat when we had an agreement--not everybody agreed. i [[page h5248]] understand some people on my side said, oh, no, 1.1 is not enough, and i frankly don't think it is enough. but it is a very substantial sum that would enable nih to pursue vaccines and pursue other matters in puerto rico and florida and other places in this nation to keep our people safe. so i tell the majority leader, again, bring the bipartisan bill passed to us by the united states senate with 68 votes. bring it to the floor as a house bill and we will pass it, and that is why i tell the majority leader, mr. speaker, that i believe every member on my side of the aisle will vote for that, not because they believe $1.1 billion will be sufficient to address this problem. leader pelosi makes the very cogent point, mr. speaker, the director of cdc says that it will cost $10 million per child who suffers from microcephaly, which is the result of zika. very frankly, in brazil they found that the results go beyond that. $10 million. if 200 children get microcephaly, that gets to the dollars that the president wants from us to prevent this horrible consequence to the children and to the families of america. so i say with all due respect, mr. majority leader, you can say all you want--and i know the spin: the democrats in the senate are holding this up. i do not accept that. i think it is inaccurate. what is holding it up is putting in items in a bill that is absolutely essential, gratuitously, that you know we will object to as opposed to doing what the senate did, mr. speaker, and that is reaching a bipartisan agreement. it is very tough to reach bipartisan agreements in this house because we have a group in this house who wants to wag the dog. and that is not what the american people expect. i want to say, mr. speaker, that i have great respect for the majority leader, and he is accurate. we do sit down, we work together, and we can come to bipartisan agreements. we didn't sit down on this. the conference report was not signed by a single democrat. there was no doubt that when it came to this house floor, there were no democrats on that conference report, and we had no debate. now, one of the reasons we had no debate--i want to make it clear because the majority leader, mr. speaker, is going to make that clear as well--was our side, we thought there was another important issue, but the fact of the matter is not whether it was debated. there would have only been 30 minutes a side anyway, a short debate. but the fact of the matter is the majority leader knows that the $1.1 billion bill that the senate passed, even though it is not the president's request, would have passed on this floor, and it would pass on this floor today. and nih and cdc would have the resources, mr. speaker, that they need to protect the american people. mr. speaker, that is what we ought to do. i now yield to my friend, the majority leader. mr. mccarthy. i thank the gentleman. i think the best thing for the american people is to actually read the bill. so let me just read the section that you referred to, that you stated that no democrat in appropriations would sign on to, that no democrats on the other side wanted to vote for. it referred to a block grant. let me quote it. this is in the bill dealing with zika. ``for the funding for health services provided by public health departments, hospitals or reimbursed through public health plans.'' seriously, you are opposed to that? that is what you are fighting over while the mosquitoes begin to grow and go beyond state by state? this is what we are fighting over? that $1.1 billion, added with the other $600 million, took place in june. yeah, we couldn't get to the floor to debate it because you wouldn't give us one microphone. but i am sorry, i know there is a lot of politics that goes around here, but this is not. this is the moment, this is the time that we rise above it. the american people do not deserve that, and i say let's put this paragraph out, let the public read what the bill says, and i will promise you, the majority wants you to vote for it and stop playing games. mr. hoyer. i understand the majority wants to vote for what they want us to vote for. they don't want to reach a bipartisan---- mr. mccarthy. you voted against that. explain. mr. hoyer. i did vote against that. mr. mccarthy. if the gentleman would please explain to me what---- the speaker pro tempore. the chair would remind members to direct their remarks to the chair. mr. hoyer. it is so hard, mr. speaker. mr. mccarthy. will the gentleman yield? mr. hoyer. i will be glad to yield to my friend. i have a comment, but i will yield to him first. mr. mccarthy. mr. speaker, to the gentleman across the aisle, it is true, we work closely together on the big issues, and we try to find common ground. in that spirit, will you tell me what in that paragraph you disagree with? mr. hoyer. reclaiming my time, mr. speaker, is the gentleman aware that the major deliverer of health services to women in puerto rico is through planned parenthood? is the gentleman aware of that? i yield to the gentleman. mr. mccarthy. did the president request, when he requested money, that it get delivered that way? or in here may i remind the gentleman what i am requesting, ``the funding goes for health services provided by public health departments, hospitals, or reimbursed through public health plans.'' public health means that is the way the health care is provided, so we are funding the entities that provide the health care, exactly when the president had requested it. mr. hoyer. reclaiming my time, mr. speaker, that language was clearly designed, as the gentleman knows, as the staff knows, and as has been publicized, to preclude one of the agencies that delivers health care in puerto rico from doing so, and that is planned parenthood that gets public funds. this is designed, we believe, to restrict it. but let's put that aside. let's say we have a disagreement on that. let's accept that. {time} 1245 what the senate said, if we have disagreements on these things, we are going to pass a bill that gets that money out the door. and they passed it 68-30, which means approximately one-half of the republicans voted for it because--and, very frankly--a predecessor of yours, mr. blunt, was a cosponsor of that bill--one of my very close friends, as you know--along with mrs. murray. so, they achieved the objective in the united states senate of doing exactly what i think you are actually correct, mr. speaker, in saying, and that is that the people want us to act. it is not on the schedule this week. it is not on the schedule next week. and it ought to be on the schedule for consideration, and it ought to be in a bipartisan way, which means that both you and i could say that, yes, our sides can support this. without, we have some very significant differences, mr. speaker. we all understand that. the american people understand that. and we ought not to try to deal with those in something as critically important. that is what the senate decided to do. that is what roy blunt decided to do. that is what senator murray decided to do. and that is what 68 members of the united states senate decided to do. now, let's, just for the sake of argument, agree that we have a disagreement on the interpretation of what that does, but if we have a disagreement, that means that we are not able to pass that bill. you may disagree with our reasoning, but that is the fact. and that is the conclusion the united states senate came to, mr. speaker. so they did a bill that they could agree on in a bipartisan way. and i tell you, mr. speaker--i will reiterate it once again--bring the senate bill. it wasn't our bill. this is a blunt-murray bill. mr. blunt is the former majority leader and majority whip and minority whip of the house of representatives. the senator from missouri, a republican leader in the senate, sent us a bipartisan bill. let's take that bill, and whatever other differences we have, let's debate them, mr. speaker. those provisions can be brought to the floor separate and apart, without undermining the need to immediately fund the zika public health efforts. so, i, again, say to my friend, those two issues--and i might also add, perhaps in closing, that we ought to be [[page h5249]] dealing with flint as well, another public health issue that has been pending, mr. speaker, for over a year. mr. mccarthy. will the gentleman yield, before he goes to a new subject? mr. hoyer. i would be glad to yield to my friend. mr. mccarthy. the only thing i want to clarify here is: do you believe in debate and having the opportunity for people to air different sides? mr. hoyer. i do. that is why we didn't have a lot of debate because we were asking for mr. king's bills to be brought to the floor, as i recall. so i do believe in that. mr. mccarthy. will the gentleman yield to me? mr. hoyer. i would be glad to yield to the gentleman. mr. mccarthy. i would ask the gentleman to join with me, then, in requesting that the democrats on the senate--the filibuster denies the bill to even come up for debate, let alone it be voted for. so would you not join with me in asking the democrats to stop playing politics with a filibuster and allow the bill to come up? if the bill fails, the bill fails. but it is not even being allowed to be debated. you were always so good with reading articles, and i don't know that i have ever read one to you, but i would like to. if you will indulge me. politifact--this is the organization that looks at what we say and tries to put truth to it. this is the headline: ``democrats stretch impact of planned parenthood exclusions in zika bill.'' this is one highlighted: ``the bill also provided funds that would potentially help clinics and hospitals in nearly every municipality on the island.'' could we not agree that that is more important than politics? could we not agree that people are being affected every day and that those who are watching this debate shake their head and wonder why we are even having this fight? in june, we passed a bill. since that time, democrats in the senate will not even allow it to be debated, not even allow it to be debated, to vote it up or vote it down. there is one thing americans believe in: fairness. and i don't believe that that is fairness, if you deny a bill from coming forward. if you deny the bill from coming forward, you are blocking it. so, if you want the true definition of what is happening in the zika battle, it is that those on the other side of the aisle in the senate are blocking the discussion from even taking place. mr. hoyer. reclaiming my time, they are not blocking anything. they passed a bill 68-30. they sent it here, and it was blocked from coming to the floor. and it would have passed. if you believe, as you asked me, do i believe, should we consider things, the answer, of course, is yes. and i said, as an aside, peter king, the former chairman of the homeland security committee has two bills that are supported by over 85 percent of the american public. bring them to the floor on the premise, mr. speaker, that we ought to debate, consider, and vote. bring them to the floor. bring mr. king's bills to the floor. bring the senate bill. you know the senate bill has 68 votes. mr. speaker, i will tell the majority leader that, had he brought the senate bill to the floor--we were precluded from voting on the senate bill, mr. speaker. the majority leader just said, oh, we ought to bring the bill to the floor. isn't that the right thing to do? well, if it is right for the senate--and we can't control the senate, but we can control the house. and, as a matter of fact, mr. speaker, as you know, i was the majority leader, and i could decide whether to bring the bills on the floor or not bring them on the floor. the majority leader has that authority. bring the senate bill to the floor. if, in fact, as the majority leader just said we ought to have debate, we ought to consider it, and we ought to vote, and if it goes down, fine; if it passes, that is the will of the house--will of the senate, you said. if that is a good premise in the senate, it is an even better premise in the house of representatives. so, mr. speaker, i ask my friend, the majority leader, to bring that bill to the floor. let's vote on it. that is what he said his premise was and what we were committed to. i agree with him. i don't like the filibuster. i don't like the 60-vote rule in the senate, i will tell you that. the 60-vote rule undermines democracy. if a bill has 50 percent and a committee reports it out, it ought to come to the floor. i agree with the majority leader on that. and mr. reid and i have had some discussions on that. my colleague senator cardin and i have had some discussions on that. but if it is good for the senate, it is good for the house. and the house does that. the majority can rule in this house. and if he brings that bill to the floor, it will pass. it will pass on monday, i guarantee the gentleman. and i know we need to conclude this. in all consideration, ms. kelly is coming over to explain to me schedules. but this is serious, and i don't say this--the majority leader and i do work together. but let's pass this zika bill, as the senate passed it, and then have the arguments on stuff that we don't agree on. we do agree on the senate bill, at least to the extent it goes, and there are things that we don't agree. to make an aside, you stripped the confederate flag amendment from the conference report on the milcon bill because you didn't want your guys to vote on it. mr. speaker, i understand that. that is why it was done. i didn't like that, but that passed the house, stripped out of the bill, not by the senate, but by us. but that is an aside. it is an aside because, you are right, mr. speaker, the majority leader is right, that doesn't affect zika. what affects zika is that $1.1 billion that we can get to them on monday, mr. speaker. if the majority leader will bring it to the floor, we can pass it on suspension. mr. speaker, i appreciate the majority leader's discussion on this matter, but we have some critical issues, mr. speaker, that we need to deal with: funding government, getting zika passed, helping the people in flint, funding opioids. we passed a bill. it was a good bill. the president signed it. we passed it in a bipartisan way, but we didn't fund it. another health crisis. we need to address these critical matters. these other bills may have merit, but they are not a crisis. mr. speaker, unless the majority leader wants to say something further, i yield back the balance of my time. ____________________",29659
CREC-2016-09-09-pt1-PgH5251,CREC-2016-09-09,2016-09-09,HEAR THE AMERICAN PEOPLE,CREC,HOUSE,H,H,1,https://www.govinfo.gov/app/details/CREC-2016-09-09/CREC-2016-09-09-pt1-PgH5251,https://api.govinfo.gov/packages/CREC-2016-09-09/granules/CREC-2016-09-09-pt1-PgH5251/htm,https://api.govinfo.gov/packages/CREC-2016-09-09/granules/CREC-2016-09-09-pt1-PgH5251/pdf,https://api.govinfo.gov/packages/CREC-2016-09-09/summary,"[Congressional Record Volume 162, Number 136 (Friday, September 9, 2016)] [House] [Page H5251] From the Congressional Record Online through the Government Publishing Office [ www.gpo.gov ] HEAR THE AMERICAN PEOPLE (Ms. NORTON asked and was given permission to address the House for 1 minute and to revise and extend her remarks.) Ms. NORTON. Mr. Speaker, after Orlando, the largest mass shooting in our history, Democrats focused the Congress and the country on the urgent need to expand background checks. Many jurisdictions, including the Nation's Capital, have strong gun safety laws, but they are countermanded daily by congressional failure to pass national legislation to keep criminals from bringing guns from neighboring jurisdictions. Eighty-one percent of the American people support background checks before purchase of a deadly weapon. They want Congress to check the recent spike in gun violence nationwide. They want us to pass H.R. 1217, our bipartisan background check bill. Hear the American people. ____________________",,"[Congressional Record Volume 162, Number 136 (Friday, September 9, 2016)] [House] [Page H5251] From the Congressional Record Online through the Government Publishing Office [ www.gpo.gov ] HEAR THE AMERICAN PEOPLE (Ms. NORTON asked and was given permission to address the House for 1 minute and to revise and extend her remarks.) Ms. NORTON. Mr. Speaker, after Orlando, the largest mass shooting in our history, Democrats focused the Congress and the country on the urgent need to expand background checks. Many jurisdictions, including the Nation's Capital, have strong gun safety laws, but they are countermanded daily by congressional failure to pass national legislation to keep criminals from bringing guns from neighboring jurisdictions. Eighty-one percent of the American people support background checks before purchase of a deadly weapon. They want Congress to check the recent spike in gun violence nationwide. They want us to pass H.R. 1217, our bipartisan background check bill. Hear the American people. ____________________",https://api.govinfo.gov/related/CREC-2016-09-09-pt1-PgH5251,CREC,Proceedings of Congress and General Congressional Publications,2025-03-07T17:31:58Z,Congressional Record,package_114_321.csv,1037,0,1037,"[congressional record volume 162, number 136 (friday, september 9, 2016)] [house] [page h5251] from the congressional record online through the government publishing office [ www.gpo.gov ] hear the american people (ms. norton asked and was given permission to address the house for 1 minute and to revise and extend her remarks.) ms. norton. mr. speaker, after orlando, the largest mass shooting in our history, democrats focused the congress and the country on the urgent need to expand background checks. many jurisdictions, including the nation's capital, have strong gun safety laws, but they are countermanded daily by congressional failure to pass national legislation to keep criminals from bringing guns from neighboring jurisdictions. eighty-one percent of the american people support background checks before purchase of a deadly weapon. they want congress to check the recent spike in gun violence nationwide. they want us to pass h.r. 1217, our bipartisan background check bill. hear the american people. ____________________",1037
CREC-2016-09-09-pt1-PgH5250-4,CREC-2016-09-09,2016-09-09,HONORING THE KENNEWICK AMERICAN YOUTH BASEBALL TEAM,CREC,HOUSE,H,H,1,https://www.govinfo.gov/app/details/CREC-2016-09-09/CREC-2016-09-09-pt1-PgH5250-4,https://api.govinfo.gov/packages/CREC-2016-09-09/granules/CREC-2016-09-09-pt1-PgH5250-4/htm,https://api.govinfo.gov/packages/CREC-2016-09-09/granules/CREC-2016-09-09-pt1-PgH5250-4/pdf,https://api.govinfo.gov/packages/CREC-2016-09-09/summary,,,,https://api.govinfo.gov/related/CREC-2016-09-09-pt1-PgH5250-4,CREC,Proceedings of Congress and General Congressional Publications,2025-03-07T17:31:58Z,Congressional Record,package_114_321.csv,0,0,0,,0
CREC-2016-09-09-pt1-PgH5251-2,CREC-2016-09-09,2016-09-09,RECOGNIZING THE SERVICE OF LIEUTENANT ROBERT HESS,CREC,HOUSE,H,H,1,https://www.govinfo.gov/app/details/CREC-2016-09-09/CREC-2016-09-09-pt1-PgH5251-2,https://api.govinfo.gov/packages/CREC-2016-09-09/granules/CREC-2016-09-09-pt1-PgH5251-2/htm,https://api.govinfo.gov/packages/CREC-2016-09-09/granules/CREC-2016-09-09-pt1-PgH5251-2/pdf,https://api.govinfo.gov/packages/CREC-2016-09-09/summary,"[Congressional Record Volume 162, Number 136 (Friday, September 9, 2016)] [House] [Page H5251] From the Congressional Record Online through the Government Publishing Office [ www.gpo.gov ] RECOGNIZING THE SERVICE OF LIEUTENANT ROBERT HESS (Mr. THOMPSON of Pennsylvania asked and was given permission to address the House for 1 minute and to revise and extend his remarks.) Mr. THOMPSON of Pennsylvania. Mr. Speaker, I rise today in recognition of Lieutenant Robert Hess, a resident of Lock Haven, Pennsylvania, in the Pennsylvania Fifth Congressional District. Lieutenant Hess was recently chosen by the Military Chaplains Association to receive its Distinguished Service Award, which annually recognizes excellent chaplains in the Army, Navy, Air Force, Veterans Affairs, and Civil Air Patrol. Lieutenant Hess was born in Lock Haven and joined the Navy after graduating from Lock Haven High School in 1990. As a member of the Navy, he has traveled extensively during his service, including time spent in Spain, France, England, Slovenia, Germany, Greece, and the Netherlands. He is currently attached to the Destroyer Squadron, DESRON 60. Lieutenant Hess also spent several years as a civilian pastor before being recalled to Active Duty after the terrorist attacks on September 11, 2001, which, of course, occurred 15 years ago this Sunday. As an Army dad, I have the deepest respect for our servicemen and - women, including those such as Lieutenant Hess, who work every day to counsel, teach, and minister to the spiritual needs of those servicemembers. ____________________",,"[Congressional Record Volume 162, Number 136 (Friday, September 9, 2016)] [House] [Page H5251] From the Congressional Record Online through the Government Publishing Office [ www.gpo.gov ] RECOGNIZING THE SERVICE OF LIEUTENANT ROBERT HESS (Mr. THOMPSON of Pennsylvania asked and was given permission to address the House for 1 minute and to revise and extend his remarks.) Mr. THOMPSON of Pennsylvania. Mr. Speaker, I rise today in recognition of Lieutenant Robert Hess, a resident of Lock Haven, Pennsylvania, in the Pennsylvania Fifth Congressional District. Lieutenant Hess was recently chosen by the Military Chaplains Association to receive its Distinguished Service Award, which annually recognizes excellent chaplains in the Army, Navy, Air Force, Veterans Affairs, and Civil Air Patrol. Lieutenant Hess was born in Lock Haven and joined the Navy after graduating from Lock Haven High School in 1990. As a member of the Navy, he has traveled extensively during his service, including time spent in Spain, France, England, Slovenia, Germany, Greece, and the Netherlands. He is currently attached to the Destroyer Squadron, DESRON 60. Lieutenant Hess also spent several years as a civilian pastor before being recalled to Active Duty after the terrorist attacks on September 11, 2001, which, of course, occurred 15 years ago this Sunday. As an Army dad, I have the deepest respect for our servicemen and - women, including those such as Lieutenant Hess, who work every day to counsel, teach, and minister to the spiritual needs of those servicemembers. ____________________",https://api.govinfo.gov/related/CREC-2016-09-09-pt1-PgH5251-2,CREC,Proceedings of Congress and General Congressional Publications,2025-03-07T17:31:58Z,Congressional Record,package_114_321.csv,1578,0,1578,"[congressional record volume 162, number 136 (friday, september 9, 2016)] [house] [page h5251] from the congressional record online through the government publishing office [ www.gpo.gov ] recognizing the service of lieutenant robert hess (mr. thompson of pennsylvania asked and was given permission to address the house for 1 minute and to revise and extend his remarks.) mr. thompson of pennsylvania. mr. speaker, i rise today in recognition of lieutenant robert hess, a resident of lock haven, pennsylvania, in the pennsylvania fifth congressional district. lieutenant hess was recently chosen by the military chaplains association to receive its distinguished service award, which annually recognizes excellent chaplains in the army, navy, air force, veterans affairs, and civil air patrol. lieutenant hess was born in lock haven and joined the navy after graduating from lock haven high school in 1990. as a member of the navy, he has traveled extensively during his service, including time spent in spain, france, england, slovenia, germany, greece, and the netherlands. he is currently attached to the destroyer squadron, desron 60. lieutenant hess also spent several years as a civilian pastor before being recalled to active duty after the terrorist attacks on september 11, 2001, which, of course, occurred 15 years ago this sunday. as an army dad, i have the deepest respect for our servicemen and - women, including those such as lieutenant hess, who work every day to counsel, teach, and minister to the spiritual needs of those servicemembers. ____________________",1578
CREC-2016-09-09-pt1-PgH5250-2,CREC-2016-09-09,2016-09-09,BIRTHDAY CARDS FOR AVA,CREC,HOUSE,H,H,1,https://www.govinfo.gov/app/details/CREC-2016-09-09/CREC-2016-09-09-pt1-PgH5250-2,https://api.govinfo.gov/packages/CREC-2016-09-09/granules/CREC-2016-09-09-pt1-PgH5250-2/htm,https://api.govinfo.gov/packages/CREC-2016-09-09/granules/CREC-2016-09-09-pt1-PgH5250-2/pdf,https://api.govinfo.gov/packages/CREC-2016-09-09/summary,"[Congressional Record Volume 162, Number 136 (Friday, September 9, 2016)] [House] [Page H5250] From the Congressional Record Online through the Government Publishing Office [ www.gpo.gov ] BIRTHDAY CARDS FOR AVA (Mr. YOUNG of Iowa asked and was given permission to address the House for 1 minute and to revise and extend his remarks.) Mr. YOUNG of Iowa. Mr. Speaker, everyone, meet Ava. Ava hails from Bondurant, Iowa, and is turning 11 years old next week. She is the beautiful daughter of Kris and Joni Hutchinson. Something you should know about Ava? Ava is a warrior. She is a fighter. She also is battling brain cancer. Now, cancer is not new to Ava. It is something she has fought as a toddler. The battle began again, though, for Ava this summer. Ava has faced the heartbreaking realities and struggles in her fight against cancer that many folks are lucky enough to never encounter in their lifetime, but Ava is strong, Ava is brave, and Ava is an inspiration to us all. She makes us all smile--everyone she has met. With her 11th birthday quickly approaching, you may be asking yourself: What does she wish for? Ava wants a birthday card from you-- anyone--everyone who would like to send one. Folks from across the country and around the world are sending birthday cards for Ava. Of the cards, she said: I like getting them because I know people are praying for me and thinking about me every day. Let's help make Ava's birthday one to remember. I encourage all who can--everybody--to take part in this outpouring of love and support for Ava. Anyone can send a card to Ava at: cards for Ava, 104 9th Street SE, Altoona, Iowa 50009. The address is right here. Mr. Speaker, today, let us take a moment to send our thoughts and prayers to Ava and her family. Let us wish Ava a happy birthday. The best one is yet to come. Happy birthday, Ava. ____________________",,"[Congressional Record Volume 162, Number 136 (Friday, September 9, 2016)] [House] [Page H5250] From the Congressional Record Online through the Government Publishing Office [ www.gpo.gov ] BIRTHDAY CARDS FOR AVA (Mr. YOUNG of Iowa asked and was given permission to address the House for 1 minute and to revise and extend his remarks.) Mr. YOUNG of Iowa. Mr. Speaker, everyone, meet Ava. Ava hails from Bondurant, Iowa, and is turning 11 years old next week. She is the beautiful daughter of Kris and Joni Hutchinson. Something you should know about Ava? Ava is a warrior. She is a fighter. She also is battling brain cancer. Now, cancer is not new to Ava. It is something she has fought as a toddler. The battle began again, though, for Ava this summer. Ava has faced the heartbreaking realities and struggles in her fight against cancer that many folks are lucky enough to never encounter in their lifetime, but Ava is strong, Ava is brave, and Ava is an inspiration to us all. She makes us all smile--everyone she has met. With her 11th birthday quickly approaching, you may be asking yourself: What does she wish for? Ava wants a birthday card from you-- anyone--everyone who would like to send one. Folks from across the country and around the world are sending birthday cards for Ava. Of the cards, she said: I like getting them because I know people are praying for me and thinking about me every day. Let's help make Ava's birthday one to remember. I encourage all who can--everybody--to take part in this outpouring of love and support for Ava. Anyone can send a card to Ava at: cards for Ava, 104 9th Street SE, Altoona, Iowa 50009. The address is right here. Mr. Speaker, today, let us take a moment to send our thoughts and prayers to Ava and her family. Let us wish Ava a happy birthday. The best one is yet to come. Happy birthday, Ava. ____________________",https://api.govinfo.gov/related/CREC-2016-09-09-pt1-PgH5250-2,CREC,Proceedings of Congress and General Congressional Publications,2025-03-07T17:31:58Z,Congressional Record,package_114_321.csv,1870,0,1870,"[congressional record volume 162, number 136 (friday, september 9, 2016)] [house] [page h5250] from the congressional record online through the government publishing office [ www.gpo.gov ] birthday cards for ava (mr. young of iowa asked and was given permission to address the house for 1 minute and to revise and extend his remarks.) mr. young of iowa. mr. speaker, everyone, meet ava. ava hails from bondurant, iowa, and is turning 11 years old next week. she is the beautiful daughter of kris and joni hutchinson. something you should know about ava? ava is a warrior. she is a fighter. she also is battling brain cancer. now, cancer is not new to ava. it is something she has fought as a toddler. the battle began again, though, for ava this summer. ava has faced the heartbreaking realities and struggles in her fight against cancer that many folks are lucky enough to never encounter in their lifetime, but ava is strong, ava is brave, and ava is an inspiration to us all. she makes us all smile--everyone she has met. with her 11th birthday quickly approaching, you may be asking yourself: what does she wish for? ava wants a birthday card from you-- anyone--everyone who would like to send one. folks from across the country and around the world are sending birthday cards for ava. of the cards, she said: i like getting them because i know people are praying for me and thinking about me every day. let's help make ava's birthday one to remember. i encourage all who can--everybody--to take part in this outpouring of love and support for ava. anyone can send a card to ava at: cards for ava, 104 9th street se, altoona, iowa 50009. the address is right here. mr. speaker, today, let us take a moment to send our thoughts and prayers to ava and her family. let us wish ava a happy birthday. the best one is yet to come. happy birthday, ava. ____________________",1870
CREC-2016-09-09-pt1-PgH5251-3,CREC-2016-09-09,2016-09-09,"TRIBUTE TO THE VICTIMS OF SEPTEMBER 11, 2001",CREC,HOUSE,H,H,1,https://www.govinfo.gov/app/details/CREC-2016-09-09/CREC-2016-09-09-pt1-PgH5251-3,https://api.govinfo.gov/packages/CREC-2016-09-09/granules/CREC-2016-09-09-pt1-PgH5251-3/htm,https://api.govinfo.gov/packages/CREC-2016-09-09/granules/CREC-2016-09-09-pt1-PgH5251-3/pdf,https://api.govinfo.gov/packages/CREC-2016-09-09/summary,"[Congressional Record Volume 162, Number 136 (Friday, September 9, 2016)] [House] [Page H5251] From the Congressional Record Online through the Government Publishing Office [ www.gpo.gov ] TRIBUTE TO THE VICTIMS OF SEPTEMBER 11, 2001 (Mr. AL GREEN of Texas asked and was given permission to address the House for 1 minute and to revise and extend his remarks.) Mr. AL GREEN of Texas. Mr. Speaker, I love my country, and I rise today to pay tribute to those who lost their lives on 9/11. It has been a very painful thing for those of us who love our country. But notwithstanding all of the pain that I and the many others endure, it is not the same pain as those who have loved ones who made a transition on that day. So today I rise in honor of those who made the transition, those who went forward when others were running away. I salute those who are willing to stand and secure this country. I salute the police officers. I salute the military. I thank them for their service. I also want to honor those who lost their lives, and I have great sympathy for those who survived and the family members. I ask for a moment of silent prayer. Mr. Speaker, I know that there are still people who are willing to go into harm's way to make the ultimate sacrifice so that we can have a better quality of life in the freest country in the world. ____________________",,"[Congressional Record Volume 162, Number 136 (Friday, September 9, 2016)] [House] [Page H5251] From the Congressional Record Online through the Government Publishing Office [ www.gpo.gov ] TRIBUTE TO THE VICTIMS OF SEPTEMBER 11, 2001 (Mr. AL GREEN of Texas asked and was given permission to address the House for 1 minute and to revise and extend his remarks.) Mr. AL GREEN of Texas. Mr. Speaker, I love my country, and I rise today to pay tribute to those who lost their lives on 9/11. It has been a very painful thing for those of us who love our country. But notwithstanding all of the pain that I and the many others endure, it is not the same pain as those who have loved ones who made a transition on that day. So today I rise in honor of those who made the transition, those who went forward when others were running away. I salute those who are willing to stand and secure this country. I salute the police officers. I salute the military. I thank them for their service. I also want to honor those who lost their lives, and I have great sympathy for those who survived and the family members. I ask for a moment of silent prayer. Mr. Speaker, I know that there are still people who are willing to go into harm's way to make the ultimate sacrifice so that we can have a better quality of life in the freest country in the world. ____________________",https://api.govinfo.gov/related/CREC-2016-09-09-pt1-PgH5251-3,CREC,Proceedings of Congress and General Congressional Publications,2025-03-07T17:31:58Z,Congressional Record,package_114_321.csv,1357,0,1357,"[congressional record volume 162, number 136 (friday, september 9, 2016)] [house] [page h5251] from the congressional record online through the government publishing office [ www.gpo.gov ] tribute to the victims of september 11, 2001 (mr. al green of texas asked and was given permission to address the house for 1 minute and to revise and extend his remarks.) mr. al green of texas. mr. speaker, i love my country, and i rise today to pay tribute to those who lost their lives on 9/11. it has been a very painful thing for those of us who love our country. but notwithstanding all of the pain that i and the many others endure, it is not the same pain as those who have loved ones who made a transition on that day. so today i rise in honor of those who made the transition, those who went forward when others were running away. i salute those who are willing to stand and secure this country. i salute the police officers. i salute the military. i thank them for their service. i also want to honor those who lost their lives, and i have great sympathy for those who survived and the family members. i ask for a moment of silent prayer. mr. speaker, i know that there are still people who are willing to go into harm's way to make the ultimate sacrifice so that we can have a better quality of life in the freest country in the world. ____________________",1357
CREC-2016-09-09-pt1-PgH5251-5,CREC-2016-09-09,2016-09-09,CONGRATULATING UNITED LAUNCH ALLIANCE FOR ANOTHER SUCCESSFUL SPACE LAUNCH,CREC,HOUSE,H,H,1,https://www.govinfo.gov/app/details/CREC-2016-09-09/CREC-2016-09-09-pt1-PgH5251-5,https://api.govinfo.gov/packages/CREC-2016-09-09/granules/CREC-2016-09-09-pt1-PgH5251-5/htm,https://api.govinfo.gov/packages/CREC-2016-09-09/granules/CREC-2016-09-09-pt1-PgH5251-5/pdf,https://api.govinfo.gov/packages/CREC-2016-09-09/summary,"[Congressional Record Volume 162, Number 136 (Friday, September 9, 2016)] [House] [Page H5251] From the Congressional Record Online through the Government Publishing Office [ www.gpo.gov ] CONGRATULATING UNITED LAUNCH ALLIANCE FOR ANOTHER SUCCESSFUL SPACE LAUNCH (Mr. COFFMAN asked and was given permission to address the House for 1 minute and to revise and extend his remarks.) Mr. COFFMAN. Mr. Speaker, I rise today to congratulate the men and women of United Launch Alliance on another successful space launch on Thursday. United Launch Alliance, or ULA, is headquartered in Centennial, Colorado, and has provided assured access to space since 2006. ULA's most recent launch propelled NASA's OSIRIS-REx into space. The payload will travel to a near-Earth asteroid called Bennu, map the chemical elements on the asteroid's surface, and then return a sample to Earth in 2023. This launch marks ULA's 111th consecutive successful space launch. This amazing success record is a testament to the hard work of ULA's dedicated team of professionals. Congratulations on a job well done. ____________________",,"[Congressional Record Volume 162, Number 136 (Friday, September 9, 2016)] [House] [Page H5251] From the Congressional Record Online through the Government Publishing Office [ www.gpo.gov ] CONGRATULATING UNITED LAUNCH ALLIANCE FOR ANOTHER SUCCESSFUL SPACE LAUNCH (Mr. COFFMAN asked and was given permission to address the House for 1 minute and to revise and extend his remarks.) Mr. COFFMAN. Mr. Speaker, I rise today to congratulate the men and women of United Launch Alliance on another successful space launch on Thursday. United Launch Alliance, or ULA, is headquartered in Centennial, Colorado, and has provided assured access to space since 2006. ULA's most recent launch propelled NASA's OSIRIS-REx into space. The payload will travel to a near-Earth asteroid called Bennu, map the chemical elements on the asteroid's surface, and then return a sample to Earth in 2023. This launch marks ULA's 111th consecutive successful space launch. This amazing success record is a testament to the hard work of ULA's dedicated team of professionals. Congratulations on a job well done. ____________________",https://api.govinfo.gov/related/CREC-2016-09-09-pt1-PgH5251-5,CREC,Proceedings of Congress and General Congressional Publications,2025-03-07T17:31:58Z,Congressional Record,package_114_321.csv,1103,0,1103,"[congressional record volume 162, number 136 (friday, september 9, 2016)] [house] [page h5251] from the congressional record online through the government publishing office [ www.gpo.gov ] congratulating united launch alliance for another successful space launch (mr. coffman asked and was given permission to address the house for 1 minute and to revise and extend his remarks.) mr. coffman. mr. speaker, i rise today to congratulate the men and women of united launch alliance on another successful space launch on thursday. united launch alliance, or ula, is headquartered in centennial, colorado, and has provided assured access to space since 2006. ula's most recent launch propelled nasa's osiris-rex into space. the payload will travel to a near-earth asteroid called bennu, map the chemical elements on the asteroid's surface, and then return a sample to earth in 2023. this launch marks ula's 111th consecutive successful space launch. this amazing success record is a testament to the hard work of ula's dedicated team of professionals. congratulations on a job well done. ____________________",1103
CREC-2016-09-09-pt1-PgH5251-6,CREC-2016-09-09,2016-09-09,NATIONAL SUICIDE PREVENTION WEEK,CREC,HOUSE,H,H,1,https://www.govinfo.gov/app/details/CREC-2016-09-09/CREC-2016-09-09-pt1-PgH5251-6,https://api.govinfo.gov/packages/CREC-2016-09-09/granules/CREC-2016-09-09-pt1-PgH5251-6/htm,https://api.govinfo.gov/packages/CREC-2016-09-09/granules/CREC-2016-09-09-pt1-PgH5251-6/pdf,https://api.govinfo.gov/packages/CREC-2016-09-09/summary,"[Congressional Record Volume 162, Number 136 (Friday, September 9, 2016)] [House] [Pages H5251-H5252] From the Congressional Record Online through the Government Publishing Office [ www.gpo.gov ] NATIONAL SUICIDE PREVENTION WEEK (Mr. DOLD asked and was given permission to address the House for 1 minute and to revise and extend his remarks.) [[Page H5252]] Mr. DOLD. Mr. Speaker, I rise today because this week is National Suicide Prevention Week. Studies have shown that roughly 90 percent of people who commit suicide struggled with mental illness. In July, with enormous bipartisan support, the House passed the Helping Families in Mental Health Crisis Act to tackle our Nation's mental health crisis. In recognition of this week, I believe the Senate should immediately take up this very important piece of legislation. Sadly, Mr. Speaker, veterans who have served our Nation are even more at risk. The disturbing reality is that far too many of our veterans who fought for our freedom are not truly free when they return home. We cannot be bystanders as our Nation's heroes struggle with mental illness and suicide. That is why we passed and signed into law the Clay Hunt SAV Act, which prioritizes mental health care for our veterans. But there is still so much work to be done to reach out to those who may need our help. Together, we can and must erase the stigma surrounding suicide and mental health. ____________________",,"[Congressional Record Volume 162, Number 136 (Friday, September 9, 2016)] [House] [Pages H5251-H5252] From the Congressional Record Online through the Government Publishing Office [ www.gpo.gov ] NATIONAL SUICIDE PREVENTION WEEK (Mr. DOLD asked and was given permission to address the House for 1 minute and to revise and extend his remarks.) [[Page H5252]] Mr. DOLD. Mr. Speaker, I rise today because this week is National Suicide Prevention Week. Studies have shown that roughly 90 percent of people who commit suicide struggled with mental illness. In July, with enormous bipartisan support, the House passed the Helping Families in Mental Health Crisis Act to tackle our Nation's mental health crisis. In recognition of this week, I believe the Senate should immediately take up this very important piece of legislation. Sadly, Mr. Speaker, veterans who have served our Nation are even more at risk. The disturbing reality is that far too many of our veterans who fought for our freedom are not truly free when they return home. We cannot be bystanders as our Nation's heroes struggle with mental illness and suicide. That is why we passed and signed into law the Clay Hunt SAV Act, which prioritizes mental health care for our veterans. But there is still so much work to be done to reach out to those who may need our help. Together, we can and must erase the stigma surrounding suicide and mental health. ____________________",https://api.govinfo.gov/related/CREC-2016-09-09-pt1-PgH5251-6,CREC,Proceedings of Congress and General Congressional Publications,2025-03-07T17:31:58Z,Congressional Record,package_114_321.csv,1432,0,1432,"[congressional record volume 162, number 136 (friday, september 9, 2016)] [house] [pages h5251-h5252] from the congressional record online through the government publishing office [ www.gpo.gov ] national suicide prevention week (mr. dold asked and was given permission to address the house for 1 minute and to revise and extend his remarks.) [[page h5252]] mr. dold. mr. speaker, i rise today because this week is national suicide prevention week. studies have shown that roughly 90 percent of people who commit suicide struggled with mental illness. in july, with enormous bipartisan support, the house passed the helping families in mental health crisis act to tackle our nation's mental health crisis. in recognition of this week, i believe the senate should immediately take up this very important piece of legislation. sadly, mr. speaker, veterans who have served our nation are even more at risk. the disturbing reality is that far too many of our veterans who fought for our freedom are not truly free when they return home. we cannot be bystanders as our nation's heroes struggle with mental illness and suicide. that is why we passed and signed into law the clay hunt sav act, which prioritizes mental health care for our veterans. but there is still so much work to be done to reach out to those who may need our help. together, we can and must erase the stigma surrounding suicide and mental health. ____________________",1432
CREC-2016-09-09-pt1-PgH5252,CREC-2016-09-09,2016-09-09,REPLACE LEAD PIPES,CREC,HOUSE,H,H,1,https://www.govinfo.gov/app/details/CREC-2016-09-09/CREC-2016-09-09-pt1-PgH5252,https://api.govinfo.gov/packages/CREC-2016-09-09/granules/CREC-2016-09-09-pt1-PgH5252/htm,https://api.govinfo.gov/packages/CREC-2016-09-09/granules/CREC-2016-09-09-pt1-PgH5252/pdf,https://api.govinfo.gov/packages/CREC-2016-09-09/summary,"[Congressional Record Volume 162, Number 136 (Friday, September 9, 2016)] [House] [Page H5252] From the Congressional Record Online through the Government Publishing Office [ www.gpo.gov ] REPLACE LEAD PIPES (Mr. TED LIEU of California asked and was given permission to address the House for 1 minute.) Mr. TED LIEU of California. Mr. Speaker, it has been 2 years since the people of Flint were able to turn on their faucets and get clean water, and Congress has not acted to help the people of Flint. That is a travesty and an injustice, and the issues since then have gotten even worse, not just for the people of Flint, but across America. Multiple reports indicate that now at least 29 States have issues with lead in their drinking water. We need an investment for infrastructure that is not only going to help people no longer get poisoned, but also create new jobs. That is why, on the House Budget Committee, I introduced an amendment to increase, by over $3 billion, the funding to the State's Clean Water Revolving Fund to help local municipalities upgrade and replace lead pipes. There is now new technology such as plastic PVC pipes that do not leach lead that are safe. They are less expensive. Cities and municipalities and States across the Nation should be investing in plastic pipes to deliver lead-free water to our residents. It is my hope that Congress acts on this soon. ____________________",,"[Congressional Record Volume 162, Number 136 (Friday, September 9, 2016)] [House] [Page H5252] From the Congressional Record Online through the Government Publishing Office [ www.gpo.gov ] REPLACE LEAD PIPES (Mr. TED LIEU of California asked and was given permission to address the House for 1 minute.) Mr. TED LIEU of California. Mr. Speaker, it has been 2 years since the people of Flint were able to turn on their faucets and get clean water, and Congress has not acted to help the people of Flint. That is a travesty and an injustice, and the issues since then have gotten even worse, not just for the people of Flint, but across America. Multiple reports indicate that now at least 29 States have issues with lead in their drinking water. We need an investment for infrastructure that is not only going to help people no longer get poisoned, but also create new jobs. That is why, on the House Budget Committee, I introduced an amendment to increase, by over $3 billion, the funding to the State's Clean Water Revolving Fund to help local municipalities upgrade and replace lead pipes. There is now new technology such as plastic PVC pipes that do not leach lead that are safe. They are less expensive. Cities and municipalities and States across the Nation should be investing in plastic pipes to deliver lead-free water to our residents. It is my hope that Congress acts on this soon. ____________________",https://api.govinfo.gov/related/CREC-2016-09-09-pt1-PgH5252,CREC,Proceedings of Congress and General Congressional Publications,2025-03-07T17:31:58Z,Congressional Record,package_114_321.csv,1412,0,1412,"[congressional record volume 162, number 136 (friday, september 9, 2016)] [house] [page h5252] from the congressional record online through the government publishing office [ www.gpo.gov ] replace lead pipes (mr. ted lieu of california asked and was given permission to address the house for 1 minute.) mr. ted lieu of california. mr. speaker, it has been 2 years since the people of flint were able to turn on their faucets and get clean water, and congress has not acted to help the people of flint. that is a travesty and an injustice, and the issues since then have gotten even worse, not just for the people of flint, but across america. multiple reports indicate that now at least 29 states have issues with lead in their drinking water. we need an investment for infrastructure that is not only going to help people no longer get poisoned, but also create new jobs. that is why, on the house budget committee, i introduced an amendment to increase, by over $3 billion, the funding to the state's clean water revolving fund to help local municipalities upgrade and replace lead pipes. there is now new technology such as plastic pvc pipes that do not leach lead that are safe. they are less expensive. cities and municipalities and states across the nation should be investing in plastic pipes to deliver lead-free water to our residents. it is my hope that congress acts on this soon. ____________________",1412
CREC-2016-09-09-pt1-PgH5251-4,CREC-2016-09-09,2016-09-09,CELEBRATING THE 50TH ANNIVERSARY OF THE SHASTA LIVESTOCK AUCTION,CREC,HOUSE,H,H,1,https://www.govinfo.gov/app/details/CREC-2016-09-09/CREC-2016-09-09-pt1-PgH5251-4,https://api.govinfo.gov/packages/CREC-2016-09-09/granules/CREC-2016-09-09-pt1-PgH5251-4/htm,https://api.govinfo.gov/packages/CREC-2016-09-09/granules/CREC-2016-09-09-pt1-PgH5251-4/pdf,https://api.govinfo.gov/packages/CREC-2016-09-09/summary,"[Congressional Record Volume 162, Number 136 (Friday, September 9, 2016)] [House] [Page H5251] From the Congressional Record Online through the Government Publishing Office [ www.gpo.gov ] CELEBRATING THE 50TH ANNIVERSARY OF THE SHASTA LIVESTOCK AUCTION (Mr. LaMALFA asked and was given permission to address the House for 1 minute and to revise and extend his remarks.) Mr. LaMALFA. Mr. Speaker, this year marks the 50th anniversary of the Shasta Livestock Auction, located in Cottonwood, California, which was opened in 1966 by Ellington Peek and his wife, Betty, and family. Ellington is well known in California agriculture. He was named Tehama County's first Cattleman of the Year, California Livestock Man of the Year, and an inductee into the Cowboy Hall of Fame. In May, the Shasta Historical Society presented a program commemorating the auction yard, and while it tells a lot about the business, it also focuses on the person Ellington is that has made him so successful--an honest, hardworking man who represents the epitome of the American story. Around the time Ellington Peek began buying and selling cattle at his yard, the industry started experiencing a lot of ups and downs in the market, forcing many ranchers out of the business. Refusing to give up, he took his business on the road, busing prospective buyers and sellers to different ranches and showing available cattle up on a slide show for purchase. Later, this innovative model that was such a success ultimately led him to the business of video auction, starting the Western Video Market, with one of the first auctions selling over 25,000 head of cattle. This innovation and vision not only gave California and Western cattlemen access to a national marketplace, but entirely changed the market. Today, it is a very viable and strong and thriving enterprise, the Shasta Livestock Auction, with the video market. So I just want to say thank you to the Peeks; and also remembering their son they lost a few years ago, Andy, and what that means to that family operation and what it means, this anniversary of the 50th, to all of us in northern California. ____________________",,"[Congressional Record Volume 162, Number 136 (Friday, September 9, 2016)] [House] [Page H5251] From the Congressional Record Online through the Government Publishing Office [ www.gpo.gov ] CELEBRATING THE 50TH ANNIVERSARY OF THE SHASTA LIVESTOCK AUCTION (Mr. LaMALFA asked and was given permission to address the House for 1 minute and to revise and extend his remarks.) Mr. LaMALFA. Mr. Speaker, this year marks the 50th anniversary of the Shasta Livestock Auction, located in Cottonwood, California, which was opened in 1966 by Ellington Peek and his wife, Betty, and family. Ellington is well known in California agriculture. He was named Tehama County's first Cattleman of the Year, California Livestock Man of the Year, and an inductee into the Cowboy Hall of Fame. In May, the Shasta Historical Society presented a program commemorating the auction yard, and while it tells a lot about the business, it also focuses on the person Ellington is that has made him so successful--an honest, hardworking man who represents the epitome of the American story. Around the time Ellington Peek began buying and selling cattle at his yard, the industry started experiencing a lot of ups and downs in the market, forcing many ranchers out of the business. Refusing to give up, he took his business on the road, busing prospective buyers and sellers to different ranches and showing available cattle up on a slide show for purchase. Later, this innovative model that was such a success ultimately led him to the business of video auction, starting the Western Video Market, with one of the first auctions selling over 25,000 head of cattle. This innovation and vision not only gave California and Western cattlemen access to a national marketplace, but entirely changed the market. Today, it is a very viable and strong and thriving enterprise, the Shasta Livestock Auction, with the video market. So I just want to say thank you to the Peeks; and also remembering their son they lost a few years ago, Andy, and what that means to that family operation and what it means, this anniversary of the 50th, to all of us in northern California. ____________________",https://api.govinfo.gov/related/CREC-2016-09-09-pt1-PgH5251-4,CREC,Proceedings of Congress and General Congressional Publications,2025-03-07T17:31:58Z,Congressional Record,package_114_321.csv,2152,0,2152,"[congressional record volume 162, number 136 (friday, september 9, 2016)] [house] [page h5251] from the congressional record online through the government publishing office [ www.gpo.gov ] celebrating the 50th anniversary of the shasta livestock auction (mr. lamalfa asked and was given permission to address the house for 1 minute and to revise and extend his remarks.) mr. lamalfa. mr. speaker, this year marks the 50th anniversary of the shasta livestock auction, located in cottonwood, california, which was opened in 1966 by ellington peek and his wife, betty, and family. ellington is well known in california agriculture. he was named tehama county's first cattleman of the year, california livestock man of the year, and an inductee into the cowboy hall of fame. in may, the shasta historical society presented a program commemorating the auction yard, and while it tells a lot about the business, it also focuses on the person ellington is that has made him so successful--an honest, hardworking man who represents the epitome of the american story. around the time ellington peek began buying and selling cattle at his yard, the industry started experiencing a lot of ups and downs in the market, forcing many ranchers out of the business. refusing to give up, he took his business on the road, busing prospective buyers and sellers to different ranches and showing available cattle up on a slide show for purchase. later, this innovative model that was such a success ultimately led him to the business of video auction, starting the western video market, with one of the first auctions selling over 25,000 head of cattle. this innovation and vision not only gave california and western cattlemen access to a national marketplace, but entirely changed the market. today, it is a very viable and strong and thriving enterprise, the shasta livestock auction, with the video market. so i just want to say thank you to the peeks; and also remembering their son they lost a few years ago, andy, and what that means to that family operation and what it means, this anniversary of the 50th, to all of us in northern california. ____________________",2152
CREC-2016-09-09-pt1-PgH5252-2,CREC-2016-09-09,2016-09-09,CONGRATULATING UNIVERSITY OF SOUTHERN INDIANA'S COLLEGE OF NURSING AND HEALTH PROFESSIONS,CREC,HOUSE,H,H,1,https://www.govinfo.gov/app/details/CREC-2016-09-09/CREC-2016-09-09-pt1-PgH5252-2,https://api.govinfo.gov/packages/CREC-2016-09-09/granules/CREC-2016-09-09-pt1-PgH5252-2/htm,https://api.govinfo.gov/packages/CREC-2016-09-09/granules/CREC-2016-09-09-pt1-PgH5252-2/pdf,https://api.govinfo.gov/packages/CREC-2016-09-09/summary,,,,https://api.govinfo.gov/related/CREC-2016-09-09-pt1-PgH5252-2,CREC,Proceedings of Congress and General Congressional Publications,2025-03-07T17:31:58Z,Congressional Record,package_114_321.csv,0,0,0,,0
CREC-2016-09-09-pt1-PgH5252-4,CREC-2016-09-09,2016-09-09,ADJOURNMENT,CREC,HOUSE,H,H,1,https://www.govinfo.gov/app/details/CREC-2016-09-09/CREC-2016-09-09-pt1-PgH5252-4,https://api.govinfo.gov/packages/CREC-2016-09-09/granules/CREC-2016-09-09-pt1-PgH5252-4/htm,https://api.govinfo.gov/packages/CREC-2016-09-09/granules/CREC-2016-09-09-pt1-PgH5252-4/pdf,https://api.govinfo.gov/packages/CREC-2016-09-09/summary,"[Congressional Record Volume 162, Number 136 (Friday, September 9, 2016)] [House] [Page H5252] From the Congressional Record Online through the Government Publishing Office [ www.gpo.gov ] ADJOURNMENT Mr. DOLD. Mr. Speaker, I move that the House do now adjourn. The motion was agreed to; accordingly (at 1 o'clock and 15 minutes p.m.), under its previous order and pursuant to House Resolution 842, the House adjourned until Monday, September 12, 2016, at noon, for morning-hour debate, out of respect to the victims of the terrorist attacks. ____________________",,"[Congressional Record Volume 162, Number 136 (Friday, September 9, 2016)] [House] [Page H5252] From the Congressional Record Online through the Government Publishing Office [ www.gpo.gov ] ADJOURNMENT Mr. DOLD. Mr. Speaker, I move that the House do now adjourn. The motion was agreed to; accordingly (at 1 o'clock and 15 minutes p.m.), under its previous order and pursuant to House Resolution 842, the House adjourned until Monday, September 12, 2016, at noon, for morning-hour debate, out of respect to the victims of the terrorist attacks. ____________________",https://api.govinfo.gov/related/CREC-2016-09-09-pt1-PgH5252-4,CREC,Proceedings of Congress and General Congressional Publications,2025-03-07T17:31:58Z,Congressional Record,package_114_321.csv,563,0,563,"[congressional record volume 162, number 136 (friday, september 9, 2016)] [house] [page h5252] from the congressional record online through the government publishing office [ www.gpo.gov ] adjournment mr. dold. mr. speaker, i move that the house do now adjourn. the motion was agreed to; accordingly (at 1 o'clock and 15 minutes p.m.), under its previous order and pursuant to house resolution 842, the house adjourned until monday, september 12, 2016, at noon, for morning-hour debate, out of respect to the victims of the terrorist attacks. ____________________",563
CREC-2016-09-09-pt1-PgH5254,CREC-2016-09-09,2016-09-09,REPORTS OF COMMITTEES ON PUBLIC BILLS AND RESOLUTIONS,CREC,HOUSE,H,H,1,https://www.govinfo.gov/app/details/CREC-2016-09-09/CREC-2016-09-09-pt1-PgH5254,https://api.govinfo.gov/packages/CREC-2016-09-09/granules/CREC-2016-09-09-pt1-PgH5254/htm,https://api.govinfo.gov/packages/CREC-2016-09-09/granules/CREC-2016-09-09-pt1-PgH5254/pdf,https://api.govinfo.gov/packages/CREC-2016-09-09/summary,"[Congressional Record Volume 162, Number 136 (Friday, September 9, 2016)] [House] [Page H5254] From the Congressional Record Online through the Government Publishing Office [ www.gpo.gov ] REPORTS OF COMMITTEES ON PUBLIC BILLS AND RESOLUTIONS Under clause 2 of rule XIII, reports of committees were delivered to the Clerk for printing and reference to the proper calendar, as follows: Mr. BRADY of Texas: Committee on Ways and Means. H.R. 5523. A bill to amend title 31, United States Code, to prohibit the Internal Revenue Service from carrying out seizures relating to a structuring transaction unless the property to be seized derived from an illegal source or the funds were structured for the purpose of concealing the violation of another criminal law or regulation, to require notice and a post- seizure hearing for such seizures, and for other purposes; with an amendment (Rept. 114-730, Pt. 1). Referred to the Committee of the Whole House on the state of the Union. Mr. UPTON: Committee on Energy and Commerce. H.R. 5111. A bill to prohibit the use of certain clauses in form contracts that restrict the ability of a consumer to communicate regarding the goods or services offered in interstate commerce that were the subject of the contract, and for other purposes; with an amendment (Rept. 114-731). Referred to the Committee of the Whole House on the state of the Union. Mr. UPTON: Committee on Energy and Commerce. H.R. 1301. A bill to direct the Federal Communications Commission to extend to private land use restrictions its rule relating to reasonable accommodation of amateur service communications; with amendments (Rept. 114-732). Referred to the Committee of the Whole House on the state of the Union. Mr. UPTON: Committee on Energy and Commerce. H.R. 5104. A bill to prohibit, as an unfair and deceptive act or practice in commerce, the sale or use of certain software to circumvent control measures used by Internet ticket sellers to ensure equitable consumer access to tickets for any given event, and for other purposes; with an amendment (Rept. 114- 733). Referred to the Committee of the Whole House on the state of the Union. Mr. UPTON: Committee on Energy and Commerce. H.R. 670. A bill to amend title XIX of the Social Security Act to extend the Medicaid rules regarding supplemental needs trusts for Medicaid beneficiaries to trusts established by those beneficiaries, and for other purposes; with an amendment (Rept. 114-734). Referred to the Committee of the Whole House on the state of the Union. Mr. UPTON: Committee on Energy and Commerce. H.R. 3299. A bill to amend the Public Health Service Act to ensure preparedness for chemical, radiological, biological, and nuclear threats, and for other purposes; with an amendment (Rept. 114-735). Referred to the Committee of the Whole House on the state of the Union. DISCHARGE OF COMMITTEE Pursuant to clause 2 of rule XIII, the Committee on Financial Services discharged from further consideration. H.R. 5523 referred to the Committee of the Whole House on the state of the Union. ____________________",,"[Congressional Record Volume 162, Number 136 (Friday, September 9, 2016)] [House] [Page H5254] From the Congressional Record Online through the Government Publishing Office [ www.gpo.gov ] REPORTS OF COMMITTEES ON PUBLIC BILLS AND RESOLUTIONS Under clause 2 of rule XIII, reports of committees were delivered to the Clerk for printing and reference to the proper calendar, as follows: Mr. BRADY of Texas: Committee on Ways and Means. H.R. 5523. A bill to amend title 31, United States Code, to prohibit the Internal Revenue Service from carrying out seizures relating to a structuring transaction unless the property to be seized derived from an illegal source or the funds were structured for the purpose of concealing the violation of another criminal law or regulation, to require notice and a post- seizure hearing for such seizures, and for other purposes; with an amendment (Rept. 114-730, Pt. 1). Referred to the Committee of the Whole House on the state of the Union. Mr. UPTON: Committee on Energy and Commerce. H.R. 5111. A bill to prohibit the use of certain clauses in form contracts that restrict the ability of a consumer to communicate regarding the goods or services offered in interstate commerce that were the subject of the contract, and for other purposes; with an amendment (Rept. 114-731). Referred to the Committee of the Whole House on the state of the Union. Mr. UPTON: Committee on Energy and Commerce. H.R. 1301. A bill to direct the Federal Communications Commission to extend to private land use restrictions its rule relating to reasonable accommodation of amateur service communications; with amendments (Rept. 114-732). Referred to the Committee of the Whole House on the state of the Union. Mr. UPTON: Committee on Energy and Commerce. H.R. 5104. A bill to prohibit, as an unfair and deceptive act or practice in commerce, the sale or use of certain software to circumvent control measures used by Internet ticket sellers to ensure equitable consumer access to tickets for any given event, and for other purposes; with an amendment (Rept. 114- 733). Referred to the Committee of the Whole House on the state of the Union. Mr. UPTON: Committee on Energy and Commerce. H.R. 670. A bill to amend title XIX of the Social Security Act to extend the Medicaid rules regarding supplemental needs trusts for Medicaid beneficiaries to trusts established by those beneficiaries, and for other purposes; with an amendment (Rept. 114-734). Referred to the Committee of the Whole House on the state of the Union. Mr. UPTON: Committee on Energy and Commerce. H.R. 3299. A bill to amend the Public Health Service Act to ensure preparedness for chemical, radiological, biological, and nuclear threats, and for other purposes; with an amendment (Rept. 114-735). Referred to the Committee of the Whole House on the state of the Union. DISCHARGE OF COMMITTEE Pursuant to clause 2 of rule XIII, the Committee on Financial Services discharged from further consideration. H.R. 5523 referred to the Committee of the Whole House on the state of the Union. ____________________",https://api.govinfo.gov/related/CREC-2016-09-09-pt1-PgH5254,CREC,Proceedings of Congress and General Congressional Publications,2025-03-07T17:31:58Z,Congressional Record,package_114_321.csv,3084,0,3084,"[congressional record volume 162, number 136 (friday, september 9, 2016)] [house] [page h5254] from the congressional record online through the government publishing office [ www.gpo.gov ] reports of committees on public bills and resolutions under clause 2 of rule xiii, reports of committees were delivered to the clerk for printing and reference to the proper calendar, as follows: mr. brady of texas: committee on ways and means. h.r. 5523. a bill to amend title 31, united states code, to prohibit the internal revenue service from carrying out seizures relating to a structuring transaction unless the property to be seized derived from an illegal source or the funds were structured for the purpose of concealing the violation of another criminal law or regulation, to require notice and a post- seizure hearing for such seizures, and for other purposes; with an amendment (rept. 114-730, pt. 1). referred to the committee of the whole house on the state of the union. mr. upton: committee on energy and commerce. h.r. 5111. a bill to prohibit the use of certain clauses in form contracts that restrict the ability of a consumer to communicate regarding the goods or services offered in interstate commerce that were the subject of the contract, and for other purposes; with an amendment (rept. 114-731). referred to the committee of the whole house on the state of the union. mr. upton: committee on energy and commerce. h.r. 1301. a bill to direct the federal communications commission to extend to private land use restrictions its rule relating to reasonable accommodation of amateur service communications; with amendments (rept. 114-732). referred to the committee of the whole house on the state of the union. mr. upton: committee on energy and commerce. h.r. 5104. a bill to prohibit, as an unfair and deceptive act or practice in commerce, the sale or use of certain software to circumvent control measures used by internet ticket sellers to ensure equitable consumer access to tickets for any given event, and for other purposes; with an amendment (rept. 114- 733). referred to the committee of the whole house on the state of the union. mr. upton: committee on energy and commerce. h.r. 670. a bill to amend title xix of the social security act to extend the medicaid rules regarding supplemental needs trusts for medicaid beneficiaries to trusts established by those beneficiaries, and for other purposes; with an amendment (rept. 114-734). referred to the committee of the whole house on the state of the union. mr. upton: committee on energy and commerce. h.r. 3299. a bill to amend the public health service act to ensure preparedness for chemical, radiological, biological, and nuclear threats, and for other purposes; with an amendment (rept. 114-735). referred to the committee of the whole house on the state of the union. discharge of committee pursuant to clause 2 of rule xiii, the committee on financial services discharged from further consideration. h.r. 5523 referred to the committee of the whole house on the state of the union. ____________________",3084
CREC-2016-09-09-pt1-PgH5252-3,CREC-2016-09-09,2016-09-09,LEAVE OF ABSENCE,CREC,HOUSE,H,H,1,https://www.govinfo.gov/app/details/CREC-2016-09-09/CREC-2016-09-09-pt1-PgH5252-3,https://api.govinfo.gov/packages/CREC-2016-09-09/granules/CREC-2016-09-09-pt1-PgH5252-3/htm,https://api.govinfo.gov/packages/CREC-2016-09-09/granules/CREC-2016-09-09-pt1-PgH5252-3/pdf,https://api.govinfo.gov/packages/CREC-2016-09-09/summary,"[Congressional Record Volume 162, Number 136 (Friday, September 9, 2016)] [House] [Page H5252] From the Congressional Record Online through the Government Publishing Office [ www.gpo.gov ] LEAVE OF ABSENCE By unanimous consent, leave of absence was granted to: Mr. Hastings (at the request of Ms. Pelosi) for today. ____________________",,"[Congressional Record Volume 162, Number 136 (Friday, September 9, 2016)] [House] [Page H5252] From the Congressional Record Online through the Government Publishing Office [ www.gpo.gov ] LEAVE OF ABSENCE By unanimous consent, leave of absence was granted to: Mr. Hastings (at the request of Ms. Pelosi) for today. ____________________",https://api.govinfo.gov/related/CREC-2016-09-09-pt1-PgH5252-3,CREC,Proceedings of Congress and General Congressional Publications,2025-03-07T17:31:58Z,Congressional Record,package_114_321.csv,336,0,336,"[congressional record volume 162, number 136 (friday, september 9, 2016)] [house] [page h5252] from the congressional record online through the government publishing office [ www.gpo.gov ] leave of absence by unanimous consent, leave of absence was granted to: mr. hastings (at the request of ms. pelosi) for today. ____________________",336
CREC-2016-09-09-pt1-PgH5255,CREC-2016-09-09,2016-09-09,MEMORIALS,CREC,HOUSE,H,H,1,https://www.govinfo.gov/app/details/CREC-2016-09-09/CREC-2016-09-09-pt1-PgH5255,https://api.govinfo.gov/packages/CREC-2016-09-09/granules/CREC-2016-09-09-pt1-PgH5255/htm,https://api.govinfo.gov/packages/CREC-2016-09-09/granules/CREC-2016-09-09-pt1-PgH5255/pdf,https://api.govinfo.gov/packages/CREC-2016-09-09/summary,"[Congressional Record Volume 162, Number 136 (Friday, September 9, 2016)] [House] [Page H5255] From the Congressional Record Online through the Government Publishing Office [ www.gpo.gov ] MEMORIALS Under clause 3 of rule XII, 295. The SPEAKER presented a memorial of the Legislature of the State of West Virginia, relative to House Concurrent Resolution 36, requesting the Congress of the United States call a convention of the states to propose amendments to the Constitution of the United States; which was referred to the Committee on the Judiciary. ____________________",,"[Congressional Record Volume 162, Number 136 (Friday, September 9, 2016)] [House] [Page H5255] From the Congressional Record Online through the Government Publishing Office [ www.gpo.gov ] MEMORIALS Under clause 3 of rule XII, 295. The SPEAKER presented a memorial of the Legislature of the State of West Virginia, relative to House Concurrent Resolution 36, requesting the Congress of the United States call a convention of the states to propose amendments to the Constitution of the United States; which was referred to the Committee on the Judiciary. ____________________",https://api.govinfo.gov/related/CREC-2016-09-09-pt1-PgH5255,CREC,Proceedings of Congress and General Congressional Publications,2025-03-07T17:31:58Z,Congressional Record,package_114_321.csv,574,0,574,"[congressional record volume 162, number 136 (friday, september 9, 2016)] [house] [page h5255] from the congressional record online through the government publishing office [ www.gpo.gov ] memorials under clause 3 of rule xii, 295. the speaker presented a memorial of the legislature of the state of west virginia, relative to house concurrent resolution 36, requesting the congress of the united states call a convention of the states to propose amendments to the constitution of the united states; which was referred to the committee on the judiciary. ____________________",574
CREC-2016-09-09-pt1-PgH5254-2,CREC-2016-09-09,2016-09-09,PUBLIC BILLS AND RESOLUTIONS,CREC,HOUSE,H,H,1,https://www.govinfo.gov/app/details/CREC-2016-09-09/CREC-2016-09-09-pt1-PgH5254-2,https://api.govinfo.gov/packages/CREC-2016-09-09/granules/CREC-2016-09-09-pt1-PgH5254-2/htm,https://api.govinfo.gov/packages/CREC-2016-09-09/granules/CREC-2016-09-09-pt1-PgH5254-2/pdf,https://api.govinfo.gov/packages/CREC-2016-09-09/summary,"[Congressional Record Volume 162, Number 136 (Friday, September 9, 2016)] [House] [Pages H5254-H5255] From the Congressional Record Online through the Government Publishing Office [ www.gpo.gov ] PUBLIC BILLS AND RESOLUTIONS Under clause 2 of rule XII, public bills and resolutions of the following titles were introduced and severally referred, as follows: By Mr. SHUSTER (for himself and Mr. DeFazio): H.R. 5977. A bill to direct the Secretary of Transportation to provide to the appropriate committees of Congress advance notice of certain announcements, and for other purposes; to the Committee on Transportation and Infrastructure. By Mr. HUNTER (for himself, Mr. Farenthold, Mr. Garamendi, Mr. Young of Alaska, and Mr. Rouzer): H.R. 5978. A bill to amend title 14, United States Code, to clarify the funtions of the Chief Acquisition Officer of the Coast Guard, and for other purposes; to the Committee on Transportation and Infrastructure. By Ms. EDDIE BERNICE JOHNSON of Texas (for herself and Mr. Cartwright): H.R. 5979. A bill to ensure consideration of water intensity in the Department of Energy's energy research, development, and demonstration programs to help guarantee efficient, reliable, and sustainable delivery of energy and clean water resources; to the Committee on Science, Space, and Technology. By Ms. MENG (for herself, Ms. Kaptur, Mr. Poliquin, Mrs. Beatty, Mr. Gallego, Miss Rice of New York, Mr. Ashford, Mr. Grayson, Mr. Takano, Mr. Perlmutter, Mr. DeFazio, Ms. DeLauro, Mrs. Kirkpatrick, Mr. Lowenthal, Mr. Langevin, Mr. Honda, Ms. Titus, Mr. Israel, Mr. Newhouse, Mr. Thompson of California, Mr. Jones, Ms. Bordallo, Mrs. Dingell, Mr. Pocan, and Mr. Brady of Pennsylvania): H.R. 5980. A bill to amend title 38, United States Code, to provide for the treatment of veterans who participated in the cleanup of Enewetak Atoll as radiation exposed veterans for purposes of the presumption of service-connection of certain disabilities by the Secretary of Veterans Affairs; to the Committee on Veterans' Affairs. By Ms. VELAZQUEZ: H.R. 5981. A bill to amend the Public Health Service Act to improve the provision of medical services to aliens present in the United States; to the Committee on Energy and Commerce. By Mr. ISSA (for himself, Mr. Goodlatte, Mr. Sessions, Mr. Marino, Mr. Collins of Georgia, Mr. Bishop of Michigan, and Mr. Peterson): H.R. 5982. A bill to amend chapter 8 of title 5, United States Code, to provide for en bloc consideration in resolutions of disapproval for ``midnight rules'', and for other purposes; to the Committee on the Judiciary, and in addition to the Committee on Rules, for a period to be subsequently determined by the Speaker, in each case for consideration of such provisions as fall within the jurisdiction of the committee concerned. By Mr. HENSARLING (for himself, Mr. Garrett, Mr. Neugebauer, Mr. Luetkemeyer, Mr. Huizenga of Michigan, and Mr. Duffy): H.R. 5983. A bill to create hope and opportunity for consumers, investors, and entrepreneurs by ending bailouts and Too Big to Fail, holding Washington and Wall Street accountable, eliminating red tape to increase access to capital and credit, and repealing the provisions of the Dodd- Frank Act that make America less prosperous, less stable, and less free, and for other purposes; to the Committee on Financial Services, and in addition to the Committees on Agriculture, Ways and Means, the Judiciary, Oversight and Government Reform, Transportation and Infrastructure, Rules, the Budget, and Education and the Workforce, for a period to be subsequently determined by the Speaker, in each case for consideration of such provisions as fall within the jurisdiction of the committee concerned. By Mr. CALVERT (for himself and Mr. Hunter): H.R. 5984. A bill to authorize the Pechanga Band of Luiseno Mission Indians Water Rights Settlement, and for other purposes; to the Committee on Natural Resources. By Mr. MILLER of Florida: H.R. 5985. A bill to amend title 38, United States Code, to extend certain expiring provisions of law administered by the Secretary of Veterans Affairs, and for other purposes; to the Committee on Veterans' Affairs, and in addition to the Committees on Armed Services, and the Budget, for a period to be subsequently determined by the Speaker, in each case for consideration of such provisions as fall within the jurisdiction of the committee concerned. By Mr. CURBELO of Florida: H.R. 5986. A bill to amend the Small Business Act to ensure small businesses affected by the onset of transmissible diseases are eligible for disaster relief; to the Committee on Small Business. By Mr. MEADOWS: H.R. 5987. A bill to provide for recreational access for floating cabins on the Tennessee River System, and for other purposes; to the Committee on Transportation and Infrastructure. By Mr. COURTNEY (for himself, Mr. Woodall, and Ms. Esty): H.R. 5988. A bill to provide penalties for countries that systematically and unreasonably refuse or delay repatriation of certain [[Page H5255]] nationals and for other purposes; to the Committee on the Judiciary, and in addition to the Committee on Foreign Affairs, for a period to be subsequently determined by the Speaker, in each case for consideration of such provisions as fall within the jurisdiction of the committee concerned. By Mr. KILMER (for himself, Mr. Bridenstine, Mr. Diaz- Balart, and Mr. Veasey): H.R. 5989. A bill to provide for continuing cooperation between the National Aeronautics and Space Administration and the Israel Space Agency, and for other purposes; to the Committee on Science, Space, and Technology. By Mr. BEN RAY LUJAN of New Mexico (for himself, Ms. Michelle Lujan Grisham of New Mexico, and Mr. Pearce): H.R. 5990. A bill to grant the Congressional Gold Medal to the troops who defended Bataan during World War II; to the Committee on Financial Services, and in addition to the Committee on House Administration, for a period to be subsequently determined by the Speaker, in each case for consideration of such provisions as fall within the jurisdiction of the committee concerned. By Mrs. WAGNER (for herself and Mr. Foster): H.R. 5991. A bill to amend the Securities Exchange Act of 1934 with respect to risk-based examinations of Nationally Recognized Statistical Rating Organizations; to the Committee on Financial Services. By Mr. POE of Texas: H. Con. Res. 150. Concurrent resolution expressing the sense of Congress that child safety is the first priority of custody and visitation adjudications, and that state courts should improve adjudications of custody where family violence is alleged; to the Committee on the Judiciary. By Mr. DONOVAN (for himself, Mr. Fortenberry, Mr. Mulvaney, and Mr. Harris): H. Con. Res. 151. Concurrent resolution expressing the sense of Congress that every effort should be made to assist in the reconstruction and development of communities against whom the Islamic State of Iraq and the Levant has committed acts of genocide, war crimes, or crimes against humanity as determined by the United States Government; to the Committee on Foreign Affairs. By Mr. FORTENBERRY (for himself, Mr. Lipinski, Mr. Smith of New Jersey, Mr. Vargas, Mr. Franks of Arizona, Ms. Schakowsky, Mr. Aderholt, Mr. Wittman, Mr. Donovan, Mr. Harris, Mrs. Comstock, and Mr. Pitts): H. Con. Res. 152. Concurrent resolution expressing the sense of Congress that the United States and the international community should support the Republic of Iraq and its people to recognize a province in the Nineveh Plain region, consistent with lawful expressions of self- determination by its indigenous peoples; to the Committee on Foreign Affairs. By Mr. DENT (for himself, Mr. Joyce, Mrs. Carolyn B. Maloney of New York, Mr. Jenkins of West Virginia, Mr. Cooper, and Ms. DeLauro): H. Res. 854. A resolution supporting State, local, and community initiatives to encourage parents, teachers, camp counselors, and child-care professionals to take measures to prevent sunburns in the minors they care for, and expressing the sense of the House of Representatives that State, local, and community entities should continue to support efforts to curb the incidences of skin cancer beginning with childhood skin-protection; to the Committee on Energy and Commerce, and in addition to the Committee on Education and the Workforce, for a period to be subsequently determined by the Speaker, in each case for consideration of such provisions as fall within the jurisdiction of the committee concerned. By Ms. GABBARD (for herself, Mr. Perry, Mr. Ted Lieu of California, Mr. Zinke, Mr. Heck of Nevada, and Mr. Kinzinger of Illinois): H. Res. 855. A resolution expressing the sense of the House of Representatives to remember and honor the members of the United States Armed Forces, veterans, and military families who served in the aftermath of September 11, 2001; to the Committee on Armed Services, and in addition to the Committees on Veterans' Affairs, and Foreign Affairs, for a period to be subsequently determined by the Speaker, in each case for consideration of such provisions as fall within the jurisdiction of the committee concerned. By Ms. EDDIE BERNICE JOHNSON of Texas: H. Res. 856. A resolution expressing support for designation of the week of September 12, 2016, through September 18, 2016, as ``Balance Awareness Week''; to the Committee on Energy and Commerce. ____________________",,"[Congressional Record Volume 162, Number 136 (Friday, September 9, 2016)] [House] [Pages H5254-H5255] From the Congressional Record Online through the Government Publishing Office [ www.gpo.gov ] PUBLIC BILLS AND RESOLUTIONS Under clause 2 of rule XII, public bills and resolutions of the following titles were introduced and severally referred, as follows: By Mr. SHUSTER (for himself and Mr. DeFazio): H.R. 5977. A bill to direct the Secretary of Transportation to provide to the appropriate committees of Congress advance notice of certain announcements, and for other purposes; to the Committee on Transportation and Infrastructure. By Mr. HUNTER (for himself, Mr. Farenthold, Mr. Garamendi, Mr. Young of Alaska, and Mr. Rouzer): H.R. 5978. A bill to amend title 14, United States Code, to clarify the funtions of the Chief Acquisition Officer of the Coast Guard, and for other purposes; to the Committee on Transportation and Infrastructure. By Ms. EDDIE BERNICE JOHNSON of Texas (for herself and Mr. Cartwright): H.R. 5979. A bill to ensure consideration of water intensity in the Department of Energy's energy research, development, and demonstration programs to help guarantee efficient, reliable, and sustainable delivery of energy and clean water resources; to the Committee on Science, Space, and Technology. By Ms. MENG (for herself, Ms. Kaptur, Mr. Poliquin, Mrs. Beatty, Mr. Gallego, Miss Rice of New York, Mr. Ashford, Mr. Grayson, Mr. Takano, Mr. Perlmutter, Mr. DeFazio, Ms. DeLauro, Mrs. Kirkpatrick, Mr. Lowenthal, Mr. Langevin, Mr. Honda, Ms. Titus, Mr. Israel, Mr. Newhouse, Mr. Thompson of California, Mr. Jones, Ms. Bordallo, Mrs. Dingell, Mr. Pocan, and Mr. Brady of Pennsylvania): H.R. 5980. A bill to amend title 38, United States Code, to provide for the treatment of veterans who participated in the cleanup of Enewetak Atoll as radiation exposed veterans for purposes of the presumption of service-connection of certain disabilities by the Secretary of Veterans Affairs; to the Committee on Veterans' Affairs. By Ms. VELAZQUEZ: H.R. 5981. A bill to amend the Public Health Service Act to improve the provision of medical services to aliens present in the United States; to the Committee on Energy and Commerce. By Mr. ISSA (for himself, Mr. Goodlatte, Mr. Sessions, Mr. Marino, Mr. Collins of Georgia, Mr. Bishop of Michigan, and Mr. Peterson): H.R. 5982. A bill to amend chapter 8 of title 5, United States Code, to provide for en bloc consideration in resolutions of disapproval for ``midnight rules'', and for other purposes; to the Committee on the Judiciary, and in addition to the Committee on Rules, for a period to be subsequently determined by the Speaker, in each case for consideration of such provisions as fall within the jurisdiction of the committee concerned. By Mr. HENSARLING (for himself, Mr. Garrett, Mr. Neugebauer, Mr. Luetkemeyer, Mr. Huizenga of Michigan, and Mr. Duffy): H.R. 5983. A bill to create hope and opportunity for consumers, investors, and entrepreneurs by ending bailouts and Too Big to Fail, holding Washington and Wall Street accountable, eliminating red tape to increase access to capital and credit, and repealing the provisions of the Dodd- Frank Act that make America less prosperous, less stable, and less free, and for other purposes; to the Committee on Financial Services, and in addition to the Committees on Agriculture, Ways and Means, the Judiciary, Oversight and Government Reform, Transportation and Infrastructure, Rules, the Budget, and Education and the Workforce, for a period to be subsequently determined by the Speaker, in each case for consideration of such provisions as fall within the jurisdiction of the committee concerned. By Mr. CALVERT (for himself and Mr. Hunter): H.R. 5984. A bill to authorize the Pechanga Band of Luiseno Mission Indians Water Rights Settlement, and for other purposes; to the Committee on Natural Resources. By Mr. MILLER of Florida: H.R. 5985. A bill to amend title 38, United States Code, to extend certain expiring provisions of law administered by the Secretary of Veterans Affairs, and for other purposes; to the Committee on Veterans' Affairs, and in addition to the Committees on Armed Services, and the Budget, for a period to be subsequently determined by the Speaker, in each case for consideration of such provisions as fall within the jurisdiction of the committee concerned. By Mr. CURBELO of Florida: H.R. 5986. A bill to amend the Small Business Act to ensure small businesses affected by the onset of transmissible diseases are eligible for disaster relief; to the Committee on Small Business. By Mr. MEADOWS: H.R. 5987. A bill to provide for recreational access for floating cabins on the Tennessee River System, and for other purposes; to the Committee on Transportation and Infrastructure. By Mr. COURTNEY (for himself, Mr. Woodall, and Ms. Esty): H.R. 5988. A bill to provide penalties for countries that systematically and unreasonably refuse or delay repatriation of certain [[Page H5255]] nationals and for other purposes; to the Committee on the Judiciary, and in addition to the Committee on Foreign Affairs, for a period to be subsequently determined by the Speaker, in each case for consideration of such provisions as fall within the jurisdiction of the committee concerned. By Mr. KILMER (for himself, Mr. Bridenstine, Mr. Diaz- Balart, and Mr. Veasey): H.R. 5989. A bill to provide for continuing cooperation between the National Aeronautics and Space Administration and the Israel Space Agency, and for other purposes; to the Committee on Science, Space, and Technology. By Mr. BEN RAY LUJAN of New Mexico (for himself, Ms. Michelle Lujan Grisham of New Mexico, and Mr. Pearce): H.R. 5990. A bill to grant the Congressional Gold Medal to the troops who defended Bataan during World War II; to the Committee on Financial Services, and in addition to the Committee on House Administration, for a period to be subsequently determined by the Speaker, in each case for consideration of such provisions as fall within the jurisdiction of the committee concerned. By Mrs. WAGNER (for herself and Mr. Foster): H.R. 5991. A bill to amend the Securities Exchange Act of 1934 with respect to risk-based examinations of Nationally Recognized Statistical Rating Organizations; to the Committee on Financial Services. By Mr. POE of Texas: H. Con. Res. 150. Concurrent resolution expressing the sense of Congress that child safety is the first priority of custody and visitation adjudications, and that state courts should improve adjudications of custody where family violence is alleged; to the Committee on the Judiciary. By Mr. DONOVAN (for himself, Mr. Fortenberry, Mr. Mulvaney, and Mr. Harris): H. Con. Res. 151. Concurrent resolution expressing the sense of Congress that every effort should be made to assist in the reconstruction and development of communities against whom the Islamic State of Iraq and the Levant has committed acts of genocide, war crimes, or crimes against humanity as determined by the United States Government; to the Committee on Foreign Affairs. By Mr. FORTENBERRY (for himself, Mr. Lipinski, Mr. Smith of New Jersey, Mr. Vargas, Mr. Franks of Arizona, Ms. Schakowsky, Mr. Aderholt, Mr. Wittman, Mr. Donovan, Mr. Harris, Mrs. Comstock, and Mr. Pitts): H. Con. Res. 152. Concurrent resolution expressing the sense of Congress that the United States and the international community should support the Republic of Iraq and its people to recognize a province in the Nineveh Plain region, consistent with lawful expressions of self- determination by its indigenous peoples; to the Committee on Foreign Affairs. By Mr. DENT (for himself, Mr. Joyce, Mrs. Carolyn B. Maloney of New York, Mr. Jenkins of West Virginia, Mr. Cooper, and Ms. DeLauro): H. Res. 854. A resolution supporting State, local, and community initiatives to encourage parents, teachers, camp counselors, and child-care professionals to take measures to prevent sunburns in the minors they care for, and expressing the sense of the House of Representatives that State, local, and community entities should continue to support efforts to curb the incidences of skin cancer beginning with childhood skin-protection; to the Committee on Energy and Commerce, and in addition to the Committee on Education and the Workforce, for a period to be subsequently determined by the Speaker, in each case for consideration of such provisions as fall within the jurisdiction of the committee concerned. By Ms. GABBARD (for herself, Mr. Perry, Mr. Ted Lieu of California, Mr. Zinke, Mr. Heck of Nevada, and Mr. Kinzinger of Illinois): H. Res. 855. A resolution expressing the sense of the House of Representatives to remember and honor the members of the United States Armed Forces, veterans, and military families who served in the aftermath of September 11, 2001; to the Committee on Armed Services, and in addition to the Committees on Veterans' Affairs, and Foreign Affairs, for a period to be subsequently determined by the Speaker, in each case for consideration of such provisions as fall within the jurisdiction of the committee concerned. By Ms. EDDIE BERNICE JOHNSON of Texas: H. Res. 856. A resolution expressing support for designation of the week of September 12, 2016, through September 18, 2016, as ``Balance Awareness Week''; to the Committee on Energy and Commerce. ____________________",https://api.govinfo.gov/related/CREC-2016-09-09-pt1-PgH5254-2,CREC,Proceedings of Congress and General Congressional Publications,2025-03-07T17:31:58Z,Congressional Record,package_114_321.csv,9418,0,9418,"[congressional record volume 162, number 136 (friday, september 9, 2016)] [house] [pages h5254-h5255] from the congressional record online through the government publishing office [ www.gpo.gov ] public bills and resolutions under clause 2 of rule xii, public bills and resolutions of the following titles were introduced and severally referred, as follows: by mr. shuster (for himself and mr. defazio): h.r. 5977. a bill to direct the secretary of transportation to provide to the appropriate committees of congress advance notice of certain announcements, and for other purposes; to the committee on transportation and infrastructure. by mr. hunter (for himself, mr. farenthold, mr. garamendi, mr. young of alaska, and mr. rouzer): h.r. 5978. a bill to amend title 14, united states code, to clarify the funtions of the chief acquisition officer of the coast guard, and for other purposes; to the committee on transportation and infrastructure. by ms. eddie bernice johnson of texas (for herself and mr. cartwright): h.r. 5979. a bill to ensure consideration of water intensity in the department of energy's energy research, development, and demonstration programs to help guarantee efficient, reliable, and sustainable delivery of energy and clean water resources; to the committee on science, space, and technology. by ms. meng (for herself, ms. kaptur, mr. poliquin, mrs. beatty, mr. gallego, miss rice of new york, mr. ashford, mr. grayson, mr. takano, mr. perlmutter, mr. defazio, ms. delauro, mrs. kirkpatrick, mr. lowenthal, mr. langevin, mr. honda, ms. titus, mr. israel, mr. newhouse, mr. thompson of california, mr. jones, ms. bordallo, mrs. dingell, mr. pocan, and mr. brady of pennsylvania): h.r. 5980. a bill to amend title 38, united states code, to provide for the treatment of veterans who participated in the cleanup of enewetak atoll as radiation exposed veterans for purposes of the presumption of service-connection of certain disabilities by the secretary of veterans affairs; to the committee on veterans' affairs. by ms. velazquez: h.r. 5981. a bill to amend the public health service act to improve the provision of medical services to aliens present in the united states; to the committee on energy and commerce. by mr. issa (for himself, mr. goodlatte, mr. sessions, mr. marino, mr. collins of georgia, mr. bishop of michigan, and mr. peterson): h.r. 5982. a bill to amend chapter 8 of title 5, united states code, to provide for en bloc consideration in resolutions of disapproval for ``midnight rules'', and for other purposes; to the committee on the judiciary, and in addition to the committee on rules, for a period to be subsequently determined by the speaker, in each case for consideration of such provisions as fall within the jurisdiction of the committee concerned. by mr. hensarling (for himself, mr. garrett, mr. neugebauer, mr. luetkemeyer, mr. huizenga of michigan, and mr. duffy): h.r. 5983. a bill to create hope and opportunity for consumers, investors, and entrepreneurs by ending bailouts and too big to fail, holding washington and wall street accountable, eliminating red tape to increase access to capital and credit, and repealing the provisions of the dodd- frank act that make america less prosperous, less stable, and less free, and for other purposes; to the committee on financial services, and in addition to the committees on agriculture, ways and means, the judiciary, oversight and government reform, transportation and infrastructure, rules, the budget, and education and the workforce, for a period to be subsequently determined by the speaker, in each case for consideration of such provisions as fall within the jurisdiction of the committee concerned. by mr. calvert (for himself and mr. hunter): h.r. 5984. a bill to authorize the pechanga band of luiseno mission indians water rights settlement, and for other purposes; to the committee on natural resources. by mr. miller of florida: h.r. 5985. a bill to amend title 38, united states code, to extend certain expiring provisions of law administered by the secretary of veterans affairs, and for other purposes; to the committee on veterans' affairs, and in addition to the committees on armed services, and the budget, for a period to be subsequently determined by the speaker, in each case for consideration of such provisions as fall within the jurisdiction of the committee concerned. by mr. curbelo of florida: h.r. 5986. a bill to amend the small business act to ensure small businesses affected by the onset of transmissible diseases are eligible for disaster relief; to the committee on small business. by mr. meadows: h.r. 5987. a bill to provide for recreational access for floating cabins on the tennessee river system, and for other purposes; to the committee on transportation and infrastructure. by mr. courtney (for himself, mr. woodall, and ms. esty): h.r. 5988. a bill to provide penalties for countries that systematically and unreasonably refuse or delay repatriation of certain [[page h5255]] nationals and for other purposes; to the committee on the judiciary, and in addition to the committee on foreign affairs, for a period to be subsequently determined by the speaker, in each case for consideration of such provisions as fall within the jurisdiction of the committee concerned. by mr. kilmer (for himself, mr. bridenstine, mr. diaz- balart, and mr. veasey): h.r. 5989. a bill to provide for continuing cooperation between the national aeronautics and space administration and the israel space agency, and for other purposes; to the committee on science, space, and technology. by mr. ben ray lujan of new mexico (for himself, ms. michelle lujan grisham of new mexico, and mr. pearce): h.r. 5990. a bill to grant the congressional gold medal to the troops who defended bataan during world war ii; to the committee on financial services, and in addition to the committee on house administration, for a period to be subsequently determined by the speaker, in each case for consideration of such provisions as fall within the jurisdiction of the committee concerned. by mrs. wagner (for herself and mr. foster): h.r. 5991. a bill to amend the securities exchange act of 1934 with respect to risk-based examinations of nationally recognized statistical rating organizations; to the committee on financial services. by mr. poe of texas: h. con. res. 150. concurrent resolution expressing the sense of congress that child safety is the first priority of custody and visitation adjudications, and that state courts should improve adjudications of custody where family violence is alleged; to the committee on the judiciary. by mr. donovan (for himself, mr. fortenberry, mr. mulvaney, and mr. harris): h. con. res. 151. concurrent resolution expressing the sense of congress that every effort should be made to assist in the reconstruction and development of communities against whom the islamic state of iraq and the levant has committed acts of genocide, war crimes, or crimes against humanity as determined by the united states government; to the committee on foreign affairs. by mr. fortenberry (for himself, mr. lipinski, mr. smith of new jersey, mr. vargas, mr. franks of arizona, ms. schakowsky, mr. aderholt, mr. wittman, mr. donovan, mr. harris, mrs. comstock, and mr. pitts): h. con. res. 152. concurrent resolution expressing the sense of congress that the united states and the international community should support the republic of iraq and its people to recognize a province in the nineveh plain region, consistent with lawful expressions of self- determination by its indigenous peoples; to the committee on foreign affairs. by mr. dent (for himself, mr. joyce, mrs. carolyn b. maloney of new york, mr. jenkins of west virginia, mr. cooper, and ms. delauro): h. res. 854. a resolution supporting state, local, and community initiatives to encourage parents, teachers, camp counselors, and child-care professionals to take measures to prevent sunburns in the minors they care for, and expressing the sense of the house of representatives that state, local, and community entities should continue to support efforts to curb the incidences of skin cancer beginning with childhood skin-protection; to the committee on energy and commerce, and in addition to the committee on education and the workforce, for a period to be subsequently determined by the speaker, in each case for consideration of such provisions as fall within the jurisdiction of the committee concerned. by ms. gabbard (for herself, mr. perry, mr. ted lieu of california, mr. zinke, mr. heck of nevada, and mr. kinzinger of illinois): h. res. 855. a resolution expressing the sense of the house of representatives to remember and honor the members of the united states armed forces, veterans, and military families who served in the aftermath of september 11, 2001; to the committee on armed services, and in addition to the committees on veterans' affairs, and foreign affairs, for a period to be subsequently determined by the speaker, in each case for consideration of such provisions as fall within the jurisdiction of the committee concerned. by ms. eddie bernice johnson of texas: h. res. 856. a resolution expressing support for designation of the week of september 12, 2016, through september 18, 2016, as ``balance awareness week''; to the committee on energy and commerce. ____________________",9418
CREC-2016-09-09-pt1-PgH5252-5,CREC-2016-09-09,2016-09-09,"EXECUTIVE COMMUNICATIONS, ETC.",CREC,HOUSE,H,H,1,https://www.govinfo.gov/app/details/CREC-2016-09-09/CREC-2016-09-09-pt1-PgH5252-5,https://api.govinfo.gov/packages/CREC-2016-09-09/granules/CREC-2016-09-09-pt1-PgH5252-5/htm,https://api.govinfo.gov/packages/CREC-2016-09-09/granules/CREC-2016-09-09-pt1-PgH5252-5/pdf,https://api.govinfo.gov/packages/CREC-2016-09-09/summary,"[Congressional Record Volume 162, Number 136 (Friday, September 9, 2016)] [House] [Pages H5252-H5254] From the Congressional Record Online through the Government Publishing Office [ www.gpo.gov ] EXECUTIVE COMMUNICATIONS, ETC. Under clause 2 of rule XIV, executive communications were taken from the Speaker's table and referred as follows: 6733. A letter from the Chief Counsel, FEMA, Department of Homeland Security, transmitting the Department's final rule -- Suspension of Community Eligibility (Sacramento County, CA, et al.) [Docket ID: FEMA-2016-0002; Internal Agency Docket No.: FEMA-8451] received September 1, 2016, pursuant to 5 U.S.C. 801(a)(1)(A); Public Law 104-121, Sec. 251; (110 Stat. 868); to the Committee on Financial Services. 6734. A letter from the Regulations Coordinator, Office of Head Start, Administration for Children and Families, Department of Health and Human Services, transmitting the Departments Major final rule -- Head Start Performance Standards (RIN: 0970-AC63) received September 2, 2016, pursuant to 5 U.S.C. 801(a)(1)(A); Public Law 104-121, Sec. 251; (110 Stat. 868); to the Committee on Education and the Workforce. 6735. A letter from the Secretary, Bureau of Consumer Protection, Federal Trade Commission, transmitting the Commission's final rule -- Rules, Regulations, Statements of General Policy or Interpretation and Exemptions Under the Fair Packaging and Labeling Act (RIN: 3084-AB33) received September 6, 2016, pursuant to 5 U.S.C. 801(a)(1)(A); Public Law 104-121, Sec. 251; (110 Stat. 868); to the Committee on Energy and Commerce. 6736. A letter from the Director, Regulations Policy and Management Staff, FDA, Department of Health and Human Services, transmitting the Department's final rule -- The Food and Drug Administration Food Safety Modernization Act; Extension and Clarification of Compliance Dates for Certain Provisions of Four Implementing Rules [Docket Nos.: FDA-2011- N-0920, FDA-2011-N-0921, FDA-2011-N-0922, FDA-2011-N-0143] (RIN: 0910-AG10, 0910-AG35, 0910-AG36, 0910-AG64) received September 2, 2016, pursuant to 5 U.S.C. 801(a)(1)(A); Public Law 104-121, Sec. 251; (110 Stat. 868); to the Committee on Energy and Commerce. 6737. A letter from the Director, Regulations Policy and Management Staff, FDA, Department of Health and Human Services, transmitting the Department's direct final rule -- New Animal Drugs for Use in Animal Feed; Category Definitions [Docket No.: FDA-2016-N-1896] received September 2, 2016, pursuant to 5 U.S.C. 801(a)(1)(A); Public Law 104-121, Sec. 251; (110 Stat. 868); to the Committee on Energy and Commerce. 6738. A letter from the Deputy Assistant Administrator, Office of Diversion Control, Drug Enforcement Administration, Department of Justice, transmitting the Department's final rule -- Schedules of Controlled Substances: Placement of PB- 22, 5F-PB-22, AB-FUBINACA and ADB-PINACA into Schedule I [Docket No.: DEA-433] received September 6, 2016, pursuant to 5 U.S.C. 801(a)(1)(A); Public Law 104-121, Sec. 251; (110 Stat. 868); to the Committee on Energy and Commerce. 6739. A letter from the Chief of Staff, Media Bureau, Federal Communications Commission, transmitting the Commission's final rule -- Amendment of Section 73.202(b), Table of Allotments, FM Broadcast Stations (Maryville, Missouri) [MB Docket No.: 16-68] [RM-11762] received September 2, 2016, pursuant to 5 U.S.C. 801(a)(1)(A); Public Law 104-121, Sec. 251; (110 Stat. 868); to the Committee on Energy and Commerce. 6740. A letter from the Assistant Secretary for Export Administration, Bureau of Industry and Security, Department of Commerce, transmitting the Department's final rule -- Updated Statements of Legal Authority for the Export Administration Regulations to Include August 4, 2016 Continuation of Emergency Declared in Executive Order 13222 [Docket No.: 160808698-6698-01] (RIN: 0694-AH09) received September 6, 2016, pursuant to 5 U.S.C. 801(a)(1)(A); Public Law 104-121, Sec. 251; (110 Stat. 868); to the Committee on Foreign Affairs. 6741. A letter from the Acting Assistant Secretary, Legislative Affairs, Department of State, transmitting the Department's final rule -- International Traffic in Arms: Revisions to Definition of Export and Related Definitions (RIN: 1400-AD70) received September 6, 2016, pursuant to 5 U.S.C. 801(a)(1)(A); Public Law 104-121, Sec. 251; (110 Stat. 868); to the Committee on Foreign Affairs. 6742. A letter from the Acting Director, Office of Personnel Management, transmitting the Office's final rule -- Federal Employees' Group Life Insurance Program: Court Orders Prior to July 22, 1998 (RIN: 3206-AM67) received September 1, 2016, pursuant to 5 U.S.C. 801(a)(1)(A); Public Law 104-121, Sec. 251; (110 Stat. 868); to the Committee on Oversight and Government Reform. 6743. A letter from the Acting Director, Office of Personnel Management, transmitting the Office's final rule -- Prevailing Rate Systems; Abolishment of the Newburgh, NY, Appropriated Fund Federal Wage System Wage [[Page H5253]] Area (RIN: 3206-AN26) received September 1, 2016, pursuant to 5 U.S.C. 801(a)(1)(A); Public Law 104-121, Sec. 251; (110 Stat. 868); to the Committee on Oversight and Government Reform. 6744. A letter from the Acting Director, Office of Personnel Management, transmitting the Office's final rule -- Prevailing Rate Systems; Redefinition of the Asheville, NC, and Charlotte, NC, Appropriated Fund Federal Wage System Wage Areas (RIN: 3206-AN37) received September 1, 2016, pursuant to 5 U.S.C. 801(a)(1)(A); Public Law 104-121, Sec. 251; (110 Stat. 868); to the Committee on Oversight and Government Reform. 6745. A letter from the Acting Director, Office of Personnel Management, transmitting the Office's final rule -- Federal Employees Health Benefits Program and Federal Employees Dental and Vision Insurance Program: Excepted Service and Pathways Programs Miscellaneous Clarifications and Corrections (RIN: 3206-AM97) received September 1, 2016, pursuant to 5 U.S.C. 801(a)(1)(A); Public Law 104-121, Sec. 251; (110 Stat. 868); to the Committee on Oversight and Government Reform. 6746. A letter from the Chief, Regulations and Standards Branch, Bureau of Safety and Environmental Enforcement, Department of the Interior, transmitting the Department's final rule -- Oil and Gas and Sulfur Operations on the Outer Continental Self ---- Oil and Gas Production Safety Systems [Docket ID: BSEE-2012-0005; 16XE1700DX EX1SF0000.DAQ000 EEEE500000] (RIN: 1014-AA10) received September 7, 2016, pursuant to 5 U.S.C. 801(a)(1)(A); Public Law 104-121, Sec. 251; (110 Stat. 868); to the Committee on Natural Resources. 6747. A letter from the Acting Deputy Director, Office of Sustainable Fisheries, NMFS, National Oceanic and Atmospheric Administration, transmitting the Administration's temporary rule -- Fisheries of the Caribbean, Gulf of Mexico, and South Atlantic; Snapper-Grouper Resources of the South Atlantic; Trip Limit Reduction [Docket No.: 130312235-3658-02] (RIN: 0648-XE824) received September 2, 2016, pursuant to 5 U.S.C. 801(a)(1)(A); Public Law 104-121, Sec. 251; (110 Stat. 868); to the Committee on Natural Resources. 6748. A letter from the Acting Deputy Director, Office of Sustainable Fisheries, NMFS, National Oceanic and Atmospheric Administration, transmitting the Administration's temporary rule -- Fisheries of the Northeastern United States; Atlantic Bluefish Fishery; Quota Transfer [Docket No.: 151130999-6225- 01] (RIN: 0648-XE782) received September 2, 2016, pursuant to 5 U.S.C. 801(a)(1)(A); Public Law 104-121, Sec. 251; (110 Stat. 868); to the Committee on Natural Resources. 6749. A letter from the Director, Office of Sustainable Fisheries, NMFS, National Oceanic and Atmospheric Administration, transmitting the Administration's temporary rule -- Fisheries of the Exclusive Economic Zone Off Alaska; Atka Mackerel in the Bering Sea and Aleutian Islands Management Area [Docket No.: 150916863-6211-02] (RIN: 0648- XE833) received September 2, 2016, pursuant to 5 U.S.C. 801(a)(1)(A); Public Law 104-121, Sec. 251; (110 Stat. 868); to the Committee on Natural Resources. 6750. A letter from the Acting Director, Office of Sustainable Fisheries, NMFS, National Oceanic and Atmospheric Administration, transmitting the Administration's temporary rule -- Fisheries of the Exclusive Economic Zone Off Alaska; Pacific Ocean Perch in the West Yakutat District of the Gulf of Alaska [Docket No.: 150818742-0610-02] (RIN: 0648-XE772) received September 2, 2016, pursuant to 5 U.S.C. 801(a)(1)(A); Public Law 104-121, Sec. 251; (110 Stat. 868); to the Committee on Natural Resources. 6751. A letter from the Acting Deputy Director, Office of Sustainable Fisheries, NMFS, National Oceanic and Atmospheric Administration, transmitting the Administration's temporary rule -- Fisheries of the Northeastern United States; Small- Mesh Multispecies Fishery; Adjustment to the Northern Red Hake Inseason Possession Limit [Docket No.: 120109034-2171- 01] (RIN: 0648-XE787) received September 2, 2016, pursuant to 5 U.S.C. 801(a)(1)(A); Public Law 104-121, Sec. 251; (110 Stat. 868); to the Committee on Natural Resources. 6752. A letter from the Acting Director, Office of Sustainable Fisheries, NMFS, National Oceanic and Atmospheric Administration, transmitting the Administration's temporary rule -- International Fisheries; Western and Central Pacific Fisheries for Highly Migratory Species; Closure of Purse Seine Fishery in the ELAPS in 2016 [Docket No.: 160322276- 6276-01] (RIN: 0648-XE741) received September 2, 2016, pursuant to 5 U.S.C. 801(a)(1)(A); Public Law 104-121, Sec. 251; (110 Stat. 868); to the Committee on Natural Resources. 6753. A letter from the Acting Director, Office of Sustainable Fisheries, NMFS, National Oceanic and Atmospheric Administration, transmitting the Administration's temporary rule -- Atlantic Highly Migratory Species; Atlantic Bluefin Tuna Fisheries [Docket No.: 150121066-5717-02] (RIN: 0648- XE725) received September 2, 2016, pursuant to 5 U.S.C. 801(a)(1)(A); Public Law 104-121, Sec. 251; (110 Stat. 868); to the Committee on Natural Resources. 6754. A letter from the Director, Office of Sustainable Fisheries, NMFS, National Oceanic and Atmospheric Administration, transmitting the Administration's temporary rule -- Atlantic Highly Migratory Species; North Atlantic Swordfish Fishery [Docket No.: 120627194-3657-02] (RIN: 0648- XE567) received September 6, 2016, pursuant to 5 U.S.C. 801(a)(1)(A); Public Law 104-121, Sec. 251; (110 Stat. 868); to the Committee on Natural Resources. 6755. A letter from the Regulations Coordinator, Assistant Secretary for Financial Resources, Department of Health and Human Services, transmitting the Department's interim final rule -- Adjustment of Civil Monetary Penalties for Inflation (RIN: 0991-AC0) received September 2, 2016, pursuant to 5 U.S.C. 801(a)(1)(A); Public Law 104-121, Sec. 251; (110 Stat. 868); to the Committee on the Judiciary. 6756. A letter from the Acting Chief, Border Security Regulations Branch, U.S. Customs and Border Protection, Department of Homeland Security, transmitting the Department's final rule -- Technical Corrections Relating to Issuance of Notices to Appear, Warrants of Removal, Exercise of Power by Immigration Officers, and Standards for Enforcement Activities (CBP Dec. 16-14) received September 2, 2016, pursuant to 5 U.S.C. 801(a)(1)(A); Public Law 104-121, Sec. 251; (110 Stat. 868); to the Committee on the Judiciary. 6757. A letter from the Management and Program Analyst, FAA, Department of Transportation, transmitting the Department's final rule -- Airworthiness Directives; Dassault Aviation Airplanes [Docket No.: FAA-2016-5464; Directorate Identifier 2015-NM-097-AD; Amendment 39-18607; AD 2016-16-09] (RIN: 2120-AA64) received September 1, 2016, pursuant to 5 U.S.C. 801(a)(1)(A); Public Law 104-121, Sec. 251; (110 Stat. 868); to the Committee on Transportation and Infrastructure. 6758. A letter from the Management and Program Analyst, FAA, Department of Transportation, transmitting the Department's final rule -- Airworthiness Directives; Airbus Airplanes [Docket No.: FAA-2015-8468; Directorate Identifier 2014-NM-208-AD; Amendment 39-18605; AD 2016-16-07] (RIN: 2120-AA64) received September 1, 2016, pursuant to 5 U.S.C. 801(a)(1)(A); Public Law 104-121, Sec. 251; (110 Stat. 868); to the Committee on Transportation and Infrastructure. 6759. A letter from the Management and Program Analyst, FAA, Department of Transportation, transmitting the Department's final rule -- Airworthiness Directives; Airbus Airplanes [Docket No.: FAA-2016-5462; Directorate Identifier 2015-NM-131-AD; Amendment 39-18606; AD 2016-16-08] (RIN: 2120-AA64) received September 1, 2016, pursuant to 5 U.S.C. 801(a)(1)(A); Public Law 104-121, Sec. 251; (110 Stat. 868); to the Committee on Transportation and Infrastructure. 6760. A letter from the Management and Program Analyst, FAA, Department of Transportation, transmitting the Department's final rule -- Amendment of Class E Airspace for the following Michigan Towns; Alma, MI; Bellaire, MI; Cadillac, MI; Drummond Island, MI; Gladwin, MI; Holland, MI; and Three Rivers, MI [Docket No.: FAA-2016-4629; Airspace Docket No.: 16-AGL-8] received September 1, 2016, pursuant to 5 U.S.C. 801(a)(1)(A); Public Law 104-121, Sec. 251; (110 Stat. 868); to the Committee on Transportation and Infrastructure. 6761. A letter from the Management and Program Analyst, FAA, Department of Transportation, transmitting the Department's final rule -- Amendment of Class C Airspace; Peoria, IL [Docket No.: FAA-2016-7416; Airspace Docket No.: 16-AWA-5] (RIN: 2120-AA66) received September 1, 2016, pursuant to 5 U.S.C. 801(a)(1)(A); Public Law 104-121, Sec. 251; (110 Stat. 868); to the Committee on Transportation and Infrastructure. 6762. A letter from the Management and Program Analyst, FAA, Department of Transportation, transmitting the Department's final rule -- Amendment of Class C Airspace; Boise, ID [Docket No.: FAA-2016-7467; Airspace Docket No.: 16-AWA-2] (RIN: 2120-AA66) received September 1, 2016, pursuant to 5 U.S.C. 801(a)(1)(A); Public Law 104-121, Sec. 251; (110 Stat. 868); to the Committee on Transportation and Infrastructure. 6763. A letter from the Management and Program Analyst, FAA, Department of Transportation, transmitting the Department's final rule -- Amendment of Class C Airspace; Syracuse Hancock International Airport, NY [Docket No.: FAA- 2016-3937; Airspace Docket No.: 16-AWA-1] (RIN: 2120-AA66) received September 1, 2016, pursuant to 5 U.S.C. 801(a)(1)(A); Public Law 104-121, Sec. 251; (110 Stat. 868); to the Committee on Transportation and Infrastructure. 6764. A letter from the Management and Program Analyst, FAA, Department of Transportation, transmitting the Department's final rule -- Amendment of Class E Airspace for the Minnesota Towns; Hutchinson, MN; Jackson, MN; Pipestone, MN; Two Harbors, MN; and Waseca, MN [Docket No.: FAA-2016- 4271; Airspace Docket No.: 16-AGL-6] received September 1, 2016, pursuant to 5 U.S.C. 801(a)(1)(A); Public Law 104-121, Sec. 251; (110 Stat. 868); to the Committee on Transportation and Infrastructure. 6765. A letter from the Management and Program Analyst, FAA, Department of Transportation, transmitting the Department's final rule -- Revocation of Class E Airspace; Lake Providence, LA [Docket No.: FAA-2016-4236; Airspace Docket No.: 16-ASW-5] received September 1, 2016, pursuant to 5 U.S.C. 801(a)(1)(A); Public Law 104-121, Sec. 251; (110 Stat. 868); to the Committee on Transportation and Infrastructure. 6766. A letter from the Management and Program Analyst, FAA, Department of Transportation, transmitting the Department's final rule -- Revocation of Class D Airspace; North, SC [Docket No.: FAA-2016- [[Page H5254]] 1074; Airspace Docket No.: 16-ASO-3] received September 1, 2016, pursuant to 5 U.S.C. 801(a)(1)(A); Public Law 104-121, Sec. 251; (110 Stat. 868); to the Committee on Transportation and Infrastructure. 6767. A letter from the Management and Program Analyst, FAA, Department of Transportation, transmitting the Department's final rule -- Establishment of Class E Airspace; Park River, ND [Docket No.: FAA-2016-5856; Airspace Docket No.: 16-AGL-9] received September 1, 2016, pursuant to 5 U.S.C. 801(a)(1)(A); Public Law 104-121, Sec. 251; (110 Stat. 868); to the Committee on Transportation and Infrastructure. 6768. A letter from the Management and Program Analyst, FAA, Department of Transportation, transmitting the Department's final rule -- Establishment of Class E Airspace; Harvey, ND [Docket No.: FAA-2016-5387; Airspace Docket No.: 16-AGL-13] received September 1, 2016, pursuant to 5 U.S.C. 801(a)(1)(A); Public Law 104-121, Sec. 251; (110 Stat. 868); to the Committee on Transportation and Infrastructure. 6769. A letter from the Management and Program Analyst, FAA, Department of Transportation, transmitting the Department's final rule -- Establishment of Class E Airspace; Platte, SD [Docket No.: FAA-2016-5386; Airspace Docket No.: 16-AGL-12] received September 1, 2016, pursuant to 5 U.S.C. 801(a)(1)(A); Public Law 104-121, Sec. 251; (110 Stat. 868); to the Committee on Transportation and Infrastructure. 6770. A letter from the Management and Program Analyst, FAA, Department of Transportation, transmitting the Department's final rule -- Establishment of Class E Airspace; Linton, ND [Docket No.: FAA-2016-5456; Airspace Docket No.: 16-AGL-11] received September 1, 2016, pursuant to 5 U.S.C. 801(a)(1)(A); Public Law 104-121, Sec. 251; (110 Stat. 868); to the Committee on Transportation and Infrastructure. 6771. A letter from the Federal Register Liaison Officer, Alcohol and Tobacco Tax and Trade Bureau, Department of the Treasury, transmitting the Department's final rule -- Establishment of the Champlain Valley of New York Viticultural Area [Docket No.: TTB-2015-0010; T.D. TTB-142; Ref: Notice No.: 154] (RIN: 1513-AC19) received August 31, 2016, pursuant to 5 U.S.C. 801(a)(1)(A); Public Law 104-121, Sec. 251; (110 Stat. 868); to the Committee on Ways and Means. ____________________",,"[Congressional Record Volume 162, Number 136 (Friday, September 9, 2016)] [House] [Pages H5252-H5254] From the Congressional Record Online through the Government Publishing Office [ www.gpo.gov ] EXECUTIVE COMMUNICATIONS, ETC. Under clause 2 of rule XIV, executive communications were taken from the Speaker's table and referred as follows: 6733. A letter from the Chief Counsel, FEMA, Department of Homeland Security, transmitting the Department's final rule -- Suspension of Community Eligibility (Sacramento County, CA, et al.) [Docket ID: FEMA-2016-0002; Internal Agency Docket No.: FEMA-8451] received September 1, 2016, pursuant to 5 U.S.C. 801(a)(1)(A); Public Law 104-121, Sec. 251; (110 Stat. 868); to the Committee on Financial Services. 6734. A letter from the Regulations Coordinator, Office of Head Start, Administration for Children and Families, Department of Health and Human Services, transmitting the Departments Major final rule -- Head Start Performance Standards (RIN: 0970-AC63) received September 2, 2016, pursuant to 5 U.S.C. 801(a)(1)(A); Public Law 104-121, Sec. 251; (110 Stat. 868); to the Committee on Education and the Workforce. 6735. A letter from the Secretary, Bureau of Consumer Protection, Federal Trade Commission, transmitting the Commission's final rule -- Rules, Regulations, Statements of General Policy or Interpretation and Exemptions Under the Fair Packaging and Labeling Act (RIN: 3084-AB33) received September 6, 2016, pursuant to 5 U.S.C. 801(a)(1)(A); Public Law 104-121, Sec. 251; (110 Stat. 868); to the Committee on Energy and Commerce. 6736. A letter from the Director, Regulations Policy and Management Staff, FDA, Department of Health and Human Services, transmitting the Department's final rule -- The Food and Drug Administration Food Safety Modernization Act; Extension and Clarification of Compliance Dates for Certain Provisions of Four Implementing Rules [Docket Nos.: FDA-2011- N-0920, FDA-2011-N-0921, FDA-2011-N-0922, FDA-2011-N-0143] (RIN: 0910-AG10, 0910-AG35, 0910-AG36, 0910-AG64) received September 2, 2016, pursuant to 5 U.S.C. 801(a)(1)(A); Public Law 104-121, Sec. 251; (110 Stat. 868); to the Committee on Energy and Commerce. 6737. A letter from the Director, Regulations Policy and Management Staff, FDA, Department of Health and Human Services, transmitting the Department's direct final rule -- New Animal Drugs for Use in Animal Feed; Category Definitions [Docket No.: FDA-2016-N-1896] received September 2, 2016, pursuant to 5 U.S.C. 801(a)(1)(A); Public Law 104-121, Sec. 251; (110 Stat. 868); to the Committee on Energy and Commerce. 6738. A letter from the Deputy Assistant Administrator, Office of Diversion Control, Drug Enforcement Administration, Department of Justice, transmitting the Department's final rule -- Schedules of Controlled Substances: Placement of PB- 22, 5F-PB-22, AB-FUBINACA and ADB-PINACA into Schedule I [Docket No.: DEA-433] received September 6, 2016, pursuant to 5 U.S.C. 801(a)(1)(A); Public Law 104-121, Sec. 251; (110 Stat. 868); to the Committee on Energy and Commerce. 6739. A letter from the Chief of Staff, Media Bureau, Federal Communications Commission, transmitting the Commission's final rule -- Amendment of Section 73.202(b), Table of Allotments, FM Broadcast Stations (Maryville, Missouri) [MB Docket No.: 16-68] [RM-11762] received September 2, 2016, pursuant to 5 U.S.C. 801(a)(1)(A); Public Law 104-121, Sec. 251; (110 Stat. 868); to the Committee on Energy and Commerce. 6740. A letter from the Assistant Secretary for Export Administration, Bureau of Industry and Security, Department of Commerce, transmitting the Department's final rule -- Updated Statements of Legal Authority for the Export Administration Regulations to Include August 4, 2016 Continuation of Emergency Declared in Executive Order 13222 [Docket No.: 160808698-6698-01] (RIN: 0694-AH09) received September 6, 2016, pursuant to 5 U.S.C. 801(a)(1)(A); Public Law 104-121, Sec. 251; (110 Stat. 868); to the Committee on Foreign Affairs. 6741. A letter from the Acting Assistant Secretary, Legislative Affairs, Department of State, transmitting the Department's final rule -- International Traffic in Arms: Revisions to Definition of Export and Related Definitions (RIN: 1400-AD70) received September 6, 2016, pursuant to 5 U.S.C. 801(a)(1)(A); Public Law 104-121, Sec. 251; (110 Stat. 868); to the Committee on Foreign Affairs. 6742. A letter from the Acting Director, Office of Personnel Management, transmitting the Office's final rule -- Federal Employees' Group Life Insurance Program: Court Orders Prior to July 22, 1998 (RIN: 3206-AM67) received September 1, 2016, pursuant to 5 U.S.C. 801(a)(1)(A); Public Law 104-121, Sec. 251; (110 Stat. 868); to the Committee on Oversight and Government Reform. 6743. A letter from the Acting Director, Office of Personnel Management, transmitting the Office's final rule -- Prevailing Rate Systems; Abolishment of the Newburgh, NY, Appropriated Fund Federal Wage System Wage [[Page H5253]] Area (RIN: 3206-AN26) received September 1, 2016, pursuant to 5 U.S.C. 801(a)(1)(A); Public Law 104-121, Sec. 251; (110 Stat. 868); to the Committee on Oversight and Government Reform. 6744. A letter from the Acting Director, Office of Personnel Management, transmitting the Office's final rule -- Prevailing Rate Systems; Redefinition of the Asheville, NC, and Charlotte, NC, Appropriated Fund Federal Wage System Wage Areas (RIN: 3206-AN37) received September 1, 2016, pursuant to 5 U.S.C. 801(a)(1)(A); Public Law 104-121, Sec. 251; (110 Stat. 868); to the Committee on Oversight and Government Reform. 6745. A letter from the Acting Director, Office of Personnel Management, transmitting the Office's final rule -- Federal Employees Health Benefits Program and Federal Employees Dental and Vision Insurance Program: Excepted Service and Pathways Programs Miscellaneous Clarifications and Corrections (RIN: 3206-AM97) received September 1, 2016, pursuant to 5 U.S.C. 801(a)(1)(A); Public Law 104-121, Sec. 251; (110 Stat. 868); to the Committee on Oversight and Government Reform. 6746. A letter from the Chief, Regulations and Standards Branch, Bureau of Safety and Environmental Enforcement, Department of the Interior, transmitting the Department's final rule -- Oil and Gas and Sulfur Operations on the Outer Continental Self ---- Oil and Gas Production Safety Systems [Docket ID: BSEE-2012-0005; 16XE1700DX EX1SF0000.DAQ000 EEEE500000] (RIN: 1014-AA10) received September 7, 2016, pursuant to 5 U.S.C. 801(a)(1)(A); Public Law 104-121, Sec. 251; (110 Stat. 868); to the Committee on Natural Resources. 6747. A letter from the Acting Deputy Director, Office of Sustainable Fisheries, NMFS, National Oceanic and Atmospheric Administration, transmitting the Administration's temporary rule -- Fisheries of the Caribbean, Gulf of Mexico, and South Atlantic; Snapper-Grouper Resources of the South Atlantic; Trip Limit Reduction [Docket No.: 130312235-3658-02] (RIN: 0648-XE824) received September 2, 2016, pursuant to 5 U.S.C. 801(a)(1)(A); Public Law 104-121, Sec. 251; (110 Stat. 868); to the Committee on Natural Resources. 6748. A letter from the Acting Deputy Director, Office of Sustainable Fisheries, NMFS, National Oceanic and Atmospheric Administration, transmitting the Administration's temporary rule -- Fisheries of the Northeastern United States; Atlantic Bluefish Fishery; Quota Transfer [Docket No.: 151130999-6225- 01] (RIN: 0648-XE782) received September 2, 2016, pursuant to 5 U.S.C. 801(a)(1)(A); Public Law 104-121, Sec. 251; (110 Stat. 868); to the Committee on Natural Resources. 6749. A letter from the Director, Office of Sustainable Fisheries, NMFS, National Oceanic and Atmospheric Administration, transmitting the Administration's temporary rule -- Fisheries of the Exclusive Economic Zone Off Alaska; Atka Mackerel in the Bering Sea and Aleutian Islands Management Area [Docket No.: 150916863-6211-02] (RIN: 0648- XE833) received September 2, 2016, pursuant to 5 U.S.C. 801(a)(1)(A); Public Law 104-121, Sec. 251; (110 Stat. 868); to the Committee on Natural Resources. 6750. A letter from the Acting Director, Office of Sustainable Fisheries, NMFS, National Oceanic and Atmospheric Administration, transmitting the Administration's temporary rule -- Fisheries of the Exclusive Economic Zone Off Alaska; Pacific Ocean Perch in the West Yakutat District of the Gulf of Alaska [Docket No.: 150818742-0610-02] (RIN: 0648-XE772) received September 2, 2016, pursuant to 5 U.S.C. 801(a)(1)(A); Public Law 104-121, Sec. 251; (110 Stat. 868); to the Committee on Natural Resources. 6751. A letter from the Acting Deputy Director, Office of Sustainable Fisheries, NMFS, National Oceanic and Atmospheric Administration, transmitting the Administration's temporary rule -- Fisheries of the Northeastern United States; Small- Mesh Multispecies Fishery; Adjustment to the Northern Red Hake Inseason Possession Limit [Docket No.: 120109034-2171- 01] (RIN: 0648-XE787) received September 2, 2016, pursuant to 5 U.S.C. 801(a)(1)(A); Public Law 104-121, Sec. 251; (110 Stat. 868); to the Committee on Natural Resources. 6752. A letter from the Acting Director, Office of Sustainable Fisheries, NMFS, National Oceanic and Atmospheric Administration, transmitting the Administration's temporary rule -- International Fisheries; Western and Central Pacific Fisheries for Highly Migratory Species; Closure of Purse Seine Fishery in the ELAPS in 2016 [Docket No.: 160322276- 6276-01] (RIN: 0648-XE741) received September 2, 2016, pursuant to 5 U.S.C. 801(a)(1)(A); Public Law 104-121, Sec. 251; (110 Stat. 868); to the Committee on Natural Resources. 6753. A letter from the Acting Director, Office of Sustainable Fisheries, NMFS, National Oceanic and Atmospheric Administration, transmitting the Administration's temporary rule -- Atlantic Highly Migratory Species; Atlantic Bluefin Tuna Fisheries [Docket No.: 150121066-5717-02] (RIN: 0648- XE725) received September 2, 2016, pursuant to 5 U.S.C. 801(a)(1)(A); Public Law 104-121, Sec. 251; (110 Stat. 868); to the Committee on Natural Resources. 6754. A letter from the Director, Office of Sustainable Fisheries, NMFS, National Oceanic and Atmospheric Administration, transmitting the Administration's temporary rule -- Atlantic Highly Migratory Species; North Atlantic Swordfish Fishery [Docket No.: 120627194-3657-02] (RIN: 0648- XE567) received September 6, 2016, pursuant to 5 U.S.C. 801(a)(1)(A); Public Law 104-121, Sec. 251; (110 Stat. 868); to the Committee on Natural Resources. 6755. A letter from the Regulations Coordinator, Assistant Secretary for Financial Resources, Department of Health and Human Services, transmitting the Department's interim final rule -- Adjustment of Civil Monetary Penalties for Inflation (RIN: 0991-AC0) received September 2, 2016, pursuant to 5 U.S.C. 801(a)(1)(A); Public Law 104-121, Sec. 251; (110 Stat. 868); to the Committee on the Judiciary. 6756. A letter from the Acting Chief, Border Security Regulations Branch, U.S. Customs and Border Protection, Department of Homeland Security, transmitting the Department's final rule -- Technical Corrections Relating to Issuance of Notices to Appear, Warrants of Removal, Exercise of Power by Immigration Officers, and Standards for Enforcement Activities (CBP Dec. 16-14) received September 2, 2016, pursuant to 5 U.S.C. 801(a)(1)(A); Public Law 104-121, Sec. 251; (110 Stat. 868); to the Committee on the Judiciary. 6757. A letter from the Management and Program Analyst, FAA, Department of Transportation, transmitting the Department's final rule -- Airworthiness Directives; Dassault Aviation Airplanes [Docket No.: FAA-2016-5464; Directorate Identifier 2015-NM-097-AD; Amendment 39-18607; AD 2016-16-09] (RIN: 2120-AA64) received September 1, 2016, pursuant to 5 U.S.C. 801(a)(1)(A); Public Law 104-121, Sec. 251; (110 Stat. 868); to the Committee on Transportation and Infrastructure. 6758. A letter from the Management and Program Analyst, FAA, Department of Transportation, transmitting the Department's final rule -- Airworthiness Directives; Airbus Airplanes [Docket No.: FAA-2015-8468; Directorate Identifier 2014-NM-208-AD; Amendment 39-18605; AD 2016-16-07] (RIN: 2120-AA64) received September 1, 2016, pursuant to 5 U.S.C. 801(a)(1)(A); Public Law 104-121, Sec. 251; (110 Stat. 868); to the Committee on Transportation and Infrastructure. 6759. A letter from the Management and Program Analyst, FAA, Department of Transportation, transmitting the Department's final rule -- Airworthiness Directives; Airbus Airplanes [Docket No.: FAA-2016-5462; Directorate Identifier 2015-NM-131-AD; Amendment 39-18606; AD 2016-16-08] (RIN: 2120-AA64) received September 1, 2016, pursuant to 5 U.S.C. 801(a)(1)(A); Public Law 104-121, Sec. 251; (110 Stat. 868); to the Committee on Transportation and Infrastructure. 6760. A letter from the Management and Program Analyst, FAA, Department of Transportation, transmitting the Department's final rule -- Amendment of Class E Airspace for the following Michigan Towns; Alma, MI; Bellaire, MI; Cadillac, MI; Drummond Island, MI; Gladwin, MI; Holland, MI; and Three Rivers, MI [Docket No.: FAA-2016-4629; Airspace Docket No.: 16-AGL-8] received September 1, 2016, pursuant to 5 U.S.C. 801(a)(1)(A); Public Law 104-121, Sec. 251; (110 Stat. 868); to the Committee on Transportation and Infrastructure. 6761. A letter from the Management and Program Analyst, FAA, Department of Transportation, transmitting the Department's final rule -- Amendment of Class C Airspace; Peoria, IL [Docket No.: FAA-2016-7416; Airspace Docket No.: 16-AWA-5] (RIN: 2120-AA66) received September 1, 2016, pursuant to 5 U.S.C. 801(a)(1)(A); Public Law 104-121, Sec. 251; (110 Stat. 868); to the Committee on Transportation and Infrastructure. 6762. A letter from the Management and Program Analyst, FAA, Department of Transportation, transmitting the Department's final rule -- Amendment of Class C Airspace; Boise, ID [Docket No.: FAA-2016-7467; Airspace Docket No.: 16-AWA-2] (RIN: 2120-AA66) received September 1, 2016, pursuant to 5 U.S.C. 801(a)(1)(A); Public Law 104-121, Sec. 251; (110 Stat. 868); to the Committee on Transportation and Infrastructure. 6763. A letter from the Management and Program Analyst, FAA, Department of Transportation, transmitting the Department's final rule -- Amendment of Class C Airspace; Syracuse Hancock International Airport, NY [Docket No.: FAA- 2016-3937; Airspace Docket No.: 16-AWA-1] (RIN: 2120-AA66) received September 1, 2016, pursuant to 5 U.S.C. 801(a)(1)(A); Public Law 104-121, Sec. 251; (110 Stat. 868); to the Committee on Transportation and Infrastructure. 6764. A letter from the Management and Program Analyst, FAA, Department of Transportation, transmitting the Department's final rule -- Amendment of Class E Airspace for the Minnesota Towns; Hutchinson, MN; Jackson, MN; Pipestone, MN; Two Harbors, MN; and Waseca, MN [Docket No.: FAA-2016- 4271; Airspace Docket No.: 16-AGL-6] received September 1, 2016, pursuant to 5 U.S.C. 801(a)(1)(A); Public Law 104-121, Sec. 251; (110 Stat. 868); to the Committee on Transportation and Infrastructure. 6765. A letter from the Management and Program Analyst, FAA, Department of Transportation, transmitting the Department's final rule -- Revocation of Class E Airspace; Lake Providence, LA [Docket No.: FAA-2016-4236; Airspace Docket No.: 16-ASW-5] received September 1, 2016, pursuant to 5 U.S.C. 801(a)(1)(A); Public Law 104-121, Sec. 251; (110 Stat. 868); to the Committee on Transportation and Infrastructure. 6766. A letter from the Management and Program Analyst, FAA, Department of Transportation, transmitting the Department's final rule -- Revocation of Class D Airspace; North, SC [Docket No.: FAA-2016- [[Page H5254]] 1074; Airspace Docket No.: 16-ASO-3] received September 1, 2016, pursuant to 5 U.S.C. 801(a)(1)(A); Public Law 104-121, Sec. 251; (110 Stat. 868); to the Committee on Transportation and Infrastructure. 6767. A letter from the Management and Program Analyst, FAA, Department of Transportation, transmitting the Department's final rule -- Establishment of Class E Airspace; Park River, ND [Docket No.: FAA-2016-5856; Airspace Docket No.: 16-AGL-9] received September 1, 2016, pursuant to 5 U.S.C. 801(a)(1)(A); Public Law 104-121, Sec. 251; (110 Stat. 868); to the Committee on Transportation and Infrastructure. 6768. A letter from the Management and Program Analyst, FAA, Department of Transportation, transmitting the Department's final rule -- Establishment of Class E Airspace; Harvey, ND [Docket No.: FAA-2016-5387; Airspace Docket No.: 16-AGL-13] received September 1, 2016, pursuant to 5 U.S.C. 801(a)(1)(A); Public Law 104-121, Sec. 251; (110 Stat. 868); to the Committee on Transportation and Infrastructure. 6769. A letter from the Management and Program Analyst, FAA, Department of Transportation, transmitting the Department's final rule -- Establishment of Class E Airspace; Platte, SD [Docket No.: FAA-2016-5386; Airspace Docket No.: 16-AGL-12] received September 1, 2016, pursuant to 5 U.S.C. 801(a)(1)(A); Public Law 104-121, Sec. 251; (110 Stat. 868); to the Committee on Transportation and Infrastructure. 6770. A letter from the Management and Program Analyst, FAA, Department of Transportation, transmitting the Department's final rule -- Establishment of Class E Airspace; Linton, ND [Docket No.: FAA-2016-5456; Airspace Docket No.: 16-AGL-11] received September 1, 2016, pursuant to 5 U.S.C. 801(a)(1)(A); Public Law 104-121, Sec. 251; (110 Stat. 868); to the Committee on Transportation and Infrastructure. 6771. A letter from the Federal Register Liaison Officer, Alcohol and Tobacco Tax and Trade Bureau, Department of the Treasury, transmitting the Department's final rule -- Establishment of the Champlain Valley of New York Viticultural Area [Docket No.: TTB-2015-0010; T.D. TTB-142; Ref: Notice No.: 154] (RIN: 1513-AC19) received August 31, 2016, pursuant to 5 U.S.C. 801(a)(1)(A); Public Law 104-121, Sec. 251; (110 Stat. 868); to the Committee on Ways and Means. ____________________",https://api.govinfo.gov/related/CREC-2016-09-09-pt1-PgH5252-5,CREC,Proceedings of Congress and General Congressional Publications,2025-03-07T17:31:58Z,Congressional Record,package_114_321.csv,18143,0,18143,"[congressional record volume 162, number 136 (friday, september 9, 2016)] [house] [pages h5252-h5254] from the congressional record online through the government publishing office [ www.gpo.gov ] executive communications, etc. under clause 2 of rule xiv, executive communications were taken from the speaker's table and referred as follows: 6733. a letter from the chief counsel, fema, department of homeland security, transmitting the department's final rule -- suspension of community eligibility (sacramento county, ca, et al.) [docket id: fema-2016-0002; internal agency docket no.: fema-8451] received september 1, 2016, pursuant to 5 u.s.c. 801(a)(1)(a); public law 104-121, sec. 251; (110 stat. 868); to the committee on financial services. 6734. a letter from the regulations coordinator, office of head start, administration for children and families, department of health and human services, transmitting the departments major final rule -- head start performance standards (rin: 0970-ac63) received september 2, 2016, pursuant to 5 u.s.c. 801(a)(1)(a); public law 104-121, sec. 251; (110 stat. 868); to the committee on education and the workforce. 6735. a letter from the secretary, bureau of consumer protection, federal trade commission, transmitting the commission's final rule -- rules, regulations, statements of general policy or interpretation and exemptions under the fair packaging and labeling act (rin: 3084-ab33) received september 6, 2016, pursuant to 5 u.s.c. 801(a)(1)(a); public law 104-121, sec. 251; (110 stat. 868); to the committee on energy and commerce. 6736. a letter from the director, regulations policy and management staff, fda, department of health and human services, transmitting the department's final rule -- the food and drug administration food safety modernization act; extension and clarification of compliance dates for certain provisions of four implementing rules [docket nos.: fda-2011- n-0920, fda-2011-n-0921, fda-2011-n-0922, fda-2011-n-0143] (rin: 0910-ag10, 0910-ag35, 0910-ag36, 0910-ag64) received september 2, 2016, pursuant to 5 u.s.c. 801(a)(1)(a); public law 104-121, sec. 251; (110 stat. 868); to the committee on energy and commerce. 6737. a letter from the director, regulations policy and management staff, fda, department of health and human services, transmitting the department's direct final rule -- new animal drugs for use in animal feed; category definitions [docket no.: fda-2016-n-1896] received september 2, 2016, pursuant to 5 u.s.c. 801(a)(1)(a); public law 104-121, sec. 251; (110 stat. 868); to the committee on energy and commerce. 6738. a letter from the deputy assistant administrator, office of diversion control, drug enforcement administration, department of justice, transmitting the department's final rule -- schedules of controlled substances: placement of pb- 22, 5f-pb-22, ab-fubinaca and adb-pinaca into schedule i [docket no.: dea-433] received september 6, 2016, pursuant to 5 u.s.c. 801(a)(1)(a); public law 104-121, sec. 251; (110 stat. 868); to the committee on energy and commerce. 6739. a letter from the chief of staff, media bureau, federal communications commission, transmitting the commission's final rule -- amendment of section 73.202(b), table of allotments, fm broadcast stations (maryville, missouri) [mb docket no.: 16-68] [rm-11762] received september 2, 2016, pursuant to 5 u.s.c. 801(a)(1)(a); public law 104-121, sec. 251; (110 stat. 868); to the committee on energy and commerce. 6740. a letter from the assistant secretary for export administration, bureau of industry and security, department of commerce, transmitting the department's final rule -- updated statements of legal authority for the export administration regulations to include august 4, 2016 continuation of emergency declared in executive order 13222 [docket no.: 160808698-6698-01] (rin: 0694-ah09) received september 6, 2016, pursuant to 5 u.s.c. 801(a)(1)(a); public law 104-121, sec. 251; (110 stat. 868); to the committee on foreign affairs. 6741. a letter from the acting assistant secretary, legislative affairs, department of state, transmitting the department's final rule -- international traffic in arms: revisions to definition of export and related definitions (rin: 1400-ad70) received september 6, 2016, pursuant to 5 u.s.c. 801(a)(1)(a); public law 104-121, sec. 251; (110 stat. 868); to the committee on foreign affairs. 6742. a letter from the acting director, office of personnel management, transmitting the office's final rule -- federal employees' group life insurance program: court orders prior to july 22, 1998 (rin: 3206-am67) received september 1, 2016, pursuant to 5 u.s.c. 801(a)(1)(a); public law 104-121, sec. 251; (110 stat. 868); to the committee on oversight and government reform. 6743. a letter from the acting director, office of personnel management, transmitting the office's final rule -- prevailing rate systems; abolishment of the newburgh, ny, appropriated fund federal wage system wage [[page h5253]] area (rin: 3206-an26) received september 1, 2016, pursuant to 5 u.s.c. 801(a)(1)(a); public law 104-121, sec. 251; (110 stat. 868); to the committee on oversight and government reform. 6744. a letter from the acting director, office of personnel management, transmitting the office's final rule -- prevailing rate systems; redefinition of the asheville, nc, and charlotte, nc, appropriated fund federal wage system wage areas (rin: 3206-an37) received september 1, 2016, pursuant to 5 u.s.c. 801(a)(1)(a); public law 104-121, sec. 251; (110 stat. 868); to the committee on oversight and government reform. 6745. a letter from the acting director, office of personnel management, transmitting the office's final rule -- federal employees health benefits program and federal employees dental and vision insurance program: excepted service and pathways programs miscellaneous clarifications and corrections (rin: 3206-am97) received september 1, 2016, pursuant to 5 u.s.c. 801(a)(1)(a); public law 104-121, sec. 251; (110 stat. 868); to the committee on oversight and government reform. 6746. a letter from the chief, regulations and standards branch, bureau of safety and environmental enforcement, department of the interior, transmitting the department's final rule -- oil and gas and sulfur operations on the outer continental self ---- oil and gas production safety systems [docket id: bsee-2012-0005; 16xe1700dx ex1sf0000.daq000 eeee500000] (rin: 1014-aa10) received september 7, 2016, pursuant to 5 u.s.c. 801(a)(1)(a); public law 104-121, sec. 251; (110 stat. 868); to the committee on natural resources. 6747. a letter from the acting deputy director, office of sustainable fisheries, nmfs, national oceanic and atmospheric administration, transmitting the administration's temporary rule -- fisheries of the caribbean, gulf of mexico, and south atlantic; snapper-grouper resources of the south atlantic; trip limit reduction [docket no.: 130312235-3658-02] (rin: 0648-xe824) received september 2, 2016, pursuant to 5 u.s.c. 801(a)(1)(a); public law 104-121, sec. 251; (110 stat. 868); to the committee on natural resources. 6748. a letter from the acting deputy director, office of sustainable fisheries, nmfs, national oceanic and atmospheric administration, transmitting the administration's temporary rule -- fisheries of the northeastern united states; atlantic bluefish fishery; quota transfer [docket no.: 151130999-6225- 01] (rin: 0648-xe782) received september 2, 2016, pursuant to 5 u.s.c. 801(a)(1)(a); public law 104-121, sec. 251; (110 stat. 868); to the committee on natural resources. 6749. a letter from the director, office of sustainable fisheries, nmfs, national oceanic and atmospheric administration, transmitting the administration's temporary rule -- fisheries of the exclusive economic zone off alaska; atka mackerel in the bering sea and aleutian islands management area [docket no.: 150916863-6211-02] (rin: 0648- xe833) received september 2, 2016, pursuant to 5 u.s.c. 801(a)(1)(a); public law 104-121, sec. 251; (110 stat. 868); to the committee on natural resources. 6750. a letter from the acting director, office of sustainable fisheries, nmfs, national oceanic and atmospheric administration, transmitting the administration's temporary rule -- fisheries of the exclusive economic zone off alaska; pacific ocean perch in the west yakutat district of the gulf of alaska [docket no.: 150818742-0610-02] (rin: 0648-xe772) received september 2, 2016, pursuant to 5 u.s.c. 801(a)(1)(a); public law 104-121, sec. 251; (110 stat. 868); to the committee on natural resources. 6751. a letter from the acting deputy director, office of sustainable fisheries, nmfs, national oceanic and atmospheric administration, transmitting the administration's temporary rule -- fisheries of the northeastern united states; small- mesh multispecies fishery; adjustment to the northern red hake inseason possession limit [docket no.: 120109034-2171- 01] (rin: 0648-xe787) received september 2, 2016, pursuant to 5 u.s.c. 801(a)(1)(a); public law 104-121, sec. 251; (110 stat. 868); to the committee on natural resources. 6752. a letter from the acting director, office of sustainable fisheries, nmfs, national oceanic and atmospheric administration, transmitting the administration's temporary rule -- international fisheries; western and central pacific fisheries for highly migratory species; closure of purse seine fishery in the elaps in 2016 [docket no.: 160322276- 6276-01] (rin: 0648-xe741) received september 2, 2016, pursuant to 5 u.s.c. 801(a)(1)(a); public law 104-121, sec. 251; (110 stat. 868); to the committee on natural resources. 6753. a letter from the acting director, office of sustainable fisheries, nmfs, national oceanic and atmospheric administration, transmitting the administration's temporary rule -- atlantic highly migratory species; atlantic bluefin tuna fisheries [docket no.: 150121066-5717-02] (rin: 0648- xe725) received september 2, 2016, pursuant to 5 u.s.c. 801(a)(1)(a); public law 104-121, sec. 251; (110 stat. 868); to the committee on natural resources. 6754. a letter from the director, office of sustainable fisheries, nmfs, national oceanic and atmospheric administration, transmitting the administration's temporary rule -- atlantic highly migratory species; north atlantic swordfish fishery [docket no.: 120627194-3657-02] (rin: 0648- xe567) received september 6, 2016, pursuant to 5 u.s.c. 801(a)(1)(a); public law 104-121, sec. 251; (110 stat. 868); to the committee on natural resources. 6755. a letter from the regulations coordinator, assistant secretary for financial resources, department of health and human services, transmitting the department's interim final rule -- adjustment of civil monetary penalties for inflation (rin: 0991-ac0) received september 2, 2016, pursuant to 5 u.s.c. 801(a)(1)(a); public law 104-121, sec. 251; (110 stat. 868); to the committee on the judiciary. 6756. a letter from the acting chief, border security regulations branch, u.s. customs and border protection, department of homeland security, transmitting the department's final rule -- technical corrections relating to issuance of notices to appear, warrants of removal, exercise of power by immigration officers, and standards for enforcement activities (cbp dec. 16-14) received september 2, 2016, pursuant to 5 u.s.c. 801(a)(1)(a); public law 104-121, sec. 251; (110 stat. 868); to the committee on the judiciary. 6757. a letter from the management and program analyst, faa, department of transportation, transmitting the department's final rule -- airworthiness directives; dassault aviation airplanes [docket no.: faa-2016-5464; directorate identifier 2015-nm-097-ad; amendment 39-18607; ad 2016-16-09] (rin: 2120-aa64) received september 1, 2016, pursuant to 5 u.s.c. 801(a)(1)(a); public law 104-121, sec. 251; (110 stat. 868); to the committee on transportation and infrastructure. 6758. a letter from the management and program analyst, faa, department of transportation, transmitting the department's final rule -- airworthiness directives; airbus airplanes [docket no.: faa-2015-8468; directorate identifier 2014-nm-208-ad; amendment 39-18605; ad 2016-16-07] (rin: 2120-aa64) received september 1, 2016, pursuant to 5 u.s.c. 801(a)(1)(a); public law 104-121, sec. 251; (110 stat. 868); to the committee on transportation and infrastructure. 6759. a letter from the management and program analyst, faa, department of transportation, transmitting the department's final rule -- airworthiness directives; airbus airplanes [docket no.: faa-2016-5462; directorate identifier 2015-nm-131-ad; amendment 39-18606; ad 2016-16-08] (rin: 2120-aa64) received september 1, 2016, pursuant to 5 u.s.c. 801(a)(1)(a); public law 104-121, sec. 251; (110 stat. 868); to the committee on transportation and infrastructure. 6760. a letter from the management and program analyst, faa, department of transportation, transmitting the department's final rule -- amendment of class e airspace for the following michigan towns; alma, mi; bellaire, mi; cadillac, mi; drummond island, mi; gladwin, mi; holland, mi; and three rivers, mi [docket no.: faa-2016-4629; airspace docket no.: 16-agl-8] received september 1, 2016, pursuant to 5 u.s.c. 801(a)(1)(a); public law 104-121, sec. 251; (110 stat. 868); to the committee on transportation and infrastructure. 6761. a letter from the management and program analyst, faa, department of transportation, transmitting the department's final rule -- amendment of class c airspace; peoria, il [docket no.: faa-2016-7416; airspace docket no.: 16-awa-5] (rin: 2120-aa66) received september 1, 2016, pursuant to 5 u.s.c. 801(a)(1)(a); public law 104-121, sec. 251; (110 stat. 868); to the committee on transportation and infrastructure. 6762. a letter from the management and program analyst, faa, department of transportation, transmitting the department's final rule -- amendment of class c airspace; boise, id [docket no.: faa-2016-7467; airspace docket no.: 16-awa-2] (rin: 2120-aa66) received september 1, 2016, pursuant to 5 u.s.c. 801(a)(1)(a); public law 104-121, sec. 251; (110 stat. 868); to the committee on transportation and infrastructure. 6763. a letter from the management and program analyst, faa, department of transportation, transmitting the department's final rule -- amendment of class c airspace; syracuse hancock international airport, ny [docket no.: faa- 2016-3937; airspace docket no.: 16-awa-1] (rin: 2120-aa66) received september 1, 2016, pursuant to 5 u.s.c. 801(a)(1)(a); public law 104-121, sec. 251; (110 stat. 868); to the committee on transportation and infrastructure. 6764. a letter from the management and program analyst, faa, department of transportation, transmitting the department's final rule -- amendment of class e airspace for the minnesota towns; hutchinson, mn; jackson, mn; pipestone, mn; two harbors, mn; and waseca, mn [docket no.: faa-2016- 4271; airspace docket no.: 16-agl-6] received september 1, 2016, pursuant to 5 u.s.c. 801(a)(1)(a); public law 104-121, sec. 251; (110 stat. 868); to the committee on transportation and infrastructure. 6765. a letter from the management and program analyst, faa, department of transportation, transmitting the department's final rule -- revocation of class e airspace; lake providence, la [docket no.: faa-2016-4236; airspace docket no.: 16-asw-5] received september 1, 2016, pursuant to 5 u.s.c. 801(a)(1)(a); public law 104-121, sec. 251; (110 stat. 868); to the committee on transportation and infrastructure. 6766. a letter from the management and program analyst, faa, department of transportation, transmitting the department's final rule -- revocation of class d airspace; north, sc [docket no.: faa-2016- [[page h5254]] 1074; airspace docket no.: 16-aso-3] received september 1, 2016, pursuant to 5 u.s.c. 801(a)(1)(a); public law 104-121, sec. 251; (110 stat. 868); to the committee on transportation and infrastructure. 6767. a letter from the management and program analyst, faa, department of transportation, transmitting the department's final rule -- establishment of class e airspace; park river, nd [docket no.: faa-2016-5856; airspace docket no.: 16-agl-9] received september 1, 2016, pursuant to 5 u.s.c. 801(a)(1)(a); public law 104-121, sec. 251; (110 stat. 868); to the committee on transportation and infrastructure. 6768. a letter from the management and program analyst, faa, department of transportation, transmitting the department's final rule -- establishment of class e airspace; harvey, nd [docket no.: faa-2016-5387; airspace docket no.: 16-agl-13] received september 1, 2016, pursuant to 5 u.s.c. 801(a)(1)(a); public law 104-121, sec. 251; (110 stat. 868); to the committee on transportation and infrastructure. 6769. a letter from the management and program analyst, faa, department of transportation, transmitting the department's final rule -- establishment of class e airspace; platte, sd [docket no.: faa-2016-5386; airspace docket no.: 16-agl-12] received september 1, 2016, pursuant to 5 u.s.c. 801(a)(1)(a); public law 104-121, sec. 251; (110 stat. 868); to the committee on transportation and infrastructure. 6770. a letter from the management and program analyst, faa, department of transportation, transmitting the department's final rule -- establishment of class e airspace; linton, nd [docket no.: faa-2016-5456; airspace docket no.: 16-agl-11] received september 1, 2016, pursuant to 5 u.s.c. 801(a)(1)(a); public law 104-121, sec. 251; (110 stat. 868); to the committee on transportation and infrastructure. 6771. a letter from the federal register liaison officer, alcohol and tobacco tax and trade bureau, department of the treasury, transmitting the department's final rule -- establishment of the champlain valley of new york viticultural area [docket no.: ttb-2015-0010; t.d. ttb-142; ref: notice no.: 154] (rin: 1513-ac19) received august 31, 2016, pursuant to 5 u.s.c. 801(a)(1)(a); public law 104-121, sec. 251; (110 stat. 868); to the committee on ways and means. ____________________",18143
CREC-2016-09-09-pt1-PgH5255-2,CREC-2016-09-09,2016-09-09,Constitutional Authority Statement,CREC,HOUSE,H,H,1,https://www.govinfo.gov/app/details/CREC-2016-09-09/CREC-2016-09-09-pt1-PgH5255-2,https://api.govinfo.gov/packages/CREC-2016-09-09/granules/CREC-2016-09-09-pt1-PgH5255-2/htm,https://api.govinfo.gov/packages/CREC-2016-09-09/granules/CREC-2016-09-09-pt1-PgH5255-2/pdf,https://api.govinfo.gov/packages/CREC-2016-09-09/summary,"[Congressional Record Volume 162, Number 136 (Friday, September 9, 2016)] [House] [Page H5255] From the Congressional Record Online through the Government Publishing Office [ www.gpo.gov ] CONSTITUTIONAL AUTHORITY STATEMENT Pursuant to clause 7 of rule XII of the Rules of the House of Representatives, the following statements are submitted regarding the specific powers granted to Congress in the Constitution to enact the accompanying bill or joint resolution.",,"[Congressional Record Volume 162, Number 136 (Friday, September 9, 2016)] [House] [Page H5255] From the Congressional Record Online through the Government Publishing Office [ www.gpo.gov ] CONSTITUTIONAL AUTHORITY STATEMENT Pursuant to clause 7 of rule XII of the Rules of the House of Representatives, the following statements are submitted regarding the specific powers granted to Congress in the Constitution to enact the accompanying bill or joint resolution.",https://api.govinfo.gov/related/CREC-2016-09-09-pt1-PgH5255-2,CREC,Proceedings of Congress and General Congressional Publications,2025-03-07T17:31:58Z,Congressional Record,package_114_321.csv,463,0,463,"[congressional record volume 162, number 136 (friday, september 9, 2016)] [house] [page h5255] from the congressional record online through the government publishing office [ www.gpo.gov ] constitutional authority statement pursuant to clause 7 of rule xii of the rules of the house of representatives, the following statements are submitted regarding the specific powers granted to congress in the constitution to enact the accompanying bill or joint resolution.",463
CREC-2016-09-09-pt1-PgH5255-5,CREC-2016-09-09,2016-09-09,Constitutional Authority Statement for H.R. 5979,CREC,HOUSE,H,H,1,https://www.govinfo.gov/app/details/CREC-2016-09-09/CREC-2016-09-09-pt1-PgH5255-5,https://api.govinfo.gov/packages/CREC-2016-09-09/granules/CREC-2016-09-09-pt1-PgH5255-5/htm,https://api.govinfo.gov/packages/CREC-2016-09-09/granules/CREC-2016-09-09-pt1-PgH5255-5/pdf,https://api.govinfo.gov/packages/CREC-2016-09-09/summary,,,,https://api.govinfo.gov/related/CREC-2016-09-09-pt1-PgH5255-5,CREC,Proceedings of Congress and General Congressional Publications,2025-03-07T17:31:58Z,Congressional Record,package_114_321.csv,0,0,0,,0
CREC-2016-09-09-pt1-PgH5255-6,CREC-2016-09-09,2016-09-09,Constitutional Authority Statement for H.R. 5980,CREC,HOUSE,H,H,1,https://www.govinfo.gov/app/details/CREC-2016-09-09/CREC-2016-09-09-pt1-PgH5255-6,https://api.govinfo.gov/packages/CREC-2016-09-09/granules/CREC-2016-09-09-pt1-PgH5255-6/htm,https://api.govinfo.gov/packages/CREC-2016-09-09/granules/CREC-2016-09-09-pt1-PgH5255-6/pdf,https://api.govinfo.gov/packages/CREC-2016-09-09/summary,,,,https://api.govinfo.gov/related/CREC-2016-09-09-pt1-PgH5255-6,CREC,Proceedings of Congress and General Congressional Publications,2025-03-07T17:31:58Z,Congressional Record,package_114_321.csv,0,0,0,,0
CREC-2016-09-09-pt1-PgH5255-4,CREC-2016-09-09,2016-09-09,Constitutional Authority Statement for H.R. 5978,CREC,HOUSE,H,H,1,https://www.govinfo.gov/app/details/CREC-2016-09-09/CREC-2016-09-09-pt1-PgH5255-4,https://api.govinfo.gov/packages/CREC-2016-09-09/granules/CREC-2016-09-09-pt1-PgH5255-4/htm,https://api.govinfo.gov/packages/CREC-2016-09-09/granules/CREC-2016-09-09-pt1-PgH5255-4/pdf,https://api.govinfo.gov/packages/CREC-2016-09-09/summary,"[Congressional Record Volume 162, Number 136 (Friday, September 9, 2016)] [House] [Page H5255] From the Congressional Record Online through the Government Publishing Office [ www.gpo.gov ] By Mr. HUNTER: H.R. 5978. Congress has the power to enact this legislation pursuant to the following: Article I, Section 8 of the United States Constitution, specifically Clause 3 (to regulate Commerce with foreign Nations, and among the several States, and with Indian Tribes) and Clause 14 (to make Rules for the Government and Regulation of the land and naval Forces).",,"[Congressional Record Volume 162, Number 136 (Friday, September 9, 2016)] [House] [Page H5255] From the Congressional Record Online through the Government Publishing Office [ www.gpo.gov ] By Mr. HUNTER: H.R. 5978. Congress has the power to enact this legislation pursuant to the following: Article I, Section 8 of the United States Constitution, specifically Clause 3 (to regulate Commerce with foreign Nations, and among the several States, and with Indian Tribes) and Clause 14 (to make Rules for the Government and Regulation of the land and naval Forces).",https://api.govinfo.gov/related/CREC-2016-09-09-pt1-PgH5255-4,CREC,Proceedings of Congress and General Congressional Publications,2025-03-07T17:31:58Z,Congressional Record,package_114_321.csv,560,0,560,"[congressional record volume 162, number 136 (friday, september 9, 2016)] [house] [page h5255] from the congressional record online through the government publishing office [ www.gpo.gov ] by mr. hunter: h.r. 5978. congress has the power to enact this legislation pursuant to the following: article i, section 8 of the united states constitution, specifically clause 3 (to regulate commerce with foreign nations, and among the several states, and with indian tribes) and clause 14 (to make rules for the government and regulation of the land and naval forces).",560
CREC-2016-09-09-pt1-PgH5255-3,CREC-2016-09-09,2016-09-09,Constitutional Authority Statement for H.R. 5977,CREC,HOUSE,H,H,1,https://www.govinfo.gov/app/details/CREC-2016-09-09/CREC-2016-09-09-pt1-PgH5255-3,https://api.govinfo.gov/packages/CREC-2016-09-09/granules/CREC-2016-09-09-pt1-PgH5255-3/htm,https://api.govinfo.gov/packages/CREC-2016-09-09/granules/CREC-2016-09-09-pt1-PgH5255-3/pdf,https://api.govinfo.gov/packages/CREC-2016-09-09/summary,"[Congressional Record Volume 162, Number 136 (Friday, September 9, 2016)] [House] [Page H5255] From the Congressional Record Online through the Government Publishing Office [ www.gpo.gov ] By Mr. SHUSTER: H.R. 5977. Congress has the power to enact this legislation pursuant to the following: Article I, Section 8 of the United States Constitution, specifically Clause 7 (related to establishment of Post Offices and Post Roads).",,"[Congressional Record Volume 162, Number 136 (Friday, September 9, 2016)] [House] [Page H5255] From the Congressional Record Online through the Government Publishing Office [ www.gpo.gov ] By Mr. SHUSTER: H.R. 5977. Congress has the power to enact this legislation pursuant to the following: Article I, Section 8 of the United States Constitution, specifically Clause 7 (related to establishment of Post Offices and Post Roads).",https://api.govinfo.gov/related/CREC-2016-09-09-pt1-PgH5255-3,CREC,Proceedings of Congress and General Congressional Publications,2025-03-07T17:31:58Z,Congressional Record,package_114_321.csv,428,0,428,"[congressional record volume 162, number 136 (friday, september 9, 2016)] [house] [page h5255] from the congressional record online through the government publishing office [ www.gpo.gov ] by mr. shuster: h.r. 5977. congress has the power to enact this legislation pursuant to the following: article i, section 8 of the united states constitution, specifically clause 7 (related to establishment of post offices and post roads).",428
CREC-2016-09-09-pt1-PgH5255-8,CREC-2016-09-09,2016-09-09,Constitutional Authority Statement for H.R. 5982,CREC,HOUSE,H,H,1,https://www.govinfo.gov/app/details/CREC-2016-09-09/CREC-2016-09-09-pt1-PgH5255-8,https://api.govinfo.gov/packages/CREC-2016-09-09/granules/CREC-2016-09-09-pt1-PgH5255-8/htm,https://api.govinfo.gov/packages/CREC-2016-09-09/granules/CREC-2016-09-09-pt1-PgH5255-8/pdf,https://api.govinfo.gov/packages/CREC-2016-09-09/summary,"[Congressional Record Volume 162, Number 136 (Friday, September 9, 2016)] [House] [Page H5255] From the Congressional Record Online through the Government Publishing Office [ www.gpo.gov ] By Mr. ISSA: H.R. 5982. Congress has the power to enact this legislation pursuant to the following: Article I, Section 1, Clause 1 of the United States Constitution, in that the legislation concerns the exercise of legislative powers generally granted to Congress by that section, including the exercise of those powers when delegated by Congress to the Executive; Article I, Section 8, Clauses 1 to 17, of the United States Constitution, in that the legislation concerns the exercise of specific legislative powers granted to Congress by those sections, including the exercise of those powers when delegated by Congress to the Executive; Article I, Section 8, clause 18 of the United States Constitution, in that the legislation exercises legislative power granted to Congress by that clause ``to make all Laws which shall be necessary and proper for carrying into Execution the foregoing Powers, and all other Powers vested by this Constitution in the Government of the United States, or in any Department or Officer thereof;'' and, Article I, Section 5, Clause 2, of the United States Constitution, in that the legislation concerns the powers of each House of Congress to determine the rules of its proceedings.",,"[Congressional Record Volume 162, Number 136 (Friday, September 9, 2016)] [House] [Page H5255] From the Congressional Record Online through the Government Publishing Office [ www.gpo.gov ] By Mr. ISSA: H.R. 5982. Congress has the power to enact this legislation pursuant to the following: Article I, Section 1, Clause 1 of the United States Constitution, in that the legislation concerns the exercise of legislative powers generally granted to Congress by that section, including the exercise of those powers when delegated by Congress to the Executive; Article I, Section 8, Clauses 1 to 17, of the United States Constitution, in that the legislation concerns the exercise of specific legislative powers granted to Congress by those sections, including the exercise of those powers when delegated by Congress to the Executive; Article I, Section 8, clause 18 of the United States Constitution, in that the legislation exercises legislative power granted to Congress by that clause ``to make all Laws which shall be necessary and proper for carrying into Execution the foregoing Powers, and all other Powers vested by this Constitution in the Government of the United States, or in any Department or Officer thereof;'' and, Article I, Section 5, Clause 2, of the United States Constitution, in that the legislation concerns the powers of each House of Congress to determine the rules of its proceedings.",https://api.govinfo.gov/related/CREC-2016-09-09-pt1-PgH5255-8,CREC,Proceedings of Congress and General Congressional Publications,2025-03-07T17:31:58Z,Congressional Record,package_114_321.csv,1403,0,1403,"[congressional record volume 162, number 136 (friday, september 9, 2016)] [house] [page h5255] from the congressional record online through the government publishing office [ www.gpo.gov ] by mr. issa: h.r. 5982. congress has the power to enact this legislation pursuant to the following: article i, section 1, clause 1 of the united states constitution, in that the legislation concerns the exercise of legislative powers generally granted to congress by that section, including the exercise of those powers when delegated by congress to the executive; article i, section 8, clauses 1 to 17, of the united states constitution, in that the legislation concerns the exercise of specific legislative powers granted to congress by those sections, including the exercise of those powers when delegated by congress to the executive; article i, section 8, clause 18 of the united states constitution, in that the legislation exercises legislative power granted to congress by that clause ``to make all laws which shall be necessary and proper for carrying into execution the foregoing powers, and all other powers vested by this constitution in the government of the united states, or in any department or officer thereof;'' and, article i, section 5, clause 2, of the united states constitution, in that the legislation concerns the powers of each house of congress to determine the rules of its proceedings.",1403
CREC-2016-09-09-pt1-PgH5255-7,CREC-2016-09-09,2016-09-09,Constitutional Authority Statement for H.R. 5981,CREC,HOUSE,H,H,1,https://www.govinfo.gov/app/details/CREC-2016-09-09/CREC-2016-09-09-pt1-PgH5255-7,https://api.govinfo.gov/packages/CREC-2016-09-09/granules/CREC-2016-09-09-pt1-PgH5255-7/htm,https://api.govinfo.gov/packages/CREC-2016-09-09/granules/CREC-2016-09-09-pt1-PgH5255-7/pdf,https://api.govinfo.gov/packages/CREC-2016-09-09/summary,"[Congressional Record Volume 162, Number 136 (Friday, September 9, 2016)] [House] [Page H5255] From the Congressional Record Online through the Government Publishing Office [ www.gpo.gov ] By Ms. VELAZQUEZ: H.R. 5981. Congress has the power to enact this legislation pursuant to the following: Article I, Section 8, Clause 1 ``The Congress shall have Power to lay and collect Taxes, Duties, Imposts and Excises, to pay the Debts and provide for the common Defence and general Welfare of the United States; but all Duties, Imposts and Excises shall be uniform throughout the United States.''",,"[Congressional Record Volume 162, Number 136 (Friday, September 9, 2016)] [House] [Page H5255] From the Congressional Record Online through the Government Publishing Office [ www.gpo.gov ] By Ms. VELAZQUEZ: H.R. 5981. Congress has the power to enact this legislation pursuant to the following: Article I, Section 8, Clause 1 ``The Congress shall have Power to lay and collect Taxes, Duties, Imposts and Excises, to pay the Debts and provide for the common Defence and general Welfare of the United States; but all Duties, Imposts and Excises shall be uniform throughout the United States.''",https://api.govinfo.gov/related/CREC-2016-09-09-pt1-PgH5255-7,CREC,Proceedings of Congress and General Congressional Publications,2025-03-07T17:31:58Z,Congressional Record,package_114_321.csv,590,0,590,"[congressional record volume 162, number 136 (friday, september 9, 2016)] [house] [page h5255] from the congressional record online through the government publishing office [ www.gpo.gov ] by ms. velazquez: h.r. 5981. congress has the power to enact this legislation pursuant to the following: article i, section 8, clause 1 ``the congress shall have power to lay and collect taxes, duties, imposts and excises, to pay the debts and provide for the common defence and general welfare of the united states; but all duties, imposts and excises shall be uniform throughout the united states.''",590
CREC-2016-09-09-pt1-PgH5255-9,CREC-2016-09-09,2016-09-09,Constitutional Authority Statement for H.R. 5983,CREC,HOUSE,H,H,1,https://www.govinfo.gov/app/details/CREC-2016-09-09/CREC-2016-09-09-pt1-PgH5255-9,https://api.govinfo.gov/packages/CREC-2016-09-09/granules/CREC-2016-09-09-pt1-PgH5255-9/htm,https://api.govinfo.gov/packages/CREC-2016-09-09/granules/CREC-2016-09-09-pt1-PgH5255-9/pdf,https://api.govinfo.gov/packages/CREC-2016-09-09/summary,"[Congressional Record Volume 162, Number 136 (Friday, September 9, 2016)] [House] [Page H5255] From the Congressional Record Online through the Government Publishing Office [ www.gpo.gov ] By Mr. HENSARLING: H.R. 5983. Congress has the power to enact this legislation pursuant to the following: Article I, Section 8, Clause 3 (``To regulate Commerce with foreign Nations, and among the several States, and with the Indian Tribes''); Article I, Section 8, Clause 5 (``To coin Money, regulate the Value thereof, and of foreign Coin, and fix the Standard of Weights and Measures''); Article I, Section 8, Clause 6 (``To provide for the Punishment of counterfeiting the Securities and current Coin of the United States''); and Article I, Section 8, Clause 18 (``To make all Laws which shall be necessary and proper for carrying into Execution the foregoing Powers, and all other Powers vested by this Constitution in the Government of the United States or in any Department or Officer thereof.'').",,"[Congressional Record Volume 162, Number 136 (Friday, September 9, 2016)] [House] [Page H5255] From the Congressional Record Online through the Government Publishing Office [ www.gpo.gov ] By Mr. HENSARLING: H.R. 5983. Congress has the power to enact this legislation pursuant to the following: Article I, Section 8, Clause 3 (``To regulate Commerce with foreign Nations, and among the several States, and with the Indian Tribes''); Article I, Section 8, Clause 5 (``To coin Money, regulate the Value thereof, and of foreign Coin, and fix the Standard of Weights and Measures''); Article I, Section 8, Clause 6 (``To provide for the Punishment of counterfeiting the Securities and current Coin of the United States''); and Article I, Section 8, Clause 18 (``To make all Laws which shall be necessary and proper for carrying into Execution the foregoing Powers, and all other Powers vested by this Constitution in the Government of the United States or in any Department or Officer thereof.'').",https://api.govinfo.gov/related/CREC-2016-09-09-pt1-PgH5255-9,CREC,Proceedings of Congress and General Congressional Publications,2025-03-07T17:31:58Z,Congressional Record,package_114_321.csv,993,0,993,"[congressional record volume 162, number 136 (friday, september 9, 2016)] [house] [page h5255] from the congressional record online through the government publishing office [ www.gpo.gov ] by mr. hensarling: h.r. 5983. congress has the power to enact this legislation pursuant to the following: article i, section 8, clause 3 (``to regulate commerce with foreign nations, and among the several states, and with the indian tribes''); article i, section 8, clause 5 (``to coin money, regulate the value thereof, and of foreign coin, and fix the standard of weights and measures''); article i, section 8, clause 6 (``to provide for the punishment of counterfeiting the securities and current coin of the united states''); and article i, section 8, clause 18 (``to make all laws which shall be necessary and proper for carrying into execution the foregoing powers, and all other powers vested by this constitution in the government of the united states or in any department or officer thereof.'').",993
CREC-2016-09-09-pt1-PgH5255-11,CREC-2016-09-09,2016-09-09,Constitutional Authority Statement for H.R. 5985,CREC,HOUSE,H,H,1,https://www.govinfo.gov/app/details/CREC-2016-09-09/CREC-2016-09-09-pt1-PgH5255-11,https://api.govinfo.gov/packages/CREC-2016-09-09/granules/CREC-2016-09-09-pt1-PgH5255-11/htm,https://api.govinfo.gov/packages/CREC-2016-09-09/granules/CREC-2016-09-09-pt1-PgH5255-11/pdf,https://api.govinfo.gov/packages/CREC-2016-09-09/summary,,,,https://api.govinfo.gov/related/CREC-2016-09-09-pt1-PgH5255-11,CREC,Proceedings of Congress and General Congressional Publications,2025-03-07T17:31:58Z,Congressional Record,package_114_321.csv,0,0,0,,0
CREC-2016-09-09-pt1-PgH5255-10,CREC-2016-09-09,2016-09-09,Constitutional Authority Statement for H.R. 5984,CREC,HOUSE,H,H,1,https://www.govinfo.gov/app/details/CREC-2016-09-09/CREC-2016-09-09-pt1-PgH5255-10,https://api.govinfo.gov/packages/CREC-2016-09-09/granules/CREC-2016-09-09-pt1-PgH5255-10/htm,https://api.govinfo.gov/packages/CREC-2016-09-09/granules/CREC-2016-09-09-pt1-PgH5255-10/pdf,https://api.govinfo.gov/packages/CREC-2016-09-09/summary,"[Congressional Record Volume 162, Number 136 (Friday, September 9, 2016)] [House] [Page H5255] From the Congressional Record Online through the Government Publishing Office [ www.gpo.gov ] By Mr. CALVERT: H.R. 5984. Congress has the power to enact this legislation pursuant to the following: The constitutional authority of Congress to enact this legislation is provided by Article I, section 8 of the United States Constitution, specifically clause 18 (relating to the power to make all laws necessary and proper for carrying out the powers vested in Congress).",,"[Congressional Record Volume 162, Number 136 (Friday, September 9, 2016)] [House] [Page H5255] From the Congressional Record Online through the Government Publishing Office [ www.gpo.gov ] By Mr. CALVERT: H.R. 5984. Congress has the power to enact this legislation pursuant to the following: The constitutional authority of Congress to enact this legislation is provided by Article I, section 8 of the United States Constitution, specifically clause 18 (relating to the power to make all laws necessary and proper for carrying out the powers vested in Congress).",https://api.govinfo.gov/related/CREC-2016-09-09-pt1-PgH5255-10,CREC,Proceedings of Congress and General Congressional Publications,2025-03-07T17:31:58Z,Congressional Record,package_114_321.csv,562,0,562,"[congressional record volume 162, number 136 (friday, september 9, 2016)] [house] [page h5255] from the congressional record online through the government publishing office [ www.gpo.gov ] by mr. calvert: h.r. 5984. congress has the power to enact this legislation pursuant to the following: the constitutional authority of congress to enact this legislation is provided by article i, section 8 of the united states constitution, specifically clause 18 (relating to the power to make all laws necessary and proper for carrying out the powers vested in congress).",562
CREC-2016-09-09-pt1-PgH5255-12,CREC-2016-09-09,2016-09-09,Constitutional Authority Statement for H.R. 5986,CREC,HOUSE,H,H,1,https://www.govinfo.gov/app/details/CREC-2016-09-09/CREC-2016-09-09-pt1-PgH5255-12,https://api.govinfo.gov/packages/CREC-2016-09-09/granules/CREC-2016-09-09-pt1-PgH5255-12/htm,https://api.govinfo.gov/packages/CREC-2016-09-09/granules/CREC-2016-09-09-pt1-PgH5255-12/pdf,https://api.govinfo.gov/packages/CREC-2016-09-09/summary,"[Congressional Record Volume 162, Number 136 (Friday, September 9, 2016)] [House] [Page H5255] From the Congressional Record Online through the Government Publishing Office [ www.gpo.gov ] By Mr. CURBELO of Florida: H.R. 5986. Congress has the power to enact this legislation pursuant to the following: Article 1, Section 8, Clause 3, the Commerce Clause",,"[Congressional Record Volume 162, Number 136 (Friday, September 9, 2016)] [House] [Page H5255] From the Congressional Record Online through the Government Publishing Office [ www.gpo.gov ] By Mr. CURBELO of Florida: H.R. 5986. Congress has the power to enact this legislation pursuant to the following: Article 1, Section 8, Clause 3, the Commerce Clause",https://api.govinfo.gov/related/CREC-2016-09-09-pt1-PgH5255-12,CREC,Proceedings of Congress and General Congressional Publications,2025-03-07T17:31:58Z,Congressional Record,package_114_321.csv,354,0,354,"[congressional record volume 162, number 136 (friday, september 9, 2016)] [house] [page h5255] from the congressional record online through the government publishing office [ www.gpo.gov ] by mr. curbelo of florida: h.r. 5986. congress has the power to enact this legislation pursuant to the following: article 1, section 8, clause 3, the commerce clause",354
CREC-2016-09-09-pt1-PgH5256-2,CREC-2016-09-09,2016-09-09,Constitutional Authority Statement for H.R. 5989,CREC,HOUSE,H,H,1,https://www.govinfo.gov/app/details/CREC-2016-09-09/CREC-2016-09-09-pt1-PgH5256-2,https://api.govinfo.gov/packages/CREC-2016-09-09/granules/CREC-2016-09-09-pt1-PgH5256-2/htm,https://api.govinfo.gov/packages/CREC-2016-09-09/granules/CREC-2016-09-09-pt1-PgH5256-2/pdf,https://api.govinfo.gov/packages/CREC-2016-09-09/summary,,,,https://api.govinfo.gov/related/CREC-2016-09-09-pt1-PgH5256-2,CREC,Proceedings of Congress and General Congressional Publications,2025-03-07T17:31:58Z,Congressional Record,package_114_321.csv,0,0,0,,0
CREC-2016-09-09-pt1-PgH5256,CREC-2016-09-09,2016-09-09,Constitutional Authority Statement for H.R. 5988,CREC,HOUSE,H,H,1,https://www.govinfo.gov/app/details/CREC-2016-09-09/CREC-2016-09-09-pt1-PgH5256,https://api.govinfo.gov/packages/CREC-2016-09-09/granules/CREC-2016-09-09-pt1-PgH5256/htm,https://api.govinfo.gov/packages/CREC-2016-09-09/granules/CREC-2016-09-09-pt1-PgH5256/pdf,https://api.govinfo.gov/packages/CREC-2016-09-09/summary,"[Congressional Record Volume 162, Number 136 (Friday, September 9, 2016)] [House] [Page H5256] From the Congressional Record Online through the Government Publishing Office [ www.gpo.gov ] By Mr. COURTNEY: H.R. 5988. Congress has the power to enact this legislation pursuant to the following: Article 1, Section 8.",,"[Congressional Record Volume 162, Number 136 (Friday, September 9, 2016)] [House] [Page H5256] From the Congressional Record Online through the Government Publishing Office [ www.gpo.gov ] By Mr. COURTNEY: H.R. 5988. Congress has the power to enact this legislation pursuant to the following: Article 1, Section 8.",https://api.govinfo.gov/related/CREC-2016-09-09-pt1-PgH5256,CREC,Proceedings of Congress and General Congressional Publications,2025-03-07T17:31:58Z,Congressional Record,package_114_321.csv,314,0,314,"[congressional record volume 162, number 136 (friday, september 9, 2016)] [house] [page h5256] from the congressional record online through the government publishing office [ www.gpo.gov ] by mr. courtney: h.r. 5988. congress has the power to enact this legislation pursuant to the following: article 1, section 8.",314
CREC-2016-09-09-pt1-PgH5256-4,CREC-2016-09-09,2016-09-09,Constitutional Authority Statement for H.R. 5991,CREC,HOUSE,H,H,1,https://www.govinfo.gov/app/details/CREC-2016-09-09/CREC-2016-09-09-pt1-PgH5256-4,https://api.govinfo.gov/packages/CREC-2016-09-09/granules/CREC-2016-09-09-pt1-PgH5256-4/htm,https://api.govinfo.gov/packages/CREC-2016-09-09/granules/CREC-2016-09-09-pt1-PgH5256-4/pdf,https://api.govinfo.gov/packages/CREC-2016-09-09/summary,,,,https://api.govinfo.gov/related/CREC-2016-09-09-pt1-PgH5256-4,CREC,Proceedings of Congress and General Congressional Publications,2025-03-07T17:31:58Z,Congressional Record,package_114_321.csv,0,0,0,,0
CREC-2016-09-09-pt1-PgH5256-3,CREC-2016-09-09,2016-09-09,Constitutional Authority Statement for H.R. 5990,CREC,HOUSE,H,H,1,https://www.govinfo.gov/app/details/CREC-2016-09-09/CREC-2016-09-09-pt1-PgH5256-3,https://api.govinfo.gov/packages/CREC-2016-09-09/granules/CREC-2016-09-09-pt1-PgH5256-3/htm,https://api.govinfo.gov/packages/CREC-2016-09-09/granules/CREC-2016-09-09-pt1-PgH5256-3/pdf,https://api.govinfo.gov/packages/CREC-2016-09-09/summary,"[Congressional Record Volume 162, Number 136 (Friday, September 9, 2016)] [House] [Page H5256] From the Congressional Record Online through the Government Publishing Office [ www.gpo.gov ] By Mr. BEN RAY LUJAN of New Mexico: H.R. 5990. Congress has the power to enact this legislation pursuant to the following: Article I, Section 8, Clause 18 Article I, Section 8, Clause 5",,"[Congressional Record Volume 162, Number 136 (Friday, September 9, 2016)] [House] [Page H5256] From the Congressional Record Online through the Government Publishing Office [ www.gpo.gov ] By Mr. BEN RAY LUJAN of New Mexico: H.R. 5990. Congress has the power to enact this legislation pursuant to the following: Article I, Section 8, Clause 18 Article I, Section 8, Clause 5",https://api.govinfo.gov/related/CREC-2016-09-09-pt1-PgH5256-3,CREC,Proceedings of Congress and General Congressional Publications,2025-03-07T17:31:58Z,Congressional Record,package_114_321.csv,374,0,374,"[congressional record volume 162, number 136 (friday, september 9, 2016)] [house] [page h5256] from the congressional record online through the government publishing office [ www.gpo.gov ] by mr. ben ray lujan of new mexico: h.r. 5990. congress has the power to enact this legislation pursuant to the following: article i, section 8, clause 18 article i, section 8, clause 5",374
CREC-2016-09-09-pt1-PgH5256-5,CREC-2016-09-09,2016-09-09,ADDITIONAL SPONSORS,CREC,HOUSE,H,H,1,https://www.govinfo.gov/app/details/CREC-2016-09-09/CREC-2016-09-09-pt1-PgH5256-5,https://api.govinfo.gov/packages/CREC-2016-09-09/granules/CREC-2016-09-09-pt1-PgH5256-5/htm,https://api.govinfo.gov/packages/CREC-2016-09-09/granules/CREC-2016-09-09-pt1-PgH5256-5/pdf,https://api.govinfo.gov/packages/CREC-2016-09-09/summary,"[Congressional Record Volume 162, Number 136 (Friday, September 9, 2016)] [House] [Page H5256] From the Congressional Record Online through the Government Publishing Office [ www.gpo.gov ] ADDITIONAL SPONSORS Under clause 7 of rule XII, sponsors were added to public bills and resolutions, as follows: H.R. 213: Mr. Peters and Ms. McCollum. H.R. 379: Mr. Doggett, Ms. Lee, Mrs. Carolyn B. Maloney of New York, and Mr. Meeks. H.R. 532: Ms. Schakowsky. H.R. 563: Mr. Sires. H.R. 800: Mr. Langevin. H.R. 814: Mr. Collins of New York. H.R. 842: Mr. Miller of Florida. H.R. 846: Ms. Graham and Mr. Curbelo of Florida. H.R. 921: Mr. Himes and Mr. Kelly of Mississippi. H.R. 1220: Ms. DeGette. H.R. 1343: Mr. Cohen, Mr. Coffman, and Mrs. Carolyn B. Maloney of New York. H.R. 1399: Ms. Loretta Sanchez of California and Mr. McDermott. H.R. 1439: Mr. Walz and Mr. Perlmutter. H.R. 1441: Mr. Kind. H.R. 1460: Ms. Bonamici. H.R. 1538: Mr. Bishop of Georgia. H.R. 1559: Mr. DesJarlais and Mr. Cuellar. H.R. 1571: Ms. Stefanik. H.R. 1594: Mr. Issa. H.R. 1708: Ms. Meng. H.R. 1969: Mrs. Beatty. H.R. 2050: Mr. Emmer of Minnesota. H.R. 2142: Mr. Gibson. H.R. 2293: Mr. Becerra. H.R. 2368: Mr. Perlmutter, Mr. Garamendi, Mr. Capuano, Ms. Ros-Lehtinen, Mrs. Bustos, Mr. Yarmuth, Mr. Larson of Connecticut, Mr. Loebsack, Mrs. Beatty, Ms. Sinema, Mr. Veasey, Mr. Becerra, and Ms. Esty. H.R. 2715: Mr. Veasey. H.R. 2716: Mr. Miller of Florida. H.R. 2799: Mr. Carter of Georgia. H.R. 2846: Mr. Norcross. H.R. 2902: Mr. Becerra, Mr. Capuano, and Mr. Thompson of California. H.R. 3061: Mr. Deutch. H.R. 3068: Mrs. Beatty. H.R. 3099: Mr. Lowenthal, Ms. Loretta Sanchez of California, Mr. Rodney Davis of Illinois, and Mr. Engel. H.R. 3185: Ms. Ros-Lehtinen and Mr. Clay. H.R. 3235: Ms. Kelly of Illinois. H.R. 3268: Mr. Becerra. H.R. 3323: Mrs. Lawrence. H.R. 3378: Mrs. Napolitano. H.R. 3455: Mr. Gutierrez, Ms. DeLauro, Ms. Michelle Lujan Grisham of New Mexico, Ms. McCollum, Mr. Grijalva, and Mr. Van Hollen. H.R. 3520: Mr. King of New York, Mr. Pocan, and Ms. Kaptur. H.R. 3522: Mr. Scott of Virginia and Ms. Moore. H.R. 3599: Mr. Jones. H.R. 3666: Ms. Lofgren. H.R. 3721: Mr. Peters. H.R. 3742: Ms. Herrera Beutler. H.R. 3815: Mr. Guinta. H.R. 3913: Mr. Pompeo. H.R. 3952: Ms. Ros-Lehtinen, H.R. 3991: Mrs. Brooks of Indiana. H.R. 4113: Mr. Levin. H.R. 4479: Mrs. Lowey. H.R. 4514: Mr. Sean Patrick Maloney of New York. H.R. 4526: Mr. Jeffries. H.R. 4537: Mr. DesJarlais. H.R. 4615: Ms. Roybal-Allard and Ms. Titus. H.R. 4621: Mr. Swalwell of California. H.R. 4773: Mr. DeSantis. H.R. 4919: Mr. Tiberi, Mr. Lance, Mr. Price of North Carolina, Mrs. Comstock, Ms. Jenkins of Kansas, and Mr. Honda. H.R. 4938: Mr. Farr, Mr. Delaney, Mr. Culberson, Mr. Wittman, Ms. Eddie Bernice Johnson of Texas, Mr. Yarmuth, and Mr. Miller of Florida. H.R. 5002: Mr. Ryan of Ohio. H.R. 5109: Mr. Sessions. H.R. 5122: Mr. Lance and Mrs. Comstock. H.R. 5166: Mr. Barletta. H.R. 5180: Mr. Miller of Florida. H.R. 5204: Mr. Meehan. H.R. 5215: Mr. Huffman. H.R. 5256: Mr. Swalwell of California, Miss Rice of New York, Ms. Brownley of California, Ms. DelBene, and Mr. Vela. H.R. 5258: Mr. Smith of Washington. H.R. 5271: Mr. Miller of Florida. H.R. 5275: Mr. Calvert. H.R. 5292: Ms. Fudge. H.R. 5321: Ms. DelBene. H.R. 5337: Mr. Bishop of Utah, Mr. Jones, and Mr. Peters. H.R. 5348: Ms. Tsongas. H.R. 5351: Mr. Collins of New York, Mr. Cramer, Mr. Farenthold, Mr. Bucshon, Mr. Rooney of Florida, Mr. Poliquin, Mr. Palmer, Mr. Hardy, Mr. Knight, Mr. King of New York, Mr. Shuster, Mr. Russell, Mr. Buck, Mr. Hill, and Mr. LoBiondo. H.R. 5361: Mr. Perry. H.R. 5365: Mr. Takano. H.R. 5418: Mr. DesJarlais. H.R. 5428: Mr. Miller of Florida. H.R. 5440: Mr. Smith of Missouri. H.R. 5493: Mr. Emmer of Minnesota. H.R. 5499: Mr. Hurd of Texas. H.R. 5501: Mrs. Kirkpatrick, Mr. Hastings, and Mr. Jones. H.R. 5518: Mr. Lowenthal. H.R. 5519: Mr. Lowenthal. H.R. 5568: Ms. McCollum. H.R. 5620: Mr. Kline. H.R. 5632: Ms. Pingree. H.R. 5650: Mr. Gibson. H.R. 5708: Mr. Salmon. H.R. 5721: Mr. Sessions and Mr. Blum. H.R. 5732: Mr. Mooney of West Virginia, Mr. Jenkins of West Virginia, Mr. Brendan F. Boyle of Pennsylvania, and Mrs. Hartzler. H.R. 5756: Mr. Takano. H.R. 5785: Mr. Sessions and Mr. Collins of New York. H.R. 5836: Mr. Miller of Florida. H.R. 5859: Mrs. Brooks of Indiana. H.R. 5867: Mr. Larsen of Washington. H.R. 5879: Mr. Simpson. H.R. 5904: Mr. Burgess, Mr. Sanford, and Mr. Babin. H.R. 5931: Mr. Burgess, Mr. Weber of Texas, Mr. Flores, Mr. Huizenga of Michigan, Mr. King of New York, Mr. Olson, Mrs. Wagner, and Mr. Blum. H.R. 5941: Mr. Graves of Louisiana. H.R. 5942: Mr. Heck of Washington, Mr. Calvert, Mr. Heck of Nevada, Mr. Hastings, Ms. Lofgren, and Mr. Fleischmann. H.R. 5946: Mr. Turner, Mr. Cramer, Mr. Perry, and Mr. Rodney Davis of Illinois. H.R. 5948: Mr. Schiff, Mr. Lowenthal, Mr. Bera, Ms. Eshoo, Mr. Sherman, Mr. Rohrabacher, Ms. Matsui, Mrs. Napolitano, Ms. Hahn, Mr. Huffman, Mr. McNerney, Mr. Garamendi, Ms. Pelosi, Mr. Denham, Ms. Bass, Mr. McCarthy, Ms. Linda T. Sanchez of California, Ms. Loretta Sanchez of California, Ms. Roybal-Allard, Mr. Takano, Ms. Maxine Waters of California, Mr. Honda, Mr. Thompson of California, Mrs. Torres, Mr. Cook, Mr. Farr, Ms. Lofgren, and Mr. Costa. H.R. 5951: Mr. Austin Scott of Georgia and Mr. Collins of Georgia. H.R. 5958: Mr. Miller of Florida. H.R. 5961: Mr. Lipinski, Mr. King of Iowa, Mr. Meadows, and Mr. Vargas. H. J. Res. 94: Mr. Bilirakis and Mr. Stivers. H. Con. Res. 40: Mr. Smith of New Jersey. H. Con. Res. 114: Mr. Newhouse. H. Con. Res. 140: Mr. King of New York, Mr. Thompson of California, Mr. Gibbs, Mr. Luetkemeyer, and Mr. Stivers. H. Con. Res. 141: Mr. Miller of Florida. H. Con. Res. 149: Mr. Katko, Mr. Collins of New York, Ms. DeLauro, Mr. Hastings, Mr. Miller of Florida, and Mr. Newhouse. H. Res. 28: Mr. Young of Alaska. H. Res. 220: Mr. Mulvaney. H. Res. 590: Mr. Tonko. H. Res. 617: Mr. Burgess. H. Res. 729: Ms. Wasserman Schultz. H. Res. 762: Mr. Pallone. H. Res. 829: Mr. Cuellar, Mr. Gene Green of Texas, Mr. Gibson, and Mr. Walz. H. Res. 840: Mr. Veasey. H. Res. 848: Mr. Pocan. H. Res. 850: Mr. Bilirakis and Mr. Benishek. ____________________",,"[Congressional Record Volume 162, Number 136 (Friday, September 9, 2016)] [House] [Page H5256] From the Congressional Record Online through the Government Publishing Office [ www.gpo.gov ] ADDITIONAL SPONSORS Under clause 7 of rule XII, sponsors were added to public bills and resolutions, as follows: H.R. 213: Mr. Peters and Ms. McCollum. H.R. 379: Mr. Doggett, Ms. Lee, Mrs. Carolyn B. Maloney of New York, and Mr. Meeks. H.R. 532: Ms. Schakowsky. H.R. 563: Mr. Sires. H.R. 800: Mr. Langevin. H.R. 814: Mr. Collins of New York. H.R. 842: Mr. Miller of Florida. H.R. 846: Ms. Graham and Mr. Curbelo of Florida. H.R. 921: Mr. Himes and Mr. Kelly of Mississippi. H.R. 1220: Ms. DeGette. H.R. 1343: Mr. Cohen, Mr. Coffman, and Mrs. Carolyn B. Maloney of New York. H.R. 1399: Ms. Loretta Sanchez of California and Mr. McDermott. H.R. 1439: Mr. Walz and Mr. Perlmutter. H.R. 1441: Mr. Kind. H.R. 1460: Ms. Bonamici. H.R. 1538: Mr. Bishop of Georgia. H.R. 1559: Mr. DesJarlais and Mr. Cuellar. H.R. 1571: Ms. Stefanik. H.R. 1594: Mr. Issa. H.R. 1708: Ms. Meng. H.R. 1969: Mrs. Beatty. H.R. 2050: Mr. Emmer of Minnesota. H.R. 2142: Mr. Gibson. H.R. 2293: Mr. Becerra. H.R. 2368: Mr. Perlmutter, Mr. Garamendi, Mr. Capuano, Ms. Ros-Lehtinen, Mrs. Bustos, Mr. Yarmuth, Mr. Larson of Connecticut, Mr. Loebsack, Mrs. Beatty, Ms. Sinema, Mr. Veasey, Mr. Becerra, and Ms. Esty. H.R. 2715: Mr. Veasey. H.R. 2716: Mr. Miller of Florida. H.R. 2799: Mr. Carter of Georgia. H.R. 2846: Mr. Norcross. H.R. 2902: Mr. Becerra, Mr. Capuano, and Mr. Thompson of California. H.R. 3061: Mr. Deutch. H.R. 3068: Mrs. Beatty. H.R. 3099: Mr. Lowenthal, Ms. Loretta Sanchez of California, Mr. Rodney Davis of Illinois, and Mr. Engel. H.R. 3185: Ms. Ros-Lehtinen and Mr. Clay. H.R. 3235: Ms. Kelly of Illinois. H.R. 3268: Mr. Becerra. H.R. 3323: Mrs. Lawrence. H.R. 3378: Mrs. Napolitano. H.R. 3455: Mr. Gutierrez, Ms. DeLauro, Ms. Michelle Lujan Grisham of New Mexico, Ms. McCollum, Mr. Grijalva, and Mr. Van Hollen. H.R. 3520: Mr. King of New York, Mr. Pocan, and Ms. Kaptur. H.R. 3522: Mr. Scott of Virginia and Ms. Moore. H.R. 3599: Mr. Jones. H.R. 3666: Ms. Lofgren. H.R. 3721: Mr. Peters. H.R. 3742: Ms. Herrera Beutler. H.R. 3815: Mr. Guinta. H.R. 3913: Mr. Pompeo. H.R. 3952: Ms. Ros-Lehtinen, H.R. 3991: Mrs. Brooks of Indiana. H.R. 4113: Mr. Levin. H.R. 4479: Mrs. Lowey. H.R. 4514: Mr. Sean Patrick Maloney of New York. H.R. 4526: Mr. Jeffries. H.R. 4537: Mr. DesJarlais. H.R. 4615: Ms. Roybal-Allard and Ms. Titus. H.R. 4621: Mr. Swalwell of California. H.R. 4773: Mr. DeSantis. H.R. 4919: Mr. Tiberi, Mr. Lance, Mr. Price of North Carolina, Mrs. Comstock, Ms. Jenkins of Kansas, and Mr. Honda. H.R. 4938: Mr. Farr, Mr. Delaney, Mr. Culberson, Mr. Wittman, Ms. Eddie Bernice Johnson of Texas, Mr. Yarmuth, and Mr. Miller of Florida. H.R. 5002: Mr. Ryan of Ohio. H.R. 5109: Mr. Sessions. H.R. 5122: Mr. Lance and Mrs. Comstock. H.R. 5166: Mr. Barletta. H.R. 5180: Mr. Miller of Florida. H.R. 5204: Mr. Meehan. H.R. 5215: Mr. Huffman. H.R. 5256: Mr. Swalwell of California, Miss Rice of New York, Ms. Brownley of California, Ms. DelBene, and Mr. Vela. H.R. 5258: Mr. Smith of Washington. H.R. 5271: Mr. Miller of Florida. H.R. 5275: Mr. Calvert. H.R. 5292: Ms. Fudge. H.R. 5321: Ms. DelBene. H.R. 5337: Mr. Bishop of Utah, Mr. Jones, and Mr. Peters. H.R. 5348: Ms. Tsongas. H.R. 5351: Mr. Collins of New York, Mr. Cramer, Mr. Farenthold, Mr. Bucshon, Mr. Rooney of Florida, Mr. Poliquin, Mr. Palmer, Mr. Hardy, Mr. Knight, Mr. King of New York, Mr. Shuster, Mr. Russell, Mr. Buck, Mr. Hill, and Mr. LoBiondo. H.R. 5361: Mr. Perry. H.R. 5365: Mr. Takano. H.R. 5418: Mr. DesJarlais. H.R. 5428: Mr. Miller of Florida. H.R. 5440: Mr. Smith of Missouri. H.R. 5493: Mr. Emmer of Minnesota. H.R. 5499: Mr. Hurd of Texas. H.R. 5501: Mrs. Kirkpatrick, Mr. Hastings, and Mr. Jones. H.R. 5518: Mr. Lowenthal. H.R. 5519: Mr. Lowenthal. H.R. 5568: Ms. McCollum. H.R. 5620: Mr. Kline. H.R. 5632: Ms. Pingree. H.R. 5650: Mr. Gibson. H.R. 5708: Mr. Salmon. H.R. 5721: Mr. Sessions and Mr. Blum. H.R. 5732: Mr. Mooney of West Virginia, Mr. Jenkins of West Virginia, Mr. Brendan F. Boyle of Pennsylvania, and Mrs. Hartzler. H.R. 5756: Mr. Takano. H.R. 5785: Mr. Sessions and Mr. Collins of New York. H.R. 5836: Mr. Miller of Florida. H.R. 5859: Mrs. Brooks of Indiana. H.R. 5867: Mr. Larsen of Washington. H.R. 5879: Mr. Simpson. H.R. 5904: Mr. Burgess, Mr. Sanford, and Mr. Babin. H.R. 5931: Mr. Burgess, Mr. Weber of Texas, Mr. Flores, Mr. Huizenga of Michigan, Mr. King of New York, Mr. Olson, Mrs. Wagner, and Mr. Blum. H.R. 5941: Mr. Graves of Louisiana. H.R. 5942: Mr. Heck of Washington, Mr. Calvert, Mr. Heck of Nevada, Mr. Hastings, Ms. Lofgren, and Mr. Fleischmann. H.R. 5946: Mr. Turner, Mr. Cramer, Mr. Perry, and Mr. Rodney Davis of Illinois. H.R. 5948: Mr. Schiff, Mr. Lowenthal, Mr. Bera, Ms. Eshoo, Mr. Sherman, Mr. Rohrabacher, Ms. Matsui, Mrs. Napolitano, Ms. Hahn, Mr. Huffman, Mr. McNerney, Mr. Garamendi, Ms. Pelosi, Mr. Denham, Ms. Bass, Mr. McCarthy, Ms. Linda T. Sanchez of California, Ms. Loretta Sanchez of California, Ms. Roybal-Allard, Mr. Takano, Ms. Maxine Waters of California, Mr. Honda, Mr. Thompson of California, Mrs. Torres, Mr. Cook, Mr. Farr, Ms. Lofgren, and Mr. Costa. H.R. 5951: Mr. Austin Scott of Georgia and Mr. Collins of Georgia. H.R. 5958: Mr. Miller of Florida. H.R. 5961: Mr. Lipinski, Mr. King of Iowa, Mr. Meadows, and Mr. Vargas. H. J. Res. 94: Mr. Bilirakis and Mr. Stivers. H. Con. Res. 40: Mr. Smith of New Jersey. H. Con. Res. 114: Mr. Newhouse. H. Con. Res. 140: Mr. King of New York, Mr. Thompson of California, Mr. Gibbs, Mr. Luetkemeyer, and Mr. Stivers. H. Con. Res. 141: Mr. Miller of Florida. H. Con. Res. 149: Mr. Katko, Mr. Collins of New York, Ms. DeLauro, Mr. Hastings, Mr. Miller of Florida, and Mr. Newhouse. H. Res. 28: Mr. Young of Alaska. H. Res. 220: Mr. Mulvaney. H. Res. 590: Mr. Tonko. H. Res. 617: Mr. Burgess. H. Res. 729: Ms. Wasserman Schultz. H. Res. 762: Mr. Pallone. H. Res. 829: Mr. Cuellar, Mr. Gene Green of Texas, Mr. Gibson, and Mr. Walz. H. Res. 840: Mr. Veasey. H. Res. 848: Mr. Pocan. H. Res. 850: Mr. Bilirakis and Mr. Benishek. ____________________",https://api.govinfo.gov/related/CREC-2016-09-09-pt1-PgH5256-5,CREC,Proceedings of Congress and General Congressional Publications,2025-03-07T17:31:58Z,Congressional Record,package_114_321.csv,6203,0,6203,"[congressional record volume 162, number 136 (friday, september 9, 2016)] [house] [page h5256] from the congressional record online through the government publishing office [ www.gpo.gov ] additional sponsors under clause 7 of rule xii, sponsors were added to public bills and resolutions, as follows: h.r. 213: mr. peters and ms. mccollum. h.r. 379: mr. doggett, ms. lee, mrs. carolyn b. maloney of new york, and mr. meeks. h.r. 532: ms. schakowsky. h.r. 563: mr. sires. h.r. 800: mr. langevin. h.r. 814: mr. collins of new york. h.r. 842: mr. miller of florida. h.r. 846: ms. graham and mr. curbelo of florida. h.r. 921: mr. himes and mr. kelly of mississippi. h.r. 1220: ms. degette. h.r. 1343: mr. cohen, mr. coffman, and mrs. carolyn b. maloney of new york. h.r. 1399: ms. loretta sanchez of california and mr. mcdermott. h.r. 1439: mr. walz and mr. perlmutter. h.r. 1441: mr. kind. h.r. 1460: ms. bonamici. h.r. 1538: mr. bishop of georgia. h.r. 1559: mr. desjarlais and mr. cuellar. h.r. 1571: ms. stefanik. h.r. 1594: mr. issa. h.r. 1708: ms. meng. h.r. 1969: mrs. beatty. h.r. 2050: mr. emmer of minnesota. h.r. 2142: mr. gibson. h.r. 2293: mr. becerra. h.r. 2368: mr. perlmutter, mr. garamendi, mr. capuano, ms. ros-lehtinen, mrs. bustos, mr. yarmuth, mr. larson of connecticut, mr. loebsack, mrs. beatty, ms. sinema, mr. veasey, mr. becerra, and ms. esty. h.r. 2715: mr. veasey. h.r. 2716: mr. miller of florida. h.r. 2799: mr. carter of georgia. h.r. 2846: mr. norcross. h.r. 2902: mr. becerra, mr. capuano, and mr. thompson of california. h.r. 3061: mr. deutch. h.r. 3068: mrs. beatty. h.r. 3099: mr. lowenthal, ms. loretta sanchez of california, mr. rodney davis of illinois, and mr. engel. h.r. 3185: ms. ros-lehtinen and mr. clay. h.r. 3235: ms. kelly of illinois. h.r. 3268: mr. becerra. h.r. 3323: mrs. lawrence. h.r. 3378: mrs. napolitano. h.r. 3455: mr. gutierrez, ms. delauro, ms. michelle lujan grisham of new mexico, ms. mccollum, mr. grijalva, and mr. van hollen. h.r. 3520: mr. king of new york, mr. pocan, and ms. kaptur. h.r. 3522: mr. scott of virginia and ms. moore. h.r. 3599: mr. jones. h.r. 3666: ms. lofgren. h.r. 3721: mr. peters. h.r. 3742: ms. herrera beutler. h.r. 3815: mr. guinta. h.r. 3913: mr. pompeo. h.r. 3952: ms. ros-lehtinen, h.r. 3991: mrs. brooks of indiana. h.r. 4113: mr. levin. h.r. 4479: mrs. lowey. h.r. 4514: mr. sean patrick maloney of new york. h.r. 4526: mr. jeffries. h.r. 4537: mr. desjarlais. h.r. 4615: ms. roybal-allard and ms. titus. h.r. 4621: mr. swalwell of california. h.r. 4773: mr. desantis. h.r. 4919: mr. tiberi, mr. lance, mr. price of north carolina, mrs. comstock, ms. jenkins of kansas, and mr. honda. h.r. 4938: mr. farr, mr. delaney, mr. culberson, mr. wittman, ms. eddie bernice johnson of texas, mr. yarmuth, and mr. miller of florida. h.r. 5002: mr. ryan of ohio. h.r. 5109: mr. sessions. h.r. 5122: mr. lance and mrs. comstock. h.r. 5166: mr. barletta. h.r. 5180: mr. miller of florida. h.r. 5204: mr. meehan. h.r. 5215: mr. huffman. h.r. 5256: mr. swalwell of california, miss rice of new york, ms. brownley of california, ms. delbene, and mr. vela. h.r. 5258: mr. smith of washington. h.r. 5271: mr. miller of florida. h.r. 5275: mr. calvert. h.r. 5292: ms. fudge. h.r. 5321: ms. delbene. h.r. 5337: mr. bishop of utah, mr. jones, and mr. peters. h.r. 5348: ms. tsongas. h.r. 5351: mr. collins of new york, mr. cramer, mr. farenthold, mr. bucshon, mr. rooney of florida, mr. poliquin, mr. palmer, mr. hardy, mr. knight, mr. king of new york, mr. shuster, mr. russell, mr. buck, mr. hill, and mr. lobiondo. h.r. 5361: mr. perry. h.r. 5365: mr. takano. h.r. 5418: mr. desjarlais. h.r. 5428: mr. miller of florida. h.r. 5440: mr. smith of missouri. h.r. 5493: mr. emmer of minnesota. h.r. 5499: mr. hurd of texas. h.r. 5501: mrs. kirkpatrick, mr. hastings, and mr. jones. h.r. 5518: mr. lowenthal. h.r. 5519: mr. lowenthal. h.r. 5568: ms. mccollum. h.r. 5620: mr. kline. h.r. 5632: ms. pingree. h.r. 5650: mr. gibson. h.r. 5708: mr. salmon. h.r. 5721: mr. sessions and mr. blum. h.r. 5732: mr. mooney of west virginia, mr. jenkins of west virginia, mr. brendan f. boyle of pennsylvania, and mrs. hartzler. h.r. 5756: mr. takano. h.r. 5785: mr. sessions and mr. collins of new york. h.r. 5836: mr. miller of florida. h.r. 5859: mrs. brooks of indiana. h.r. 5867: mr. larsen of washington. h.r. 5879: mr. simpson. h.r. 5904: mr. burgess, mr. sanford, and mr. babin. h.r. 5931: mr. burgess, mr. weber of texas, mr. flores, mr. huizenga of michigan, mr. king of new york, mr. olson, mrs. wagner, and mr. blum. h.r. 5941: mr. graves of louisiana. h.r. 5942: mr. heck of washington, mr. calvert, mr. heck of nevada, mr. hastings, ms. lofgren, and mr. fleischmann. h.r. 5946: mr. turner, mr. cramer, mr. perry, and mr. rodney davis of illinois. h.r. 5948: mr. schiff, mr. lowenthal, mr. bera, ms. eshoo, mr. sherman, mr. rohrabacher, ms. matsui, mrs. napolitano, ms. hahn, mr. huffman, mr. mcnerney, mr. garamendi, ms. pelosi, mr. denham, ms. bass, mr. mccarthy, ms. linda t. sanchez of california, ms. loretta sanchez of california, ms. roybal-allard, mr. takano, ms. maxine waters of california, mr. honda, mr. thompson of california, mrs. torres, mr. cook, mr. farr, ms. lofgren, and mr. costa. h.r. 5951: mr. austin scott of georgia and mr. collins of georgia. h.r. 5958: mr. miller of florida. h.r. 5961: mr. lipinski, mr. king of iowa, mr. meadows, and mr. vargas. h. j. res. 94: mr. bilirakis and mr. stivers. h. con. res. 40: mr. smith of new jersey. h. con. res. 114: mr. newhouse. h. con. res. 140: mr. king of new york, mr. thompson of california, mr. gibbs, mr. luetkemeyer, and mr. stivers. h. con. res. 141: mr. miller of florida. h. con. res. 149: mr. katko, mr. collins of new york, ms. delauro, mr. hastings, mr. miller of florida, and mr. newhouse. h. res. 28: mr. young of alaska. h. res. 220: mr. mulvaney. h. res. 590: mr. tonko. h. res. 617: mr. burgess. h. res. 729: ms. wasserman schultz. h. res. 762: mr. pallone. h. res. 829: mr. cuellar, mr. gene green of texas, mr. gibson, and mr. walz. h. res. 840: mr. veasey. h. res. 848: mr. pocan. h. res. 850: mr. bilirakis and mr. benishek. ____________________",6203
CREC-2016-09-09-pt1-PgH5256-6,CREC-2016-09-09,2016-09-09,"CONGRESSIONAL EARMARKS, LIMITED TAX BENEFITS, OR LIMITED TARIFF BENEFITS",CREC,HOUSE,H,H,1,https://www.govinfo.gov/app/details/CREC-2016-09-09/CREC-2016-09-09-pt1-PgH5256-6,https://api.govinfo.gov/packages/CREC-2016-09-09/granules/CREC-2016-09-09-pt1-PgH5256-6/htm,https://api.govinfo.gov/packages/CREC-2016-09-09/granules/CREC-2016-09-09-pt1-PgH5256-6/pdf,https://api.govinfo.gov/packages/CREC-2016-09-09/summary,,,,https://api.govinfo.gov/related/CREC-2016-09-09-pt1-PgH5256-6,CREC,Proceedings of Congress and General Congressional Publications,2025-03-07T17:31:58Z,Congressional Record,package_114_321.csv,0,0,0,,0
CREC-2016-09-09-pt1-PgE1231-2,CREC-2016-09-09,2016-09-07,STOP SETTLEMENT SLUSH FUNDS ACT OF 2016,CREC,EXTENSIONS,E,E,1,https://www.govinfo.gov/app/details/CREC-2016-09-09/CREC-2016-09-09-pt1-PgE1231-2,https://api.govinfo.gov/packages/CREC-2016-09-09/granules/CREC-2016-09-09-pt1-PgE1231-2/htm,https://api.govinfo.gov/packages/CREC-2016-09-09/granules/CREC-2016-09-09-pt1-PgE1231-2/pdf,https://api.govinfo.gov/packages/CREC-2016-09-09/summary,,,,https://api.govinfo.gov/related/CREC-2016-09-09-pt1-PgE1231-2,CREC,Proceedings of Congress and General Congressional Publications,2025-03-07T17:31:58Z,Congressional Record,package_114_321.csv,0,0,0,,0
CREC-2016-09-09-pt1-PgH5256-7,CREC-2016-09-09,2016-09-09,DISCHARGE PETITIONS--ADDITIONS AND WITHDRAWALS,CREC,HOUSE,H,H,1,https://www.govinfo.gov/app/details/CREC-2016-09-09/CREC-2016-09-09-pt1-PgH5256-7,https://api.govinfo.gov/packages/CREC-2016-09-09/granules/CREC-2016-09-09-pt1-PgH5256-7/htm,https://api.govinfo.gov/packages/CREC-2016-09-09/granules/CREC-2016-09-09-pt1-PgH5256-7/pdf,https://api.govinfo.gov/packages/CREC-2016-09-09/summary,,,,https://api.govinfo.gov/related/CREC-2016-09-09-pt1-PgH5256-7,CREC,Proceedings of Congress and General Congressional Publications,2025-03-07T17:31:58Z,Congressional Record,package_114_321.csv,0,0,0,,0
CREC-2016-09-09-pt1-PgH5255-13,CREC-2016-09-09,2016-09-09,Constitutional Authority Statement for H.R. 5987,CREC,HOUSE,H,H,1,https://www.govinfo.gov/app/details/CREC-2016-09-09/CREC-2016-09-09-pt1-PgH5255-13,https://api.govinfo.gov/packages/CREC-2016-09-09/granules/CREC-2016-09-09-pt1-PgH5255-13/htm,https://api.govinfo.gov/packages/CREC-2016-09-09/granules/CREC-2016-09-09-pt1-PgH5255-13/pdf,https://api.govinfo.gov/packages/CREC-2016-09-09/summary,"[Congressional Record Volume 162, Number 136 (Friday, September 9, 2016)] [House] [Pages H5255-H5256] From the Congressional Record Online through the Government Publishing Office [ www.gpo.gov ] By Mr. MEADOWS: H.R. 5987. [[Page H5256]] Congress has the power to enact this legislation pursuant to the following: Article IV, Section 3, Clause 2",,"[Congressional Record Volume 162, Number 136 (Friday, September 9, 2016)] [House] [Pages H5255-H5256] From the Congressional Record Online through the Government Publishing Office [ www.gpo.gov ] By Mr. MEADOWS: H.R. 5987. [[Page H5256]] Congress has the power to enact this legislation pursuant to the following: Article IV, Section 3, Clause 2",https://api.govinfo.gov/related/CREC-2016-09-09-pt1-PgH5255-13,CREC,Proceedings of Congress and General Congressional Publications,2025-03-07T17:31:58Z,Congressional Record,package_114_321.csv,345,0,345,"[congressional record volume 162, number 136 (friday, september 9, 2016)] [house] [pages h5255-h5256] from the congressional record online through the government publishing office [ www.gpo.gov ] by mr. meadows: h.r. 5987. [[page h5256]] congress has the power to enact this legislation pursuant to the following: article iv, section 3, clause 2",345
CREC-2016-09-09-pt1-PgE1231-3,CREC-2016-09-09,2016-09-08,COMMEMORATING THE LIFE OF PHYLLIS SCHLAFLY,CREC,EXTENSIONS,E,E,1,https://www.govinfo.gov/app/details/CREC-2016-09-09/CREC-2016-09-09-pt1-PgE1231-3,https://api.govinfo.gov/packages/CREC-2016-09-09/granules/CREC-2016-09-09-pt1-PgE1231-3/htm,https://api.govinfo.gov/packages/CREC-2016-09-09/granules/CREC-2016-09-09-pt1-PgE1231-3/pdf,https://api.govinfo.gov/packages/CREC-2016-09-09/summary,"[Congressional Record Volume 162, Number 136 (Friday, September 9, 2016)] [Extensions of Remarks] [Page E1231] From the Congressional Record Online through the Government Publishing Office [ www.gpo.gov ] COMMEMORATING THE LIFE OF PHYLLIS SCHLAFLY ______ speech of HON. BRIAN BABIN of texas in the house of representatives Thursday, September 8, 2016 Mr. BABIN. Madam Speaker, I rise today to honor the life and legacy of conservative icon and founder of the Eagle Forum Phyllis Schlafly. Phyllis Schlafly was a courageous and determined leader who spent her entire adult life fighting for America and our traditional family values. She stood up and spoke up when others did not. She was a fearless and outspoken defender of the unborn--and a leading voice in protecting America's sovereignty and supporting the U.S. military. Until her final day on Earth, Phyllis Schlafly fought tirelessly for these commonsense principles and the conservative foundations that have made America strong. She never stopped exposing the absurdity of the liberal left and the appalling failures of the policies they advocate. Often referred to as the ``First Lady of the Conservative Movement,'' Phyllis Schlafly's leadership, candor and tenacity was a breath of fresh air--and it will be greatly missed. While we have lost a powerful voice and advocate for the American people, we can be certain that Phyllis Schlafly's tremendous pride in America and passion for the conservative movement will undoubtedly live on and continue to inspire future conservative leaders for generations to come. My thoughts and prayers are with the entire Schlafly family during this very difficult time. On behalf of the many Americans she inspired, we say thank you. ____________________",,"[Congressional Record Volume 162, Number 136 (Friday, September 9, 2016)] [Extensions of Remarks] [Page E1231] From the Congressional Record Online through the Government Publishing Office [ www.gpo.gov ] COMMEMORATING THE LIFE OF PHYLLIS SCHLAFLY ______ speech of HON. BRIAN BABIN of texas in the house of representatives Thursday, September 8, 2016 Mr. BABIN. Madam Speaker, I rise today to honor the life and legacy of conservative icon and founder of the Eagle Forum Phyllis Schlafly. Phyllis Schlafly was a courageous and determined leader who spent her entire adult life fighting for America and our traditional family values. She stood up and spoke up when others did not. She was a fearless and outspoken defender of the unborn--and a leading voice in protecting America's sovereignty and supporting the U.S. military. Until her final day on Earth, Phyllis Schlafly fought tirelessly for these commonsense principles and the conservative foundations that have made America strong. She never stopped exposing the absurdity of the liberal left and the appalling failures of the policies they advocate. Often referred to as the ``First Lady of the Conservative Movement,'' Phyllis Schlafly's leadership, candor and tenacity was a breath of fresh air--and it will be greatly missed. While we have lost a powerful voice and advocate for the American people, we can be certain that Phyllis Schlafly's tremendous pride in America and passion for the conservative movement will undoubtedly live on and continue to inspire future conservative leaders for generations to come. My thoughts and prayers are with the entire Schlafly family during this very difficult time. On behalf of the many Americans she inspired, we say thank you. ____________________",https://api.govinfo.gov/related/CREC-2016-09-09-pt1-PgE1231-3,CREC,Proceedings of Congress and General Congressional Publications,2025-03-07T17:31:58Z,Congressional Record,package_114_321.csv,1752,0,1752,"[congressional record volume 162, number 136 (friday, september 9, 2016)] [extensions of remarks] [page e1231] from the congressional record online through the government publishing office [ www.gpo.gov ] commemorating the life of phyllis schlafly ______ speech of hon. brian babin of texas in the house of representatives thursday, september 8, 2016 mr. babin. madam speaker, i rise today to honor the life and legacy of conservative icon and founder of the eagle forum phyllis schlafly. phyllis schlafly was a courageous and determined leader who spent her entire adult life fighting for america and our traditional family values. she stood up and spoke up when others did not. she was a fearless and outspoken defender of the unborn--and a leading voice in protecting america's sovereignty and supporting the u.s. military. until her final day on earth, phyllis schlafly fought tirelessly for these commonsense principles and the conservative foundations that have made america strong. she never stopped exposing the absurdity of the liberal left and the appalling failures of the policies they advocate. often referred to as the ``first lady of the conservative movement,'' phyllis schlafly's leadership, candor and tenacity was a breath of fresh air--and it will be greatly missed. while we have lost a powerful voice and advocate for the american people, we can be certain that phyllis schlafly's tremendous pride in america and passion for the conservative movement will undoubtedly live on and continue to inspire future conservative leaders for generations to come. my thoughts and prayers are with the entire schlafly family during this very difficult time. on behalf of the many americans she inspired, we say thank you. ____________________",1752
CREC-2016-09-09-pt1-PgE1231-4,CREC-2016-09-09,2016-09-09,INTRODUCING THE IRAQ AND SYRIA GENOCIDE RELIEF AND ACCOUNTABILITY ACT OF 2016,CREC,EXTENSIONS,E,E,1,https://www.govinfo.gov/app/details/CREC-2016-09-09/CREC-2016-09-09-pt1-PgE1231-4,https://api.govinfo.gov/packages/CREC-2016-09-09/granules/CREC-2016-09-09-pt1-PgE1231-4/htm,https://api.govinfo.gov/packages/CREC-2016-09-09/granules/CREC-2016-09-09-pt1-PgE1231-4/pdf,https://api.govinfo.gov/packages/CREC-2016-09-09/summary,"[Congressional Record Volume 162, Number 136 (Friday, September 9, 2016)] [Extensions of Remarks] [Pages E1231-E1232] From the Congressional Record Online through the Government Publishing Office [ www.gpo.gov ] INTRODUCING THE IRAQ AND SYRIA GENOCIDE RELIEF AND ACCOUNTABILITY ACT OF 2016 ______ HON. CHRISTOPHER H. SMITH of new jersey in the house of representatives Friday, September 9, 2016 Mr. SMITH of New Jersey. Mr. Speaker, I rise today to introduce H.R. 5961, the Iraq and Syria Genocide Relief and Accountability Act of 2016. Since ISIS' blitzkrieg across the multiethnic and religiously diverse mosaic of eastern Syria and western Iraq in 2014, I have chaired four hearings focused on the implications of this appalling advance for religious and ethnic minorities in those areas. Events in the region and the expert testimony of witnesses quickly revealed that ISIS was not merely focused on territorial conquest--the group was ideologically committed to exterminating ancient religious communities and cleansing its self-proclaimed caliphate of anything but its vicious and fundamentalist interpretation of Islam. Many of my colleagues and I were certain early on that ISIS was committing genocide. We pressed the Administration to formally acknowledge that fact until the Secretary of State did so in March of this year. But the most pressing question issue has always been the lives of those religious minorities right now that face extinction under this tyranny of terror. The Iraq and Syria Genocide Relief and Accountability Act of 2016 is an answer to the question of what the United States can do to mitigate this suffering, save lives, and build a more sustainable future for Syria and Iraq. The bill tackles this overwhelming challenge on three fronts by directing the Administration to take additional measures to improve the lives of displaced genocide survivors, provide some of them with an additional lifeline to escape their war torn lands, and support efforts that will help preserve the presence of religious minority communities in those areas for years to come. In a hearing this May that I chaired called ``The ISIS Genocide Declaration: What Next?'' [[Page E1232]] Carl Anderson, Supreme Knight of the Knights of Columbus--who has been a leader in drawing attention to the plight of Christians in this conflict--testified that ``Repeatedly we hear from Church leaders in the region that Christians--and other genocide survivors--are last in line for assistance from governments.'' We can and must do better. To that end, H.R. 5961 requires the Administration to assess and address the humanitarian vulnerabilities, needs, and triggers to flee, of religious and ethnic communities that were targeted for genocide or otherwise severely persecuted. It directs the Administration to fund entities that are effectively providing assistance to these communities and guarantees that faith-based organizations on the ground are not excluded from U.S. assistance. One such example is the Chaldean Catholic Archdiocese of Erbil, which provides assistance to internally displaced families of Yezidis, Muslims, and Christians, including food and resettlement from tents to permanent housing, as well as rental assistance, for Yezidis, medical care and education to Yezidis and Muslims through its clinics, schools, and university--which are open to everyone. The Archdiocese provides some form of each of these kinds of assistance to all of the estimated 10,500 internally displaced Christian families in the greater Erbil region. Yet as it provides these critical services, it has not received a single penny from any government. H.R. 5961 is clear that the Administration must be supporting entities, regardless of whether they are faith-based, that are heroically providing assistance to genocide survivors on the ground. In recognition of the extraordinary suffering of these religious and ethnic communities, and their extraordinary vulnerability to persecution, H.R. 5961 requires the Administration to create a Priority Two, or ``P-2,'' visa category of special humanitarian concern that would provide one additional avenue for genocide survivors to seek resettlement in the United States through the U.S. Refugee Admissions Program. It is important to note that this is not a ``fast track'' to resettlement--P-2 applicants undergo the same security screening as all refugee applicants. But this special category allows them to access an overseas interview wherever the United States interviews refugee applicants, without needing a referral from the UN, an NGO, or a US Embassy, as is usually the case. This bill also addresses a critical factor that will influence the continued presence of smaller, vulnerable religious communities in Syria and Iraq beyond this conflict: accountability for those who perpetrate heinous crimes against them. H.R. 5961 directs the Administration to prioritize supporting the criminal investigation, prosecution, and conviction of perpetrators of genocide, crimes against humanity, and war crimes. These efforts will be focused on funding and supporting entities that are conducting criminal investigations, building Syrian and Iraqi investigative and judicial capacity, or collecting and preserving evidence for eventual use in domestic courts, hybrid courts, or internationalized domestic courts. Whether they are members of the Assad regime, ISIS, or some of the Popular Mobilization Brigades in Iraq, there can be no impunity for individuals who committed these dreadful crimes. H.R. 5961 also directs the Administration to identify gaps in our criminal statutes to facilitate the prosecution of American perpetrators, and non-Americans present in the United States, of crimes against humanity and war crimes. Without accountability, without humanitarian assistance reaching these religious and ethnic communities, we risk losing the invaluable, ancient presence of these communities in these countries altogether. This will feed violent extremism and dim the future of Iraq and Syria. I urge my House colleagues to support this measure that will deliver immediate assistance to genocide survivors, help prosecute and punish perpetrators, and invest in a sustainable future for these persecuted religious and ethnic communities in the lands in which they have lived for so many generations. ____________________",,"[Congressional Record Volume 162, Number 136 (Friday, September 9, 2016)] [Extensions of Remarks] [Pages E1231-E1232] From the Congressional Record Online through the Government Publishing Office [ www.gpo.gov ] INTRODUCING THE IRAQ AND SYRIA GENOCIDE RELIEF AND ACCOUNTABILITY ACT OF 2016 ______ HON. CHRISTOPHER H. SMITH of new jersey in the house of representatives Friday, September 9, 2016 Mr. SMITH of New Jersey. Mr. Speaker, I rise today to introduce H.R. 5961, the Iraq and Syria Genocide Relief and Accountability Act of 2016. Since ISIS' blitzkrieg across the multiethnic and religiously diverse mosaic of eastern Syria and western Iraq in 2014, I have chaired four hearings focused on the implications of this appalling advance for religious and ethnic minorities in those areas. Events in the region and the expert testimony of witnesses quickly revealed that ISIS was not merely focused on territorial conquest--the group was ideologically committed to exterminating ancient religious communities and cleansing its self-proclaimed caliphate of anything but its vicious and fundamentalist interpretation of Islam. Many of my colleagues and I were certain early on that ISIS was committing genocide. We pressed the Administration to formally acknowledge that fact until the Secretary of State did so in March of this year. But the most pressing question issue has always been the lives of those religious minorities right now that face extinction under this tyranny of terror. The Iraq and Syria Genocide Relief and Accountability Act of 2016 is an answer to the question of what the United States can do to mitigate this suffering, save lives, and build a more sustainable future for Syria and Iraq. The bill tackles this overwhelming challenge on three fronts by directing the Administration to take additional measures to improve the lives of displaced genocide survivors, provide some of them with an additional lifeline to escape their war torn lands, and support efforts that will help preserve the presence of religious minority communities in those areas for years to come. In a hearing this May that I chaired called ``The ISIS Genocide Declaration: What Next?'' [[Page E1232]] Carl Anderson, Supreme Knight of the Knights of Columbus--who has been a leader in drawing attention to the plight of Christians in this conflict--testified that ``Repeatedly we hear from Church leaders in the region that Christians--and other genocide survivors--are last in line for assistance from governments.'' We can and must do better. To that end, H.R. 5961 requires the Administration to assess and address the humanitarian vulnerabilities, needs, and triggers to flee, of religious and ethnic communities that were targeted for genocide or otherwise severely persecuted. It directs the Administration to fund entities that are effectively providing assistance to these communities and guarantees that faith-based organizations on the ground are not excluded from U.S. assistance. One such example is the Chaldean Catholic Archdiocese of Erbil, which provides assistance to internally displaced families of Yezidis, Muslims, and Christians, including food and resettlement from tents to permanent housing, as well as rental assistance, for Yezidis, medical care and education to Yezidis and Muslims through its clinics, schools, and university--which are open to everyone. The Archdiocese provides some form of each of these kinds of assistance to all of the estimated 10,500 internally displaced Christian families in the greater Erbil region. Yet as it provides these critical services, it has not received a single penny from any government. H.R. 5961 is clear that the Administration must be supporting entities, regardless of whether they are faith-based, that are heroically providing assistance to genocide survivors on the ground. In recognition of the extraordinary suffering of these religious and ethnic communities, and their extraordinary vulnerability to persecution, H.R. 5961 requires the Administration to create a Priority Two, or ``P-2,'' visa category of special humanitarian concern that would provide one additional avenue for genocide survivors to seek resettlement in the United States through the U.S. Refugee Admissions Program. It is important to note that this is not a ``fast track'' to resettlement--P-2 applicants undergo the same security screening as all refugee applicants. But this special category allows them to access an overseas interview wherever the United States interviews refugee applicants, without needing a referral from the UN, an NGO, or a US Embassy, as is usually the case. This bill also addresses a critical factor that will influence the continued presence of smaller, vulnerable religious communities in Syria and Iraq beyond this conflict: accountability for those who perpetrate heinous crimes against them. H.R. 5961 directs the Administration to prioritize supporting the criminal investigation, prosecution, and conviction of perpetrators of genocide, crimes against humanity, and war crimes. These efforts will be focused on funding and supporting entities that are conducting criminal investigations, building Syrian and Iraqi investigative and judicial capacity, or collecting and preserving evidence for eventual use in domestic courts, hybrid courts, or internationalized domestic courts. Whether they are members of the Assad regime, ISIS, or some of the Popular Mobilization Brigades in Iraq, there can be no impunity for individuals who committed these dreadful crimes. H.R. 5961 also directs the Administration to identify gaps in our criminal statutes to facilitate the prosecution of American perpetrators, and non-Americans present in the United States, of crimes against humanity and war crimes. Without accountability, without humanitarian assistance reaching these religious and ethnic communities, we risk losing the invaluable, ancient presence of these communities in these countries altogether. This will feed violent extremism and dim the future of Iraq and Syria. I urge my House colleagues to support this measure that will deliver immediate assistance to genocide survivors, help prosecute and punish perpetrators, and invest in a sustainable future for these persecuted religious and ethnic communities in the lands in which they have lived for so many generations. ____________________",https://api.govinfo.gov/related/CREC-2016-09-09-pt1-PgE1231-4,CREC,Proceedings of Congress and General Congressional Publications,2025-03-07T17:31:58Z,Congressional Record,package_114_321.csv,6378,0,6378,"[congressional record volume 162, number 136 (friday, september 9, 2016)] [extensions of remarks] [pages e1231-e1232] from the congressional record online through the government publishing office [ www.gpo.gov ] introducing the iraq and syria genocide relief and accountability act of 2016 ______ hon. christopher h. smith of new jersey in the house of representatives friday, september 9, 2016 mr. smith of new jersey. mr. speaker, i rise today to introduce h.r. 5961, the iraq and syria genocide relief and accountability act of 2016. since isis' blitzkrieg across the multiethnic and religiously diverse mosaic of eastern syria and western iraq in 2014, i have chaired four hearings focused on the implications of this appalling advance for religious and ethnic minorities in those areas. events in the region and the expert testimony of witnesses quickly revealed that isis was not merely focused on territorial conquest--the group was ideologically committed to exterminating ancient religious communities and cleansing its self-proclaimed caliphate of anything but its vicious and fundamentalist interpretation of islam. many of my colleagues and i were certain early on that isis was committing genocide. we pressed the administration to formally acknowledge that fact until the secretary of state did so in march of this year. but the most pressing question issue has always been the lives of those religious minorities right now that face extinction under this tyranny of terror. the iraq and syria genocide relief and accountability act of 2016 is an answer to the question of what the united states can do to mitigate this suffering, save lives, and build a more sustainable future for syria and iraq. the bill tackles this overwhelming challenge on three fronts by directing the administration to take additional measures to improve the lives of displaced genocide survivors, provide some of them with an additional lifeline to escape their war torn lands, and support efforts that will help preserve the presence of religious minority communities in those areas for years to come. in a hearing this may that i chaired called ``the isis genocide declaration: what next?'' [[page e1232]] carl anderson, supreme knight of the knights of columbus--who has been a leader in drawing attention to the plight of christians in this conflict--testified that ``repeatedly we hear from church leaders in the region that christians--and other genocide survivors--are last in line for assistance from governments.'' we can and must do better. to that end, h.r. 5961 requires the administration to assess and address the humanitarian vulnerabilities, needs, and triggers to flee, of religious and ethnic communities that were targeted for genocide or otherwise severely persecuted. it directs the administration to fund entities that are effectively providing assistance to these communities and guarantees that faith-based organizations on the ground are not excluded from u.s. assistance. one such example is the chaldean catholic archdiocese of erbil, which provides assistance to internally displaced families of yezidis, muslims, and christians, including food and resettlement from tents to permanent housing, as well as rental assistance, for yezidis, medical care and education to yezidis and muslims through its clinics, schools, and university--which are open to everyone. the archdiocese provides some form of each of these kinds of assistance to all of the estimated 10,500 internally displaced christian families in the greater erbil region. yet as it provides these critical services, it has not received a single penny from any government. h.r. 5961 is clear that the administration must be supporting entities, regardless of whether they are faith-based, that are heroically providing assistance to genocide survivors on the ground. in recognition of the extraordinary suffering of these religious and ethnic communities, and their extraordinary vulnerability to persecution, h.r. 5961 requires the administration to create a priority two, or ``p-2,'' visa category of special humanitarian concern that would provide one additional avenue for genocide survivors to seek resettlement in the united states through the u.s. refugee admissions program. it is important to note that this is not a ``fast track'' to resettlement--p-2 applicants undergo the same security screening as all refugee applicants. but this special category allows them to access an overseas interview wherever the united states interviews refugee applicants, without needing a referral from the un, an ngo, or a us embassy, as is usually the case. this bill also addresses a critical factor that will influence the continued presence of smaller, vulnerable religious communities in syria and iraq beyond this conflict: accountability for those who perpetrate heinous crimes against them. h.r. 5961 directs the administration to prioritize supporting the criminal investigation, prosecution, and conviction of perpetrators of genocide, crimes against humanity, and war crimes. these efforts will be focused on funding and supporting entities that are conducting criminal investigations, building syrian and iraqi investigative and judicial capacity, or collecting and preserving evidence for eventual use in domestic courts, hybrid courts, or internationalized domestic courts. whether they are members of the assad regime, isis, or some of the popular mobilization brigades in iraq, there can be no impunity for individuals who committed these dreadful crimes. h.r. 5961 also directs the administration to identify gaps in our criminal statutes to facilitate the prosecution of american perpetrators, and non-americans present in the united states, of crimes against humanity and war crimes. without accountability, without humanitarian assistance reaching these religious and ethnic communities, we risk losing the invaluable, ancient presence of these communities in these countries altogether. this will feed violent extremism and dim the future of iraq and syria. i urge my house colleagues to support this measure that will deliver immediate assistance to genocide survivors, help prosecute and punish perpetrators, and invest in a sustainable future for these persecuted religious and ethnic communities in the lands in which they have lived for so many generations. ____________________",6378
CREC-2016-09-09-pt1-PgE1232,CREC-2016-09-09,2016-09-09,PAYING TRIBUTE TO ED MORLAN,CREC,EXTENSIONS,E,E,1,https://www.govinfo.gov/app/details/CREC-2016-09-09/CREC-2016-09-09-pt1-PgE1232,https://api.govinfo.gov/packages/CREC-2016-09-09/granules/CREC-2016-09-09-pt1-PgE1232/htm,https://api.govinfo.gov/packages/CREC-2016-09-09/granules/CREC-2016-09-09-pt1-PgE1232/pdf,https://api.govinfo.gov/packages/CREC-2016-09-09/summary,,,,https://api.govinfo.gov/related/CREC-2016-09-09-pt1-PgE1232,CREC,Proceedings of Congress and General Congressional Publications,2025-03-07T17:31:58Z,Congressional Record,package_114_321.csv,0,0,0,,0
CREC-2016-09-09-pt1-PgE1232-2,CREC-2016-09-09,2016-09-09,CELEBRATING ``EDDIE GAEDEL DAY'',CREC,EXTENSIONS,E,E,1,https://www.govinfo.gov/app/details/CREC-2016-09-09/CREC-2016-09-09-pt1-PgE1232-2,https://api.govinfo.gov/packages/CREC-2016-09-09/granules/CREC-2016-09-09-pt1-PgE1232-2/htm,https://api.govinfo.gov/packages/CREC-2016-09-09/granules/CREC-2016-09-09-pt1-PgE1232-2/pdf,https://api.govinfo.gov/packages/CREC-2016-09-09/summary,,,,https://api.govinfo.gov/related/CREC-2016-09-09-pt1-PgE1232-2,CREC,Proceedings of Congress and General Congressional Publications,2025-03-07T17:31:58Z,Congressional Record,package_114_321.csv,0,0,0,,0
CREC-2016-09-09-pt1-PgE1233,CREC-2016-09-09,2016-09-09,HONORING KAYL AUCH,CREC,EXTENSIONS,E,E,1,https://www.govinfo.gov/app/details/CREC-2016-09-09/CREC-2016-09-09-pt1-PgE1233,https://api.govinfo.gov/packages/CREC-2016-09-09/granules/CREC-2016-09-09-pt1-PgE1233/htm,https://api.govinfo.gov/packages/CREC-2016-09-09/granules/CREC-2016-09-09-pt1-PgE1233/pdf,https://api.govinfo.gov/packages/CREC-2016-09-09/summary,"[Congressional Record Volume 162, Number 136 (Friday, September 9, 2016)] [Extensions of Remarks] [Page E1233] From the Congressional Record Online through the Government Publishing Office [ www.gpo.gov ] HONORING KAYL AUCH ______ HON. SAM GRAVES of missouri in the house of representatives Friday, September 9, 2016 Mr. GRAVES of Missouri. Mr. Speaker, I proudly pause to recognize Kayl Auch. Kayl is a very special young man who has exemplified the finest qualities of citizenship and leadership by taking an active part in the Boy Scouts of America, Troop 1376, and earning the most prestigious award of Eagle Scout. Kayl has been very active with his troop, participating in many scout activities. Over the many years Kayl has been involved with scouting, he has not only earned numerous merit badges, but also the respect of his family, peers, and community. Most notably, Kayl has contributed to his community through his Eagle Scout project. Kayl built a tennis backboard located at Bennett Park in Liberty, Missouri, to allow people to practice tennis by themselves, along with providing the Liberty North High School tennis team the use of this facility during their practice times and during the off-season. Mr. Speaker, I proudly ask you to join me in commending Kayl Auch for his accomplishments with the Boy Scouts of America and for his efforts put forth in achieving the highest distinction of Eagle Scout. ____________________",,"[Congressional Record Volume 162, Number 136 (Friday, September 9, 2016)] [Extensions of Remarks] [Page E1233] From the Congressional Record Online through the Government Publishing Office [ www.gpo.gov ] HONORING KAYL AUCH ______ HON. SAM GRAVES of missouri in the house of representatives Friday, September 9, 2016 Mr. GRAVES of Missouri. Mr. Speaker, I proudly pause to recognize Kayl Auch. Kayl is a very special young man who has exemplified the finest qualities of citizenship and leadership by taking an active part in the Boy Scouts of America, Troop 1376, and earning the most prestigious award of Eagle Scout. Kayl has been very active with his troop, participating in many scout activities. Over the many years Kayl has been involved with scouting, he has not only earned numerous merit badges, but also the respect of his family, peers, and community. Most notably, Kayl has contributed to his community through his Eagle Scout project. Kayl built a tennis backboard located at Bennett Park in Liberty, Missouri, to allow people to practice tennis by themselves, along with providing the Liberty North High School tennis team the use of this facility during their practice times and during the off-season. Mr. Speaker, I proudly ask you to join me in commending Kayl Auch for his accomplishments with the Boy Scouts of America and for his efforts put forth in achieving the highest distinction of Eagle Scout. ____________________",https://api.govinfo.gov/related/CREC-2016-09-09-pt1-PgE1233,CREC,Proceedings of Congress and General Congressional Publications,2025-03-07T17:31:58Z,Congressional Record,package_114_321.csv,1442,0,1442,"[congressional record volume 162, number 136 (friday, september 9, 2016)] [extensions of remarks] [page e1233] from the congressional record online through the government publishing office [ www.gpo.gov ] honoring kayl auch ______ hon. sam graves of missouri in the house of representatives friday, september 9, 2016 mr. graves of missouri. mr. speaker, i proudly pause to recognize kayl auch. kayl is a very special young man who has exemplified the finest qualities of citizenship and leadership by taking an active part in the boy scouts of america, troop 1376, and earning the most prestigious award of eagle scout. kayl has been very active with his troop, participating in many scout activities. over the many years kayl has been involved with scouting, he has not only earned numerous merit badges, but also the respect of his family, peers, and community. most notably, kayl has contributed to his community through his eagle scout project. kayl built a tennis backboard located at bennett park in liberty, missouri, to allow people to practice tennis by themselves, along with providing the liberty north high school tennis team the use of this facility during their practice times and during the off-season. mr. speaker, i proudly ask you to join me in commending kayl auch for his accomplishments with the boy scouts of america and for his efforts put forth in achieving the highest distinction of eagle scout. ____________________",1442
CREC-2016-09-09-pt1-PgE1233-2,CREC-2016-09-09,2016-09-09,TRIBUTE TO DANIEL LEONARD,CREC,EXTENSIONS,E,E,1,https://www.govinfo.gov/app/details/CREC-2016-09-09/CREC-2016-09-09-pt1-PgE1233-2,https://api.govinfo.gov/packages/CREC-2016-09-09/granules/CREC-2016-09-09-pt1-PgE1233-2/htm,https://api.govinfo.gov/packages/CREC-2016-09-09/granules/CREC-2016-09-09-pt1-PgE1233-2/pdf,https://api.govinfo.gov/packages/CREC-2016-09-09/summary,"[Congressional Record Volume 162, Number 136 (Friday, September 9, 2016)] [Extensions of Remarks] [Page E1233] From the Congressional Record Online through the Government Publishing Office [ www.gpo.gov ] TRIBUTE TO DANIEL LEONARD ______ HON. DAVID YOUNG of iowa in the house of representatives Friday, September 9, 2016 Mr. YOUNG of Iowa. Mr. Speaker, I rise today to recognize and congratulate Daniel Leonard, of Mount Ayr, Iowa for earning the Gold Medal in ``Electrical Construction Wiring'' at the 2016 SkillsUSA competition. SkillsUSA is a collaborative effort among students, instructors and industry representatives to ensure the nation has a skilled workforce. The purpose of this championship is to reward students for excellence, involve industry professionals in directly evaluating students' performance and keep training relevant to employers' needs today. Daniel Leonard received the highest score ever awarded at this competition. He is a 2009 graduate of Mount Ayr High School, and earned his Associate of Arts degree from Southwestern Community College in Creston in 2011, completing his Associate of Applied Science degree in electrical technology in 2015. Mr. Speaker, the example set by Daniel Leonard demonstrates the rewards of harnessing one's talents and sharing them with the world. His efforts embody the Iowa spirit. I am honored to represent Iowans like him in the United States Congress. I know that all of my colleagues in the United States House of Representatives will join me in congratulating Daniel Leonard for his achievements and in wishing him nothing but continued success. ____________________",,"[Congressional Record Volume 162, Number 136 (Friday, September 9, 2016)] [Extensions of Remarks] [Page E1233] From the Congressional Record Online through the Government Publishing Office [ www.gpo.gov ] TRIBUTE TO DANIEL LEONARD ______ HON. DAVID YOUNG of iowa in the house of representatives Friday, September 9, 2016 Mr. YOUNG of Iowa. Mr. Speaker, I rise today to recognize and congratulate Daniel Leonard, of Mount Ayr, Iowa for earning the Gold Medal in ``Electrical Construction Wiring'' at the 2016 SkillsUSA competition. SkillsUSA is a collaborative effort among students, instructors and industry representatives to ensure the nation has a skilled workforce. The purpose of this championship is to reward students for excellence, involve industry professionals in directly evaluating students' performance and keep training relevant to employers' needs today. Daniel Leonard received the highest score ever awarded at this competition. He is a 2009 graduate of Mount Ayr High School, and earned his Associate of Arts degree from Southwestern Community College in Creston in 2011, completing his Associate of Applied Science degree in electrical technology in 2015. Mr. Speaker, the example set by Daniel Leonard demonstrates the rewards of harnessing one's talents and sharing them with the world. His efforts embody the Iowa spirit. I am honored to represent Iowans like him in the United States Congress. I know that all of my colleagues in the United States House of Representatives will join me in congratulating Daniel Leonard for his achievements and in wishing him nothing but continued success. ____________________",https://api.govinfo.gov/related/CREC-2016-09-09-pt1-PgE1233-2,CREC,Proceedings of Congress and General Congressional Publications,2025-03-07T17:31:58Z,Congressional Record,package_114_321.csv,1634,0,1634,"[congressional record volume 162, number 136 (friday, september 9, 2016)] [extensions of remarks] [page e1233] from the congressional record online through the government publishing office [ www.gpo.gov ] tribute to daniel leonard ______ hon. david young of iowa in the house of representatives friday, september 9, 2016 mr. young of iowa. mr. speaker, i rise today to recognize and congratulate daniel leonard, of mount ayr, iowa for earning the gold medal in ``electrical construction wiring'' at the 2016 skillsusa competition. skillsusa is a collaborative effort among students, instructors and industry representatives to ensure the nation has a skilled workforce. the purpose of this championship is to reward students for excellence, involve industry professionals in directly evaluating students' performance and keep training relevant to employers' needs today. daniel leonard received the highest score ever awarded at this competition. he is a 2009 graduate of mount ayr high school, and earned his associate of arts degree from southwestern community college in creston in 2011, completing his associate of applied science degree in electrical technology in 2015. mr. speaker, the example set by daniel leonard demonstrates the rewards of harnessing one's talents and sharing them with the world. his efforts embody the iowa spirit. i am honored to represent iowans like him in the united states congress. i know that all of my colleagues in the united states house of representatives will join me in congratulating daniel leonard for his achievements and in wishing him nothing but continued success. ____________________",1634
CREC-2016-09-09-pt1-PgE1233-3,CREC-2016-09-09,2016-09-09,HONORING DANIEL FOSTER,CREC,EXTENSIONS,E,E,1,https://www.govinfo.gov/app/details/CREC-2016-09-09/CREC-2016-09-09-pt1-PgE1233-3,https://api.govinfo.gov/packages/CREC-2016-09-09/granules/CREC-2016-09-09-pt1-PgE1233-3/htm,https://api.govinfo.gov/packages/CREC-2016-09-09/granules/CREC-2016-09-09-pt1-PgE1233-3/pdf,https://api.govinfo.gov/packages/CREC-2016-09-09/summary,,,,https://api.govinfo.gov/related/CREC-2016-09-09-pt1-PgE1233-3,CREC,Proceedings of Congress and General Congressional Publications,2025-03-07T17:31:58Z,Congressional Record,package_114_321.csv,0,0,0,,0
CREC-2016-09-09-pt1-PgE1233-5,CREC-2016-09-09,2016-09-09,RECOGNIZING THE DOPE PROJECT FOR INSPIRING MESSAGE ABOUT FLINT,CREC,EXTENSIONS,E,E,1,https://www.govinfo.gov/app/details/CREC-2016-09-09/CREC-2016-09-09-pt1-PgE1233-5,https://api.govinfo.gov/packages/CREC-2016-09-09/granules/CREC-2016-09-09-pt1-PgE1233-5/htm,https://api.govinfo.gov/packages/CREC-2016-09-09/granules/CREC-2016-09-09-pt1-PgE1233-5/pdf,https://api.govinfo.gov/packages/CREC-2016-09-09/summary,,,,https://api.govinfo.gov/related/CREC-2016-09-09-pt1-PgE1233-5,CREC,Proceedings of Congress and General Congressional Publications,2025-03-07T17:31:58Z,Congressional Record,package_114_321.csv,0,0,0,,0
CREC-2016-09-09-pt1-PgE1233-6,CREC-2016-09-09,2016-09-09,TRIBUTE TO DONALD AND MARILYN ROBERTS,CREC,EXTENSIONS,E,E,1,https://www.govinfo.gov/app/details/CREC-2016-09-09/CREC-2016-09-09-pt1-PgE1233-6,https://api.govinfo.gov/packages/CREC-2016-09-09/granules/CREC-2016-09-09-pt1-PgE1233-6/htm,https://api.govinfo.gov/packages/CREC-2016-09-09/granules/CREC-2016-09-09-pt1-PgE1233-6/pdf,https://api.govinfo.gov/packages/CREC-2016-09-09/summary,,,,https://api.govinfo.gov/related/CREC-2016-09-09-pt1-PgE1233-6,CREC,Proceedings of Congress and General Congressional Publications,2025-03-07T17:31:58Z,Congressional Record,package_114_321.csv,0,0,0,,0
CREC-2016-09-09-pt1-PgE1233-4,CREC-2016-09-09,2016-09-09,IN HONOR OF MS. ANN JOHNSON,CREC,EXTENSIONS,E,E,1,https://www.govinfo.gov/app/details/CREC-2016-09-09/CREC-2016-09-09-pt1-PgE1233-4,https://api.govinfo.gov/packages/CREC-2016-09-09/granules/CREC-2016-09-09-pt1-PgE1233-4/htm,https://api.govinfo.gov/packages/CREC-2016-09-09/granules/CREC-2016-09-09-pt1-PgE1233-4/pdf,https://api.govinfo.gov/packages/CREC-2016-09-09/summary,"[Congressional Record Volume 162, Number 136 (Friday, September 9, 2016)] [Extensions of Remarks] [Page E1233] From the Congressional Record Online through the Government Publishing Office [ www.gpo.gov ] IN HONOR OF MS. ANN JOHNSON ______ HON. ROD BLUM of iowa in the house of representatives Friday, September 9, 2016 Mr. BLUM. Mr. Speaker, I rise today in honor of my constituent, Ann Johnson, a recipient of the Presidential Award for Excellence in Mathematics and Science Teaching. This prestigious award is administered by the National Science Foundation on behalf of the White House Office of Science and Technology Policy and recognizes outstanding teachers across the country for their contributions to the teaching of mathematics and science. Ms. Johnson was awarded the Presidential Award for Excellence in Mathematics and Science Teaching for her dedication and work at the Sageville Elementary School in Dubuque, Iowa. Teachers like Ann enable students to realize their potential and pave the path for the next generation of doctors, engineers, and innovators. On behalf of the Dubuque community and the First District of Iowa, I sincerely thank Ann for her commitment to educating our children in mathematics and science. Congratulations on this impressive award. I am proud to represent Ann, an extraordinary educator, in Congress. ____________________",,"[Congressional Record Volume 162, Number 136 (Friday, September 9, 2016)] [Extensions of Remarks] [Page E1233] From the Congressional Record Online through the Government Publishing Office [ www.gpo.gov ] IN HONOR OF MS. ANN JOHNSON ______ HON. ROD BLUM of iowa in the house of representatives Friday, September 9, 2016 Mr. BLUM. Mr. Speaker, I rise today in honor of my constituent, Ann Johnson, a recipient of the Presidential Award for Excellence in Mathematics and Science Teaching. This prestigious award is administered by the National Science Foundation on behalf of the White House Office of Science and Technology Policy and recognizes outstanding teachers across the country for their contributions to the teaching of mathematics and science. Ms. Johnson was awarded the Presidential Award for Excellence in Mathematics and Science Teaching for her dedication and work at the Sageville Elementary School in Dubuque, Iowa. Teachers like Ann enable students to realize their potential and pave the path for the next generation of doctors, engineers, and innovators. On behalf of the Dubuque community and the First District of Iowa, I sincerely thank Ann for her commitment to educating our children in mathematics and science. Congratulations on this impressive award. I am proud to represent Ann, an extraordinary educator, in Congress. ____________________",https://api.govinfo.gov/related/CREC-2016-09-09-pt1-PgE1233-4,CREC,Proceedings of Congress and General Congressional Publications,2025-03-07T17:31:58Z,Congressional Record,package_114_321.csv,1367,0,1367,"[congressional record volume 162, number 136 (friday, september 9, 2016)] [extensions of remarks] [page e1233] from the congressional record online through the government publishing office [ www.gpo.gov ] in honor of ms. ann johnson ______ hon. rod blum of iowa in the house of representatives friday, september 9, 2016 mr. blum. mr. speaker, i rise today in honor of my constituent, ann johnson, a recipient of the presidential award for excellence in mathematics and science teaching. this prestigious award is administered by the national science foundation on behalf of the white house office of science and technology policy and recognizes outstanding teachers across the country for their contributions to the teaching of mathematics and science. ms. johnson was awarded the presidential award for excellence in mathematics and science teaching for her dedication and work at the sageville elementary school in dubuque, iowa. teachers like ann enable students to realize their potential and pave the path for the next generation of doctors, engineers, and innovators. on behalf of the dubuque community and the first district of iowa, i sincerely thank ann for her commitment to educating our children in mathematics and science. congratulations on this impressive award. i am proud to represent ann, an extraordinary educator, in congress. ____________________",1367
CREC-2016-09-09-pt1-PgE1234,CREC-2016-09-09,2016-09-09,IN RECOGNITION OF GOLDEN STATE FARM CREDIT,CREC,EXTENSIONS,E,E,1,https://www.govinfo.gov/app/details/CREC-2016-09-09/CREC-2016-09-09-pt1-PgE1234,https://api.govinfo.gov/packages/CREC-2016-09-09/granules/CREC-2016-09-09-pt1-PgE1234/htm,https://api.govinfo.gov/packages/CREC-2016-09-09/granules/CREC-2016-09-09-pt1-PgE1234/pdf,https://api.govinfo.gov/packages/CREC-2016-09-09/summary,"[Congressional Record Volume 162, Number 136 (Friday, September 9, 2016)] [Extensions of Remarks] [Page E1234] From the Congressional Record Online through the Government Publishing Office [ www.gpo.gov ] IN RECOGNITION OF GOLDEN STATE FARM CREDIT ______ HON. DAVID G. VALADAO of california in the house of representatives Friday, September 9, 2016 Mr. VALADAO. Mr. Speaker, I rise today to recognize Golden State Farm Credit for receiving the Lemoore Chamber of Commerce Ag Supporter of the Year award at the 2016 Kings County Salute to Ag Banquet. Golden State Farm Credit has been dedicated to lending to farmers, ranchers, and agribusiness for ninety years, despite difficult economic climate. It is the largest financial service provider in California's Central Valley. Golden State Farm Credit is a strong supporter of the agriculture industry and has helped Central Valley Farmers purchase real estate, develop property, and expand dairy facilities. Mr. Speaker, I ask my colleagues in the United States House of Representatives to join me in recognizing and congratulating Golden State Farm Credit for its service to Kings County and for receiving the Lemoore Chamber of Commerce Ag Supporter of the Year award at the 2016 Kings County Salute to Ag Banquet. ____________________",,"[Congressional Record Volume 162, Number 136 (Friday, September 9, 2016)] [Extensions of Remarks] [Page E1234] From the Congressional Record Online through the Government Publishing Office [ www.gpo.gov ] IN RECOGNITION OF GOLDEN STATE FARM CREDIT ______ HON. DAVID G. VALADAO of california in the house of representatives Friday, September 9, 2016 Mr. VALADAO. Mr. Speaker, I rise today to recognize Golden State Farm Credit for receiving the Lemoore Chamber of Commerce Ag Supporter of the Year award at the 2016 Kings County Salute to Ag Banquet. Golden State Farm Credit has been dedicated to lending to farmers, ranchers, and agribusiness for ninety years, despite difficult economic climate. It is the largest financial service provider in California's Central Valley. Golden State Farm Credit is a strong supporter of the agriculture industry and has helped Central Valley Farmers purchase real estate, develop property, and expand dairy facilities. Mr. Speaker, I ask my colleagues in the United States House of Representatives to join me in recognizing and congratulating Golden State Farm Credit for its service to Kings County and for receiving the Lemoore Chamber of Commerce Ag Supporter of the Year award at the 2016 Kings County Salute to Ag Banquet. ____________________",https://api.govinfo.gov/related/CREC-2016-09-09-pt1-PgE1234,CREC,Proceedings of Congress and General Congressional Publications,2025-03-07T17:31:58Z,Congressional Record,package_114_321.csv,1286,0,1286,"[congressional record volume 162, number 136 (friday, september 9, 2016)] [extensions of remarks] [page e1234] from the congressional record online through the government publishing office [ www.gpo.gov ] in recognition of golden state farm credit ______ hon. david g. valadao of california in the house of representatives friday, september 9, 2016 mr. valadao. mr. speaker, i rise today to recognize golden state farm credit for receiving the lemoore chamber of commerce ag supporter of the year award at the 2016 kings county salute to ag banquet. golden state farm credit has been dedicated to lending to farmers, ranchers, and agribusiness for ninety years, despite difficult economic climate. it is the largest financial service provider in california's central valley. golden state farm credit is a strong supporter of the agriculture industry and has helped central valley farmers purchase real estate, develop property, and expand dairy facilities. mr. speaker, i ask my colleagues in the united states house of representatives to join me in recognizing and congratulating golden state farm credit for its service to kings county and for receiving the lemoore chamber of commerce ag supporter of the year award at the 2016 kings county salute to ag banquet. ____________________",1286
CREC-2016-09-09-pt1-PgE1234-3,CREC-2016-09-09,2016-09-09,TRIBUTE TO THE 2016 JOHNSTON HIGH SCHOOL SOFTBALL TEAM,CREC,EXTENSIONS,E,E,1,https://www.govinfo.gov/app/details/CREC-2016-09-09/CREC-2016-09-09-pt1-PgE1234-3,https://api.govinfo.gov/packages/CREC-2016-09-09/granules/CREC-2016-09-09-pt1-PgE1234-3/htm,https://api.govinfo.gov/packages/CREC-2016-09-09/granules/CREC-2016-09-09-pt1-PgE1234-3/pdf,https://api.govinfo.gov/packages/CREC-2016-09-09/summary,"[Congressional Record Volume 162, Number 136 (Friday, September 9, 2016)] [Extensions of Remarks] [Page E1234] From the Congressional Record Online through the Government Publishing Office [ www.gpo.gov ] TRIBUTE TO THE 2016 JOHNSTON HIGH SCHOOL SOFTBALL TEAM ______ HON. DAVID YOUNG of iowa in the house of representatives Friday, September 9, 2016 Mr. YOUNG of Iowa. Mr. Speaker, I rise today to recognize and congratulate the Johnston High School Softball team for winning the Iowa Girls State Class 5A Softball Tournament on July 21, 2016. I would like to congratulate each member of the Team: Players: Brooke Sandstoe, Chloe Fehn, Kylee Walker, Olivia Goodale, Emily Flint, Hannah Espeland, Sydney Illg, Emma Ford, Alisha Rusch, Haley Pemble, Taylor Canny, Alyssa Shepherd, Mercedes Worsfold, Brooke Wilmes, Sophie Maras, Haylee Towers, Bailey Sutton, Madison Thilges, Halle Van Roekel, Ally Schaer, Ellie Roquet Manager: Eilise Murray Coaches: Todd Merical, Destiny Willer, Abby Sonner, Laura Calvert, Leah Embrey Mr. Speaker, the example set by these students and their coaches demonstrates the rewards of hard work, dedication, and perseverance. I am honored to represent them in the United States Congress. I know all of my colleagues in the United States House of Representatives join me in congratulating these young women for competing in this rigorous competition and wishing them all nothing but continued success. ____________________",,"[Congressional Record Volume 162, Number 136 (Friday, September 9, 2016)] [Extensions of Remarks] [Page E1234] From the Congressional Record Online through the Government Publishing Office [ www.gpo.gov ] TRIBUTE TO THE 2016 JOHNSTON HIGH SCHOOL SOFTBALL TEAM ______ HON. DAVID YOUNG of iowa in the house of representatives Friday, September 9, 2016 Mr. YOUNG of Iowa. Mr. Speaker, I rise today to recognize and congratulate the Johnston High School Softball team for winning the Iowa Girls State Class 5A Softball Tournament on July 21, 2016. I would like to congratulate each member of the Team: Players: Brooke Sandstoe, Chloe Fehn, Kylee Walker, Olivia Goodale, Emily Flint, Hannah Espeland, Sydney Illg, Emma Ford, Alisha Rusch, Haley Pemble, Taylor Canny, Alyssa Shepherd, Mercedes Worsfold, Brooke Wilmes, Sophie Maras, Haylee Towers, Bailey Sutton, Madison Thilges, Halle Van Roekel, Ally Schaer, Ellie Roquet Manager: Eilise Murray Coaches: Todd Merical, Destiny Willer, Abby Sonner, Laura Calvert, Leah Embrey Mr. Speaker, the example set by these students and their coaches demonstrates the rewards of hard work, dedication, and perseverance. I am honored to represent them in the United States Congress. I know all of my colleagues in the United States House of Representatives join me in congratulating these young women for competing in this rigorous competition and wishing them all nothing but continued success. ____________________",https://api.govinfo.gov/related/CREC-2016-09-09-pt1-PgE1234-3,CREC,Proceedings of Congress and General Congressional Publications,2025-03-07T17:31:58Z,Congressional Record,package_114_321.csv,1449,0,1449,"[congressional record volume 162, number 136 (friday, september 9, 2016)] [extensions of remarks] [page e1234] from the congressional record online through the government publishing office [ www.gpo.gov ] tribute to the 2016 johnston high school softball team ______ hon. david young of iowa in the house of representatives friday, september 9, 2016 mr. young of iowa. mr. speaker, i rise today to recognize and congratulate the johnston high school softball team for winning the iowa girls state class 5a softball tournament on july 21, 2016. i would like to congratulate each member of the team: players: brooke sandstoe, chloe fehn, kylee walker, olivia goodale, emily flint, hannah espeland, sydney illg, emma ford, alisha rusch, haley pemble, taylor canny, alyssa shepherd, mercedes worsfold, brooke wilmes, sophie maras, haylee towers, bailey sutton, madison thilges, halle van roekel, ally schaer, ellie roquet manager: eilise murray coaches: todd merical, destiny willer, abby sonner, laura calvert, leah embrey mr. speaker, the example set by these students and their coaches demonstrates the rewards of hard work, dedication, and perseverance. i am honored to represent them in the united states congress. i know all of my colleagues in the united states house of representatives join me in congratulating these young women for competing in this rigorous competition and wishing them all nothing but continued success. ____________________",1449
CREC-2016-09-09-pt1-PgE1234-4,CREC-2016-09-09,2016-09-09,CALIFORNIA WATER SUPPLY SHORTAGE,CREC,EXTENSIONS,E,E,1,https://www.govinfo.gov/app/details/CREC-2016-09-09/CREC-2016-09-09-pt1-PgE1234-4,https://api.govinfo.gov/packages/CREC-2016-09-09/granules/CREC-2016-09-09-pt1-PgE1234-4/htm,https://api.govinfo.gov/packages/CREC-2016-09-09/granules/CREC-2016-09-09-pt1-PgE1234-4/pdf,https://api.govinfo.gov/packages/CREC-2016-09-09/summary,"[Congressional Record Volume 162, Number 136 (Friday, September 9, 2016)] [Extensions of Remarks] [Pages E1234-E1235] From the Congressional Record Online through the Government Publishing Office [ www.gpo.gov ] CALIFORNIA WATER SUPPLY SHORTAGE ______ HON. JIM COSTA of california in the house of representatives Friday, September 9, 2016 Mr. COSTA. Mr. Speaker, I would like to submit the following: Absolutely Nothing (By Cannon Michael, Sept. 8, 2016) California's water supply shortage is a microcosm of what's wrong in U.S. politics. The San Joaquin Valley in Central California is the most productive agricultural area in the world and is the envy of many countries that rely on imported food supplies because their climate or soil is not suitable to sustain farming. But California's water supply to this region has been critically curtailed by the government's inability to manage water resources. That breakdown caused President Obama to visit the Central Valley in 2014 and sit down with farmers to hear about water supply problems. Several members of his administration, including the Secretary of Interior and recently the Secretary of Commerce, have personally visited the area and listened to local business and community leaders talk about their concern for the future of the region. Former Speaker John Boehner and numerous members of Congress, including Senate Energy Committee Chairwoman Lisa Murkowski, have toured the ravaged area and committed to work with their colleagues to assist Central Valley communities. Republican members of Congress, including Majority Leader Kevin McCarthy and Rep. David Valadao, as well as their Democratic colleagues, Sen. Dianne Feinstein and Rep. Jim Costa, have introduced legislation to try to fix the problem. Remarkably, the highest leadership in the country has focused on the water supply problem and a bipartisan group of legislators has been working on legislative solutions. They all claim that the status quo is unacceptable. And what has happened? Nothing. Absolutely nothing. This is why so many people are frustrated with politics as usual and are demanding that things change. We have an identified problem--a water delivery system that has been completely overrun and strangled by a regulatory process run amok. We have a water delivery system that was brilliantly designed and constructed decades ago to withstand five consecutive years of extreme drought, but when the state is blessed with rainfall and snowpack, as we were this year, the system still can't even provide water to communities. As a result, a key part of the U.S. food supply is in jeopardy and millions of Californians are seeing an important part of their state in decline. Many people outside of California often ask why this is happening to such a productive area of the country? Unfortunately, there is no acceptable answer. The current policies restricting water deliveries are intended to protect endangered species, but those policies have failed miserably. Despite the massive redistribution of water from people, schools, communities and farms in a misguided attempt to save a fish, the fish populations have actually declined. After three very dry years, California had a wet winter in early 2016 but rather than using the water to re-supply reservoirs and communities, the government sent over 200 billion gallons of water into the ocean. The result? Dead fish, depleted reservoirs, and dying communities. Nobody wins. This is not a recent problem; the water system has been failing for more than 20 years. Part of the problem is that progress on a solution is being held hostage by federal agencies that are serving narrow interests and creating legal issues that prohibit any progress toward achieving comprehensive solutions. The agencies' water management policies might be defensible if the policies were working and providing some beneficial result. But farmland continues to die out, jobs have been lost, fish populations are at greater risk, land subsidence and other environmental consequences are continuing, and poverty rates are rising in the impacted communities. The result, agencies hide behind the law and the Administration and Congress have been unable to agree on a solution that will reverse this horrible decline. To be fair, there are efforts from both sides of the aisle working to solve the problem. S. 1894 or S. 2533 (Feinstein) and HR 2898 (Valadao) are proposing to modify current policies and rein in federal agencies. These are not radical proposals, but are measured policy changes designed to improve all the outcomes--increased water supply for communities, better water management, and increased funding for environmental programs. This is what government is supposed to do--find solutions that are compatible with a variety of interests. With the critical period for California water supply system to be replenished arriving in less than six months, Congress has [[Page E1235]] very little time to act on legislation. For farmers and farmworkers, planning and financial decisions about crops and food production and hiring start long before planting season begins in February. There is no more time to waste. Absolutely nothing is no longer acceptable. Congress needs to pass legislation that solves this decades-long problem. If they do not, absolutely nothing is what they should expect from us in return. ____________________",,"[Congressional Record Volume 162, Number 136 (Friday, September 9, 2016)] [Extensions of Remarks] [Pages E1234-E1235] From the Congressional Record Online through the Government Publishing Office [ www.gpo.gov ] CALIFORNIA WATER SUPPLY SHORTAGE ______ HON. JIM COSTA of california in the house of representatives Friday, September 9, 2016 Mr. COSTA. Mr. Speaker, I would like to submit the following: Absolutely Nothing (By Cannon Michael, Sept. 8, 2016) California's water supply shortage is a microcosm of what's wrong in U.S. politics. The San Joaquin Valley in Central California is the most productive agricultural area in the world and is the envy of many countries that rely on imported food supplies because their climate or soil is not suitable to sustain farming. But California's water supply to this region has been critically curtailed by the government's inability to manage water resources. That breakdown caused President Obama to visit the Central Valley in 2014 and sit down with farmers to hear about water supply problems. Several members of his administration, including the Secretary of Interior and recently the Secretary of Commerce, have personally visited the area and listened to local business and community leaders talk about their concern for the future of the region. Former Speaker John Boehner and numerous members of Congress, including Senate Energy Committee Chairwoman Lisa Murkowski, have toured the ravaged area and committed to work with their colleagues to assist Central Valley communities. Republican members of Congress, including Majority Leader Kevin McCarthy and Rep. David Valadao, as well as their Democratic colleagues, Sen. Dianne Feinstein and Rep. Jim Costa, have introduced legislation to try to fix the problem. Remarkably, the highest leadership in the country has focused on the water supply problem and a bipartisan group of legislators has been working on legislative solutions. They all claim that the status quo is unacceptable. And what has happened? Nothing. Absolutely nothing. This is why so many people are frustrated with politics as usual and are demanding that things change. We have an identified problem--a water delivery system that has been completely overrun and strangled by a regulatory process run amok. We have a water delivery system that was brilliantly designed and constructed decades ago to withstand five consecutive years of extreme drought, but when the state is blessed with rainfall and snowpack, as we were this year, the system still can't even provide water to communities. As a result, a key part of the U.S. food supply is in jeopardy and millions of Californians are seeing an important part of their state in decline. Many people outside of California often ask why this is happening to such a productive area of the country? Unfortunately, there is no acceptable answer. The current policies restricting water deliveries are intended to protect endangered species, but those policies have failed miserably. Despite the massive redistribution of water from people, schools, communities and farms in a misguided attempt to save a fish, the fish populations have actually declined. After three very dry years, California had a wet winter in early 2016 but rather than using the water to re-supply reservoirs and communities, the government sent over 200 billion gallons of water into the ocean. The result? Dead fish, depleted reservoirs, and dying communities. Nobody wins. This is not a recent problem; the water system has been failing for more than 20 years. Part of the problem is that progress on a solution is being held hostage by federal agencies that are serving narrow interests and creating legal issues that prohibit any progress toward achieving comprehensive solutions. The agencies' water management policies might be defensible if the policies were working and providing some beneficial result. But farmland continues to die out, jobs have been lost, fish populations are at greater risk, land subsidence and other environmental consequences are continuing, and poverty rates are rising in the impacted communities. The result, agencies hide behind the law and the Administration and Congress have been unable to agree on a solution that will reverse this horrible decline. To be fair, there are efforts from both sides of the aisle working to solve the problem. S. 1894 or S. 2533 (Feinstein) and HR 2898 (Valadao) are proposing to modify current policies and rein in federal agencies. These are not radical proposals, but are measured policy changes designed to improve all the outcomes--increased water supply for communities, better water management, and increased funding for environmental programs. This is what government is supposed to do--find solutions that are compatible with a variety of interests. With the critical period for California water supply system to be replenished arriving in less than six months, Congress has [[Page E1235]] very little time to act on legislation. For farmers and farmworkers, planning and financial decisions about crops and food production and hiring start long before planting season begins in February. There is no more time to waste. Absolutely nothing is no longer acceptable. Congress needs to pass legislation that solves this decades-long problem. If they do not, absolutely nothing is what they should expect from us in return. ____________________",https://api.govinfo.gov/related/CREC-2016-09-09-pt1-PgE1234-4,CREC,Proceedings of Congress and General Congressional Publications,2025-03-07T17:31:58Z,Congressional Record,package_114_321.csv,5412,0,5412,"[congressional record volume 162, number 136 (friday, september 9, 2016)] [extensions of remarks] [pages e1234-e1235] from the congressional record online through the government publishing office [ www.gpo.gov ] california water supply shortage ______ hon. jim costa of california in the house of representatives friday, september 9, 2016 mr. costa. mr. speaker, i would like to submit the following: absolutely nothing (by cannon michael, sept. 8, 2016) california's water supply shortage is a microcosm of what's wrong in u.s. politics. the san joaquin valley in central california is the most productive agricultural area in the world and is the envy of many countries that rely on imported food supplies because their climate or soil is not suitable to sustain farming. but california's water supply to this region has been critically curtailed by the government's inability to manage water resources. that breakdown caused president obama to visit the central valley in 2014 and sit down with farmers to hear about water supply problems. several members of his administration, including the secretary of interior and recently the secretary of commerce, have personally visited the area and listened to local business and community leaders talk about their concern for the future of the region. former speaker john boehner and numerous members of congress, including senate energy committee chairwoman lisa murkowski, have toured the ravaged area and committed to work with their colleagues to assist central valley communities. republican members of congress, including majority leader kevin mccarthy and rep. david valadao, as well as their democratic colleagues, sen. dianne feinstein and rep. jim costa, have introduced legislation to try to fix the problem. remarkably, the highest leadership in the country has focused on the water supply problem and a bipartisan group of legislators has been working on legislative solutions. they all claim that the status quo is unacceptable. and what has happened? nothing. absolutely nothing. this is why so many people are frustrated with politics as usual and are demanding that things change. we have an identified problem--a water delivery system that has been completely overrun and strangled by a regulatory process run amok. we have a water delivery system that was brilliantly designed and constructed decades ago to withstand five consecutive years of extreme drought, but when the state is blessed with rainfall and snowpack, as we were this year, the system still can't even provide water to communities. as a result, a key part of the u.s. food supply is in jeopardy and millions of californians are seeing an important part of their state in decline. many people outside of california often ask why this is happening to such a productive area of the country? unfortunately, there is no acceptable answer. the current policies restricting water deliveries are intended to protect endangered species, but those policies have failed miserably. despite the massive redistribution of water from people, schools, communities and farms in a misguided attempt to save a fish, the fish populations have actually declined. after three very dry years, california had a wet winter in early 2016 but rather than using the water to re-supply reservoirs and communities, the government sent over 200 billion gallons of water into the ocean. the result? dead fish, depleted reservoirs, and dying communities. nobody wins. this is not a recent problem; the water system has been failing for more than 20 years. part of the problem is that progress on a solution is being held hostage by federal agencies that are serving narrow interests and creating legal issues that prohibit any progress toward achieving comprehensive solutions. the agencies' water management policies might be defensible if the policies were working and providing some beneficial result. but farmland continues to die out, jobs have been lost, fish populations are at greater risk, land subsidence and other environmental consequences are continuing, and poverty rates are rising in the impacted communities. the result, agencies hide behind the law and the administration and congress have been unable to agree on a solution that will reverse this horrible decline. to be fair, there are efforts from both sides of the aisle working to solve the problem. s. 1894 or s. 2533 (feinstein) and hr 2898 (valadao) are proposing to modify current policies and rein in federal agencies. these are not radical proposals, but are measured policy changes designed to improve all the outcomes--increased water supply for communities, better water management, and increased funding for environmental programs. this is what government is supposed to do--find solutions that are compatible with a variety of interests. with the critical period for california water supply system to be replenished arriving in less than six months, congress has [[page e1235]] very little time to act on legislation. for farmers and farmworkers, planning and financial decisions about crops and food production and hiring start long before planting season begins in february. there is no more time to waste. absolutely nothing is no longer acceptable. congress needs to pass legislation that solves this decades-long problem. if they do not, absolutely nothing is what they should expect from us in return. ____________________",5412
CREC-2016-09-09-pt1-PgE1235,CREC-2016-09-09,2016-09-09,RECOGNIZING DORIS M. JACQUES AS SHE RECEIVES THE GOVERNOR GEORGE ROMNEY LIFETIME ACHIEVEMENT AWARD,CREC,EXTENSIONS,E,E,1,https://www.govinfo.gov/app/details/CREC-2016-09-09/CREC-2016-09-09-pt1-PgE1235,https://api.govinfo.gov/packages/CREC-2016-09-09/granules/CREC-2016-09-09-pt1-PgE1235/htm,https://api.govinfo.gov/packages/CREC-2016-09-09/granules/CREC-2016-09-09-pt1-PgE1235/pdf,https://api.govinfo.gov/packages/CREC-2016-09-09/summary,,,,https://api.govinfo.gov/related/CREC-2016-09-09-pt1-PgE1235,CREC,Proceedings of Congress and General Congressional Publications,2025-03-07T17:31:58Z,Congressional Record,package_114_321.csv,0,0,0,,0
CREC-2016-09-09-pt1-PgE1235-2,CREC-2016-09-09,2016-09-09,IN RECOGNITION OF MR. TONY WILLIAM DeGROOT,CREC,EXTENSIONS,E,E,1,https://www.govinfo.gov/app/details/CREC-2016-09-09/CREC-2016-09-09-pt1-PgE1235-2,https://api.govinfo.gov/packages/CREC-2016-09-09/granules/CREC-2016-09-09-pt1-PgE1235-2/htm,https://api.govinfo.gov/packages/CREC-2016-09-09/granules/CREC-2016-09-09-pt1-PgE1235-2/pdf,https://api.govinfo.gov/packages/CREC-2016-09-09/summary,"[Congressional Record Volume 162, Number 136 (Friday, September 9, 2016)] [Extensions of Remarks] [Page E1235] From the Congressional Record Online through the Government Publishing Office [ www.gpo.gov ] IN RECOGNITION OF MR. TONY WILLIAM DeGROOT ______ HON. DAVID G. VALADAO of california in the house of representatives Friday, September 9, 2016 Mr. VALADAO. Mr. Speaker, I rise today to commend the late Tony William DeGroot for receiving the Lemoore Chamber of Commerce Lifetime Commitment to Kings County Agriculture Award. Raised in Bennekom, Netherlands, Mr. DeGroot was the youngest of eleven children. During World War II, Mr. DeGroot's family was heavily involved in the Dutch Resistance, which led to his admiration of the bravery of the American soldiers and later his emigration to the United States at the age of twenty-one. On May 15, 1957, Mr. DeGroot and his wife, Betty, were married in Hollandale, Minnesota. They later moved to Southern California in 1959, and five years later they began their successful dairy farm operation in the Central Valley. In 1965, Mr. DeGroot became a founding member of the Visalia Christian Reformed Church where he worshiped, sang in the choir, and led song service. He was also a youth group leader and hosted Bible studies with his wife. Having been a dairy farmer, Mr. DeGroot was significantly involved in the dairy community of the Central Valley for many years. He was passionate about involving future generations in the industry and supported participants in FFA and 4-H. He served on the board for Rabobank and Alltech, among others. Mr. DeGroot was also one of the developers of DG Bar Ranch, which he started for his wife. In September of 2015, Mr. DeGroot passed at the age of eighty in a plane accident while on a fishing trip in Alaska, doing what he loved. He had a great sense for adventure, loved agriculture, and cared deeply for his family. He was a remarkable man who was hospitable to all who entered his life. Mr. DeGroot is survived by his loving wife, Betty, daughter, Rochelle, son, Tony, and grandson Jason. Mr. DeGroot was unanimously selected by the Kings County Agriculture Selection Committee as the honoree for this award due to his important contributions to the agriculture industry in the Central Valley. Mr. Speaker, I ask my colleagues in the United States House of Representatives to join me in commending the late Tony William DeGroot for receiving the Lemoore Chamber of Commerce Lifetime Commitment to Kings County Agriculture Award. ____________________",,"[Congressional Record Volume 162, Number 136 (Friday, September 9, 2016)] [Extensions of Remarks] [Page E1235] From the Congressional Record Online through the Government Publishing Office [ www.gpo.gov ] IN RECOGNITION OF MR. TONY WILLIAM DeGROOT ______ HON. DAVID G. VALADAO of california in the house of representatives Friday, September 9, 2016 Mr. VALADAO. Mr. Speaker, I rise today to commend the late Tony William DeGroot for receiving the Lemoore Chamber of Commerce Lifetime Commitment to Kings County Agriculture Award. Raised in Bennekom, Netherlands, Mr. DeGroot was the youngest of eleven children. During World War II, Mr. DeGroot's family was heavily involved in the Dutch Resistance, which led to his admiration of the bravery of the American soldiers and later his emigration to the United States at the age of twenty-one. On May 15, 1957, Mr. DeGroot and his wife, Betty, were married in Hollandale, Minnesota. They later moved to Southern California in 1959, and five years later they began their successful dairy farm operation in the Central Valley. In 1965, Mr. DeGroot became a founding member of the Visalia Christian Reformed Church where he worshiped, sang in the choir, and led song service. He was also a youth group leader and hosted Bible studies with his wife. Having been a dairy farmer, Mr. DeGroot was significantly involved in the dairy community of the Central Valley for many years. He was passionate about involving future generations in the industry and supported participants in FFA and 4-H. He served on the board for Rabobank and Alltech, among others. Mr. DeGroot was also one of the developers of DG Bar Ranch, which he started for his wife. In September of 2015, Mr. DeGroot passed at the age of eighty in a plane accident while on a fishing trip in Alaska, doing what he loved. He had a great sense for adventure, loved agriculture, and cared deeply for his family. He was a remarkable man who was hospitable to all who entered his life. Mr. DeGroot is survived by his loving wife, Betty, daughter, Rochelle, son, Tony, and grandson Jason. Mr. DeGroot was unanimously selected by the Kings County Agriculture Selection Committee as the honoree for this award due to his important contributions to the agriculture industry in the Central Valley. Mr. Speaker, I ask my colleagues in the United States House of Representatives to join me in commending the late Tony William DeGroot for receiving the Lemoore Chamber of Commerce Lifetime Commitment to Kings County Agriculture Award. ____________________",https://api.govinfo.gov/related/CREC-2016-09-09-pt1-PgE1235-2,CREC,Proceedings of Congress and General Congressional Publications,2025-03-07T17:31:58Z,Congressional Record,package_114_321.csv,2546,0,2546,"[congressional record volume 162, number 136 (friday, september 9, 2016)] [extensions of remarks] [page e1235] from the congressional record online through the government publishing office [ www.gpo.gov ] in recognition of mr. tony william degroot ______ hon. david g. valadao of california in the house of representatives friday, september 9, 2016 mr. valadao. mr. speaker, i rise today to commend the late tony william degroot for receiving the lemoore chamber of commerce lifetime commitment to kings county agriculture award. raised in bennekom, netherlands, mr. degroot was the youngest of eleven children. during world war ii, mr. degroot's family was heavily involved in the dutch resistance, which led to his admiration of the bravery of the american soldiers and later his emigration to the united states at the age of twenty-one. on may 15, 1957, mr. degroot and his wife, betty, were married in hollandale, minnesota. they later moved to southern california in 1959, and five years later they began their successful dairy farm operation in the central valley. in 1965, mr. degroot became a founding member of the visalia christian reformed church where he worshiped, sang in the choir, and led song service. he was also a youth group leader and hosted bible studies with his wife. having been a dairy farmer, mr. degroot was significantly involved in the dairy community of the central valley for many years. he was passionate about involving future generations in the industry and supported participants in ffa and 4-h. he served on the board for rabobank and alltech, among others. mr. degroot was also one of the developers of dg bar ranch, which he started for his wife. in september of 2015, mr. degroot passed at the age of eighty in a plane accident while on a fishing trip in alaska, doing what he loved. he had a great sense for adventure, loved agriculture, and cared deeply for his family. he was a remarkable man who was hospitable to all who entered his life. mr. degroot is survived by his loving wife, betty, daughter, rochelle, son, tony, and grandson jason. mr. degroot was unanimously selected by the kings county agriculture selection committee as the honoree for this award due to his important contributions to the agriculture industry in the central valley. mr. speaker, i ask my colleagues in the united states house of representatives to join me in commending the late tony william degroot for receiving the lemoore chamber of commerce lifetime commitment to kings county agriculture award. ____________________",2546
CREC-2016-09-09-pt1-PgE1235-4,CREC-2016-09-09,2016-09-09,TRIBUTE TO PATRICIA YOUNG,CREC,EXTENSIONS,E,E,1,https://www.govinfo.gov/app/details/CREC-2016-09-09/CREC-2016-09-09-pt1-PgE1235-4,https://api.govinfo.gov/packages/CREC-2016-09-09/granules/CREC-2016-09-09-pt1-PgE1235-4/htm,https://api.govinfo.gov/packages/CREC-2016-09-09/granules/CREC-2016-09-09-pt1-PgE1235-4/pdf,https://api.govinfo.gov/packages/CREC-2016-09-09/summary,,,,https://api.govinfo.gov/related/CREC-2016-09-09-pt1-PgE1235-4,CREC,Proceedings of Congress and General Congressional Publications,2025-03-07T17:31:58Z,Congressional Record,package_114_321.csv,0,0,0,,0
CREC-2016-09-09-pt1-PgE1235-3,CREC-2016-09-09,2016-09-09,IN RECOGNITION OF THE 80TH ANNIVERSARY OF SCHUYLKILL UNITED WAY,CREC,EXTENSIONS,E,E,1,https://www.govinfo.gov/app/details/CREC-2016-09-09/CREC-2016-09-09-pt1-PgE1235-3,https://api.govinfo.gov/packages/CREC-2016-09-09/granules/CREC-2016-09-09-pt1-PgE1235-3/htm,https://api.govinfo.gov/packages/CREC-2016-09-09/granules/CREC-2016-09-09-pt1-PgE1235-3/pdf,https://api.govinfo.gov/packages/CREC-2016-09-09/summary,"[Congressional Record Volume 162, Number 136 (Friday, September 9, 2016)] [Extensions of Remarks] [Page E1235] From the Congressional Record Online through the Government Publishing Office [ www.gpo.gov ] IN RECOGNITION OF THE 80TH ANNIVERSARY OF SCHUYLKILL UNITED WAY ______ HON. MATT CARTWRIGHT of pennsylvania in the house of representatives Friday, September 9, 2016 Mr. CARTWRIGHT. Mr. Speaker, I rise today to honor the Schuylkill United Way, which celebrates its 80th anniversary today, September 9, 2016. The Schuylkill United Way is dedicated to providing funding, guidance, and encouragement to partner organizations that provide a variety of programs and services to the residents of Schuylkill County. The Schuylkill United Way supports fifteen organizations and has provided invaluable assistance to the Schuylkill County community over the last 80 years. The organization was founded in 1936 to help local groups that offered human services at little or no cost. Originally known as the Community Chest, the organization became an independent member of United Way Worldwide in 1976 and changed its name to Schuylkill United Way. Today, Schuylkill United Way partners with entities such as American Red Cross, Big Brothers Big Sisters, Salvation Army, Boy Scouts of America, Girl Scouts in the Heart of Pennsylvania and Meals on Wheels. Partnering efforts and contributions come from local businesses and individuals alike, and ninety-nine percent of the assistance marshalled stays within Schuylkill County. Schuylkill United Way organizes events like Stuff the Bus, which provides school supplies to children in need, and the Captain Jason B. Jones Day of Caring, where volunteers donate their time working at nonprofit and government locations. It is an honor to recognize the Schuylkill United Way as it celebrates 80 years of helping others. I am deeply grateful for the many services they provide to the people of Schuylkill County. May they continue their great work for welfare of their neighbors for many years to come. ____________________",,"[Congressional Record Volume 162, Number 136 (Friday, September 9, 2016)] [Extensions of Remarks] [Page E1235] From the Congressional Record Online through the Government Publishing Office [ www.gpo.gov ] IN RECOGNITION OF THE 80TH ANNIVERSARY OF SCHUYLKILL UNITED WAY ______ HON. MATT CARTWRIGHT of pennsylvania in the house of representatives Friday, September 9, 2016 Mr. CARTWRIGHT. Mr. Speaker, I rise today to honor the Schuylkill United Way, which celebrates its 80th anniversary today, September 9, 2016. The Schuylkill United Way is dedicated to providing funding, guidance, and encouragement to partner organizations that provide a variety of programs and services to the residents of Schuylkill County. The Schuylkill United Way supports fifteen organizations and has provided invaluable assistance to the Schuylkill County community over the last 80 years. The organization was founded in 1936 to help local groups that offered human services at little or no cost. Originally known as the Community Chest, the organization became an independent member of United Way Worldwide in 1976 and changed its name to Schuylkill United Way. Today, Schuylkill United Way partners with entities such as American Red Cross, Big Brothers Big Sisters, Salvation Army, Boy Scouts of America, Girl Scouts in the Heart of Pennsylvania and Meals on Wheels. Partnering efforts and contributions come from local businesses and individuals alike, and ninety-nine percent of the assistance marshalled stays within Schuylkill County. Schuylkill United Way organizes events like Stuff the Bus, which provides school supplies to children in need, and the Captain Jason B. Jones Day of Caring, where volunteers donate their time working at nonprofit and government locations. It is an honor to recognize the Schuylkill United Way as it celebrates 80 years of helping others. I am deeply grateful for the many services they provide to the people of Schuylkill County. May they continue their great work for welfare of their neighbors for many years to come. ____________________",https://api.govinfo.gov/related/CREC-2016-09-09-pt1-PgE1235-3,CREC,Proceedings of Congress and General Congressional Publications,2025-03-07T17:31:58Z,Congressional Record,package_114_321.csv,2062,0,2062,"[congressional record volume 162, number 136 (friday, september 9, 2016)] [extensions of remarks] [page e1235] from the congressional record online through the government publishing office [ www.gpo.gov ] in recognition of the 80th anniversary of schuylkill united way ______ hon. matt cartwright of pennsylvania in the house of representatives friday, september 9, 2016 mr. cartwright. mr. speaker, i rise today to honor the schuylkill united way, which celebrates its 80th anniversary today, september 9, 2016. the schuylkill united way is dedicated to providing funding, guidance, and encouragement to partner organizations that provide a variety of programs and services to the residents of schuylkill county. the schuylkill united way supports fifteen organizations and has provided invaluable assistance to the schuylkill county community over the last 80 years. the organization was founded in 1936 to help local groups that offered human services at little or no cost. originally known as the community chest, the organization became an independent member of united way worldwide in 1976 and changed its name to schuylkill united way. today, schuylkill united way partners with entities such as american red cross, big brothers big sisters, salvation army, boy scouts of america, girl scouts in the heart of pennsylvania and meals on wheels. partnering efforts and contributions come from local businesses and individuals alike, and ninety-nine percent of the assistance marshalled stays within schuylkill county. schuylkill united way organizes events like stuff the bus, which provides school supplies to children in need, and the captain jason b. jones day of caring, where volunteers donate their time working at nonprofit and government locations. it is an honor to recognize the schuylkill united way as it celebrates 80 years of helping others. i am deeply grateful for the many services they provide to the people of schuylkill county. may they continue their great work for welfare of their neighbors for many years to come. ____________________",2062
CREC-2016-09-09-pt1-PgE1235-5,CREC-2016-09-09,2016-09-09,RECOGNIZING DOCTOR SAMUEL SHAHEEN AND THE SHAHEEN FAMILY AS THEY RECEIVE THE COMMUNITY PHILANTHROPY AWARD,CREC,EXTENSIONS,E,E,1,https://www.govinfo.gov/app/details/CREC-2016-09-09/CREC-2016-09-09-pt1-PgE1235-5,https://api.govinfo.gov/packages/CREC-2016-09-09/granules/CREC-2016-09-09-pt1-PgE1235-5/htm,https://api.govinfo.gov/packages/CREC-2016-09-09/granules/CREC-2016-09-09-pt1-PgE1235-5/pdf,https://api.govinfo.gov/packages/CREC-2016-09-09/summary,,,,https://api.govinfo.gov/related/CREC-2016-09-09-pt1-PgE1235-5,CREC,Proceedings of Congress and General Congressional Publications,2025-03-07T17:31:58Z,Congressional Record,package_114_321.csv,0,0,0,,0
CREC-2016-09-09-pt1-PgE1236,CREC-2016-09-09,2016-09-09,CONGRATULATING JEFF KESTER ON WINNING THE R. LAYNE MORRILL AWARD,CREC,EXTENSIONS,E,E,1,https://www.govinfo.gov/app/details/CREC-2016-09-09/CREC-2016-09-09-pt1-PgE1236,https://api.govinfo.gov/packages/CREC-2016-09-09/granules/CREC-2016-09-09-pt1-PgE1236/htm,https://api.govinfo.gov/packages/CREC-2016-09-09/granules/CREC-2016-09-09-pt1-PgE1236/pdf,https://api.govinfo.gov/packages/CREC-2016-09-09/summary,"[Congressional Record Volume 162, Number 136 (Friday, September 9, 2016)] [Extensions of Remarks] [Page E1236] From the Congressional Record Online through the Government Publishing Office [ www.gpo.gov ] CONGRATULATING JEFF KESTER ON WINNING THE R. LAYNE MORRILL AWARD ______ HON. BILLY LONG of missouri in the house of representatives Friday, September 9, 2016 Mr. LONG. Mr. Speaker, I rise today to recognize and congratulate Jeff Kester, current board president of the Greater Springfield Board of REALTORS, on being presented the R. Layne Morrill Award by the Member Boards and Associations of the Missouri REALTORS. The R. Layne Morrill Award aims to recognize one person who has made it their goal, through political involvement, to advance REALTORS in Missouri's legislative agenda. Jeff Kester has spent 21 years as an advocate for Missouri REALTORS. I am honored to recognize Jeff Kester, and I congratulate him on receiving the 2016 R. Layne Morrill Award. ____________________",,"[Congressional Record Volume 162, Number 136 (Friday, September 9, 2016)] [Extensions of Remarks] [Page E1236] From the Congressional Record Online through the Government Publishing Office [ www.gpo.gov ] CONGRATULATING JEFF KESTER ON WINNING THE R. LAYNE MORRILL AWARD ______ HON. BILLY LONG of missouri in the house of representatives Friday, September 9, 2016 Mr. LONG. Mr. Speaker, I rise today to recognize and congratulate Jeff Kester, current board president of the Greater Springfield Board of REALTORS, on being presented the R. Layne Morrill Award by the Member Boards and Associations of the Missouri REALTORS. The R. Layne Morrill Award aims to recognize one person who has made it their goal, through political involvement, to advance REALTORS in Missouri's legislative agenda. Jeff Kester has spent 21 years as an advocate for Missouri REALTORS. I am honored to recognize Jeff Kester, and I congratulate him on receiving the 2016 R. Layne Morrill Award. ____________________",https://api.govinfo.gov/related/CREC-2016-09-09-pt1-PgE1236,CREC,Proceedings of Congress and General Congressional Publications,2025-03-07T17:31:58Z,Congressional Record,package_114_321.csv,988,0,988,"[congressional record volume 162, number 136 (friday, september 9, 2016)] [extensions of remarks] [page e1236] from the congressional record online through the government publishing office [ www.gpo.gov ] congratulating jeff kester on winning the r. layne morrill award ______ hon. billy long of missouri in the house of representatives friday, september 9, 2016 mr. long. mr. speaker, i rise today to recognize and congratulate jeff kester, current board president of the greater springfield board of realtors, on being presented the r. layne morrill award by the member boards and associations of the missouri realtors. the r. layne morrill award aims to recognize one person who has made it their goal, through political involvement, to advance realtors in missouri's legislative agenda. jeff kester has spent 21 years as an advocate for missouri realtors. i am honored to recognize jeff kester, and i congratulate him on receiving the 2016 r. layne morrill award. ____________________",988
CREC-2016-09-09-pt1-PgE1236-2,CREC-2016-09-09,2016-09-09,FRANCESC DE PAULA SOLER,CREC,EXTENSIONS,E,E,1,https://www.govinfo.gov/app/details/CREC-2016-09-09/CREC-2016-09-09-pt1-PgE1236-2,https://api.govinfo.gov/packages/CREC-2016-09-09/granules/CREC-2016-09-09-pt1-PgE1236-2/htm,https://api.govinfo.gov/packages/CREC-2016-09-09/granules/CREC-2016-09-09-pt1-PgE1236-2/pdf,https://api.govinfo.gov/packages/CREC-2016-09-09/summary,"[Congressional Record Volume 162, Number 136 (Friday, September 9, 2016)] [Extensions of Remarks] [Page E1236] From the Congressional Record Online through the Government Publishing Office [ www.gpo.gov ] FRANCESC DE PAULA SOLER ______ HON. JOSE E. SERRANO of new york in the house of representatives Friday, September 9, 2016 Mr. SERRANO. Mr. Speaker, it is with great pleasure that I rise today to once again pay tribute to Francesc de Paula Soler, a gifted and world-renowned musician. Mr. Soler grew up in Spain and comes from a Catalan family of well- known artists. He began studying the guitar at the age of six and was completely immersed in it by age 11, earning the highest honors in the prestigious Conservatorio Superior de Musica in Barcelona, Spain. Mr. Soler received rigorous training from legendary guitarists Andres Segovia, known as the ``Father of Classical Guitar,'' and Narciso Yepes. Mr. Soler has become a legend in his own right due to his unique skills in conveying emotions through the strings of his guitar. Mr. Soler has performed in music halls and auditoriums throughout the United States and Europe for audiences of all ages and backgrounds. Some of the venues include the Library of Congress, the Levine School of Music and the Acheson Auditorium at the United States Department of State. Commonly known as the ``Poet of the Guitar,'' Mr. Soler has received numerous awards and recognitions, including: Medal of St. Vladimir of the Russian Orthodox Church, Honorary Citizen of Dallas, Honorary Citizen of Corpus Christi, Golden Key of the Corpus Christi City, Medal of the U.S. Military Academy and the Plaque of the Catalan Catholic Church Council. In commemoration of Hispanic Heritage Month and the positive contributions of Hispanic-Americans throughout our nation's history, Mr. Soler will once again grace the Library of Congress with his music. I encourage all of my colleagues to attend Mr. Soler's concert on September 16, 2016 as we commemorate the 400th Anniversary of the death of Miguel de Cervantes Saavedra, author of the most influential work of literature in the Spanish language--Don Quijote de la Mancha. Mr. Speaker, I ask my colleagues to join me in paying tribute to Francesc de Paula Soler for his contributions to the world of music. ____________________",,"[Congressional Record Volume 162, Number 136 (Friday, September 9, 2016)] [Extensions of Remarks] [Page E1236] From the Congressional Record Online through the Government Publishing Office [ www.gpo.gov ] FRANCESC DE PAULA SOLER ______ HON. JOSE E. SERRANO of new york in the house of representatives Friday, September 9, 2016 Mr. SERRANO. Mr. Speaker, it is with great pleasure that I rise today to once again pay tribute to Francesc de Paula Soler, a gifted and world-renowned musician. Mr. Soler grew up in Spain and comes from a Catalan family of well- known artists. He began studying the guitar at the age of six and was completely immersed in it by age 11, earning the highest honors in the prestigious Conservatorio Superior de Musica in Barcelona, Spain. Mr. Soler received rigorous training from legendary guitarists Andres Segovia, known as the ``Father of Classical Guitar,'' and Narciso Yepes. Mr. Soler has become a legend in his own right due to his unique skills in conveying emotions through the strings of his guitar. Mr. Soler has performed in music halls and auditoriums throughout the United States and Europe for audiences of all ages and backgrounds. Some of the venues include the Library of Congress, the Levine School of Music and the Acheson Auditorium at the United States Department of State. Commonly known as the ``Poet of the Guitar,'' Mr. Soler has received numerous awards and recognitions, including: Medal of St. Vladimir of the Russian Orthodox Church, Honorary Citizen of Dallas, Honorary Citizen of Corpus Christi, Golden Key of the Corpus Christi City, Medal of the U.S. Military Academy and the Plaque of the Catalan Catholic Church Council. In commemoration of Hispanic Heritage Month and the positive contributions of Hispanic-Americans throughout our nation's history, Mr. Soler will once again grace the Library of Congress with his music. I encourage all of my colleagues to attend Mr. Soler's concert on September 16, 2016 as we commemorate the 400th Anniversary of the death of Miguel de Cervantes Saavedra, author of the most influential work of literature in the Spanish language--Don Quijote de la Mancha. Mr. Speaker, I ask my colleagues to join me in paying tribute to Francesc de Paula Soler for his contributions to the world of music. ____________________",https://api.govinfo.gov/related/CREC-2016-09-09-pt1-PgE1236-2,CREC,Proceedings of Congress and General Congressional Publications,2025-03-07T17:31:58Z,Congressional Record,package_114_321.csv,2311,0,2311,"[congressional record volume 162, number 136 (friday, september 9, 2016)] [extensions of remarks] [page e1236] from the congressional record online through the government publishing office [ www.gpo.gov ] francesc de paula soler ______ hon. jose e. serrano of new york in the house of representatives friday, september 9, 2016 mr. serrano. mr. speaker, it is with great pleasure that i rise today to once again pay tribute to francesc de paula soler, a gifted and world-renowned musician. mr. soler grew up in spain and comes from a catalan family of well- known artists. he began studying the guitar at the age of six and was completely immersed in it by age 11, earning the highest honors in the prestigious conservatorio superior de musica in barcelona, spain. mr. soler received rigorous training from legendary guitarists andres segovia, known as the ``father of classical guitar,'' and narciso yepes. mr. soler has become a legend in his own right due to his unique skills in conveying emotions through the strings of his guitar. mr. soler has performed in music halls and auditoriums throughout the united states and europe for audiences of all ages and backgrounds. some of the venues include the library of congress, the levine school of music and the acheson auditorium at the united states department of state. commonly known as the ``poet of the guitar,'' mr. soler has received numerous awards and recognitions, including: medal of st. vladimir of the russian orthodox church, honorary citizen of dallas, honorary citizen of corpus christi, golden key of the corpus christi city, medal of the u.s. military academy and the plaque of the catalan catholic church council. in commemoration of hispanic heritage month and the positive contributions of hispanic-americans throughout our nation's history, mr. soler will once again grace the library of congress with his music. i encourage all of my colleagues to attend mr. soler's concert on september 16, 2016 as we commemorate the 400th anniversary of the death of miguel de cervantes saavedra, author of the most influential work of literature in the spanish language--don quijote de la mancha. mr. speaker, i ask my colleagues to join me in paying tribute to francesc de paula soler for his contributions to the world of music. ____________________",2311
CREC-2016-09-09-pt1-PgE1234-2,CREC-2016-09-09,2016-09-09,RECOGNIZING THE ACCOMPLISHMENTS OF CLARESSA SHIELDS,CREC,EXTENSIONS,E,E,1,https://www.govinfo.gov/app/details/CREC-2016-09-09/CREC-2016-09-09-pt1-PgE1234-2,https://api.govinfo.gov/packages/CREC-2016-09-09/granules/CREC-2016-09-09-pt1-PgE1234-2/htm,https://api.govinfo.gov/packages/CREC-2016-09-09/granules/CREC-2016-09-09-pt1-PgE1234-2/pdf,https://api.govinfo.gov/packages/CREC-2016-09-09/summary,"[Congressional Record Volume 162, Number 136 (Friday, September 9, 2016)] [Extensions of Remarks] [Page E1234] From the Congressional Record Online through the Government Publishing Office [ www.gpo.gov ] RECOGNIZING THE ACCOMPLISHMENTS OF CLARESSA SHIELDS ______ HON. DANIEL T. KILDEE of michigan in the house of representatives Friday, September 9, 2016 Mr. KILDEE. Mr. Speaker, I ask the United States House of Representatives to join me in recognizing Claressa Shields for her history-making accomplishments as an athlete and Olympian, and continued commitment to the State of Michigan and to my hometown of Flint, Michigan. Introduced to boxing at a young age, Claressa has built an impressive career that boasts, among many victories in national and world championships, two successive gold medals from the 2012 Olympics in London and 2016 Olympics in Rio de Janeiro. This feat makes her the first American, male or female, to win back-to-back gold medals in Boxing. On August 23, 2016, upon her return from the Games of the XXXI Olympiad in Rio de Janeiro, Brazil, my home town of Flint welcomed home Claressa Shields in a celebration to spotlight her mark in history and inspiring story. Through her victories, Claressa has breathed life into the dreams of young athletes and individuals in Michigan and across the nation. She is a remarkable woman who credits her success, her journey, to hard work and her faith. Her support system has been a small group of dedicated individuals ranging from the coaches whom have driven her to victory, to her grandmother who taught her that gender could not hold her back. Now, Claressa, who describes herself as ``just a kid from Flint,'' is dedicating herself to supporting individuals, young and old, in Flint as they face the challenges of poverty, gun violence and the ongoing water crisis. Therefore, Mr. Speaker, I submit Claressa Shields before the House as an example of not only a great athlete, but a great American. She represents the resilience of the American dream, and the strong, proud spirit of Flint, Michigan. I applaud Claressa for her dedication to her sport, and her dedication to our community. The change that she will effect has only begun. ____________________",,"[Congressional Record Volume 162, Number 136 (Friday, September 9, 2016)] [Extensions of Remarks] [Page E1234] From the Congressional Record Online through the Government Publishing Office [ www.gpo.gov ] RECOGNIZING THE ACCOMPLISHMENTS OF CLARESSA SHIELDS ______ HON. DANIEL T. KILDEE of michigan in the house of representatives Friday, September 9, 2016 Mr. KILDEE. Mr. Speaker, I ask the United States House of Representatives to join me in recognizing Claressa Shields for her history-making accomplishments as an athlete and Olympian, and continued commitment to the State of Michigan and to my hometown of Flint, Michigan. Introduced to boxing at a young age, Claressa has built an impressive career that boasts, among many victories in national and world championships, two successive gold medals from the 2012 Olympics in London and 2016 Olympics in Rio de Janeiro. This feat makes her the first American, male or female, to win back-to-back gold medals in Boxing. On August 23, 2016, upon her return from the Games of the XXXI Olympiad in Rio de Janeiro, Brazil, my home town of Flint welcomed home Claressa Shields in a celebration to spotlight her mark in history and inspiring story. Through her victories, Claressa has breathed life into the dreams of young athletes and individuals in Michigan and across the nation. She is a remarkable woman who credits her success, her journey, to hard work and her faith. Her support system has been a small group of dedicated individuals ranging from the coaches whom have driven her to victory, to her grandmother who taught her that gender could not hold her back. Now, Claressa, who describes herself as ``just a kid from Flint,'' is dedicating herself to supporting individuals, young and old, in Flint as they face the challenges of poverty, gun violence and the ongoing water crisis. Therefore, Mr. Speaker, I submit Claressa Shields before the House as an example of not only a great athlete, but a great American. She represents the resilience of the American dream, and the strong, proud spirit of Flint, Michigan. I applaud Claressa for her dedication to her sport, and her dedication to our community. The change that she will effect has only begun. ____________________",https://api.govinfo.gov/related/CREC-2016-09-09-pt1-PgE1234-2,CREC,Proceedings of Congress and General Congressional Publications,2025-03-07T17:31:58Z,Congressional Record,package_114_321.csv,2233,0,2233,"[congressional record volume 162, number 136 (friday, september 9, 2016)] [extensions of remarks] [page e1234] from the congressional record online through the government publishing office [ www.gpo.gov ] recognizing the accomplishments of claressa shields ______ hon. daniel t. kildee of michigan in the house of representatives friday, september 9, 2016 mr. kildee. mr. speaker, i ask the united states house of representatives to join me in recognizing claressa shields for her history-making accomplishments as an athlete and olympian, and continued commitment to the state of michigan and to my hometown of flint, michigan. introduced to boxing at a young age, claressa has built an impressive career that boasts, among many victories in national and world championships, two successive gold medals from the 2012 olympics in london and 2016 olympics in rio de janeiro. this feat makes her the first american, male or female, to win back-to-back gold medals in boxing. on august 23, 2016, upon her return from the games of the xxxi olympiad in rio de janeiro, brazil, my home town of flint welcomed home claressa shields in a celebration to spotlight her mark in history and inspiring story. through her victories, claressa has breathed life into the dreams of young athletes and individuals in michigan and across the nation. she is a remarkable woman who credits her success, her journey, to hard work and her faith. her support system has been a small group of dedicated individuals ranging from the coaches whom have driven her to victory, to her grandmother who taught her that gender could not hold her back. now, claressa, who describes herself as ``just a kid from flint,'' is dedicating herself to supporting individuals, young and old, in flint as they face the challenges of poverty, gun violence and the ongoing water crisis. therefore, mr. speaker, i submit claressa shields before the house as an example of not only a great athlete, but a great american. she represents the resilience of the american dream, and the strong, proud spirit of flint, michigan. i applaud claressa for her dedication to her sport, and her dedication to our community. the change that she will effect has only begun. ____________________",2233
CREC-2016-09-09-pt1-PgE1236-5,CREC-2016-09-09,2016-09-09,PERSONAL EXPLANATION,CREC,EXTENSIONS,E,E,1,https://www.govinfo.gov/app/details/CREC-2016-09-09/CREC-2016-09-09-pt1-PgE1236-5,https://api.govinfo.gov/packages/CREC-2016-09-09/granules/CREC-2016-09-09-pt1-PgE1236-5/htm,https://api.govinfo.gov/packages/CREC-2016-09-09/granules/CREC-2016-09-09-pt1-PgE1236-5/pdf,https://api.govinfo.gov/packages/CREC-2016-09-09/summary,,,,https://api.govinfo.gov/related/CREC-2016-09-09-pt1-PgE1236-5,CREC,Proceedings of Congress and General Congressional Publications,2025-03-07T17:31:58Z,Congressional Record,package_114_321.csv,0,0,0,,0
CREC-2016-09-09-pt1-PgE1236-4,CREC-2016-09-09,2016-09-09,TRIBUTE TO KIM AVEY,CREC,EXTENSIONS,E,E,1,https://www.govinfo.gov/app/details/CREC-2016-09-09/CREC-2016-09-09-pt1-PgE1236-4,https://api.govinfo.gov/packages/CREC-2016-09-09/granules/CREC-2016-09-09-pt1-PgE1236-4/htm,https://api.govinfo.gov/packages/CREC-2016-09-09/granules/CREC-2016-09-09-pt1-PgE1236-4/pdf,https://api.govinfo.gov/packages/CREC-2016-09-09/summary,"[Congressional Record Volume 162, Number 136 (Friday, September 9, 2016)] [Extensions of Remarks] [Page E1236] From the Congressional Record Online through the Government Publishing Office [ www.gpo.gov ] TRIBUTE TO KIM AVEY ______ HON. DAVID YOUNG of iowa in the house of representatives Friday, September 9, 2016 Mr. YOUNG of Iowa. Mr. Speaker, I rise today to recognize and congratulate Kim Avey for being honored in her community as the 2016 Good Egg Days Citizen of the Year. Ms. Avey is a great volunteer throughout the community, helping at Scoop the Loop and the local skating rink. She also works as a rural mail delivery person, well-known to go out of her way to make sure her route patrons get their mail in the best shape and in a timely manner. Mr. Speaker, it is an honor to represent Kim Avey in the United States Congress. I ask that my colleagues in the United States House of Representatives join me in congratulating her on receiving this award and in wishing her nothing but continued success. ____________________",,"[Congressional Record Volume 162, Number 136 (Friday, September 9, 2016)] [Extensions of Remarks] [Page E1236] From the Congressional Record Online through the Government Publishing Office [ www.gpo.gov ] TRIBUTE TO KIM AVEY ______ HON. DAVID YOUNG of iowa in the house of representatives Friday, September 9, 2016 Mr. YOUNG of Iowa. Mr. Speaker, I rise today to recognize and congratulate Kim Avey for being honored in her community as the 2016 Good Egg Days Citizen of the Year. Ms. Avey is a great volunteer throughout the community, helping at Scoop the Loop and the local skating rink. She also works as a rural mail delivery person, well-known to go out of her way to make sure her route patrons get their mail in the best shape and in a timely manner. Mr. Speaker, it is an honor to represent Kim Avey in the United States Congress. I ask that my colleagues in the United States House of Representatives join me in congratulating her on receiving this award and in wishing her nothing but continued success. ____________________",https://api.govinfo.gov/related/CREC-2016-09-09-pt1-PgE1236-4,CREC,Proceedings of Congress and General Congressional Publications,2025-03-07T17:31:58Z,Congressional Record,package_114_321.csv,1035,0,1035,"[congressional record volume 162, number 136 (friday, september 9, 2016)] [extensions of remarks] [page e1236] from the congressional record online through the government publishing office [ www.gpo.gov ] tribute to kim avey ______ hon. david young of iowa in the house of representatives friday, september 9, 2016 mr. young of iowa. mr. speaker, i rise today to recognize and congratulate kim avey for being honored in her community as the 2016 good egg days citizen of the year. ms. avey is a great volunteer throughout the community, helping at scoop the loop and the local skating rink. she also works as a rural mail delivery person, well-known to go out of her way to make sure her route patrons get their mail in the best shape and in a timely manner. mr. speaker, it is an honor to represent kim avey in the united states congress. i ask that my colleagues in the united states house of representatives join me in congratulating her on receiving this award and in wishing her nothing but continued success. ____________________",1035
CREC-2016-09-09-pt1-PgE1237,CREC-2016-09-09,2016-09-09,TRIBUTE TO NANCY AND WALTER COZIAHR,CREC,EXTENSIONS,E,E,1,https://www.govinfo.gov/app/details/CREC-2016-09-09/CREC-2016-09-09-pt1-PgE1237,https://api.govinfo.gov/packages/CREC-2016-09-09/granules/CREC-2016-09-09-pt1-PgE1237/htm,https://api.govinfo.gov/packages/CREC-2016-09-09/granules/CREC-2016-09-09-pt1-PgE1237/pdf,https://api.govinfo.gov/packages/CREC-2016-09-09/summary,"[Congressional Record Volume 162, Number 136 (Friday, September 9, 2016)] [Extensions of Remarks] [Page E1237] From the Congressional Record Online through the Government Publishing Office [ www.gpo.gov ] TRIBUTE TO NANCY AND WALTER COZIAHR ______ HON. DAVID YOUNG of iowa in the house of representatives Friday, September 9, 2016 Mr. YOUNG of Iowa. Mr. Speaker, I rise today to recognize and honor Nancy and Walter Coziahr of Council Bluffs, Iowa, on the very special occasion of their 60th wedding anniversary. They were married June 8, 1956 in Council Bluffs. Nancy and Walter's lifelong commitment to each other and their children, Mary, David, Tom, and Jane, as well as their eight grandchildren, truly embodies Iowa values. As they reflect on their 60th anniversary, I hope it is filled with happy memories and for continued hope for the future. Mr. Speaker, I commend this great couple on their 60th year together and I wish them many more. I know my colleagues in the United States House of Representatives will join me in congratulating them on this momentous occasion. ____________________",,"[Congressional Record Volume 162, Number 136 (Friday, September 9, 2016)] [Extensions of Remarks] [Page E1237] From the Congressional Record Online through the Government Publishing Office [ www.gpo.gov ] TRIBUTE TO NANCY AND WALTER COZIAHR ______ HON. DAVID YOUNG of iowa in the house of representatives Friday, September 9, 2016 Mr. YOUNG of Iowa. Mr. Speaker, I rise today to recognize and honor Nancy and Walter Coziahr of Council Bluffs, Iowa, on the very special occasion of their 60th wedding anniversary. They were married June 8, 1956 in Council Bluffs. Nancy and Walter's lifelong commitment to each other and their children, Mary, David, Tom, and Jane, as well as their eight grandchildren, truly embodies Iowa values. As they reflect on their 60th anniversary, I hope it is filled with happy memories and for continued hope for the future. Mr. Speaker, I commend this great couple on their 60th year together and I wish them many more. I know my colleagues in the United States House of Representatives will join me in congratulating them on this momentous occasion. ____________________",https://api.govinfo.gov/related/CREC-2016-09-09-pt1-PgE1237,CREC,Proceedings of Congress and General Congressional Publications,2025-03-07T17:31:58Z,Congressional Record,package_114_321.csv,1099,0,1099,"[congressional record volume 162, number 136 (friday, september 9, 2016)] [extensions of remarks] [page e1237] from the congressional record online through the government publishing office [ www.gpo.gov ] tribute to nancy and walter coziahr ______ hon. david young of iowa in the house of representatives friday, september 9, 2016 mr. young of iowa. mr. speaker, i rise today to recognize and honor nancy and walter coziahr of council bluffs, iowa, on the very special occasion of their 60th wedding anniversary. they were married june 8, 1956 in council bluffs. nancy and walter's lifelong commitment to each other and their children, mary, david, tom, and jane, as well as their eight grandchildren, truly embodies iowa values. as they reflect on their 60th anniversary, i hope it is filled with happy memories and for continued hope for the future. mr. speaker, i commend this great couple on their 60th year together and i wish them many more. i know my colleagues in the united states house of representatives will join me in congratulating them on this momentous occasion. ____________________",1099
CREC-2016-09-09-pt1-PgE1236-6,CREC-2016-09-09,2016-09-09,"IN RECOGNITION OF OTIS REDDING, JR.",CREC,EXTENSIONS,E,E,1,https://www.govinfo.gov/app/details/CREC-2016-09-09/CREC-2016-09-09-pt1-PgE1236-6,https://api.govinfo.gov/packages/CREC-2016-09-09/granules/CREC-2016-09-09-pt1-PgE1236-6/htm,https://api.govinfo.gov/packages/CREC-2016-09-09/granules/CREC-2016-09-09-pt1-PgE1236-6/pdf,https://api.govinfo.gov/packages/CREC-2016-09-09/summary,"[Congressional Record Volume 162, Number 136 (Friday, September 9, 2016)] [Extensions of Remarks] [Pages E1236-E1237] From the Congressional Record Online through the Government Publishing Office [ www.gpo.gov ] IN RECOGNITION OF OTIS REDDING, JR. ______ HON. SANFORD D. BISHOP, JR. of georgia in the house of representatives Friday, September 9, 2016 Mr. BISHOP of Georgia. Mr. Speaker, I rise today to recognize a brilliant artist, homegrown legend, and loving father, the Late Great Otis Redding, Jr. In recognition of Otis Redding's contribution to music that touched souls across the world, the Redding Foundation will be celebrating what would be his 75th birthday the weekend of September 9 through September 11, 2016 in Macon, Georgia. Otis Redding was born in Dawson, Georgia on September 9, 1941. At a young age, he and his family moved to Macon, where he began singing at Vineville Baptist Church. Embracing his budding musicianship, he joined the school band at Ballard-Hudson High School and competed in the Douglass Theatre talent show. After winning the talent show fifteen consecutive times, he was no longer allowed to compete. However, this certainly did [[Page E1237]] not discourage him from embarking on his path to becoming the King of Soul. In 1958, Otis Redding officially began his professional music career when he joined Johnny Jenkins and the Pinetoppers. After the group finished recording with Booker T. and the MGs, Mr. Redding wanted to use the last few minutes at the end of the session to sing for everyone. As he started to sing what would become his first hit single of 17 hit singles in a row, ``These Arms of Mine,'' everyone in the studio became captivated by his voice. Jim Stewart, then co-owner of Stax Records, came running into the studio and began yelling, ``That's it! That's it! Where is everybody? We gotta get this on tape!'' A man with his own voice and a unique sound, Otis Redding's short but spectacular music career led to his releasing hit single after hit single, including ``I've Been Loving You Too Long,'' ``Respect,'' and ``Try A Little Tenderness.'' On his journey to becoming the King of Soul, he performed across the country and the world with shows in the United States, Canada, Europe, and the Caribbean. In 1965, his business acumen allowed him to create his own label: Jotis Records. His concerts were box office smashes, some of the biggest of any performer during his time. In 1966, Otis Redding received the NAACP Lifetime Membership Award. The National Academy of Recording Arts & Sciences (NARAS) nominated him for awards in three categories for his recordings from 1967. He also accrued countless other honors and recognition for his music after his passing in December 1967, most notably of which are two 1969 Grammys for Best R&B Vocal Performance and Best Rhythm & Blues Song for his number one hit single, ``(Sittin' On) The Dock of the Bay;'' the 1999 Grammy Lifetime Achievement Award; and his 1998, 2011, and 2015 Grammy Hall of Fame Inductions. Otis Redding was much more than his beautiful voice. Above all else, he was a family man. He married his wife, Zelma, in August of 1961 and together, they raised three wonderful children: Dexter, Karla, and Otis Redding, Ill. Mrs. Redding also adopted Demetria after Mr. Redding's passing. There was a special place in Otis Redding's heart and soul reserved only for his family. He worked tirelessly to provide for them. His ambition, drive, and sacrifices paid off when he was able to move his family to ``The Big O Ranch'' in 1965, a 300-acre property in Round Oak, Georgia. Reflected in the mission of the Otis Redding Foundation, which was established in 2007 by Mrs. Zelma Redding in her late husband's honor, Otis Redding was dedicated to improving the quality of life for his community through education and empowerment. Those who knew Otis Redding personally speak fondly of him and his closest friends described him as a wonderful person to be around, and always 100 percent full of energy. They remember him being big in every way: physically, in his talent, in wisdom about other people, and in his love for his family and community. Mr. Speaker, I ask my colleagues to join me, my wife Vivian, and the more than 730,000 residents of Georgia's Second Congressional District in recognizing Otis Redding, Jr. for his remarkable accomplishments as a pioneering and world-renowned musician. His timeless talent and everlasting legacy live on in the hearts of those who loved him and will continue to be remembered by generations to come. ____________________",,"[Congressional Record Volume 162, Number 136 (Friday, September 9, 2016)] [Extensions of Remarks] [Pages E1236-E1237] From the Congressional Record Online through the Government Publishing Office [ www.gpo.gov ] IN RECOGNITION OF OTIS REDDING, JR. ______ HON. SANFORD D. BISHOP, JR. of georgia in the house of representatives Friday, September 9, 2016 Mr. BISHOP of Georgia. Mr. Speaker, I rise today to recognize a brilliant artist, homegrown legend, and loving father, the Late Great Otis Redding, Jr. In recognition of Otis Redding's contribution to music that touched souls across the world, the Redding Foundation will be celebrating what would be his 75th birthday the weekend of September 9 through September 11, 2016 in Macon, Georgia. Otis Redding was born in Dawson, Georgia on September 9, 1941. At a young age, he and his family moved to Macon, where he began singing at Vineville Baptist Church. Embracing his budding musicianship, he joined the school band at Ballard-Hudson High School and competed in the Douglass Theatre talent show. After winning the talent show fifteen consecutive times, he was no longer allowed to compete. However, this certainly did [[Page E1237]] not discourage him from embarking on his path to becoming the King of Soul. In 1958, Otis Redding officially began his professional music career when he joined Johnny Jenkins and the Pinetoppers. After the group finished recording with Booker T. and the MGs, Mr. Redding wanted to use the last few minutes at the end of the session to sing for everyone. As he started to sing what would become his first hit single of 17 hit singles in a row, ``These Arms of Mine,'' everyone in the studio became captivated by his voice. Jim Stewart, then co-owner of Stax Records, came running into the studio and began yelling, ``That's it! That's it! Where is everybody? We gotta get this on tape!'' A man with his own voice and a unique sound, Otis Redding's short but spectacular music career led to his releasing hit single after hit single, including ``I've Been Loving You Too Long,'' ``Respect,'' and ``Try A Little Tenderness.'' On his journey to becoming the King of Soul, he performed across the country and the world with shows in the United States, Canada, Europe, and the Caribbean. In 1965, his business acumen allowed him to create his own label: Jotis Records. His concerts were box office smashes, some of the biggest of any performer during his time. In 1966, Otis Redding received the NAACP Lifetime Membership Award. The National Academy of Recording Arts & Sciences (NARAS) nominated him for awards in three categories for his recordings from 1967. He also accrued countless other honors and recognition for his music after his passing in December 1967, most notably of which are two 1969 Grammys for Best R&B Vocal Performance and Best Rhythm & Blues Song for his number one hit single, ``(Sittin' On) The Dock of the Bay;'' the 1999 Grammy Lifetime Achievement Award; and his 1998, 2011, and 2015 Grammy Hall of Fame Inductions. Otis Redding was much more than his beautiful voice. Above all else, he was a family man. He married his wife, Zelma, in August of 1961 and together, they raised three wonderful children: Dexter, Karla, and Otis Redding, Ill. Mrs. Redding also adopted Demetria after Mr. Redding's passing. There was a special place in Otis Redding's heart and soul reserved only for his family. He worked tirelessly to provide for them. His ambition, drive, and sacrifices paid off when he was able to move his family to ``The Big O Ranch'' in 1965, a 300-acre property in Round Oak, Georgia. Reflected in the mission of the Otis Redding Foundation, which was established in 2007 by Mrs. Zelma Redding in her late husband's honor, Otis Redding was dedicated to improving the quality of life for his community through education and empowerment. Those who knew Otis Redding personally speak fondly of him and his closest friends described him as a wonderful person to be around, and always 100 percent full of energy. They remember him being big in every way: physically, in his talent, in wisdom about other people, and in his love for his family and community. Mr. Speaker, I ask my colleagues to join me, my wife Vivian, and the more than 730,000 residents of Georgia's Second Congressional District in recognizing Otis Redding, Jr. for his remarkable accomplishments as a pioneering and world-renowned musician. His timeless talent and everlasting legacy live on in the hearts of those who loved him and will continue to be remembered by generations to come. ____________________",https://api.govinfo.gov/related/CREC-2016-09-09-pt1-PgE1236-6,CREC,Proceedings of Congress and General Congressional Publications,2025-03-07T17:31:58Z,Congressional Record,package_114_321.csv,4591,0,4591,"[congressional record volume 162, number 136 (friday, september 9, 2016)] [extensions of remarks] [pages e1236-e1237] from the congressional record online through the government publishing office [ www.gpo.gov ] in recognition of otis redding, jr. ______ hon. sanford d. bishop, jr. of georgia in the house of representatives friday, september 9, 2016 mr. bishop of georgia. mr. speaker, i rise today to recognize a brilliant artist, homegrown legend, and loving father, the late great otis redding, jr. in recognition of otis redding's contribution to music that touched souls across the world, the redding foundation will be celebrating what would be his 75th birthday the weekend of september 9 through september 11, 2016 in macon, georgia. otis redding was born in dawson, georgia on september 9, 1941. at a young age, he and his family moved to macon, where he began singing at vineville baptist church. embracing his budding musicianship, he joined the school band at ballard-hudson high school and competed in the douglass theatre talent show. after winning the talent show fifteen consecutive times, he was no longer allowed to compete. however, this certainly did [[page e1237]] not discourage him from embarking on his path to becoming the king of soul. in 1958, otis redding officially began his professional music career when he joined johnny jenkins and the pinetoppers. after the group finished recording with booker t. and the mgs, mr. redding wanted to use the last few minutes at the end of the session to sing for everyone. as he started to sing what would become his first hit single of 17 hit singles in a row, ``these arms of mine,'' everyone in the studio became captivated by his voice. jim stewart, then co-owner of stax records, came running into the studio and began yelling, ``that's it! that's it! where is everybody? we gotta get this on tape!'' a man with his own voice and a unique sound, otis redding's short but spectacular music career led to his releasing hit single after hit single, including ``i've been loving you too long,'' ``respect,'' and ``try a little tenderness.'' on his journey to becoming the king of soul, he performed across the country and the world with shows in the united states, canada, europe, and the caribbean. in 1965, his business acumen allowed him to create his own label: jotis records. his concerts were box office smashes, some of the biggest of any performer during his time. in 1966, otis redding received the naacp lifetime membership award. the national academy of recording arts & sciences (naras) nominated him for awards in three categories for his recordings from 1967. he also accrued countless other honors and recognition for his music after his passing in december 1967, most notably of which are two 1969 grammys for best r&b vocal performance and best rhythm & blues song for his number one hit single, ``(sittin' on) the dock of the bay;'' the 1999 grammy lifetime achievement award; and his 1998, 2011, and 2015 grammy hall of fame inductions. otis redding was much more than his beautiful voice. above all else, he was a family man. he married his wife, zelma, in august of 1961 and together, they raised three wonderful children: dexter, karla, and otis redding, ill. mrs. redding also adopted demetria after mr. redding's passing. there was a special place in otis redding's heart and soul reserved only for his family. he worked tirelessly to provide for them. his ambition, drive, and sacrifices paid off when he was able to move his family to ``the big o ranch'' in 1965, a 300-acre property in round oak, georgia. reflected in the mission of the otis redding foundation, which was established in 2007 by mrs. zelma redding in her late husband's honor, otis redding was dedicated to improving the quality of life for his community through education and empowerment. those who knew otis redding personally speak fondly of him and his closest friends described him as a wonderful person to be around, and always 100 percent full of energy. they remember him being big in every way: physically, in his talent, in wisdom about other people, and in his love for his family and community. mr. speaker, i ask my colleagues to join me, my wife vivian, and the more than 730,000 residents of georgia's second congressional district in recognizing otis redding, jr. for his remarkable accomplishments as a pioneering and world-renowned musician. his timeless talent and everlasting legacy live on in the hearts of those who loved him and will continue to be remembered by generations to come. ____________________",4591
CREC-2016-09-09-pt1-PgE1236-3,CREC-2016-09-09,2016-09-09,IN RECOGNITION OF MR. GARY ESAJIAN,CREC,EXTENSIONS,E,E,1,https://www.govinfo.gov/app/details/CREC-2016-09-09/CREC-2016-09-09-pt1-PgE1236-3,https://api.govinfo.gov/packages/CREC-2016-09-09/granules/CREC-2016-09-09-pt1-PgE1236-3/htm,https://api.govinfo.gov/packages/CREC-2016-09-09/granules/CREC-2016-09-09-pt1-PgE1236-3/pdf,https://api.govinfo.gov/packages/CREC-2016-09-09/summary,"[Congressional Record Volume 162, Number 136 (Friday, September 9, 2016)] [Extensions of Remarks] [Page E1236] From the Congressional Record Online through the Government Publishing Office [ www.gpo.gov ] IN RECOGNITION OF MR. GARY ESAJIAN ______ HON. DAVID G. VALADAO of california in the house of representatives Friday, September 9, 2016 Mr. VALADAO. Mr. Speaker, I rise today to commend Mr. Gary Esajian on being honored as the Lemoore Chamber of Commerce 2016 Agriculturalist of the Year. Mr. Gary Esajian's family has lived in the Central Valley since the 1920's, and as a third generation Kings County farmer, he has greatly contributed to the community throughout his life. Mr. Esajian has shown dedication to his hometown of Lemoore and the Central Valley for decades through both his community work and success as a farmer. As a farmer, Mr. Esajian grows many different crops including almonds, pistachios, garlic, tomatoes, wine grapes, walnuts, and onions. Mr. Esajian has further shown his service to the community by serving as the Westlands Water District Board of Directors for fourteen years, as a Board member of the San Joaquin Valley Cotton Board, and as the Director of a Suncrest Bank in Visalia. In regards to California's current drought issue, Mr. Esajian conducted a study on water in California, specifically the impacts to Kings and Fresno Counties, which has benefited his peers greatly. Known for being unassuming and humble, upon receiving his award Mr. Esajian credited his family's long agricultural history and not his own success. He is also known for being a hardworking and organized man, who successfully achieves whatever he puts his mind to. Mr. Speaker, I ask my colleagues in the United States House of Representatives to join me in commending Mr. Gary Esajian on his dedicated service to the Central Valley and on being honored as the Lemoore Chamber of Commerce 2016 Agriculturalist of the Year. ____________________",,"[Congressional Record Volume 162, Number 136 (Friday, September 9, 2016)] [Extensions of Remarks] [Page E1236] From the Congressional Record Online through the Government Publishing Office [ www.gpo.gov ] IN RECOGNITION OF MR. GARY ESAJIAN ______ HON. DAVID G. VALADAO of california in the house of representatives Friday, September 9, 2016 Mr. VALADAO. Mr. Speaker, I rise today to commend Mr. Gary Esajian on being honored as the Lemoore Chamber of Commerce 2016 Agriculturalist of the Year. Mr. Gary Esajian's family has lived in the Central Valley since the 1920's, and as a third generation Kings County farmer, he has greatly contributed to the community throughout his life. Mr. Esajian has shown dedication to his hometown of Lemoore and the Central Valley for decades through both his community work and success as a farmer. As a farmer, Mr. Esajian grows many different crops including almonds, pistachios, garlic, tomatoes, wine grapes, walnuts, and onions. Mr. Esajian has further shown his service to the community by serving as the Westlands Water District Board of Directors for fourteen years, as a Board member of the San Joaquin Valley Cotton Board, and as the Director of a Suncrest Bank in Visalia. In regards to California's current drought issue, Mr. Esajian conducted a study on water in California, specifically the impacts to Kings and Fresno Counties, which has benefited his peers greatly. Known for being unassuming and humble, upon receiving his award Mr. Esajian credited his family's long agricultural history and not his own success. He is also known for being a hardworking and organized man, who successfully achieves whatever he puts his mind to. Mr. Speaker, I ask my colleagues in the United States House of Representatives to join me in commending Mr. Gary Esajian on his dedicated service to the Central Valley and on being honored as the Lemoore Chamber of Commerce 2016 Agriculturalist of the Year. ____________________",https://api.govinfo.gov/related/CREC-2016-09-09-pt1-PgE1236-3,CREC,Proceedings of Congress and General Congressional Publications,2025-03-07T17:31:58Z,Congressional Record,package_114_321.csv,1960,0,1960,"[congressional record volume 162, number 136 (friday, september 9, 2016)] [extensions of remarks] [page e1236] from the congressional record online through the government publishing office [ www.gpo.gov ] in recognition of mr. gary esajian ______ hon. david g. valadao of california in the house of representatives friday, september 9, 2016 mr. valadao. mr. speaker, i rise today to commend mr. gary esajian on being honored as the lemoore chamber of commerce 2016 agriculturalist of the year. mr. gary esajian's family has lived in the central valley since the 1920's, and as a third generation kings county farmer, he has greatly contributed to the community throughout his life. mr. esajian has shown dedication to his hometown of lemoore and the central valley for decades through both his community work and success as a farmer. as a farmer, mr. esajian grows many different crops including almonds, pistachios, garlic, tomatoes, wine grapes, walnuts, and onions. mr. esajian has further shown his service to the community by serving as the westlands water district board of directors for fourteen years, as a board member of the san joaquin valley cotton board, and as the director of a suncrest bank in visalia. in regards to california's current drought issue, mr. esajian conducted a study on water in california, specifically the impacts to kings and fresno counties, which has benefited his peers greatly. known for being unassuming and humble, upon receiving his award mr. esajian credited his family's long agricultural history and not his own success. he is also known for being a hardworking and organized man, who successfully achieves whatever he puts his mind to. mr. speaker, i ask my colleagues in the united states house of representatives to join me in commending mr. gary esajian on his dedicated service to the central valley and on being honored as the lemoore chamber of commerce 2016 agriculturalist of the year. ____________________",1960
CREC-2016-09-09-pt1-PgE1237-3,CREC-2016-09-09,2016-09-09,75TH ANNIVERSARY OF THE DEPARTMENT OF THE NAVY OFFICE OF THE GENERAL COUNSEL,CREC,EXTENSIONS,E,E,1,https://www.govinfo.gov/app/details/CREC-2016-09-09/CREC-2016-09-09-pt1-PgE1237-3,https://api.govinfo.gov/packages/CREC-2016-09-09/granules/CREC-2016-09-09-pt1-PgE1237-3/htm,https://api.govinfo.gov/packages/CREC-2016-09-09/granules/CREC-2016-09-09-pt1-PgE1237-3/pdf,https://api.govinfo.gov/packages/CREC-2016-09-09/summary,,,,https://api.govinfo.gov/related/CREC-2016-09-09-pt1-PgE1237-3,CREC,Proceedings of Congress and General Congressional Publications,2025-03-07T17:31:58Z,Congressional Record,package_114_321.csv,0,0,0,,0
CREC-2016-09-09-pt1-PgE1237-2,CREC-2016-09-09,2016-09-09,HONORING GEORGE ALTAMURA,CREC,EXTENSIONS,E,E,1,https://www.govinfo.gov/app/details/CREC-2016-09-09/CREC-2016-09-09-pt1-PgE1237-2,https://api.govinfo.gov/packages/CREC-2016-09-09/granules/CREC-2016-09-09-pt1-PgE1237-2/htm,https://api.govinfo.gov/packages/CREC-2016-09-09/granules/CREC-2016-09-09-pt1-PgE1237-2/pdf,https://api.govinfo.gov/packages/CREC-2016-09-09/summary,"[Congressional Record Volume 162, Number 136 (Friday, September 9, 2016)] [Extensions of Remarks] [Page E1237] From the Congressional Record Online through the Government Publishing Office [ www.gpo.gov ] HONORING GEORGE ALTAMURA ______ HON. MIKE THOMPSON of california in the house of representatives Friday, September 9, 2016 Mr. THOMPSON of California. Mr. Speaker, I rise today to honor George Altamura, who is being recognized for his support of young Latino leaders at the 33rd Annual Napa County Hispanic Network Scholarship Gala. Mr. Altamura was born in Buffalo, New York, and fulfilled a long-held dream when he moved to California in 1949 following his high school graduation. After settling in Napa County, Mr. Altamura worked as a carpenter's apprentice before he eventually earned his contractor's license. Only three years after moving to Napa County, Mr. Altamura started his own company, Altamura Enterprises and embarked on a successful career purchasing and developing property. Just as impressive as Mr. Altamura's professional successes is his dedication to giving back to our community. Together with his wife Jackie, Mr. Altamura has been an incredible supporter of our Latino community and has sponsored multiple scholarships through the Hispanic Network each year for more than two decades. Many of the young leaders the Altamuras' have supported now live and work throughout Napa County, ensuring that the Altamuras' legacy of civic engagement and community service will be carried on for generations to come. Mr. Altamura is the founder and president of Hands Across the Valley and the Napa Sheriff's Youth Activity, both of which aim to help those in need, and young people in particular, throughout our community. Furthermore, Mr. Altamura has supported the important work of organizations like Queen of the Valley Hospital, Uptown Theater Napa, and Meals on Wheels. Mr. Speaker, George Altamura has not only achieved his own American dream, but he has worked hard to ensure that young people throughout our community will have a fair shot at achieving theirs, too. It is therefore fitting and proper that we honor him here today. ____________________",,"[Congressional Record Volume 162, Number 136 (Friday, September 9, 2016)] [Extensions of Remarks] [Page E1237] From the Congressional Record Online through the Government Publishing Office [ www.gpo.gov ] HONORING GEORGE ALTAMURA ______ HON. MIKE THOMPSON of california in the house of representatives Friday, September 9, 2016 Mr. THOMPSON of California. Mr. Speaker, I rise today to honor George Altamura, who is being recognized for his support of young Latino leaders at the 33rd Annual Napa County Hispanic Network Scholarship Gala. Mr. Altamura was born in Buffalo, New York, and fulfilled a long-held dream when he moved to California in 1949 following his high school graduation. After settling in Napa County, Mr. Altamura worked as a carpenter's apprentice before he eventually earned his contractor's license. Only three years after moving to Napa County, Mr. Altamura started his own company, Altamura Enterprises and embarked on a successful career purchasing and developing property. Just as impressive as Mr. Altamura's professional successes is his dedication to giving back to our community. Together with his wife Jackie, Mr. Altamura has been an incredible supporter of our Latino community and has sponsored multiple scholarships through the Hispanic Network each year for more than two decades. Many of the young leaders the Altamuras' have supported now live and work throughout Napa County, ensuring that the Altamuras' legacy of civic engagement and community service will be carried on for generations to come. Mr. Altamura is the founder and president of Hands Across the Valley and the Napa Sheriff's Youth Activity, both of which aim to help those in need, and young people in particular, throughout our community. Furthermore, Mr. Altamura has supported the important work of organizations like Queen of the Valley Hospital, Uptown Theater Napa, and Meals on Wheels. Mr. Speaker, George Altamura has not only achieved his own American dream, but he has worked hard to ensure that young people throughout our community will have a fair shot at achieving theirs, too. It is therefore fitting and proper that we honor him here today. ____________________",https://api.govinfo.gov/related/CREC-2016-09-09-pt1-PgE1237-2,CREC,Proceedings of Congress and General Congressional Publications,2025-03-07T17:31:58Z,Congressional Record,package_114_321.csv,2180,0,2180,"[congressional record volume 162, number 136 (friday, september 9, 2016)] [extensions of remarks] [page e1237] from the congressional record online through the government publishing office [ www.gpo.gov ] honoring george altamura ______ hon. mike thompson of california in the house of representatives friday, september 9, 2016 mr. thompson of california. mr. speaker, i rise today to honor george altamura, who is being recognized for his support of young latino leaders at the 33rd annual napa county hispanic network scholarship gala. mr. altamura was born in buffalo, new york, and fulfilled a long-held dream when he moved to california in 1949 following his high school graduation. after settling in napa county, mr. altamura worked as a carpenter's apprentice before he eventually earned his contractor's license. only three years after moving to napa county, mr. altamura started his own company, altamura enterprises and embarked on a successful career purchasing and developing property. just as impressive as mr. altamura's professional successes is his dedication to giving back to our community. together with his wife jackie, mr. altamura has been an incredible supporter of our latino community and has sponsored multiple scholarships through the hispanic network each year for more than two decades. many of the young leaders the altamuras' have supported now live and work throughout napa county, ensuring that the altamuras' legacy of civic engagement and community service will be carried on for generations to come. mr. altamura is the founder and president of hands across the valley and the napa sheriff's youth activity, both of which aim to help those in need, and young people in particular, throughout our community. furthermore, mr. altamura has supported the important work of organizations like queen of the valley hospital, uptown theater napa, and meals on wheels. mr. speaker, george altamura has not only achieved his own american dream, but he has worked hard to ensure that young people throughout our community will have a fair shot at achieving theirs, too. it is therefore fitting and proper that we honor him here today. ____________________",2180
CREC-2016-09-09-pt1-PgE1238-2,CREC-2016-09-09,2016-09-09,RECOGNIZING THE EXTRAORDINARY AUGUSTO BORDELOIS,CREC,EXTENSIONS,E,E,1,https://www.govinfo.gov/app/details/CREC-2016-09-09/CREC-2016-09-09-pt1-PgE1238-2,https://api.govinfo.gov/packages/CREC-2016-09-09/granules/CREC-2016-09-09-pt1-PgE1238-2/htm,https://api.govinfo.gov/packages/CREC-2016-09-09/granules/CREC-2016-09-09-pt1-PgE1238-2/pdf,https://api.govinfo.gov/packages/CREC-2016-09-09/summary,,,,https://api.govinfo.gov/related/CREC-2016-09-09-pt1-PgE1238-2,CREC,Proceedings of Congress and General Congressional Publications,2025-03-07T17:31:58Z,Congressional Record,package_114_321.csv,0,0,0,,0
CREC-2016-09-09-pt1-PgE1237-4,CREC-2016-09-09,2016-09-09,TRIBUTE TO LOIS AND DAVID AISTROPE,CREC,EXTENSIONS,E,E,1,https://www.govinfo.gov/app/details/CREC-2016-09-09/CREC-2016-09-09-pt1-PgE1237-4,https://api.govinfo.gov/packages/CREC-2016-09-09/granules/CREC-2016-09-09-pt1-PgE1237-4/htm,https://api.govinfo.gov/packages/CREC-2016-09-09/granules/CREC-2016-09-09-pt1-PgE1237-4/pdf,https://api.govinfo.gov/packages/CREC-2016-09-09/summary,"[Congressional Record Volume 162, Number 136 (Friday, September 9, 2016)] [Extensions of Remarks] [Pages E1237-E1238] From the Congressional Record Online through the Government Publishing Office [ www.gpo.gov ] TRIBUTE TO LOIS AND DAVID AISTROPE ______ HON. DAVID YOUNG of iowa in the house of representatives Friday, September 9, 2016 Mr. YOUNG of Iowa. Mr. Speaker, I rise today to recognize and congratulate Lois and David Aistrope of Randolph, Iowa, on the very special occasion of their 60th wedding anniversary. They celebrated their anniversary on June 10, 2016. Lois and David's lifelong commitment to each other and their children, Duane, Doug, [[Page E1238]] and Dalene, seven grandchildren, and four great-grandchildren, truly embodies Iowa values. As they reflect on their 60th anniversary, I hope it is filled with happy memories. May their commitment grow even stronger, as they continue to love, cherish, and honor one another for many years to come. Mr. Speaker, I commend this great couple on their 60th year together and I wish them many more. I know my colleagues in the United States House of Representatives will join me in congratulating them on this momentous occasion. ____________________",,"[Congressional Record Volume 162, Number 136 (Friday, September 9, 2016)] [Extensions of Remarks] [Pages E1237-E1238] From the Congressional Record Online through the Government Publishing Office [ www.gpo.gov ] TRIBUTE TO LOIS AND DAVID AISTROPE ______ HON. DAVID YOUNG of iowa in the house of representatives Friday, September 9, 2016 Mr. YOUNG of Iowa. Mr. Speaker, I rise today to recognize and congratulate Lois and David Aistrope of Randolph, Iowa, on the very special occasion of their 60th wedding anniversary. They celebrated their anniversary on June 10, 2016. Lois and David's lifelong commitment to each other and their children, Duane, Doug, [[Page E1238]] and Dalene, seven grandchildren, and four great-grandchildren, truly embodies Iowa values. As they reflect on their 60th anniversary, I hope it is filled with happy memories. May their commitment grow even stronger, as they continue to love, cherish, and honor one another for many years to come. Mr. Speaker, I commend this great couple on their 60th year together and I wish them many more. I know my colleagues in the United States House of Representatives will join me in congratulating them on this momentous occasion. ____________________",https://api.govinfo.gov/related/CREC-2016-09-09-pt1-PgE1237-4,CREC,Proceedings of Congress and General Congressional Publications,2025-03-07T17:31:58Z,Congressional Record,package_114_321.csv,1214,0,1214,"[congressional record volume 162, number 136 (friday, september 9, 2016)] [extensions of remarks] [pages e1237-e1238] from the congressional record online through the government publishing office [ www.gpo.gov ] tribute to lois and david aistrope ______ hon. david young of iowa in the house of representatives friday, september 9, 2016 mr. young of iowa. mr. speaker, i rise today to recognize and congratulate lois and david aistrope of randolph, iowa, on the very special occasion of their 60th wedding anniversary. they celebrated their anniversary on june 10, 2016. lois and david's lifelong commitment to each other and their children, duane, doug, [[page e1238]] and dalene, seven grandchildren, and four great-grandchildren, truly embodies iowa values. as they reflect on their 60th anniversary, i hope it is filled with happy memories. may their commitment grow even stronger, as they continue to love, cherish, and honor one another for many years to come. mr. speaker, i commend this great couple on their 60th year together and i wish them many more. i know my colleagues in the united states house of representatives will join me in congratulating them on this momentous occasion. ____________________",1214
CREC-2016-09-09-pt1-PgE1239,CREC-2016-09-09,2016-09-09,TRIBUTE TO ESTEL AND MARVA LEA SHARON,CREC,EXTENSIONS,E,E,1,https://www.govinfo.gov/app/details/CREC-2016-09-09/CREC-2016-09-09-pt1-PgE1239,https://api.govinfo.gov/packages/CREC-2016-09-09/granules/CREC-2016-09-09-pt1-PgE1239/htm,https://api.govinfo.gov/packages/CREC-2016-09-09/granules/CREC-2016-09-09-pt1-PgE1239/pdf,https://api.govinfo.gov/packages/CREC-2016-09-09/summary,,,,https://api.govinfo.gov/related/CREC-2016-09-09-pt1-PgE1239,CREC,Proceedings of Congress and General Congressional Publications,2025-03-07T17:31:58Z,Congressional Record,package_114_321.csv,0,0,0,,0
CREC-2016-09-09-pt1-PgE1239-2,CREC-2016-09-09,2016-09-09,PAYING TRIBUTE TO THE VICTIMS OF THE 9/11 TERRORIST ATTACK,CREC,EXTENSIONS,E,E,1,https://www.govinfo.gov/app/details/CREC-2016-09-09/CREC-2016-09-09-pt1-PgE1239-2,https://api.govinfo.gov/packages/CREC-2016-09-09/granules/CREC-2016-09-09-pt1-PgE1239-2/htm,https://api.govinfo.gov/packages/CREC-2016-09-09/granules/CREC-2016-09-09-pt1-PgE1239-2/pdf,https://api.govinfo.gov/packages/CREC-2016-09-09/summary,"[Congressional Record Volume 162, Number 136 (Friday, September 9, 2016)] [Extensions of Remarks] [Page E1239] From the Congressional Record Online through the Government Publishing Office [ www.gpo.gov ] PAYING TRIBUTE TO THE VICTIMS OF THE 9/11 TERRORIST ATTACK ______ HON. CHARLES B. RANGEL of new york in the house of representatives Friday, September 9, 2016 Mr. RANGEL. Mr. Speaker, I rise today in remembrance of those who lost their lives in terrorist attacks that occurred fifteen years ago on September 11, 2001. I was blocks away from the World Trade Center on that morning and will never forget the horror we faced in New York City. Nearly 3,000 people lost their lives in a senseless act of hatred. As we reflect on that terrible tragedy, we are reminded of the resiliency of the people of New York and our Country as a whole. Today, we honor their memories and thank our brave first responders who selflessly rushed forward to save as many people as they could. While we can never fully express our gratitude for the sacrifices of the many police, fire and emergency personnel, we can come together as Americans and provide those heroes with the continued respect and care they deserve. The actions of the first responders are a testament to the power of working with one another. Although these attacks left us shaken, they did not destroy us. We were able to rebound and grow stronger. We put aside our differences and rose together as one nation. On that day, we were not concerned with past disagreements or misunderstandings or partisan politics. This year, on September 11, let us not only remember those we lost with moments of silence and memorial ceremonies. Let us also commemorate them by once again setting aside our differences and becoming united as Americans. ____________________",,"[Congressional Record Volume 162, Number 136 (Friday, September 9, 2016)] [Extensions of Remarks] [Page E1239] From the Congressional Record Online through the Government Publishing Office [ www.gpo.gov ] PAYING TRIBUTE TO THE VICTIMS OF THE 9/11 TERRORIST ATTACK ______ HON. CHARLES B. RANGEL of new york in the house of representatives Friday, September 9, 2016 Mr. RANGEL. Mr. Speaker, I rise today in remembrance of those who lost their lives in terrorist attacks that occurred fifteen years ago on September 11, 2001. I was blocks away from the World Trade Center on that morning and will never forget the horror we faced in New York City. Nearly 3,000 people lost their lives in a senseless act of hatred. As we reflect on that terrible tragedy, we are reminded of the resiliency of the people of New York and our Country as a whole. Today, we honor their memories and thank our brave first responders who selflessly rushed forward to save as many people as they could. While we can never fully express our gratitude for the sacrifices of the many police, fire and emergency personnel, we can come together as Americans and provide those heroes with the continued respect and care they deserve. The actions of the first responders are a testament to the power of working with one another. Although these attacks left us shaken, they did not destroy us. We were able to rebound and grow stronger. We put aside our differences and rose together as one nation. On that day, we were not concerned with past disagreements or misunderstandings or partisan politics. This year, on September 11, let us not only remember those we lost with moments of silence and memorial ceremonies. Let us also commemorate them by once again setting aside our differences and becoming united as Americans. ____________________",https://api.govinfo.gov/related/CREC-2016-09-09-pt1-PgE1239-2,CREC,Proceedings of Congress and General Congressional Publications,2025-03-07T17:31:58Z,Congressional Record,package_114_321.csv,1809,0,1809,"[congressional record volume 162, number 136 (friday, september 9, 2016)] [extensions of remarks] [page e1239] from the congressional record online through the government publishing office [ www.gpo.gov ] paying tribute to the victims of the 9/11 terrorist attack ______ hon. charles b. rangel of new york in the house of representatives friday, september 9, 2016 mr. rangel. mr. speaker, i rise today in remembrance of those who lost their lives in terrorist attacks that occurred fifteen years ago on september 11, 2001. i was blocks away from the world trade center on that morning and will never forget the horror we faced in new york city. nearly 3,000 people lost their lives in a senseless act of hatred. as we reflect on that terrible tragedy, we are reminded of the resiliency of the people of new york and our country as a whole. today, we honor their memories and thank our brave first responders who selflessly rushed forward to save as many people as they could. while we can never fully express our gratitude for the sacrifices of the many police, fire and emergency personnel, we can come together as americans and provide those heroes with the continued respect and care they deserve. the actions of the first responders are a testament to the power of working with one another. although these attacks left us shaken, they did not destroy us. we were able to rebound and grow stronger. we put aside our differences and rose together as one nation. on that day, we were not concerned with past disagreements or misunderstandings or partisan politics. this year, on september 11, let us not only remember those we lost with moments of silence and memorial ceremonies. let us also commemorate them by once again setting aside our differences and becoming united as americans. ____________________",1809
CREC-2016-09-09-pt1-PgE1238-3,CREC-2016-09-09,2016-09-09,COMMENDING THE NORTH CAROLINA JUSTICE CENTER'S 2016 CHAMPIONS OF JUSTICE,CREC,EXTENSIONS,E,E,1,https://www.govinfo.gov/app/details/CREC-2016-09-09/CREC-2016-09-09-pt1-PgE1238-3,https://api.govinfo.gov/packages/CREC-2016-09-09/granules/CREC-2016-09-09-pt1-PgE1238-3/htm,https://api.govinfo.gov/packages/CREC-2016-09-09/granules/CREC-2016-09-09-pt1-PgE1238-3/pdf,https://api.govinfo.gov/packages/CREC-2016-09-09/summary,"[Congressional Record Volume 162, Number 136 (Friday, September 9, 2016)] [Extensions of Remarks] [Pages E1238-E1239] From the Congressional Record Online through the Government Publishing Office [ www.gpo.gov ] COMMENDING THE NORTH CAROLINA JUSTICE CENTER'S 2016 CHAMPIONS OF JUSTICE ______ HON. G.K. BUTTERFIELD of north carolina in the house of representatives Friday, September 9, 2016 Mr. BUTTERFIELD. Mr. Speaker, I rise today to recognize five individuals from my home state of North Carolina who are being honored as Champions of Justice by the North Carolina Justice Center: Former North Carolina Governor Jim Hunt, President of the NC State AFL-CIO James Andrews, North Carolina State Representative Henry ``Mickey'' Michaux Jr., former University of North Carolina System President Tom Ross, and former North Carolina State Senator Leslie Winner. I also applaud Former Chief Justice I. Beverly Lake, Jr. on being presented with the Center's Executive Director Award for Service. Mr. Speaker, these individuals will be honored by the North Carolina Justice Center at its 20th Annual Champion of Justice Gala on September 10, 2016 in Raleigh, North Carolina. Since its founding in 1996, the North Carolina Justice Center has been a leader in progressive research and advocacy for economic and social justice in North Carolina. The Center focuses on issues of concern to low- and middle-income North Carolinians by ensuring access to resources, services, and fair treatment for all. Former North Carolina Governor Jim Hunt is a native of my hometown, Wilson, North Carolina. He will be presented with the Champion of Justice Award for his work on behalf of North Carolina's students, families, and communities in the areas of education and equal rights during his record four terms as governor. Mr. James Andrews is the current President of the North Carolina state AFL-CIO, and the first full-time elected African-American state federation president in the country's history. A Vietnam Veteran and recipient of the Purple Heart, Mr. Andrews has been a lifelong and passionate activist for civil rights and social justice in North Carolina and has also served on the AFL-CIO's Executive Council. The Honorable Henry ``Mickey'' Michaux, Jr. is the longest-serving member of the North Carolina General Assembly. A lifelong resident of Durham, North Carolina, Representative Michaux has dedicated his life and career to voting rights advocacy in North Carolina. He is a founding member and was the first chairman of the North Carolina Black Leadership Caucus. Mr. Thomas W. Ross, Sr. is the former president of the 17-campus University of North Carolina System. Prior to becoming President of the UNC System, Mr. Ross had a long career in education, where he served as President of Davidson College, executive director of the Z. Smith Reynolds Foundation, and as a Superior Court judge. Ms. Leslie Winner is a three-term State Senator and a former Senate majority whip. She currently serves as the executive director of the Winston-Salem based Z. Smith Reynolds Foundation, where she has led the foundation's statewide influence in civic, educational, and philanthropic initiatives through grants to small nonprofits, and by supporting the creation of BEST NC, a group of business [[Page E1239]] leaders who present elected officials with a business rationale and recommendations for supporting public education. The Honorable I. Beverly Lake, Jr. is a former Chief Justice on the North Carolina Supreme Court and the driving force behind North Carolina's nationally recognized Actual Innocence Commission. He has devoted his career to public service. He will be presented with the Executive Director Award for Service to North Carolina for his work on criminal justice reform. Mr. Speaker, I ask that my colleagues join me in recognizing these outstanding North Carolinians, who have selflessly sought justice and equality for their fellow citizens. ____________________",,"[Congressional Record Volume 162, Number 136 (Friday, September 9, 2016)] [Extensions of Remarks] [Pages E1238-E1239] From the Congressional Record Online through the Government Publishing Office [ www.gpo.gov ] COMMENDING THE NORTH CAROLINA JUSTICE CENTER'S 2016 CHAMPIONS OF JUSTICE ______ HON. G.K. BUTTERFIELD of north carolina in the house of representatives Friday, September 9, 2016 Mr. BUTTERFIELD. Mr. Speaker, I rise today to recognize five individuals from my home state of North Carolina who are being honored as Champions of Justice by the North Carolina Justice Center: Former North Carolina Governor Jim Hunt, President of the NC State AFL-CIO James Andrews, North Carolina State Representative Henry ``Mickey'' Michaux Jr., former University of North Carolina System President Tom Ross, and former North Carolina State Senator Leslie Winner. I also applaud Former Chief Justice I. Beverly Lake, Jr. on being presented with the Center's Executive Director Award for Service. Mr. Speaker, these individuals will be honored by the North Carolina Justice Center at its 20th Annual Champion of Justice Gala on September 10, 2016 in Raleigh, North Carolina. Since its founding in 1996, the North Carolina Justice Center has been a leader in progressive research and advocacy for economic and social justice in North Carolina. The Center focuses on issues of concern to low- and middle-income North Carolinians by ensuring access to resources, services, and fair treatment for all. Former North Carolina Governor Jim Hunt is a native of my hometown, Wilson, North Carolina. He will be presented with the Champion of Justice Award for his work on behalf of North Carolina's students, families, and communities in the areas of education and equal rights during his record four terms as governor. Mr. James Andrews is the current President of the North Carolina state AFL-CIO, and the first full-time elected African-American state federation president in the country's history. A Vietnam Veteran and recipient of the Purple Heart, Mr. Andrews has been a lifelong and passionate activist for civil rights and social justice in North Carolina and has also served on the AFL-CIO's Executive Council. The Honorable Henry ``Mickey'' Michaux, Jr. is the longest-serving member of the North Carolina General Assembly. A lifelong resident of Durham, North Carolina, Representative Michaux has dedicated his life and career to voting rights advocacy in North Carolina. He is a founding member and was the first chairman of the North Carolina Black Leadership Caucus. Mr. Thomas W. Ross, Sr. is the former president of the 17-campus University of North Carolina System. Prior to becoming President of the UNC System, Mr. Ross had a long career in education, where he served as President of Davidson College, executive director of the Z. Smith Reynolds Foundation, and as a Superior Court judge. Ms. Leslie Winner is a three-term State Senator and a former Senate majority whip. She currently serves as the executive director of the Winston-Salem based Z. Smith Reynolds Foundation, where she has led the foundation's statewide influence in civic, educational, and philanthropic initiatives through grants to small nonprofits, and by supporting the creation of BEST NC, a group of business [[Page E1239]] leaders who present elected officials with a business rationale and recommendations for supporting public education. The Honorable I. Beverly Lake, Jr. is a former Chief Justice on the North Carolina Supreme Court and the driving force behind North Carolina's nationally recognized Actual Innocence Commission. He has devoted his career to public service. He will be presented with the Executive Director Award for Service to North Carolina for his work on criminal justice reform. Mr. Speaker, I ask that my colleagues join me in recognizing these outstanding North Carolinians, who have selflessly sought justice and equality for their fellow citizens. ____________________",https://api.govinfo.gov/related/CREC-2016-09-09-pt1-PgE1238-3,CREC,Proceedings of Congress and General Congressional Publications,2025-03-07T17:31:58Z,Congressional Record,package_114_321.csv,3976,0,3976,"[congressional record volume 162, number 136 (friday, september 9, 2016)] [extensions of remarks] [pages e1238-e1239] from the congressional record online through the government publishing office [ www.gpo.gov ] commending the north carolina justice center's 2016 champions of justice ______ hon. g.k. butterfield of north carolina in the house of representatives friday, september 9, 2016 mr. butterfield. mr. speaker, i rise today to recognize five individuals from my home state of north carolina who are being honored as champions of justice by the north carolina justice center: former north carolina governor jim hunt, president of the nc state afl-cio james andrews, north carolina state representative henry ``mickey'' michaux jr., former university of north carolina system president tom ross, and former north carolina state senator leslie winner. i also applaud former chief justice i. beverly lake, jr. on being presented with the center's executive director award for service. mr. speaker, these individuals will be honored by the north carolina justice center at its 20th annual champion of justice gala on september 10, 2016 in raleigh, north carolina. since its founding in 1996, the north carolina justice center has been a leader in progressive research and advocacy for economic and social justice in north carolina. the center focuses on issues of concern to low- and middle-income north carolinians by ensuring access to resources, services, and fair treatment for all. former north carolina governor jim hunt is a native of my hometown, wilson, north carolina. he will be presented with the champion of justice award for his work on behalf of north carolina's students, families, and communities in the areas of education and equal rights during his record four terms as governor. mr. james andrews is the current president of the north carolina state afl-cio, and the first full-time elected african-american state federation president in the country's history. a vietnam veteran and recipient of the purple heart, mr. andrews has been a lifelong and passionate activist for civil rights and social justice in north carolina and has also served on the afl-cio's executive council. the honorable henry ``mickey'' michaux, jr. is the longest-serving member of the north carolina general assembly. a lifelong resident of durham, north carolina, representative michaux has dedicated his life and career to voting rights advocacy in north carolina. he is a founding member and was the first chairman of the north carolina black leadership caucus. mr. thomas w. ross, sr. is the former president of the 17-campus university of north carolina system. prior to becoming president of the unc system, mr. ross had a long career in education, where he served as president of davidson college, executive director of the z. smith reynolds foundation, and as a superior court judge. ms. leslie winner is a three-term state senator and a former senate majority whip. she currently serves as the executive director of the winston-salem based z. smith reynolds foundation, where she has led the foundation's statewide influence in civic, educational, and philanthropic initiatives through grants to small nonprofits, and by supporting the creation of best nc, a group of business [[page e1239]] leaders who present elected officials with a business rationale and recommendations for supporting public education. the honorable i. beverly lake, jr. is a former chief justice on the north carolina supreme court and the driving force behind north carolina's nationally recognized actual innocence commission. he has devoted his career to public service. he will be presented with the executive director award for service to north carolina for his work on criminal justice reform. mr. speaker, i ask that my colleagues join me in recognizing these outstanding north carolinians, who have selflessly sought justice and equality for their fellow citizens. ____________________",3976
CREC-2016-09-09-pt1-PgE1238,CREC-2016-09-09,2016-09-09,COMMEMORATING THE 150TH ANNIVERSARY OF MOUNT ZION BAPTIST CHURCH,CREC,EXTENSIONS,E,E,1,https://www.govinfo.gov/app/details/CREC-2016-09-09/CREC-2016-09-09-pt1-PgE1238,https://api.govinfo.gov/packages/CREC-2016-09-09/granules/CREC-2016-09-09-pt1-PgE1238/htm,https://api.govinfo.gov/packages/CREC-2016-09-09/granules/CREC-2016-09-09-pt1-PgE1238/pdf,https://api.govinfo.gov/packages/CREC-2016-09-09/summary,"[Congressional Record Volume 162, Number 136 (Friday, September 9, 2016)] [Extensions of Remarks] [Page E1238] From the Congressional Record Online through the Government Publishing Office [ www.gpo.gov ] COMMEMORATING THE 150TH ANNIVERSARY OF MOUNT ZION BAPTIST CHURCH ______ HON. G.K. BUTTERFIELD of north carolina in the house of representatives Friday, September 9, 2016 Mr. BUTTERFIELD. Mr. Speaker, I rise today on behalf of the Congressional Black Caucus of the 114th Congress to commemorate the sesquicentennial anniversary of Mount Zion Baptist Church, located in Arlington, Virginia. Mr. Speaker, Mount Zion Baptist Church has been blessed to serve as the spiritual home and faith community for thousands of people over the last 150 years. Founded in 1866, a year after the U.S. Congress passed the 13th Amendment to abolish slavery; Mount Zion Baptist Church was organized under the leadership of Reverend Joseph Matthews. In 1914, Reverend James E. Green was elected pastor after many years of service. The Church relocated twice during Reverend Green's pastorate with property being purchased at 19th and Lowell Streets in 1944. In 1956, Doctor Oswald G. Smith had the vision to establish a Deacon's Fund to assist the community in meeting emergency costs for medicine, shelter, and other necessities. Finally, in March 1992, Bishop Leonard N. Smith was installed as Mount Zion's ninth senior minister. Today, under Bishop Smith's leadership, the Church remains a place of worship and fellowship for its community and surrounding communities. With a mission focused on preserving the precepts of its rich heritage, Mount Zion continues to experience blessings in ways that were once thought to be unimaginable. Recent accomplishments of Mount Zion include significant growth in membership, rededication of a refurbished and modernized facility in 2012, purchase of 22 acres of land in Woodbridge, VA in order to further the mission, and wide community outreach that spans from radio to social media. I am confident that Mount Zion will continue to serve its congregants and community for generations to come. By the grace of God, Mount Zion Baptist Church has survived the test of time and is still going strong today. While the frame of Mount Zion has undergone many renovations, its faith remains the same--firmly rooted in Christ. Mr. Speaker, I celebrate the rich history and accomplishments of Mount Zion Baptist Church in Arlington, Virginia. I ask that my colleagues join me in congratulating Bishop Smith, the congregation, and the residents of Arlington on this truly momentous occasion. ____________________",,"[Congressional Record Volume 162, Number 136 (Friday, September 9, 2016)] [Extensions of Remarks] [Page E1238] From the Congressional Record Online through the Government Publishing Office [ www.gpo.gov ] COMMEMORATING THE 150TH ANNIVERSARY OF MOUNT ZION BAPTIST CHURCH ______ HON. G.K. BUTTERFIELD of north carolina in the house of representatives Friday, September 9, 2016 Mr. BUTTERFIELD. Mr. Speaker, I rise today on behalf of the Congressional Black Caucus of the 114th Congress to commemorate the sesquicentennial anniversary of Mount Zion Baptist Church, located in Arlington, Virginia. Mr. Speaker, Mount Zion Baptist Church has been blessed to serve as the spiritual home and faith community for thousands of people over the last 150 years. Founded in 1866, a year after the U.S. Congress passed the 13th Amendment to abolish slavery; Mount Zion Baptist Church was organized under the leadership of Reverend Joseph Matthews. In 1914, Reverend James E. Green was elected pastor after many years of service. The Church relocated twice during Reverend Green's pastorate with property being purchased at 19th and Lowell Streets in 1944. In 1956, Doctor Oswald G. Smith had the vision to establish a Deacon's Fund to assist the community in meeting emergency costs for medicine, shelter, and other necessities. Finally, in March 1992, Bishop Leonard N. Smith was installed as Mount Zion's ninth senior minister. Today, under Bishop Smith's leadership, the Church remains a place of worship and fellowship for its community and surrounding communities. With a mission focused on preserving the precepts of its rich heritage, Mount Zion continues to experience blessings in ways that were once thought to be unimaginable. Recent accomplishments of Mount Zion include significant growth in membership, rededication of a refurbished and modernized facility in 2012, purchase of 22 acres of land in Woodbridge, VA in order to further the mission, and wide community outreach that spans from radio to social media. I am confident that Mount Zion will continue to serve its congregants and community for generations to come. By the grace of God, Mount Zion Baptist Church has survived the test of time and is still going strong today. While the frame of Mount Zion has undergone many renovations, its faith remains the same--firmly rooted in Christ. Mr. Speaker, I celebrate the rich history and accomplishments of Mount Zion Baptist Church in Arlington, Virginia. I ask that my colleagues join me in congratulating Bishop Smith, the congregation, and the residents of Arlington on this truly momentous occasion. ____________________",https://api.govinfo.gov/related/CREC-2016-09-09-pt1-PgE1238,CREC,Proceedings of Congress and General Congressional Publications,2025-03-07T17:31:58Z,Congressional Record,package_114_321.csv,2630,0,2630,"[congressional record volume 162, number 136 (friday, september 9, 2016)] [extensions of remarks] [page e1238] from the congressional record online through the government publishing office [ www.gpo.gov ] commemorating the 150th anniversary of mount zion baptist church ______ hon. g.k. butterfield of north carolina in the house of representatives friday, september 9, 2016 mr. butterfield. mr. speaker, i rise today on behalf of the congressional black caucus of the 114th congress to commemorate the sesquicentennial anniversary of mount zion baptist church, located in arlington, virginia. mr. speaker, mount zion baptist church has been blessed to serve as the spiritual home and faith community for thousands of people over the last 150 years. founded in 1866, a year after the u.s. congress passed the 13th amendment to abolish slavery; mount zion baptist church was organized under the leadership of reverend joseph matthews. in 1914, reverend james e. green was elected pastor after many years of service. the church relocated twice during reverend green's pastorate with property being purchased at 19th and lowell streets in 1944. in 1956, doctor oswald g. smith had the vision to establish a deacon's fund to assist the community in meeting emergency costs for medicine, shelter, and other necessities. finally, in march 1992, bishop leonard n. smith was installed as mount zion's ninth senior minister. today, under bishop smith's leadership, the church remains a place of worship and fellowship for its community and surrounding communities. with a mission focused on preserving the precepts of its rich heritage, mount zion continues to experience blessings in ways that were once thought to be unimaginable. recent accomplishments of mount zion include significant growth in membership, rededication of a refurbished and modernized facility in 2012, purchase of 22 acres of land in woodbridge, va in order to further the mission, and wide community outreach that spans from radio to social media. i am confident that mount zion will continue to serve its congregants and community for generations to come. by the grace of god, mount zion baptist church has survived the test of time and is still going strong today. while the frame of mount zion has undergone many renovations, its faith remains the same--firmly rooted in christ. mr. speaker, i celebrate the rich history and accomplishments of mount zion baptist church in arlington, virginia. i ask that my colleagues join me in congratulating bishop smith, the congregation, and the residents of arlington on this truly momentous occasion. ____________________",2630
CREC-2016-09-09-pt1-PgE1239-4,CREC-2016-09-09,2016-09-09,TRIBUTE TO PHYLLIS AND HAROLD SCHOLL,CREC,EXTENSIONS,E,E,1,https://www.govinfo.gov/app/details/CREC-2016-09-09/CREC-2016-09-09-pt1-PgE1239-4,https://api.govinfo.gov/packages/CREC-2016-09-09/granules/CREC-2016-09-09-pt1-PgE1239-4/htm,https://api.govinfo.gov/packages/CREC-2016-09-09/granules/CREC-2016-09-09-pt1-PgE1239-4/pdf,https://api.govinfo.gov/packages/CREC-2016-09-09/summary,"[Congressional Record Volume 162, Number 136 (Friday, September 9, 2016)] [Extensions of Remarks] [Page E1239] From the Congressional Record Online through the Government Publishing Office [ www.gpo.gov ] TRIBUTE TO PHYLLIS AND HAROLD SCHOLL ______ HON. DAVID YOUNG of iowa in the house of representatives Friday, September 9, 2016 Mr. YOUNG of Iowa. Mr. Speaker, I rise today to recognize and honor Phyllis and Harold Scholl of Adair, Iowa, on the very special occasion of their 60th wedding anniversary. They were married on June 10, 1956. Phyllis and Harold's lifelong commitment to their six daughters, 13 grandchildren and one great-grandchild truly embodies Iowa values. As they reflect on their 60th anniversary, I hope it is filled with happy memories. May their commitment grow even stronger, as they continue to love, cherish, and honor one another for many years to come. Mr. Speaker, I commend this great couple on their 60th year together and I wish them many more. I know my colleagues in the United States House of Representatives will join me in congratulating them on this momentous occasion. ____________________",,"[Congressional Record Volume 162, Number 136 (Friday, September 9, 2016)] [Extensions of Remarks] [Page E1239] From the Congressional Record Online through the Government Publishing Office [ www.gpo.gov ] TRIBUTE TO PHYLLIS AND HAROLD SCHOLL ______ HON. DAVID YOUNG of iowa in the house of representatives Friday, September 9, 2016 Mr. YOUNG of Iowa. Mr. Speaker, I rise today to recognize and honor Phyllis and Harold Scholl of Adair, Iowa, on the very special occasion of their 60th wedding anniversary. They were married on June 10, 1956. Phyllis and Harold's lifelong commitment to their six daughters, 13 grandchildren and one great-grandchild truly embodies Iowa values. As they reflect on their 60th anniversary, I hope it is filled with happy memories. May their commitment grow even stronger, as they continue to love, cherish, and honor one another for many years to come. Mr. Speaker, I commend this great couple on their 60th year together and I wish them many more. I know my colleagues in the United States House of Representatives will join me in congratulating them on this momentous occasion. ____________________",https://api.govinfo.gov/related/CREC-2016-09-09-pt1-PgE1239-4,CREC,Proceedings of Congress and General Congressional Publications,2025-03-07T17:31:58Z,Congressional Record,package_114_321.csv,1130,0,1130,"[congressional record volume 162, number 136 (friday, september 9, 2016)] [extensions of remarks] [page e1239] from the congressional record online through the government publishing office [ www.gpo.gov ] tribute to phyllis and harold scholl ______ hon. david young of iowa in the house of representatives friday, september 9, 2016 mr. young of iowa. mr. speaker, i rise today to recognize and honor phyllis and harold scholl of adair, iowa, on the very special occasion of their 60th wedding anniversary. they were married on june 10, 1956. phyllis and harold's lifelong commitment to their six daughters, 13 grandchildren and one great-grandchild truly embodies iowa values. as they reflect on their 60th anniversary, i hope it is filled with happy memories. may their commitment grow even stronger, as they continue to love, cherish, and honor one another for many years to come. mr. speaker, i commend this great couple on their 60th year together and i wish them many more. i know my colleagues in the united states house of representatives will join me in congratulating them on this momentous occasion. ____________________",1130
CREC-2016-09-09-pt1-PgE1239-6,CREC-2016-09-09,2016-09-09,PERSONAL EXPLANATION,CREC,EXTENSIONS,E,E,1,https://www.govinfo.gov/app/details/CREC-2016-09-09/CREC-2016-09-09-pt1-PgE1239-6,https://api.govinfo.gov/packages/CREC-2016-09-09/granules/CREC-2016-09-09-pt1-PgE1239-6/htm,https://api.govinfo.gov/packages/CREC-2016-09-09/granules/CREC-2016-09-09-pt1-PgE1239-6/pdf,https://api.govinfo.gov/packages/CREC-2016-09-09/summary,"[Congressional Record Volume 162, Number 136 (Friday, September 9, 2016)] [Extensions of Remarks] [Pages E1239-E1240] From the Congressional Record Online through the Government Publishing Office [ www.gpo.gov ] PERSONAL EXPLANATION ______ HON. JAMES R. LANGEVIN of rhode island in the house of representatives Friday, September 9, 2016 Mr. LANGEVIN. Mr. Speaker, I want to state that on July 13, 2016, during House Roll Call [[Page E1240]] number 444, I incorrectly voted ``aye'' when I had intended to vote ``nay.'' I strongly support the administration's implementation of the Well Control Rule, which was developed in the wake of the disastrous Deepwater Horizon oil spill in the Gulf of Mexico. I would also like to state that I continue to advocate for adequate protection of our offshore natural resources and the conservation of our marine environment. ____________________",,"[Congressional Record Volume 162, Number 136 (Friday, September 9, 2016)] [Extensions of Remarks] [Pages E1239-E1240] From the Congressional Record Online through the Government Publishing Office [ www.gpo.gov ] PERSONAL EXPLANATION ______ HON. JAMES R. LANGEVIN of rhode island in the house of representatives Friday, September 9, 2016 Mr. LANGEVIN. Mr. Speaker, I want to state that on July 13, 2016, during House Roll Call [[Page E1240]] number 444, I incorrectly voted ``aye'' when I had intended to vote ``nay.'' I strongly support the administration's implementation of the Well Control Rule, which was developed in the wake of the disastrous Deepwater Horizon oil spill in the Gulf of Mexico. I would also like to state that I continue to advocate for adequate protection of our offshore natural resources and the conservation of our marine environment. ____________________",https://api.govinfo.gov/related/CREC-2016-09-09-pt1-PgE1239-6,CREC,Proceedings of Congress and General Congressional Publications,2025-03-07T17:31:58Z,Congressional Record,package_114_321.csv,881,0,881,"[congressional record volume 162, number 136 (friday, september 9, 2016)] [extensions of remarks] [pages e1239-e1240] from the congressional record online through the government publishing office [ www.gpo.gov ] personal explanation ______ hon. james r. langevin of rhode island in the house of representatives friday, september 9, 2016 mr. langevin. mr. speaker, i want to state that on july 13, 2016, during house roll call [[page e1240]] number 444, i incorrectly voted ``aye'' when i had intended to vote ``nay.'' i strongly support the administration's implementation of the well control rule, which was developed in the wake of the disastrous deepwater horizon oil spill in the gulf of mexico. i would also like to state that i continue to advocate for adequate protection of our offshore natural resources and the conservation of our marine environment. ____________________",881
CREC-2016-09-09-pt1-PgE1240,CREC-2016-09-09,2016-09-09,11 SEPTEMBER 2001--AMERICA REMAINS FEARLESS,CREC,EXTENSIONS,E,E,1,https://www.govinfo.gov/app/details/CREC-2016-09-09/CREC-2016-09-09-pt1-PgE1240,https://api.govinfo.gov/packages/CREC-2016-09-09/granules/CREC-2016-09-09-pt1-PgE1240/htm,https://api.govinfo.gov/packages/CREC-2016-09-09/granules/CREC-2016-09-09-pt1-PgE1240/pdf,https://api.govinfo.gov/packages/CREC-2016-09-09/summary,"[Congressional Record Volume 162, Number 136 (Friday, September 9, 2016)] [Extensions of Remarks] [Page E1240] From the Congressional Record Online through the Government Publishing Office [ www.gpo.gov ] 11 SEPTEMBER 2001--AMERICA REMAINS FEARLESS ______ HON. TED POE of texas in the house of representatives Friday, September 9, 2016 Mr. POE of Texas. Mr. Speaker, September 9/11. I was driving my Jeep to the courthouse where I was a judge. On radio station KILT, Willie Nelson was singing ``Blue Eyes Crying in the Rain.'' Suddenly, local radio newscaster Robert B. McEntire interrupted. An airplane had crashed into the north tower of the World Trade Center. Minutes later a second airplane crashed into the south tower of the World Trade Center in New York City. After I got to the courthouse we learned the Pentagon was hit. A fourth flight was headed towards D.C. But good folks on the flight took down the airplane. They gave their lives so that others could live. Our Nation was under attack. The cold blooded, calculated massacre was done by 19 radical Islamic jihadists who murdered in the name of religion. America stood hand in hand that day. United. First Responders rushed to the scene, pulling people from the rubble. They were peace officers, firefighters, paramedics and everyday folks. Many of them died that day. Today we remember them all. The ones who were murdered, and the ones who gave their lives rescuing the victims. Mr. Speaker, America survived that day. And America remains fearless on every front. And that is just the way it is. ____________________",,"[Congressional Record Volume 162, Number 136 (Friday, September 9, 2016)] [Extensions of Remarks] [Page E1240] From the Congressional Record Online through the Government Publishing Office [ www.gpo.gov ] 11 SEPTEMBER 2001--AMERICA REMAINS FEARLESS ______ HON. TED POE of texas in the house of representatives Friday, September 9, 2016 Mr. POE of Texas. Mr. Speaker, September 9/11. I was driving my Jeep to the courthouse where I was a judge. On radio station KILT, Willie Nelson was singing ``Blue Eyes Crying in the Rain.'' Suddenly, local radio newscaster Robert B. McEntire interrupted. An airplane had crashed into the north tower of the World Trade Center. Minutes later a second airplane crashed into the south tower of the World Trade Center in New York City. After I got to the courthouse we learned the Pentagon was hit. A fourth flight was headed towards D.C. But good folks on the flight took down the airplane. They gave their lives so that others could live. Our Nation was under attack. The cold blooded, calculated massacre was done by 19 radical Islamic jihadists who murdered in the name of religion. America stood hand in hand that day. United. First Responders rushed to the scene, pulling people from the rubble. They were peace officers, firefighters, paramedics and everyday folks. Many of them died that day. Today we remember them all. The ones who were murdered, and the ones who gave their lives rescuing the victims. Mr. Speaker, America survived that day. And America remains fearless on every front. And that is just the way it is. ____________________",https://api.govinfo.gov/related/CREC-2016-09-09-pt1-PgE1240,CREC,Proceedings of Congress and General Congressional Publications,2025-03-07T17:31:58Z,Congressional Record,package_114_321.csv,1583,0,1583,"[congressional record volume 162, number 136 (friday, september 9, 2016)] [extensions of remarks] [page e1240] from the congressional record online through the government publishing office [ www.gpo.gov ] 11 september 2001--america remains fearless ______ hon. ted poe of texas in the house of representatives friday, september 9, 2016 mr. poe of texas. mr. speaker, september 9/11. i was driving my jeep to the courthouse where i was a judge. on radio station kilt, willie nelson was singing ``blue eyes crying in the rain.'' suddenly, local radio newscaster robert b. mcentire interrupted. an airplane had crashed into the north tower of the world trade center. minutes later a second airplane crashed into the south tower of the world trade center in new york city. after i got to the courthouse we learned the pentagon was hit. a fourth flight was headed towards d.c. but good folks on the flight took down the airplane. they gave their lives so that others could live. our nation was under attack. the cold blooded, calculated massacre was done by 19 radical islamic jihadists who murdered in the name of religion. america stood hand in hand that day. united. first responders rushed to the scene, pulling people from the rubble. they were peace officers, firefighters, paramedics and everyday folks. many of them died that day. today we remember them all. the ones who were murdered, and the ones who gave their lives rescuing the victims. mr. speaker, america survived that day. and america remains fearless on every front. and that is just the way it is. ____________________",1583
CREC-2016-09-09-pt1-PgE1240-2,CREC-2016-09-09,2016-09-09,TRIBUTE TO DONNA AND VAN LOBENDO,CREC,EXTENSIONS,E,E,1,https://www.govinfo.gov/app/details/CREC-2016-09-09/CREC-2016-09-09-pt1-PgE1240-2,https://api.govinfo.gov/packages/CREC-2016-09-09/granules/CREC-2016-09-09-pt1-PgE1240-2/htm,https://api.govinfo.gov/packages/CREC-2016-09-09/granules/CREC-2016-09-09-pt1-PgE1240-2/pdf,https://api.govinfo.gov/packages/CREC-2016-09-09/summary,"[Congressional Record Volume 162, Number 136 (Friday, September 9, 2016)] [Extensions of Remarks] [Page E1240] From the Congressional Record Online through the Government Publishing Office [ www.gpo.gov ] TRIBUTE TO DONNA AND VAN LOBENDO ______ HON. DAVID YOUNG of iowa in the house of representatives Friday, September 9, 2016 Mr. YOUNG of Iowa. Mr. Speaker, I rise today to recognize and congratulate Donna and Van Lobendo of Council Bluffs, Iowa, on the very special occasion of their 70th wedding anniversary. They were married on June 8, 1946 in Glenwood, Iowa. They were the owners of the Council Bluffs Hatchery and Donna's Beauty Salon. Donna and Van's lifelong commitment to each other, their children, Stanley and Dani, six grandchildren, 13 great-grandchildren, and one great-great-grandchild, truly embodies Iowa values. As they reflect on their 70th anniversary, I hope it is filled with happy memories and for continued hope for the future. Mr. Speaker, I commend this great couple on their 70th year together and I wish them many more. I know my colleagues in the United States House of Representatives join me in congratulating them on this momentous occasion.",,"[Congressional Record Volume 162, Number 136 (Friday, September 9, 2016)] [Extensions of Remarks] [Page E1240] From the Congressional Record Online through the Government Publishing Office [ www.gpo.gov ] TRIBUTE TO DONNA AND VAN LOBENDO ______ HON. DAVID YOUNG of iowa in the house of representatives Friday, September 9, 2016 Mr. YOUNG of Iowa. Mr. Speaker, I rise today to recognize and congratulate Donna and Van Lobendo of Council Bluffs, Iowa, on the very special occasion of their 70th wedding anniversary. They were married on June 8, 1946 in Glenwood, Iowa. They were the owners of the Council Bluffs Hatchery and Donna's Beauty Salon. Donna and Van's lifelong commitment to each other, their children, Stanley and Dani, six grandchildren, 13 great-grandchildren, and one great-great-grandchild, truly embodies Iowa values. As they reflect on their 70th anniversary, I hope it is filled with happy memories and for continued hope for the future. Mr. Speaker, I commend this great couple on their 70th year together and I wish them many more. I know my colleagues in the United States House of Representatives join me in congratulating them on this momentous occasion.",https://api.govinfo.gov/related/CREC-2016-09-09-pt1-PgE1240-2,CREC,Proceedings of Congress and General Congressional Publications,2025-03-07T17:31:58Z,Congressional Record,package_114_321.csv,1176,0,1176,"[congressional record volume 162, number 136 (friday, september 9, 2016)] [extensions of remarks] [page e1240] from the congressional record online through the government publishing office [ www.gpo.gov ] tribute to donna and van lobendo ______ hon. david young of iowa in the house of representatives friday, september 9, 2016 mr. young of iowa. mr. speaker, i rise today to recognize and congratulate donna and van lobendo of council bluffs, iowa, on the very special occasion of their 70th wedding anniversary. they were married on june 8, 1946 in glenwood, iowa. they were the owners of the council bluffs hatchery and donna's beauty salon. donna and van's lifelong commitment to each other, their children, stanley and dani, six grandchildren, 13 great-grandchildren, and one great-great-grandchild, truly embodies iowa values. as they reflect on their 70th anniversary, i hope it is filled with happy memories and for continued hope for the future. mr. speaker, i commend this great couple on their 70th year together and i wish them many more. i know my colleagues in the united states house of representatives join me in congratulating them on this momentous occasion.",1176
CREC-2016-09-09-pt1-PgE1239-3,CREC-2016-09-09,2016-09-09,IN HONOR OF REPRESENTATIVE ED JUTILA UPON HIS RETIREMENT,CREC,EXTENSIONS,E,E,1,https://www.govinfo.gov/app/details/CREC-2016-09-09/CREC-2016-09-09-pt1-PgE1239-3,https://api.govinfo.gov/packages/CREC-2016-09-09/granules/CREC-2016-09-09-pt1-PgE1239-3/htm,https://api.govinfo.gov/packages/CREC-2016-09-09/granules/CREC-2016-09-09-pt1-PgE1239-3/pdf,https://api.govinfo.gov/packages/CREC-2016-09-09/summary,,,,https://api.govinfo.gov/related/CREC-2016-09-09-pt1-PgE1239-3,CREC,Proceedings of Congress and General Congressional Publications,2025-03-07T17:31:58Z,Congressional Record,package_114_321.csv,0,0,0,,0
CREC-2016-09-09-pt1-PgD898-2,CREC-2016-09-09,2016-09-09,Daily Digest/Senate Committee Meetings,CREC,DAILYDIGEST,,D,1,https://www.govinfo.gov/app/details/CREC-2016-09-09/CREC-2016-09-09-pt1-PgD898-2,https://api.govinfo.gov/packages/CREC-2016-09-09/granules/CREC-2016-09-09-pt1-PgD898-2/htm,https://api.govinfo.gov/packages/CREC-2016-09-09/granules/CREC-2016-09-09-pt1-PgD898-2/pdf,https://api.govinfo.gov/packages/CREC-2016-09-09/summary,,,,https://api.govinfo.gov/related/CREC-2016-09-09-pt1-PgD898-2,CREC,Proceedings of Congress and General Congressional Publications,2025-03-07T17:31:58Z,Congressional Record,package_114_321.csv,0,0,0,,0
CREC-2016-09-09-pt1-PgD898,CREC-2016-09-09,2016-09-09,Daily Digest/Senate,CREC,DAILYDIGEST,,D,1,https://www.govinfo.gov/app/details/CREC-2016-09-09/CREC-2016-09-09-pt1-PgD898,https://api.govinfo.gov/packages/CREC-2016-09-09/granules/CREC-2016-09-09-pt1-PgD898/htm,https://api.govinfo.gov/packages/CREC-2016-09-09/granules/CREC-2016-09-09-pt1-PgD898/pdf,https://api.govinfo.gov/packages/CREC-2016-09-09/summary,"[Congressional Record Volume 162, Number 136 (Friday, September 9, 2016)] [Daily Digest] [Page D898] From the Congressional Record Online through the Government Publishing Office [ www.gpo.gov ] Friday, September 9, 2016 [[Page D898]] Daily Digest Senate Chamber Action The Senate was not in session and stands adjourned until 3 p.m., on Monday, September 12, 2016.",,"[Congressional Record Volume 162, Number 136 (Friday, September 9, 2016)] [Daily Digest] [Page D898] From the Congressional Record Online through the Government Publishing Office [ www.gpo.gov ] Friday, September 9, 2016 [[Page D898]] Daily Digest Senate Chamber Action The Senate was not in session and stands adjourned until 3 p.m., on Monday, September 12, 2016.",https://api.govinfo.gov/related/CREC-2016-09-09-pt1-PgD898,CREC,Proceedings of Congress and General Congressional Publications,2025-03-07T17:31:58Z,Congressional Record,package_114_321.csv,365,0,365,"[congressional record volume 162, number 136 (friday, september 9, 2016)] [daily digest] [page d898] from the congressional record online through the government publishing office [ www.gpo.gov ] friday, september 9, 2016 [[page d898]] daily digest senate chamber action the senate was not in session and stands adjourned until 3 p.m., on monday, september 12, 2016.",365
CREC-2016-09-09-pt1-PgE1239-5,CREC-2016-09-09,2016-09-09,CELEBRATING NANCY MAST'S DISTINGUISHED WORK IN SERVICE TO THE UNITED STATES MILITARY,CREC,EXTENSIONS,E,E,1,https://www.govinfo.gov/app/details/CREC-2016-09-09/CREC-2016-09-09-pt1-PgE1239-5,https://api.govinfo.gov/packages/CREC-2016-09-09/granules/CREC-2016-09-09-pt1-PgE1239-5/htm,https://api.govinfo.gov/packages/CREC-2016-09-09/granules/CREC-2016-09-09-pt1-PgE1239-5/pdf,https://api.govinfo.gov/packages/CREC-2016-09-09/summary,"[Congressional Record Volume 162, Number 136 (Friday, September 9, 2016)] [Extensions of Remarks] [Page E1239] From the Congressional Record Online through the Government Publishing Office [ www.gpo.gov ] CELEBRATING NANCY MAST'S DISTINGUISHED WORK IN SERVICE TO THE UNITED STATES MILITARY ______ HON. JACKIE WALORSKI of indiana in the house of representatives Friday, September 9, 2016 Mrs. WALORSKI. Mr. Speaker, I rise today to recognize Nancy Mast for her outstanding leadership of The HUGS Project of Elkhart County. Having always been the type of individual to serve others, Nancy diligently searched for an organization that would benefit from her talents as a seamstress. After scouring the internet, she came across a worthy cause known as The HUGS Project, which delivers cooling neckties (nicknamed ``hugs'') to American troops in the Middle East. In 2006, Nancy launched The HUGS Project of Elkhart County and made it her mission to help grow and steer this organization in the right direction. What began as a handful of volunteers in a basement is now a bustling organization with 50 volunteers that continues to grow to this very day. In Nancy's capacity with The HUGS Project, she has overseen the shipping of approximately 100,000 hugs and 50,000 pounds of ``care'' items, which include at least one handwritten note per box, to our troops. Her lasting commitment to such a worthy cause is a shining example of devotion and selflessness in our very own Hoosier community. She had a dream of doing ``something'' for our troops that sacrifice so much for each of us every day--she has truly made that dream a reality. On behalf of Hoosiers in the Second Congressional District and as a member of the House Armed Services Committee, I would like to personally thank Nancy for the significant contributions she has made to the wellbeing of the U.S. military. Her dedication to selflessly serving those who protect America means so much to me and all the military families across the world. In addition, I would like to extend my applause to every member of The HUGS Project. It is my hope that their organization continues to flourish with each passing year. ____________________",,"[Congressional Record Volume 162, Number 136 (Friday, September 9, 2016)] [Extensions of Remarks] [Page E1239] From the Congressional Record Online through the Government Publishing Office [ www.gpo.gov ] CELEBRATING NANCY MAST'S DISTINGUISHED WORK IN SERVICE TO THE UNITED STATES MILITARY ______ HON. JACKIE WALORSKI of indiana in the house of representatives Friday, September 9, 2016 Mrs. WALORSKI. Mr. Speaker, I rise today to recognize Nancy Mast for her outstanding leadership of The HUGS Project of Elkhart County. Having always been the type of individual to serve others, Nancy diligently searched for an organization that would benefit from her talents as a seamstress. After scouring the internet, she came across a worthy cause known as The HUGS Project, which delivers cooling neckties (nicknamed ``hugs'') to American troops in the Middle East. In 2006, Nancy launched The HUGS Project of Elkhart County and made it her mission to help grow and steer this organization in the right direction. What began as a handful of volunteers in a basement is now a bustling organization with 50 volunteers that continues to grow to this very day. In Nancy's capacity with The HUGS Project, she has overseen the shipping of approximately 100,000 hugs and 50,000 pounds of ``care'' items, which include at least one handwritten note per box, to our troops. Her lasting commitment to such a worthy cause is a shining example of devotion and selflessness in our very own Hoosier community. She had a dream of doing ``something'' for our troops that sacrifice so much for each of us every day--she has truly made that dream a reality. On behalf of Hoosiers in the Second Congressional District and as a member of the House Armed Services Committee, I would like to personally thank Nancy for the significant contributions she has made to the wellbeing of the U.S. military. Her dedication to selflessly serving those who protect America means so much to me and all the military families across the world. In addition, I would like to extend my applause to every member of The HUGS Project. It is my hope that their organization continues to flourish with each passing year. ____________________",https://api.govinfo.gov/related/CREC-2016-09-09-pt1-PgE1239-5,CREC,Proceedings of Congress and General Congressional Publications,2025-03-07T17:31:58Z,Congressional Record,package_114_321.csv,2192,0,2192,"[congressional record volume 162, number 136 (friday, september 9, 2016)] [extensions of remarks] [page e1239] from the congressional record online through the government publishing office [ www.gpo.gov ] celebrating nancy mast's distinguished work in service to the united states military ______ hon. jackie walorski of indiana in the house of representatives friday, september 9, 2016 mrs. walorski. mr. speaker, i rise today to recognize nancy mast for her outstanding leadership of the hugs project of elkhart county. having always been the type of individual to serve others, nancy diligently searched for an organization that would benefit from her talents as a seamstress. after scouring the internet, she came across a worthy cause known as the hugs project, which delivers cooling neckties (nicknamed ``hugs'') to american troops in the middle east. in 2006, nancy launched the hugs project of elkhart county and made it her mission to help grow and steer this organization in the right direction. what began as a handful of volunteers in a basement is now a bustling organization with 50 volunteers that continues to grow to this very day. in nancy's capacity with the hugs project, she has overseen the shipping of approximately 100,000 hugs and 50,000 pounds of ``care'' items, which include at least one handwritten note per box, to our troops. her lasting commitment to such a worthy cause is a shining example of devotion and selflessness in our very own hoosier community. she had a dream of doing ``something'' for our troops that sacrifice so much for each of us every day--she has truly made that dream a reality. on behalf of hoosiers in the second congressional district and as a member of the house armed services committee, i would like to personally thank nancy for the significant contributions she has made to the wellbeing of the u.s. military. her dedication to selflessly serving those who protect america means so much to me and all the military families across the world. in addition, i would like to extend my applause to every member of the hugs project. it is my hope that their organization continues to flourish with each passing year. ____________________",2192
CREC-2016-09-09-pt1-PgD899-2,CREC-2016-09-09,2016-09-09,Daily Digest/COMMITTEE MEETINGS FOR 2016-09-12,CREC,DAILYDIGEST,,D,1,https://www.govinfo.gov/app/details/CREC-2016-09-09/CREC-2016-09-09-pt1-PgD899-2,https://api.govinfo.gov/packages/CREC-2016-09-09/granules/CREC-2016-09-09-pt1-PgD899-2/htm,https://api.govinfo.gov/packages/CREC-2016-09-09/granules/CREC-2016-09-09-pt1-PgD899-2/pdf,https://api.govinfo.gov/packages/CREC-2016-09-09/summary,"[Congressional Record Volume 162, Number 136 (Friday, September 9, 2016)] [Daily Digest] [Page D899] From the Congressional Record Online through the Government Publishing Office [ www.gpo.gov ] COMMITTEE MEETINGS FOR MONDAY, SEPTEMBER 12, 2016 (Committee meetings are open unless otherwise indicated) Senate Committee on Foreign Relations: to receive a closed briefing on the failed coup in Turkey and the future of United States-Turkish cooperation, 5 p.m., SVC-217. House Committee on Energy and Commerce, Subcommittee on Communications and Technology, markup on H.R. 2566, the ``Improving Rural Call Quality and Reliability Act of 2015''; and H.R. 2669, the ``Anti- Spoofing Act of 2015'', 5 p.m., 2322 Rayburn. Subcommittee on Health, markup on H.R. 4365, the ``Protecting Patient Access to Emergency Medications Act of 2016''; H.R. 1192, the ``National Diabetes Clinical Care Commission Act''; H.R. 1209, the ``Improving Access to Maternity Care Act''; H.R. 1877, the ``Mental Health First Aid''; and H.R. 2713, the ``Title VIII Nursing Workforce Reauthorization Act of 2015'', 5:30 p.m., 2322 Rayburn. Committee on Oversight and Government Reform, Full Committee, hearing entitled ``Classifications and Redactions in FBI's Investigative File'', 5 p.m., 2154 Rayburn. Committee on Rules, Full Committee, hearing on H.R. 3590, the ``Halt Tax Increases on the Middle Class and Seniors Act''; H.R. 5620, the ``VA Accountability First and Appeals Modernization Act of 2016'', 5 p.m., H-313 Capitol.",,"[Congressional Record Volume 162, Number 136 (Friday, September 9, 2016)] [Daily Digest] [Page D899] From the Congressional Record Online through the Government Publishing Office [ www.gpo.gov ] COMMITTEE MEETINGS FOR MONDAY, SEPTEMBER 12, 2016 (Committee meetings are open unless otherwise indicated) Senate Committee on Foreign Relations: to receive a closed briefing on the failed coup in Turkey and the future of United States-Turkish cooperation, 5 p.m., SVC-217. House Committee on Energy and Commerce, Subcommittee on Communications and Technology, markup on H.R. 2566, the ``Improving Rural Call Quality and Reliability Act of 2015''; and H.R. 2669, the ``Anti- Spoofing Act of 2015'', 5 p.m., 2322 Rayburn. Subcommittee on Health, markup on H.R. 4365, the ``Protecting Patient Access to Emergency Medications Act of 2016''; H.R. 1192, the ``National Diabetes Clinical Care Commission Act''; H.R. 1209, the ``Improving Access to Maternity Care Act''; H.R. 1877, the ``Mental Health First Aid''; and H.R. 2713, the ``Title VIII Nursing Workforce Reauthorization Act of 2015'', 5:30 p.m., 2322 Rayburn. Committee on Oversight and Government Reform, Full Committee, hearing entitled ``Classifications and Redactions in FBI's Investigative File'', 5 p.m., 2154 Rayburn. Committee on Rules, Full Committee, hearing on H.R. 3590, the ``Halt Tax Increases on the Middle Class and Seniors Act''; H.R. 5620, the ``VA Accountability First and Appeals Modernization Act of 2016'', 5 p.m., H-313 Capitol.",https://api.govinfo.gov/related/CREC-2016-09-09-pt1-PgD899-2,CREC,Proceedings of Congress and General Congressional Publications,2025-03-07T17:31:58Z,Congressional Record,package_114_321.csv,1500,0,1500,"[congressional record volume 162, number 136 (friday, september 9, 2016)] [daily digest] [page d899] from the congressional record online through the government publishing office [ www.gpo.gov ] committee meetings for monday, september 12, 2016 (committee meetings are open unless otherwise indicated) senate committee on foreign relations: to receive a closed briefing on the failed coup in turkey and the future of united states-turkish cooperation, 5 p.m., svc-217. house committee on energy and commerce, subcommittee on communications and technology, markup on h.r. 2566, the ``improving rural call quality and reliability act of 2015''; and h.r. 2669, the ``anti- spoofing act of 2015'', 5 p.m., 2322 rayburn. subcommittee on health, markup on h.r. 4365, the ``protecting patient access to emergency medications act of 2016''; h.r. 1192, the ``national diabetes clinical care commission act''; h.r. 1209, the ``improving access to maternity care act''; h.r. 1877, the ``mental health first aid''; and h.r. 2713, the ``title viii nursing workforce reauthorization act of 2015'', 5:30 p.m., 2322 rayburn. committee on oversight and government reform, full committee, hearing entitled ``classifications and redactions in fbi's investigative file'', 5 p.m., 2154 rayburn. committee on rules, full committee, hearing on h.r. 3590, the ``halt tax increases on the middle class and seniors act''; h.r. 5620, the ``va accountability first and appeals modernization act of 2016'', 5 p.m., h-313 capitol.",1500
CREC-2016-09-09-pt1-PgD899-3,CREC-2016-09-09,2016-09-09,Daily Digest/Next Meeting of the SENATE + Next Meeting of the HOUSE OF REPRESENTATIVES + Other End Matter,CREC,DAILYDIGEST,,D,1,https://www.govinfo.gov/app/details/CREC-2016-09-09/CREC-2016-09-09-pt1-PgD899-3,https://api.govinfo.gov/packages/CREC-2016-09-09/granules/CREC-2016-09-09-pt1-PgD899-3/htm,https://api.govinfo.gov/packages/CREC-2016-09-09/granules/CREC-2016-09-09-pt1-PgD899-3/pdf,https://api.govinfo.gov/packages/CREC-2016-09-09/summary,"[Congressional Record Volume 162, Number 136 (Friday, September 9, 2016)] [Daily Digest] [Pages D899-D900] From the Congressional Record Online through the Government Publishing Office [ www.gpo.gov ] CONGRESSIONAL RECORD (USPS 087-390). The Periodicals postage is paid at Washington, D.C. The public proceedings of each House of Congress, as reported by the Official Reporters thereof, are printed pursuant to directions of the Joint Committee on Printing as authorized by appropriate provisions of Title 44, United States Code, and published for each day that one or both Houses are in session, excepting very infrequent instances when two or more unusually small consecutive issues are printed one time. Public access to the Congressional Record is available online through the U.S. Government Publishing Office, at www.fdsys.gov , free of charge to the user. The information is updated online each day the Congressional Record is published. For more information, contact the GPO Customer Contact Center, U.S. Government Publishing Office. Phone 202-512-1800, or 866-512-1800 (toll-free). E-Mail, contactcenter@gpo.gov . To place an order for any of these products, visit the U.S. Government Online Bookstore at: bookstore.gpo.gov. Mail orders to: Superintendent of Documents, P.O. Box 979050, St. Louis, MO 63197-9000, or phone orders to 866-512 091800 (toll-free), 202-512-1800 (D.C. area), or fax to 202-512-2104. Remit check or money order, made payable to the Superintendent of Documents, or use VISA, MasterCard, Discover, American Express, or GPO Deposit Account. Following each session of Congress, the daily Congressional Record is revised, printed, permanently bound and sold by the Superintendent of Documents in individual parts or by sets. With the exception of copyrighted articles, there are no restrictions on the republication of material from the Congressional Record. POSTMASTER: Send address changes to the Superintendent of Documents, Congressional Record, U.S. Government Publishing Office, Washington, D.C. 20402, along with the entire mailing label from the last issue received. [[Page D900]] _______________________________________________________________________ Next Meeting of the SENATE 3 p.m., Monday, September 12 Senate Chamber Program for Monday: Senate will resume consideration of S. 2848, Water Resources Development Act, and vote on the motion to invoke cloture on McConnell (for Inhofe) Amendment No. 4979, at 5:30 p.m. Next Meeting of the HOUSE OF REPRESENTATIVES 12 noon, Monday, September 12 House Chamber Program for Monday: To be announced. _______________________________________________________________________ Extensions of Remarks, as inserted in this issue HOUSE Babin, Brian, Tex., E1231 Bishop, Sanford D., Jr., Ga., E1236 Blum, Rod, Iowa, E1233 Butterfield, G.K., N.C., E1238, E1238 Cartwright, Matt, Pa., E1235 Costa, Jim, Calif., E1234 Courtney, Joe, Conn., E1239 Ellison, Keith, Minn., E1231 Forbes, J. Randy, Va., E1237 Graves, Sam, Mo., E1233, E1233 Heck, Denny, Wash., E1232 Kaptur, Marcy, Ohio, E1238 Kildee, Daniel T., Mich., E1233, E1234, E1235, E1235 Langevin, James R., R.I., E1239 Long, Billy, Mo., E1236 Poe, Ted, Tex., E1240 Rangel, Charles B., N.Y., E1239 Serrano, Jose E., N.Y., E1236 Smith, Christopher H., N.J., E1231 Thompson, Mike, Calif., E1237 Tipton, Scott R., Colo., E1232 Valadao, David G., Calif., E1234, E1235, E1236 Walberg, Tim, Mich., E1236 Walorski, Jackie, Ind., E1239 Young, David, Iowa, E1233, E1233, E1234, E1235, E1236, E1237, E1237, E1239, E1239, E1240",,"[Congressional Record Volume 162, Number 136 (Friday, September 9, 2016)] [Daily Digest] [Pages D899-D900] From the Congressional Record Online through the Government Publishing Office [ www.gpo.gov ] CONGRESSIONAL RECORD (USPS 087-390). The Periodicals postage is paid at Washington, D.C. The public proceedings of each House of Congress, as reported by the Official Reporters thereof, are printed pursuant to directions of the Joint Committee on Printing as authorized by appropriate provisions of Title 44, United States Code, and published for each day that one or both Houses are in session, excepting very infrequent instances when two or more unusually small consecutive issues are printed one time. Public access to the Congressional Record is available online through the U.S. Government Publishing Office, at www.fdsys.gov , free of charge to the user. The information is updated online each day the Congressional Record is published. For more information, contact the GPO Customer Contact Center, U.S. Government Publishing Office. Phone 202-512-1800, or 866-512-1800 (toll-free). E-Mail, contactcenter@gpo.gov . To place an order for any of these products, visit the U.S. Government Online Bookstore at: bookstore.gpo.gov. Mail orders to: Superintendent of Documents, P.O. Box 979050, St. Louis, MO 63197-9000, or phone orders to 866-512 091800 (toll-free), 202-512-1800 (D.C. area), or fax to 202-512-2104. Remit check or money order, made payable to the Superintendent of Documents, or use VISA, MasterCard, Discover, American Express, or GPO Deposit Account. Following each session of Congress, the daily Congressional Record is revised, printed, permanently bound and sold by the Superintendent of Documents in individual parts or by sets. With the exception of copyrighted articles, there are no restrictions on the republication of material from the Congressional Record. POSTMASTER: Send address changes to the Superintendent of Documents, Congressional Record, U.S. Government Publishing Office, Washington, D.C. 20402, along with the entire mailing label from the last issue received. [[Page D900]] _______________________________________________________________________ Next Meeting of the SENATE 3 p.m., Monday, September 12 Senate Chamber Program for Monday: Senate will resume consideration of S. 2848, Water Resources Development Act, and vote on the motion to invoke cloture on McConnell (for Inhofe) Amendment No. 4979, at 5:30 p.m. Next Meeting of the HOUSE OF REPRESENTATIVES 12 noon, Monday, September 12 House Chamber Program for Monday: To be announced. _______________________________________________________________________ Extensions of Remarks, as inserted in this issue HOUSE Babin, Brian, Tex., E1231 Bishop, Sanford D., Jr., Ga., E1236 Blum, Rod, Iowa, E1233 Butterfield, G.K., N.C., E1238, E1238 Cartwright, Matt, Pa., E1235 Costa, Jim, Calif., E1234 Courtney, Joe, Conn., E1239 Ellison, Keith, Minn., E1231 Forbes, J. Randy, Va., E1237 Graves, Sam, Mo., E1233, E1233 Heck, Denny, Wash., E1232 Kaptur, Marcy, Ohio, E1238 Kildee, Daniel T., Mich., E1233, E1234, E1235, E1235 Langevin, James R., R.I., E1239 Long, Billy, Mo., E1236 Poe, Ted, Tex., E1240 Rangel, Charles B., N.Y., E1239 Serrano, Jose E., N.Y., E1236 Smith, Christopher H., N.J., E1231 Thompson, Mike, Calif., E1237 Tipton, Scott R., Colo., E1232 Valadao, David G., Calif., E1234, E1235, E1236 Walberg, Tim, Mich., E1236 Walorski, Jackie, Ind., E1239 Young, David, Iowa, E1233, E1233, E1234, E1235, E1236, E1237, E1237, E1239, E1239, E1240",https://api.govinfo.gov/related/CREC-2016-09-09-pt1-PgD899-3,CREC,Proceedings of Congress and General Congressional Publications,2025-03-07T17:31:58Z,Congressional Record,package_114_321.csv,3543,0,3543,"[congressional record volume 162, number 136 (friday, september 9, 2016)] [daily digest] [pages d899-d900] from the congressional record online through the government publishing office [ www.gpo.gov ] congressional record (usps 087-390). the periodicals postage is paid at washington, d.c. the public proceedings of each house of congress, as reported by the official reporters thereof, are printed pursuant to directions of the joint committee on printing as authorized by appropriate provisions of title 44, united states code, and published for each day that one or both houses are in session, excepting very infrequent instances when two or more unusually small consecutive issues are printed one time. public access to the congressional record is available online through the u.s. government publishing office, at www.fdsys.gov , free of charge to the user. the information is updated online each day the congressional record is published. for more information, contact the gpo customer contact center, u.s. government publishing office. phone 202-512-1800, or 866-512-1800 (toll-free). e-mail, contactcenter@gpo.gov . to place an order for any of these products, visit the u.s. government online bookstore at: bookstore.gpo.gov. mail orders to: superintendent of documents, p.o. box 979050, st. louis, mo 63197-9000, or phone orders to 866-512 091800 (toll-free), 202-512-1800 (d.c. area), or fax to 202-512-2104. remit check or money order, made payable to the superintendent of documents, or use visa, mastercard, discover, american express, or gpo deposit account. following each session of congress, the daily congressional record is revised, printed, permanently bound and sold by the superintendent of documents in individual parts or by sets. with the exception of copyrighted articles, there are no restrictions on the republication of material from the congressional record. postmaster: send address changes to the superintendent of documents, congressional record, u.s. government publishing office, washington, d.c. 20402, along with the entire mailing label from the last issue received. [[page d900]] _______________________________________________________________________ next meeting of the senate 3 p.m., monday, september 12 senate chamber program for monday: senate will resume consideration of s. 2848, water resources development act, and vote on the motion to invoke cloture on mcconnell (for inhofe) amendment no. 4979, at 5:30 p.m. next meeting of the house of representatives 12 noon, monday, september 12 house chamber program for monday: to be announced. _______________________________________________________________________ extensions of remarks, as inserted in this issue house babin, brian, tex., e1231 bishop, sanford d., jr., ga., e1236 blum, rod, iowa, e1233 butterfield, g.k., n.c., e1238, e1238 cartwright, matt, pa., e1235 costa, jim, calif., e1234 courtney, joe, conn., e1239 ellison, keith, minn., e1231 forbes, j. randy, va., e1237 graves, sam, mo., e1233, e1233 heck, denny, wash., e1232 kaptur, marcy, ohio, e1238 kildee, daniel t., mich., e1233, e1234, e1235, e1235 langevin, james r., r.i., e1239 long, billy, mo., e1236 poe, ted, tex., e1240 rangel, charles b., n.y., e1239 serrano, jose e., n.y., e1236 smith, christopher h., n.j., e1231 thompson, mike, calif., e1237 tipton, scott r., colo., e1232 valadao, david g., calif., e1234, e1235, e1236 walberg, tim, mich., e1236 walorski, jackie, ind., e1239 young, david, iowa, e1233, e1233, e1234, e1235, e1236, e1237, e1237, e1239, e1239, e1240",3543
CREC-2016-09-09-pt1-PgD898-3,CREC-2016-09-09,2016-09-09,Daily Digest/House of Representatives,CREC,DAILYDIGEST,,D,1,https://www.govinfo.gov/app/details/CREC-2016-09-09/CREC-2016-09-09-pt1-PgD898-3,https://api.govinfo.gov/packages/CREC-2016-09-09/granules/CREC-2016-09-09-pt1-PgD898-3/htm,https://api.govinfo.gov/packages/CREC-2016-09-09/granules/CREC-2016-09-09-pt1-PgD898-3/pdf,https://api.govinfo.gov/packages/CREC-2016-09-09/summary,"[Congressional Record Volume 162, Number 136 (Friday, September 9, 2016)] [Daily Digest] [Pages D898-D899] From the Congressional Record Online through the Government Publishing Office [ www.gpo.gov ] House of Representatives Chamber Action Public Bills and Resolutions Introduced: 21 public bills, H.R. 5977- 5991; and 6 resolutions, H. Con. Res. 150-152; and H. Res. 854-856, were introduced. Pages H5254-55 Additional Cosponsors: Page H5256 Reports Filed: Reports were filed today as follows: H.R. 5523, to amend title 31, United States Code, to prohibit the Internal Revenue Service from carrying out seizures relating to a structuring transaction unless the property to be seized derived from an illegal source or the funds were structured for the purpose of concealing the violation of another criminal law or regulation, to require notice and a post-seizure hearing for such seizures, and for other purposes, with an amendment (H. Rept. 114-730, Part 1); H.R. 5111, to prohibit the use of certain clauses in form contracts that restrict the ability of a consumer to communicate regarding the goods or services offered in interstate commerce that were the subject of the contract, and for other purposes, with an amendment (H. Rept. 114-731); H.R. 1301, to direct the Federal Communications Commission to extend to private land use restrictions its rule relating to reasonable accommodation of amateur service communications, with amendments (H. Rept. 114-732); H.R. 5104, to prohibit, as an unfair and deceptive act or practice in commerce, the sale or use of certain software to circumvent control measures used by Internet ticket sellers to ensure equitable consumer access to tickets for any given event, and for other purposes, with an amendment (H. Rept. 114-733); H.R. 670, to amend title XIX of the Social Security Act to extend the Medicaid rules regarding supplemental needs trusts for Medicaid beneficiaries to trusts established by those beneficiaries, and for other purposes, with an amendment (H. Rept. 114-734); and H.R. 3299, to amend the Public Health Service Act to ensure preparedness for chemical, radiological, biological, and nuclear threats, and for other purposes, with an amendment (H. Rept. 114-735). Page H5254 Expressing the sense of the House of Representatives regarding the terrorist attacks launched against the United States on September 11, 2001, on the 15th anniversary of that date: The House agreed to discharge from committee and agree to H. Res. 842, expressing the sense of the House of Representatives regarding the terrorist attacks launched against the United States on September 11, 2001, on the 15th anniversary of that date. Pages H5229-30 Unanimous Consent Agreement: Agreed by unanimous consent that the question of adopting a motion to recommit on H.R. 5424 may be subject to postponement as though under clause 8 of rule 20. Page H5230 Recess: The House recessed at 10:36 a.m. and reconvened at 11:05 a.m. Page H5239 Suspensions: The House agreed to suspend the rules and pass the following measure: [[Page D899]] Justice Against Sponsors of Terrorism Act: S. 2040, to deter terrorism, and provide justice for victims. Pages H5239-44 Investment Advisers Modernization Act of 2016: The House passed H.R. 5424, to amend the Investment Advisers Act of 1940 and to direct the Securities and Exchange Commission to amend its rules to modernize certain requirements relating to investment advisers, by a yea-and-nay vote of 261 yeas to 145 nays, Roll No. 495. Pages H5230-39, H5244-46 Rejected the Torres motion to recommit the bill to the Committee on Financial Services with instructions to report the same back to the House forthwith with an amendment, by a yea-and-nay vote of 176 yeas to 232 nays, Roll No. 494. Pages H5238-39, H5244-45 Pursuant to the Rule, the amendment in the nature of a substitute recommended by the Committee on Financial Services now printed in the bill shall be considered as adopted. Pages H5230-31 Agreed to: Foster amendment (printed in Part B of H. Rept. 114-725) that removes provisions related to brochure delivery and the requirement for annual audits at select private funds. Pages H5237-38 H. Res. 844, the rule providing for consideration of the bills (H.R. 2357) and (H.R. 5424) was agreed to yesterday, September 8th. Meeting Hour: Agreed by unanimous consent that when the House adjourns today, it adjourn to meet at 12 noon on Monday, September 12th for Morning Hour debate. Page H5252 Senate Message: Message received from the Senate today appears on page H5249. Quorum Calls--Votes: Two yea-and-nay votes developed during the proceedings of today and appear on pages H5244-45 and H5245-46. There were no quorum calls. Adjournment: The House met at 9 a.m. and at 1:15 p.m., pursuant to House Resolution 842, the House stands adjourned out of respect to the victims of the terrorist attacks.",,"[Congressional Record Volume 162, Number 136 (Friday, September 9, 2016)] [Daily Digest] [Pages D898-D899] From the Congressional Record Online through the Government Publishing Office [ www.gpo.gov ] House of Representatives Chamber Action Public Bills and Resolutions Introduced: 21 public bills, H.R. 5977- 5991; and 6 resolutions, H. Con. Res. 150-152; and H. Res. 854-856, were introduced. Pages H5254-55 Additional Cosponsors: Page H5256 Reports Filed: Reports were filed today as follows: H.R. 5523, to amend title 31, United States Code, to prohibit the Internal Revenue Service from carrying out seizures relating to a structuring transaction unless the property to be seized derived from an illegal source or the funds were structured for the purpose of concealing the violation of another criminal law or regulation, to require notice and a post-seizure hearing for such seizures, and for other purposes, with an amendment (H. Rept. 114-730, Part 1); H.R. 5111, to prohibit the use of certain clauses in form contracts that restrict the ability of a consumer to communicate regarding the goods or services offered in interstate commerce that were the subject of the contract, and for other purposes, with an amendment (H. Rept. 114-731); H.R. 1301, to direct the Federal Communications Commission to extend to private land use restrictions its rule relating to reasonable accommodation of amateur service communications, with amendments (H. Rept. 114-732); H.R. 5104, to prohibit, as an unfair and deceptive act or practice in commerce, the sale or use of certain software to circumvent control measures used by Internet ticket sellers to ensure equitable consumer access to tickets for any given event, and for other purposes, with an amendment (H. Rept. 114-733); H.R. 670, to amend title XIX of the Social Security Act to extend the Medicaid rules regarding supplemental needs trusts for Medicaid beneficiaries to trusts established by those beneficiaries, and for other purposes, with an amendment (H. Rept. 114-734); and H.R. 3299, to amend the Public Health Service Act to ensure preparedness for chemical, radiological, biological, and nuclear threats, and for other purposes, with an amendment (H. Rept. 114-735). Page H5254 Expressing the sense of the House of Representatives regarding the terrorist attacks launched against the United States on September 11, 2001, on the 15th anniversary of that date: The House agreed to discharge from committee and agree to H. Res. 842, expressing the sense of the House of Representatives regarding the terrorist attacks launched against the United States on September 11, 2001, on the 15th anniversary of that date. Pages H5229-30 Unanimous Consent Agreement: Agreed by unanimous consent that the question of adopting a motion to recommit on H.R. 5424 may be subject to postponement as though under clause 8 of rule 20. Page H5230 Recess: The House recessed at 10:36 a.m. and reconvened at 11:05 a.m. Page H5239 Suspensions: The House agreed to suspend the rules and pass the following measure: [[Page D899]] Justice Against Sponsors of Terrorism Act: S. 2040, to deter terrorism, and provide justice for victims. Pages H5239-44 Investment Advisers Modernization Act of 2016: The House passed H.R. 5424, to amend the Investment Advisers Act of 1940 and to direct the Securities and Exchange Commission to amend its rules to modernize certain requirements relating to investment advisers, by a yea-and-nay vote of 261 yeas to 145 nays, Roll No. 495. Pages H5230-39, H5244-46 Rejected the Torres motion to recommit the bill to the Committee on Financial Services with instructions to report the same back to the House forthwith with an amendment, by a yea-and-nay vote of 176 yeas to 232 nays, Roll No. 494. Pages H5238-39, H5244-45 Pursuant to the Rule, the amendment in the nature of a substitute recommended by the Committee on Financial Services now printed in the bill shall be considered as adopted. Pages H5230-31 Agreed to: Foster amendment (printed in Part B of H. Rept. 114-725) that removes provisions related to brochure delivery and the requirement for annual audits at select private funds. Pages H5237-38 H. Res. 844, the rule providing for consideration of the bills (H.R. 2357) and (H.R. 5424) was agreed to yesterday, September 8th. Meeting Hour: Agreed by unanimous consent that when the House adjourns today, it adjourn to meet at 12 noon on Monday, September 12th for Morning Hour debate. Page H5252 Senate Message: Message received from the Senate today appears on page H5249. Quorum Calls--Votes: Two yea-and-nay votes developed during the proceedings of today and appear on pages H5244-45 and H5245-46. There were no quorum calls. Adjournment: The House met at 9 a.m. and at 1:15 p.m., pursuant to House Resolution 842, the House stands adjourned out of respect to the victims of the terrorist attacks.",https://api.govinfo.gov/related/CREC-2016-09-09-pt1-PgD898-3,CREC,Proceedings of Congress and General Congressional Publications,2025-03-07T17:31:58Z,Congressional Record,package_114_321.csv,4885,0,4885,"[congressional record volume 162, number 136 (friday, september 9, 2016)] [daily digest] [pages d898-d899] from the congressional record online through the government publishing office [ www.gpo.gov ] house of representatives chamber action public bills and resolutions introduced: 21 public bills, h.r. 5977- 5991; and 6 resolutions, h. con. res. 150-152; and h. res. 854-856, were introduced. pages h5254-55 additional cosponsors: page h5256 reports filed: reports were filed today as follows: h.r. 5523, to amend title 31, united states code, to prohibit the internal revenue service from carrying out seizures relating to a structuring transaction unless the property to be seized derived from an illegal source or the funds were structured for the purpose of concealing the violation of another criminal law or regulation, to require notice and a post-seizure hearing for such seizures, and for other purposes, with an amendment (h. rept. 114-730, part 1); h.r. 5111, to prohibit the use of certain clauses in form contracts that restrict the ability of a consumer to communicate regarding the goods or services offered in interstate commerce that were the subject of the contract, and for other purposes, with an amendment (h. rept. 114-731); h.r. 1301, to direct the federal communications commission to extend to private land use restrictions its rule relating to reasonable accommodation of amateur service communications, with amendments (h. rept. 114-732); h.r. 5104, to prohibit, as an unfair and deceptive act or practice in commerce, the sale or use of certain software to circumvent control measures used by internet ticket sellers to ensure equitable consumer access to tickets for any given event, and for other purposes, with an amendment (h. rept. 114-733); h.r. 670, to amend title xix of the social security act to extend the medicaid rules regarding supplemental needs trusts for medicaid beneficiaries to trusts established by those beneficiaries, and for other purposes, with an amendment (h. rept. 114-734); and h.r. 3299, to amend the public health service act to ensure preparedness for chemical, radiological, biological, and nuclear threats, and for other purposes, with an amendment (h. rept. 114-735). page h5254 expressing the sense of the house of representatives regarding the terrorist attacks launched against the united states on september 11, 2001, on the 15th anniversary of that date: the house agreed to discharge from committee and agree to h. res. 842, expressing the sense of the house of representatives regarding the terrorist attacks launched against the united states on september 11, 2001, on the 15th anniversary of that date. pages h5229-30 unanimous consent agreement: agreed by unanimous consent that the question of adopting a motion to recommit on h.r. 5424 may be subject to postponement as though under clause 8 of rule 20. page h5230 recess: the house recessed at 10:36 a.m. and reconvened at 11:05 a.m. page h5239 suspensions: the house agreed to suspend the rules and pass the following measure: [[page d899]] justice against sponsors of terrorism act: s. 2040, to deter terrorism, and provide justice for victims. pages h5239-44 investment advisers modernization act of 2016: the house passed h.r. 5424, to amend the investment advisers act of 1940 and to direct the securities and exchange commission to amend its rules to modernize certain requirements relating to investment advisers, by a yea-and-nay vote of 261 yeas to 145 nays, roll no. 495. pages h5230-39, h5244-46 rejected the torres motion to recommit the bill to the committee on financial services with instructions to report the same back to the house forthwith with an amendment, by a yea-and-nay vote of 176 yeas to 232 nays, roll no. 494. pages h5238-39, h5244-45 pursuant to the rule, the amendment in the nature of a substitute recommended by the committee on financial services now printed in the bill shall be considered as adopted. pages h5230-31 agreed to: foster amendment (printed in part b of h. rept. 114-725) that removes provisions related to brochure delivery and the requirement for annual audits at select private funds. pages h5237-38 h. res. 844, the rule providing for consideration of the bills (h.r. 2357) and (h.r. 5424) was agreed to yesterday, september 8th. meeting hour: agreed by unanimous consent that when the house adjourns today, it adjourn to meet at 12 noon on monday, september 12th for morning hour debate. page h5252 senate message: message received from the senate today appears on page h5249. quorum calls--votes: two yea-and-nay votes developed during the proceedings of today and appear on pages h5244-45 and h5245-46. there were no quorum calls. adjournment: the house met at 9 a.m. and at 1:15 p.m., pursuant to house resolution 842, the house stands adjourned out of respect to the victims of the terrorist attacks.",4885
CREC-2016-09-09-pt1-PgD899,CREC-2016-09-09,2016-09-09,Daily Digest/House Committee Meetings,CREC,DAILYDIGEST,,D,1,https://www.govinfo.gov/app/details/CREC-2016-09-09/CREC-2016-09-09-pt1-PgD899,https://api.govinfo.gov/packages/CREC-2016-09-09/granules/CREC-2016-09-09-pt1-PgD899/htm,https://api.govinfo.gov/packages/CREC-2016-09-09/granules/CREC-2016-09-09-pt1-PgD899/pdf,https://api.govinfo.gov/packages/CREC-2016-09-09/summary,"[Congressional Record Volume 162, Number 136 (Friday, September 9, 2016)] [Daily Digest] [Page D899] From the Congressional Record Online through the Government Publishing Office [ www.gpo.gov ] Committee Meetings AN EXAMINATION OF FEDERAL MENTAL HEALTH PARITY LAWS AND REGULATIONS Committee on Energy and Commerce: Subcommittee on Health held a hearing entitled ``An Examination of Federal Mental Health Parity Laws and Regulations''. Testimony was heard from public witnesses. OVERSIGHT OF THE FEDERAL EMERGENCY MANAGEMENT AGENCY'S RESPONSE TO THE BATON ROUGE FLOOD DISASTER Committee on Oversight and Government Reform: Subcommittee on Transportation and Public Assets held a hearing entitled ``Oversight of the Federal Emergency Management Agency's Response to the Baton Rouge Flood Disaster''. Testimony was heard from Tony Robinson, Regional Administrator, Federal Emergency Management Agency; Jr. Shelton, Mayor, Central, Louisiana; Gerard Landry, Mayor, Denham Springs, Louisiana; Rick Ramsey, Mayor, Walker, Louisiana; and John Edwards, Governor, Louisiana. Joint Meetings No joint committee meetings were held.",,"[Congressional Record Volume 162, Number 136 (Friday, September 9, 2016)] [Daily Digest] [Page D899] From the Congressional Record Online through the Government Publishing Office [ www.gpo.gov ] Committee Meetings AN EXAMINATION OF FEDERAL MENTAL HEALTH PARITY LAWS AND REGULATIONS Committee on Energy and Commerce: Subcommittee on Health held a hearing entitled ``An Examination of Federal Mental Health Parity Laws and Regulations''. Testimony was heard from public witnesses. OVERSIGHT OF THE FEDERAL EMERGENCY MANAGEMENT AGENCY'S RESPONSE TO THE BATON ROUGE FLOOD DISASTER Committee on Oversight and Government Reform: Subcommittee on Transportation and Public Assets held a hearing entitled ``Oversight of the Federal Emergency Management Agency's Response to the Baton Rouge Flood Disaster''. Testimony was heard from Tony Robinson, Regional Administrator, Federal Emergency Management Agency; Jr. Shelton, Mayor, Central, Louisiana; Gerard Landry, Mayor, Denham Springs, Louisiana; Rick Ramsey, Mayor, Walker, Louisiana; and John Edwards, Governor, Louisiana. Joint Meetings No joint committee meetings were held.",https://api.govinfo.gov/related/CREC-2016-09-09-pt1-PgD899,CREC,Proceedings of Congress and General Congressional Publications,2025-03-07T17:31:58Z,Congressional Record,package_114_321.csv,1120,0,1120,"[congressional record volume 162, number 136 (friday, september 9, 2016)] [daily digest] [page d899] from the congressional record online through the government publishing office [ www.gpo.gov ] committee meetings an examination of federal mental health parity laws and regulations committee on energy and commerce: subcommittee on health held a hearing entitled ``an examination of federal mental health parity laws and regulations''. testimony was heard from public witnesses. oversight of the federal emergency management agency's response to the baton rouge flood disaster committee on oversight and government reform: subcommittee on transportation and public assets held a hearing entitled ``oversight of the federal emergency management agency's response to the baton rouge flood disaster''. testimony was heard from tony robinson, regional administrator, federal emergency management agency; jr. shelton, mayor, central, louisiana; gerard landry, mayor, denham springs, louisiana; rick ramsey, mayor, walker, louisiana; and john edwards, governor, louisiana. joint meetings no joint committee meetings were held.",1120
