granuleId,packageId,date,title,collectionCode,granuleClass,chamber,pagePrefix,bookNumber,detailsLink,txtLink,pdfLink,packageLink,text_readability,text_bs4,parsed_text,relatedLink,docClass,category,lastModified,collectionName,__source_file,text_readability_len,text_bs4_len,parsed_text_len,search_text,search_text_len
CREC-2016-07-01-pt1-PgH4189-2,CREC-2016-07-01,2016-07-01,DESIGNATION OF THE SPEAKER PRO TEMPORE,CREC,HOUSE,H,H,1,https://www.govinfo.gov/app/details/CREC-2016-07-01/CREC-2016-07-01-pt1-PgH4189-2,https://api.govinfo.gov/packages/CREC-2016-07-01/granules/CREC-2016-07-01-pt1-PgH4189-2/htm,https://api.govinfo.gov/packages/CREC-2016-07-01/granules/CREC-2016-07-01-pt1-PgH4189-2/pdf,https://api.govinfo.gov/packages/CREC-2016-07-01/summary,,,,https://api.govinfo.gov/related/CREC-2016-07-01-pt1-PgH4189-2,CREC,Proceedings of Congress and General Congressional Publications,2025-03-07T17:30:08Z,Congressional Record,package_114_291.csv,0,0,0,,0
CREC-2016-07-01-pt1-PgH4189,CREC-2016-07-01,2016-07-01,House of Representatives,CREC,HOUSE,H,H,1,https://www.govinfo.gov/app/details/CREC-2016-07-01/CREC-2016-07-01-pt1-PgH4189,https://api.govinfo.gov/packages/CREC-2016-07-01/granules/CREC-2016-07-01-pt1-PgH4189/htm,https://api.govinfo.gov/packages/CREC-2016-07-01/granules/CREC-2016-07-01-pt1-PgH4189/pdf,https://api.govinfo.gov/packages/CREC-2016-07-01/summary,,,,https://api.govinfo.gov/related/CREC-2016-07-01-pt1-PgH4189,CREC,Proceedings of Congress and General Congressional Publications,2025-03-07T17:30:08Z,Congressional Record,package_114_291.csv,0,0,0,,0
CREC-2016-07-01-pt1-PgH4189-3,CREC-2016-07-01,2016-07-01,PRAYER,CREC,HOUSE,H,H,1,https://www.govinfo.gov/app/details/CREC-2016-07-01/CREC-2016-07-01-pt1-PgH4189-3,https://api.govinfo.gov/packages/CREC-2016-07-01/granules/CREC-2016-07-01-pt1-PgH4189-3/htm,https://api.govinfo.gov/packages/CREC-2016-07-01/granules/CREC-2016-07-01-pt1-PgH4189-3/pdf,https://api.govinfo.gov/packages/CREC-2016-07-01/summary,"[Congressional Record Volume 162, Number 106 (Friday, July 1, 2016)] [House] [Page H4189] From the Congressional Record Online through the Government Publishing Office [ www.gpo.gov ] PRAYER Reverend Dr. Patricia Lyons, Christ Church, Washington, D.C., offered the following prayer: Loving God, in the dawn's early light, we come before You now, grateful for another day of Your mercies that are new every morning. Heal us of the wounds that we make and that we take in our world. Inspire us with wisdom and courage to face the complexity and immediacy of Your call to act justly, to love mercy, and to walk humbly. Lead us to discover Your sacred truth that to serve is perfect freedom; that You fill us and fuel us with Your love when we live as our brother and our sister's keeper. Plant in us the seeds of curiosity and compassion so that we grow in our ability to seek, to see, and to serve Your presence in all people. Form our lives to listen, our hearts to heal, our selves to serve, and our imaginations to envision our role in Your dreams for our world. We pray this in Your most holy Name. Amen. ____________________",,"[Congressional Record Volume 162, Number 106 (Friday, July 1, 2016)] [House] [Page H4189] From the Congressional Record Online through the Government Publishing Office [ www.gpo.gov ] PRAYER Reverend Dr. Patricia Lyons, Christ Church, Washington, D.C., offered the following prayer: Loving God, in the dawn's early light, we come before You now, grateful for another day of Your mercies that are new every morning. Heal us of the wounds that we make and that we take in our world. Inspire us with wisdom and courage to face the complexity and immediacy of Your call to act justly, to love mercy, and to walk humbly. Lead us to discover Your sacred truth that to serve is perfect freedom; that You fill us and fuel us with Your love when we live as our brother and our sister's keeper. Plant in us the seeds of curiosity and compassion so that we grow in our ability to seek, to see, and to serve Your presence in all people. Form our lives to listen, our hearts to heal, our selves to serve, and our imaginations to envision our role in Your dreams for our world. We pray this in Your most holy Name. Amen. ____________________",https://api.govinfo.gov/related/CREC-2016-07-01-pt1-PgH4189-3,CREC,Proceedings of Congress and General Congressional Publications,2025-03-07T17:30:08Z,Congressional Record,package_114_291.csv,1127,0,1127,"[congressional record volume 162, number 106 (friday, july 1, 2016)] [house] [page h4189] from the congressional record online through the government publishing office [ www.gpo.gov ] prayer reverend dr. patricia lyons, christ church, washington, d.c., offered the following prayer: loving god, in the dawn's early light, we come before you now, grateful for another day of your mercies that are new every morning. heal us of the wounds that we make and that we take in our world. inspire us with wisdom and courage to face the complexity and immediacy of your call to act justly, to love mercy, and to walk humbly. lead us to discover your sacred truth that to serve is perfect freedom; that you fill us and fuel us with your love when we live as our brother and our sister's keeper. plant in us the seeds of curiosity and compassion so that we grow in our ability to seek, to see, and to serve your presence in all people. form our lives to listen, our hearts to heal, our selves to serve, and our imaginations to envision our role in your dreams for our world. we pray this in your most holy name. amen. ____________________",1127
CREC-2016-07-01-pt1-PgH4189-4,CREC-2016-07-01,2016-07-01,THE JOURNAL,CREC,HOUSE,H,H,1,https://www.govinfo.gov/app/details/CREC-2016-07-01/CREC-2016-07-01-pt1-PgH4189-4,https://api.govinfo.gov/packages/CREC-2016-07-01/granules/CREC-2016-07-01-pt1-PgH4189-4/htm,https://api.govinfo.gov/packages/CREC-2016-07-01/granules/CREC-2016-07-01-pt1-PgH4189-4/pdf,https://api.govinfo.gov/packages/CREC-2016-07-01/summary,"[Congressional Record Volume 162, Number 106 (Friday, July 1, 2016)] [House] [Page H4189] From the Congressional Record Online through the Government Publishing Office [ www.gpo.gov ] THE JOURNAL The SPEAKER pro tempore. Pursuant to section 3(a) of House Resolution 797, the Journal of the last day's proceedings is approved. ____________________",,"[Congressional Record Volume 162, Number 106 (Friday, July 1, 2016)] [House] [Page H4189] From the Congressional Record Online through the Government Publishing Office [ www.gpo.gov ] THE JOURNAL The SPEAKER pro tempore. Pursuant to section 3(a) of House Resolution 797, the Journal of the last day's proceedings is approved. ____________________",https://api.govinfo.gov/related/CREC-2016-07-01-pt1-PgH4189-4,CREC,Proceedings of Congress and General Congressional Publications,2025-03-07T17:30:08Z,Congressional Record,package_114_291.csv,346,0,346,"[congressional record volume 162, number 106 (friday, july 1, 2016)] [house] [page h4189] from the congressional record online through the government publishing office [ www.gpo.gov ] the journal the speaker pro tempore. pursuant to section 3(a) of house resolution 797, the journal of the last day's proceedings is approved. ____________________",346
CREC-2016-07-01-pt1-PgH-FrontMatter-4,CREC-2016-07-01,2016-07-01,House of Representatives,CREC,HOUSE,H,H,1,https://www.govinfo.gov/app/details/CREC-2016-07-01/CREC-2016-07-01-pt1-PgH-FrontMatter-4,https://api.govinfo.gov/packages/CREC-2016-07-01/granules/CREC-2016-07-01-pt1-PgH-FrontMatter-4/htm,https://api.govinfo.gov/packages/CREC-2016-07-01/granules/CREC-2016-07-01-pt1-PgH-FrontMatter-4/pdf,https://api.govinfo.gov/packages/CREC-2016-07-01/summary,"[Congressional Record Volume 162, Number 106 (Friday, July 1, 2016)] [House] [Page H4189] From the Congressional Record Online through the Government Publishing Office [ www.gpo.gov ] H O U S E O F R E P R E S E N T A T I V E S Vol. 162 WASHINGTON, FRIDAY, JULY 1, 2016 No. 106",,"[Congressional Record Volume 162, Number 106 (Friday, July 1, 2016)] [House] [Page H4189] From the Congressional Record Online through the Government Publishing Office [ www.gpo.gov ] H O U S E O F R E P R E S E N T A T I V E S Vol. 162 WASHINGTON, FRIDAY, JULY 1, 2016 No. 106",https://api.govinfo.gov/related/CREC-2016-07-01-pt1-PgH-FrontMatter-4,CREC,Proceedings of Congress and General Congressional Publications,2025-03-07T17:30:08Z,Congressional Record,package_114_291.csv,277,0,277,"[congressional record volume 162, number 106 (friday, july 1, 2016)] [house] [page h4189] from the congressional record online through the government publishing office [ www.gpo.gov ] h o u s e o f r e p r e s e n t a t i v e s vol. 162 washington, friday, july 1, 2016 no. 106",277
CREC-2016-07-01-pt1-PgH4189-6,CREC-2016-07-01,2016-07-01,COMMUNICATION FROM THE CLERK OF THE HOUSE,CREC,HOUSE,H,H,1,https://www.govinfo.gov/app/details/CREC-2016-07-01/CREC-2016-07-01-pt1-PgH4189-6,https://api.govinfo.gov/packages/CREC-2016-07-01/granules/CREC-2016-07-01-pt1-PgH4189-6/htm,https://api.govinfo.gov/packages/CREC-2016-07-01/granules/CREC-2016-07-01-pt1-PgH4189-6/pdf,https://api.govinfo.gov/packages/CREC-2016-07-01/summary,"[Congressional Record Volume 162, Number 106 (Friday, July 1, 2016)] [House] [Page H4189] From the Congressional Record Online through the Government Publishing Office [ www.gpo.gov ] COMMUNICATION FROM THE CLERK OF THE HOUSE The SPEAKER pro tempore laid before the House the following communication from the Clerk of the House of Representatives: Office of the Clerk, House of Representatives, Washington, DC, June 28, 2016. Hon. Paul D. Ryan, The Speaker, House of Representatives, Washington, DC. Dear Mr. Speaker: Pursuant to the permission granted in Clause 2(h) of Rule II of the Rules of the U.S. House of Representatives, the Clerk received the following message from the Secretary of the Senate on June 28, 2016 at 9:08 a.m.: That the Senate passed S. 1479. With best wishes, I am Sincerely, Karen L. Haas, Clerk of the House. ____________________",,"[Congressional Record Volume 162, Number 106 (Friday, July 1, 2016)] [House] [Page H4189] From the Congressional Record Online through the Government Publishing Office [ www.gpo.gov ] COMMUNICATION FROM THE CLERK OF THE HOUSE The SPEAKER pro tempore laid before the House the following communication from the Clerk of the House of Representatives: Office of the Clerk, House of Representatives, Washington, DC, June 28, 2016. Hon. Paul D. Ryan, The Speaker, House of Representatives, Washington, DC. Dear Mr. Speaker: Pursuant to the permission granted in Clause 2(h) of Rule II of the Rules of the U.S. House of Representatives, the Clerk received the following message from the Secretary of the Senate on June 28, 2016 at 9:08 a.m.: That the Senate passed S. 1479. With best wishes, I am Sincerely, Karen L. Haas, Clerk of the House. ____________________",https://api.govinfo.gov/related/CREC-2016-07-01-pt1-PgH4189-6,CREC,Proceedings of Congress and General Congressional Publications,2025-03-07T17:30:08Z,Congressional Record,package_114_291.csv,856,0,856,"[congressional record volume 162, number 106 (friday, july 1, 2016)] [house] [page h4189] from the congressional record online through the government publishing office [ www.gpo.gov ] communication from the clerk of the house the speaker pro tempore laid before the house the following communication from the clerk of the house of representatives: office of the clerk, house of representatives, washington, dc, june 28, 2016. hon. paul d. ryan, the speaker, house of representatives, washington, dc. dear mr. speaker: pursuant to the permission granted in clause 2(h) of rule ii of the rules of the u.s. house of representatives, the clerk received the following message from the secretary of the senate on june 28, 2016 at 9:08 a.m.: that the senate passed s. 1479. with best wishes, i am sincerely, karen l. haas, clerk of the house. ____________________",856
CREC-2016-07-01-pt1-PgH4189-7,CREC-2016-07-01,2016-07-01,COMMUNICATION FROM THE CLERK OF THE HOUSE,CREC,HOUSE,H,H,1,https://www.govinfo.gov/app/details/CREC-2016-07-01/CREC-2016-07-01-pt1-PgH4189-7,https://api.govinfo.gov/packages/CREC-2016-07-01/granules/CREC-2016-07-01-pt1-PgH4189-7/htm,https://api.govinfo.gov/packages/CREC-2016-07-01/granules/CREC-2016-07-01-pt1-PgH4189-7/pdf,https://api.govinfo.gov/packages/CREC-2016-07-01/summary,"[Congressional Record Volume 162, Number 106 (Friday, July 1, 2016)] [House] [Page H4189] From the Congressional Record Online through the Government Publishing Office [ www.gpo.gov ] COMMUNICATION FROM THE CLERK OF THE HOUSE The SPEAKER pro tempore laid before the House the following communication from the Clerk of the House of Representatives: Office of the Clerk, House of Representatives, Washington, DC, June 29, 2016. Hon. Paul D. Ryan, The Speaker, House of Representatives, Washington, DC. Dear Mr. Speaker: Pursuant to the permission granted in Clause 2(h) of Rule II of the Rules of the U.S. House of Representatives, the Clerk received the following message from the Secretary of the Senate on June 29, 2016 at 9:29 a.m.: That the Senate passed with amendments H.R. 3766. With best wishes, I am Sincerely, Karen L. Haas, Clerk of the House. ____________________",,"[Congressional Record Volume 162, Number 106 (Friday, July 1, 2016)] [House] [Page H4189] From the Congressional Record Online through the Government Publishing Office [ www.gpo.gov ] COMMUNICATION FROM THE CLERK OF THE HOUSE The SPEAKER pro tempore laid before the House the following communication from the Clerk of the House of Representatives: Office of the Clerk, House of Representatives, Washington, DC, June 29, 2016. Hon. Paul D. Ryan, The Speaker, House of Representatives, Washington, DC. Dear Mr. Speaker: Pursuant to the permission granted in Clause 2(h) of Rule II of the Rules of the U.S. House of Representatives, the Clerk received the following message from the Secretary of the Senate on June 29, 2016 at 9:29 a.m.: That the Senate passed with amendments H.R. 3766. With best wishes, I am Sincerely, Karen L. Haas, Clerk of the House. ____________________",https://api.govinfo.gov/related/CREC-2016-07-01-pt1-PgH4189-7,CREC,Proceedings of Congress and General Congressional Publications,2025-03-07T17:30:08Z,Congressional Record,package_114_291.csv,874,0,874,"[congressional record volume 162, number 106 (friday, july 1, 2016)] [house] [page h4189] from the congressional record online through the government publishing office [ www.gpo.gov ] communication from the clerk of the house the speaker pro tempore laid before the house the following communication from the clerk of the house of representatives: office of the clerk, house of representatives, washington, dc, june 29, 2016. hon. paul d. ryan, the speaker, house of representatives, washington, dc. dear mr. speaker: pursuant to the permission granted in clause 2(h) of rule ii of the rules of the u.s. house of representatives, the clerk received the following message from the secretary of the senate on june 29, 2016 at 9:29 a.m.: that the senate passed with amendments h.r. 3766. with best wishes, i am sincerely, karen l. haas, clerk of the house. ____________________",874
CREC-2016-07-01-pt1-PgH4189-5,CREC-2016-07-01,2016-07-01,PLEDGE OF ALLEGIANCE,CREC,HOUSE,H,H,1,https://www.govinfo.gov/app/details/CREC-2016-07-01/CREC-2016-07-01-pt1-PgH4189-5,https://api.govinfo.gov/packages/CREC-2016-07-01/granules/CREC-2016-07-01-pt1-PgH4189-5/htm,https://api.govinfo.gov/packages/CREC-2016-07-01/granules/CREC-2016-07-01-pt1-PgH4189-5/pdf,https://api.govinfo.gov/packages/CREC-2016-07-01/summary,,,,https://api.govinfo.gov/related/CREC-2016-07-01-pt1-PgH4189-5,CREC,Proceedings of Congress and General Congressional Publications,2025-03-07T17:30:08Z,Congressional Record,package_114_291.csv,0,0,0,,0
CREC-2016-07-01-pt1-PgH4189-8,CREC-2016-07-01,2016-07-01,COMMUNICATION FROM THE CLERK OF THE HOUSE,CREC,HOUSE,H,H,1,https://www.govinfo.gov/app/details/CREC-2016-07-01/CREC-2016-07-01-pt1-PgH4189-8,https://api.govinfo.gov/packages/CREC-2016-07-01/granules/CREC-2016-07-01-pt1-PgH4189-8/htm,https://api.govinfo.gov/packages/CREC-2016-07-01/granules/CREC-2016-07-01-pt1-PgH4189-8/pdf,https://api.govinfo.gov/packages/CREC-2016-07-01/summary,"[Congressional Record Volume 162, Number 106 (Friday, July 1, 2016)] [House] [Page H4189] From the Congressional Record Online through the Government Publishing Office [ www.gpo.gov ] COMMUNICATION FROM THE CLERK OF THE HOUSE The SPEAKER pro tempore laid before the House the following communication from the Clerk of the House of Representatives: Office of the Clerk, House of Representatives, Washington, DC, June 30, 2016. Hon. Paul D. Ryan, The Speaker, House of Representatives, Washington, DC. Dear Mr. Speaker: Pursuant to the permission granted in Clause 2(h) of Rule II of the Rules of the U.S. House of Representatives, the Clerk received the following message from the Secretary of the Senate on June 30, 2016 at 9:07 a.m.: =========================== NOTE =========================== July 1, 2016, on page H4189, the following appeared: DEAR MR. SPEAKER: Pursuant to the pmmission granted in Clause 2(h) of Rule II The online version should be corrected to read: DEAR MR. SPEAKER: Pursuant to the permission granted in Clause 2(h) of Rule II ========================= END NOTE ========================= That the Senate concur in House amendment to the bill S. 2328. That the Senate passed S. 2829. With best wishes, I am Sincerely, Karen L. Haas, Clerk of the House. ____________________",,"[Congressional Record Volume 162, Number 106 (Friday, July 1, 2016)] [House] [Page H4189] From the Congressional Record Online through the Government Publishing Office [ www.gpo.gov ] COMMUNICATION FROM THE CLERK OF THE HOUSE The SPEAKER pro tempore laid before the House the following communication from the Clerk of the House of Representatives: Office of the Clerk, House of Representatives, Washington, DC, June 30, 2016. Hon. Paul D. Ryan, The Speaker, House of Representatives, Washington, DC. Dear Mr. Speaker: Pursuant to the permission granted in Clause 2(h) of Rule II of the Rules of the U.S. House of Representatives, the Clerk received the following message from the Secretary of the Senate on June 30, 2016 at 9:07 a.m.: =========================== NOTE =========================== July 1, 2016, on page H4189, the following appeared: DEAR MR. SPEAKER: Pursuant to the pmmission granted in Clause 2(h) of Rule II The online version should be corrected to read: DEAR MR. SPEAKER: Pursuant to the permission granted in Clause 2(h) of Rule II ========================= END NOTE ========================= That the Senate concur in House amendment to the bill S. 2328. That the Senate passed S. 2829. With best wishes, I am Sincerely, Karen L. Haas, Clerk of the House. ____________________",https://api.govinfo.gov/related/CREC-2016-07-01-pt1-PgH4189-8,CREC,Proceedings of Congress and General Congressional Publications,2025-03-07T17:30:08Z,Congressional Record,package_114_291.csv,1299,0,1299,"[congressional record volume 162, number 106 (friday, july 1, 2016)] [house] [page h4189] from the congressional record online through the government publishing office [ www.gpo.gov ] communication from the clerk of the house the speaker pro tempore laid before the house the following communication from the clerk of the house of representatives: office of the clerk, house of representatives, washington, dc, june 30, 2016. hon. paul d. ryan, the speaker, house of representatives, washington, dc. dear mr. speaker: pursuant to the permission granted in clause 2(h) of rule ii of the rules of the u.s. house of representatives, the clerk received the following message from the secretary of the senate on june 30, 2016 at 9:07 a.m.: =========================== note =========================== july 1, 2016, on page h4189, the following appeared: dear mr. speaker: pursuant to the pmmission granted in clause 2(h) of rule ii the online version should be corrected to read: dear mr. speaker: pursuant to the permission granted in clause 2(h) of rule ii ========================= end note ========================= that the senate concur in house amendment to the bill s. 2328. that the senate passed s. 2829. with best wishes, i am sincerely, karen l. haas, clerk of the house. ____________________",1299
CREC-2016-07-01-pt1-PgH4189-9,CREC-2016-07-01,2016-07-01,ANNOUNCEMENT BY THE SPEAKER PRO TEMPORE,CREC,HOUSE,H,H,1,https://www.govinfo.gov/app/details/CREC-2016-07-01/CREC-2016-07-01-pt1-PgH4189-9,https://api.govinfo.gov/packages/CREC-2016-07-01/granules/CREC-2016-07-01-pt1-PgH4189-9/htm,https://api.govinfo.gov/packages/CREC-2016-07-01/granules/CREC-2016-07-01-pt1-PgH4189-9/pdf,https://api.govinfo.gov/packages/CREC-2016-07-01/summary,"[Congressional Record Volume 162, Number 106 (Friday, July 1, 2016)] [House] [Pages H4189-H4190] From the Congressional Record Online through the Government Publishing Office [ www.gpo.gov ] ANNOUNCEMENT BY THE SPEAKER PRO TEMPORE The SPEAKER pro tempore. Pursuant to clause 4 of rule I, the following enrolled bill was signed by Speaker pro tempore Harris on Tuesday, June 28, 2016: [[Page H4190]] H.R. 3114, to provide funds to the Army Corps of Engineers to hire veterans and members of the Armed Forces to assist the Corps with curation and historic preservation activities, and for other purposes. ____________________",,"[Congressional Record Volume 162, Number 106 (Friday, July 1, 2016)] [House] [Pages H4189-H4190] From the Congressional Record Online through the Government Publishing Office [ www.gpo.gov ] ANNOUNCEMENT BY THE SPEAKER PRO TEMPORE The SPEAKER pro tempore. Pursuant to clause 4 of rule I, the following enrolled bill was signed by Speaker pro tempore Harris on Tuesday, June 28, 2016: [[Page H4190]] H.R. 3114, to provide funds to the Army Corps of Engineers to hire veterans and members of the Armed Forces to assist the Corps with curation and historic preservation activities, and for other purposes. ____________________",https://api.govinfo.gov/related/CREC-2016-07-01-pt1-PgH4189-9,CREC,Proceedings of Congress and General Congressional Publications,2025-03-07T17:30:08Z,Congressional Record,package_114_291.csv,623,0,623,"[congressional record volume 162, number 106 (friday, july 1, 2016)] [house] [pages h4189-h4190] from the congressional record online through the government publishing office [ www.gpo.gov ] announcement by the speaker pro tempore the speaker pro tempore. pursuant to clause 4 of rule i, the following enrolled bill was signed by speaker pro tempore harris on tuesday, june 28, 2016: [[page h4190]] h.r. 3114, to provide funds to the army corps of engineers to hire veterans and members of the armed forces to assist the corps with curation and historic preservation activities, and for other purposes. ____________________",623
CREC-2016-07-01-pt1-PgH4190-2,CREC-2016-07-01,2016-07-01,RESIGNATION AS LEGISLATIVE COUNSEL AND APPOINTMENT AS LEGISLATIVE COUNSEL OF THE HOUSE OF REPRESENTATIVES,CREC,HOUSE,H,H,1,https://www.govinfo.gov/app/details/CREC-2016-07-01/CREC-2016-07-01-pt1-PgH4190-2,https://api.govinfo.gov/packages/CREC-2016-07-01/granules/CREC-2016-07-01-pt1-PgH4190-2/htm,https://api.govinfo.gov/packages/CREC-2016-07-01/granules/CREC-2016-07-01-pt1-PgH4190-2/pdf,https://api.govinfo.gov/packages/CREC-2016-07-01/summary,"[Congressional Record Volume 162, Number 106 (Friday, July 1, 2016)] [House] [Page H4190] From the Congressional Record Online through the Government Publishing Office [ www.gpo.gov ] RESIGNATION AS LEGISLATIVE COUNSEL AND APPOINTMENT AS LEGISLATIVE COUNSEL OF THE HOUSE OF REPRESENTATIVES The SPEAKER pro tempore laid before the House the following resignation as Legislative Counsel of the House of Representatives: House of Representatives, Office of the Legislative Counsel, Washington, DC, June 24, 2016. Hon. Paul D. Ryan, Speaker, House of Representatives, Washington, DC. Dear Mr. Speaker: I hereby submit my resignation as Legislative Counsel of the United States House of Representatives, effective at the close of business August 1, 2016. It has been a great honor and privilege to serve as Legislative Counsel. Sincerely, Sandra L. Strokoff, Legislative Counsel. The SPEAKER pro tempore. The Speaker accepts the resignation of Sandra L. Strokoff, Legislative Counsel, effective August 1, 2016. Pursuant to section 521 of the Legislative Reorganization Act of 1970 (2 U.S.C. 282), the Speaker appoints Ernest Ballou, Jr., Legislative Counsel, to succeed Sandra L. Strokoff, resigned. ____________________",,"[Congressional Record Volume 162, Number 106 (Friday, July 1, 2016)] [House] [Page H4190] From the Congressional Record Online through the Government Publishing Office [ www.gpo.gov ] RESIGNATION AS LEGISLATIVE COUNSEL AND APPOINTMENT AS LEGISLATIVE COUNSEL OF THE HOUSE OF REPRESENTATIVES The SPEAKER pro tempore laid before the House the following resignation as Legislative Counsel of the House of Representatives: House of Representatives, Office of the Legislative Counsel, Washington, DC, June 24, 2016. Hon. Paul D. Ryan, Speaker, House of Representatives, Washington, DC. Dear Mr. Speaker: I hereby submit my resignation as Legislative Counsel of the United States House of Representatives, effective at the close of business August 1, 2016. It has been a great honor and privilege to serve as Legislative Counsel. Sincerely, Sandra L. Strokoff, Legislative Counsel. The SPEAKER pro tempore. The Speaker accepts the resignation of Sandra L. Strokoff, Legislative Counsel, effective August 1, 2016. Pursuant to section 521 of the Legislative Reorganization Act of 1970 (2 U.S.C. 282), the Speaker appoints Ernest Ballou, Jr., Legislative Counsel, to succeed Sandra L. Strokoff, resigned. ____________________",https://api.govinfo.gov/related/CREC-2016-07-01-pt1-PgH4190-2,CREC,Proceedings of Congress and General Congressional Publications,2025-03-07T17:30:08Z,Congressional Record,package_114_291.csv,1215,0,1215,"[congressional record volume 162, number 106 (friday, july 1, 2016)] [house] [page h4190] from the congressional record online through the government publishing office [ www.gpo.gov ] resignation as legislative counsel and appointment as legislative counsel of the house of representatives the speaker pro tempore laid before the house the following resignation as legislative counsel of the house of representatives: house of representatives, office of the legislative counsel, washington, dc, june 24, 2016. hon. paul d. ryan, speaker, house of representatives, washington, dc. dear mr. speaker: i hereby submit my resignation as legislative counsel of the united states house of representatives, effective at the close of business august 1, 2016. it has been a great honor and privilege to serve as legislative counsel. sincerely, sandra l. strokoff, legislative counsel. the speaker pro tempore. the speaker accepts the resignation of sandra l. strokoff, legislative counsel, effective august 1, 2016. pursuant to section 521 of the legislative reorganization act of 1970 (2 u.s.c. 282), the speaker appoints ernest ballou, jr., legislative counsel, to succeed sandra l. strokoff, resigned. ____________________",1215
CREC-2016-07-01-pt1-PgH4190-3,CREC-2016-07-01,2016-07-01,SENATE BILLS REFERRED,CREC,HOUSE,H,H,1,https://www.govinfo.gov/app/details/CREC-2016-07-01/CREC-2016-07-01-pt1-PgH4190-3,https://api.govinfo.gov/packages/CREC-2016-07-01/granules/CREC-2016-07-01-pt1-PgH4190-3/htm,https://api.govinfo.gov/packages/CREC-2016-07-01/granules/CREC-2016-07-01-pt1-PgH4190-3/pdf,https://api.govinfo.gov/packages/CREC-2016-07-01/summary,"[Congressional Record Volume 162, Number 106 (Friday, July 1, 2016)] [House] [Page H4190] From the Congressional Record Online through the Government Publishing Office [ www.gpo.gov ] SENATE BILLS REFERRED Bills of the Senate of the following titles were taken from the Speaker's table and, under the rule, referred as follows: S. 1479. An act to amend the Comprehensive Environmental Response, Compensation, and Liability Act of 1980 to modify provisions relating to grants, and for other purposes; to the Committee on Energy and Commerce; in addition, to the Committee on Transportation and Infrastructure for a period to be subsequently determined by the Speaker, in each case for consideration of such provisions as fall with the jurisdiction of the committee concerned. S. 2829. An act to amend and enhance certain maritime programs of the Department of Transportation, and for other purposes; to the Committee on Armed Services; in addition, to the Committee on Transportation and Infrastructure; to the Committee on Natural Resources; to the Committee on Veterans' Affairs; to the Committee on the Judiciary; and to the Committee on Oversight and Government Reform for a period to be subsequently determined by the Speaker, in each case for consideration of such provisions as fall within the jurisdiction of the committee concerned ____________________",,"[Congressional Record Volume 162, Number 106 (Friday, July 1, 2016)] [House] [Page H4190] From the Congressional Record Online through the Government Publishing Office [ www.gpo.gov ] SENATE BILLS REFERRED Bills of the Senate of the following titles were taken from the Speaker's table and, under the rule, referred as follows: S. 1479. An act to amend the Comprehensive Environmental Response, Compensation, and Liability Act of 1980 to modify provisions relating to grants, and for other purposes; to the Committee on Energy and Commerce; in addition, to the Committee on Transportation and Infrastructure for a period to be subsequently determined by the Speaker, in each case for consideration of such provisions as fall with the jurisdiction of the committee concerned. S. 2829. An act to amend and enhance certain maritime programs of the Department of Transportation, and for other purposes; to the Committee on Armed Services; in addition, to the Committee on Transportation and Infrastructure; to the Committee on Natural Resources; to the Committee on Veterans' Affairs; to the Committee on the Judiciary; and to the Committee on Oversight and Government Reform for a period to be subsequently determined by the Speaker, in each case for consideration of such provisions as fall within the jurisdiction of the committee concerned ____________________",https://api.govinfo.gov/related/CREC-2016-07-01-pt1-PgH4190-3,CREC,Proceedings of Congress and General Congressional Publications,2025-03-07T17:30:08Z,Congressional Record,package_114_291.csv,1360,0,1360,"[congressional record volume 162, number 106 (friday, july 1, 2016)] [house] [page h4190] from the congressional record online through the government publishing office [ www.gpo.gov ] senate bills referred bills of the senate of the following titles were taken from the speaker's table and, under the rule, referred as follows: s. 1479. an act to amend the comprehensive environmental response, compensation, and liability act of 1980 to modify provisions relating to grants, and for other purposes; to the committee on energy and commerce; in addition, to the committee on transportation and infrastructure for a period to be subsequently determined by the speaker, in each case for consideration of such provisions as fall with the jurisdiction of the committee concerned. s. 2829. an act to amend and enhance certain maritime programs of the department of transportation, and for other purposes; to the committee on armed services; in addition, to the committee on transportation and infrastructure; to the committee on natural resources; to the committee on veterans' affairs; to the committee on the judiciary; and to the committee on oversight and government reform for a period to be subsequently determined by the speaker, in each case for consideration of such provisions as fall within the jurisdiction of the committee concerned ____________________",1360
CREC-2016-07-01-pt1-PgH4190-5,CREC-2016-07-01,2016-07-01,SENATE ENROLLED BILL SIGNED,CREC,HOUSE,H,H,1,https://www.govinfo.gov/app/details/CREC-2016-07-01/CREC-2016-07-01-pt1-PgH4190-5,https://api.govinfo.gov/packages/CREC-2016-07-01/granules/CREC-2016-07-01-pt1-PgH4190-5/htm,https://api.govinfo.gov/packages/CREC-2016-07-01/granules/CREC-2016-07-01-pt1-PgH4190-5/pdf,https://api.govinfo.gov/packages/CREC-2016-07-01/summary,"[Congressional Record Volume 162, Number 106 (Friday, July 1, 2016)] [House] [Page H4190] From the Congressional Record Online through the Government Publishing Office [ www.gpo.gov ] SENATE ENROLLED BILL SIGNED The Speaker pro tempore, Mr. Harris, on Thursday, June 30, 2016, announced his signature to an enrolled bill of the Senate of the following title: S. 2328. An act to reauthorize and amend the National Sea Grant College Program Act, and for other purposes. ____________________",,"[Congressional Record Volume 162, Number 106 (Friday, July 1, 2016)] [House] [Page H4190] From the Congressional Record Online through the Government Publishing Office [ www.gpo.gov ] SENATE ENROLLED BILL SIGNED The Speaker pro tempore, Mr. Harris, on Thursday, June 30, 2016, announced his signature to an enrolled bill of the Senate of the following title: S. 2328. An act to reauthorize and amend the National Sea Grant College Program Act, and for other purposes. ____________________",https://api.govinfo.gov/related/CREC-2016-07-01-pt1-PgH4190-5,CREC,Proceedings of Congress and General Congressional Publications,2025-03-07T17:30:08Z,Congressional Record,package_114_291.csv,488,0,488,"[congressional record volume 162, number 106 (friday, july 1, 2016)] [house] [page h4190] from the congressional record online through the government publishing office [ www.gpo.gov ] senate enrolled bill signed the speaker pro tempore, mr. harris, on thursday, june 30, 2016, announced his signature to an enrolled bill of the senate of the following title: s. 2328. an act to reauthorize and amend the national sea grant college program act, and for other purposes. ____________________",488
CREC-2016-07-01-pt1-PgH4190,CREC-2016-07-01,2016-07-01,ANNOUNCEMENT BY THE SPEAKER PRO TEMPORE,CREC,HOUSE,H,H,1,https://www.govinfo.gov/app/details/CREC-2016-07-01/CREC-2016-07-01-pt1-PgH4190,https://api.govinfo.gov/packages/CREC-2016-07-01/granules/CREC-2016-07-01-pt1-PgH4190/htm,https://api.govinfo.gov/packages/CREC-2016-07-01/granules/CREC-2016-07-01-pt1-PgH4190/pdf,https://api.govinfo.gov/packages/CREC-2016-07-01/summary,"[Congressional Record Volume 162, Number 106 (Friday, July 1, 2016)] [House] [Page H4190] From the Congressional Record Online through the Government Publishing Office [ www.gpo.gov ] ANNOUNCEMENT BY THE SPEAKER PRO TEMPORE The SPEAKER pro tempore. Pursuant to clause 4 of rule I, the following enrolled bill was signed by Speaker pro tempore Harris on Thursday, June 30, 2016: S. 2328, to reauthorize and amend the National Sea Grant College Program Act, and for other purposes. ____________________",,"[Congressional Record Volume 162, Number 106 (Friday, July 1, 2016)] [House] [Page H4190] From the Congressional Record Online through the Government Publishing Office [ www.gpo.gov ] ANNOUNCEMENT BY THE SPEAKER PRO TEMPORE The SPEAKER pro tempore. Pursuant to clause 4 of rule I, the following enrolled bill was signed by Speaker pro tempore Harris on Thursday, June 30, 2016: S. 2328, to reauthorize and amend the National Sea Grant College Program Act, and for other purposes. ____________________",https://api.govinfo.gov/related/CREC-2016-07-01-pt1-PgH4190,CREC,Proceedings of Congress and General Congressional Publications,2025-03-07T17:30:08Z,Congressional Record,package_114_291.csv,500,0,500,"[congressional record volume 162, number 106 (friday, july 1, 2016)] [house] [page h4190] from the congressional record online through the government publishing office [ www.gpo.gov ] announcement by the speaker pro tempore the speaker pro tempore. pursuant to clause 4 of rule i, the following enrolled bill was signed by speaker pro tempore harris on thursday, june 30, 2016: s. 2328, to reauthorize and amend the national sea grant college program act, and for other purposes. ____________________",500
CREC-2016-07-01-pt1-PgH4190-4,CREC-2016-07-01,2016-07-01,ENROLLED BILL SIGNED,CREC,HOUSE,H,H,1,https://www.govinfo.gov/app/details/CREC-2016-07-01/CREC-2016-07-01-pt1-PgH4190-4,https://api.govinfo.gov/packages/CREC-2016-07-01/granules/CREC-2016-07-01-pt1-PgH4190-4/htm,https://api.govinfo.gov/packages/CREC-2016-07-01/granules/CREC-2016-07-01-pt1-PgH4190-4/pdf,https://api.govinfo.gov/packages/CREC-2016-07-01/summary,"[Congressional Record Volume 162, Number 106 (Friday, July 1, 2016)] [House] [Page H4190] From the Congressional Record Online through the Government Publishing Office [ www.gpo.gov ] ENROLLED BILL SIGNED Karen L. Haas, Clerk of the House, reported and found truly enrolled a bill of the House of the following title, which was thereupon signed by the Speaker pro tempore, Mr. Harris, on Tuesday, June 28, 2016: H.R. 3114. An act to provide funds to the Army Corps of Engineers to hire veterans and members of the Armed Forces to assist the Corps with curation and historic preservation activities, and for other purposes. ____________________",,"[Congressional Record Volume 162, Number 106 (Friday, July 1, 2016)] [House] [Page H4190] From the Congressional Record Online through the Government Publishing Office [ www.gpo.gov ] ENROLLED BILL SIGNED Karen L. Haas, Clerk of the House, reported and found truly enrolled a bill of the House of the following title, which was thereupon signed by the Speaker pro tempore, Mr. Harris, on Tuesday, June 28, 2016: H.R. 3114. An act to provide funds to the Army Corps of Engineers to hire veterans and members of the Armed Forces to assist the Corps with curation and historic preservation activities, and for other purposes. ____________________",https://api.govinfo.gov/related/CREC-2016-07-01-pt1-PgH4190-4,CREC,Proceedings of Congress and General Congressional Publications,2025-03-07T17:30:08Z,Congressional Record,package_114_291.csv,643,0,643,"[congressional record volume 162, number 106 (friday, july 1, 2016)] [house] [page h4190] from the congressional record online through the government publishing office [ www.gpo.gov ] enrolled bill signed karen l. haas, clerk of the house, reported and found truly enrolled a bill of the house of the following title, which was thereupon signed by the speaker pro tempore, mr. harris, on tuesday, june 28, 2016: h.r. 3114. an act to provide funds to the army corps of engineers to hire veterans and members of the armed forces to assist the corps with curation and historic preservation activities, and for other purposes. ____________________",643
CREC-2016-07-01-pt1-PgH4190-7,CREC-2016-07-01,2016-07-01,"EXECUTIVE COMMUNICATIONS, ETC.",CREC,HOUSE,H,H,1,https://www.govinfo.gov/app/details/CREC-2016-07-01/CREC-2016-07-01-pt1-PgH4190-7,https://api.govinfo.gov/packages/CREC-2016-07-01/granules/CREC-2016-07-01-pt1-PgH4190-7/htm,https://api.govinfo.gov/packages/CREC-2016-07-01/granules/CREC-2016-07-01-pt1-PgH4190-7/pdf,https://api.govinfo.gov/packages/CREC-2016-07-01/summary,"[Congressional Record Volume 162, Number 106 (Friday, July 1, 2016)] [House] [Pages H4190-H4191] From the Congressional Record Online through the Government Publishing Office [ www.gpo.gov ] EXECUTIVE COMMUNICATIONS, ETC. Under clause 2 of rule XIV, executive communications were taken from the Speaker's table and referred as follows: 5850. A letter from the Assistant General Counsel for Regulations, Office of Community Planning and Development, Department of Housing and Urban Development, transmitting the Department's interim rule -- Continuum of Care Program -- Increasing Mobility Options for Homeless Individuals and Families With Tenant-Based Rental Assistance [Docket No.: FR- 5476-I-03] (RIN: 2506-AC29) received June 24, 2016, pursuant to 5 U.S.C. 801(a)(1)(A); Public Law 104-121, Sec. 251; (110 Stat. 868); to the Committee on Financial Services. 5851. A letter from the Assistant General Counsel, Pension Benefit Guaranty Corporation, transmitting the Corporation's final rule -- Allocation of Assets in Single-Employer Plans; Benefits Payable in Terminated Single-Employer Plans; Interest Assumptions for Valuing and Paying Benefits received June 27, 2016, pursuant to 5 U.S.C. 801(a)(1)(A); Public Law 104-121, Sec. 251; (110 Stat. 868); to the Committee on Education and the Workforce. 5852. A letter from the Assistant General Counsel for Legislation, Regulation and Energy Efficiency, Office of Energy Efficiency and Renewable Energy, Department of Energy, transmitting the Department's Major final rule -- Energy Conservation Program: Energy Conservation Standards for Dehumidifiers [Docket No.: EERE-2012-BT-STD-0027] (RIN: 1904- AC81) received June 28, 2016, pursuant to 5 U.S.C. 801(a)(1)(A); Public Law 104-121, Sec. 251; (110 Stat. 868); to the Committee on Energy and Commerce. 5853. A letter from the Assistant General Counsel for Legislation, Regulation and Energy Efficiency, Office of Energy Efficiency and Renewable Energy, Department of Energy, transmitting the Department's Major Final rule -- Energy Conservation Program: Energy Conservation Standards for Battery Chargers [Docket No.: EERE-2008-BT-STD-0005] (RIN: 1904-AB57) received June 27, 2016, pursuant to 5 U.S.C. 801(a)(1)(A); Public Law 104-121, Sec. 251; (110 Stat. 868); to the Committee on Energy and Commerce. 5854. A letter from the Deputy Bureau Chief, Wireline Competition Bureau, Federal Communications Commission, transmitting the Commission's final rule -- Connect America Fund [WC Docket No.: 10-90]; ETC Annual Reports and Certifications [WC Docket No.: 14-58]; Rural Broadband Experiments [WC Docket No.: 14-259] received June 27, 2016, pursuant to 5 U.S.C. 801(a)(1)(A); Public Law 104-121, Sec. 251; (110 Stat. 868); to the Committee on Energy and Commerce. 5855. A letter from the General Counsel, Federal Energy Regulatory Commission, transmitting the Commission's final rule -- Reactive Power Requirements for Non-Synchronous Generation [Docket No.: RM16-1-000] [Order No.: 827] (RIN: 1902-AF15) received June 24, 2016, pursuant to 5 U.S.C. 801(a)(1)(A); Public Law 104-121, Sec. 251; (110 Stat. 868); to the Committee on Energy and Commerce. 5856. A letter from the Deputy Special Master, September 11th Victim Compensation Fund, Department of Justice, transmitting the Department's interim final rule -- James Zadroga 9/11 Victim Compensation Fund Reauthorization Act [Docket No.: CIV 151] (RIN: 1105-AB49) received June 28, 2016, pursuant to 5 U.S.C. 801(a)(1)(A); Public Law 104-121, Sec. 251; (110 Stat. 868); to the Committee on the Judiciary. 5857. A letter from the Chairman, Surface Transportation Board, Department of Transportation, transmitting the Department's final rule -- Revision to the Surface Transportation Board's CFR Chapter Heading Pursuant to the Surface Transportation Board Reauthorization Act of 2015 [Docket No.: EP 735] received June 27, 2016, pursuant to 5 U.S.C. 801(a)(1)(A); Public Law 104-121, Sec. 251; (110 Stat. 868); to the Committee on Transportation and Infrastructure. 5858. A letter from the Regulatory Ombudsman, Federal Motor Carrier Safety Administration, Department of Transportation, transmitting the Department's final rule -- Driving of Commercial Motor Vehicles: Use of Seat Belts [Docket No.: FMCSA-2015-0396] (RIN: 2126-AB87) received June 28, 2016, pursuant to 5 U.S.C. 801(a)(1)(A); Public Law 104-121, Sec. 251; (110 Stat. 868); to the Committee on Transportation and Infrastructure. 5859. A letter from the Management and Program Analyst, FAA, Department of Transportation, transmitting the Department's final rule -- IFR Altitudes; Miscellaneous Amendments [Docket No.: 31075; Amdt. No.: 526] received June 28, 2016, pursuant to 5 U.S.C. 801(a)(1)(A); Public Law 104- 121, Sec. 251; (110 Stat. 868); to the Committee on Transportation and Infrastructure. 5860. A letter from the Management and Program Analyst, FAA, Department of Transportation, transmitting the Department's final rule -- Standard Instrument Approach Procedures, and Takeoff Minimums and Obstacle Departure; Miscellaneous Amendments [Docket No.: 31072; Amdt. No.: 3692] received June 28, 2016, pursuant to 5 U.S.C. 801(a)(1)(A); Public Law 104-121, Sec. 251; (110 Stat. 868); to the Committee on Transportation and Infrastructure. [[Page H4191]] 5861. A letter from the Management and Program Analyst, FAA, Department of Transportation, transmitting the Department's final rule -- Standard Instrument Approach Procedures, and Takeoff Minimums and Obstacle Departure Procedures; Miscellaneous Amendments [Docket No.: 31069; Amdt. No.: 3689] received June 28, 2016, pursuant to 5 U.S.C. 801(a)(1)(A); Public Law 104-121, Sec. 251; (110 Stat. 868); to the Committee on Transportation and Infrastructure. 5862. A letter from the Management and Program Analyst, FAA, Department of Transportation, transmitting the Department's final rule -- Standard Instrument Approach Procedures, and Takeoff Minimums and Obstacle Departure Procedures; Miscellaneous Amendments [Docket No.: 31070; Amdt. No.: 3690] received June 28, 2016, pursuant to 5 U.S.C. 801(a)(1)(A); Public Law 104-121, Sec. 251; (110 Stat. 868); to the Committee on Transportation and Infrastructure. 5863. A letter from the Management and Program Analyst, FAA, Department of Transportation, transmitting the Department's final rule -- Standard Instrument Approach Procedures, and Takeoff Minimums and Obstacle Departure Procedures; Miscellaneous Amendments [Docket No.: 31071; Amdt. No.: 3691] received June 28, 2016, pursuant to 5 U.S.C. 801(a)(1)(A); Public Law 104-121, Sec. 251; (110 Stat. 868); to the Committee on Transportation and Infrastructure. 5864. A letter from the Management and Program Analyst, FAA, Department of Transportation, transmitting the Department's final rule -- Establishment of Class E Airspace; Moriarty, NM [Docket No.: FAA-2015-8060; Airspace Docket No.: 15-ASW-4] received June 28, 2016, pursuant to 5 U.S.C. 801(a)(1)(A); Public Law 104-121, Sec. 251; (110 Stat. 868); to the Committee on Transportation and Infrastructure. 5865. A letter from the Management and Program Analyst, FAA, Department of Transportation, transmitting the Department's final rule -- Establishment of Class E Airspace; Coldwater, KS [Docket No.: FAA-2015-5194; Airspace Docket No.: 15-ACE-6] received June 28, 2016, pursuant to 5 U.S.C. 801(a)(1)(A); Public Law 104-121, Sec. 251; (110 Stat. 868); to the Committee on Transportation and Infrastructure. 5866. A letter from the Management and Program Analyst, FAA, Department of Transportation, transmitting the Department's final rule -- Amendment of Class E Airspace; Deer Lodge, MT [Docket No.: FAA-2015-3773; Airspace Docket No.: 15-ANM-22] received June 28, 2016, pursuant to 5 U.S.C. 801(a)(1)(A); Public Law 104-121, Sec. 251; (110 Stat. 868); to the Committee on Transportation and Infrastructure. 5867. A letter from the Management and Program Analyst, FAA, Department of Transportation, transmitting the Department's final rule -- Establishment of Class E Airspace; Horseshoe Bend, AR [Docket No.: FAA-2015-5802; Airspace Docket No.: 15-ASW-17] received June 28, 2016, pursuant to 5 U.S.C. 801(a)(1)(A); Public Law 104-121, Sec. 251; (110 Stat. 868); to the Committee on Transportation and Infrastructure. 5868. A letter from the Management and Program Analyst, FAA, Department of Transportation, transmitting the Department's final rule -- Establishment of Class E Airspace; Hollis, OK [Docket No.: FAA-2016-0835; Airspace Docket No.: 16-ASW-1] received June 28, 2016, pursuant to 5 U.S.C. 801(a)(1)(A); Public Law 104-121, Sec. 251; (110 Stat. 868); to the Committee on Transportation and Infrastructure. 5869. A letter from the Management and Program Analyst, FAA, Department of Transportation, transmitting the Department's final rule -- Airworthiness Directives; Turbomeca S.A. Turboshaft Engines [Docket No.: FAA-2015-5539; Directorate Identifier 2015-NE-37-AD; Amendment 39-18493; AD 2016-08-16] (RIN: 2120-AA64) received June 28, 2016, pursuant to 5 U.S.C. 801(a)(1)(A); Public Law 104-121, Sec. 251; (110 Stat. 868); to the Committee on Transportation and Infrastructure. 5870. A letter from the Management and Program Analyst, FAA, Department of Transportation, transmitting the Department's final rule -- Airworthiness Directives; The Boeing Company Airplanes [Docket No.: FAA-2016-5592; Directorate Identifier 2016-NM-040-AD; Amendment 39-18488; AD 2016-08-12] (RIN: 2120-AA64) received June 28, 2016, pursuant to 5 U.S.C. 801(a)(1)(A); Public Law 104-121, Sec. 251; (110 Stat. 868); to the Committee on Transportation and Infrastructure. 5871. A letter from the Management and Program Analyst, FAA, Department of Transportation, transmitting the Department's final rule -- Airworthiness Directives; The Boeing Company Airplanes [Docket No.: FAA-2015-2965; Directorate Identifier 2014-NM-227-AD; Amendment 39-18487; AD 2016-08-11] (RIN: 2120-AA64) received June 28, 2016, pursuant to 5 U.S.C. 801(a)(1)(A); Public Law 104-121, Sec. 251; (110 Stat. 868); to the Committee on Transportation and Infrastructure. 5872. A letter from the Management and Program Analyst, FAA, Department of Transportation, transmitting the Department's final rule -- Airworthiness Directives; Bell Helicopter Textron Canada Helicopters [Docket No.: FAA-2013- 0734; Directorate Identifier 2012-SW-080-AD; Amendment 39- 18494; AD 2016-08-17] (RIN: 2120-AA64) received June 28, 2016, pursuant to 5 U.S.C. 801(a)(1)(A); Public Law 104-121, Sec. 251; (110 Stat. 868); to the Committee on Transportation and Infrastructure. 5873. A letter from the Assistant Administrator, Office of Procurement, National Aeronautical and Space Administration, transmitting the Administration's final rule -- Removal of Outdated and Duplicative Guidance (2016-N010) (RIN: 2700- AE28) June 24, 2016, pursuant to 5 U.S.C. 801(a)(1)(A); Public Law 104-121, Sec. 251; (110 Stat. 868); to the Committee on Science, Space, and Technology. 5874. A letter from the Clerk of the House of Representatives, transmitting the annual compilation of financial disclosure statements filed by the members of the board of the Office of Congressional Ethics for the period between January 1, 2015 and December 31, 2015, pursuant to Clause 3 of House Rule XXVI (H. Doc. No. 114--147); to the Committee on Ethics and ordered to be printed. ____________________",,"[Congressional Record Volume 162, Number 106 (Friday, July 1, 2016)] [House] [Pages H4190-H4191] From the Congressional Record Online through the Government Publishing Office [ www.gpo.gov ] EXECUTIVE COMMUNICATIONS, ETC. Under clause 2 of rule XIV, executive communications were taken from the Speaker's table and referred as follows: 5850. A letter from the Assistant General Counsel for Regulations, Office of Community Planning and Development, Department of Housing and Urban Development, transmitting the Department's interim rule -- Continuum of Care Program -- Increasing Mobility Options for Homeless Individuals and Families With Tenant-Based Rental Assistance [Docket No.: FR- 5476-I-03] (RIN: 2506-AC29) received June 24, 2016, pursuant to 5 U.S.C. 801(a)(1)(A); Public Law 104-121, Sec. 251; (110 Stat. 868); to the Committee on Financial Services. 5851. A letter from the Assistant General Counsel, Pension Benefit Guaranty Corporation, transmitting the Corporation's final rule -- Allocation of Assets in Single-Employer Plans; Benefits Payable in Terminated Single-Employer Plans; Interest Assumptions for Valuing and Paying Benefits received June 27, 2016, pursuant to 5 U.S.C. 801(a)(1)(A); Public Law 104-121, Sec. 251; (110 Stat. 868); to the Committee on Education and the Workforce. 5852. A letter from the Assistant General Counsel for Legislation, Regulation and Energy Efficiency, Office of Energy Efficiency and Renewable Energy, Department of Energy, transmitting the Department's Major final rule -- Energy Conservation Program: Energy Conservation Standards for Dehumidifiers [Docket No.: EERE-2012-BT-STD-0027] (RIN: 1904- AC81) received June 28, 2016, pursuant to 5 U.S.C. 801(a)(1)(A); Public Law 104-121, Sec. 251; (110 Stat. 868); to the Committee on Energy and Commerce. 5853. A letter from the Assistant General Counsel for Legislation, Regulation and Energy Efficiency, Office of Energy Efficiency and Renewable Energy, Department of Energy, transmitting the Department's Major Final rule -- Energy Conservation Program: Energy Conservation Standards for Battery Chargers [Docket No.: EERE-2008-BT-STD-0005] (RIN: 1904-AB57) received June 27, 2016, pursuant to 5 U.S.C. 801(a)(1)(A); Public Law 104-121, Sec. 251; (110 Stat. 868); to the Committee on Energy and Commerce. 5854. A letter from the Deputy Bureau Chief, Wireline Competition Bureau, Federal Communications Commission, transmitting the Commission's final rule -- Connect America Fund [WC Docket No.: 10-90]; ETC Annual Reports and Certifications [WC Docket No.: 14-58]; Rural Broadband Experiments [WC Docket No.: 14-259] received June 27, 2016, pursuant to 5 U.S.C. 801(a)(1)(A); Public Law 104-121, Sec. 251; (110 Stat. 868); to the Committee on Energy and Commerce. 5855. A letter from the General Counsel, Federal Energy Regulatory Commission, transmitting the Commission's final rule -- Reactive Power Requirements for Non-Synchronous Generation [Docket No.: RM16-1-000] [Order No.: 827] (RIN: 1902-AF15) received June 24, 2016, pursuant to 5 U.S.C. 801(a)(1)(A); Public Law 104-121, Sec. 251; (110 Stat. 868); to the Committee on Energy and Commerce. 5856. A letter from the Deputy Special Master, September 11th Victim Compensation Fund, Department of Justice, transmitting the Department's interim final rule -- James Zadroga 9/11 Victim Compensation Fund Reauthorization Act [Docket No.: CIV 151] (RIN: 1105-AB49) received June 28, 2016, pursuant to 5 U.S.C. 801(a)(1)(A); Public Law 104-121, Sec. 251; (110 Stat. 868); to the Committee on the Judiciary. 5857. A letter from the Chairman, Surface Transportation Board, Department of Transportation, transmitting the Department's final rule -- Revision to the Surface Transportation Board's CFR Chapter Heading Pursuant to the Surface Transportation Board Reauthorization Act of 2015 [Docket No.: EP 735] received June 27, 2016, pursuant to 5 U.S.C. 801(a)(1)(A); Public Law 104-121, Sec. 251; (110 Stat. 868); to the Committee on Transportation and Infrastructure. 5858. A letter from the Regulatory Ombudsman, Federal Motor Carrier Safety Administration, Department of Transportation, transmitting the Department's final rule -- Driving of Commercial Motor Vehicles: Use of Seat Belts [Docket No.: FMCSA-2015-0396] (RIN: 2126-AB87) received June 28, 2016, pursuant to 5 U.S.C. 801(a)(1)(A); Public Law 104-121, Sec. 251; (110 Stat. 868); to the Committee on Transportation and Infrastructure. 5859. A letter from the Management and Program Analyst, FAA, Department of Transportation, transmitting the Department's final rule -- IFR Altitudes; Miscellaneous Amendments [Docket No.: 31075; Amdt. No.: 526] received June 28, 2016, pursuant to 5 U.S.C. 801(a)(1)(A); Public Law 104- 121, Sec. 251; (110 Stat. 868); to the Committee on Transportation and Infrastructure. 5860. A letter from the Management and Program Analyst, FAA, Department of Transportation, transmitting the Department's final rule -- Standard Instrument Approach Procedures, and Takeoff Minimums and Obstacle Departure; Miscellaneous Amendments [Docket No.: 31072; Amdt. No.: 3692] received June 28, 2016, pursuant to 5 U.S.C. 801(a)(1)(A); Public Law 104-121, Sec. 251; (110 Stat. 868); to the Committee on Transportation and Infrastructure. [[Page H4191]] 5861. A letter from the Management and Program Analyst, FAA, Department of Transportation, transmitting the Department's final rule -- Standard Instrument Approach Procedures, and Takeoff Minimums and Obstacle Departure Procedures; Miscellaneous Amendments [Docket No.: 31069; Amdt. No.: 3689] received June 28, 2016, pursuant to 5 U.S.C. 801(a)(1)(A); Public Law 104-121, Sec. 251; (110 Stat. 868); to the Committee on Transportation and Infrastructure. 5862. A letter from the Management and Program Analyst, FAA, Department of Transportation, transmitting the Department's final rule -- Standard Instrument Approach Procedures, and Takeoff Minimums and Obstacle Departure Procedures; Miscellaneous Amendments [Docket No.: 31070; Amdt. No.: 3690] received June 28, 2016, pursuant to 5 U.S.C. 801(a)(1)(A); Public Law 104-121, Sec. 251; (110 Stat. 868); to the Committee on Transportation and Infrastructure. 5863. A letter from the Management and Program Analyst, FAA, Department of Transportation, transmitting the Department's final rule -- Standard Instrument Approach Procedures, and Takeoff Minimums and Obstacle Departure Procedures; Miscellaneous Amendments [Docket No.: 31071; Amdt. No.: 3691] received June 28, 2016, pursuant to 5 U.S.C. 801(a)(1)(A); Public Law 104-121, Sec. 251; (110 Stat. 868); to the Committee on Transportation and Infrastructure. 5864. A letter from the Management and Program Analyst, FAA, Department of Transportation, transmitting the Department's final rule -- Establishment of Class E Airspace; Moriarty, NM [Docket No.: FAA-2015-8060; Airspace Docket No.: 15-ASW-4] received June 28, 2016, pursuant to 5 U.S.C. 801(a)(1)(A); Public Law 104-121, Sec. 251; (110 Stat. 868); to the Committee on Transportation and Infrastructure. 5865. A letter from the Management and Program Analyst, FAA, Department of Transportation, transmitting the Department's final rule -- Establishment of Class E Airspace; Coldwater, KS [Docket No.: FAA-2015-5194; Airspace Docket No.: 15-ACE-6] received June 28, 2016, pursuant to 5 U.S.C. 801(a)(1)(A); Public Law 104-121, Sec. 251; (110 Stat. 868); to the Committee on Transportation and Infrastructure. 5866. A letter from the Management and Program Analyst, FAA, Department of Transportation, transmitting the Department's final rule -- Amendment of Class E Airspace; Deer Lodge, MT [Docket No.: FAA-2015-3773; Airspace Docket No.: 15-ANM-22] received June 28, 2016, pursuant to 5 U.S.C. 801(a)(1)(A); Public Law 104-121, Sec. 251; (110 Stat. 868); to the Committee on Transportation and Infrastructure. 5867. A letter from the Management and Program Analyst, FAA, Department of Transportation, transmitting the Department's final rule -- Establishment of Class E Airspace; Horseshoe Bend, AR [Docket No.: FAA-2015-5802; Airspace Docket No.: 15-ASW-17] received June 28, 2016, pursuant to 5 U.S.C. 801(a)(1)(A); Public Law 104-121, Sec. 251; (110 Stat. 868); to the Committee on Transportation and Infrastructure. 5868. A letter from the Management and Program Analyst, FAA, Department of Transportation, transmitting the Department's final rule -- Establishment of Class E Airspace; Hollis, OK [Docket No.: FAA-2016-0835; Airspace Docket No.: 16-ASW-1] received June 28, 2016, pursuant to 5 U.S.C. 801(a)(1)(A); Public Law 104-121, Sec. 251; (110 Stat. 868); to the Committee on Transportation and Infrastructure. 5869. A letter from the Management and Program Analyst, FAA, Department of Transportation, transmitting the Department's final rule -- Airworthiness Directives; Turbomeca S.A. Turboshaft Engines [Docket No.: FAA-2015-5539; Directorate Identifier 2015-NE-37-AD; Amendment 39-18493; AD 2016-08-16] (RIN: 2120-AA64) received June 28, 2016, pursuant to 5 U.S.C. 801(a)(1)(A); Public Law 104-121, Sec. 251; (110 Stat. 868); to the Committee on Transportation and Infrastructure. 5870. A letter from the Management and Program Analyst, FAA, Department of Transportation, transmitting the Department's final rule -- Airworthiness Directives; The Boeing Company Airplanes [Docket No.: FAA-2016-5592; Directorate Identifier 2016-NM-040-AD; Amendment 39-18488; AD 2016-08-12] (RIN: 2120-AA64) received June 28, 2016, pursuant to 5 U.S.C. 801(a)(1)(A); Public Law 104-121, Sec. 251; (110 Stat. 868); to the Committee on Transportation and Infrastructure. 5871. A letter from the Management and Program Analyst, FAA, Department of Transportation, transmitting the Department's final rule -- Airworthiness Directives; The Boeing Company Airplanes [Docket No.: FAA-2015-2965; Directorate Identifier 2014-NM-227-AD; Amendment 39-18487; AD 2016-08-11] (RIN: 2120-AA64) received June 28, 2016, pursuant to 5 U.S.C. 801(a)(1)(A); Public Law 104-121, Sec. 251; (110 Stat. 868); to the Committee on Transportation and Infrastructure. 5872. A letter from the Management and Program Analyst, FAA, Department of Transportation, transmitting the Department's final rule -- Airworthiness Directives; Bell Helicopter Textron Canada Helicopters [Docket No.: FAA-2013- 0734; Directorate Identifier 2012-SW-080-AD; Amendment 39- 18494; AD 2016-08-17] (RIN: 2120-AA64) received June 28, 2016, pursuant to 5 U.S.C. 801(a)(1)(A); Public Law 104-121, Sec. 251; (110 Stat. 868); to the Committee on Transportation and Infrastructure. 5873. A letter from the Assistant Administrator, Office of Procurement, National Aeronautical and Space Administration, transmitting the Administration's final rule -- Removal of Outdated and Duplicative Guidance (2016-N010) (RIN: 2700- AE28) June 24, 2016, pursuant to 5 U.S.C. 801(a)(1)(A); Public Law 104-121, Sec. 251; (110 Stat. 868); to the Committee on Science, Space, and Technology. 5874. A letter from the Clerk of the House of Representatives, transmitting the annual compilation of financial disclosure statements filed by the members of the board of the Office of Congressional Ethics for the period between January 1, 2015 and December 31, 2015, pursuant to Clause 3 of House Rule XXVI (H. Doc. No. 114--147); to the Committee on Ethics and ordered to be printed. ____________________",https://api.govinfo.gov/related/CREC-2016-07-01-pt1-PgH4190-7,CREC,Proceedings of Congress and General Congressional Publications,2025-03-07T17:30:08Z,Congressional Record,package_114_291.csv,11367,0,11367,"[congressional record volume 162, number 106 (friday, july 1, 2016)] [house] [pages h4190-h4191] from the congressional record online through the government publishing office [ www.gpo.gov ] executive communications, etc. under clause 2 of rule xiv, executive communications were taken from the speaker's table and referred as follows: 5850. a letter from the assistant general counsel for regulations, office of community planning and development, department of housing and urban development, transmitting the department's interim rule -- continuum of care program -- increasing mobility options for homeless individuals and families with tenant-based rental assistance [docket no.: fr- 5476-i-03] (rin: 2506-ac29) received june 24, 2016, pursuant to 5 u.s.c. 801(a)(1)(a); public law 104-121, sec. 251; (110 stat. 868); to the committee on financial services. 5851. a letter from the assistant general counsel, pension benefit guaranty corporation, transmitting the corporation's final rule -- allocation of assets in single-employer plans; benefits payable in terminated single-employer plans; interest assumptions for valuing and paying benefits received june 27, 2016, pursuant to 5 u.s.c. 801(a)(1)(a); public law 104-121, sec. 251; (110 stat. 868); to the committee on education and the workforce. 5852. a letter from the assistant general counsel for legislation, regulation and energy efficiency, office of energy efficiency and renewable energy, department of energy, transmitting the department's major final rule -- energy conservation program: energy conservation standards for dehumidifiers [docket no.: eere-2012-bt-std-0027] (rin: 1904- ac81) received june 28, 2016, pursuant to 5 u.s.c. 801(a)(1)(a); public law 104-121, sec. 251; (110 stat. 868); to the committee on energy and commerce. 5853. a letter from the assistant general counsel for legislation, regulation and energy efficiency, office of energy efficiency and renewable energy, department of energy, transmitting the department's major final rule -- energy conservation program: energy conservation standards for battery chargers [docket no.: eere-2008-bt-std-0005] (rin: 1904-ab57) received june 27, 2016, pursuant to 5 u.s.c. 801(a)(1)(a); public law 104-121, sec. 251; (110 stat. 868); to the committee on energy and commerce. 5854. a letter from the deputy bureau chief, wireline competition bureau, federal communications commission, transmitting the commission's final rule -- connect america fund [wc docket no.: 10-90]; etc annual reports and certifications [wc docket no.: 14-58]; rural broadband experiments [wc docket no.: 14-259] received june 27, 2016, pursuant to 5 u.s.c. 801(a)(1)(a); public law 104-121, sec. 251; (110 stat. 868); to the committee on energy and commerce. 5855. a letter from the general counsel, federal energy regulatory commission, transmitting the commission's final rule -- reactive power requirements for non-synchronous generation [docket no.: rm16-1-000] [order no.: 827] (rin: 1902-af15) received june 24, 2016, pursuant to 5 u.s.c. 801(a)(1)(a); public law 104-121, sec. 251; (110 stat. 868); to the committee on energy and commerce. 5856. a letter from the deputy special master, september 11th victim compensation fund, department of justice, transmitting the department's interim final rule -- james zadroga 9/11 victim compensation fund reauthorization act [docket no.: civ 151] (rin: 1105-ab49) received june 28, 2016, pursuant to 5 u.s.c. 801(a)(1)(a); public law 104-121, sec. 251; (110 stat. 868); to the committee on the judiciary. 5857. a letter from the chairman, surface transportation board, department of transportation, transmitting the department's final rule -- revision to the surface transportation board's cfr chapter heading pursuant to the surface transportation board reauthorization act of 2015 [docket no.: ep 735] received june 27, 2016, pursuant to 5 u.s.c. 801(a)(1)(a); public law 104-121, sec. 251; (110 stat. 868); to the committee on transportation and infrastructure. 5858. a letter from the regulatory ombudsman, federal motor carrier safety administration, department of transportation, transmitting the department's final rule -- driving of commercial motor vehicles: use of seat belts [docket no.: fmcsa-2015-0396] (rin: 2126-ab87) received june 28, 2016, pursuant to 5 u.s.c. 801(a)(1)(a); public law 104-121, sec. 251; (110 stat. 868); to the committee on transportation and infrastructure. 5859. a letter from the management and program analyst, faa, department of transportation, transmitting the department's final rule -- ifr altitudes; miscellaneous amendments [docket no.: 31075; amdt. no.: 526] received june 28, 2016, pursuant to 5 u.s.c. 801(a)(1)(a); public law 104- 121, sec. 251; (110 stat. 868); to the committee on transportation and infrastructure. 5860. a letter from the management and program analyst, faa, department of transportation, transmitting the department's final rule -- standard instrument approach procedures, and takeoff minimums and obstacle departure; miscellaneous amendments [docket no.: 31072; amdt. no.: 3692] received june 28, 2016, pursuant to 5 u.s.c. 801(a)(1)(a); public law 104-121, sec. 251; (110 stat. 868); to the committee on transportation and infrastructure. [[page h4191]] 5861. a letter from the management and program analyst, faa, department of transportation, transmitting the department's final rule -- standard instrument approach procedures, and takeoff minimums and obstacle departure procedures; miscellaneous amendments [docket no.: 31069; amdt. no.: 3689] received june 28, 2016, pursuant to 5 u.s.c. 801(a)(1)(a); public law 104-121, sec. 251; (110 stat. 868); to the committee on transportation and infrastructure. 5862. a letter from the management and program analyst, faa, department of transportation, transmitting the department's final rule -- standard instrument approach procedures, and takeoff minimums and obstacle departure procedures; miscellaneous amendments [docket no.: 31070; amdt. no.: 3690] received june 28, 2016, pursuant to 5 u.s.c. 801(a)(1)(a); public law 104-121, sec. 251; (110 stat. 868); to the committee on transportation and infrastructure. 5863. a letter from the management and program analyst, faa, department of transportation, transmitting the department's final rule -- standard instrument approach procedures, and takeoff minimums and obstacle departure procedures; miscellaneous amendments [docket no.: 31071; amdt. no.: 3691] received june 28, 2016, pursuant to 5 u.s.c. 801(a)(1)(a); public law 104-121, sec. 251; (110 stat. 868); to the committee on transportation and infrastructure. 5864. a letter from the management and program analyst, faa, department of transportation, transmitting the department's final rule -- establishment of class e airspace; moriarty, nm [docket no.: faa-2015-8060; airspace docket no.: 15-asw-4] received june 28, 2016, pursuant to 5 u.s.c. 801(a)(1)(a); public law 104-121, sec. 251; (110 stat. 868); to the committee on transportation and infrastructure. 5865. a letter from the management and program analyst, faa, department of transportation, transmitting the department's final rule -- establishment of class e airspace; coldwater, ks [docket no.: faa-2015-5194; airspace docket no.: 15-ace-6] received june 28, 2016, pursuant to 5 u.s.c. 801(a)(1)(a); public law 104-121, sec. 251; (110 stat. 868); to the committee on transportation and infrastructure. 5866. a letter from the management and program analyst, faa, department of transportation, transmitting the department's final rule -- amendment of class e airspace; deer lodge, mt [docket no.: faa-2015-3773; airspace docket no.: 15-anm-22] received june 28, 2016, pursuant to 5 u.s.c. 801(a)(1)(a); public law 104-121, sec. 251; (110 stat. 868); to the committee on transportation and infrastructure. 5867. a letter from the management and program analyst, faa, department of transportation, transmitting the department's final rule -- establishment of class e airspace; horseshoe bend, ar [docket no.: faa-2015-5802; airspace docket no.: 15-asw-17] received june 28, 2016, pursuant to 5 u.s.c. 801(a)(1)(a); public law 104-121, sec. 251; (110 stat. 868); to the committee on transportation and infrastructure. 5868. a letter from the management and program analyst, faa, department of transportation, transmitting the department's final rule -- establishment of class e airspace; hollis, ok [docket no.: faa-2016-0835; airspace docket no.: 16-asw-1] received june 28, 2016, pursuant to 5 u.s.c. 801(a)(1)(a); public law 104-121, sec. 251; (110 stat. 868); to the committee on transportation and infrastructure. 5869. a letter from the management and program analyst, faa, department of transportation, transmitting the department's final rule -- airworthiness directives; turbomeca s.a. turboshaft engines [docket no.: faa-2015-5539; directorate identifier 2015-ne-37-ad; amendment 39-18493; ad 2016-08-16] (rin: 2120-aa64) received june 28, 2016, pursuant to 5 u.s.c. 801(a)(1)(a); public law 104-121, sec. 251; (110 stat. 868); to the committee on transportation and infrastructure. 5870. a letter from the management and program analyst, faa, department of transportation, transmitting the department's final rule -- airworthiness directives; the boeing company airplanes [docket no.: faa-2016-5592; directorate identifier 2016-nm-040-ad; amendment 39-18488; ad 2016-08-12] (rin: 2120-aa64) received june 28, 2016, pursuant to 5 u.s.c. 801(a)(1)(a); public law 104-121, sec. 251; (110 stat. 868); to the committee on transportation and infrastructure. 5871. a letter from the management and program analyst, faa, department of transportation, transmitting the department's final rule -- airworthiness directives; the boeing company airplanes [docket no.: faa-2015-2965; directorate identifier 2014-nm-227-ad; amendment 39-18487; ad 2016-08-11] (rin: 2120-aa64) received june 28, 2016, pursuant to 5 u.s.c. 801(a)(1)(a); public law 104-121, sec. 251; (110 stat. 868); to the committee on transportation and infrastructure. 5872. a letter from the management and program analyst, faa, department of transportation, transmitting the department's final rule -- airworthiness directives; bell helicopter textron canada helicopters [docket no.: faa-2013- 0734; directorate identifier 2012-sw-080-ad; amendment 39- 18494; ad 2016-08-17] (rin: 2120-aa64) received june 28, 2016, pursuant to 5 u.s.c. 801(a)(1)(a); public law 104-121, sec. 251; (110 stat. 868); to the committee on transportation and infrastructure. 5873. a letter from the assistant administrator, office of procurement, national aeronautical and space administration, transmitting the administration's final rule -- removal of outdated and duplicative guidance (2016-n010) (rin: 2700- ae28) june 24, 2016, pursuant to 5 u.s.c. 801(a)(1)(a); public law 104-121, sec. 251; (110 stat. 868); to the committee on science, space, and technology. 5874. a letter from the clerk of the house of representatives, transmitting the annual compilation of financial disclosure statements filed by the members of the board of the office of congressional ethics for the period between january 1, 2015 and december 31, 2015, pursuant to clause 3 of house rule xxvi (h. doc. no. 114--147); to the committee on ethics and ordered to be printed. ____________________",11367
CREC-2016-07-01-pt1-PgH4190-6,CREC-2016-07-01,2016-07-01,ADJOURNMENT,CREC,HOUSE,H,H,1,https://www.govinfo.gov/app/details/CREC-2016-07-01/CREC-2016-07-01-pt1-PgH4190-6,https://api.govinfo.gov/packages/CREC-2016-07-01/granules/CREC-2016-07-01-pt1-PgH4190-6/htm,https://api.govinfo.gov/packages/CREC-2016-07-01/granules/CREC-2016-07-01-pt1-PgH4190-6/pdf,https://api.govinfo.gov/packages/CREC-2016-07-01/summary,,,,https://api.govinfo.gov/related/CREC-2016-07-01-pt1-PgH4190-6,CREC,Proceedings of Congress and General Congressional Publications,2025-03-07T17:30:08Z,Congressional Record,package_114_291.csv,0,0,0,,0
CREC-2016-07-01-pt1-PgH4191,CREC-2016-07-01,2016-07-01,REPORTS OF COMMITTEES ON PUBLIC BILLS AND RESOLUTIONS,CREC,HOUSE,H,H,1,https://www.govinfo.gov/app/details/CREC-2016-07-01/CREC-2016-07-01-pt1-PgH4191,https://api.govinfo.gov/packages/CREC-2016-07-01/granules/CREC-2016-07-01-pt1-PgH4191/htm,https://api.govinfo.gov/packages/CREC-2016-07-01/granules/CREC-2016-07-01-pt1-PgH4191/pdf,https://api.govinfo.gov/packages/CREC-2016-07-01/summary,"[Congressional Record Volume 162, Number 106 (Friday, July 1, 2016)] [House] [Page H4191] From the Congressional Record Online through the Government Publishing Office [ www.gpo.gov ] REPORTS OF COMMITTEES ON PUBLIC BILLS AND RESOLUTIONS Under clause 2 of rule XIII, reports of committees were delivered to the Clerk for printing and reference to the proper calendar, as follows: [The following action occurred on July 1, 2016] Mr. BISHOP of Utah: Committee on Natural Resources. H.R. 4685. A bill to take certain Federal lands located in Tulare County, California, into trust for the benefit of the Tule River Indian Tribe, and for other purposes (Rept. 114-649). Referred to the Committee of the Whole House on the state of the Union. Mr. BISHOP of Utah: Committee on Natural Resources. H.R. 5244. A bill to provide for the establishment of a national memorial and national monument to commemorate those killed by the collapse of the Saint Francis Dam on March 12, 1928, and for other purposes; with an amendment (Rept. 114-650). Referred to the Committee of the Whole House on the state of the Union. Mr. BISHOP of Utah: Committee on Natural Resources. H.R. 3844. A bill to establish the Energy and Minerals Reclamation Foundation to encourage, obtain, and use gifts, devises, and bequests for projects to reclaim abandoned mine lands and orphan oil and gas well sites, and for other purposes; with amendments (Rept. 114-651). Referred to the Committee of the Whole House on the state of the Union. Mr. McCAUL: Committee on Homeland Security. H.R. 5391. A bill to amend the Homeland Security Act of 2002 to enhance certain duties of the Domestic Nuclear Detection Office, and for other purposes (Rept. 114-652). Referred to the Committee of the Whole House on the state of the Union. Mr. McCAUL: Committee on Homeland Security. H.R. 5056. A bill to modernize and enhance airport perimeter and access control security by requiring updated risk assessments and the development of security strategies, and for other purposes (Rept. 114-653). Referred to the Committee of the Whole House on the state of the Union. Mr. McCAUL: Committee on Homeland Security. H.R. 5064. A bill to amend the Small Business Act to allow small business development centers to assist and advise small business concerns on relevant cyber security matters, and for other purposes; with an amendment (Rept. 114-654, Pt. 1). Ordered to be printed. ____________________",,"[Congressional Record Volume 162, Number 106 (Friday, July 1, 2016)] [House] [Page H4191] From the Congressional Record Online through the Government Publishing Office [ www.gpo.gov ] REPORTS OF COMMITTEES ON PUBLIC BILLS AND RESOLUTIONS Under clause 2 of rule XIII, reports of committees were delivered to the Clerk for printing and reference to the proper calendar, as follows: [The following action occurred on July 1, 2016] Mr. BISHOP of Utah: Committee on Natural Resources. H.R. 4685. A bill to take certain Federal lands located in Tulare County, California, into trust for the benefit of the Tule River Indian Tribe, and for other purposes (Rept. 114-649). Referred to the Committee of the Whole House on the state of the Union. Mr. BISHOP of Utah: Committee on Natural Resources. H.R. 5244. A bill to provide for the establishment of a national memorial and national monument to commemorate those killed by the collapse of the Saint Francis Dam on March 12, 1928, and for other purposes; with an amendment (Rept. 114-650). Referred to the Committee of the Whole House on the state of the Union. Mr. BISHOP of Utah: Committee on Natural Resources. H.R. 3844. A bill to establish the Energy and Minerals Reclamation Foundation to encourage, obtain, and use gifts, devises, and bequests for projects to reclaim abandoned mine lands and orphan oil and gas well sites, and for other purposes; with amendments (Rept. 114-651). Referred to the Committee of the Whole House on the state of the Union. Mr. McCAUL: Committee on Homeland Security. H.R. 5391. A bill to amend the Homeland Security Act of 2002 to enhance certain duties of the Domestic Nuclear Detection Office, and for other purposes (Rept. 114-652). Referred to the Committee of the Whole House on the state of the Union. Mr. McCAUL: Committee on Homeland Security. H.R. 5056. A bill to modernize and enhance airport perimeter and access control security by requiring updated risk assessments and the development of security strategies, and for other purposes (Rept. 114-653). Referred to the Committee of the Whole House on the state of the Union. Mr. McCAUL: Committee on Homeland Security. H.R. 5064. A bill to amend the Small Business Act to allow small business development centers to assist and advise small business concerns on relevant cyber security matters, and for other purposes; with an amendment (Rept. 114-654, Pt. 1). Ordered to be printed. ____________________",https://api.govinfo.gov/related/CREC-2016-07-01-pt1-PgH4191,CREC,Proceedings of Congress and General Congressional Publications,2025-03-07T17:30:08Z,Congressional Record,package_114_291.csv,2442,0,2442,"[congressional record volume 162, number 106 (friday, july 1, 2016)] [house] [page h4191] from the congressional record online through the government publishing office [ www.gpo.gov ] reports of committees on public bills and resolutions under clause 2 of rule xiii, reports of committees were delivered to the clerk for printing and reference to the proper calendar, as follows: [the following action occurred on july 1, 2016] mr. bishop of utah: committee on natural resources. h.r. 4685. a bill to take certain federal lands located in tulare county, california, into trust for the benefit of the tule river indian tribe, and for other purposes (rept. 114-649). referred to the committee of the whole house on the state of the union. mr. bishop of utah: committee on natural resources. h.r. 5244. a bill to provide for the establishment of a national memorial and national monument to commemorate those killed by the collapse of the saint francis dam on march 12, 1928, and for other purposes; with an amendment (rept. 114-650). referred to the committee of the whole house on the state of the union. mr. bishop of utah: committee on natural resources. h.r. 3844. a bill to establish the energy and minerals reclamation foundation to encourage, obtain, and use gifts, devises, and bequests for projects to reclaim abandoned mine lands and orphan oil and gas well sites, and for other purposes; with amendments (rept. 114-651). referred to the committee of the whole house on the state of the union. mr. mccaul: committee on homeland security. h.r. 5391. a bill to amend the homeland security act of 2002 to enhance certain duties of the domestic nuclear detection office, and for other purposes (rept. 114-652). referred to the committee of the whole house on the state of the union. mr. mccaul: committee on homeland security. h.r. 5056. a bill to modernize and enhance airport perimeter and access control security by requiring updated risk assessments and the development of security strategies, and for other purposes (rept. 114-653). referred to the committee of the whole house on the state of the union. mr. mccaul: committee on homeland security. h.r. 5064. a bill to amend the small business act to allow small business development centers to assist and advise small business concerns on relevant cyber security matters, and for other purposes; with an amendment (rept. 114-654, pt. 1). ordered to be printed. ____________________",2442
CREC-2016-07-01-pt1-PgH4191-2,CREC-2016-07-01,2016-07-01,PUBLIC BILLS AND RESOLUTIONS,CREC,HOUSE,H,H,1,https://www.govinfo.gov/app/details/CREC-2016-07-01/CREC-2016-07-01-pt1-PgH4191-2,https://api.govinfo.gov/packages/CREC-2016-07-01/granules/CREC-2016-07-01-pt1-PgH4191-2/htm,https://api.govinfo.gov/packages/CREC-2016-07-01/granules/CREC-2016-07-01-pt1-PgH4191-2/pdf,https://api.govinfo.gov/packages/CREC-2016-07-01/summary,"[Congressional Record Volume 162, Number 106 (Friday, July 1, 2016)] [House] [Pages H4191-H4192] From the Congressional Record Online through the Government Publishing Office [ www.gpo.gov ] PUBLIC BILLS AND RESOLUTIONS Under clause 2 of rule XII, public bills and resolutions of the following titles were introduced and severally referred, as follows: By Mr. McCARTHY: H.R. 5611. A bill to prevent terrorists from launching attacks and obtaining passports, and for other purposes; to the Committee on Homeland Security, and in addition to the Committees on the Judiciary, and Foreign Affairs, for a period to be subsequently determined by the Speaker, in each case for consideration of such provisions as fall within the jurisdiction of the committee concerned. By Mr. TOM PRICE of Georgia (for himself, Mr. Carter of Georgia, Mr. Bishop of Georgia, Mr. Westmoreland, Mr. Johnson of Georgia, Mr. Lewis, Mr. Woodall, Mr. Austin Scott of Georgia, Mr. Collins of Georgia, Mr. Jody B. Hice of Georgia, Mr. Loudermilk, Mr. Allen, Mr. David Scott of Georgia, and Mr. Graves of Georgia): H.R. 5612. A bill to designate the facility of the United States Postal Service located at 2886 Sandy Plains Road in Marietta, Georgia, as the ``Marine Lance Corporal Squire `Skip' Wells Post Office Building''; to the Committee on Oversight and Government Reform. By Ms. JENKINS of Kansas (for herself and Mr. Loebsack): H.R. 5613. A bill to provide for the extension of the enforcement instruction on supervision requirements for outpatient therapeutic services in critical access and small rural hospitals through 2016; to the Committee on Energy and Commerce, and in addition to the Committee on Ways and Means, for a period to be subsequently determined by the Speaker, in each case for consideration of such provisions as fall within the jurisdiction of the committee concerned. By Mr. CROWLEY: H.R. 5614. A bill to amend title XVIII of the Social Security Act to provide for a change [[Page H4192]] in Medicare classification for certain hospitals; to the Committee on Ways and Means. By Mr. GRAYSON (for himself, Ms. Lee, and Ms. Brown of Florida): H.R. 5615. A bill to reinstate the ban on semiautomatic assault weapons; to the Committee on the Judiciary. By Mr. NUNES (for himself and Mr. Valadao): H.R. 5616. A bill to authorize the conveyance of and remove the reversionary interest of the United States in certain lands in the City of Tulare, California; to the Committee on Natural Resources. By Mr. POCAN (for himself, Mr. Nolan, Ms. Wilson of Florida, Mr. Grijalva, Mr. Takano, Mr. McDermott, Ms. Norton, Ms. Moore, Ms. Bonamici, Mr. Sarbanes, Mr. Hinojosa, Mr. Ellison, Mr. McGovern, Mr. DeFazio, Ms. Velazquez, and Mr. Scott of Virginia): H.R. 5617. A bill to amend the Internal Revenue Code of 1986 to exclude from gross income any discharge of student loan indebtedness; to the Committee on Ways and Means. By Mr. TROTT: H.R. 5618. A bill to amend title 28 of the United States Code to authorize the United States trustees to perform investigations and audits of trusts established as part of a plan of reorganization confirmed under chapter 11 of title 11 of the United States Code; to the Committee on the Judiciary. ____________________",,"[Congressional Record Volume 162, Number 106 (Friday, July 1, 2016)] [House] [Pages H4191-H4192] From the Congressional Record Online through the Government Publishing Office [ www.gpo.gov ] PUBLIC BILLS AND RESOLUTIONS Under clause 2 of rule XII, public bills and resolutions of the following titles were introduced and severally referred, as follows: By Mr. McCARTHY: H.R. 5611. A bill to prevent terrorists from launching attacks and obtaining passports, and for other purposes; to the Committee on Homeland Security, and in addition to the Committees on the Judiciary, and Foreign Affairs, for a period to be subsequently determined by the Speaker, in each case for consideration of such provisions as fall within the jurisdiction of the committee concerned. By Mr. TOM PRICE of Georgia (for himself, Mr. Carter of Georgia, Mr. Bishop of Georgia, Mr. Westmoreland, Mr. Johnson of Georgia, Mr. Lewis, Mr. Woodall, Mr. Austin Scott of Georgia, Mr. Collins of Georgia, Mr. Jody B. Hice of Georgia, Mr. Loudermilk, Mr. Allen, Mr. David Scott of Georgia, and Mr. Graves of Georgia): H.R. 5612. A bill to designate the facility of the United States Postal Service located at 2886 Sandy Plains Road in Marietta, Georgia, as the ``Marine Lance Corporal Squire `Skip' Wells Post Office Building''; to the Committee on Oversight and Government Reform. By Ms. JENKINS of Kansas (for herself and Mr. Loebsack): H.R. 5613. A bill to provide for the extension of the enforcement instruction on supervision requirements for outpatient therapeutic services in critical access and small rural hospitals through 2016; to the Committee on Energy and Commerce, and in addition to the Committee on Ways and Means, for a period to be subsequently determined by the Speaker, in each case for consideration of such provisions as fall within the jurisdiction of the committee concerned. By Mr. CROWLEY: H.R. 5614. A bill to amend title XVIII of the Social Security Act to provide for a change [[Page H4192]] in Medicare classification for certain hospitals; to the Committee on Ways and Means. By Mr. GRAYSON (for himself, Ms. Lee, and Ms. Brown of Florida): H.R. 5615. A bill to reinstate the ban on semiautomatic assault weapons; to the Committee on the Judiciary. By Mr. NUNES (for himself and Mr. Valadao): H.R. 5616. A bill to authorize the conveyance of and remove the reversionary interest of the United States in certain lands in the City of Tulare, California; to the Committee on Natural Resources. By Mr. POCAN (for himself, Mr. Nolan, Ms. Wilson of Florida, Mr. Grijalva, Mr. Takano, Mr. McDermott, Ms. Norton, Ms. Moore, Ms. Bonamici, Mr. Sarbanes, Mr. Hinojosa, Mr. Ellison, Mr. McGovern, Mr. DeFazio, Ms. Velazquez, and Mr. Scott of Virginia): H.R. 5617. A bill to amend the Internal Revenue Code of 1986 to exclude from gross income any discharge of student loan indebtedness; to the Committee on Ways and Means. By Mr. TROTT: H.R. 5618. A bill to amend title 28 of the United States Code to authorize the United States trustees to perform investigations and audits of trusts established as part of a plan of reorganization confirmed under chapter 11 of title 11 of the United States Code; to the Committee on the Judiciary. ____________________",https://api.govinfo.gov/related/CREC-2016-07-01-pt1-PgH4191-2,CREC,Proceedings of Congress and General Congressional Publications,2025-03-07T17:30:08Z,Congressional Record,package_114_291.csv,3240,0,3240,"[congressional record volume 162, number 106 (friday, july 1, 2016)] [house] [pages h4191-h4192] from the congressional record online through the government publishing office [ www.gpo.gov ] public bills and resolutions under clause 2 of rule xii, public bills and resolutions of the following titles were introduced and severally referred, as follows: by mr. mccarthy: h.r. 5611. a bill to prevent terrorists from launching attacks and obtaining passports, and for other purposes; to the committee on homeland security, and in addition to the committees on the judiciary, and foreign affairs, for a period to be subsequently determined by the speaker, in each case for consideration of such provisions as fall within the jurisdiction of the committee concerned. by mr. tom price of georgia (for himself, mr. carter of georgia, mr. bishop of georgia, mr. westmoreland, mr. johnson of georgia, mr. lewis, mr. woodall, mr. austin scott of georgia, mr. collins of georgia, mr. jody b. hice of georgia, mr. loudermilk, mr. allen, mr. david scott of georgia, and mr. graves of georgia): h.r. 5612. a bill to designate the facility of the united states postal service located at 2886 sandy plains road in marietta, georgia, as the ``marine lance corporal squire `skip' wells post office building''; to the committee on oversight and government reform. by ms. jenkins of kansas (for herself and mr. loebsack): h.r. 5613. a bill to provide for the extension of the enforcement instruction on supervision requirements for outpatient therapeutic services in critical access and small rural hospitals through 2016; to the committee on energy and commerce, and in addition to the committee on ways and means, for a period to be subsequently determined by the speaker, in each case for consideration of such provisions as fall within the jurisdiction of the committee concerned. by mr. crowley: h.r. 5614. a bill to amend title xviii of the social security act to provide for a change [[page h4192]] in medicare classification for certain hospitals; to the committee on ways and means. by mr. grayson (for himself, ms. lee, and ms. brown of florida): h.r. 5615. a bill to reinstate the ban on semiautomatic assault weapons; to the committee on the judiciary. by mr. nunes (for himself and mr. valadao): h.r. 5616. a bill to authorize the conveyance of and remove the reversionary interest of the united states in certain lands in the city of tulare, california; to the committee on natural resources. by mr. pocan (for himself, mr. nolan, ms. wilson of florida, mr. grijalva, mr. takano, mr. mcdermott, ms. norton, ms. moore, ms. bonamici, mr. sarbanes, mr. hinojosa, mr. ellison, mr. mcgovern, mr. defazio, ms. velazquez, and mr. scott of virginia): h.r. 5617. a bill to amend the internal revenue code of 1986 to exclude from gross income any discharge of student loan indebtedness; to the committee on ways and means. by mr. trott: h.r. 5618. a bill to amend title 28 of the united states code to authorize the united states trustees to perform investigations and audits of trusts established as part of a plan of reorganization confirmed under chapter 11 of title 11 of the united states code; to the committee on the judiciary. ____________________",3240
CREC-2016-07-01-pt1-PgH4192,CREC-2016-07-01,2016-07-01,MEMORIALS,CREC,HOUSE,H,H,1,https://www.govinfo.gov/app/details/CREC-2016-07-01/CREC-2016-07-01-pt1-PgH4192,https://api.govinfo.gov/packages/CREC-2016-07-01/granules/CREC-2016-07-01-pt1-PgH4192/htm,https://api.govinfo.gov/packages/CREC-2016-07-01/granules/CREC-2016-07-01-pt1-PgH4192/pdf,https://api.govinfo.gov/packages/CREC-2016-07-01/summary,"[Congressional Record Volume 162, Number 106 (Friday, July 1, 2016)] [House] [Page H4192] From the Congressional Record Online through the Government Publishing Office [ www.gpo.gov ] MEMORIALS Under clause 3 of rule XII, memorials were presented and referred as follows: 265. The SPEAKER presented a memorial of the Legislature of the State of Arizona, relative to Senate Concurrent Memorial 1017, Urging the Congress of the United States to enact the Dine College Act of 2015; which was referred to the Committee on Education and the Workforce. 266. Also, a memorial of the Legislature of the State of Arizona, relative to Senate Concurrent Memorial 1007, urging the United States Environmental Protection Agency to reinstate the previous ozone concentration standard of 75 parts per billion; which was referred to the Committee on Energy and Commerce. 267. Also, a memorial of the Legislature of the State of Arizona, relative to Senate Concurrent Memorial 1016, urging the United States Congress to oppose the implementation of certain rules for existing electric utility generating units; which was referred to the Committee on Energy and Commerce. 268. Also, a memorial of the Legislature of the State of Arizona, relative to House Concurrent Memorial 2010, urging the President, Secretary of State and Congress of the United States to secure the safe release of Robert Levinson from Iran; which was referred to the Committee on Foreign Affairs. 269. Also, a memorial of the Legislature of the State of Arizona, relative to Senate Memorial 1001, urging the members of the United States Congress from the state of Arizona to officially recognize the persecution of Christians and other religious minorities in the Middle East as genocide; which was referred to the Committee on Foreign Affairs. 270. Also, a memorial of the Legislature of the State of Arizona, relative to Senate Concurrent Memorial 1013, urging the United States Congress to take action to prevent the United State from entering into the United Nations Arms Trade Treaty or other similar treaties; which was referred to the Committee on Foreign Affairs. 271. Also, a memorial of the Legislature of the State of Arizona, relative to Senate Concurrent Memorial 1009, urging the United States Congress to protest and take action to fully restore the Tucson postal processing and distribution center; which was referred to the Committee on Oversight and Government Reform. 272. Also, a memorial of the Legislature of the State of Arizona, relative to Senate Concurrent Memorial 1014, urging the Congress of the United States to act to prohibit federal agencies from recommending and identifying Arizona's public lands as wilderness areas with express congressional consent; ; which was referred to the Committee on Natural Resources. 273. Also, a memorial of the Legislature of the State of Arizona, relative to House Concurrent Memorial 2009, urging the United States Congress to direct the American Legion to expand its membership eligibility; which was referred to the Committee on the Judiciary. 274. Also, a memorial of the Legislature of the State of Arizona, relative to Senate Concurrent Memorial 1008, urging the Congress of the United States to enact the Regulatory Integrity Protection Act; which was referred to the Committee on Transportation and Infrastructure. 275. Also, a memorial of the Legislature of the State of Arizona, relative to Senate Concurrent Memorial 1006, urging the United States Congress to act to increase the number of United States Customs and Boarder Protection personnel at the ports of entry in Arizona; which was referred to the Committee on Homeland Security. 276. Also, a memorial of the Legislature of the State of Arizona, relative to Senate Concurrent Memorial 1011, urging the Congress of the United States to enact the Resilient Federal Forests Act; which was referred jointly to the Committees on Agriculture and Natural Resources. 277. Also, a memorial of the Legislature of the State of Arizona, relative to Senate Concurrent Memorial 1012, urging the United States Congress to direct the appropriate federal agencies to secure the borders of the United States; which was referred jointly to the Committees on the Judiciary and Homeland Security. 278. Also, a memorial of the House of Representatives of the State of Louisiana, relative to House Resolution No. 219, urging the United States Congress to take such actions as are necessary to reimburse the state of Louisiana for the state dollars expended annually to provide essential services including but not limited to education, welfare, medical, law enforcement, and incarceration of illegal immigrants; which was referred jointly to the Committees on the Judiciary and Education and the Workforce. 279. Also, a memorial of the Legislature of the State of Arizona, relative to House Concurrent Memorial 2006, urging the United States Congress to adopt legislation similar to the Toxic Exposure Research Act of 2015; which was referred jointly to the Committees on Veterans' Affairs and Armed Services. 280. Also, a memorial of the Legislature of the State of Arizona, relative to Senate Concurrent Memorial 1015, urging the United States Congress to enact the Stopping EPA Overreach Act; which was referred jointly to the Committees on Energy and Commerce, Natural Resources, Transportation and Infrastructure, and Agriculture. ____________________",,"[Congressional Record Volume 162, Number 106 (Friday, July 1, 2016)] [House] [Page H4192] From the Congressional Record Online through the Government Publishing Office [ www.gpo.gov ] MEMORIALS Under clause 3 of rule XII, memorials were presented and referred as follows: 265. The SPEAKER presented a memorial of the Legislature of the State of Arizona, relative to Senate Concurrent Memorial 1017, Urging the Congress of the United States to enact the Dine College Act of 2015; which was referred to the Committee on Education and the Workforce. 266. Also, a memorial of the Legislature of the State of Arizona, relative to Senate Concurrent Memorial 1007, urging the United States Environmental Protection Agency to reinstate the previous ozone concentration standard of 75 parts per billion; which was referred to the Committee on Energy and Commerce. 267. Also, a memorial of the Legislature of the State of Arizona, relative to Senate Concurrent Memorial 1016, urging the United States Congress to oppose the implementation of certain rules for existing electric utility generating units; which was referred to the Committee on Energy and Commerce. 268. Also, a memorial of the Legislature of the State of Arizona, relative to House Concurrent Memorial 2010, urging the President, Secretary of State and Congress of the United States to secure the safe release of Robert Levinson from Iran; which was referred to the Committee on Foreign Affairs. 269. Also, a memorial of the Legislature of the State of Arizona, relative to Senate Memorial 1001, urging the members of the United States Congress from the state of Arizona to officially recognize the persecution of Christians and other religious minorities in the Middle East as genocide; which was referred to the Committee on Foreign Affairs. 270. Also, a memorial of the Legislature of the State of Arizona, relative to Senate Concurrent Memorial 1013, urging the United States Congress to take action to prevent the United State from entering into the United Nations Arms Trade Treaty or other similar treaties; which was referred to the Committee on Foreign Affairs. 271. Also, a memorial of the Legislature of the State of Arizona, relative to Senate Concurrent Memorial 1009, urging the United States Congress to protest and take action to fully restore the Tucson postal processing and distribution center; which was referred to the Committee on Oversight and Government Reform. 272. Also, a memorial of the Legislature of the State of Arizona, relative to Senate Concurrent Memorial 1014, urging the Congress of the United States to act to prohibit federal agencies from recommending and identifying Arizona's public lands as wilderness areas with express congressional consent; ; which was referred to the Committee on Natural Resources. 273. Also, a memorial of the Legislature of the State of Arizona, relative to House Concurrent Memorial 2009, urging the United States Congress to direct the American Legion to expand its membership eligibility; which was referred to the Committee on the Judiciary. 274. Also, a memorial of the Legislature of the State of Arizona, relative to Senate Concurrent Memorial 1008, urging the Congress of the United States to enact the Regulatory Integrity Protection Act; which was referred to the Committee on Transportation and Infrastructure. 275. Also, a memorial of the Legislature of the State of Arizona, relative to Senate Concurrent Memorial 1006, urging the United States Congress to act to increase the number of United States Customs and Boarder Protection personnel at the ports of entry in Arizona; which was referred to the Committee on Homeland Security. 276. Also, a memorial of the Legislature of the State of Arizona, relative to Senate Concurrent Memorial 1011, urging the Congress of the United States to enact the Resilient Federal Forests Act; which was referred jointly to the Committees on Agriculture and Natural Resources. 277. Also, a memorial of the Legislature of the State of Arizona, relative to Senate Concurrent Memorial 1012, urging the United States Congress to direct the appropriate federal agencies to secure the borders of the United States; which was referred jointly to the Committees on the Judiciary and Homeland Security. 278. Also, a memorial of the House of Representatives of the State of Louisiana, relative to House Resolution No. 219, urging the United States Congress to take such actions as are necessary to reimburse the state of Louisiana for the state dollars expended annually to provide essential services including but not limited to education, welfare, medical, law enforcement, and incarceration of illegal immigrants; which was referred jointly to the Committees on the Judiciary and Education and the Workforce. 279. Also, a memorial of the Legislature of the State of Arizona, relative to House Concurrent Memorial 2006, urging the United States Congress to adopt legislation similar to the Toxic Exposure Research Act of 2015; which was referred jointly to the Committees on Veterans' Affairs and Armed Services. 280. Also, a memorial of the Legislature of the State of Arizona, relative to Senate Concurrent Memorial 1015, urging the United States Congress to enact the Stopping EPA Overreach Act; which was referred jointly to the Committees on Energy and Commerce, Natural Resources, Transportation and Infrastructure, and Agriculture. ____________________",https://api.govinfo.gov/related/CREC-2016-07-01-pt1-PgH4192,CREC,Proceedings of Congress and General Congressional Publications,2025-03-07T17:30:08Z,Congressional Record,package_114_291.csv,5423,0,5423,"[congressional record volume 162, number 106 (friday, july 1, 2016)] [house] [page h4192] from the congressional record online through the government publishing office [ www.gpo.gov ] memorials under clause 3 of rule xii, memorials were presented and referred as follows: 265. the speaker presented a memorial of the legislature of the state of arizona, relative to senate concurrent memorial 1017, urging the congress of the united states to enact the dine college act of 2015; which was referred to the committee on education and the workforce. 266. also, a memorial of the legislature of the state of arizona, relative to senate concurrent memorial 1007, urging the united states environmental protection agency to reinstate the previous ozone concentration standard of 75 parts per billion; which was referred to the committee on energy and commerce. 267. also, a memorial of the legislature of the state of arizona, relative to senate concurrent memorial 1016, urging the united states congress to oppose the implementation of certain rules for existing electric utility generating units; which was referred to the committee on energy and commerce. 268. also, a memorial of the legislature of the state of arizona, relative to house concurrent memorial 2010, urging the president, secretary of state and congress of the united states to secure the safe release of robert levinson from iran; which was referred to the committee on foreign affairs. 269. also, a memorial of the legislature of the state of arizona, relative to senate memorial 1001, urging the members of the united states congress from the state of arizona to officially recognize the persecution of christians and other religious minorities in the middle east as genocide; which was referred to the committee on foreign affairs. 270. also, a memorial of the legislature of the state of arizona, relative to senate concurrent memorial 1013, urging the united states congress to take action to prevent the united state from entering into the united nations arms trade treaty or other similar treaties; which was referred to the committee on foreign affairs. 271. also, a memorial of the legislature of the state of arizona, relative to senate concurrent memorial 1009, urging the united states congress to protest and take action to fully restore the tucson postal processing and distribution center; which was referred to the committee on oversight and government reform. 272. also, a memorial of the legislature of the state of arizona, relative to senate concurrent memorial 1014, urging the congress of the united states to act to prohibit federal agencies from recommending and identifying arizona's public lands as wilderness areas with express congressional consent; ; which was referred to the committee on natural resources. 273. also, a memorial of the legislature of the state of arizona, relative to house concurrent memorial 2009, urging the united states congress to direct the american legion to expand its membership eligibility; which was referred to the committee on the judiciary. 274. also, a memorial of the legislature of the state of arizona, relative to senate concurrent memorial 1008, urging the congress of the united states to enact the regulatory integrity protection act; which was referred to the committee on transportation and infrastructure. 275. also, a memorial of the legislature of the state of arizona, relative to senate concurrent memorial 1006, urging the united states congress to act to increase the number of united states customs and boarder protection personnel at the ports of entry in arizona; which was referred to the committee on homeland security. 276. also, a memorial of the legislature of the state of arizona, relative to senate concurrent memorial 1011, urging the congress of the united states to enact the resilient federal forests act; which was referred jointly to the committees on agriculture and natural resources. 277. also, a memorial of the legislature of the state of arizona, relative to senate concurrent memorial 1012, urging the united states congress to direct the appropriate federal agencies to secure the borders of the united states; which was referred jointly to the committees on the judiciary and homeland security. 278. also, a memorial of the house of representatives of the state of louisiana, relative to house resolution no. 219, urging the united states congress to take such actions as are necessary to reimburse the state of louisiana for the state dollars expended annually to provide essential services including but not limited to education, welfare, medical, law enforcement, and incarceration of illegal immigrants; which was referred jointly to the committees on the judiciary and education and the workforce. 279. also, a memorial of the legislature of the state of arizona, relative to house concurrent memorial 2006, urging the united states congress to adopt legislation similar to the toxic exposure research act of 2015; which was referred jointly to the committees on veterans' affairs and armed services. 280. also, a memorial of the legislature of the state of arizona, relative to senate concurrent memorial 1015, urging the united states congress to enact the stopping epa overreach act; which was referred jointly to the committees on energy and commerce, natural resources, transportation and infrastructure, and agriculture. ____________________",5423
CREC-2016-07-01-pt1-PgH4192-3,CREC-2016-07-01,2016-07-01,Constitutional Authority Statement for H.R. 5611,CREC,HOUSE,H,H,1,https://www.govinfo.gov/app/details/CREC-2016-07-01/CREC-2016-07-01-pt1-PgH4192-3,https://api.govinfo.gov/packages/CREC-2016-07-01/granules/CREC-2016-07-01-pt1-PgH4192-3/htm,https://api.govinfo.gov/packages/CREC-2016-07-01/granules/CREC-2016-07-01-pt1-PgH4192-3/pdf,https://api.govinfo.gov/packages/CREC-2016-07-01/summary,"[Congressional Record Volume 162, Number 106 (Friday, July 1, 2016)] [House] [Page H4192] From the Congressional Record Online through the Government Publishing Office [ www.gpo.gov ] By Mr. McCARTHY: H.R. 5611. Congress has the power to enact this legislation pursuant to the following: Article I, Section 8, Clause 18--To make all Laws which shall be necessary and proper for carrying into Execution the foregoing Powers, and all other Powers vested by this Constitution in the Government of the United States, or in any Department or Officer thereof.",,"[Congressional Record Volume 162, Number 106 (Friday, July 1, 2016)] [House] [Page H4192] From the Congressional Record Online through the Government Publishing Office [ www.gpo.gov ] By Mr. McCARTHY: H.R. 5611. Congress has the power to enact this legislation pursuant to the following: Article I, Section 8, Clause 18--To make all Laws which shall be necessary and proper for carrying into Execution the foregoing Powers, and all other Powers vested by this Constitution in the Government of the United States, or in any Department or Officer thereof.",https://api.govinfo.gov/related/CREC-2016-07-01-pt1-PgH4192-3,CREC,Proceedings of Congress and General Congressional Publications,2025-03-07T17:30:08Z,Congressional Record,package_114_291.csv,553,0,553,"[congressional record volume 162, number 106 (friday, july 1, 2016)] [house] [page h4192] from the congressional record online through the government publishing office [ www.gpo.gov ] by mr. mccarthy: h.r. 5611. congress has the power to enact this legislation pursuant to the following: article i, section 8, clause 18--to make all laws which shall be necessary and proper for carrying into execution the foregoing powers, and all other powers vested by this constitution in the government of the united states, or in any department or officer thereof.",553
CREC-2016-07-01-pt1-PgH4192-2,CREC-2016-07-01,2016-07-01,Constitutional Authority Statement,CREC,HOUSE,H,H,1,https://www.govinfo.gov/app/details/CREC-2016-07-01/CREC-2016-07-01-pt1-PgH4192-2,https://api.govinfo.gov/packages/CREC-2016-07-01/granules/CREC-2016-07-01-pt1-PgH4192-2/htm,https://api.govinfo.gov/packages/CREC-2016-07-01/granules/CREC-2016-07-01-pt1-PgH4192-2/pdf,https://api.govinfo.gov/packages/CREC-2016-07-01/summary,"[Congressional Record Volume 162, Number 106 (Friday, July 1, 2016)] [House] [Page H4192] From the Congressional Record Online through the Government Publishing Office [ www.gpo.gov ] CONSTITUTIONAL AUTHORITY STATEMENT Pursuant to clause 7 of rule XII of the Rules of the House of Representatives, the following statements are submitted regarding the specific powers granted to Congress in the Constitution to enact the accompanying bill or joint resolution.",,"[Congressional Record Volume 162, Number 106 (Friday, July 1, 2016)] [House] [Page H4192] From the Congressional Record Online through the Government Publishing Office [ www.gpo.gov ] CONSTITUTIONAL AUTHORITY STATEMENT Pursuant to clause 7 of rule XII of the Rules of the House of Representatives, the following statements are submitted regarding the specific powers granted to Congress in the Constitution to enact the accompanying bill or joint resolution.",https://api.govinfo.gov/related/CREC-2016-07-01-pt1-PgH4192-2,CREC,Proceedings of Congress and General Congressional Publications,2025-03-07T17:30:08Z,Congressional Record,package_114_291.csv,458,0,458,"[congressional record volume 162, number 106 (friday, july 1, 2016)] [house] [page h4192] from the congressional record online through the government publishing office [ www.gpo.gov ] constitutional authority statement pursuant to clause 7 of rule xii of the rules of the house of representatives, the following statements are submitted regarding the specific powers granted to congress in the constitution to enact the accompanying bill or joint resolution.",458
CREC-2016-07-01-pt1-PgH4192-6,CREC-2016-07-01,2016-07-01,Constitutional Authority Statement for H.R. 5614,CREC,HOUSE,H,H,1,https://www.govinfo.gov/app/details/CREC-2016-07-01/CREC-2016-07-01-pt1-PgH4192-6,https://api.govinfo.gov/packages/CREC-2016-07-01/granules/CREC-2016-07-01-pt1-PgH4192-6/htm,https://api.govinfo.gov/packages/CREC-2016-07-01/granules/CREC-2016-07-01-pt1-PgH4192-6/pdf,https://api.govinfo.gov/packages/CREC-2016-07-01/summary,,,,https://api.govinfo.gov/related/CREC-2016-07-01-pt1-PgH4192-6,CREC,Proceedings of Congress and General Congressional Publications,2025-03-07T17:30:08Z,Congressional Record,package_114_291.csv,0,0,0,,0
CREC-2016-07-01-pt1-PgH4192-4,CREC-2016-07-01,2016-07-01,Constitutional Authority Statement for H.R. 5612,CREC,HOUSE,H,H,1,https://www.govinfo.gov/app/details/CREC-2016-07-01/CREC-2016-07-01-pt1-PgH4192-4,https://api.govinfo.gov/packages/CREC-2016-07-01/granules/CREC-2016-07-01-pt1-PgH4192-4/htm,https://api.govinfo.gov/packages/CREC-2016-07-01/granules/CREC-2016-07-01-pt1-PgH4192-4/pdf,https://api.govinfo.gov/packages/CREC-2016-07-01/summary,"[Congressional Record Volume 162, Number 106 (Friday, July 1, 2016)] [House] [Page H4192] From the Congressional Record Online through the Government Publishing Office [ www.gpo.gov ] By Mr. TOM PRICE of Georgia: H.R. 5612. Congress has the power to enact this legislation pursuant to the following: Article 1, Section 8, Clause 7, ``The Congress shall have Power to . . . Establish Post Offices and post Roads . . .'' In the Constitution, the power possessed by Congress embraces the regulation of the Postal System in the country. Therefore, the proposed legislation in naming a post office would fall under the powers granted to Congress in the Constitution.",,"[Congressional Record Volume 162, Number 106 (Friday, July 1, 2016)] [House] [Page H4192] From the Congressional Record Online through the Government Publishing Office [ www.gpo.gov ] By Mr. TOM PRICE of Georgia: H.R. 5612. Congress has the power to enact this legislation pursuant to the following: Article 1, Section 8, Clause 7, ``The Congress shall have Power to . . . Establish Post Offices and post Roads . . .'' In the Constitution, the power possessed by Congress embraces the regulation of the Postal System in the country. Therefore, the proposed legislation in naming a post office would fall under the powers granted to Congress in the Constitution.",https://api.govinfo.gov/related/CREC-2016-07-01-pt1-PgH4192-4,CREC,Proceedings of Congress and General Congressional Publications,2025-03-07T17:30:08Z,Congressional Record,package_114_291.csv,661,0,661,"[congressional record volume 162, number 106 (friday, july 1, 2016)] [house] [page h4192] from the congressional record online through the government publishing office [ www.gpo.gov ] by mr. tom price of georgia: h.r. 5612. congress has the power to enact this legislation pursuant to the following: article 1, section 8, clause 7, ``the congress shall have power to . . . establish post offices and post roads . . .'' in the constitution, the power possessed by congress embraces the regulation of the postal system in the country. therefore, the proposed legislation in naming a post office would fall under the powers granted to congress in the constitution.",661
CREC-2016-07-01-pt1-PgH4192-7,CREC-2016-07-01,2016-07-01,Constitutional Authority Statement for H.R. 5615,CREC,HOUSE,H,H,1,https://www.govinfo.gov/app/details/CREC-2016-07-01/CREC-2016-07-01-pt1-PgH4192-7,https://api.govinfo.gov/packages/CREC-2016-07-01/granules/CREC-2016-07-01-pt1-PgH4192-7/htm,https://api.govinfo.gov/packages/CREC-2016-07-01/granules/CREC-2016-07-01-pt1-PgH4192-7/pdf,https://api.govinfo.gov/packages/CREC-2016-07-01/summary,"[Congressional Record Volume 162, Number 106 (Friday, July 1, 2016)] [House] [Page H4192] From the Congressional Record Online through the Government Publishing Office [ www.gpo.gov ] By Mr. GRAYSON: H.R. 5615. Congress has the power to enact this legislation pursuant to the following: Article 1--Section 8--Clause 3",,"[Congressional Record Volume 162, Number 106 (Friday, July 1, 2016)] [House] [Page H4192] From the Congressional Record Online through the Government Publishing Office [ www.gpo.gov ] By Mr. GRAYSON: H.R. 5615. Congress has the power to enact this legislation pursuant to the following: Article 1--Section 8--Clause 3",https://api.govinfo.gov/related/CREC-2016-07-01-pt1-PgH4192-7,CREC,Proceedings of Congress and General Congressional Publications,2025-03-07T17:30:08Z,Congressional Record,package_114_291.csv,317,0,317,"[congressional record volume 162, number 106 (friday, july 1, 2016)] [house] [page h4192] from the congressional record online through the government publishing office [ www.gpo.gov ] by mr. grayson: h.r. 5615. congress has the power to enact this legislation pursuant to the following: article 1--section 8--clause 3",317
CREC-2016-07-01-pt1-PgH4192-9,CREC-2016-07-01,2016-07-01,Constitutional Authority Statement for H.R. 5617,CREC,HOUSE,H,H,1,https://www.govinfo.gov/app/details/CREC-2016-07-01/CREC-2016-07-01-pt1-PgH4192-9,https://api.govinfo.gov/packages/CREC-2016-07-01/granules/CREC-2016-07-01-pt1-PgH4192-9/htm,https://api.govinfo.gov/packages/CREC-2016-07-01/granules/CREC-2016-07-01-pt1-PgH4192-9/pdf,https://api.govinfo.gov/packages/CREC-2016-07-01/summary,"[Congressional Record Volume 162, Number 106 (Friday, July 1, 2016)] [House] [Page H4192] From the Congressional Record Online through the Government Publishing Office [ www.gpo.gov ] By Mr. POCAN: H.R. 5617. Congress has the power to enact this legislation pursuant to the following: Article I, Section 8, Clause 3 The Congress shall have Power . . . To regulate Commerce with foreign Nations, and among the several States, and with the Indian Tribes.",,"[Congressional Record Volume 162, Number 106 (Friday, July 1, 2016)] [House] [Page H4192] From the Congressional Record Online through the Government Publishing Office [ www.gpo.gov ] By Mr. POCAN: H.R. 5617. Congress has the power to enact this legislation pursuant to the following: Article I, Section 8, Clause 3 The Congress shall have Power . . . To regulate Commerce with foreign Nations, and among the several States, and with the Indian Tribes.",https://api.govinfo.gov/related/CREC-2016-07-01-pt1-PgH4192-9,CREC,Proceedings of Congress and General Congressional Publications,2025-03-07T17:30:08Z,Congressional Record,package_114_291.csv,452,0,452,"[congressional record volume 162, number 106 (friday, july 1, 2016)] [house] [page h4192] from the congressional record online through the government publishing office [ www.gpo.gov ] by mr. pocan: h.r. 5617. congress has the power to enact this legislation pursuant to the following: article i, section 8, clause 3 the congress shall have power . . . to regulate commerce with foreign nations, and among the several states, and with the indian tribes.",452
CREC-2016-07-01-pt1-PgH4192-8,CREC-2016-07-01,2016-07-01,Constitutional Authority Statement for H.R. 5616,CREC,HOUSE,H,H,1,https://www.govinfo.gov/app/details/CREC-2016-07-01/CREC-2016-07-01-pt1-PgH4192-8,https://api.govinfo.gov/packages/CREC-2016-07-01/granules/CREC-2016-07-01-pt1-PgH4192-8/htm,https://api.govinfo.gov/packages/CREC-2016-07-01/granules/CREC-2016-07-01-pt1-PgH4192-8/pdf,https://api.govinfo.gov/packages/CREC-2016-07-01/summary,"[Congressional Record Volume 162, Number 106 (Friday, July 1, 2016)] [House] [Page H4192] From the Congressional Record Online through the Government Publishing Office [ www.gpo.gov ] By Mr. NUNES: H.R. 5616. Congress has the power to enact this legislation pursuant to the following: Clause 1 of section 8 of article I of the Constitution of the United States.",,"[Congressional Record Volume 162, Number 106 (Friday, July 1, 2016)] [House] [Page H4192] From the Congressional Record Online through the Government Publishing Office [ www.gpo.gov ] By Mr. NUNES: H.R. 5616. Congress has the power to enact this legislation pursuant to the following: Clause 1 of section 8 of article I of the Constitution of the United States.",https://api.govinfo.gov/related/CREC-2016-07-01-pt1-PgH4192-8,CREC,Proceedings of Congress and General Congressional Publications,2025-03-07T17:30:08Z,Congressional Record,package_114_291.csv,361,0,361,"[congressional record volume 162, number 106 (friday, july 1, 2016)] [house] [page h4192] from the congressional record online through the government publishing office [ www.gpo.gov ] by mr. nunes: h.r. 5616. congress has the power to enact this legislation pursuant to the following: clause 1 of section 8 of article i of the constitution of the united states.",361
CREC-2016-07-01-pt1-PgH4192-10,CREC-2016-07-01,2016-07-01,Constitutional Authority Statement for H.R. 5618,CREC,HOUSE,H,H,1,https://www.govinfo.gov/app/details/CREC-2016-07-01/CREC-2016-07-01-pt1-PgH4192-10,https://api.govinfo.gov/packages/CREC-2016-07-01/granules/CREC-2016-07-01-pt1-PgH4192-10/htm,https://api.govinfo.gov/packages/CREC-2016-07-01/granules/CREC-2016-07-01-pt1-PgH4192-10/pdf,https://api.govinfo.gov/packages/CREC-2016-07-01/summary,"[Congressional Record Volume 162, Number 106 (Friday, July 1, 2016)] [House] [Page H4192] From the Congressional Record Online through the Government Publishing Office [ www.gpo.gov ] By Mr. TROTT: H.R. 5618. Congress has the power to enact this legislation pursuant to the following: Article I, Section 8. ____________________",,"[Congressional Record Volume 162, Number 106 (Friday, July 1, 2016)] [House] [Page H4192] From the Congressional Record Online through the Government Publishing Office [ www.gpo.gov ] By Mr. TROTT: H.R. 5618. Congress has the power to enact this legislation pursuant to the following: Article I, Section 8. ____________________",https://api.govinfo.gov/related/CREC-2016-07-01-pt1-PgH4192-10,CREC,Proceedings of Congress and General Congressional Publications,2025-03-07T17:30:08Z,Congressional Record,package_114_291.csv,327,0,327,"[congressional record volume 162, number 106 (friday, july 1, 2016)] [house] [page h4192] from the congressional record online through the government publishing office [ www.gpo.gov ] by mr. trott: h.r. 5618. congress has the power to enact this legislation pursuant to the following: article i, section 8. ____________________",327
CREC-2016-07-01-pt1-PgH4192-11,CREC-2016-07-01,2016-07-01,ADDITIONAL SPONSORS,CREC,HOUSE,H,H,1,https://www.govinfo.gov/app/details/CREC-2016-07-01/CREC-2016-07-01-pt1-PgH4192-11,https://api.govinfo.gov/packages/CREC-2016-07-01/granules/CREC-2016-07-01-pt1-PgH4192-11/htm,https://api.govinfo.gov/packages/CREC-2016-07-01/granules/CREC-2016-07-01-pt1-PgH4192-11/pdf,https://api.govinfo.gov/packages/CREC-2016-07-01/summary,"[Congressional Record Volume 162, Number 106 (Friday, July 1, 2016)] [House] [Pages H4192-H4193] From the Congressional Record Online through the Government Publishing Office [ www.gpo.gov ] ADDITIONAL SPONSORS Under clause 7 of rule XII, sponsors were added to public bills and resolutions, as follows: H.R. 239: Ms. Bass. H.R. 589: Mr. Webster of Florida. H.R. 711: Mr. Young of Alaska. H.R. 835: Mr. Veasey. H.R. 1151: Mr. Joyce. H.R. 1312: Ms. Michelle Lujan Grisham of New Mexico. H.R. 1439: Mr. Sarbanes and Mr. Vargas. H.R. 1926: Mr. Michael F. Doyle of Pennsylvania. H.R. 2096: Mr. Knight. [[Page H4193]] H.R. 2170: Mr. Upton and Ms. Kaptur. H.R. 2197: Mr. Vargas. H.R. 2948: Mr. Brendan F. Boyle of Pennsylvania. H.R. 2962: Mr. Johnson of Georgia, Mr. Cardenas, Ms. Schakowsky, and Mr. Thompson of Mississippi. H.R. 3071: Mr. Capuano. H.R. 3323: Ms. Michelle Lujan Grisham of New Mexico. H.R. 3337: Mrs. Kirkpatrick and Mr. Rush. H.R. 3477: Mr. Huffman. H.R. 3765: Mr. Tiberi, Mr. Brooks of Alabama, Mr. Rogers of Kentucky, and Mr. Trott. H.R. 3870: Ms. Kaptur and Mrs. Lawrence. H.R. 4151: Mr. Meehan. H.R. 4237: Mr. Knight, Mr. Hultgren, Mr. Messer, Ms. McSally, and Ms. Stefanik. H.R. 4247: Mr. Aguilar. H.R. 4365: Mr. Guthrie. H.R. 4394: Mrs. Capps. H.R. 4499: Ms. Slaughter. H.R. 5095: Mrs. Napolitano. H.R. 5131: Mr. Smith of Washington. H.R. 5195: Ms. Brown of Florida, Mrs. Dingell, Mr. Bishop of Georgia, Mr. Ellison, Mrs. Carolyn B. Maloney of New York, Mr. Cicilline, Mr. Loebsack, and Mr. Conyers. H.R. 5232: Mr. Conyers. H.R. 5279: Ms. Lee. H.R. 5292: Mrs. Davis of California, Mr. Yoder, Ms. Sewell of Alabama, Mr. Cooper, Mr. Turner, and Mr. Amodei. H.R. 5356: Mr. Doggett. H.R. 5373: Mr. Levin and Ms. Jackson Lee. H.R. 5418: Mr. Bridenstine, Mr. Barton, and Mr. Grothman. H.R. 5470: Mr. Conyers, Mr. McNerney, and Mr. Keating. H.R. 5474: Mr. Gutierrez and Mrs. Lawrence. H.R. 5488: Mr. Tonko, Mr. Al Green of Texas, Mr. Jeffries, Mr. McNerney, Mr. Foster, and Ms. Brown of Florida. H.R. 5578: Mr. Issa. H. Res. 112: Mr. Harper and Mrs. Davis of California. H. Res. 210: Mr. Lamborn. ____________________",,"[Congressional Record Volume 162, Number 106 (Friday, July 1, 2016)] [House] [Pages H4192-H4193] From the Congressional Record Online through the Government Publishing Office [ www.gpo.gov ] ADDITIONAL SPONSORS Under clause 7 of rule XII, sponsors were added to public bills and resolutions, as follows: H.R. 239: Ms. Bass. H.R. 589: Mr. Webster of Florida. H.R. 711: Mr. Young of Alaska. H.R. 835: Mr. Veasey. H.R. 1151: Mr. Joyce. H.R. 1312: Ms. Michelle Lujan Grisham of New Mexico. H.R. 1439: Mr. Sarbanes and Mr. Vargas. H.R. 1926: Mr. Michael F. Doyle of Pennsylvania. H.R. 2096: Mr. Knight. [[Page H4193]] H.R. 2170: Mr. Upton and Ms. Kaptur. H.R. 2197: Mr. Vargas. H.R. 2948: Mr. Brendan F. Boyle of Pennsylvania. H.R. 2962: Mr. Johnson of Georgia, Mr. Cardenas, Ms. Schakowsky, and Mr. Thompson of Mississippi. H.R. 3071: Mr. Capuano. H.R. 3323: Ms. Michelle Lujan Grisham of New Mexico. H.R. 3337: Mrs. Kirkpatrick and Mr. Rush. H.R. 3477: Mr. Huffman. H.R. 3765: Mr. Tiberi, Mr. Brooks of Alabama, Mr. Rogers of Kentucky, and Mr. Trott. H.R. 3870: Ms. Kaptur and Mrs. Lawrence. H.R. 4151: Mr. Meehan. H.R. 4237: Mr. Knight, Mr. Hultgren, Mr. Messer, Ms. McSally, and Ms. Stefanik. H.R. 4247: Mr. Aguilar. H.R. 4365: Mr. Guthrie. H.R. 4394: Mrs. Capps. H.R. 4499: Ms. Slaughter. H.R. 5095: Mrs. Napolitano. H.R. 5131: Mr. Smith of Washington. H.R. 5195: Ms. Brown of Florida, Mrs. Dingell, Mr. Bishop of Georgia, Mr. Ellison, Mrs. Carolyn B. Maloney of New York, Mr. Cicilline, Mr. Loebsack, and Mr. Conyers. H.R. 5232: Mr. Conyers. H.R. 5279: Ms. Lee. H.R. 5292: Mrs. Davis of California, Mr. Yoder, Ms. Sewell of Alabama, Mr. Cooper, Mr. Turner, and Mr. Amodei. H.R. 5356: Mr. Doggett. H.R. 5373: Mr. Levin and Ms. Jackson Lee. H.R. 5418: Mr. Bridenstine, Mr. Barton, and Mr. Grothman. H.R. 5470: Mr. Conyers, Mr. McNerney, and Mr. Keating. H.R. 5474: Mr. Gutierrez and Mrs. Lawrence. H.R. 5488: Mr. Tonko, Mr. Al Green of Texas, Mr. Jeffries, Mr. McNerney, Mr. Foster, and Ms. Brown of Florida. H.R. 5578: Mr. Issa. H. Res. 112: Mr. Harper and Mrs. Davis of California. H. Res. 210: Mr. Lamborn. ____________________",https://api.govinfo.gov/related/CREC-2016-07-01-pt1-PgH4192-11,CREC,Proceedings of Congress and General Congressional Publications,2025-03-07T17:30:08Z,Congressional Record,package_114_291.csv,2129,0,2129,"[congressional record volume 162, number 106 (friday, july 1, 2016)] [house] [pages h4192-h4193] from the congressional record online through the government publishing office [ www.gpo.gov ] additional sponsors under clause 7 of rule xii, sponsors were added to public bills and resolutions, as follows: h.r. 239: ms. bass. h.r. 589: mr. webster of florida. h.r. 711: mr. young of alaska. h.r. 835: mr. veasey. h.r. 1151: mr. joyce. h.r. 1312: ms. michelle lujan grisham of new mexico. h.r. 1439: mr. sarbanes and mr. vargas. h.r. 1926: mr. michael f. doyle of pennsylvania. h.r. 2096: mr. knight. [[page h4193]] h.r. 2170: mr. upton and ms. kaptur. h.r. 2197: mr. vargas. h.r. 2948: mr. brendan f. boyle of pennsylvania. h.r. 2962: mr. johnson of georgia, mr. cardenas, ms. schakowsky, and mr. thompson of mississippi. h.r. 3071: mr. capuano. h.r. 3323: ms. michelle lujan grisham of new mexico. h.r. 3337: mrs. kirkpatrick and mr. rush. h.r. 3477: mr. huffman. h.r. 3765: mr. tiberi, mr. brooks of alabama, mr. rogers of kentucky, and mr. trott. h.r. 3870: ms. kaptur and mrs. lawrence. h.r. 4151: mr. meehan. h.r. 4237: mr. knight, mr. hultgren, mr. messer, ms. mcsally, and ms. stefanik. h.r. 4247: mr. aguilar. h.r. 4365: mr. guthrie. h.r. 4394: mrs. capps. h.r. 4499: ms. slaughter. h.r. 5095: mrs. napolitano. h.r. 5131: mr. smith of washington. h.r. 5195: ms. brown of florida, mrs. dingell, mr. bishop of georgia, mr. ellison, mrs. carolyn b. maloney of new york, mr. cicilline, mr. loebsack, and mr. conyers. h.r. 5232: mr. conyers. h.r. 5279: ms. lee. h.r. 5292: mrs. davis of california, mr. yoder, ms. sewell of alabama, mr. cooper, mr. turner, and mr. amodei. h.r. 5356: mr. doggett. h.r. 5373: mr. levin and ms. jackson lee. h.r. 5418: mr. bridenstine, mr. barton, and mr. grothman. h.r. 5470: mr. conyers, mr. mcnerney, and mr. keating. h.r. 5474: mr. gutierrez and mrs. lawrence. h.r. 5488: mr. tonko, mr. al green of texas, mr. jeffries, mr. mcnerney, mr. foster, and ms. brown of florida. h.r. 5578: mr. issa. h. res. 112: mr. harper and mrs. davis of california. h. res. 210: mr. lamborn. ____________________",2129
CREC-2016-07-01-pt1-PgS-FrontMatter-2,CREC-2016-07-01,2016-07-01,Senate,CREC,SENATE,S,S,1,https://www.govinfo.gov/app/details/CREC-2016-07-01/CREC-2016-07-01-pt1-PgS-FrontMatter-2,https://api.govinfo.gov/packages/CREC-2016-07-01/granules/CREC-2016-07-01-pt1-PgS-FrontMatter-2/htm,https://api.govinfo.gov/packages/CREC-2016-07-01/granules/CREC-2016-07-01-pt1-PgS-FrontMatter-2/pdf,https://api.govinfo.gov/packages/CREC-2016-07-01/summary,"[Congressional Record Volume 162, Number 106 (Friday, July 1, 2016)] [Senate] [Page S4773] From the Congressional Record Online through the Government Publishing Office [ www.gpo.gov ] S E N A T E Vol. 162 WASHINGTON, FRIDAY, JULY 1, 2016 No. 106",,"[Congressional Record Volume 162, Number 106 (Friday, July 1, 2016)] [Senate] [Page S4773] From the Congressional Record Online through the Government Publishing Office [ www.gpo.gov ] S E N A T E Vol. 162 WASHINGTON, FRIDAY, JULY 1, 2016 No. 106",https://api.govinfo.gov/related/CREC-2016-07-01-pt1-PgS-FrontMatter-2,CREC,Proceedings of Congress and General Congressional Publications,2025-03-07T17:30:08Z,Congressional Record,package_114_291.csv,246,0,246,"[congressional record volume 162, number 106 (friday, july 1, 2016)] [senate] [page s4773] from the congressional record online through the government publishing office [ www.gpo.gov ] s e n a t e vol. 162 washington, friday, july 1, 2016 no. 106",246
CREC-2016-07-01-pt1-PgH4192-5,CREC-2016-07-01,2016-07-01,Constitutional Authority Statement for H.R. 5613,CREC,HOUSE,H,H,1,https://www.govinfo.gov/app/details/CREC-2016-07-01/CREC-2016-07-01-pt1-PgH4192-5,https://api.govinfo.gov/packages/CREC-2016-07-01/granules/CREC-2016-07-01-pt1-PgH4192-5/htm,https://api.govinfo.gov/packages/CREC-2016-07-01/granules/CREC-2016-07-01-pt1-PgH4192-5/pdf,https://api.govinfo.gov/packages/CREC-2016-07-01/summary,"[Congressional Record Volume 162, Number 106 (Friday, July 1, 2016)] [House] [Page H4192] From the Congressional Record Online through the Government Publishing Office [ www.gpo.gov ] By Ms. JENKINS of Kansas: H.R. 5613. Congress has the power to enact this legislation pursuant to the following: Article I, Section 8: The Congress shall have Power To lay and collect Taxes, Duties, Imposts and Excises, to pay the Debts and provide for the common Defense and general Welfare of the United States.",,"[Congressional Record Volume 162, Number 106 (Friday, July 1, 2016)] [House] [Page H4192] From the Congressional Record Online through the Government Publishing Office [ www.gpo.gov ] By Ms. JENKINS of Kansas: H.R. 5613. Congress has the power to enact this legislation pursuant to the following: Article I, Section 8: The Congress shall have Power To lay and collect Taxes, Duties, Imposts and Excises, to pay the Debts and provide for the common Defense and general Welfare of the United States.",https://api.govinfo.gov/related/CREC-2016-07-01-pt1-PgH4192-5,CREC,Proceedings of Congress and General Congressional Publications,2025-03-07T17:30:08Z,Congressional Record,package_114_291.csv,497,0,497,"[congressional record volume 162, number 106 (friday, july 1, 2016)] [house] [page h4192] from the congressional record online through the government publishing office [ www.gpo.gov ] by ms. jenkins of kansas: h.r. 5613. congress has the power to enact this legislation pursuant to the following: article i, section 8: the congress shall have power to lay and collect taxes, duties, imposts and excises, to pay the debts and provide for the common defense and general welfare of the united states.",497
CREC-2016-07-01-pt1-PgS4773-2,CREC-2016-07-01,2016-07-01,APPOINTMENT OF ACTING PRESIDENT PRO TEMPORE,CREC,SENATE,S,S,1,https://www.govinfo.gov/app/details/CREC-2016-07-01/CREC-2016-07-01-pt1-PgS4773-2,https://api.govinfo.gov/packages/CREC-2016-07-01/granules/CREC-2016-07-01-pt1-PgS4773-2/htm,https://api.govinfo.gov/packages/CREC-2016-07-01/granules/CREC-2016-07-01-pt1-PgS4773-2/pdf,https://api.govinfo.gov/packages/CREC-2016-07-01/summary,"[Congressional Record Volume 162, Number 106 (Friday, July 1, 2016)] [Senate] [Page S4773] From the Congressional Record Online through the Government Publishing Office [ www.gpo.gov ] APPOINTMENT OF ACTING PRESIDENT PRO TEMPORE The PRESIDING OFFICER. The clerk will please read a communication to the Senate from the President pro tempore (Mr. Hatch). The legislative clerk read the following letter: U.S. Senate, President pro tempore, Washington, DC, July 1, 2016. To the Senate: Under the provisions of rule I, paragraph 3, of the Standing Rules of the Senate, I hereby appoint the Honorable Jeff Sessions, a Senator from the State of Alabama, to perform the duties of the Chair. Orrin G. Hatch, President pro tempore. Mr. SESSIONS thereupon assumed the Chair as Acting President pro tempore. ____________________",,"[Congressional Record Volume 162, Number 106 (Friday, July 1, 2016)] [Senate] [Page S4773] From the Congressional Record Online through the Government Publishing Office [ www.gpo.gov ] APPOINTMENT OF ACTING PRESIDENT PRO TEMPORE The PRESIDING OFFICER. The clerk will please read a communication to the Senate from the President pro tempore (Mr. Hatch). The legislative clerk read the following letter: U.S. Senate, President pro tempore, Washington, DC, July 1, 2016. To the Senate: Under the provisions of rule I, paragraph 3, of the Standing Rules of the Senate, I hereby appoint the Honorable Jeff Sessions, a Senator from the State of Alabama, to perform the duties of the Chair. Orrin G. Hatch, President pro tempore. Mr. SESSIONS thereupon assumed the Chair as Acting President pro tempore. ____________________",https://api.govinfo.gov/related/CREC-2016-07-01-pt1-PgS4773-2,CREC,Proceedings of Congress and General Congressional Publications,2025-03-07T17:30:08Z,Congressional Record,package_114_291.csv,817,0,817,"[congressional record volume 162, number 106 (friday, july 1, 2016)] [senate] [page s4773] from the congressional record online through the government publishing office [ www.gpo.gov ] appointment of acting president pro tempore the presiding officer. the clerk will please read a communication to the senate from the president pro tempore (mr. hatch). the legislative clerk read the following letter: u.s. senate, president pro tempore, washington, dc, july 1, 2016. to the senate: under the provisions of rule i, paragraph 3, of the standing rules of the senate, i hereby appoint the honorable jeff sessions, a senator from the state of alabama, to perform the duties of the chair. orrin g. hatch, president pro tempore. mr. sessions thereupon assumed the chair as acting president pro tempore. ____________________",817
CREC-2016-07-01-pt1-PgS4773-3,CREC-2016-07-01,2016-07-01,"ADJOURNMENT UNTIL TUESDAY, JULY 5, 2016, AT 9 A.M.",CREC,SENATE,S,S,1,https://www.govinfo.gov/app/details/CREC-2016-07-01/CREC-2016-07-01-pt1-PgS4773-3,https://api.govinfo.gov/packages/CREC-2016-07-01/granules/CREC-2016-07-01-pt1-PgS4773-3/htm,https://api.govinfo.gov/packages/CREC-2016-07-01/granules/CREC-2016-07-01-pt1-PgS4773-3/pdf,https://api.govinfo.gov/packages/CREC-2016-07-01/summary,"[Congressional Record Volume 162, Number 106 (Friday, July 1, 2016)] [Senate] [Page S4773] From the Congressional Record Online through the Government Publishing Office [ www.gpo.gov ] ADJOURNMENT UNTIL TUESDAY, JULY 5, 2016, AT 9 A.M. The ACTING PRESIDENT pro tempore. Under the previous order, the Senate stands adjourned until 9 a.m. on Tuesday, July 5, 2016. Thereupon, the Senate, at 9:30 and 39 seconds a.m., adjourned until Tuesday, July 5, 2016, at 9 a.m.",,"[Congressional Record Volume 162, Number 106 (Friday, July 1, 2016)] [Senate] [Page S4773] From the Congressional Record Online through the Government Publishing Office [ www.gpo.gov ] ADJOURNMENT UNTIL TUESDAY, JULY 5, 2016, AT 9 A.M. The ACTING PRESIDENT pro tempore. Under the previous order, the Senate stands adjourned until 9 a.m. on Tuesday, July 5, 2016. Thereupon, the Senate, at 9:30 and 39 seconds a.m., adjourned until Tuesday, July 5, 2016, at 9 a.m.",https://api.govinfo.gov/related/CREC-2016-07-01-pt1-PgS4773-3,CREC,Proceedings of Congress and General Congressional Publications,2025-03-07T17:30:08Z,Congressional Record,package_114_291.csv,463,0,463,"[congressional record volume 162, number 106 (friday, july 1, 2016)] [senate] [page s4773] from the congressional record online through the government publishing office [ www.gpo.gov ] adjournment until tuesday, july 5, 2016, at 9 a.m. the acting president pro tempore. under the previous order, the senate stands adjourned until 9 a.m. on tuesday, july 5, 2016. thereupon, the senate, at 9:30 and 39 seconds a.m., adjourned until tuesday, july 5, 2016, at 9 a.m.",463
CREC-2016-07-01-pt1-PgS4773,CREC-2016-07-01,2016-07-01,Senate,CREC,SENATE,S,S,1,https://www.govinfo.gov/app/details/CREC-2016-07-01/CREC-2016-07-01-pt1-PgS4773,https://api.govinfo.gov/packages/CREC-2016-07-01/granules/CREC-2016-07-01-pt1-PgS4773/htm,https://api.govinfo.gov/packages/CREC-2016-07-01/granules/CREC-2016-07-01-pt1-PgS4773/pdf,https://api.govinfo.gov/packages/CREC-2016-07-01/summary,"[Congressional Record Volume 162, Number 106 (Friday, July 1, 2016)] [Senate] [Page S4773] From the Congressional Record Online through the Government Publishing Office [ www.gpo.gov ] [[Page S4773]] Senate The Senate met at 9:30 and 2 seconds a.m. and was called to order by the Honorable Jeff Sessions, a Senator from the State of Alabama. ____________________",,"[Congressional Record Volume 162, Number 106 (Friday, July 1, 2016)] [Senate] [Page S4773] From the Congressional Record Online through the Government Publishing Office [ www.gpo.gov ] [[Page S4773]] Senate The Senate met at 9:30 and 2 seconds a.m. and was called to order by the Honorable Jeff Sessions, a Senator from the State of Alabama. ____________________",https://api.govinfo.gov/related/CREC-2016-07-01-pt1-PgS4773,CREC,Proceedings of Congress and General Congressional Publications,2025-03-07T17:30:08Z,Congressional Record,package_114_291.csv,362,0,362,"[congressional record volume 162, number 106 (friday, july 1, 2016)] [senate] [page s4773] from the congressional record online through the government publishing office [ www.gpo.gov ] [[page s4773]] senate the senate met at 9:30 and 2 seconds a.m. and was called to order by the honorable jeff sessions, a senator from the state of alabama. ____________________",362
CREC-2016-07-01-pt1-PgE1013-2,CREC-2016-07-01,2016-07-01,IN HONOR OF THE UNIVERSITY OF ARIZONA'S BIOSPHERE 2 RESEARCH FACILITY,CREC,EXTENSIONS,E,E,1,https://www.govinfo.gov/app/details/CREC-2016-07-01/CREC-2016-07-01-pt1-PgE1013-2,https://api.govinfo.gov/packages/CREC-2016-07-01/granules/CREC-2016-07-01-pt1-PgE1013-2/htm,https://api.govinfo.gov/packages/CREC-2016-07-01/granules/CREC-2016-07-01-pt1-PgE1013-2/pdf,https://api.govinfo.gov/packages/CREC-2016-07-01/summary,"[Congressional Record Volume 162, Number 106 (Friday, July 1, 2016)] [Extensions of Remarks] [Page E1013] From the Congressional Record Online through the Government Publishing Office [ www.gpo.gov ] IN HONOR OF THE UNIVERSITY OF ARIZONA'S BIOSPHERE 2 RESEARCH FACILITY ______ HON. PAUL A. GOSAR of arizona in the house of representatives Friday, July 1, 2016 Mr. GOSAR. Mr. Speaker, I rise today to honor the faculty and students of the University of Arizona for the work they do at Biosphere 2. Biosphere 2 was built in 1991. Its original purpose was to simulate different climates and biomes from around Earth and to see if it was possible to recreate the natural cycles of the earth inside a contained space. Their goal was to see if this type of habitat was sustainable and to ultimately use this technology for space colonization. Although the original experiments were unsuccessful, the investment in infrastructure continues to provide scientific value to this day. The University of Arizona has turned this science experiment of the 1990s into a first-class research facility with a myriad of uses. The fact that Biosphere 2 is completely separated from the rest of the environment has made it the perfect area to study some of the great challenges society faces today as they relate to the environment, water, and energy management. The work completed there has advanced mankind's understanding of environments, both natural and manmade, allowing the next generation of scientists to be better educated and trained in this field of study. The advancements in horticulture, water usage and environmental science as a result of their work are commendable. I urge them to continue pursuing their commitment to scientific excellence. ____________________",,"[Congressional Record Volume 162, Number 106 (Friday, July 1, 2016)] [Extensions of Remarks] [Page E1013] From the Congressional Record Online through the Government Publishing Office [ www.gpo.gov ] IN HONOR OF THE UNIVERSITY OF ARIZONA'S BIOSPHERE 2 RESEARCH FACILITY ______ HON. PAUL A. GOSAR of arizona in the house of representatives Friday, July 1, 2016 Mr. GOSAR. Mr. Speaker, I rise today to honor the faculty and students of the University of Arizona for the work they do at Biosphere 2. Biosphere 2 was built in 1991. Its original purpose was to simulate different climates and biomes from around Earth and to see if it was possible to recreate the natural cycles of the earth inside a contained space. Their goal was to see if this type of habitat was sustainable and to ultimately use this technology for space colonization. Although the original experiments were unsuccessful, the investment in infrastructure continues to provide scientific value to this day. The University of Arizona has turned this science experiment of the 1990s into a first-class research facility with a myriad of uses. The fact that Biosphere 2 is completely separated from the rest of the environment has made it the perfect area to study some of the great challenges society faces today as they relate to the environment, water, and energy management. The work completed there has advanced mankind's understanding of environments, both natural and manmade, allowing the next generation of scientists to be better educated and trained in this field of study. The advancements in horticulture, water usage and environmental science as a result of their work are commendable. I urge them to continue pursuing their commitment to scientific excellence. ____________________",https://api.govinfo.gov/related/CREC-2016-07-01-pt1-PgE1013-2,CREC,Proceedings of Congress and General Congressional Publications,2025-03-07T17:30:08Z,Congressional Record,package_114_291.csv,1760,0,1760,"[congressional record volume 162, number 106 (friday, july 1, 2016)] [extensions of remarks] [page e1013] from the congressional record online through the government publishing office [ www.gpo.gov ] in honor of the university of arizona's biosphere 2 research facility ______ hon. paul a. gosar of arizona in the house of representatives friday, july 1, 2016 mr. gosar. mr. speaker, i rise today to honor the faculty and students of the university of arizona for the work they do at biosphere 2. biosphere 2 was built in 1991. its original purpose was to simulate different climates and biomes from around earth and to see if it was possible to recreate the natural cycles of the earth inside a contained space. their goal was to see if this type of habitat was sustainable and to ultimately use this technology for space colonization. although the original experiments were unsuccessful, the investment in infrastructure continues to provide scientific value to this day. the university of arizona has turned this science experiment of the 1990s into a first-class research facility with a myriad of uses. the fact that biosphere 2 is completely separated from the rest of the environment has made it the perfect area to study some of the great challenges society faces today as they relate to the environment, water, and energy management. the work completed there has advanced mankind's understanding of environments, both natural and manmade, allowing the next generation of scientists to be better educated and trained in this field of study. the advancements in horticulture, water usage and environmental science as a result of their work are commendable. i urge them to continue pursuing their commitment to scientific excellence. ____________________",1760
CREC-2016-07-01-pt1-PgE1013-4,CREC-2016-07-01,2016-07-01,RETIREMENT OF ASSISTANT CHIEF EARL C. PAYSINGER FROM THE LOS ANGELES POLICE DEPARTMENT,CREC,EXTENSIONS,E,E,1,https://www.govinfo.gov/app/details/CREC-2016-07-01/CREC-2016-07-01-pt1-PgE1013-4,https://api.govinfo.gov/packages/CREC-2016-07-01/granules/CREC-2016-07-01-pt1-PgE1013-4/htm,https://api.govinfo.gov/packages/CREC-2016-07-01/granules/CREC-2016-07-01-pt1-PgE1013-4/pdf,https://api.govinfo.gov/packages/CREC-2016-07-01/summary,"[Congressional Record Volume 162, Number 106 (Friday, July 1, 2016)] [Extensions of Remarks] [Pages E1013-E1014] From the Congressional Record Online through the Government Publishing Office [ www.gpo.gov ] RETIREMENT OF ASSISTANT CHIEF EARL C. PAYSINGER FROM THE LOS ANGELES POLICE DEPARTMENT ______ HON. KAREN BASS of california in the house of representatives Friday, July 1, 2016 Ms. BASS. Mr. Speaker, I would like to make note of the retirement of Assistant Chief Earl C. Paysinger, who has served in the Los Angeles Police Department for over four decades. Appointed in 2006 as Director, Office of Operations, he oversaw the daily activities of over 7,000 sworn members of the Department, and previously served as Deputy Chief and Commanding Officer in Charge of Operations South Bureau. Assistant Chief Paysinger's career has included a focus on serving children and youth. He authored the Department's Youth First campaign and developed the LAPD Cadet Leadership Program, which has provided over 8,000 children with mentorship, resources and opportunities, and increased high school graduation rates for program participants. He also headed the ``Project Elementoring'' initiative that allowed newly appointed police officers to adopt and mentor a local elementary school. He enhanced the role of leadership teams in the twenty-one Area Community Relations Offices, including Senior Lead Officers, in engaging community residents and businesses. He received a Bachelor of Science degree in Criminal Justice from California State University, Long Beach, graduated from the Federal Bureau of Investigation Command College, and completed the West Point Leadership Command Development Program. For forty-one years, Assistant Chief Paysinger has worked to serve the people of the City and County of Los Angeles. I would like to salute him, and thank him for his service. [[Page E1014]] ____________________",,"[Congressional Record Volume 162, Number 106 (Friday, July 1, 2016)] [Extensions of Remarks] [Pages E1013-E1014] From the Congressional Record Online through the Government Publishing Office [ www.gpo.gov ] RETIREMENT OF ASSISTANT CHIEF EARL C. PAYSINGER FROM THE LOS ANGELES POLICE DEPARTMENT ______ HON. KAREN BASS of california in the house of representatives Friday, July 1, 2016 Ms. BASS. Mr. Speaker, I would like to make note of the retirement of Assistant Chief Earl C. Paysinger, who has served in the Los Angeles Police Department for over four decades. Appointed in 2006 as Director, Office of Operations, he oversaw the daily activities of over 7,000 sworn members of the Department, and previously served as Deputy Chief and Commanding Officer in Charge of Operations South Bureau. Assistant Chief Paysinger's career has included a focus on serving children and youth. He authored the Department's Youth First campaign and developed the LAPD Cadet Leadership Program, which has provided over 8,000 children with mentorship, resources and opportunities, and increased high school graduation rates for program participants. He also headed the ``Project Elementoring'' initiative that allowed newly appointed police officers to adopt and mentor a local elementary school. He enhanced the role of leadership teams in the twenty-one Area Community Relations Offices, including Senior Lead Officers, in engaging community residents and businesses. He received a Bachelor of Science degree in Criminal Justice from California State University, Long Beach, graduated from the Federal Bureau of Investigation Command College, and completed the West Point Leadership Command Development Program. For forty-one years, Assistant Chief Paysinger has worked to serve the people of the City and County of Los Angeles. I would like to salute him, and thank him for his service. [[Page E1014]] ____________________",https://api.govinfo.gov/related/CREC-2016-07-01-pt1-PgE1013-4,CREC,Proceedings of Congress and General Congressional Publications,2025-03-07T17:30:08Z,Congressional Record,package_114_291.csv,1910,0,1910,"[congressional record volume 162, number 106 (friday, july 1, 2016)] [extensions of remarks] [pages e1013-e1014] from the congressional record online through the government publishing office [ www.gpo.gov ] retirement of assistant chief earl c. paysinger from the los angeles police department ______ hon. karen bass of california in the house of representatives friday, july 1, 2016 ms. bass. mr. speaker, i would like to make note of the retirement of assistant chief earl c. paysinger, who has served in the los angeles police department for over four decades. appointed in 2006 as director, office of operations, he oversaw the daily activities of over 7,000 sworn members of the department, and previously served as deputy chief and commanding officer in charge of operations south bureau. assistant chief paysinger's career has included a focus on serving children and youth. he authored the department's youth first campaign and developed the lapd cadet leadership program, which has provided over 8,000 children with mentorship, resources and opportunities, and increased high school graduation rates for program participants. he also headed the ``project elementoring'' initiative that allowed newly appointed police officers to adopt and mentor a local elementary school. he enhanced the role of leadership teams in the twenty-one area community relations offices, including senior lead officers, in engaging community residents and businesses. he received a bachelor of science degree in criminal justice from california state university, long beach, graduated from the federal bureau of investigation command college, and completed the west point leadership command development program. for forty-one years, assistant chief paysinger has worked to serve the people of the city and county of los angeles. i would like to salute him, and thank him for his service. [[page e1014]] ____________________",1910
CREC-2016-07-01-pt1-PgE1013-3,CREC-2016-07-01,2016-07-01,COMMEMORATING THE 52ND ANNIVERSARY OF THE CIVIL RIGHTS ACT OF 1964,CREC,EXTENSIONS,E,E,1,https://www.govinfo.gov/app/details/CREC-2016-07-01/CREC-2016-07-01-pt1-PgE1013-3,https://api.govinfo.gov/packages/CREC-2016-07-01/granules/CREC-2016-07-01-pt1-PgE1013-3/htm,https://api.govinfo.gov/packages/CREC-2016-07-01/granules/CREC-2016-07-01-pt1-PgE1013-3/pdf,https://api.govinfo.gov/packages/CREC-2016-07-01/summary,,,,https://api.govinfo.gov/related/CREC-2016-07-01-pt1-PgE1013-3,CREC,Proceedings of Congress and General Congressional Publications,2025-03-07T17:30:08Z,Congressional Record,package_114_291.csv,0,0,0,,0
CREC-2016-07-01-pt1-PgE1014-2,CREC-2016-07-01,2016-07-01,"IN HONOR OF THE 50TH ANNIVERSARY OF THE TOWN OF JEROME, ARIZONA",CREC,EXTENSIONS,E,E,1,https://www.govinfo.gov/app/details/CREC-2016-07-01/CREC-2016-07-01-pt1-PgE1014-2,https://api.govinfo.gov/packages/CREC-2016-07-01/granules/CREC-2016-07-01-pt1-PgE1014-2/htm,https://api.govinfo.gov/packages/CREC-2016-07-01/granules/CREC-2016-07-01-pt1-PgE1014-2/pdf,https://api.govinfo.gov/packages/CREC-2016-07-01/summary,,,,https://api.govinfo.gov/related/CREC-2016-07-01-pt1-PgE1014-2,CREC,Proceedings of Congress and General Congressional Publications,2025-03-07T17:30:08Z,Congressional Record,package_114_291.csv,0,0,0,,0
CREC-2016-07-01-pt1-PgE1014,CREC-2016-07-01,2016-07-01,IN HONOR OF THE OSBOURN PARK GIRLS' SOFTBALL TEAM,CREC,EXTENSIONS,E,E,1,https://www.govinfo.gov/app/details/CREC-2016-07-01/CREC-2016-07-01-pt1-PgE1014,https://api.govinfo.gov/packages/CREC-2016-07-01/granules/CREC-2016-07-01-pt1-PgE1014/htm,https://api.govinfo.gov/packages/CREC-2016-07-01/granules/CREC-2016-07-01-pt1-PgE1014/pdf,https://api.govinfo.gov/packages/CREC-2016-07-01/summary,"[Congressional Record Volume 162, Number 106 (Friday, July 1, 2016)] [Extensions of Remarks] [Page E1014] From the Congressional Record Online through the Government Publishing Office [ www.gpo.gov ] IN HONOR OF THE OSBOURN PARK GIRLS' SOFTBALL TEAM ______ HON. BARBARA COMSTOCK of virginia in the house of representatives Friday, July 1, 2016 Mrs. COMSTOCK. Mr. Speaker, I rise to recognize the girls' softball team from Osbourn Park High School in my District who recently won the 2016 6A Virginia State Championship. They practiced long hours as a team, and this achievement shows how far dedication, hard work, and commitment to teamwork can take a group as they played against some of the best competition in the nation. The Osbourn Park girls' softball team has made Virginia's 10th Congressional District proud and they have represented us well. Winning a state championship attests to their impressive athletic ability, unselfish mentality, and determination to succeed. I commend them for their tireless dedication to both their school and their teammates, without neither of which this could have been possible. It takes a delicate combination of superior skill and many hours of practice to win a state title. The Osbourn Park girls' team has certainly earned this honor and the lessons learned over the years will valuably serve them as they continue on in their lives. This year, Osbourn Park broke a 12 year dry spell for Prince William County softball teams by winning the county's first statewide softball title since 2004. They played to the team's 20th straight win this season, jumping out to a two run lead early in the game, ultimately dominating their opponent 4-0. This senior-less team is sure to be successful in the years to come as they practice and grow together as a hard-working team of young women. Mr. Speaker, I ask that my colleagues join me in honoring the Osbourn Park girls' softball team for their achievement and representing Virginia's 10th Congressional District with such distinction. I wish them all the best in their future endeavors. ____________________",,"[Congressional Record Volume 162, Number 106 (Friday, July 1, 2016)] [Extensions of Remarks] [Page E1014] From the Congressional Record Online through the Government Publishing Office [ www.gpo.gov ] IN HONOR OF THE OSBOURN PARK GIRLS' SOFTBALL TEAM ______ HON. BARBARA COMSTOCK of virginia in the house of representatives Friday, July 1, 2016 Mrs. COMSTOCK. Mr. Speaker, I rise to recognize the girls' softball team from Osbourn Park High School in my District who recently won the 2016 6A Virginia State Championship. They practiced long hours as a team, and this achievement shows how far dedication, hard work, and commitment to teamwork can take a group as they played against some of the best competition in the nation. The Osbourn Park girls' softball team has made Virginia's 10th Congressional District proud and they have represented us well. Winning a state championship attests to their impressive athletic ability, unselfish mentality, and determination to succeed. I commend them for their tireless dedication to both their school and their teammates, without neither of which this could have been possible. It takes a delicate combination of superior skill and many hours of practice to win a state title. The Osbourn Park girls' team has certainly earned this honor and the lessons learned over the years will valuably serve them as they continue on in their lives. This year, Osbourn Park broke a 12 year dry spell for Prince William County softball teams by winning the county's first statewide softball title since 2004. They played to the team's 20th straight win this season, jumping out to a two run lead early in the game, ultimately dominating their opponent 4-0. This senior-less team is sure to be successful in the years to come as they practice and grow together as a hard-working team of young women. Mr. Speaker, I ask that my colleagues join me in honoring the Osbourn Park girls' softball team for their achievement and representing Virginia's 10th Congressional District with such distinction. I wish them all the best in their future endeavors. ____________________",https://api.govinfo.gov/related/CREC-2016-07-01-pt1-PgE1014,CREC,Proceedings of Congress and General Congressional Publications,2025-03-07T17:30:08Z,Congressional Record,package_114_291.csv,2099,0,2099,"[congressional record volume 162, number 106 (friday, july 1, 2016)] [extensions of remarks] [page e1014] from the congressional record online through the government publishing office [ www.gpo.gov ] in honor of the osbourn park girls' softball team ______ hon. barbara comstock of virginia in the house of representatives friday, july 1, 2016 mrs. comstock. mr. speaker, i rise to recognize the girls' softball team from osbourn park high school in my district who recently won the 2016 6a virginia state championship. they practiced long hours as a team, and this achievement shows how far dedication, hard work, and commitment to teamwork can take a group as they played against some of the best competition in the nation. the osbourn park girls' softball team has made virginia's 10th congressional district proud and they have represented us well. winning a state championship attests to their impressive athletic ability, unselfish mentality, and determination to succeed. i commend them for their tireless dedication to both their school and their teammates, without neither of which this could have been possible. it takes a delicate combination of superior skill and many hours of practice to win a state title. the osbourn park girls' team has certainly earned this honor and the lessons learned over the years will valuably serve them as they continue on in their lives. this year, osbourn park broke a 12 year dry spell for prince william county softball teams by winning the county's first statewide softball title since 2004. they played to the team's 20th straight win this season, jumping out to a two run lead early in the game, ultimately dominating their opponent 4-0. this senior-less team is sure to be successful in the years to come as they practice and grow together as a hard-working team of young women. mr. speaker, i ask that my colleagues join me in honoring the osbourn park girls' softball team for their achievement and representing virginia's 10th congressional district with such distinction. i wish them all the best in their future endeavors. ____________________",2099
CREC-2016-07-01-pt1-PgE1014-4,CREC-2016-07-01,2016-07-01,IN HONOR OF THE CHANTILLY BOYS' TENNIS TEAM,CREC,EXTENSIONS,E,E,1,https://www.govinfo.gov/app/details/CREC-2016-07-01/CREC-2016-07-01-pt1-PgE1014-4,https://api.govinfo.gov/packages/CREC-2016-07-01/granules/CREC-2016-07-01-pt1-PgE1014-4/htm,https://api.govinfo.gov/packages/CREC-2016-07-01/granules/CREC-2016-07-01-pt1-PgE1014-4/pdf,https://api.govinfo.gov/packages/CREC-2016-07-01/summary,,,,https://api.govinfo.gov/related/CREC-2016-07-01-pt1-PgE1014-4,CREC,Proceedings of Congress and General Congressional Publications,2025-03-07T17:30:08Z,Congressional Record,package_114_291.csv,0,0,0,,0
CREC-2016-07-01-pt1-PgE1014-3,CREC-2016-07-01,2016-07-01,EXPRESSING CONDOLENCES TO THE VICTIMS OF THE ISTANBUL ATATURK AIRPORT ATTACK,CREC,EXTENSIONS,E,E,1,https://www.govinfo.gov/app/details/CREC-2016-07-01/CREC-2016-07-01-pt1-PgE1014-3,https://api.govinfo.gov/packages/CREC-2016-07-01/granules/CREC-2016-07-01-pt1-PgE1014-3/htm,https://api.govinfo.gov/packages/CREC-2016-07-01/granules/CREC-2016-07-01-pt1-PgE1014-3/pdf,https://api.govinfo.gov/packages/CREC-2016-07-01/summary,"[Congressional Record Volume 162, Number 106 (Friday, July 1, 2016)] [Extensions of Remarks] [Page E1014] From the Congressional Record Online through the Government Publishing Office [ www.gpo.gov ] EXPRESSING CONDOLENCES TO THE VICTIMS OF THE ISTANBUL ATATURK AIRPORT ATTACK ______ HON. SHEILA JACKSON LEE of texas in the house of representatives Friday, July 1, 2016 Ms. JACKSON LEE. Mr. Speaker, I rise today in sorrow over the loss of so many innocent lives cut short by the outrageous and heinous acts of terrorism that shocked and rocked the visitors and people in Turkey. Right now, our prayers are with the victims and their families at this terrible time. And we stand in unyielding solidarity with the visitors and people of Turkey, which like the United States, welcomes people from across the globe. Mr. Speaker, Turkey is a nation that opens its doors for tourists to see all of its beautiful attractions. Airports are a place of connection; connecting loved ones to and from their homes. Those who think that they can terrorize the people of Turkey or the values cherished by them underestimate a nation that has faced and prevailed against far more sinister and lethal adversaries. And they will again, but they will not confront these adversaries alone. They will be joined by the United States and the other countries of the civilized world. The people of Turkey are justly proud of their national motto, ``Egemenlik, kay&inodot;ts&inodot;z sarts&inodot;z milletindir,'' (Sovereignty unconditionally belongs to the Nation!) and no act of terrorism by cowardly perpetrators will succeed in leading them to renounce their heritage of freedom or justice. It is a heritage that we here in the United States share. And that is why the civilized world must and will rededicate itself to combating and defeating the source of influence of these terrorists. We will continue to face and overcome threats to our way of life together. We will not bow and will never break; we will not falter or fail. We will respond. We will endure. We will overcome. The terrorist attack in the International Istanbul Ataturk Airport, is an attack on the whole world. This horrific attack on the innocent visitors and civilians perpetrated by depraved individuals who are yet to be named, misuse teachings for their own misguided purposes. Their horrible and heinous acts are their responsibility, and theirs alone, and for which they can be assured that they alone will be held accountable. But that will come another day; today I ask for a moment of silence and remembrance for the victims killed and injured in the terrorist attack in Turkey. ____________________",,"[Congressional Record Volume 162, Number 106 (Friday, July 1, 2016)] [Extensions of Remarks] [Page E1014] From the Congressional Record Online through the Government Publishing Office [ www.gpo.gov ] EXPRESSING CONDOLENCES TO THE VICTIMS OF THE ISTANBUL ATATURK AIRPORT ATTACK ______ HON. SHEILA JACKSON LEE of texas in the house of representatives Friday, July 1, 2016 Ms. JACKSON LEE. Mr. Speaker, I rise today in sorrow over the loss of so many innocent lives cut short by the outrageous and heinous acts of terrorism that shocked and rocked the visitors and people in Turkey. Right now, our prayers are with the victims and their families at this terrible time. And we stand in unyielding solidarity with the visitors and people of Turkey, which like the United States, welcomes people from across the globe. Mr. Speaker, Turkey is a nation that opens its doors for tourists to see all of its beautiful attractions. Airports are a place of connection; connecting loved ones to and from their homes. Those who think that they can terrorize the people of Turkey or the values cherished by them underestimate a nation that has faced and prevailed against far more sinister and lethal adversaries. And they will again, but they will not confront these adversaries alone. They will be joined by the United States and the other countries of the civilized world. The people of Turkey are justly proud of their national motto, ``Egemenlik, kay&inodot;ts&inodot;z sarts&inodot;z milletindir,'' (Sovereignty unconditionally belongs to the Nation!) and no act of terrorism by cowardly perpetrators will succeed in leading them to renounce their heritage of freedom or justice. It is a heritage that we here in the United States share. And that is why the civilized world must and will rededicate itself to combating and defeating the source of influence of these terrorists. We will continue to face and overcome threats to our way of life together. We will not bow and will never break; we will not falter or fail. We will respond. We will endure. We will overcome. The terrorist attack in the International Istanbul Ataturk Airport, is an attack on the whole world. This horrific attack on the innocent visitors and civilians perpetrated by depraved individuals who are yet to be named, misuse teachings for their own misguided purposes. Their horrible and heinous acts are their responsibility, and theirs alone, and for which they can be assured that they alone will be held accountable. But that will come another day; today I ask for a moment of silence and remembrance for the victims killed and injured in the terrorist attack in Turkey. ____________________",https://api.govinfo.gov/related/CREC-2016-07-01-pt1-PgE1014-3,CREC,Proceedings of Congress and General Congressional Publications,2025-03-07T17:30:08Z,Congressional Record,package_114_291.csv,2659,0,2659,"[congressional record volume 162, number 106 (friday, july 1, 2016)] [extensions of remarks] [page e1014] from the congressional record online through the government publishing office [ www.gpo.gov ] expressing condolences to the victims of the istanbul ataturk airport attack ______ hon. sheila jackson lee of texas in the house of representatives friday, july 1, 2016 ms. jackson lee. mr. speaker, i rise today in sorrow over the loss of so many innocent lives cut short by the outrageous and heinous acts of terrorism that shocked and rocked the visitors and people in turkey. right now, our prayers are with the victims and their families at this terrible time. and we stand in unyielding solidarity with the visitors and people of turkey, which like the united states, welcomes people from across the globe. mr. speaker, turkey is a nation that opens its doors for tourists to see all of its beautiful attractions. airports are a place of connection; connecting loved ones to and from their homes. those who think that they can terrorize the people of turkey or the values cherished by them underestimate a nation that has faced and prevailed against far more sinister and lethal adversaries. and they will again, but they will not confront these adversaries alone. they will be joined by the united states and the other countries of the civilized world. the people of turkey are justly proud of their national motto, ``egemenlik, kay&inodot;ts&inodot;z sarts&inodot;z milletindir,'' (sovereignty unconditionally belongs to the nation!) and no act of terrorism by cowardly perpetrators will succeed in leading them to renounce their heritage of freedom or justice. it is a heritage that we here in the united states share. and that is why the civilized world must and will rededicate itself to combating and defeating the source of influence of these terrorists. we will continue to face and overcome threats to our way of life together. we will not bow and will never break; we will not falter or fail. we will respond. we will endure. we will overcome. the terrorist attack in the international istanbul ataturk airport, is an attack on the whole world. this horrific attack on the innocent visitors and civilians perpetrated by depraved individuals who are yet to be named, misuse teachings for their own misguided purposes. their horrible and heinous acts are their responsibility, and theirs alone, and for which they can be assured that they alone will be held accountable. but that will come another day; today i ask for a moment of silence and remembrance for the victims killed and injured in the terrorist attack in turkey. ____________________",2659
CREC-2016-07-01-pt1-PgE1015,CREC-2016-07-01,2016-07-01,"REMEMBERING BARBARA CHARLINE JORDAN, FIRST WOMAN AND AFRICAN AMERICAN TO DELIVER KEYNOTE ADDRESS AT DEMOCRATIC NATIONAL CONVENTION",CREC,EXTENSIONS,E,E,1,https://www.govinfo.gov/app/details/CREC-2016-07-01/CREC-2016-07-01-pt1-PgE1015,https://api.govinfo.gov/packages/CREC-2016-07-01/granules/CREC-2016-07-01-pt1-PgE1015/htm,https://api.govinfo.gov/packages/CREC-2016-07-01/granules/CREC-2016-07-01-pt1-PgE1015/pdf,https://api.govinfo.gov/packages/CREC-2016-07-01/summary,"[Congressional Record Volume 162, Number 106 (Friday, July 1, 2016)] [Extensions of Remarks] [Page E1015] From the Congressional Record Online through the Government Publishing Office [ www.gpo.gov ] REMEMBERING BARBARA CHARLINE JORDAN, FIRST WOMAN AND AFRICAN AMERICAN TO DELIVER KEYNOTE ADDRESS AT DEMOCRATIC NATIONAL CONVENTION ______ HON. SHEILA JACKSON LEE of texas in the house of representatives Friday, July 1, 2016 Ms. JACKSON LEE. Mr. Speaker, I rise to commemorate an historic event. Forty years ago this month, on July 12, 1976, the legendary Barbara Charline Jordan, who held the seat I now hold made history when she became the first woman and the first African American to deliver the Keynote Address at the Democratic National Convention, that nominated Jimmy Carter in New York City. Barbara Jordan indeed was a friend to many, a mentor, and an icon. Barbara Jordan was one of the first two African-Americans from the South to be elected to this body since reconstruction; the other was Andrew Young of Georgia. Barbara Jordan was a renaissance woman, eloquent, fearless, and peerless in her pursuit of justice and equality. Barbara Jordan was the first black woman elected to the Texas Senate. Ms. Jordan graduated from Texas Southern University, where she majored in government and history. While at Texas Southern University, Barbara Jordan was an active student and an esteemed member of the prestigious debate team for 4 years, as well as a member of Delta Sigma Theta Sorority. After graduating magna cum laude from Texas Southern University in 1956, she went on to receive her law degree from Boston University in 1959. She exhorted all of us to strive for excellence, stand fast for justice and fairness, and yield to no one in the matter of defending the Constitution and upholding the most sacred principles of a democratic government. Barbara Jordan retired from Congress in 1978 after serving 3 terms and was appointed a distinguished professor at the Lyndon B. Johnson School of Public Affairs at the University of Texas at Austin. Barbara Jordan was a lawyer, legislator, scholar, author, and presidential adviser. Barbara made history again in 1976, when she became the first African American woman to deliver keynote speeches at a Democratic National Convention. She was immensely gifted, and used every bit of her talent and skill to address, improve, and dignify the conditions of human life. In the tradition of Frederick Douglass, Martin Luther King, and Thurgood Marshall, Barbara Jordan challenged the Federal Government and the American people to uphold the principles set forth in the United States Constitution and the fabric of our social mores. Barbara Jordan made a difference and because of her contributions, America is a better place. ____________________",,"[Congressional Record Volume 162, Number 106 (Friday, July 1, 2016)] [Extensions of Remarks] [Page E1015] From the Congressional Record Online through the Government Publishing Office [ www.gpo.gov ] REMEMBERING BARBARA CHARLINE JORDAN, FIRST WOMAN AND AFRICAN AMERICAN TO DELIVER KEYNOTE ADDRESS AT DEMOCRATIC NATIONAL CONVENTION ______ HON. SHEILA JACKSON LEE of texas in the house of representatives Friday, July 1, 2016 Ms. JACKSON LEE. Mr. Speaker, I rise to commemorate an historic event. Forty years ago this month, on July 12, 1976, the legendary Barbara Charline Jordan, who held the seat I now hold made history when she became the first woman and the first African American to deliver the Keynote Address at the Democratic National Convention, that nominated Jimmy Carter in New York City. Barbara Jordan indeed was a friend to many, a mentor, and an icon. Barbara Jordan was one of the first two African-Americans from the South to be elected to this body since reconstruction; the other was Andrew Young of Georgia. Barbara Jordan was a renaissance woman, eloquent, fearless, and peerless in her pursuit of justice and equality. Barbara Jordan was the first black woman elected to the Texas Senate. Ms. Jordan graduated from Texas Southern University, where she majored in government and history. While at Texas Southern University, Barbara Jordan was an active student and an esteemed member of the prestigious debate team for 4 years, as well as a member of Delta Sigma Theta Sorority. After graduating magna cum laude from Texas Southern University in 1956, she went on to receive her law degree from Boston University in 1959. She exhorted all of us to strive for excellence, stand fast for justice and fairness, and yield to no one in the matter of defending the Constitution and upholding the most sacred principles of a democratic government. Barbara Jordan retired from Congress in 1978 after serving 3 terms and was appointed a distinguished professor at the Lyndon B. Johnson School of Public Affairs at the University of Texas at Austin. Barbara Jordan was a lawyer, legislator, scholar, author, and presidential adviser. Barbara made history again in 1976, when she became the first African American woman to deliver keynote speeches at a Democratic National Convention. She was immensely gifted, and used every bit of her talent and skill to address, improve, and dignify the conditions of human life. In the tradition of Frederick Douglass, Martin Luther King, and Thurgood Marshall, Barbara Jordan challenged the Federal Government and the American people to uphold the principles set forth in the United States Constitution and the fabric of our social mores. Barbara Jordan made a difference and because of her contributions, America is a better place. ____________________",https://api.govinfo.gov/related/CREC-2016-07-01-pt1-PgE1015,CREC,Proceedings of Congress and General Congressional Publications,2025-03-07T17:30:08Z,Congressional Record,package_114_291.csv,2803,0,2803,"[congressional record volume 162, number 106 (friday, july 1, 2016)] [extensions of remarks] [page e1015] from the congressional record online through the government publishing office [ www.gpo.gov ] remembering barbara charline jordan, first woman and african american to deliver keynote address at democratic national convention ______ hon. sheila jackson lee of texas in the house of representatives friday, july 1, 2016 ms. jackson lee. mr. speaker, i rise to commemorate an historic event. forty years ago this month, on july 12, 1976, the legendary barbara charline jordan, who held the seat i now hold made history when she became the first woman and the first african american to deliver the keynote address at the democratic national convention, that nominated jimmy carter in new york city. barbara jordan indeed was a friend to many, a mentor, and an icon. barbara jordan was one of the first two african-americans from the south to be elected to this body since reconstruction; the other was andrew young of georgia. barbara jordan was a renaissance woman, eloquent, fearless, and peerless in her pursuit of justice and equality. barbara jordan was the first black woman elected to the texas senate. ms. jordan graduated from texas southern university, where she majored in government and history. while at texas southern university, barbara jordan was an active student and an esteemed member of the prestigious debate team for 4 years, as well as a member of delta sigma theta sorority. after graduating magna cum laude from texas southern university in 1956, she went on to receive her law degree from boston university in 1959. she exhorted all of us to strive for excellence, stand fast for justice and fairness, and yield to no one in the matter of defending the constitution and upholding the most sacred principles of a democratic government. barbara jordan retired from congress in 1978 after serving 3 terms and was appointed a distinguished professor at the lyndon b. johnson school of public affairs at the university of texas at austin. barbara jordan was a lawyer, legislator, scholar, author, and presidential adviser. barbara made history again in 1976, when she became the first african american woman to deliver keynote speeches at a democratic national convention. she was immensely gifted, and used every bit of her talent and skill to address, improve, and dignify the conditions of human life. in the tradition of frederick douglass, martin luther king, and thurgood marshall, barbara jordan challenged the federal government and the american people to uphold the principles set forth in the united states constitution and the fabric of our social mores. barbara jordan made a difference and because of her contributions, america is a better place. ____________________",2803
CREC-2016-07-01-pt1-PgE1014-5,CREC-2016-07-01,2016-07-01,"H.R. 5389, THE ``LEVERAGING EMERGING TECHNOLOGIES ACT OF 2016''",CREC,EXTENSIONS,E,E,1,https://www.govinfo.gov/app/details/CREC-2016-07-01/CREC-2016-07-01-pt1-PgE1014-5,https://api.govinfo.gov/packages/CREC-2016-07-01/granules/CREC-2016-07-01-pt1-PgE1014-5/htm,https://api.govinfo.gov/packages/CREC-2016-07-01/granules/CREC-2016-07-01-pt1-PgE1014-5/pdf,https://api.govinfo.gov/packages/CREC-2016-07-01/summary,,,,https://api.govinfo.gov/related/CREC-2016-07-01-pt1-PgE1014-5,CREC,Proceedings of Congress and General Congressional Publications,2025-03-07T17:30:08Z,Congressional Record,package_114_291.csv,0,0,0,,0
CREC-2016-07-01-pt1-PgE1015-2,CREC-2016-07-01,2016-07-01,GARRISON KEILLOR'S FINAL ``PRAIRIE HOME'' BROADCAST,CREC,EXTENSIONS,E,E,1,https://www.govinfo.gov/app/details/CREC-2016-07-01/CREC-2016-07-01-pt1-PgE1015-2,https://api.govinfo.gov/packages/CREC-2016-07-01/granules/CREC-2016-07-01-pt1-PgE1015-2/htm,https://api.govinfo.gov/packages/CREC-2016-07-01/granules/CREC-2016-07-01-pt1-PgE1015-2/pdf,https://api.govinfo.gov/packages/CREC-2016-07-01/summary,"[Congressional Record Volume 162, Number 106 (Friday, July 1, 2016)] [Extensions of Remarks] [Page E1015] From the Congressional Record Online through the Government Publishing Office [ www.gpo.gov ] GARRISON KEILLOR'S FINAL ``PRAIRIE HOME'' BROADCAST ______ HON. BETTY McCOLLUM of minnesota in the house of representatives Friday, July 1, 2016 Ms. McCOLLUM. Mr. Speaker, I rise today to share the news from St. Paul, Minnesota, my hometown. Garrison Keillor, one of our great storytellers in Minnesota and the nation, will be hosting ``A Prairie Home Companion'' for the final time this Saturday. As one of the most iconic shows on public radio, ``Prairie Home'' was created by Mr. Keillor more than 40 years ago. Its characters and tales sprung from his imagination, and from his wry observation of the comedies and tragedies of everyday life in the Midwest. This will be his last official appearance on stage hosting musical guests, sharing the stories of Guy Noir and the Lives of the Cowboys, and bringing us ``the news from Lake Wobegon, where all the women are strong, all the men are good looking, and all the children are above average''. Mr. Keillor created a space where families could gather around and ``hear that old piano from down the Avenue'', not to mention some of America's most talented folk and gospel musicians. His serial skits are as much beloved for their witty wordplay as the campy characters. The gentle satire in his weekly monologues allowed us to laugh at ourselves and see America's flaws and wisdom echoed back to us in the stories of that small town on the edge of the prairie. To many in St. Paul, however, Mr. Keillor isn't just the soothing voice that poured out from our radios every Saturday night. He's a treasured member of our community and my neighbor. ____________________",,"[Congressional Record Volume 162, Number 106 (Friday, July 1, 2016)] [Extensions of Remarks] [Page E1015] From the Congressional Record Online through the Government Publishing Office [ www.gpo.gov ] GARRISON KEILLOR'S FINAL ``PRAIRIE HOME'' BROADCAST ______ HON. BETTY McCOLLUM of minnesota in the house of representatives Friday, July 1, 2016 Ms. McCOLLUM. Mr. Speaker, I rise today to share the news from St. Paul, Minnesota, my hometown. Garrison Keillor, one of our great storytellers in Minnesota and the nation, will be hosting ``A Prairie Home Companion'' for the final time this Saturday. As one of the most iconic shows on public radio, ``Prairie Home'' was created by Mr. Keillor more than 40 years ago. Its characters and tales sprung from his imagination, and from his wry observation of the comedies and tragedies of everyday life in the Midwest. This will be his last official appearance on stage hosting musical guests, sharing the stories of Guy Noir and the Lives of the Cowboys, and bringing us ``the news from Lake Wobegon, where all the women are strong, all the men are good looking, and all the children are above average''. Mr. Keillor created a space where families could gather around and ``hear that old piano from down the Avenue'', not to mention some of America's most talented folk and gospel musicians. His serial skits are as much beloved for their witty wordplay as the campy characters. The gentle satire in his weekly monologues allowed us to laugh at ourselves and see America's flaws and wisdom echoed back to us in the stories of that small town on the edge of the prairie. To many in St. Paul, however, Mr. Keillor isn't just the soothing voice that poured out from our radios every Saturday night. He's a treasured member of our community and my neighbor. ____________________",https://api.govinfo.gov/related/CREC-2016-07-01-pt1-PgE1015-2,CREC,Proceedings of Congress and General Congressional Publications,2025-03-07T17:30:08Z,Congressional Record,package_114_291.csv,1817,0,1817,"[congressional record volume 162, number 106 (friday, july 1, 2016)] [extensions of remarks] [page e1015] from the congressional record online through the government publishing office [ www.gpo.gov ] garrison keillor's final ``prairie home'' broadcast ______ hon. betty mccollum of minnesota in the house of representatives friday, july 1, 2016 ms. mccollum. mr. speaker, i rise today to share the news from st. paul, minnesota, my hometown. garrison keillor, one of our great storytellers in minnesota and the nation, will be hosting ``a prairie home companion'' for the final time this saturday. as one of the most iconic shows on public radio, ``prairie home'' was created by mr. keillor more than 40 years ago. its characters and tales sprung from his imagination, and from his wry observation of the comedies and tragedies of everyday life in the midwest. this will be his last official appearance on stage hosting musical guests, sharing the stories of guy noir and the lives of the cowboys, and bringing us ``the news from lake wobegon, where all the women are strong, all the men are good looking, and all the children are above average''. mr. keillor created a space where families could gather around and ``hear that old piano from down the avenue'', not to mention some of america's most talented folk and gospel musicians. his serial skits are as much beloved for their witty wordplay as the campy characters. the gentle satire in his weekly monologues allowed us to laugh at ourselves and see america's flaws and wisdom echoed back to us in the stories of that small town on the edge of the prairie. to many in st. paul, however, mr. keillor isn't just the soothing voice that poured out from our radios every saturday night. he's a treasured member of our community and my neighbor. ____________________",1817
CREC-2016-07-01-pt1-PgE1015-3,CREC-2016-07-01,2016-07-01,IN HONOR OF THE HANDLEY BOYS' TENNIS TEAM,CREC,EXTENSIONS,E,E,1,https://www.govinfo.gov/app/details/CREC-2016-07-01/CREC-2016-07-01-pt1-PgE1015-3,https://api.govinfo.gov/packages/CREC-2016-07-01/granules/CREC-2016-07-01-pt1-PgE1015-3/htm,https://api.govinfo.gov/packages/CREC-2016-07-01/granules/CREC-2016-07-01-pt1-PgE1015-3/pdf,https://api.govinfo.gov/packages/CREC-2016-07-01/summary,,,,https://api.govinfo.gov/related/CREC-2016-07-01-pt1-PgE1015-3,CREC,Proceedings of Congress and General Congressional Publications,2025-03-07T17:30:08Z,Congressional Record,package_114_291.csv,0,0,0,,0
CREC-2016-07-01-pt1-PgE1015-4,CREC-2016-07-01,2016-07-01,CELEBRATION OF EID-AL-FITR MARKING THE END OF THE HOLY MONTH OF RAMADAN,CREC,EXTENSIONS,E,E,1,https://www.govinfo.gov/app/details/CREC-2016-07-01/CREC-2016-07-01-pt1-PgE1015-4,https://api.govinfo.gov/packages/CREC-2016-07-01/granules/CREC-2016-07-01-pt1-PgE1015-4/htm,https://api.govinfo.gov/packages/CREC-2016-07-01/granules/CREC-2016-07-01-pt1-PgE1015-4/pdf,https://api.govinfo.gov/packages/CREC-2016-07-01/summary,"[Congressional Record Volume 162, Number 106 (Friday, July 1, 2016)] [Extensions of Remarks] [Pages E1015-E1016] From the Congressional Record Online through the Government Publishing Office [ www.gpo.gov ] CELEBRATION OF EID-AL-FITR MARKING THE END OF THE HOLY MONTH OF RAMADAN ______ HON. SHEILA JACKSON LEE of texas in the house of representatives Friday, July 1, 2016 Ms. JACKSON LEE. Mr. Speaker, I rise today in the celebration of Eid- ul-Fitr, formally marking the end of the Holy month of Ramadan. Ramadan is a month where over 1.6 billion Muslims across the globe come together and fast for a spiritual cleanse. The fast begins daily at the rising of the sun and is completed as the sun sets--nearly 17 hours of no food or water for a month. Our fellow Muslim community is brought remembrance of the less fortunate, who are forced to fast out of compulsion and unfortunate circumstances. [[Page E1016]] During this beautiful month of spiritual improvement, our neighboring Muslims across the nation come together to build stronger relationships with each one of us and worship as a community. As the festivities of Eid are celebrated, I hope each one of us will continue to remember those less fortunate and continue on the path of strengthening communities and building bridges. I extend my warmest wishes to my Muslim constituents in Texas and here in Washington, and thank each and every one of them for their continued efforts to serve our community. This dedication is a testament to the beautiful faith of Islam. Eid Mubarak, or Happy Eid; I wish to you peace and prosperity in the years to come. ____________________",,"[Congressional Record Volume 162, Number 106 (Friday, July 1, 2016)] [Extensions of Remarks] [Pages E1015-E1016] From the Congressional Record Online through the Government Publishing Office [ www.gpo.gov ] CELEBRATION OF EID-AL-FITR MARKING THE END OF THE HOLY MONTH OF RAMADAN ______ HON. SHEILA JACKSON LEE of texas in the house of representatives Friday, July 1, 2016 Ms. JACKSON LEE. Mr. Speaker, I rise today in the celebration of Eid- ul-Fitr, formally marking the end of the Holy month of Ramadan. Ramadan is a month where over 1.6 billion Muslims across the globe come together and fast for a spiritual cleanse. The fast begins daily at the rising of the sun and is completed as the sun sets--nearly 17 hours of no food or water for a month. Our fellow Muslim community is brought remembrance of the less fortunate, who are forced to fast out of compulsion and unfortunate circumstances. [[Page E1016]] During this beautiful month of spiritual improvement, our neighboring Muslims across the nation come together to build stronger relationships with each one of us and worship as a community. As the festivities of Eid are celebrated, I hope each one of us will continue to remember those less fortunate and continue on the path of strengthening communities and building bridges. I extend my warmest wishes to my Muslim constituents in Texas and here in Washington, and thank each and every one of them for their continued efforts to serve our community. This dedication is a testament to the beautiful faith of Islam. Eid Mubarak, or Happy Eid; I wish to you peace and prosperity in the years to come. ____________________",https://api.govinfo.gov/related/CREC-2016-07-01-pt1-PgE1015-4,CREC,Proceedings of Congress and General Congressional Publications,2025-03-07T17:30:08Z,Congressional Record,package_114_291.csv,1632,0,1632,"[congressional record volume 162, number 106 (friday, july 1, 2016)] [extensions of remarks] [pages e1015-e1016] from the congressional record online through the government publishing office [ www.gpo.gov ] celebration of eid-al-fitr marking the end of the holy month of ramadan ______ hon. sheila jackson lee of texas in the house of representatives friday, july 1, 2016 ms. jackson lee. mr. speaker, i rise today in the celebration of eid- ul-fitr, formally marking the end of the holy month of ramadan. ramadan is a month where over 1.6 billion muslims across the globe come together and fast for a spiritual cleanse. the fast begins daily at the rising of the sun and is completed as the sun sets--nearly 17 hours of no food or water for a month. our fellow muslim community is brought remembrance of the less fortunate, who are forced to fast out of compulsion and unfortunate circumstances. [[page e1016]] during this beautiful month of spiritual improvement, our neighboring muslims across the nation come together to build stronger relationships with each one of us and worship as a community. as the festivities of eid are celebrated, i hope each one of us will continue to remember those less fortunate and continue on the path of strengthening communities and building bridges. i extend my warmest wishes to my muslim constituents in texas and here in washington, and thank each and every one of them for their continued efforts to serve our community. this dedication is a testament to the beautiful faith of islam. eid mubarak, or happy eid; i wish to you peace and prosperity in the years to come. ____________________",1632
CREC-2016-07-01-pt1-PgE1016-2,CREC-2016-07-01,2016-07-01,IN HONOR OF THE CHANTILLY BOYS' BASEBALL TEAM,CREC,EXTENSIONS,E,E,1,https://www.govinfo.gov/app/details/CREC-2016-07-01/CREC-2016-07-01-pt1-PgE1016-2,https://api.govinfo.gov/packages/CREC-2016-07-01/granules/CREC-2016-07-01-pt1-PgE1016-2/htm,https://api.govinfo.gov/packages/CREC-2016-07-01/granules/CREC-2016-07-01-pt1-PgE1016-2/pdf,https://api.govinfo.gov/packages/CREC-2016-07-01/summary,"[Congressional Record Volume 162, Number 106 (Friday, July 1, 2016)] [Extensions of Remarks] [Page E1016] From the Congressional Record Online through the Government Publishing Office [ www.gpo.gov ] IN HONOR OF THE CHANTILLY BOYS' BASEBALL TEAM ______ HON. BARBARA COMSTOCK of virginia in the house of representatives Friday, July 1, 2016 Mrs. COMSTOCK. Mr. Speaker, I rise to recognize the boys' baseball team from Chantilly High School in my District who recently won the 2016 6A Virginia State Championship. They practiced long hours as a team, and this achievement shows how far dedication, hard work, and commitment to teamwork can take a group as they played against some of the best competition in the nation. The Chantilly boys' baseball team has made Virginia's 10th Congressional District proud and they have represented us well. Winning a state championship attests to their impressive athletic ability, unselfish mentality, and determination to succeed. I commend them for their tireless dedication to both their school and their teammates, without neither of which this could have been possible. It takes a delicate combination of superior skill and many hours of practice to win a state title. The Chantilly boys' baseball team has certainly earned this honor and the lessons learned over the years will valuably serve them as they continue on in their lives. This team unfortunately had come up short the previous two years, and came into this year's final determined to be victorious. Seven innings into the state championship final, they found themselves down two scores to their zero. Thinking back to the previous two years of disappointment, they dug deep and rallied to score three quick runs to win the state title by just one run in an exhilarating fashion. Mr. Speaker, I ask that my colleagues join me in honoring the Chantilly boys' baseball team for their achievement and representing Virginia's 10th Congressional District with such distinction. I wish them all the best in their future endeavors. ____________________",,"[Congressional Record Volume 162, Number 106 (Friday, July 1, 2016)] [Extensions of Remarks] [Page E1016] From the Congressional Record Online through the Government Publishing Office [ www.gpo.gov ] IN HONOR OF THE CHANTILLY BOYS' BASEBALL TEAM ______ HON. BARBARA COMSTOCK of virginia in the house of representatives Friday, July 1, 2016 Mrs. COMSTOCK. Mr. Speaker, I rise to recognize the boys' baseball team from Chantilly High School in my District who recently won the 2016 6A Virginia State Championship. They practiced long hours as a team, and this achievement shows how far dedication, hard work, and commitment to teamwork can take a group as they played against some of the best competition in the nation. The Chantilly boys' baseball team has made Virginia's 10th Congressional District proud and they have represented us well. Winning a state championship attests to their impressive athletic ability, unselfish mentality, and determination to succeed. I commend them for their tireless dedication to both their school and their teammates, without neither of which this could have been possible. It takes a delicate combination of superior skill and many hours of practice to win a state title. The Chantilly boys' baseball team has certainly earned this honor and the lessons learned over the years will valuably serve them as they continue on in their lives. This team unfortunately had come up short the previous two years, and came into this year's final determined to be victorious. Seven innings into the state championship final, they found themselves down two scores to their zero. Thinking back to the previous two years of disappointment, they dug deep and rallied to score three quick runs to win the state title by just one run in an exhilarating fashion. Mr. Speaker, I ask that my colleagues join me in honoring the Chantilly boys' baseball team for their achievement and representing Virginia's 10th Congressional District with such distinction. I wish them all the best in their future endeavors. ____________________",https://api.govinfo.gov/related/CREC-2016-07-01-pt1-PgE1016-2,CREC,Proceedings of Congress and General Congressional Publications,2025-03-07T17:30:08Z,Congressional Record,package_114_291.csv,2047,0,2047,"[congressional record volume 162, number 106 (friday, july 1, 2016)] [extensions of remarks] [page e1016] from the congressional record online through the government publishing office [ www.gpo.gov ] in honor of the chantilly boys' baseball team ______ hon. barbara comstock of virginia in the house of representatives friday, july 1, 2016 mrs. comstock. mr. speaker, i rise to recognize the boys' baseball team from chantilly high school in my district who recently won the 2016 6a virginia state championship. they practiced long hours as a team, and this achievement shows how far dedication, hard work, and commitment to teamwork can take a group as they played against some of the best competition in the nation. the chantilly boys' baseball team has made virginia's 10th congressional district proud and they have represented us well. winning a state championship attests to their impressive athletic ability, unselfish mentality, and determination to succeed. i commend them for their tireless dedication to both their school and their teammates, without neither of which this could have been possible. it takes a delicate combination of superior skill and many hours of practice to win a state title. the chantilly boys' baseball team has certainly earned this honor and the lessons learned over the years will valuably serve them as they continue on in their lives. this team unfortunately had come up short the previous two years, and came into this year's final determined to be victorious. seven innings into the state championship final, they found themselves down two scores to their zero. thinking back to the previous two years of disappointment, they dug deep and rallied to score three quick runs to win the state title by just one run in an exhilarating fashion. mr. speaker, i ask that my colleagues join me in honoring the chantilly boys' baseball team for their achievement and representing virginia's 10th congressional district with such distinction. i wish them all the best in their future endeavors. ____________________",2047
CREC-2016-07-01-pt1-PgE1016,CREC-2016-07-01,2016-07-01,"H.R. 5388, THE ``SUPPORT FOR RAPID INNOVATION ACT OF 2016''",CREC,EXTENSIONS,E,E,1,https://www.govinfo.gov/app/details/CREC-2016-07-01/CREC-2016-07-01-pt1-PgE1016,https://api.govinfo.gov/packages/CREC-2016-07-01/granules/CREC-2016-07-01-pt1-PgE1016/htm,https://api.govinfo.gov/packages/CREC-2016-07-01/granules/CREC-2016-07-01-pt1-PgE1016/pdf,https://api.govinfo.gov/packages/CREC-2016-07-01/summary,"[Congressional Record Volume 162, Number 106 (Friday, July 1, 2016)] [Extensions of Remarks] [Page E1016] From the Congressional Record Online through the Government Publishing Office [ www.gpo.gov ] H.R. 5388, THE ``SUPPORT FOR RAPID INNOVATION ACT OF 2016'' ______ HON. MICHAEL T. McCAUL of texas in the house of representatives Friday, July 1, 2016 Mr. McCAUL. Mr. Speaker, I submit the following cost estimate from the Congressional Budget Office regarding H.R. 5388. U.S. Congress, Congressional Budget Office, Washington, DC, June 30, 2016. Hon. Michael McCaul, Chairman, Committee on Homeland Security, House of Representatives, Washington, DC. Dear Mr. Chairman: The Congressional Budget Office has prepared the enclosed cost estimate for H.R. 5388, the Support for Rapid Innovation Act of 2016. If you wish further details on this estimate, we will be pleased to provide them. The CBO staff contact is Mark Grabowicz. Sincerely, Keith Hall. Enclosure. H.R. 5388--Support for Rapid Innovation Act of 2016 Current law permits the Department of Homeland Security (DHS) to waive the requirements of the Federal Acquisition Regulation (procedures that guide federal procurement actions) for certain research and development projects. That authority (known as ``other transaction authority'') enables the department to increase its use of small contractors for research and development activities and is scheduled to expire on September 30, 2016. H.R. 5388 would extend it for four years. Based on information from DHS about the department's research and development plans, CBO estimates that implementing H.R. 5388 would not significantly affect DHS spending for those activities. In recent years DHS has spent around $0.7 billion annually on research and development activities. Enacting the legislation would not affect direct spending or revenues; therefore, pay-as-you-go procedures do not apply. CBO estimates that enacting H.R. 5388 would not increase net direct spending or on-budget deficits in any of the four consecutive 10-year periods beginning in 2027. H.R. 5388 contains no intergovernmental or private-sector mandates as defined in the Unfunded Mandates Reform Act and would not affect the budgets of state, local, or tribal governments. The CBO staff contact for this estimate is Mark Grabowicz. The estimate was approved by H. Samuel Papenfuss, Deputy Assistant Director for Budget Analysis. ____________________",,"[Congressional Record Volume 162, Number 106 (Friday, July 1, 2016)] [Extensions of Remarks] [Page E1016] From the Congressional Record Online through the Government Publishing Office [ www.gpo.gov ] H.R. 5388, THE ``SUPPORT FOR RAPID INNOVATION ACT OF 2016'' ______ HON. MICHAEL T. McCAUL of texas in the house of representatives Friday, July 1, 2016 Mr. McCAUL. Mr. Speaker, I submit the following cost estimate from the Congressional Budget Office regarding H.R. 5388. U.S. Congress, Congressional Budget Office, Washington, DC, June 30, 2016. Hon. Michael McCaul, Chairman, Committee on Homeland Security, House of Representatives, Washington, DC. Dear Mr. Chairman: The Congressional Budget Office has prepared the enclosed cost estimate for H.R. 5388, the Support for Rapid Innovation Act of 2016. If you wish further details on this estimate, we will be pleased to provide them. The CBO staff contact is Mark Grabowicz. Sincerely, Keith Hall. Enclosure. H.R. 5388--Support for Rapid Innovation Act of 2016 Current law permits the Department of Homeland Security (DHS) to waive the requirements of the Federal Acquisition Regulation (procedures that guide federal procurement actions) for certain research and development projects. That authority (known as ``other transaction authority'') enables the department to increase its use of small contractors for research and development activities and is scheduled to expire on September 30, 2016. H.R. 5388 would extend it for four years. Based on information from DHS about the department's research and development plans, CBO estimates that implementing H.R. 5388 would not significantly affect DHS spending for those activities. In recent years DHS has spent around $0.7 billion annually on research and development activities. Enacting the legislation would not affect direct spending or revenues; therefore, pay-as-you-go procedures do not apply. CBO estimates that enacting H.R. 5388 would not increase net direct spending or on-budget deficits in any of the four consecutive 10-year periods beginning in 2027. H.R. 5388 contains no intergovernmental or private-sector mandates as defined in the Unfunded Mandates Reform Act and would not affect the budgets of state, local, or tribal governments. The CBO staff contact for this estimate is Mark Grabowicz. The estimate was approved by H. Samuel Papenfuss, Deputy Assistant Director for Budget Analysis. ____________________",https://api.govinfo.gov/related/CREC-2016-07-01-pt1-PgE1016,CREC,Proceedings of Congress and General Congressional Publications,2025-03-07T17:30:08Z,Congressional Record,package_114_291.csv,2433,0,2433,"[congressional record volume 162, number 106 (friday, july 1, 2016)] [extensions of remarks] [page e1016] from the congressional record online through the government publishing office [ www.gpo.gov ] h.r. 5388, the ``support for rapid innovation act of 2016'' ______ hon. michael t. mccaul of texas in the house of representatives friday, july 1, 2016 mr. mccaul. mr. speaker, i submit the following cost estimate from the congressional budget office regarding h.r. 5388. u.s. congress, congressional budget office, washington, dc, june 30, 2016. hon. michael mccaul, chairman, committee on homeland security, house of representatives, washington, dc. dear mr. chairman: the congressional budget office has prepared the enclosed cost estimate for h.r. 5388, the support for rapid innovation act of 2016. if you wish further details on this estimate, we will be pleased to provide them. the cbo staff contact is mark grabowicz. sincerely, keith hall. enclosure. h.r. 5388--support for rapid innovation act of 2016 current law permits the department of homeland security (dhs) to waive the requirements of the federal acquisition regulation (procedures that guide federal procurement actions) for certain research and development projects. that authority (known as ``other transaction authority'') enables the department to increase its use of small contractors for research and development activities and is scheduled to expire on september 30, 2016. h.r. 5388 would extend it for four years. based on information from dhs about the department's research and development plans, cbo estimates that implementing h.r. 5388 would not significantly affect dhs spending for those activities. in recent years dhs has spent around $0.7 billion annually on research and development activities. enacting the legislation would not affect direct spending or revenues; therefore, pay-as-you-go procedures do not apply. cbo estimates that enacting h.r. 5388 would not increase net direct spending or on-budget deficits in any of the four consecutive 10-year periods beginning in 2027. h.r. 5388 contains no intergovernmental or private-sector mandates as defined in the unfunded mandates reform act and would not affect the budgets of state, local, or tribal governments. the cbo staff contact for this estimate is mark grabowicz. the estimate was approved by h. samuel papenfuss, deputy assistant director for budget analysis. ____________________",2433
CREC-2016-07-01-pt1-PgE1016-3,CREC-2016-07-01,2016-07-01,"TRIBUTE TO LT. COL. EILEEN MARIE COLLINS, TRAILBLAZING FIRST WOMAN NASA SPACE SHUTTLE FLIGHT COMMANDER",CREC,EXTENSIONS,E,E,1,https://www.govinfo.gov/app/details/CREC-2016-07-01/CREC-2016-07-01-pt1-PgE1016-3,https://api.govinfo.gov/packages/CREC-2016-07-01/granules/CREC-2016-07-01-pt1-PgE1016-3/htm,https://api.govinfo.gov/packages/CREC-2016-07-01/granules/CREC-2016-07-01-pt1-PgE1016-3/pdf,https://api.govinfo.gov/packages/CREC-2016-07-01/summary,,,,https://api.govinfo.gov/related/CREC-2016-07-01-pt1-PgE1016-3,CREC,Proceedings of Congress and General Congressional Publications,2025-03-07T17:30:08Z,Congressional Record,package_114_291.csv,0,0,0,,0
CREC-2016-07-01-pt1-PgE1016-4,CREC-2016-07-01,2016-07-01,H.R. 5456,CREC,EXTENSIONS,E,E,1,https://www.govinfo.gov/app/details/CREC-2016-07-01/CREC-2016-07-01-pt1-PgE1016-4,https://api.govinfo.gov/packages/CREC-2016-07-01/granules/CREC-2016-07-01-pt1-PgE1016-4/htm,https://api.govinfo.gov/packages/CREC-2016-07-01/granules/CREC-2016-07-01-pt1-PgE1016-4/pdf,https://api.govinfo.gov/packages/CREC-2016-07-01/summary,"[Congressional Record Volume 162, Number 106 (Friday, July 1, 2016)] [Extensions of Remarks] [Pages E1016-E1018] From the Congressional Record Online through the Government Publishing Office [ www.gpo.gov ] H.R. 5456 ______ HON. VERN BUCHANAN of florida in the house of representatives Friday, July 1, 2016 Mr. BUCHANAN. Mr. Speaker, I submit the following on H.R. 5456, the Family First Prevention Services Act of 2016: Voice for Adoption, Washington, DC, June 13, 2016. Dear Chairman Brady and Ranking Member Levin: Dear Chairman Hatch and Ranking Member Wyden: Dear Chairman Buchanan and Ranking Member Doggett: Today I offer Voice for Adoption's full support of the proposed Family First Prevention Services Act (H.R. 5456). It takes historic and long overdue steps to direct federal child welfare dollars to improve outcomes for vulnerable children and families. I urge you to move toward a timely mark up in both the House and the Senate so these vulnerable [[Page E1017]] children do not have to wait longer for these important reforms. Voice for Adoption (VFA) is a national advocacy organization with a mission to speak in a single voice with policy-makers, representing the interests of more than 100,000 foster children awaiting adoption and the families who adopt them. The Family First Prevention Services Act would allow adoptive families to receive needed post-adoption services by allowing states to use Title IV-E funds to pay for up to 12 months of family services that can prevent children from reentering foster care, and help keep the children safely in their adoptive families. While the Families First Prevention Services Act would delay final implementation of additional federal adoption assistance reimbursement for the adoptions of infants and toddlers, VFA is willing to support this delay as a way to extend needed services. VFA was pleased to see a Government Accountability Office (GAO) study that will examine compliance with the Fostering Connections to Success and Increasing Adoptions Act of 2008 (P.L. 110-135) requirement that states reinvest the state funds freed up by providing additional federal reimbursement. Beyond the important post-adoption support this Act will provide, the Family First Prevention Services Act takes important steps to ensure children who need care will be placed in the least-restrictive, most family-like setting appropriate to their needs. VFA will offer our continued support in the implementation of the Families First Prevention Services Act to ensure that the voice of the adoption community is heard--specifically to assure that the Act does provide critical post-adoption services that assist in keeping children with their adoptive families and helps children to avoid reentering the foster care system and in crafting the GAO report. VFA looks forward to working with all of you to make the proposed improvements for children in the Family First Prevention Services Act (H.R. 5456) a reality. Thank you for your continuing leadership on behalf of the most vulnerable children and their families. Sincerely yours, Schylar Baber, Executive Director. ____ Ways and Means Committee Family First Prevention Services Act of 2016 Strengthen families by providing evidence-based prevention services to keep children out of foster care and reduce inappropriate group home placements. Support for the Family First Prevention Services Act (National) 1. AAJ Research & Evaluation (Florida) 2. Adoption Exchange Association 3. Adoptive and Foster Families of Maine, Inc and the Kinship Program 4. Advocates for Children and Youth (Maryland) 5. Advocates for Children of New Jersey 6. Alliance for Strong Families and Communities 7. American Academy of Pediatrics (AAP) 8. American Bar Association (ABA) 9. American Psychological Association (APA) 10. American Public Human Services Association (APHSA) 11. Arizona's Children Association 12. Arkansas Advocates for Children and Families 13. Association of University Centers on Disability 14. Brazelton Touchpoints Project, Inc. 15. CASA Youth Advocates (Pennsylvania) 16. Catholic Charities USA 17. Center for Children's Justice (Pennsylvania) 18. Center for Native American Youth 19. Center for Public Priorities (Texas) 20. Center for the Study of Social Policy (CSSP) 21. Child and Family Policy Center (Iowa) 22. Child and Family Services of New Hampshire 23. Child Care Aware of America 24. Child First, Inc. 25. Child Welfare League of America 26. Children & Families First (Delaware) 27. Children and Family Futures 28. Children Awaiting Parents (New York) 29. Children First for Oregon 30. Children's Action Alliance (Arizona) 31. Children's Advocacy Alliance (Nevada) 32. Children's Advocacy Institute 33. Children's Defense Fund--California 34. Children's Defense Fund--Minnesota 35. Children's Defense Fund--Mississippi 36. Children's Defense Fund--New York 37. Children's Defense Fund--Texas 38. Children's Defense Fund (CDF) 39. Children's Home + Aid (Illinois) 40. Children's Home Society of America 41. Children's Home Society of North Carolina 42. Children's Hospital Associations 43. Children's Hospital of Wisconsin 44. Children's Leadership Council 45. Children's Rights 46. Citizens' Committee for Children of New York, Inc. 47. Coalition of Human Needs 48. Conference of Chief Justices 49. Conference of State Court Administrators 50. Connecticut Voices for Children 51. Corporation for Supportive Housing (CSH) 52. Dakota Boys and Girls Ranch (North Dakota) 53. Every Child Matters 54. Family Policy Alliance 55. First Focus Campaign for Children (FFCC) 56. Florida's Children First, Inc. 57. Focus on the Family 58. Foster Adopt Connect 59. Foster Adopt Connect (Missouri and Kansas) 60. Foster Club 61. Foster Family-based Treatment Association (FETA) 62. Generations United 63. Governor Gary R. Herbert--State of Utah 64. Healthy Teen Network 65. Home Instruction for Parents of Preschool Youngsters (HIPPY) 66. Human Rights Project for Girls (Rights4Girls) 67. Illinois Department of Children & Family Services 68. Juvenile Law Center (JLC) 69. Juvenile Law Center (Pennsylvania) 70. Kansas Appleseed 71. Kentucky Youth Advocates 72. Louisiana Department of Children and Family Services (DCFS) 73. Lutheran Social Service of Minnesota 74. Lutheran Social Services of Indiana 75. Massachusetts Adoption Resource Exchange 76. Massachusetts Law Reform Institute 77. Michigan's Children 78. Nathan L. Hecht--Chief Justice--The Supreme Court of Texas 79. National African American Drug Policy Coalition, Inc. 80. National Alliance of Children's Trust and Prevention Funds 81. National Association for Children of Alcoholics 82. National Association for Children's Behavioral Health (NACBH) 83. National Association of Black Social Workers 84. National Association of Counsel for Children 85. National Association of Pediatric Nurse Practitioners 86. National Association of Public Child Welfare Administrators (NAPCWA) 87. National Association of Social Workers 88. National Association of State Alcohol and Drug Abuse Directors (NASADAD) 89. National Center on Adoption and Pregnancy 90. National Center on Child Welfare and Housing 91. National Center on Shared Leadership 92. National Child Abuse Coalition 93. National Children's Alliance 94. National Family Preservation Network 95. National Foster Parent Association 96. National Foster Parent Association 97. National Indian Child Welfare Association 98. National Kinship Alliance for Children 99. Nebraska Appleseed 100. New Mexico Voices for Children 101. New York Coalition for Child Welfare Finance Reform 102. North American Council on Adoptable Children (NACAC) 103. Parents Anonymous Inc. 104. Parents as Teachers 105. Partners for Our Children (Washington) 106. Pennsylvania Partnerships for Children 107. Prevent Child Abuse America/Healthy Families America 108. Ray E. Helfer Society 109. Strengthening Families All Across America 110. The Black Administrators in Child Welfare, Inc. 111. The Center for Law and Social Policy (CLASP) 112. The Children's Hospital of Philadelphia 113. The Children's Partnership (California) 114. The Dalton Daley Group 115. The Dave Thomas Foundation for Adoption 116. The Donaldson Adoption Institute, Inc. 117. The Mockingbird Society 118. The National Campaign to Prevent Teen and Unplanned Pregnancy 119. The National Crittenton Foundation (TNCF) 120. The Ounce of Prevention Fund (Illinois) 121. The United States Conference of Catholic Bishops' Committee on Domestic Justice and Human Development 122. Think of Us 123. University of California Davis Guardian Professions Program 124. Voice for Adoption 125. VOICES (California) 126. Voices for Alabama's Children 127. Voices for Children in Nebraska 128. Voices for Ohio's Children 129. Voices for Vermont's Children 130. Voices for Virginia's Children 131. YMCA of San Diego County, Kinship Support Program 132. YMCA of the USA 133. Youth Law Center 134. Youth Law Center (California) 135. Youth Villages 136. Zero to Three Notable Remarks ``[The Families First Prevention Services Act] not only recognizes the unique needs of children and families in adversity, but also makes great strides to meet them in a way that pediatricians can stand behind: through [[Page E1018]] evidence-based, prevention-focused approaches. The bill offers states much-needed federal funding to support mental health, substance abuse and in-home parenting skills programs for families of children at-risk of entering foster care.''-- American Academy of Pediatrics ``[The Family First Prevention Services Act] takes historic and long overdue steps to direct federal child welfare dollars to improve outcomes for vulnerable children and families . . . [It] takes important steps to ensure children who need foster care will be placed in the least-restrictive most family-like setting appropriate to their needs, and gives special attention to children whose emotional or other special needs require residential treatment.''--Children's Defense Fund ``We greatly appreciate the flexibility in federal funding for evidence-based prevention services and the strong focus in the [Families First Prevention Services Act] on child well-being''--Children's Hospital of Wisconsin ``We strongly support the Family First [Prevention Services] Act and believe it would greatly improve the ability of child welfare agencies to keep children in their own homes and shorten their time in the system if they do enter.''--Juvenile Law Center The [Family First Prevention Services Act] aligns very closely with what we consider an essential focus on preventing the occurrence and recurrence of child abuse and neglect whenever possible. It also supports the practice of keeping or returning kids safely home, rather than in foster care, whenever possible.''--Massachusetts Law Reform Institute ``Federal support for prevention services will be a win-win for children and families throughout the country''--Citizens' Committee for Children ``The Act will expand the availability of such services and reflects the reality that many families, including adoptive families, need targeted, effective services to meet their children's needs and prevent foster care entry.''--North American Council on Adoptable Children ``We firmly believe that far too many children are placed in group care for no therapeutic reason, which research suggests can harm children.''--North American Council on Adoptable Children ``We feel that the [Family First Prevention Services Act] offers the important possibility of allowing funds to provide vital mental health, substance use and in-home services that could help children stay with their own families.''--Child Welfare League of America ``[The Family First Prevention Services Act] takes historic and long overdue steps to direct federal child welfare dollars to improve outcomes for vulnerable children and families.''--Voice for Adoption ``Supports offered through the Family First Prevention Services Act such as individual and family therapy, home visiting and kinship navigator programs can offer relatives the support they need to keep children out of foster care and help them thrive.''--Generations United ____________________",,"[Congressional Record Volume 162, Number 106 (Friday, July 1, 2016)] [Extensions of Remarks] [Pages E1016-E1018] From the Congressional Record Online through the Government Publishing Office [ www.gpo.gov ] H.R. 5456 ______ HON. VERN BUCHANAN of florida in the house of representatives Friday, July 1, 2016 Mr. BUCHANAN. Mr. Speaker, I submit the following on H.R. 5456, the Family First Prevention Services Act of 2016: Voice for Adoption, Washington, DC, June 13, 2016. Dear Chairman Brady and Ranking Member Levin: Dear Chairman Hatch and Ranking Member Wyden: Dear Chairman Buchanan and Ranking Member Doggett: Today I offer Voice for Adoption's full support of the proposed Family First Prevention Services Act (H.R. 5456). It takes historic and long overdue steps to direct federal child welfare dollars to improve outcomes for vulnerable children and families. I urge you to move toward a timely mark up in both the House and the Senate so these vulnerable [[Page E1017]] children do not have to wait longer for these important reforms. Voice for Adoption (VFA) is a national advocacy organization with a mission to speak in a single voice with policy-makers, representing the interests of more than 100,000 foster children awaiting adoption and the families who adopt them. The Family First Prevention Services Act would allow adoptive families to receive needed post-adoption services by allowing states to use Title IV-E funds to pay for up to 12 months of family services that can prevent children from reentering foster care, and help keep the children safely in their adoptive families. While the Families First Prevention Services Act would delay final implementation of additional federal adoption assistance reimbursement for the adoptions of infants and toddlers, VFA is willing to support this delay as a way to extend needed services. VFA was pleased to see a Government Accountability Office (GAO) study that will examine compliance with the Fostering Connections to Success and Increasing Adoptions Act of 2008 (P.L. 110-135) requirement that states reinvest the state funds freed up by providing additional federal reimbursement. Beyond the important post-adoption support this Act will provide, the Family First Prevention Services Act takes important steps to ensure children who need care will be placed in the least-restrictive, most family-like setting appropriate to their needs. VFA will offer our continued support in the implementation of the Families First Prevention Services Act to ensure that the voice of the adoption community is heard--specifically to assure that the Act does provide critical post-adoption services that assist in keeping children with their adoptive families and helps children to avoid reentering the foster care system and in crafting the GAO report. VFA looks forward to working with all of you to make the proposed improvements for children in the Family First Prevention Services Act (H.R. 5456) a reality. Thank you for your continuing leadership on behalf of the most vulnerable children and their families. Sincerely yours, Schylar Baber, Executive Director. ____ Ways and Means Committee Family First Prevention Services Act of 2016 Strengthen families by providing evidence-based prevention services to keep children out of foster care and reduce inappropriate group home placements. Support for the Family First Prevention Services Act (National) 1. AAJ Research & Evaluation (Florida) 2. Adoption Exchange Association 3. Adoptive and Foster Families of Maine, Inc and the Kinship Program 4. Advocates for Children and Youth (Maryland) 5. Advocates for Children of New Jersey 6. Alliance for Strong Families and Communities 7. American Academy of Pediatrics (AAP) 8. American Bar Association (ABA) 9. American Psychological Association (APA) 10. American Public Human Services Association (APHSA) 11. Arizona's Children Association 12. Arkansas Advocates for Children and Families 13. Association of University Centers on Disability 14. Brazelton Touchpoints Project, Inc. 15. CASA Youth Advocates (Pennsylvania) 16. Catholic Charities USA 17. Center for Children's Justice (Pennsylvania) 18. Center for Native American Youth 19. Center for Public Priorities (Texas) 20. Center for the Study of Social Policy (CSSP) 21. Child and Family Policy Center (Iowa) 22. Child and Family Services of New Hampshire 23. Child Care Aware of America 24. Child First, Inc. 25. Child Welfare League of America 26. Children & Families First (Delaware) 27. Children and Family Futures 28. Children Awaiting Parents (New York) 29. Children First for Oregon 30. Children's Action Alliance (Arizona) 31. Children's Advocacy Alliance (Nevada) 32. Children's Advocacy Institute 33. Children's Defense Fund--California 34. Children's Defense Fund--Minnesota 35. Children's Defense Fund--Mississippi 36. Children's Defense Fund--New York 37. Children's Defense Fund--Texas 38. Children's Defense Fund (CDF) 39. Children's Home + Aid (Illinois) 40. Children's Home Society of America 41. Children's Home Society of North Carolina 42. Children's Hospital Associations 43. Children's Hospital of Wisconsin 44. Children's Leadership Council 45. Children's Rights 46. Citizens' Committee for Children of New York, Inc. 47. Coalition of Human Needs 48. Conference of Chief Justices 49. Conference of State Court Administrators 50. Connecticut Voices for Children 51. Corporation for Supportive Housing (CSH) 52. Dakota Boys and Girls Ranch (North Dakota) 53. Every Child Matters 54. Family Policy Alliance 55. First Focus Campaign for Children (FFCC) 56. Florida's Children First, Inc. 57. Focus on the Family 58. Foster Adopt Connect 59. Foster Adopt Connect (Missouri and Kansas) 60. Foster Club 61. Foster Family-based Treatment Association (FETA) 62. Generations United 63. Governor Gary R. Herbert--State of Utah 64. Healthy Teen Network 65. Home Instruction for Parents of Preschool Youngsters (HIPPY) 66. Human Rights Project for Girls (Rights4Girls) 67. Illinois Department of Children & Family Services 68. Juvenile Law Center (JLC) 69. Juvenile Law Center (Pennsylvania) 70. Kansas Appleseed 71. Kentucky Youth Advocates 72. Louisiana Department of Children and Family Services (DCFS) 73. Lutheran Social Service of Minnesota 74. Lutheran Social Services of Indiana 75. Massachusetts Adoption Resource Exchange 76. Massachusetts Law Reform Institute 77. Michigan's Children 78. Nathan L. Hecht--Chief Justice--The Supreme Court of Texas 79. National African American Drug Policy Coalition, Inc. 80. National Alliance of Children's Trust and Prevention Funds 81. National Association for Children of Alcoholics 82. National Association for Children's Behavioral Health (NACBH) 83. National Association of Black Social Workers 84. National Association of Counsel for Children 85. National Association of Pediatric Nurse Practitioners 86. National Association of Public Child Welfare Administrators (NAPCWA) 87. National Association of Social Workers 88. National Association of State Alcohol and Drug Abuse Directors (NASADAD) 89. National Center on Adoption and Pregnancy 90. National Center on Child Welfare and Housing 91. National Center on Shared Leadership 92. National Child Abuse Coalition 93. National Children's Alliance 94. National Family Preservation Network 95. National Foster Parent Association 96. National Foster Parent Association 97. National Indian Child Welfare Association 98. National Kinship Alliance for Children 99. Nebraska Appleseed 100. New Mexico Voices for Children 101. New York Coalition for Child Welfare Finance Reform 102. North American Council on Adoptable Children (NACAC) 103. Parents Anonymous Inc. 104. Parents as Teachers 105. Partners for Our Children (Washington) 106. Pennsylvania Partnerships for Children 107. Prevent Child Abuse America/Healthy Families America 108. Ray E. Helfer Society 109. Strengthening Families All Across America 110. The Black Administrators in Child Welfare, Inc. 111. The Center for Law and Social Policy (CLASP) 112. The Children's Hospital of Philadelphia 113. The Children's Partnership (California) 114. The Dalton Daley Group 115. The Dave Thomas Foundation for Adoption 116. The Donaldson Adoption Institute, Inc. 117. The Mockingbird Society 118. The National Campaign to Prevent Teen and Unplanned Pregnancy 119. The National Crittenton Foundation (TNCF) 120. The Ounce of Prevention Fund (Illinois) 121. The United States Conference of Catholic Bishops' Committee on Domestic Justice and Human Development 122. Think of Us 123. University of California Davis Guardian Professions Program 124. Voice for Adoption 125. VOICES (California) 126. Voices for Alabama's Children 127. Voices for Children in Nebraska 128. Voices for Ohio's Children 129. Voices for Vermont's Children 130. Voices for Virginia's Children 131. YMCA of San Diego County, Kinship Support Program 132. YMCA of the USA 133. Youth Law Center 134. Youth Law Center (California) 135. Youth Villages 136. Zero to Three Notable Remarks ``[The Families First Prevention Services Act] not only recognizes the unique needs of children and families in adversity, but also makes great strides to meet them in a way that pediatricians can stand behind: through [[Page E1018]] evidence-based, prevention-focused approaches. The bill offers states much-needed federal funding to support mental health, substance abuse and in-home parenting skills programs for families of children at-risk of entering foster care.''-- American Academy of Pediatrics ``[The Family First Prevention Services Act] takes historic and long overdue steps to direct federal child welfare dollars to improve outcomes for vulnerable children and families . . . [It] takes important steps to ensure children who need foster care will be placed in the least-restrictive most family-like setting appropriate to their needs, and gives special attention to children whose emotional or other special needs require residential treatment.''--Children's Defense Fund ``We greatly appreciate the flexibility in federal funding for evidence-based prevention services and the strong focus in the [Families First Prevention Services Act] on child well-being''--Children's Hospital of Wisconsin ``We strongly support the Family First [Prevention Services] Act and believe it would greatly improve the ability of child welfare agencies to keep children in their own homes and shorten their time in the system if they do enter.''--Juvenile Law Center The [Family First Prevention Services Act] aligns very closely with what we consider an essential focus on preventing the occurrence and recurrence of child abuse and neglect whenever possible. It also supports the practice of keeping or returning kids safely home, rather than in foster care, whenever possible.''--Massachusetts Law Reform Institute ``Federal support for prevention services will be a win-win for children and families throughout the country''--Citizens' Committee for Children ``The Act will expand the availability of such services and reflects the reality that many families, including adoptive families, need targeted, effective services to meet their children's needs and prevent foster care entry.''--North American Council on Adoptable Children ``We firmly believe that far too many children are placed in group care for no therapeutic reason, which research suggests can harm children.''--North American Council on Adoptable Children ``We feel that the [Family First Prevention Services Act] offers the important possibility of allowing funds to provide vital mental health, substance use and in-home services that could help children stay with their own families.''--Child Welfare League of America ``[The Family First Prevention Services Act] takes historic and long overdue steps to direct federal child welfare dollars to improve outcomes for vulnerable children and families.''--Voice for Adoption ``Supports offered through the Family First Prevention Services Act such as individual and family therapy, home visiting and kinship navigator programs can offer relatives the support they need to keep children out of foster care and help them thrive.''--Generations United ____________________",https://api.govinfo.gov/related/CREC-2016-07-01-pt1-PgE1016-4,CREC,Proceedings of Congress and General Congressional Publications,2025-03-07T17:30:08Z,Congressional Record,package_114_291.csv,12219,0,12219,"[congressional record volume 162, number 106 (friday, july 1, 2016)] [extensions of remarks] [pages e1016-e1018] from the congressional record online through the government publishing office [ www.gpo.gov ] h.r. 5456 ______ hon. vern buchanan of florida in the house of representatives friday, july 1, 2016 mr. buchanan. mr. speaker, i submit the following on h.r. 5456, the family first prevention services act of 2016: voice for adoption, washington, dc, june 13, 2016. dear chairman brady and ranking member levin: dear chairman hatch and ranking member wyden: dear chairman buchanan and ranking member doggett: today i offer voice for adoption's full support of the proposed family first prevention services act (h.r. 5456). it takes historic and long overdue steps to direct federal child welfare dollars to improve outcomes for vulnerable children and families. i urge you to move toward a timely mark up in both the house and the senate so these vulnerable [[page e1017]] children do not have to wait longer for these important reforms. voice for adoption (vfa) is a national advocacy organization with a mission to speak in a single voice with policy-makers, representing the interests of more than 100,000 foster children awaiting adoption and the families who adopt them. the family first prevention services act would allow adoptive families to receive needed post-adoption services by allowing states to use title iv-e funds to pay for up to 12 months of family services that can prevent children from reentering foster care, and help keep the children safely in their adoptive families. while the families first prevention services act would delay final implementation of additional federal adoption assistance reimbursement for the adoptions of infants and toddlers, vfa is willing to support this delay as a way to extend needed services. vfa was pleased to see a government accountability office (gao) study that will examine compliance with the fostering connections to success and increasing adoptions act of 2008 (p.l. 110-135) requirement that states reinvest the state funds freed up by providing additional federal reimbursement. beyond the important post-adoption support this act will provide, the family first prevention services act takes important steps to ensure children who need care will be placed in the least-restrictive, most family-like setting appropriate to their needs. vfa will offer our continued support in the implementation of the families first prevention services act to ensure that the voice of the adoption community is heard--specifically to assure that the act does provide critical post-adoption services that assist in keeping children with their adoptive families and helps children to avoid reentering the foster care system and in crafting the gao report. vfa looks forward to working with all of you to make the proposed improvements for children in the family first prevention services act (h.r. 5456) a reality. thank you for your continuing leadership on behalf of the most vulnerable children and their families. sincerely yours, schylar baber, executive director. ____ ways and means committee family first prevention services act of 2016 strengthen families by providing evidence-based prevention services to keep children out of foster care and reduce inappropriate group home placements. support for the family first prevention services act (national) 1. aaj research & evaluation (florida) 2. adoption exchange association 3. adoptive and foster families of maine, inc and the kinship program 4. advocates for children and youth (maryland) 5. advocates for children of new jersey 6. alliance for strong families and communities 7. american academy of pediatrics (aap) 8. american bar association (aba) 9. american psychological association (apa) 10. american public human services association (aphsa) 11. arizona's children association 12. arkansas advocates for children and families 13. association of university centers on disability 14. brazelton touchpoints project, inc. 15. casa youth advocates (pennsylvania) 16. catholic charities usa 17. center for children's justice (pennsylvania) 18. center for native american youth 19. center for public priorities (texas) 20. center for the study of social policy (cssp) 21. child and family policy center (iowa) 22. child and family services of new hampshire 23. child care aware of america 24. child first, inc. 25. child welfare league of america 26. children & families first (delaware) 27. children and family futures 28. children awaiting parents (new york) 29. children first for oregon 30. children's action alliance (arizona) 31. children's advocacy alliance (nevada) 32. children's advocacy institute 33. children's defense fund--california 34. children's defense fund--minnesota 35. children's defense fund--mississippi 36. children's defense fund--new york 37. children's defense fund--texas 38. children's defense fund (cdf) 39. children's home + aid (illinois) 40. children's home society of america 41. children's home society of north carolina 42. children's hospital associations 43. children's hospital of wisconsin 44. children's leadership council 45. children's rights 46. citizens' committee for children of new york, inc. 47. coalition of human needs 48. conference of chief justices 49. conference of state court administrators 50. connecticut voices for children 51. corporation for supportive housing (csh) 52. dakota boys and girls ranch (north dakota) 53. every child matters 54. family policy alliance 55. first focus campaign for children (ffcc) 56. florida's children first, inc. 57. focus on the family 58. foster adopt connect 59. foster adopt connect (missouri and kansas) 60. foster club 61. foster family-based treatment association (feta) 62. generations united 63. governor gary r. herbert--state of utah 64. healthy teen network 65. home instruction for parents of preschool youngsters (hippy) 66. human rights project for girls (rights4girls) 67. illinois department of children & family services 68. juvenile law center (jlc) 69. juvenile law center (pennsylvania) 70. kansas appleseed 71. kentucky youth advocates 72. louisiana department of children and family services (dcfs) 73. lutheran social service of minnesota 74. lutheran social services of indiana 75. massachusetts adoption resource exchange 76. massachusetts law reform institute 77. michigan's children 78. nathan l. hecht--chief justice--the supreme court of texas 79. national african american drug policy coalition, inc. 80. national alliance of children's trust and prevention funds 81. national association for children of alcoholics 82. national association for children's behavioral health (nacbh) 83. national association of black social workers 84. national association of counsel for children 85. national association of pediatric nurse practitioners 86. national association of public child welfare administrators (napcwa) 87. national association of social workers 88. national association of state alcohol and drug abuse directors (nasadad) 89. national center on adoption and pregnancy 90. national center on child welfare and housing 91. national center on shared leadership 92. national child abuse coalition 93. national children's alliance 94. national family preservation network 95. national foster parent association 96. national foster parent association 97. national indian child welfare association 98. national kinship alliance for children 99. nebraska appleseed 100. new mexico voices for children 101. new york coalition for child welfare finance reform 102. north american council on adoptable children (nacac) 103. parents anonymous inc. 104. parents as teachers 105. partners for our children (washington) 106. pennsylvania partnerships for children 107. prevent child abuse america/healthy families america 108. ray e. helfer society 109. strengthening families all across america 110. the black administrators in child welfare, inc. 111. the center for law and social policy (clasp) 112. the children's hospital of philadelphia 113. the children's partnership (california) 114. the dalton daley group 115. the dave thomas foundation for adoption 116. the donaldson adoption institute, inc. 117. the mockingbird society 118. the national campaign to prevent teen and unplanned pregnancy 119. the national crittenton foundation (tncf) 120. the ounce of prevention fund (illinois) 121. the united states conference of catholic bishops' committee on domestic justice and human development 122. think of us 123. university of california davis guardian professions program 124. voice for adoption 125. voices (california) 126. voices for alabama's children 127. voices for children in nebraska 128. voices for ohio's children 129. voices for vermont's children 130. voices for virginia's children 131. ymca of san diego county, kinship support program 132. ymca of the usa 133. youth law center 134. youth law center (california) 135. youth villages 136. zero to three notable remarks ``[the families first prevention services act] not only recognizes the unique needs of children and families in adversity, but also makes great strides to meet them in a way that pediatricians can stand behind: through [[page e1018]] evidence-based, prevention-focused approaches. the bill offers states much-needed federal funding to support mental health, substance abuse and in-home parenting skills programs for families of children at-risk of entering foster care.''-- american academy of pediatrics ``[the family first prevention services act] takes historic and long overdue steps to direct federal child welfare dollars to improve outcomes for vulnerable children and families . . . [it] takes important steps to ensure children who need foster care will be placed in the least-restrictive most family-like setting appropriate to their needs, and gives special attention to children whose emotional or other special needs require residential treatment.''--children's defense fund ``we greatly appreciate the flexibility in federal funding for evidence-based prevention services and the strong focus in the [families first prevention services act] on child well-being''--children's hospital of wisconsin ``we strongly support the family first [prevention services] act and believe it would greatly improve the ability of child welfare agencies to keep children in their own homes and shorten their time in the system if they do enter.''--juvenile law center the [family first prevention services act] aligns very closely with what we consider an essential focus on preventing the occurrence and recurrence of child abuse and neglect whenever possible. it also supports the practice of keeping or returning kids safely home, rather than in foster care, whenever possible.''--massachusetts law reform institute ``federal support for prevention services will be a win-win for children and families throughout the country''--citizens' committee for children ``the act will expand the availability of such services and reflects the reality that many families, including adoptive families, need targeted, effective services to meet their children's needs and prevent foster care entry.''--north american council on adoptable children ``we firmly believe that far too many children are placed in group care for no therapeutic reason, which research suggests can harm children.''--north american council on adoptable children ``we feel that the [family first prevention services act] offers the important possibility of allowing funds to provide vital mental health, substance use and in-home services that could help children stay with their own families.''--child welfare league of america ``[the family first prevention services act] takes historic and long overdue steps to direct federal child welfare dollars to improve outcomes for vulnerable children and families.''--voice for adoption ``supports offered through the family first prevention services act such as individual and family therapy, home visiting and kinship navigator programs can offer relatives the support they need to keep children out of foster care and help them thrive.''--generations united ____________________",12219
CREC-2016-07-01-pt1-PgE1018-2,CREC-2016-07-01,2016-07-01,IN RECOGNITION OF THE STERLING VOLUNTEER FIRE COMPANY'S 50TH ANNIVERSARY,CREC,EXTENSIONS,E,E,1,https://www.govinfo.gov/app/details/CREC-2016-07-01/CREC-2016-07-01-pt1-PgE1018-2,https://api.govinfo.gov/packages/CREC-2016-07-01/granules/CREC-2016-07-01-pt1-PgE1018-2/htm,https://api.govinfo.gov/packages/CREC-2016-07-01/granules/CREC-2016-07-01-pt1-PgE1018-2/pdf,https://api.govinfo.gov/packages/CREC-2016-07-01/summary,"[Congressional Record Volume 162, Number 106 (Friday, July 1, 2016)] [Extensions of Remarks] [Page E1018] From the Congressional Record Online through the Government Publishing Office [ www.gpo.gov ] IN RECOGNITION OF THE STERLING VOLUNTEER FIRE COMPANY'S 50TH ANNIVERSARY ______ HON. BARBARA COMSTOCK of virginia in the house of representatives Friday, July 1, 2016 Mrs. COMSTOCK. Mr. Speaker, I rise to acknowledge the Sterling Volunteer Fire Company, which is celebrating its 50th year of service to the good citizens of the Sterling community this year. I would like to personally commend the courageous men and women who so selflessly volunteer themselves and put themselves in danger on behalf of neighbors, friends, and strangers, without asking anything in return. These brave citizens embody the very best of this nation's values through their service to our community and their exemplary performance in the line of duty. The Sterling Volunteer Fire Company has grown exponentially since its inception in 1966, which at the time was little more than an old barn on Holly Avenue housing a single tanker and two used pumpers. Within a short two years, this small institution had flourished, now settled into two larger locations: Station 11, which it shares with the Sterling Volunteer Rescue Squad, as well as Station 18, also known as SVRS 25. Even more recently, the company expanded into Station 24 in 2013. This is a clear testament to the outstanding work which is conducted by these everyday heroes and they are deserving of recognition. Mr. Speaker, it brings me immense pride to recognize such a fine group, and I sincerely hope that we all can live up to their tremendous example. I ask my colleagues to join me in congratulating the Sterling Volunteers. I wish them good luck and hope that they remain safe in the fulfillment of their future duties. ____________________",,"[Congressional Record Volume 162, Number 106 (Friday, July 1, 2016)] [Extensions of Remarks] [Page E1018] From the Congressional Record Online through the Government Publishing Office [ www.gpo.gov ] IN RECOGNITION OF THE STERLING VOLUNTEER FIRE COMPANY'S 50TH ANNIVERSARY ______ HON. BARBARA COMSTOCK of virginia in the house of representatives Friday, July 1, 2016 Mrs. COMSTOCK. Mr. Speaker, I rise to acknowledge the Sterling Volunteer Fire Company, which is celebrating its 50th year of service to the good citizens of the Sterling community this year. I would like to personally commend the courageous men and women who so selflessly volunteer themselves and put themselves in danger on behalf of neighbors, friends, and strangers, without asking anything in return. These brave citizens embody the very best of this nation's values through their service to our community and their exemplary performance in the line of duty. The Sterling Volunteer Fire Company has grown exponentially since its inception in 1966, which at the time was little more than an old barn on Holly Avenue housing a single tanker and two used pumpers. Within a short two years, this small institution had flourished, now settled into two larger locations: Station 11, which it shares with the Sterling Volunteer Rescue Squad, as well as Station 18, also known as SVRS 25. Even more recently, the company expanded into Station 24 in 2013. This is a clear testament to the outstanding work which is conducted by these everyday heroes and they are deserving of recognition. Mr. Speaker, it brings me immense pride to recognize such a fine group, and I sincerely hope that we all can live up to their tremendous example. I ask my colleagues to join me in congratulating the Sterling Volunteers. I wish them good luck and hope that they remain safe in the fulfillment of their future duties. ____________________",https://api.govinfo.gov/related/CREC-2016-07-01-pt1-PgE1018-2,CREC,Proceedings of Congress and General Congressional Publications,2025-03-07T17:30:08Z,Congressional Record,package_114_291.csv,1888,0,1888,"[congressional record volume 162, number 106 (friday, july 1, 2016)] [extensions of remarks] [page e1018] from the congressional record online through the government publishing office [ www.gpo.gov ] in recognition of the sterling volunteer fire company's 50th anniversary ______ hon. barbara comstock of virginia in the house of representatives friday, july 1, 2016 mrs. comstock. mr. speaker, i rise to acknowledge the sterling volunteer fire company, which is celebrating its 50th year of service to the good citizens of the sterling community this year. i would like to personally commend the courageous men and women who so selflessly volunteer themselves and put themselves in danger on behalf of neighbors, friends, and strangers, without asking anything in return. these brave citizens embody the very best of this nation's values through their service to our community and their exemplary performance in the line of duty. the sterling volunteer fire company has grown exponentially since its inception in 1966, which at the time was little more than an old barn on holly avenue housing a single tanker and two used pumpers. within a short two years, this small institution had flourished, now settled into two larger locations: station 11, which it shares with the sterling volunteer rescue squad, as well as station 18, also known as svrs 25. even more recently, the company expanded into station 24 in 2013. this is a clear testament to the outstanding work which is conducted by these everyday heroes and they are deserving of recognition. mr. speaker, it brings me immense pride to recognize such a fine group, and i sincerely hope that we all can live up to their tremendous example. i ask my colleagues to join me in congratulating the sterling volunteers. i wish them good luck and hope that they remain safe in the fulfillment of their future duties. ____________________",1888
CREC-2016-07-01-pt1-PgE1018,CREC-2016-07-01,2016-07-01,IN REMEMBRANCE OF CAPITOL HILL POLICE OFFICERS JOHN GIBSON AND JACOB CHESTNUT,CREC,EXTENSIONS,E,E,1,https://www.govinfo.gov/app/details/CREC-2016-07-01/CREC-2016-07-01-pt1-PgE1018,https://api.govinfo.gov/packages/CREC-2016-07-01/granules/CREC-2016-07-01-pt1-PgE1018/htm,https://api.govinfo.gov/packages/CREC-2016-07-01/granules/CREC-2016-07-01-pt1-PgE1018/pdf,https://api.govinfo.gov/packages/CREC-2016-07-01/summary,"[Congressional Record Volume 162, Number 106 (Friday, July 1, 2016)] [Extensions of Remarks] [Page E1018] From the Congressional Record Online through the Government Publishing Office [ www.gpo.gov ] IN REMEMBRANCE OF CAPITOL HILL POLICE OFFICERS JOHN GIBSON AND JACOB CHESTNUT ______ HON. SHEILA JACKSON LEE of texas in the house of representatives Friday, July 1, 2016 Ms. JACKSON LEE. Mr. Speaker, 18 years ago, the world tragically lost two Capitol police officers when a gunman shot his way into the Capitol and, in a barrage of violent chaos, took the lives of Officers John Gibson and Jacob J. Chestnut. I rise today to commemorate the tragic deaths of these two courageous officers, in the hopes of remembering that the safety we often take for granted here on Capitol Hill is both delicate and precious. On July 24, 1998, at a time when the Capitol was packed with tourists and staff alike, a gunman sparked mass panic and chaos when he shot his way through a security checkpoint, killing two Capitol police officers. The shooting was the first in the Capitol in nearly fifty years, and the worst since Congress first met in the Capitol in 1800. In just a moment, the tranquility of the Capitol was transformed into a scene of chaos and pandemonium, as staffers and tourists alike ran for their lives. After the shooter failed to bypass a security checkpoint's metal detector, he immediately shot and killed Officer Chestnut, and later exchanged gunfire with Officer Gibson before fatally shooting him as well. Having been wounded by Officer Gibson before he managed to fatally hit the Officer, the gunman was overwhelmed by Capitol officers soon thereafter. I rise today to remember and honor the lives of these fallen officers, who tragically died in true service of public safety, democracy, and the United States of America. While our beloved Capitol has fortunately not seen such a violent disregard for life since, it is important to remember that we are all united in the fragility and beauty of human life, and that it is easy to take for granted our basic safety in our day-to-day lives. As President John F. Kennedy once said, ``A man does what he must in spite of personal consequences, in spite of obstacles and dangers and pressures, and that is the basis of all human mortality.'' The lives of officers Chestnut and Gibson exemplified and embodied this idea in the most sincere way possible. They gave their lives in protection of ours, so that we may continue to effect positive change on our country. In the immediate aftermath of the shooting, the reaction of the Capitol was one of sadness, shock, and outrage. As we have said here before, however, ``The worst thing we can do is cower in fear. We will not shut down the Capitol.'' It is this attitude of remembrance and respect without any trace of fear or cowardice that we must take from the tragic deaths of these officers. As members of Congress, we must continue to remember the lives of the men who gave theirs for ours. But we must also learn from them. We must take with us the importance of continuing to stand for our country without fear or cowardice, as Officers Gibson and Chestnut once did for us. Today, we pause to commemorate and remember the brave officers who passed away eighteen years ago. Tomorrow, we take up the mantle that they once did for us. ____________________",,"[Congressional Record Volume 162, Number 106 (Friday, July 1, 2016)] [Extensions of Remarks] [Page E1018] From the Congressional Record Online through the Government Publishing Office [ www.gpo.gov ] IN REMEMBRANCE OF CAPITOL HILL POLICE OFFICERS JOHN GIBSON AND JACOB CHESTNUT ______ HON. SHEILA JACKSON LEE of texas in the house of representatives Friday, July 1, 2016 Ms. JACKSON LEE. Mr. Speaker, 18 years ago, the world tragically lost two Capitol police officers when a gunman shot his way into the Capitol and, in a barrage of violent chaos, took the lives of Officers John Gibson and Jacob J. Chestnut. I rise today to commemorate the tragic deaths of these two courageous officers, in the hopes of remembering that the safety we often take for granted here on Capitol Hill is both delicate and precious. On July 24, 1998, at a time when the Capitol was packed with tourists and staff alike, a gunman sparked mass panic and chaos when he shot his way through a security checkpoint, killing two Capitol police officers. The shooting was the first in the Capitol in nearly fifty years, and the worst since Congress first met in the Capitol in 1800. In just a moment, the tranquility of the Capitol was transformed into a scene of chaos and pandemonium, as staffers and tourists alike ran for their lives. After the shooter failed to bypass a security checkpoint's metal detector, he immediately shot and killed Officer Chestnut, and later exchanged gunfire with Officer Gibson before fatally shooting him as well. Having been wounded by Officer Gibson before he managed to fatally hit the Officer, the gunman was overwhelmed by Capitol officers soon thereafter. I rise today to remember and honor the lives of these fallen officers, who tragically died in true service of public safety, democracy, and the United States of America. While our beloved Capitol has fortunately not seen such a violent disregard for life since, it is important to remember that we are all united in the fragility and beauty of human life, and that it is easy to take for granted our basic safety in our day-to-day lives. As President John F. Kennedy once said, ``A man does what he must in spite of personal consequences, in spite of obstacles and dangers and pressures, and that is the basis of all human mortality.'' The lives of officers Chestnut and Gibson exemplified and embodied this idea in the most sincere way possible. They gave their lives in protection of ours, so that we may continue to effect positive change on our country. In the immediate aftermath of the shooting, the reaction of the Capitol was one of sadness, shock, and outrage. As we have said here before, however, ``The worst thing we can do is cower in fear. We will not shut down the Capitol.'' It is this attitude of remembrance and respect without any trace of fear or cowardice that we must take from the tragic deaths of these officers. As members of Congress, we must continue to remember the lives of the men who gave theirs for ours. But we must also learn from them. We must take with us the importance of continuing to stand for our country without fear or cowardice, as Officers Gibson and Chestnut once did for us. Today, we pause to commemorate and remember the brave officers who passed away eighteen years ago. Tomorrow, we take up the mantle that they once did for us. ____________________",https://api.govinfo.gov/related/CREC-2016-07-01-pt1-PgE1018,CREC,Proceedings of Congress and General Congressional Publications,2025-03-07T17:30:08Z,Congressional Record,package_114_291.csv,3368,0,3368,"[congressional record volume 162, number 106 (friday, july 1, 2016)] [extensions of remarks] [page e1018] from the congressional record online through the government publishing office [ www.gpo.gov ] in remembrance of capitol hill police officers john gibson and jacob chestnut ______ hon. sheila jackson lee of texas in the house of representatives friday, july 1, 2016 ms. jackson lee. mr. speaker, 18 years ago, the world tragically lost two capitol police officers when a gunman shot his way into the capitol and, in a barrage of violent chaos, took the lives of officers john gibson and jacob j. chestnut. i rise today to commemorate the tragic deaths of these two courageous officers, in the hopes of remembering that the safety we often take for granted here on capitol hill is both delicate and precious. on july 24, 1998, at a time when the capitol was packed with tourists and staff alike, a gunman sparked mass panic and chaos when he shot his way through a security checkpoint, killing two capitol police officers. the shooting was the first in the capitol in nearly fifty years, and the worst since congress first met in the capitol in 1800. in just a moment, the tranquility of the capitol was transformed into a scene of chaos and pandemonium, as staffers and tourists alike ran for their lives. after the shooter failed to bypass a security checkpoint's metal detector, he immediately shot and killed officer chestnut, and later exchanged gunfire with officer gibson before fatally shooting him as well. having been wounded by officer gibson before he managed to fatally hit the officer, the gunman was overwhelmed by capitol officers soon thereafter. i rise today to remember and honor the lives of these fallen officers, who tragically died in true service of public safety, democracy, and the united states of america. while our beloved capitol has fortunately not seen such a violent disregard for life since, it is important to remember that we are all united in the fragility and beauty of human life, and that it is easy to take for granted our basic safety in our day-to-day lives. as president john f. kennedy once said, ``a man does what he must in spite of personal consequences, in spite of obstacles and dangers and pressures, and that is the basis of all human mortality.'' the lives of officers chestnut and gibson exemplified and embodied this idea in the most sincere way possible. they gave their lives in protection of ours, so that we may continue to effect positive change on our country. in the immediate aftermath of the shooting, the reaction of the capitol was one of sadness, shock, and outrage. as we have said here before, however, ``the worst thing we can do is cower in fear. we will not shut down the capitol.'' it is this attitude of remembrance and respect without any trace of fear or cowardice that we must take from the tragic deaths of these officers. as members of congress, we must continue to remember the lives of the men who gave theirs for ours. but we must also learn from them. we must take with us the importance of continuing to stand for our country without fear or cowardice, as officers gibson and chestnut once did for us. today, we pause to commemorate and remember the brave officers who passed away eighteen years ago. tomorrow, we take up the mantle that they once did for us. ____________________",3368
CREC-2016-07-01-pt1-PgE1018-3,CREC-2016-07-01,2016-07-01,"IN HONOR OF BRENT OFFENBERGER, LUKE OFFENBERGER, AND CHRIS ATWELL FOR THEIR RESCUE OF THREE NAVY HELICOPTER CREWMEMBERS",CREC,EXTENSIONS,E,E,1,https://www.govinfo.gov/app/details/CREC-2016-07-01/CREC-2016-07-01-pt1-PgE1018-3,https://api.govinfo.gov/packages/CREC-2016-07-01/granules/CREC-2016-07-01-pt1-PgE1018-3/htm,https://api.govinfo.gov/packages/CREC-2016-07-01/granules/CREC-2016-07-01-pt1-PgE1018-3/pdf,https://api.govinfo.gov/packages/CREC-2016-07-01/summary,"[Congressional Record Volume 162, Number 106 (Friday, July 1, 2016)] [Extensions of Remarks] [Pages E1018-E1019] From the Congressional Record Online through the Government Publishing Office [ www.gpo.gov ] IN HONOR OF BRENT OFFENBERGER, LUKE OFFENBERGER, AND CHRIS ATWELL FOR THEIR RESCUE OF THREE NAVY HELICOPTER CREWMEMBERS ______ HON. RICHARD HUDSON of north carolina in the house of representatives Friday, July 1, 2016 Mr. HUDSON. Mr. Speaker, I rise today to recognize Brent Offenberger, Luke Offenberger, and Chris Atwell for their heroic efforts in rescuing three U.S. Navy helicopter crew members who crashed into the James River during a routine training mission on June 14, 2016. All three men should be recognized for their selfless attitude and willingness to help those in need. Brent Offenberger was fishing with his son, Luke, and father-in-law, Chris, when they saw a U.S. Navy MH-60S helicopter flying at low altitude near their boat. While it is not uncommon to see helicopters in the area, the men noticed the helicopter was having issues as it began to hover a mere ten feet above the surface, throwing water into the air. Soon after, the propeller hit a metal buoy and shattered into pieces. Immediately after the propeller hit [[Page E1019]] the buoy, the men sprang into action to lend assistance to the crew. Approximately 30 seconds after the helicopter went down, the family was at the crash site and began assisting the crew members who were in the water. Because of the swift actions of these men, the entire crew was pulled to safety without any serious injuries. While the Navy is still investigating the incident to find out what went wrong, I am thankful these good Samaritans were there to lend a hand. It is an honor to celebrate their actions today. Mr. Speaker, please join me today in recognizing these fine men for exhibiting bravery and fortitude in helping rescue the crew of the downed U.S. Navy helicopter. ____________________",,"[Congressional Record Volume 162, Number 106 (Friday, July 1, 2016)] [Extensions of Remarks] [Pages E1018-E1019] From the Congressional Record Online through the Government Publishing Office [ www.gpo.gov ] IN HONOR OF BRENT OFFENBERGER, LUKE OFFENBERGER, AND CHRIS ATWELL FOR THEIR RESCUE OF THREE NAVY HELICOPTER CREWMEMBERS ______ HON. RICHARD HUDSON of north carolina in the house of representatives Friday, July 1, 2016 Mr. HUDSON. Mr. Speaker, I rise today to recognize Brent Offenberger, Luke Offenberger, and Chris Atwell for their heroic efforts in rescuing three U.S. Navy helicopter crew members who crashed into the James River during a routine training mission on June 14, 2016. All three men should be recognized for their selfless attitude and willingness to help those in need. Brent Offenberger was fishing with his son, Luke, and father-in-law, Chris, when they saw a U.S. Navy MH-60S helicopter flying at low altitude near their boat. While it is not uncommon to see helicopters in the area, the men noticed the helicopter was having issues as it began to hover a mere ten feet above the surface, throwing water into the air. Soon after, the propeller hit a metal buoy and shattered into pieces. Immediately after the propeller hit [[Page E1019]] the buoy, the men sprang into action to lend assistance to the crew. Approximately 30 seconds after the helicopter went down, the family was at the crash site and began assisting the crew members who were in the water. Because of the swift actions of these men, the entire crew was pulled to safety without any serious injuries. While the Navy is still investigating the incident to find out what went wrong, I am thankful these good Samaritans were there to lend a hand. It is an honor to celebrate their actions today. Mr. Speaker, please join me today in recognizing these fine men for exhibiting bravery and fortitude in helping rescue the crew of the downed U.S. Navy helicopter. ____________________",https://api.govinfo.gov/related/CREC-2016-07-01-pt1-PgE1018-3,CREC,Proceedings of Congress and General Congressional Publications,2025-03-07T17:30:08Z,Congressional Record,package_114_291.csv,1971,0,1971,"[congressional record volume 162, number 106 (friday, july 1, 2016)] [extensions of remarks] [pages e1018-e1019] from the congressional record online through the government publishing office [ www.gpo.gov ] in honor of brent offenberger, luke offenberger, and chris atwell for their rescue of three navy helicopter crewmembers ______ hon. richard hudson of north carolina in the house of representatives friday, july 1, 2016 mr. hudson. mr. speaker, i rise today to recognize brent offenberger, luke offenberger, and chris atwell for their heroic efforts in rescuing three u.s. navy helicopter crew members who crashed into the james river during a routine training mission on june 14, 2016. all three men should be recognized for their selfless attitude and willingness to help those in need. brent offenberger was fishing with his son, luke, and father-in-law, chris, when they saw a u.s. navy mh-60s helicopter flying at low altitude near their boat. while it is not uncommon to see helicopters in the area, the men noticed the helicopter was having issues as it began to hover a mere ten feet above the surface, throwing water into the air. soon after, the propeller hit a metal buoy and shattered into pieces. immediately after the propeller hit [[page e1019]] the buoy, the men sprang into action to lend assistance to the crew. approximately 30 seconds after the helicopter went down, the family was at the crash site and began assisting the crew members who were in the water. because of the swift actions of these men, the entire crew was pulled to safety without any serious injuries. while the navy is still investigating the incident to find out what went wrong, i am thankful these good samaritans were there to lend a hand. it is an honor to celebrate their actions today. mr. speaker, please join me today in recognizing these fine men for exhibiting bravery and fortitude in helping rescue the crew of the downed u.s. navy helicopter. ____________________",1971
CREC-2016-07-01-pt1-PgE1019,CREC-2016-07-01,2016-07-01,COMMEMORATING THE 99TH ANNIVERSARY OF THE PASSAGE OF THE NATIONAL PARK SERVICE ACT,CREC,EXTENSIONS,E,E,1,https://www.govinfo.gov/app/details/CREC-2016-07-01/CREC-2016-07-01-pt1-PgE1019,https://api.govinfo.gov/packages/CREC-2016-07-01/granules/CREC-2016-07-01-pt1-PgE1019/htm,https://api.govinfo.gov/packages/CREC-2016-07-01/granules/CREC-2016-07-01-pt1-PgE1019/pdf,https://api.govinfo.gov/packages/CREC-2016-07-01/summary,"[Congressional Record Volume 162, Number 106 (Friday, July 1, 2016)] [Extensions of Remarks] [Page E1019] From the Congressional Record Online through the Government Publishing Office [ www.gpo.gov ] COMMEMORATING THE 99TH ANNIVERSARY OF THE PASSAGE OF THE NATIONAL PARK SERVICE ACT ______ HON. SHEILA JACKSON LEE of texas in the house of representatives Friday, July 1, 2016 Ms. JACKSON LEE. Mr. Speaker, I rise today to commemorate the centennial anniversary of the passage of the ``National Park Service Act''. Because of the ``National Park Service Act,'' the history and heritage of America is being preserved to teach and inspire future generations. Since the mid-19th century, the National Park Service is responsible for carrying out the Historic Sites, Buildings, and Antiquities Act, the National Historic Preservation Act, and other laws relating to protecting and preserving sites that illustrate America's history. The Centennial is about celebrating the achievements of the past 100 years, but today is about the future. Today is the start of a second century of stewardship. As many as 407 national parks inspire community-based recreation, conservation, and history preservation programs that positively impact their own communities. According to the National Park Service, the economic contributions brought to the United States economy was $32 billion dollars in economic output and provided 295,000 jobs nationwide. Texas is a proud home to 14 National Parks, 20 National Natural Landmarks, and 46 National Historic Landmarks. In areas surrounding Houston, Texas, there are wonderful national parks including the Brazos Bend State Park, Galveston Island State Park, Huntsville State Park, Stephen F. Austin State Park and Lake Livingston State Park. Tourists also enjoy educational sites and centers in the Houston Area as well, including the Sheldon Lake State Park and Environmental Learning Center, the Fanthorp Inn State Historic Site, and the San Jacinto Battleground State Historic Site. It's no wonder that in 2015, 5,044,926 people visited national parks in Texas. National Park Service estimates tourism in Texas contributed $372.6 million in economic output and supplied 4,100 jobs statewide. The Centennial of the National Park Service is a day we acknowledge and celebrate the fruits of our investment, for every dollar invested in the National Park Service generates $10 in economic activity. Investing in protecting America's National Parks is the right thing to do for our environment, for our people, and for our economy. On the birthday of our nation's National Park Service, let us continue robust investment in protecting our environment and also improving the lives of millions of people. I also want to commemorate the bipartisan efforts made leading to this day through passing H.R. 1068, ``Title 54, United States Code, National Park System,'' becoming a law in December of 2014. As we recall the great efforts made by Congress in the past century, let us also bear in mind the importance of continued bipartisan support as we embark upon this next century of protecting our beloved national parks. ____________________",,"[Congressional Record Volume 162, Number 106 (Friday, July 1, 2016)] [Extensions of Remarks] [Page E1019] From the Congressional Record Online through the Government Publishing Office [ www.gpo.gov ] COMMEMORATING THE 99TH ANNIVERSARY OF THE PASSAGE OF THE NATIONAL PARK SERVICE ACT ______ HON. SHEILA JACKSON LEE of texas in the house of representatives Friday, July 1, 2016 Ms. JACKSON LEE. Mr. Speaker, I rise today to commemorate the centennial anniversary of the passage of the ``National Park Service Act''. Because of the ``National Park Service Act,'' the history and heritage of America is being preserved to teach and inspire future generations. Since the mid-19th century, the National Park Service is responsible for carrying out the Historic Sites, Buildings, and Antiquities Act, the National Historic Preservation Act, and other laws relating to protecting and preserving sites that illustrate America's history. The Centennial is about celebrating the achievements of the past 100 years, but today is about the future. Today is the start of a second century of stewardship. As many as 407 national parks inspire community-based recreation, conservation, and history preservation programs that positively impact their own communities. According to the National Park Service, the economic contributions brought to the United States economy was $32 billion dollars in economic output and provided 295,000 jobs nationwide. Texas is a proud home to 14 National Parks, 20 National Natural Landmarks, and 46 National Historic Landmarks. In areas surrounding Houston, Texas, there are wonderful national parks including the Brazos Bend State Park, Galveston Island State Park, Huntsville State Park, Stephen F. Austin State Park and Lake Livingston State Park. Tourists also enjoy educational sites and centers in the Houston Area as well, including the Sheldon Lake State Park and Environmental Learning Center, the Fanthorp Inn State Historic Site, and the San Jacinto Battleground State Historic Site. It's no wonder that in 2015, 5,044,926 people visited national parks in Texas. National Park Service estimates tourism in Texas contributed $372.6 million in economic output and supplied 4,100 jobs statewide. The Centennial of the National Park Service is a day we acknowledge and celebrate the fruits of our investment, for every dollar invested in the National Park Service generates $10 in economic activity. Investing in protecting America's National Parks is the right thing to do for our environment, for our people, and for our economy. On the birthday of our nation's National Park Service, let us continue robust investment in protecting our environment and also improving the lives of millions of people. I also want to commemorate the bipartisan efforts made leading to this day through passing H.R. 1068, ``Title 54, United States Code, National Park System,'' becoming a law in December of 2014. As we recall the great efforts made by Congress in the past century, let us also bear in mind the importance of continued bipartisan support as we embark upon this next century of protecting our beloved national parks. ____________________",https://api.govinfo.gov/related/CREC-2016-07-01-pt1-PgE1019,CREC,Proceedings of Congress and General Congressional Publications,2025-03-07T17:30:08Z,Congressional Record,package_114_291.csv,3161,0,3161,"[congressional record volume 162, number 106 (friday, july 1, 2016)] [extensions of remarks] [page e1019] from the congressional record online through the government publishing office [ www.gpo.gov ] commemorating the 99th anniversary of the passage of the national park service act ______ hon. sheila jackson lee of texas in the house of representatives friday, july 1, 2016 ms. jackson lee. mr. speaker, i rise today to commemorate the centennial anniversary of the passage of the ``national park service act''. because of the ``national park service act,'' the history and heritage of america is being preserved to teach and inspire future generations. since the mid-19th century, the national park service is responsible for carrying out the historic sites, buildings, and antiquities act, the national historic preservation act, and other laws relating to protecting and preserving sites that illustrate america's history. the centennial is about celebrating the achievements of the past 100 years, but today is about the future. today is the start of a second century of stewardship. as many as 407 national parks inspire community-based recreation, conservation, and history preservation programs that positively impact their own communities. according to the national park service, the economic contributions brought to the united states economy was $32 billion dollars in economic output and provided 295,000 jobs nationwide. texas is a proud home to 14 national parks, 20 national natural landmarks, and 46 national historic landmarks. in areas surrounding houston, texas, there are wonderful national parks including the brazos bend state park, galveston island state park, huntsville state park, stephen f. austin state park and lake livingston state park. tourists also enjoy educational sites and centers in the houston area as well, including the sheldon lake state park and environmental learning center, the fanthorp inn state historic site, and the san jacinto battleground state historic site. it's no wonder that in 2015, 5,044,926 people visited national parks in texas. national park service estimates tourism in texas contributed $372.6 million in economic output and supplied 4,100 jobs statewide. the centennial of the national park service is a day we acknowledge and celebrate the fruits of our investment, for every dollar invested in the national park service generates $10 in economic activity. investing in protecting america's national parks is the right thing to do for our environment, for our people, and for our economy. on the birthday of our nation's national park service, let us continue robust investment in protecting our environment and also improving the lives of millions of people. i also want to commemorate the bipartisan efforts made leading to this day through passing h.r. 1068, ``title 54, united states code, national park system,'' becoming a law in december of 2014. as we recall the great efforts made by congress in the past century, let us also bear in mind the importance of continued bipartisan support as we embark upon this next century of protecting our beloved national parks. ____________________",3161
CREC-2016-07-01-pt1-PgE1019-2,CREC-2016-07-01,2016-07-01,IN HONOR OF ANDREW SHAPIRO'S SIGNIFICANT ACCOMPLISHMENT TO RAISE MONEY TO FIGHT CANCER,CREC,EXTENSIONS,E,E,1,https://www.govinfo.gov/app/details/CREC-2016-07-01/CREC-2016-07-01-pt1-PgE1019-2,https://api.govinfo.gov/packages/CREC-2016-07-01/granules/CREC-2016-07-01-pt1-PgE1019-2/htm,https://api.govinfo.gov/packages/CREC-2016-07-01/granules/CREC-2016-07-01-pt1-PgE1019-2/pdf,https://api.govinfo.gov/packages/CREC-2016-07-01/summary,"[Congressional Record Volume 162, Number 106 (Friday, July 1, 2016)] [Extensions of Remarks] [Page E1019] From the Congressional Record Online through the Government Publishing Office [ www.gpo.gov ] IN HONOR OF ANDREW SHAPIRO'S SIGNIFICANT ACCOMPLISHMENT TO RAISE MONEY TO FIGHT CANCER ______ HON. BARBARA COMSTOCK of virginia in the house of representatives Friday, July 1, 2016 Mrs. COMSTOCK. Mr. Speaker, please allow me to take a moment to recognize the significant accomplishments of Andrew Shapiro, a remarkable individual from my district. A junior at Langley High School in McLean, Virginia, Andrew has dedicated his time to breaking three world records in the name of cancer research. Andrew's passion for combating cancer is laudable. Inspired by his father's battle against colon cancer, over the past year Andrew dedicated his time and energy towards training for the Relay For Life event held in Fairfax County, Virginia. Preparing for several months, Andrew broke the world records for the most pullups over 6-hour, 12-hour, and 24-hour periods on Saturday, May 14th, as part of the annual fundraiser. Andrew completed 7,306 pullups over the course of 18 hours, raising over $7,000 dollars for the American Cancer Society. It is estimated that there will be 43,190 new cancer diagnoses in Virginia alone, resulting in an estimated 14,910 deaths. The money that Andrew raised will go towards giving cancer patients and caregivers free lodging for a year at an American Cancer Society Hope Lodge. This enables patients to concentrate less on how they will afford to stay near their treatment centers, and more on staying strong in their fight against cancer. In the future, Andrew hopes to qualify for American Ninja Warrior, a sports entertainment competition in which athletes compete in a series of obstacle courses that increase in difficulty at each stage. In closing, Mr. Speaker, I ask that my colleagues join me in sending our most sincere congratulations to Andrew Shapiro for his athletic accomplishments and fundraising efforts for the American Cancer Society. His actions will have an incredible impact on others who have also been affected by cancer. ____________________",,"[Congressional Record Volume 162, Number 106 (Friday, July 1, 2016)] [Extensions of Remarks] [Page E1019] From the Congressional Record Online through the Government Publishing Office [ www.gpo.gov ] IN HONOR OF ANDREW SHAPIRO'S SIGNIFICANT ACCOMPLISHMENT TO RAISE MONEY TO FIGHT CANCER ______ HON. BARBARA COMSTOCK of virginia in the house of representatives Friday, July 1, 2016 Mrs. COMSTOCK. Mr. Speaker, please allow me to take a moment to recognize the significant accomplishments of Andrew Shapiro, a remarkable individual from my district. A junior at Langley High School in McLean, Virginia, Andrew has dedicated his time to breaking three world records in the name of cancer research. Andrew's passion for combating cancer is laudable. Inspired by his father's battle against colon cancer, over the past year Andrew dedicated his time and energy towards training for the Relay For Life event held in Fairfax County, Virginia. Preparing for several months, Andrew broke the world records for the most pullups over 6-hour, 12-hour, and 24-hour periods on Saturday, May 14th, as part of the annual fundraiser. Andrew completed 7,306 pullups over the course of 18 hours, raising over $7,000 dollars for the American Cancer Society. It is estimated that there will be 43,190 new cancer diagnoses in Virginia alone, resulting in an estimated 14,910 deaths. The money that Andrew raised will go towards giving cancer patients and caregivers free lodging for a year at an American Cancer Society Hope Lodge. This enables patients to concentrate less on how they will afford to stay near their treatment centers, and more on staying strong in their fight against cancer. In the future, Andrew hopes to qualify for American Ninja Warrior, a sports entertainment competition in which athletes compete in a series of obstacle courses that increase in difficulty at each stage. In closing, Mr. Speaker, I ask that my colleagues join me in sending our most sincere congratulations to Andrew Shapiro for his athletic accomplishments and fundraising efforts for the American Cancer Society. His actions will have an incredible impact on others who have also been affected by cancer. ____________________",https://api.govinfo.gov/related/CREC-2016-07-01-pt1-PgE1019-2,CREC,Proceedings of Congress and General Congressional Publications,2025-03-07T17:30:08Z,Congressional Record,package_114_291.csv,2197,0,2197,"[congressional record volume 162, number 106 (friday, july 1, 2016)] [extensions of remarks] [page e1019] from the congressional record online through the government publishing office [ www.gpo.gov ] in honor of andrew shapiro's significant accomplishment to raise money to fight cancer ______ hon. barbara comstock of virginia in the house of representatives friday, july 1, 2016 mrs. comstock. mr. speaker, please allow me to take a moment to recognize the significant accomplishments of andrew shapiro, a remarkable individual from my district. a junior at langley high school in mclean, virginia, andrew has dedicated his time to breaking three world records in the name of cancer research. andrew's passion for combating cancer is laudable. inspired by his father's battle against colon cancer, over the past year andrew dedicated his time and energy towards training for the relay for life event held in fairfax county, virginia. preparing for several months, andrew broke the world records for the most pullups over 6-hour, 12-hour, and 24-hour periods on saturday, may 14th, as part of the annual fundraiser. andrew completed 7,306 pullups over the course of 18 hours, raising over $7,000 dollars for the american cancer society. it is estimated that there will be 43,190 new cancer diagnoses in virginia alone, resulting in an estimated 14,910 deaths. the money that andrew raised will go towards giving cancer patients and caregivers free lodging for a year at an american cancer society hope lodge. this enables patients to concentrate less on how they will afford to stay near their treatment centers, and more on staying strong in their fight against cancer. in the future, andrew hopes to qualify for american ninja warrior, a sports entertainment competition in which athletes compete in a series of obstacle courses that increase in difficulty at each stage. in closing, mr. speaker, i ask that my colleagues join me in sending our most sincere congratulations to andrew shapiro for his athletic accomplishments and fundraising efforts for the american cancer society. his actions will have an incredible impact on others who have also been affected by cancer. ____________________",2197
CREC-2016-07-01-pt1-PgE1019-3,CREC-2016-07-01,2016-07-01,HISPANIC HERITAGE MONTH,CREC,EXTENSIONS,E,E,1,https://www.govinfo.gov/app/details/CREC-2016-07-01/CREC-2016-07-01-pt1-PgE1019-3,https://api.govinfo.gov/packages/CREC-2016-07-01/granules/CREC-2016-07-01-pt1-PgE1019-3/htm,https://api.govinfo.gov/packages/CREC-2016-07-01/granules/CREC-2016-07-01-pt1-PgE1019-3/pdf,https://api.govinfo.gov/packages/CREC-2016-07-01/summary,"[Congressional Record Volume 162, Number 106 (Friday, July 1, 2016)] [Extensions of Remarks] [Page E1019] From the Congressional Record Online through the Government Publishing Office [ www.gpo.gov ] HISPANIC HERITAGE MONTH ______ HON. SHEILA JACKSON LEE of texas in the house of representatives Friday, July 1, 2016 Ms. JACKSON LEE. Mr. Speaker, I am pleased to speak today on the importance of Hispanic Heritage Month (HHM.) American society today embraces a remarkable breadth of cultures, and Hispanics are an integral part of this diversity. The Hispanic American community is a beautiful array of distinct groups, including people with roots in Central and South America, Mexico, the Caribbean, and Spain. In 1968 President Lyndon Johnson designated a National Hispanic Heritage Week because of the growing impact of the Latin American culture in shaping the nation and society. The week was expanded in 1988 to a 31-day period to provide all Americans the opportunity to participate and commemorate the contributions of the Hispanic culture to mainstream America. Today in communities across the nation millions of American families come together to celebrate in this facet of American culture and participate in traditional comidas and fiestas. There are over 54 million Hispanics living in the U.S. and Hispanics continue to be the fastest growing ethnic group. Harris County has the second largest Hispanic population in the United States. In 2010, 43.8 percent of the Houston population identified as Hispanic or Latino in the Census. On behalf of my constituents and in my duties as a U.S. Representative, I am committed to speaking up for the rights of Hispanics and confronting the issues that affect them. From lowering the uninsured rates and fighting to make higher education more affordable, to championing an increase in the minimum wage and addressing the economic challenges facing working women and families, my colleagues and I will continue working for the Latino community's top priorities. Devoted to family, faith, country, and hard work, Hispanic Americans bring unique and bountiful perspectives and experiences to our national community and character. The vibrant Hispanic influence can be seen in all aspects of American life and culture, from distinctive cuisine to colorful festivals, and from the rhythms and melodies of traditional music to the contagious beat of today's most popular songs. The Hispanic community has persevered in the face of discrimination and hardships. While significant barriers still stand in our way, I will continue fighting with a strong commitment, to achieve comprehensive immigration reform and to support an inclusive and unified country.",,"[Congressional Record Volume 162, Number 106 (Friday, July 1, 2016)] [Extensions of Remarks] [Page E1019] From the Congressional Record Online through the Government Publishing Office [ www.gpo.gov ] HISPANIC HERITAGE MONTH ______ HON. SHEILA JACKSON LEE of texas in the house of representatives Friday, July 1, 2016 Ms. JACKSON LEE. Mr. Speaker, I am pleased to speak today on the importance of Hispanic Heritage Month (HHM.) American society today embraces a remarkable breadth of cultures, and Hispanics are an integral part of this diversity. The Hispanic American community is a beautiful array of distinct groups, including people with roots in Central and South America, Mexico, the Caribbean, and Spain. In 1968 President Lyndon Johnson designated a National Hispanic Heritage Week because of the growing impact of the Latin American culture in shaping the nation and society. The week was expanded in 1988 to a 31-day period to provide all Americans the opportunity to participate and commemorate the contributions of the Hispanic culture to mainstream America. Today in communities across the nation millions of American families come together to celebrate in this facet of American culture and participate in traditional comidas and fiestas. There are over 54 million Hispanics living in the U.S. and Hispanics continue to be the fastest growing ethnic group. Harris County has the second largest Hispanic population in the United States. In 2010, 43.8 percent of the Houston population identified as Hispanic or Latino in the Census. On behalf of my constituents and in my duties as a U.S. Representative, I am committed to speaking up for the rights of Hispanics and confronting the issues that affect them. From lowering the uninsured rates and fighting to make higher education more affordable, to championing an increase in the minimum wage and addressing the economic challenges facing working women and families, my colleagues and I will continue working for the Latino community's top priorities. Devoted to family, faith, country, and hard work, Hispanic Americans bring unique and bountiful perspectives and experiences to our national community and character. The vibrant Hispanic influence can be seen in all aspects of American life and culture, from distinctive cuisine to colorful festivals, and from the rhythms and melodies of traditional music to the contagious beat of today's most popular songs. The Hispanic community has persevered in the face of discrimination and hardships. While significant barriers still stand in our way, I will continue fighting with a strong commitment, to achieve comprehensive immigration reform and to support an inclusive and unified country.",https://api.govinfo.gov/related/CREC-2016-07-01-pt1-PgE1019-3,CREC,Proceedings of Congress and General Congressional Publications,2025-03-07T17:30:08Z,Congressional Record,package_114_291.csv,2704,0,2704,"[congressional record volume 162, number 106 (friday, july 1, 2016)] [extensions of remarks] [page e1019] from the congressional record online through the government publishing office [ www.gpo.gov ] hispanic heritage month ______ hon. sheila jackson lee of texas in the house of representatives friday, july 1, 2016 ms. jackson lee. mr. speaker, i am pleased to speak today on the importance of hispanic heritage month (hhm.) american society today embraces a remarkable breadth of cultures, and hispanics are an integral part of this diversity. the hispanic american community is a beautiful array of distinct groups, including people with roots in central and south america, mexico, the caribbean, and spain. in 1968 president lyndon johnson designated a national hispanic heritage week because of the growing impact of the latin american culture in shaping the nation and society. the week was expanded in 1988 to a 31-day period to provide all americans the opportunity to participate and commemorate the contributions of the hispanic culture to mainstream america. today in communities across the nation millions of american families come together to celebrate in this facet of american culture and participate in traditional comidas and fiestas. there are over 54 million hispanics living in the u.s. and hispanics continue to be the fastest growing ethnic group. harris county has the second largest hispanic population in the united states. in 2010, 43.8 percent of the houston population identified as hispanic or latino in the census. on behalf of my constituents and in my duties as a u.s. representative, i am committed to speaking up for the rights of hispanics and confronting the issues that affect them. from lowering the uninsured rates and fighting to make higher education more affordable, to championing an increase in the minimum wage and addressing the economic challenges facing working women and families, my colleagues and i will continue working for the latino community's top priorities. devoted to family, faith, country, and hard work, hispanic americans bring unique and bountiful perspectives and experiences to our national community and character. the vibrant hispanic influence can be seen in all aspects of american life and culture, from distinctive cuisine to colorful festivals, and from the rhythms and melodies of traditional music to the contagious beat of today's most popular songs. the hispanic community has persevered in the face of discrimination and hardships. while significant barriers still stand in our way, i will continue fighting with a strong commitment, to achieve comprehensive immigration reform and to support an inclusive and unified country.",2704
CREC-2016-07-01-pt1-PgH4193,CREC-2016-07-01,2016-07-01,"PETITIONS, ETC.",CREC,HOUSE,H,H,1,https://www.govinfo.gov/app/details/CREC-2016-07-01/CREC-2016-07-01-pt1-PgH4193,https://api.govinfo.gov/packages/CREC-2016-07-01/granules/CREC-2016-07-01-pt1-PgH4193/htm,https://api.govinfo.gov/packages/CREC-2016-07-01/granules/CREC-2016-07-01-pt1-PgH4193/pdf,https://api.govinfo.gov/packages/CREC-2016-07-01/summary,"[Congressional Record Volume 162, Number 106 (Friday, July 1, 2016)] [House] [Page H4193] From the Congressional Record Online through the Government Publishing Office [ www.gpo.gov ] PETITIONS, ETC. Under clause 3 of rule XII, 72. The SPEAKER presented a petition of the Franklin Area School District, Franklin, Pennsylvania, relative to Resolution No. 2, supporting the plaintiffs in the William Penn School District lawsuit; which was referred jointly to the Committees on Education and the Workforce and the Judiciary.",,"[Congressional Record Volume 162, Number 106 (Friday, July 1, 2016)] [House] [Page H4193] From the Congressional Record Online through the Government Publishing Office [ www.gpo.gov ] PETITIONS, ETC. Under clause 3 of rule XII, 72. The SPEAKER presented a petition of the Franklin Area School District, Franklin, Pennsylvania, relative to Resolution No. 2, supporting the plaintiffs in the William Penn School District lawsuit; which was referred jointly to the Committees on Education and the Workforce and the Judiciary.",https://api.govinfo.gov/related/CREC-2016-07-01-pt1-PgH4193,CREC,Proceedings of Congress and General Congressional Publications,2025-03-07T17:30:08Z,Congressional Record,package_114_291.csv,522,0,522,"[congressional record volume 162, number 106 (friday, july 1, 2016)] [house] [page h4193] from the congressional record online through the government publishing office [ www.gpo.gov ] petitions, etc. under clause 3 of rule xii, 72. the speaker presented a petition of the franklin area school district, franklin, pennsylvania, relative to resolution no. 2, supporting the plaintiffs in the william penn school district lawsuit; which was referred jointly to the committees on education and the workforce and the judiciary.",522
CREC-2016-07-01-pt1-PgD736-2,CREC-2016-07-01,2016-07-01,Daily Digest/Senate Committee Meetings,CREC,DAILYDIGEST,,D,1,https://www.govinfo.gov/app/details/CREC-2016-07-01/CREC-2016-07-01-pt1-PgD736-2,https://api.govinfo.gov/packages/CREC-2016-07-01/granules/CREC-2016-07-01-pt1-PgD736-2/htm,https://api.govinfo.gov/packages/CREC-2016-07-01/granules/CREC-2016-07-01-pt1-PgD736-2/pdf,https://api.govinfo.gov/packages/CREC-2016-07-01/summary,"[Congressional Record Volume 162, Number 106 (Friday, July 1, 2016)] [Daily Digest] [Page D736] From the Congressional Record Online through the Government Publishing Office [ www.gpo.gov ] Committee Meetings No committee meetings were held.",,"[Congressional Record Volume 162, Number 106 (Friday, July 1, 2016)] [Daily Digest] [Page D736] From the Congressional Record Online through the Government Publishing Office [ www.gpo.gov ] Committee Meetings No committee meetings were held.",https://api.govinfo.gov/related/CREC-2016-07-01-pt1-PgD736-2,CREC,Proceedings of Congress and General Congressional Publications,2025-03-07T17:30:08Z,Congressional Record,package_114_291.csv,241,0,241,"[congressional record volume 162, number 106 (friday, july 1, 2016)] [daily digest] [page d736] from the congressional record online through the government publishing office [ www.gpo.gov ] committee meetings no committee meetings were held.",241
CREC-2016-07-01-pt1-PgD736,CREC-2016-07-01,2016-07-01,Daily Digest/Senate,CREC,DAILYDIGEST,,D,1,https://www.govinfo.gov/app/details/CREC-2016-07-01/CREC-2016-07-01-pt1-PgD736,https://api.govinfo.gov/packages/CREC-2016-07-01/granules/CREC-2016-07-01-pt1-PgD736/htm,https://api.govinfo.gov/packages/CREC-2016-07-01/granules/CREC-2016-07-01-pt1-PgD736/pdf,https://api.govinfo.gov/packages/CREC-2016-07-01/summary,"[Congressional Record Volume 162, Number 106 (Friday, July 1, 2016)] [Daily Digest] [Page D736] From the Congressional Record Online through the Government Publishing Office [ www.gpo.gov ] Friday, July 1, 2016 [[Page D736]] Daily Digest Senate Chamber Action The Senate met at 9:30:02 a.m. in pro forma session, and adjourned at 9:30:39 a.m. until 9 a.m., on Tuesday, July 5, 2016.",,"[Congressional Record Volume 162, Number 106 (Friday, July 1, 2016)] [Daily Digest] [Page D736] From the Congressional Record Online through the Government Publishing Office [ www.gpo.gov ] Friday, July 1, 2016 [[Page D736]] Daily Digest Senate Chamber Action The Senate met at 9:30:02 a.m. in pro forma session, and adjourned at 9:30:39 a.m. until 9 a.m., on Tuesday, July 5, 2016.",https://api.govinfo.gov/related/CREC-2016-07-01-pt1-PgD736,CREC,Proceedings of Congress and General Congressional Publications,2025-03-07T17:30:08Z,Congressional Record,package_114_291.csv,382,0,382,"[congressional record volume 162, number 106 (friday, july 1, 2016)] [daily digest] [page d736] from the congressional record online through the government publishing office [ www.gpo.gov ] friday, july 1, 2016 [[page d736]] daily digest senate chamber action the senate met at 9:30:02 a.m. in pro forma session, and adjourned at 9:30:39 a.m. until 9 a.m., on tuesday, july 5, 2016.",382
CREC-2016-07-01-pt1-PgD736-3,CREC-2016-07-01,2016-07-01,Daily Digest/House of Representatives,CREC,DAILYDIGEST,,D,1,https://www.govinfo.gov/app/details/CREC-2016-07-01/CREC-2016-07-01-pt1-PgD736-3,https://api.govinfo.gov/packages/CREC-2016-07-01/granules/CREC-2016-07-01-pt1-PgD736-3/htm,https://api.govinfo.gov/packages/CREC-2016-07-01/granules/CREC-2016-07-01-pt1-PgD736-3/pdf,https://api.govinfo.gov/packages/CREC-2016-07-01/summary,"[Congressional Record Volume 162, Number 106 (Friday, July 1, 2016)] [Daily Digest] [Pages D736-D737] From the Congressional Record Online through the Government Publishing Office [ www.gpo.gov ] House of Representatives Chamber Action Public Bills and Resolutions Introduced: 8 public bills, H.R. 5611- 5618, were introduced. Pages H4191-92 Additional Cosponsors: Pages H4192-93 Reports Filed: Reports were filed today as follows: H.R. 4685, to take certain Federal lands located in Tulare County, California, into trust for the benefit of the Tule River Indian Tribe, and for other purposes (H. Rept. 114-649); H.R. 5244, to provide for the establishment of a national memorial and national monument to commemorate those killed by the collapse of the Saint Francis Dam on March 12, 1928, and for other purposes, with an amendment (H. Rept. 114-650); H.R. 3844, to establish the Energy and Minerals Reclamation Foundation to encourage, obtain, and use gifts, devises, and bequests for projects to reclaim abandoned mine lands and orphan oil and gas well sites, and for other purposes, with amendments (H. Rept. 114-651); H.R. 5391, to amend the Homeland Security Act of 2002 to enhance certain duties of the Domestic Nuclear Detection Office, and for other purposes (H. Rept. 114-652); H.R. 5056, to modernize and enhance airport perimeter and access control security by requiring updated risk assessments and the development of security strategies, and for other purposes (H. Rept. 114-653); and H.R. 5064, to amend the Small Business Act to allow small business development centers to assist and advise small business concerns on relevant cyber security matters, and for other purposes, with an amendment (H. Rept. 114-654, Part 1). Page H4191 Speaker: Read a letter from the Speaker wherein he appointed Representative Meadows to act as Speaker pro tempore for today. Page H4189 Guest Chaplain: The prayer was offered by the Guest Chaplain, Reverend Dr. Patricia Lyons, Christ Church, Washington, DC. Page H4189 Legislative Counsel of the House of Representatives: Read a letter from Sandra L. Strokoff, wherein she resigned from her position as Legislative Counsel of the House of Representatives, effective at the close of business August 1, 2016. Subsequently, the Speaker accepted the resignation and appointed Ernest Ballou, Jr. as Legislative Counsel of the House of Representatives. Page H4190 Senate Messages: Messages received from the Senate by the Clerk and subsequently presented to the House today appear on pages H4189. Senate Referrals: S. 2829 was referred to the Committee on Armed Services, the Committee on Transportation and Infrastructure, the Committee on Natural Resources, the Committee on Veterans' Affairs, the Committee on the Judiciary, and the Committee on Oversight and Government Reform. S. 1479 was referred to the Committee on Energy and Commerce and the Committee on Transportation and Infrastructure. Page H4190 Quorum Calls--Votes: There were no yea-and-nay votes, and there were no recorded votes. There were no quorum calls. [[Page D737]] Adjournment: The House met at 9 a.m. and adjourned at 9:05 a.m.",,"[Congressional Record Volume 162, Number 106 (Friday, July 1, 2016)] [Daily Digest] [Pages D736-D737] From the Congressional Record Online through the Government Publishing Office [ www.gpo.gov ] House of Representatives Chamber Action Public Bills and Resolutions Introduced: 8 public bills, H.R. 5611- 5618, were introduced. Pages H4191-92 Additional Cosponsors: Pages H4192-93 Reports Filed: Reports were filed today as follows: H.R. 4685, to take certain Federal lands located in Tulare County, California, into trust for the benefit of the Tule River Indian Tribe, and for other purposes (H. Rept. 114-649); H.R. 5244, to provide for the establishment of a national memorial and national monument to commemorate those killed by the collapse of the Saint Francis Dam on March 12, 1928, and for other purposes, with an amendment (H. Rept. 114-650); H.R. 3844, to establish the Energy and Minerals Reclamation Foundation to encourage, obtain, and use gifts, devises, and bequests for projects to reclaim abandoned mine lands and orphan oil and gas well sites, and for other purposes, with amendments (H. Rept. 114-651); H.R. 5391, to amend the Homeland Security Act of 2002 to enhance certain duties of the Domestic Nuclear Detection Office, and for other purposes (H. Rept. 114-652); H.R. 5056, to modernize and enhance airport perimeter and access control security by requiring updated risk assessments and the development of security strategies, and for other purposes (H. Rept. 114-653); and H.R. 5064, to amend the Small Business Act to allow small business development centers to assist and advise small business concerns on relevant cyber security matters, and for other purposes, with an amendment (H. Rept. 114-654, Part 1). Page H4191 Speaker: Read a letter from the Speaker wherein he appointed Representative Meadows to act as Speaker pro tempore for today. Page H4189 Guest Chaplain: The prayer was offered by the Guest Chaplain, Reverend Dr. Patricia Lyons, Christ Church, Washington, DC. Page H4189 Legislative Counsel of the House of Representatives: Read a letter from Sandra L. Strokoff, wherein she resigned from her position as Legislative Counsel of the House of Representatives, effective at the close of business August 1, 2016. Subsequently, the Speaker accepted the resignation and appointed Ernest Ballou, Jr. as Legislative Counsel of the House of Representatives. Page H4190 Senate Messages: Messages received from the Senate by the Clerk and subsequently presented to the House today appear on pages H4189. Senate Referrals: S. 2829 was referred to the Committee on Armed Services, the Committee on Transportation and Infrastructure, the Committee on Natural Resources, the Committee on Veterans' Affairs, the Committee on the Judiciary, and the Committee on Oversight and Government Reform. S. 1479 was referred to the Committee on Energy and Commerce and the Committee on Transportation and Infrastructure. Page H4190 Quorum Calls--Votes: There were no yea-and-nay votes, and there were no recorded votes. There were no quorum calls. [[Page D737]] Adjournment: The House met at 9 a.m. and adjourned at 9:05 a.m.",https://api.govinfo.gov/related/CREC-2016-07-01-pt1-PgD736-3,CREC,Proceedings of Congress and General Congressional Publications,2025-03-07T17:30:08Z,Congressional Record,package_114_291.csv,3144,0,3144,"[congressional record volume 162, number 106 (friday, july 1, 2016)] [daily digest] [pages d736-d737] from the congressional record online through the government publishing office [ www.gpo.gov ] house of representatives chamber action public bills and resolutions introduced: 8 public bills, h.r. 5611- 5618, were introduced. pages h4191-92 additional cosponsors: pages h4192-93 reports filed: reports were filed today as follows: h.r. 4685, to take certain federal lands located in tulare county, california, into trust for the benefit of the tule river indian tribe, and for other purposes (h. rept. 114-649); h.r. 5244, to provide for the establishment of a national memorial and national monument to commemorate those killed by the collapse of the saint francis dam on march 12, 1928, and for other purposes, with an amendment (h. rept. 114-650); h.r. 3844, to establish the energy and minerals reclamation foundation to encourage, obtain, and use gifts, devises, and bequests for projects to reclaim abandoned mine lands and orphan oil and gas well sites, and for other purposes, with amendments (h. rept. 114-651); h.r. 5391, to amend the homeland security act of 2002 to enhance certain duties of the domestic nuclear detection office, and for other purposes (h. rept. 114-652); h.r. 5056, to modernize and enhance airport perimeter and access control security by requiring updated risk assessments and the development of security strategies, and for other purposes (h. rept. 114-653); and h.r. 5064, to amend the small business act to allow small business development centers to assist and advise small business concerns on relevant cyber security matters, and for other purposes, with an amendment (h. rept. 114-654, part 1). page h4191 speaker: read a letter from the speaker wherein he appointed representative meadows to act as speaker pro tempore for today. page h4189 guest chaplain: the prayer was offered by the guest chaplain, reverend dr. patricia lyons, christ church, washington, dc. page h4189 legislative counsel of the house of representatives: read a letter from sandra l. strokoff, wherein she resigned from her position as legislative counsel of the house of representatives, effective at the close of business august 1, 2016. subsequently, the speaker accepted the resignation and appointed ernest ballou, jr. as legislative counsel of the house of representatives. page h4190 senate messages: messages received from the senate by the clerk and subsequently presented to the house today appear on pages h4189. senate referrals: s. 2829 was referred to the committee on armed services, the committee on transportation and infrastructure, the committee on natural resources, the committee on veterans' affairs, the committee on the judiciary, and the committee on oversight and government reform. s. 1479 was referred to the committee on energy and commerce and the committee on transportation and infrastructure. page h4190 quorum calls--votes: there were no yea-and-nay votes, and there were no recorded votes. there were no quorum calls. [[page d737]] adjournment: the house met at 9 a.m. and adjourned at 9:05 a.m.",3144
CREC-2016-07-01-pt1-PgD737-2,CREC-2016-07-01,2016-07-01,Daily Digest/COMMITTEE MEETINGS FOR 2016-07-05,CREC,DAILYDIGEST,,D,1,https://www.govinfo.gov/app/details/CREC-2016-07-01/CREC-2016-07-01-pt1-PgD737-2,https://api.govinfo.gov/packages/CREC-2016-07-01/granules/CREC-2016-07-01-pt1-PgD737-2/htm,https://api.govinfo.gov/packages/CREC-2016-07-01/granules/CREC-2016-07-01-pt1-PgD737-2/pdf,https://api.govinfo.gov/packages/CREC-2016-07-01/summary,"[Congressional Record Volume 162, Number 106 (Friday, July 1, 2016)] [Daily Digest] [Page D737] From the Congressional Record Online through the Government Publishing Office [ www.gpo.gov ] COMMITTEE MEETINGS FOR TUESDAY, JULY 5, 2016 (Committee meetings are open unless otherwise indicated) Senate No meetings/hearings scheduled. House Committee on Rules, Full Committee, hearing on H.R. 4361, the ``Federal Information Systems Safeguards Act of 2016''; and the ``Homeland Safety and Security Act'', 5 p.m., H-313 Capitol.",,"[Congressional Record Volume 162, Number 106 (Friday, July 1, 2016)] [Daily Digest] [Page D737] From the Congressional Record Online through the Government Publishing Office [ www.gpo.gov ] COMMITTEE MEETINGS FOR TUESDAY, JULY 5, 2016 (Committee meetings are open unless otherwise indicated) Senate No meetings/hearings scheduled. House Committee on Rules, Full Committee, hearing on H.R. 4361, the ``Federal Information Systems Safeguards Act of 2016''; and the ``Homeland Safety and Security Act'', 5 p.m., H-313 Capitol.",https://api.govinfo.gov/related/CREC-2016-07-01-pt1-PgD737-2,CREC,Proceedings of Congress and General Congressional Publications,2025-03-07T17:30:08Z,Congressional Record,package_114_291.csv,523,0,523,"[congressional record volume 162, number 106 (friday, july 1, 2016)] [daily digest] [page d737] from the congressional record online through the government publishing office [ www.gpo.gov ] committee meetings for tuesday, july 5, 2016 (committee meetings are open unless otherwise indicated) senate no meetings/hearings scheduled. house committee on rules, full committee, hearing on h.r. 4361, the ``federal information systems safeguards act of 2016''; and the ``homeland safety and security act'', 5 p.m., h-313 capitol.",523
CREC-2016-07-01-pt1-PgD737-3,CREC-2016-07-01,2016-07-01,Daily Digest/Next Meeting of the SENATE + Next Meeting of the HOUSE OF REPRESENTATIVES + Other End Matter,CREC,DAILYDIGEST,,D,1,https://www.govinfo.gov/app/details/CREC-2016-07-01/CREC-2016-07-01-pt1-PgD737-3,https://api.govinfo.gov/packages/CREC-2016-07-01/granules/CREC-2016-07-01-pt1-PgD737-3/htm,https://api.govinfo.gov/packages/CREC-2016-07-01/granules/CREC-2016-07-01-pt1-PgD737-3/pdf,https://api.govinfo.gov/packages/CREC-2016-07-01/summary,"[Congressional Record Volume 162, Number 106 (Friday, July 1, 2016)] [Daily Digest] [Pages D737-D738] From the Congressional Record Online through the Government Publishing Office [ www.gpo.gov ] CONGRESSIONAL RECORD (USPS 087-390). The Periodicals postage is paid at Washington, D.C. The public proceedings of each House of Congress, as reported by the Official Reporters thereof, are printed pursuant to directions of the Joint Committee on Printing as authorized by appropriate provisions of Title 44, United States Code, and published for each day that one or both Houses are in session, excepting very infrequent instances when two or more unusually small consecutive issues are printed one time. Public access to the Congressional Record is available online through the U.S. Government Publishing Office, at www.fdsys.gov , free of charge to the user. The information is updated online each day the Congressional Record is published. For more information, contact the GPO Customer Contact Center, U.S. Government Publishing Office. Phone 202-512-1800, or 866-512-1800 (toll-free). E-Mail, contactcenter@gpo.gov . To place an order for any of these products, visit the U.S. Government Online Bookstore at: bookstore.gpo.gov. Mail orders to: Superintendent of Documents, P.O. Box 979050, St. Louis, MO 63197-9000, or phone orders to 866-512 091800 (toll-free), 202-512-1800 (D.C. area), or fax to 202-512-2104. Remit check or money order, made payable to the Superintendent of Documents, or use VISA, MasterCard, Discover, American Express, or GPO Deposit Account. Following each session of Congress, the daily Congressional Record is revised, printed, permanently bound and sold by the Superintendent of Documents in individual parts or by sets. With the exception of copyrighted articles, there are no restrictions on the republication of material from the Congressional Record. POSTMASTER: Send address changes to the Superintendent of Documents, Congressional Record, U.S. Government Publishing Office, Washington, D.C. 20402, along with the entire mailing label from the last issue received. [[Page D738]] _______________________________________________________________________ Next Meeting of the SENATE 9 a.m., Tuesday, July 5 Senate Chamber Program for Tuesday: Senate will meet in a pro forma session. Next Meeting of the HOUSE OF REPRESENTATIVES 12 noon, Tuesday, July 5 House Chamber Program for Tuesday: To be announced. _______________________________________________________________________ Extensions of Remarks, as inserted in this issue HOUSE Bass, Karen, Calif., E1013 Buchanan, Vern, Fla., E1016 Comstock, Barbara, Va., E1014, E1014, E1015, E1016, E1018, E1019 Gosar, Paul A., Ariz., E1013, E1014 Hudson, Richard, N.C., E1018 Jackson Lee, Sheila, Tex., E1013, E1014, E1015, E1015, E1016, E1018, E1019, E1019 McCaul, Michael T., Tex., E1014, E1016 McCollum, Betty, Minn., E1015",,"[Congressional Record Volume 162, Number 106 (Friday, July 1, 2016)] [Daily Digest] [Pages D737-D738] From the Congressional Record Online through the Government Publishing Office [ www.gpo.gov ] CONGRESSIONAL RECORD (USPS 087-390). The Periodicals postage is paid at Washington, D.C. The public proceedings of each House of Congress, as reported by the Official Reporters thereof, are printed pursuant to directions of the Joint Committee on Printing as authorized by appropriate provisions of Title 44, United States Code, and published for each day that one or both Houses are in session, excepting very infrequent instances when two or more unusually small consecutive issues are printed one time. Public access to the Congressional Record is available online through the U.S. Government Publishing Office, at www.fdsys.gov , free of charge to the user. The information is updated online each day the Congressional Record is published. For more information, contact the GPO Customer Contact Center, U.S. Government Publishing Office. Phone 202-512-1800, or 866-512-1800 (toll-free). E-Mail, contactcenter@gpo.gov . To place an order for any of these products, visit the U.S. Government Online Bookstore at: bookstore.gpo.gov. Mail orders to: Superintendent of Documents, P.O. Box 979050, St. Louis, MO 63197-9000, or phone orders to 866-512 091800 (toll-free), 202-512-1800 (D.C. area), or fax to 202-512-2104. Remit check or money order, made payable to the Superintendent of Documents, or use VISA, MasterCard, Discover, American Express, or GPO Deposit Account. Following each session of Congress, the daily Congressional Record is revised, printed, permanently bound and sold by the Superintendent of Documents in individual parts or by sets. With the exception of copyrighted articles, there are no restrictions on the republication of material from the Congressional Record. POSTMASTER: Send address changes to the Superintendent of Documents, Congressional Record, U.S. Government Publishing Office, Washington, D.C. 20402, along with the entire mailing label from the last issue received. [[Page D738]] _______________________________________________________________________ Next Meeting of the SENATE 9 a.m., Tuesday, July 5 Senate Chamber Program for Tuesday: Senate will meet in a pro forma session. Next Meeting of the HOUSE OF REPRESENTATIVES 12 noon, Tuesday, July 5 House Chamber Program for Tuesday: To be announced. _______________________________________________________________________ Extensions of Remarks, as inserted in this issue HOUSE Bass, Karen, Calif., E1013 Buchanan, Vern, Fla., E1016 Comstock, Barbara, Va., E1014, E1014, E1015, E1016, E1018, E1019 Gosar, Paul A., Ariz., E1013, E1014 Hudson, Richard, N.C., E1018 Jackson Lee, Sheila, Tex., E1013, E1014, E1015, E1015, E1016, E1018, E1019, E1019 McCaul, Michael T., Tex., E1014, E1016 McCollum, Betty, Minn., E1015",https://api.govinfo.gov/related/CREC-2016-07-01-pt1-PgD737-3,CREC,Proceedings of Congress and General Congressional Publications,2025-03-07T17:30:08Z,Congressional Record,package_114_291.csv,2899,0,2899,"[congressional record volume 162, number 106 (friday, july 1, 2016)] [daily digest] [pages d737-d738] from the congressional record online through the government publishing office [ www.gpo.gov ] congressional record (usps 087-390). the periodicals postage is paid at washington, d.c. the public proceedings of each house of congress, as reported by the official reporters thereof, are printed pursuant to directions of the joint committee on printing as authorized by appropriate provisions of title 44, united states code, and published for each day that one or both houses are in session, excepting very infrequent instances when two or more unusually small consecutive issues are printed one time. public access to the congressional record is available online through the u.s. government publishing office, at www.fdsys.gov , free of charge to the user. the information is updated online each day the congressional record is published. for more information, contact the gpo customer contact center, u.s. government publishing office. phone 202-512-1800, or 866-512-1800 (toll-free). e-mail, contactcenter@gpo.gov . to place an order for any of these products, visit the u.s. government online bookstore at: bookstore.gpo.gov. mail orders to: superintendent of documents, p.o. box 979050, st. louis, mo 63197-9000, or phone orders to 866-512 091800 (toll-free), 202-512-1800 (d.c. area), or fax to 202-512-2104. remit check or money order, made payable to the superintendent of documents, or use visa, mastercard, discover, american express, or gpo deposit account. following each session of congress, the daily congressional record is revised, printed, permanently bound and sold by the superintendent of documents in individual parts or by sets. with the exception of copyrighted articles, there are no restrictions on the republication of material from the congressional record. postmaster: send address changes to the superintendent of documents, congressional record, u.s. government publishing office, washington, d.c. 20402, along with the entire mailing label from the last issue received. [[page d738]] _______________________________________________________________________ next meeting of the senate 9 a.m., tuesday, july 5 senate chamber program for tuesday: senate will meet in a pro forma session. next meeting of the house of representatives 12 noon, tuesday, july 5 house chamber program for tuesday: to be announced. _______________________________________________________________________ extensions of remarks, as inserted in this issue house bass, karen, calif., e1013 buchanan, vern, fla., e1016 comstock, barbara, va., e1014, e1014, e1015, e1016, e1018, e1019 gosar, paul a., ariz., e1013, e1014 hudson, richard, n.c., e1018 jackson lee, sheila, tex., e1013, e1014, e1015, e1015, e1016, e1018, e1019, e1019 mccaul, michael t., tex., e1014, e1016 mccollum, betty, minn., e1015",2899
CREC-2016-07-01-pt1-PgD737,CREC-2016-07-01,2016-07-01,Daily Digest/House Committee Meetings,CREC,DAILYDIGEST,,D,1,https://www.govinfo.gov/app/details/CREC-2016-07-01/CREC-2016-07-01-pt1-PgD737,https://api.govinfo.gov/packages/CREC-2016-07-01/granules/CREC-2016-07-01-pt1-PgD737/htm,https://api.govinfo.gov/packages/CREC-2016-07-01/granules/CREC-2016-07-01-pt1-PgD737/pdf,https://api.govinfo.gov/packages/CREC-2016-07-01/summary,"[Congressional Record Volume 162, Number 106 (Friday, July 1, 2016)] [Daily Digest] [Page D737] From the Congressional Record Online through the Government Publishing Office [ www.gpo.gov ] Committee Meetings No hearings were held. Joint Meetings No joint committee meetings were held.",,"[Congressional Record Volume 162, Number 106 (Friday, July 1, 2016)] [Daily Digest] [Page D737] From the Congressional Record Online through the Government Publishing Office [ www.gpo.gov ] Committee Meetings No hearings were held. Joint Meetings No joint committee meetings were held.",https://api.govinfo.gov/related/CREC-2016-07-01-pt1-PgD737,CREC,Proceedings of Congress and General Congressional Publications,2025-03-07T17:30:08Z,Congressional Record,package_114_291.csv,285,0,285,"[congressional record volume 162, number 106 (friday, july 1, 2016)] [daily digest] [page d737] from the congressional record online through the government publishing office [ www.gpo.gov ] committee meetings no hearings were held. joint meetings no joint committee meetings were held.",285
