granuleId,packageId,date,title,collectionCode,granuleClass,chamber,pagePrefix,bookNumber,detailsLink,txtLink,pdfLink,packageLink,text_readability,text_bs4,parsed_text,relatedLink,docClass,category,lastModified,collectionName,__source_file,text_readability_len,text_bs4_len,parsed_text_len,search_text,search_text_len
CREC-2015-01-30-pt1-PgH665-2,CREC-2015-01-30,2015-01-30,DESIGNATION OF THE SPEAKER PRO TEMPORE,CREC,HOUSE,H,H,1,https://www.govinfo.gov/app/details/CREC-2015-01-30/CREC-2015-01-30-pt1-PgH665-2,https://api.govinfo.gov/packages/CREC-2015-01-30/granules/CREC-2015-01-30-pt1-PgH665-2/htm,https://api.govinfo.gov/packages/CREC-2015-01-30/granules/CREC-2015-01-30-pt1-PgH665-2/pdf,https://api.govinfo.gov/packages/CREC-2015-01-30/summary,"[Congressional Record Volume 161, Number 16 (Friday, January 30, 2015)] [House] [Page H665] From the Congressional Record Online through the Government Publishing Office [ www.gpo.gov ] DESIGNATION OF THE SPEAKER PRO TEMPORE The SPEAKER pro tempore laid before the House the following communication from the Speaker: Washington, DC, January 30, 2015. I hereby appoint the Honorable Thomas J. Rooney to act as Speaker pro tempore on this day. John A. Boehner, Speaker of the House of Representatives. ____________________",,"[Congressional Record Volume 161, Number 16 (Friday, January 30, 2015)] [House] [Page H665] From the Congressional Record Online through the Government Publishing Office [ www.gpo.gov ] DESIGNATION OF THE SPEAKER PRO TEMPORE The SPEAKER pro tempore laid before the House the following communication from the Speaker: Washington, DC, January 30, 2015. I hereby appoint the Honorable Thomas J. Rooney to act as Speaker pro tempore on this day. John A. Boehner, Speaker of the House of Representatives. ____________________",https://api.govinfo.gov/related/CREC-2015-01-30-pt1-PgH665-2,CREC,Proceedings of Congress and General Congressional Publications,2025-03-07T17:22:16Z,Congressional Record,package_114_15.csv,520,0,520,"[congressional record volume 161, number 16 (friday, january 30, 2015)] [house] [page h665] from the congressional record online through the government publishing office [ www.gpo.gov ] designation of the speaker pro tempore the speaker pro tempore laid before the house the following communication from the speaker: washington, dc, january 30, 2015. i hereby appoint the honorable thomas j. rooney to act as speaker pro tempore on this day. john a. boehner, speaker of the house of representatives. ____________________",520
CREC-2015-01-30-pt1-PgH665,CREC-2015-01-30,2015-01-30,House of Representatives,CREC,HOUSE,H,H,1,https://www.govinfo.gov/app/details/CREC-2015-01-30/CREC-2015-01-30-pt1-PgH665,https://api.govinfo.gov/packages/CREC-2015-01-30/granules/CREC-2015-01-30-pt1-PgH665/htm,https://api.govinfo.gov/packages/CREC-2015-01-30/granules/CREC-2015-01-30-pt1-PgH665/pdf,https://api.govinfo.gov/packages/CREC-2015-01-30/summary,"[Congressional Record Volume 161, Number 16 (Friday, January 30, 2015)] [House] [Page H665] From the Congressional Record Online through the Government Publishing Office [ www.gpo.gov ] [[Page H665]] ----------------------------------------------------------------------- House of Representatives The House met at 2 p.m. and was called to order by the Speaker pro tempore (Mr. Rooney). ____________________",,"[Congressional Record Volume 161, Number 16 (Friday, January 30, 2015)] [House] [Page H665] From the Congressional Record Online through the Government Publishing Office [ www.gpo.gov ] [[Page H665]] ----------------------------------------------------------------------- House of Representatives The House met at 2 p.m. and was called to order by the Speaker pro tempore (Mr. Rooney). ____________________",https://api.govinfo.gov/related/CREC-2015-01-30-pt1-PgH665,CREC,Proceedings of Congress and General Congressional Publications,2025-03-07T17:22:16Z,Congressional Record,package_114_15.csv,406,0,406,"[congressional record volume 161, number 16 (friday, january 30, 2015)] [house] [page h665] from the congressional record online through the government publishing office [ www.gpo.gov ] [[page h665]] ----------------------------------------------------------------------- house of representatives the house met at 2 p.m. and was called to order by the speaker pro tempore (mr. rooney). ____________________",406
CREC-2015-01-30-pt1-PgH-FrontMatter-2,CREC-2015-01-30,2015-01-30,CONGRESSIONAL RECORD,CREC,HOUSE,H,H,1,https://www.govinfo.gov/app/details/CREC-2015-01-30/CREC-2015-01-30-pt1-PgH-FrontMatter-2,https://api.govinfo.gov/packages/CREC-2015-01-30/granules/CREC-2015-01-30-pt1-PgH-FrontMatter-2/htm,https://api.govinfo.gov/packages/CREC-2015-01-30/granules/CREC-2015-01-30-pt1-PgH-FrontMatter-2/pdf,https://api.govinfo.gov/packages/CREC-2015-01-30/summary,"[Congressional Record Volume 161, Number 16 (Friday, January 30, 2015)] [House] [Page H665] From the Congressional Record Online through the Government Publishing Office [ www.gpo.gov ] CONGRESSIONAL RECORD United States of America American eagle (seal) PROCEEDINGS AND DEBATES OF THE 114th CONGRESS, FIRST SESSION ------------------------------------------------------------------------- This symbol represents the time of day during the House proceedings, e.g.,1407 is 2:07 p.m. Matter set in this typeface Indicates words inserted or appended, rather than spoken, by a Member of the House on the floor. -------------------------------------------------------------------------- (seal) recycle Printed on recycled paper. Vol. 161 WASHINGTON, FRIDAY, JANUARY 30, 2015 No. 16",,"[Congressional Record Volume 161, Number 16 (Friday, January 30, 2015)] [House] [Page H665] From the Congressional Record Online through the Government Publishing Office [ www.gpo.gov ] CONGRESSIONAL RECORD United States of America American eagle (seal) PROCEEDINGS AND DEBATES OF THE 114th CONGRESS, FIRST SESSION ------------------------------------------------------------------------- This symbol represents the time of day during the House proceedings, e.g.,1407 is 2:07 p.m. Matter set in this typeface Indicates words inserted or appended, rather than spoken, by a Member of the House on the floor. -------------------------------------------------------------------------- (seal) recycle Printed on recycled paper. Vol. 161 WASHINGTON, FRIDAY, JANUARY 30, 2015 No. 16",https://api.govinfo.gov/related/CREC-2015-01-30-pt1-PgH-FrontMatter-2,CREC,Proceedings of Congress and General Congressional Publications,2025-03-07T17:22:16Z,Congressional Record,package_114_15.csv,775,0,775,"[congressional record volume 161, number 16 (friday, january 30, 2015)] [house] [page h665] from the congressional record online through the government publishing office [ www.gpo.gov ] congressional record united states of america american eagle (seal) proceedings and debates of the 114th congress, first session ------------------------------------------------------------------------- this symbol represents the time of day during the house proceedings, e.g.,1407 is 2:07 p.m. matter set in this typeface indicates words inserted or appended, rather than spoken, by a member of the house on the floor. -------------------------------------------------------------------------- (seal) recycle printed on recycled paper. vol. 161 washington, friday, january 30, 2015 no. 16",775
CREC-2015-01-30-pt1-PgH665-4,CREC-2015-01-30,2015-01-30,THE JOURNAL,CREC,HOUSE,H,H,1,https://www.govinfo.gov/app/details/CREC-2015-01-30/CREC-2015-01-30-pt1-PgH665-4,https://api.govinfo.gov/packages/CREC-2015-01-30/granules/CREC-2015-01-30-pt1-PgH665-4/htm,https://api.govinfo.gov/packages/CREC-2015-01-30/granules/CREC-2015-01-30-pt1-PgH665-4/pdf,https://api.govinfo.gov/packages/CREC-2015-01-30/summary,"[Congressional Record Volume 161, Number 16 (Friday, January 30, 2015)] [House] [Page H665] From the Congressional Record Online through the Government Publishing Office [ www.gpo.gov ] THE JOURNAL The SPEAKER pro tempore. The Chair has examined the Journal of the last day's proceedings and announces to the House his approval thereof. Pursuant to clause 1, rule I, the Journal stands approved. ____________________",,"[Congressional Record Volume 161, Number 16 (Friday, January 30, 2015)] [House] [Page H665] From the Congressional Record Online through the Government Publishing Office [ www.gpo.gov ] THE JOURNAL The SPEAKER pro tempore. The Chair has examined the Journal of the last day's proceedings and announces to the House his approval thereof. Pursuant to clause 1, rule I, the Journal stands approved. ____________________",https://api.govinfo.gov/related/CREC-2015-01-30-pt1-PgH665-4,CREC,Proceedings of Congress and General Congressional Publications,2025-03-07T17:22:16Z,Congressional Record,package_114_15.csv,416,0,416,"[congressional record volume 161, number 16 (friday, january 30, 2015)] [house] [page h665] from the congressional record online through the government publishing office [ www.gpo.gov ] the journal the speaker pro tempore. the chair has examined the journal of the last day's proceedings and announces to the house his approval thereof. pursuant to clause 1, rule i, the journal stands approved. ____________________",416
CREC-2015-01-30-pt1-PgH665-3,CREC-2015-01-30,2015-01-30,PRAYER,CREC,HOUSE,H,H,1,https://www.govinfo.gov/app/details/CREC-2015-01-30/CREC-2015-01-30-pt1-PgH665-3,https://api.govinfo.gov/packages/CREC-2015-01-30/granules/CREC-2015-01-30-pt1-PgH665-3/htm,https://api.govinfo.gov/packages/CREC-2015-01-30/granules/CREC-2015-01-30-pt1-PgH665-3/pdf,https://api.govinfo.gov/packages/CREC-2015-01-30/summary,"[Congressional Record Volume 161, Number 16 (Friday, January 30, 2015)] [House] [Page H665] From the Congressional Record Online through the Government Publishing Office [ www.gpo.gov ] PRAYER Lieutenant Commander James Dance, Chaplain, United States Navy, Office of the Chief of Navy Chaplains, Washington, D.C., offered the following prayer: Eternal God, we acknowledge that the Earth is Yours and the fullness thereof; the world and they that dwell therein. Because of whom You are, we deem it imperative that we seek You for wisdom and guidance as we endeavor to open yet another session of the House during which we shall attend to the interests of the American people. Help us to temper our conversations with humility and patience as we give due diligence to the work that has been assigned to our hands. May we be imbued with a renewed sense of passion, purpose, and patriotism as we strive to serve this great Nation that we all love. Bless these, our United States. It is in Your most holy Name we pray. Amen. ____________________",,"[Congressional Record Volume 161, Number 16 (Friday, January 30, 2015)] [House] [Page H665] From the Congressional Record Online through the Government Publishing Office [ www.gpo.gov ] PRAYER Lieutenant Commander James Dance, Chaplain, United States Navy, Office of the Chief of Navy Chaplains, Washington, D.C., offered the following prayer: Eternal God, we acknowledge that the Earth is Yours and the fullness thereof; the world and they that dwell therein. Because of whom You are, we deem it imperative that we seek You for wisdom and guidance as we endeavor to open yet another session of the House during which we shall attend to the interests of the American people. Help us to temper our conversations with humility and patience as we give due diligence to the work that has been assigned to our hands. May we be imbued with a renewed sense of passion, purpose, and patriotism as we strive to serve this great Nation that we all love. Bless these, our United States. It is in Your most holy Name we pray. Amen. ____________________",https://api.govinfo.gov/related/CREC-2015-01-30-pt1-PgH665-3,CREC,Proceedings of Congress and General Congressional Publications,2025-03-07T17:22:16Z,Congressional Record,package_114_15.csv,1040,0,1040,"[congressional record volume 161, number 16 (friday, january 30, 2015)] [house] [page h665] from the congressional record online through the government publishing office [ www.gpo.gov ] prayer lieutenant commander james dance, chaplain, united states navy, office of the chief of navy chaplains, washington, d.c., offered the following prayer: eternal god, we acknowledge that the earth is yours and the fullness thereof; the world and they that dwell therein. because of whom you are, we deem it imperative that we seek you for wisdom and guidance as we endeavor to open yet another session of the house during which we shall attend to the interests of the american people. help us to temper our conversations with humility and patience as we give due diligence to the work that has been assigned to our hands. may we be imbued with a renewed sense of passion, purpose, and patriotism as we strive to serve this great nation that we all love. bless these, our united states. it is in your most holy name we pray. amen. ____________________",1040
CREC-2015-01-30-pt1-PgH665-5,CREC-2015-01-30,2015-01-30,PLEDGE OF ALLEGIANCE,CREC,HOUSE,H,H,1,https://www.govinfo.gov/app/details/CREC-2015-01-30/CREC-2015-01-30-pt1-PgH665-5,https://api.govinfo.gov/packages/CREC-2015-01-30/granules/CREC-2015-01-30-pt1-PgH665-5/htm,https://api.govinfo.gov/packages/CREC-2015-01-30/granules/CREC-2015-01-30-pt1-PgH665-5/pdf,https://api.govinfo.gov/packages/CREC-2015-01-30/summary,"[Congressional Record Volume 161, Number 16 (Friday, January 30, 2015)] [House] [Page H665] From the Congressional Record Online through the Government Publishing Office [ www.gpo.gov ] PLEDGE OF ALLEGIANCE The SPEAKER pro tempore. The Chair will lead the House in the Pledge of Allegiance. The SPEAKER pro tempore led the Pledge of Allegiance as follows: I pledge allegiance to the Flag of the United States of America, and to the Republic for which it stands, one nation under God, indivisible, with liberty and justice for all. ____________________",,"[Congressional Record Volume 161, Number 16 (Friday, January 30, 2015)] [House] [Page H665] From the Congressional Record Online through the Government Publishing Office [ www.gpo.gov ] PLEDGE OF ALLEGIANCE The SPEAKER pro tempore. The Chair will lead the House in the Pledge of Allegiance. The SPEAKER pro tempore led the Pledge of Allegiance as follows: I pledge allegiance to the Flag of the United States of America, and to the Republic for which it stands, one nation under God, indivisible, with liberty and justice for all. ____________________",https://api.govinfo.gov/related/CREC-2015-01-30-pt1-PgH665-5,CREC,Proceedings of Congress and General Congressional Publications,2025-03-07T17:22:16Z,Congressional Record,package_114_15.csv,551,0,551,"[congressional record volume 161, number 16 (friday, january 30, 2015)] [house] [page h665] from the congressional record online through the government publishing office [ www.gpo.gov ] pledge of allegiance the speaker pro tempore. the chair will lead the house in the pledge of allegiance. the speaker pro tempore led the pledge of allegiance as follows: i pledge allegiance to the flag of the united states of america, and to the republic for which it stands, one nation under god, indivisible, with liberty and justice for all. ____________________",551
CREC-2015-01-30-pt1-PgH665-6,CREC-2015-01-30,2015-01-30,MESSAGE FROM THE SENATE,CREC,HOUSE,H,H,1,https://www.govinfo.gov/app/details/CREC-2015-01-30/CREC-2015-01-30-pt1-PgH665-6,https://api.govinfo.gov/packages/CREC-2015-01-30/granules/CREC-2015-01-30-pt1-PgH665-6/htm,https://api.govinfo.gov/packages/CREC-2015-01-30/granules/CREC-2015-01-30-pt1-PgH665-6/pdf,https://api.govinfo.gov/packages/CREC-2015-01-30/summary,"[Congressional Record Volume 161, Number 16 (Friday, January 30, 2015)] [House] [Page H665] From the Congressional Record Online through the Government Publishing Office [ www.gpo.gov ] MESSAGE FROM THE SENATE A message from the Senate by Ms. Curtis, one of its clerks, announced that the Senate has passed a bill of the following title in which the concurrence of the House is requested: S. 1. An act to approve the Keystone XL Pipeline. ____________________",,"[Congressional Record Volume 161, Number 16 (Friday, January 30, 2015)] [House] [Page H665] From the Congressional Record Online through the Government Publishing Office [ www.gpo.gov ] MESSAGE FROM THE SENATE A message from the Senate by Ms. Curtis, one of its clerks, announced that the Senate has passed a bill of the following title in which the concurrence of the House is requested: S. 1. An act to approve the Keystone XL Pipeline. ____________________",https://api.govinfo.gov/related/CREC-2015-01-30-pt1-PgH665-6,CREC,Proceedings of Congress and General Congressional Publications,2025-03-07T17:22:16Z,Congressional Record,package_114_15.csv,459,0,459,"[congressional record volume 161, number 16 (friday, january 30, 2015)] [house] [page h665] from the congressional record online through the government publishing office [ www.gpo.gov ] message from the senate a message from the senate by ms. curtis, one of its clerks, announced that the senate has passed a bill of the following title in which the concurrence of the house is requested: s. 1. an act to approve the keystone xl pipeline. ____________________",459
CREC-2015-01-30-pt1-PgH665-7,CREC-2015-01-30,2015-01-30,"COMMUNICATION FROM THE HONORABLE JOE BARTON, MEMBER OF CONGRESS",CREC,HOUSE,H,H,1,https://www.govinfo.gov/app/details/CREC-2015-01-30/CREC-2015-01-30-pt1-PgH665-7,https://api.govinfo.gov/packages/CREC-2015-01-30/granules/CREC-2015-01-30-pt1-PgH665-7/htm,https://api.govinfo.gov/packages/CREC-2015-01-30/granules/CREC-2015-01-30-pt1-PgH665-7/pdf,https://api.govinfo.gov/packages/CREC-2015-01-30/summary,"[Congressional Record Volume 161, Number 16 (Friday, January 30, 2015)] [House] [Page H665] From the Congressional Record Online through the Government Publishing Office [ www.gpo.gov ] COMMUNICATION FROM THE HONORABLE JOE BARTON, MEMBER OF CONGRESS The SPEAKER pro tempore laid before the House the following communication from the Honorable Joe Barton, Member of Congress: Congress of the United States, House of Representatives, Washington, DC, January 27, 2015. Hon. John A. Boehner, The Speaker, House of Representatives, Washington, DC. Dear Mr. Speaker: This is to notify you formally, pursuant to Rule VIII of the Rules of the House of Representatives, that I have been served with a subpoena for documents issued by the United States District Court for the Eastern District of Louisiana in connection with a criminal case currently pending before that court. After consultation with the Office of General Counsel, I will determine whether compliance with the subpoena is consistent with the privileges and rights of the House. Sincerely, Joe Barton, Member of Congress. ____________________",,"[Congressional Record Volume 161, Number 16 (Friday, January 30, 2015)] [House] [Page H665] From the Congressional Record Online through the Government Publishing Office [ www.gpo.gov ] COMMUNICATION FROM THE HONORABLE JOE BARTON, MEMBER OF CONGRESS The SPEAKER pro tempore laid before the House the following communication from the Honorable Joe Barton, Member of Congress: Congress of the United States, House of Representatives, Washington, DC, January 27, 2015. Hon. John A. Boehner, The Speaker, House of Representatives, Washington, DC. Dear Mr. Speaker: This is to notify you formally, pursuant to Rule VIII of the Rules of the House of Representatives, that I have been served with a subpoena for documents issued by the United States District Court for the Eastern District of Louisiana in connection with a criminal case currently pending before that court. After consultation with the Office of General Counsel, I will determine whether compliance with the subpoena is consistent with the privileges and rights of the House. Sincerely, Joe Barton, Member of Congress. ____________________",https://api.govinfo.gov/related/CREC-2015-01-30-pt1-PgH665-7,CREC,Proceedings of Congress and General Congressional Publications,2025-03-07T17:22:16Z,Congressional Record,package_114_15.csv,1099,0,1099,"[congressional record volume 161, number 16 (friday, january 30, 2015)] [house] [page h665] from the congressional record online through the government publishing office [ www.gpo.gov ] communication from the honorable joe barton, member of congress the speaker pro tempore laid before the house the following communication from the honorable joe barton, member of congress: congress of the united states, house of representatives, washington, dc, january 27, 2015. hon. john a. boehner, the speaker, house of representatives, washington, dc. dear mr. speaker: this is to notify you formally, pursuant to rule viii of the rules of the house of representatives, that i have been served with a subpoena for documents issued by the united states district court for the eastern district of louisiana in connection with a criminal case currently pending before that court. after consultation with the office of general counsel, i will determine whether compliance with the subpoena is consistent with the privileges and rights of the house. sincerely, joe barton, member of congress. ____________________",1099
CREC-2015-01-30-pt1-PgH665-8,CREC-2015-01-30,2015-01-30,"COMMUNICATION FROM THE HONORABLE FRED UPTON, MEMBER OF CONGRESS",CREC,HOUSE,H,H,1,https://www.govinfo.gov/app/details/CREC-2015-01-30/CREC-2015-01-30-pt1-PgH665-8,https://api.govinfo.gov/packages/CREC-2015-01-30/granules/CREC-2015-01-30-pt1-PgH665-8/htm,https://api.govinfo.gov/packages/CREC-2015-01-30/granules/CREC-2015-01-30-pt1-PgH665-8/pdf,https://api.govinfo.gov/packages/CREC-2015-01-30/summary,"[Congressional Record Volume 161, Number 16 (Friday, January 30, 2015)] [House] [Page H665] From the Congressional Record Online through the Government Publishing Office [ www.gpo.gov ] COMMUNICATION FROM THE HONORABLE FRED UPTON, MEMBER OF CONGRESS The SPEAKER pro tempore laid before the House the following communication from the Honorable Fred Upton, Member of Congress: Congress of the United States, House of Representatives, January 28, 2015. Hon. John A. Boehner, The Speaker, House of Representatives, Washington, DC. Dear Mr. Speaker: This is to notify you formally, pursuant to Rule VIII of the Rules of the House of Representatives, that I have been served with a third-party subpoena for documents issued by the United States District Court for the Eastern District of Louisiana in connection with United States v. Rainey, a matter currently pending before that court. After consultation with the Office of General Counsel, I will determine whether compliance with the subpoena is consistent with the privileges and rights of the House. Sincerely, Fred Upton, Member of Congress. ____________________",,"[Congressional Record Volume 161, Number 16 (Friday, January 30, 2015)] [House] [Page H665] From the Congressional Record Online through the Government Publishing Office [ www.gpo.gov ] COMMUNICATION FROM THE HONORABLE FRED UPTON, MEMBER OF CONGRESS The SPEAKER pro tempore laid before the House the following communication from the Honorable Fred Upton, Member of Congress: Congress of the United States, House of Representatives, January 28, 2015. Hon. John A. Boehner, The Speaker, House of Representatives, Washington, DC. Dear Mr. Speaker: This is to notify you formally, pursuant to Rule VIII of the Rules of the House of Representatives, that I have been served with a third-party subpoena for documents issued by the United States District Court for the Eastern District of Louisiana in connection with United States v. Rainey, a matter currently pending before that court. After consultation with the Office of General Counsel, I will determine whether compliance with the subpoena is consistent with the privileges and rights of the House. Sincerely, Fred Upton, Member of Congress. ____________________",https://api.govinfo.gov/related/CREC-2015-01-30-pt1-PgH665-8,CREC,Proceedings of Congress and General Congressional Publications,2025-03-07T17:22:16Z,Congressional Record,package_114_15.csv,1113,0,1113,"[congressional record volume 161, number 16 (friday, january 30, 2015)] [house] [page h665] from the congressional record online through the government publishing office [ www.gpo.gov ] communication from the honorable fred upton, member of congress the speaker pro tempore laid before the house the following communication from the honorable fred upton, member of congress: congress of the united states, house of representatives, january 28, 2015. hon. john a. boehner, the speaker, house of representatives, washington, dc. dear mr. speaker: this is to notify you formally, pursuant to rule viii of the rules of the house of representatives, that i have been served with a third-party subpoena for documents issued by the united states district court for the eastern district of louisiana in connection with united states v. rainey, a matter currently pending before that court. after consultation with the office of general counsel, i will determine whether compliance with the subpoena is consistent with the privileges and rights of the house. sincerely, fred upton, member of congress. ____________________",1113
CREC-2015-01-30-pt1-PgH666,CREC-2015-01-30,2015-01-30,APPOINTMENT OF MEMBER TO COCHAIR THE TOM LANTOS HUMAN RIGHTS COMMISSION,CREC,HOUSE,H,H,1,https://www.govinfo.gov/app/details/CREC-2015-01-30/CREC-2015-01-30-pt1-PgH666,https://api.govinfo.gov/packages/CREC-2015-01-30/granules/CREC-2015-01-30-pt1-PgH666/htm,https://api.govinfo.gov/packages/CREC-2015-01-30/granules/CREC-2015-01-30-pt1-PgH666/pdf,https://api.govinfo.gov/packages/CREC-2015-01-30/summary,"[Congressional Record Volume 161, Number 16 (Friday, January 30, 2015)] [House] [Page H666] From the Congressional Record Online through the Government Publishing Office [ www.gpo.gov ] APPOINTMENT OF MEMBER TO COCHAIR THE TOM LANTOS HUMAN RIGHTS COMMISSION The SPEAKER pro tempore. The Chair announces the Speaker's appointment, pursuant to section 4(c) of House Resolution 5, 114th Congress, and the order of the House of January 6, 2015, of the following Member to serve as cochair of the Tom Lantos Human Rights Commission: Mr. Pitts, Pennsylvania. ____________________",,"[Congressional Record Volume 161, Number 16 (Friday, January 30, 2015)] [House] [Page H666] From the Congressional Record Online through the Government Publishing Office [ www.gpo.gov ] APPOINTMENT OF MEMBER TO COCHAIR THE TOM LANTOS HUMAN RIGHTS COMMISSION The SPEAKER pro tempore. The Chair announces the Speaker's appointment, pursuant to section 4(c) of House Resolution 5, 114th Congress, and the order of the House of January 6, 2015, of the following Member to serve as cochair of the Tom Lantos Human Rights Commission: Mr. Pitts, Pennsylvania. ____________________",https://api.govinfo.gov/related/CREC-2015-01-30-pt1-PgH666,CREC,Proceedings of Congress and General Congressional Publications,2025-03-07T17:22:16Z,Congressional Record,package_114_15.csv,573,0,573,"[congressional record volume 161, number 16 (friday, january 30, 2015)] [house] [page h666] from the congressional record online through the government publishing office [ www.gpo.gov ] appointment of member to cochair the tom lantos human rights commission the speaker pro tempore. the chair announces the speaker's appointment, pursuant to section 4(c) of house resolution 5, 114th congress, and the order of the house of january 6, 2015, of the following member to serve as cochair of the tom lantos human rights commission: mr. pitts, pennsylvania. ____________________",573
CREC-2015-01-30-pt1-PgH665-9,CREC-2015-01-30,2015-01-30,COMMUNICATION FROM THE CLERK OF THE HOUSE,CREC,HOUSE,H,H,1,https://www.govinfo.gov/app/details/CREC-2015-01-30/CREC-2015-01-30-pt1-PgH665-9,https://api.govinfo.gov/packages/CREC-2015-01-30/granules/CREC-2015-01-30-pt1-PgH665-9/htm,https://api.govinfo.gov/packages/CREC-2015-01-30/granules/CREC-2015-01-30-pt1-PgH665-9/pdf,https://api.govinfo.gov/packages/CREC-2015-01-30/summary,"[Congressional Record Volume 161, Number 16 (Friday, January 30, 2015)] [House] [Pages H665-H666] From the Congressional Record Online through the Government Publishing Office [ www.gpo.gov ] COMMUNICATION FROM THE CLERK OF THE HOUSE The SPEAKER pro tempore laid before the House the following communication from the Clerk of the House of Representatives: Office of the Clerk, House of Representatives, Washington, DC, January 28, 2015. Hon. John A. Boehner, The Speaker, House of Representatives, Washington, DC. Dear Mr. Speaker: Pursuant to the permission granted in clause 2(h) of Rule II of [[Page H666]] the Rules of the U.S. House of Representatives, the Clerk received the following message from the Secretary of the Senate on January 28, 2015 at 12:22 p.m.: Appointment: Joint Committee on Taxation. With best wishes, I am Sincerely, Karen L. Haas. ____________________",,"[Congressional Record Volume 161, Number 16 (Friday, January 30, 2015)] [House] [Pages H665-H666] From the Congressional Record Online through the Government Publishing Office [ www.gpo.gov ] COMMUNICATION FROM THE CLERK OF THE HOUSE The SPEAKER pro tempore laid before the House the following communication from the Clerk of the House of Representatives: Office of the Clerk, House of Representatives, Washington, DC, January 28, 2015. Hon. John A. Boehner, The Speaker, House of Representatives, Washington, DC. Dear Mr. Speaker: Pursuant to the permission granted in clause 2(h) of Rule II of [[Page H666]] the Rules of the U.S. House of Representatives, the Clerk received the following message from the Secretary of the Senate on January 28, 2015 at 12:22 p.m.: Appointment: Joint Committee on Taxation. With best wishes, I am Sincerely, Karen L. Haas. ____________________",https://api.govinfo.gov/related/CREC-2015-01-30-pt1-PgH665-9,CREC,Proceedings of Congress and General Congressional Publications,2025-03-07T17:22:16Z,Congressional Record,package_114_15.csv,878,0,878,"[congressional record volume 161, number 16 (friday, january 30, 2015)] [house] [pages h665-h666] from the congressional record online through the government publishing office [ www.gpo.gov ] communication from the clerk of the house the speaker pro tempore laid before the house the following communication from the clerk of the house of representatives: office of the clerk, house of representatives, washington, dc, january 28, 2015. hon. john a. boehner, the speaker, house of representatives, washington, dc. dear mr. speaker: pursuant to the permission granted in clause 2(h) of rule ii of [[page h666]] the rules of the u.s. house of representatives, the clerk received the following message from the secretary of the senate on january 28, 2015 at 12:22 p.m.: appointment: joint committee on taxation. with best wishes, i am sincerely, karen l. haas. ____________________",878
CREC-2015-01-30-pt1-PgH666-2,CREC-2015-01-30,2015-01-30,ADJOURNMENT,CREC,HOUSE,H,H,1,https://www.govinfo.gov/app/details/CREC-2015-01-30/CREC-2015-01-30-pt1-PgH666-2,https://api.govinfo.gov/packages/CREC-2015-01-30/granules/CREC-2015-01-30-pt1-PgH666-2/htm,https://api.govinfo.gov/packages/CREC-2015-01-30/granules/CREC-2015-01-30-pt1-PgH666-2/pdf,https://api.govinfo.gov/packages/CREC-2015-01-30/summary,"[Congressional Record Volume 161, Number 16 (Friday, January 30, 2015)] [House] [Page H666] From the Congressional Record Online through the Government Publishing Office [ www.gpo.gov ] ADJOURNMENT The SPEAKER pro tempore. Without objection, the House stands adjourned until noon on Monday next for morning-hour debate. There was no objection. Thereupon (at 2 o'clock and 4 minutes p.m.), under its previous order, the House adjourned until Monday, February 2, 2015, at noon. ____________________",,"[Congressional Record Volume 161, Number 16 (Friday, January 30, 2015)] [House] [Page H666] From the Congressional Record Online through the Government Publishing Office [ www.gpo.gov ] ADJOURNMENT The SPEAKER pro tempore. Without objection, the House stands adjourned until noon on Monday next for morning-hour debate. There was no objection. Thereupon (at 2 o'clock and 4 minutes p.m.), under its previous order, the House adjourned until Monday, February 2, 2015, at noon. ____________________",https://api.govinfo.gov/related/CREC-2015-01-30-pt1-PgH666-2,CREC,Proceedings of Congress and General Congressional Publications,2025-03-07T17:22:16Z,Congressional Record,package_114_15.csv,496,0,496,"[congressional record volume 161, number 16 (friday, january 30, 2015)] [house] [page h666] from the congressional record online through the government publishing office [ www.gpo.gov ] adjournment the speaker pro tempore. without objection, the house stands adjourned until noon on monday next for morning-hour debate. there was no objection. thereupon (at 2 o'clock and 4 minutes p.m.), under its previous order, the house adjourned until monday, february 2, 2015, at noon. ____________________",496
CREC-2015-01-30-pt1-PgH666-3,CREC-2015-01-30,2015-01-30,RULES AND REPORTS SUBMITTED PURSUANT TO THE CONGRESSIONAL REVIEW ACT,CREC,HOUSE,H,H,1,https://www.govinfo.gov/app/details/CREC-2015-01-30/CREC-2015-01-30-pt1-PgH666-3,https://api.govinfo.gov/packages/CREC-2015-01-30/granules/CREC-2015-01-30-pt1-PgH666-3/htm,https://api.govinfo.gov/packages/CREC-2015-01-30/granules/CREC-2015-01-30-pt1-PgH666-3/pdf,https://api.govinfo.gov/packages/CREC-2015-01-30/summary,"[Congressional Record Volume 161, Number 16 (Friday, January 30, 2015)] [House] [Page H666] From the Congressional Record Online through the Government Publishing Office [ www.gpo.gov ] RULES AND REPORTS SUBMITTED PURSUANT TO THE CONGRESSIONAL REVIEW ACT Pursuant to 5 U.S.C. 801(d), executive communications [final rules] submitted to the House pursuant to 5 U.S.C. 801(a)(1) during the period of June 11, 2014, through January 2, 2015, shall be treated as though received on January 30, 2015. Original dates of transmittal, numberings, and referrals to committee of those executive communications remain as indicated in the Executive Communication section of the relevant Congressional Record. ____________________",,"[Congressional Record Volume 161, Number 16 (Friday, January 30, 2015)] [House] [Page H666] From the Congressional Record Online through the Government Publishing Office [ www.gpo.gov ] RULES AND REPORTS SUBMITTED PURSUANT TO THE CONGRESSIONAL REVIEW ACT Pursuant to 5 U.S.C. 801(d), executive communications [final rules] submitted to the House pursuant to 5 U.S.C. 801(a)(1) during the period of June 11, 2014, through January 2, 2015, shall be treated as though received on January 30, 2015. Original dates of transmittal, numberings, and referrals to committee of those executive communications remain as indicated in the Executive Communication section of the relevant Congressional Record. ____________________",https://api.govinfo.gov/related/CREC-2015-01-30-pt1-PgH666-3,CREC,Proceedings of Congress and General Congressional Publications,2025-03-07T17:22:16Z,Congressional Record,package_114_15.csv,716,0,716,"[congressional record volume 161, number 16 (friday, january 30, 2015)] [house] [page h666] from the congressional record online through the government publishing office [ www.gpo.gov ] rules and reports submitted pursuant to the congressional review act pursuant to 5 u.s.c. 801(d), executive communications [final rules] submitted to the house pursuant to 5 u.s.c. 801(a)(1) during the period of june 11, 2014, through january 2, 2015, shall be treated as though received on january 30, 2015. original dates of transmittal, numberings, and referrals to committee of those executive communications remain as indicated in the executive communication section of the relevant congressional record. ____________________",716
CREC-2015-01-30-pt1-PgH666-5,CREC-2015-01-30,2015-01-30,PUBLIC BILLS AND RESOLUTIONS,CREC,HOUSE,H,H,1,https://www.govinfo.gov/app/details/CREC-2015-01-30/CREC-2015-01-30-pt1-PgH666-5,https://api.govinfo.gov/packages/CREC-2015-01-30/granules/CREC-2015-01-30-pt1-PgH666-5/htm,https://api.govinfo.gov/packages/CREC-2015-01-30/granules/CREC-2015-01-30-pt1-PgH666-5/pdf,https://api.govinfo.gov/packages/CREC-2015-01-30/summary,"[Congressional Record Volume 161, Number 16 (Friday, January 30, 2015)] [House] [Pages H666-H667] From the Congressional Record Online through the Government Publishing Office [ www.gpo.gov ] PUBLIC BILLS AND RESOLUTIONS Under clause 2 of rule XII, public bills and resolutions of the following titles were introduced and severally referred, as follows: By Mr. BRADY of Texas (for himself, Mr. McDermott, Mrs. Blackburn, [[Page H667]] Mr. Sam Johnson of Texas, Mr. Murphy of Florida, Mrs. Lummis, Mr. Nugent, Mr. Farenthold, Mr. Heck of Nevada, Mr. Culberson, Mr. McCaul, Mr. Miller of Florida, Mr. Diaz-Balart, Mr. Olson, Mr. Roe of Tennessee, Mr. Duncan of Tennessee, Mr. Smith of Texas, Mr. Clawson of Florida, Mr. Jolly, Mr. Heck of Washington, Mr. Gene Green of Texas, Mr. Kilmer, Mr. Reichert, Mr. Carter of Texas, Mr. Marchant, Mrs. Noem, Mrs. McMorris Rodgers, Mr. Bilirakis, Mr. Sessions, Mr. Conaway, Mr. Crenshaw, Mr. Williams, Mr. Gohmert, Mr. Neugebauer, Mr. Flores, and Ms. Granger): H.R. 622. A bill to amend the Internal Revenue Code of 1986 to make permanent the deduction of State and local general sales taxes; to the Committee on Ways and Means. By Mrs. BROOKS of Indiana (for herself, Mr. McCaul, and Mr. Payne): H.R. 623. A bill to amend the Homeland Security Act of 2002 to authorize the Department of Homeland Security to establish a social media working group, and for other purposes; to the Committee on Transportation and Infrastructure, and in addition to the Committee on Homeland Security, for a period to be subsequently determined by the Speaker, in each case for consideration of such provisions as fall within the jurisdiction of the committee concerned. By Mr. SMITH of New Jersey (for himself and Mr. McGovern): H.R. 624. A bill to impose sanctions with respect to foreign persons responsible for gross violations of internationally recognized human rights, and for other purposes; to the Committee on Foreign Affairs, and in addition to the Committee on the Judiciary, for a period to be subsequently determined by the Speaker, in each case for consideration of such provisions as fall within the jurisdiction of the committee concerned. By Mr. DELANEY (for himself and Mr. Hanna): H.R. 625. A bill to eliminate the incentive for corporations to continue to hold accumulated earnings offshore, to invest in domestic infrastructure, to provide for international tax reform, and for other purposes; to the Committee on Ways and Means, and in addition to the Committees on Transportation and Infrastructure, and Rules, for a period to be subsequently determined by the Speaker, in each case for consideration of such provisions as fall within the jurisdiction of the committee concerned. By Mr. DENHAM: H.R. 626. A bill to amend title XVIII of the Social Security Act to require Medicare Advantage organizations to disclose certain information on the changes made to the MA plan offered by such organization pursuant to changes required by the Patient Protection and Affordable Care Act and the Health Care and Education Reconciliation Act of 2010, and for other purposes; to the Committee on Ways and Means, and in addition to the Committee on Energy and Commerce, for a period to be subsequently determined by the Speaker, in each case for consideration of such provisions as fall within the jurisdiction of the committee concerned. By Ms. HAHN (for herself and Mr. Benishek): H.R. 627. A bill to amend title 38, United States Code, to expand the definition of homeless veteran for purposes of benefits under the laws administered by the Secretary of Veterans Affairs; to the Committee on Veterans' Affairs. By Mrs. McMORRIS RODGERS (for herself, Mr. Scalise, and Mr. Paulsen): H.R. 628. A bill to amend title XVIII of the Social Security Act to provide Medicare beneficiary access to eye tracking accessories for speech generating devices and to remove the rental cap for durable medical equipment under the Medicare Program with respect to speech generating devices; to the Committee on Energy and Commerce, and in addition to the Committee on Ways and Means, for a period to be subsequently determined by the Speaker, in each case for consideration of such provisions as fall within the jurisdiction of the committee concerned. By Mr. REICHERT (for himself and Mr. Kind): H.R. 629. A bill to amend the Internal Revenue Code of 1986 to make permanent the reduced recognition period for built-in gains of S corporations; to the Committee on Ways and Means. By Mr. REICHERT (for himself and Mr. Kind): H.R. 630. A bill to amend the Internal Revenue Code of 1986 to make permanent certain rules regarding basis adjustments to stock of S corporations making charitable contributions of property; to the Committee on Ways and Means. By Mr. SCHOCK (for himself, Mr. Keating, Mr. Barletta, Mrs. Blackburn, Mr. Brady of Texas, Mr. Brooks of Alabama, Mr. Burgess, Mr. Cartwright, Mr. Cook, Mr. Crenshaw, Mr. Rodney Davis of Illinois, Mr. DeFazio, Ms. DelBene, Mr. Farenthold, Mr. Goodlatte, Ms. Herrera Beutler, Mr. Himes, Mr. Honda, Mr. Huizenga of Michigan, Mr. Hultgren, Ms. Jenkins of Kansas, Mr. Joyce, Mr. Kelly of Pennsylvania, Mr. Lipinski, Mr. McCaul, Mr. Mulvaney, Mr. Peterson, Ms. Pingree, Mr. Pocan, Mr. Polis, Mr. Roe of Tennessee, Mr. Rokita, Mr. Rothfus, Mr. Sessions, Mr. Simpson, Mr. Smith of Texas, Mr. Tiberi, Mr. Tipton, Ms. Titus, Ms. Tsongas, Mr. Wittman, and Mr. Womack): H.R. 631. A bill to amend section 5000A of the Internal Revenue Code of 1986 to provide an additional religious exemption from the individual health coverage mandate, and for other purposes; to the Committee on Ways and Means. By Ms. TSONGAS (for herself, Ms. Bordallo, Ms. Clark of Massachusetts, Mr. Clawson of Florida, Mr. Cramer, Mr. Farenthold, Mr. Garamendi, Mr. Gibson, Mr. Jolly, Mr. Kennedy, Mr. McGovern, Mr. Nugent, Mr. Austin Scott of Georgia, Mr. Tiberi, Mr. Tonko, Mr. Walz, Mr. Welch, Ms. Slaughter, and Mr. Ryan of Ohio): H.R. 632. A bill to award a gold medal on behalf of the Congress to the U.S. Air Forces Escape and Evasion Society, in recognition of the ceaseless efforts of American aircrew members to escape captivity and evade capture by the enemy forces in occupied countries during our foreign wars, and the brave resistance organizations and patriotic nationals of those foreign countries who assisted them; to the Committee on Financial Services, and in addition to the Committee on House Administration, for a period to be subsequently determined by the Speaker, in each case for consideration of such provisions as fall within the jurisdiction of the committee concerned. By Mr. YOUNG of Alaska: H.R. 633. A bill to amend the Patient Protection and Affordable Care Act to prohibit the sharing of personally identifiable information obtained through the Federally Facilitated Marketplace for marketing, and for other purposes; to the Committee on Energy and Commerce. By Mr. TIBERI: H. Con. Res. 12. Concurrent resolution authorizing the use of the rotunda of the United States Capitol for a ceremony to present the Congressional Gold Medal to Jack Nicklaus; to the Committee on House Administration. By Mr. BISHOP of Utah: H. Res. 65. A resolution providing amounts for the expenses of the Committee on Natural Resources in the One Hundred Fourteenth Congress; to the Committee on House Administration. By Mr. RANGEL (for himself, Ms. Norton, Ms. Brown of Florida, Ms. Clarke of New York, Mr. Hastings, Mr. Vargas, Mr. Pierluisi, Mr. Sires, Mr. Hinojosa, Mr. Cicilline, Mr. Larson of Connecticut, Miss Rice of New York, Mr. Caardenas, Mr. Honda, Mr. Grijalva, Mr. Serrano, Ms. Jackson Lee, and Ms. Maxine Waters of California): H. Res. 66. A resolution supporting the goals and ideals of Dominican Heritage Month; to the Committee on Oversight and Government Reform. ____________________",,"[Congressional Record Volume 161, Number 16 (Friday, January 30, 2015)] [House] [Pages H666-H667] From the Congressional Record Online through the Government Publishing Office [ www.gpo.gov ] PUBLIC BILLS AND RESOLUTIONS Under clause 2 of rule XII, public bills and resolutions of the following titles were introduced and severally referred, as follows: By Mr. BRADY of Texas (for himself, Mr. McDermott, Mrs. Blackburn, [[Page H667]] Mr. Sam Johnson of Texas, Mr. Murphy of Florida, Mrs. Lummis, Mr. Nugent, Mr. Farenthold, Mr. Heck of Nevada, Mr. Culberson, Mr. McCaul, Mr. Miller of Florida, Mr. Diaz-Balart, Mr. Olson, Mr. Roe of Tennessee, Mr. Duncan of Tennessee, Mr. Smith of Texas, Mr. Clawson of Florida, Mr. Jolly, Mr. Heck of Washington, Mr. Gene Green of Texas, Mr. Kilmer, Mr. Reichert, Mr. Carter of Texas, Mr. Marchant, Mrs. Noem, Mrs. McMorris Rodgers, Mr. Bilirakis, Mr. Sessions, Mr. Conaway, Mr. Crenshaw, Mr. Williams, Mr. Gohmert, Mr. Neugebauer, Mr. Flores, and Ms. Granger): H.R. 622. A bill to amend the Internal Revenue Code of 1986 to make permanent the deduction of State and local general sales taxes; to the Committee on Ways and Means. By Mrs. BROOKS of Indiana (for herself, Mr. McCaul, and Mr. Payne): H.R. 623. A bill to amend the Homeland Security Act of 2002 to authorize the Department of Homeland Security to establish a social media working group, and for other purposes; to the Committee on Transportation and Infrastructure, and in addition to the Committee on Homeland Security, for a period to be subsequently determined by the Speaker, in each case for consideration of such provisions as fall within the jurisdiction of the committee concerned. By Mr. SMITH of New Jersey (for himself and Mr. McGovern): H.R. 624. A bill to impose sanctions with respect to foreign persons responsible for gross violations of internationally recognized human rights, and for other purposes; to the Committee on Foreign Affairs, and in addition to the Committee on the Judiciary, for a period to be subsequently determined by the Speaker, in each case for consideration of such provisions as fall within the jurisdiction of the committee concerned. By Mr. DELANEY (for himself and Mr. Hanna): H.R. 625. A bill to eliminate the incentive for corporations to continue to hold accumulated earnings offshore, to invest in domestic infrastructure, to provide for international tax reform, and for other purposes; to the Committee on Ways and Means, and in addition to the Committees on Transportation and Infrastructure, and Rules, for a period to be subsequently determined by the Speaker, in each case for consideration of such provisions as fall within the jurisdiction of the committee concerned. By Mr. DENHAM: H.R. 626. A bill to amend title XVIII of the Social Security Act to require Medicare Advantage organizations to disclose certain information on the changes made to the MA plan offered by such organization pursuant to changes required by the Patient Protection and Affordable Care Act and the Health Care and Education Reconciliation Act of 2010, and for other purposes; to the Committee on Ways and Means, and in addition to the Committee on Energy and Commerce, for a period to be subsequently determined by the Speaker, in each case for consideration of such provisions as fall within the jurisdiction of the committee concerned. By Ms. HAHN (for herself and Mr. Benishek): H.R. 627. A bill to amend title 38, United States Code, to expand the definition of homeless veteran for purposes of benefits under the laws administered by the Secretary of Veterans Affairs; to the Committee on Veterans' Affairs. By Mrs. McMORRIS RODGERS (for herself, Mr. Scalise, and Mr. Paulsen): H.R. 628. A bill to amend title XVIII of the Social Security Act to provide Medicare beneficiary access to eye tracking accessories for speech generating devices and to remove the rental cap for durable medical equipment under the Medicare Program with respect to speech generating devices; to the Committee on Energy and Commerce, and in addition to the Committee on Ways and Means, for a period to be subsequently determined by the Speaker, in each case for consideration of such provisions as fall within the jurisdiction of the committee concerned. By Mr. REICHERT (for himself and Mr. Kind): H.R. 629. A bill to amend the Internal Revenue Code of 1986 to make permanent the reduced recognition period for built-in gains of S corporations; to the Committee on Ways and Means. By Mr. REICHERT (for himself and Mr. Kind): H.R. 630. A bill to amend the Internal Revenue Code of 1986 to make permanent certain rules regarding basis adjustments to stock of S corporations making charitable contributions of property; to the Committee on Ways and Means. By Mr. SCHOCK (for himself, Mr. Keating, Mr. Barletta, Mrs. Blackburn, Mr. Brady of Texas, Mr. Brooks of Alabama, Mr. Burgess, Mr. Cartwright, Mr. Cook, Mr. Crenshaw, Mr. Rodney Davis of Illinois, Mr. DeFazio, Ms. DelBene, Mr. Farenthold, Mr. Goodlatte, Ms. Herrera Beutler, Mr. Himes, Mr. Honda, Mr. Huizenga of Michigan, Mr. Hultgren, Ms. Jenkins of Kansas, Mr. Joyce, Mr. Kelly of Pennsylvania, Mr. Lipinski, Mr. McCaul, Mr. Mulvaney, Mr. Peterson, Ms. Pingree, Mr. Pocan, Mr. Polis, Mr. Roe of Tennessee, Mr. Rokita, Mr. Rothfus, Mr. Sessions, Mr. Simpson, Mr. Smith of Texas, Mr. Tiberi, Mr. Tipton, Ms. Titus, Ms. Tsongas, Mr. Wittman, and Mr. Womack): H.R. 631. A bill to amend section 5000A of the Internal Revenue Code of 1986 to provide an additional religious exemption from the individual health coverage mandate, and for other purposes; to the Committee on Ways and Means. By Ms. TSONGAS (for herself, Ms. Bordallo, Ms. Clark of Massachusetts, Mr. Clawson of Florida, Mr. Cramer, Mr. Farenthold, Mr. Garamendi, Mr. Gibson, Mr. Jolly, Mr. Kennedy, Mr. McGovern, Mr. Nugent, Mr. Austin Scott of Georgia, Mr. Tiberi, Mr. Tonko, Mr. Walz, Mr. Welch, Ms. Slaughter, and Mr. Ryan of Ohio): H.R. 632. A bill to award a gold medal on behalf of the Congress to the U.S. Air Forces Escape and Evasion Society, in recognition of the ceaseless efforts of American aircrew members to escape captivity and evade capture by the enemy forces in occupied countries during our foreign wars, and the brave resistance organizations and patriotic nationals of those foreign countries who assisted them; to the Committee on Financial Services, and in addition to the Committee on House Administration, for a period to be subsequently determined by the Speaker, in each case for consideration of such provisions as fall within the jurisdiction of the committee concerned. By Mr. YOUNG of Alaska: H.R. 633. A bill to amend the Patient Protection and Affordable Care Act to prohibit the sharing of personally identifiable information obtained through the Federally Facilitated Marketplace for marketing, and for other purposes; to the Committee on Energy and Commerce. By Mr. TIBERI: H. Con. Res. 12. Concurrent resolution authorizing the use of the rotunda of the United States Capitol for a ceremony to present the Congressional Gold Medal to Jack Nicklaus; to the Committee on House Administration. By Mr. BISHOP of Utah: H. Res. 65. A resolution providing amounts for the expenses of the Committee on Natural Resources in the One Hundred Fourteenth Congress; to the Committee on House Administration. By Mr. RANGEL (for himself, Ms. Norton, Ms. Brown of Florida, Ms. Clarke of New York, Mr. Hastings, Mr. Vargas, Mr. Pierluisi, Mr. Sires, Mr. Hinojosa, Mr. Cicilline, Mr. Larson of Connecticut, Miss Rice of New York, Mr. Caardenas, Mr. Honda, Mr. Grijalva, Mr. Serrano, Ms. Jackson Lee, and Ms. Maxine Waters of California): H. Res. 66. A resolution supporting the goals and ideals of Dominican Heritage Month; to the Committee on Oversight and Government Reform. ____________________",https://api.govinfo.gov/related/CREC-2015-01-30-pt1-PgH666-5,CREC,Proceedings of Congress and General Congressional Publications,2025-03-07T17:22:16Z,Congressional Record,package_114_15.csv,7843,0,7843,"[congressional record volume 161, number 16 (friday, january 30, 2015)] [house] [pages h666-h667] from the congressional record online through the government publishing office [ www.gpo.gov ] public bills and resolutions under clause 2 of rule xii, public bills and resolutions of the following titles were introduced and severally referred, as follows: by mr. brady of texas (for himself, mr. mcdermott, mrs. blackburn, [[page h667]] mr. sam johnson of texas, mr. murphy of florida, mrs. lummis, mr. nugent, mr. farenthold, mr. heck of nevada, mr. culberson, mr. mccaul, mr. miller of florida, mr. diaz-balart, mr. olson, mr. roe of tennessee, mr. duncan of tennessee, mr. smith of texas, mr. clawson of florida, mr. jolly, mr. heck of washington, mr. gene green of texas, mr. kilmer, mr. reichert, mr. carter of texas, mr. marchant, mrs. noem, mrs. mcmorris rodgers, mr. bilirakis, mr. sessions, mr. conaway, mr. crenshaw, mr. williams, mr. gohmert, mr. neugebauer, mr. flores, and ms. granger): h.r. 622. a bill to amend the internal revenue code of 1986 to make permanent the deduction of state and local general sales taxes; to the committee on ways and means. by mrs. brooks of indiana (for herself, mr. mccaul, and mr. payne): h.r. 623. a bill to amend the homeland security act of 2002 to authorize the department of homeland security to establish a social media working group, and for other purposes; to the committee on transportation and infrastructure, and in addition to the committee on homeland security, for a period to be subsequently determined by the speaker, in each case for consideration of such provisions as fall within the jurisdiction of the committee concerned. by mr. smith of new jersey (for himself and mr. mcgovern): h.r. 624. a bill to impose sanctions with respect to foreign persons responsible for gross violations of internationally recognized human rights, and for other purposes; to the committee on foreign affairs, and in addition to the committee on the judiciary, for a period to be subsequently determined by the speaker, in each case for consideration of such provisions as fall within the jurisdiction of the committee concerned. by mr. delaney (for himself and mr. hanna): h.r. 625. a bill to eliminate the incentive for corporations to continue to hold accumulated earnings offshore, to invest in domestic infrastructure, to provide for international tax reform, and for other purposes; to the committee on ways and means, and in addition to the committees on transportation and infrastructure, and rules, for a period to be subsequently determined by the speaker, in each case for consideration of such provisions as fall within the jurisdiction of the committee concerned. by mr. denham: h.r. 626. a bill to amend title xviii of the social security act to require medicare advantage organizations to disclose certain information on the changes made to the ma plan offered by such organization pursuant to changes required by the patient protection and affordable care act and the health care and education reconciliation act of 2010, and for other purposes; to the committee on ways and means, and in addition to the committee on energy and commerce, for a period to be subsequently determined by the speaker, in each case for consideration of such provisions as fall within the jurisdiction of the committee concerned. by ms. hahn (for herself and mr. benishek): h.r. 627. a bill to amend title 38, united states code, to expand the definition of homeless veteran for purposes of benefits under the laws administered by the secretary of veterans affairs; to the committee on veterans' affairs. by mrs. mcmorris rodgers (for herself, mr. scalise, and mr. paulsen): h.r. 628. a bill to amend title xviii of the social security act to provide medicare beneficiary access to eye tracking accessories for speech generating devices and to remove the rental cap for durable medical equipment under the medicare program with respect to speech generating devices; to the committee on energy and commerce, and in addition to the committee on ways and means, for a period to be subsequently determined by the speaker, in each case for consideration of such provisions as fall within the jurisdiction of the committee concerned. by mr. reichert (for himself and mr. kind): h.r. 629. a bill to amend the internal revenue code of 1986 to make permanent the reduced recognition period for built-in gains of s corporations; to the committee on ways and means. by mr. reichert (for himself and mr. kind): h.r. 630. a bill to amend the internal revenue code of 1986 to make permanent certain rules regarding basis adjustments to stock of s corporations making charitable contributions of property; to the committee on ways and means. by mr. schock (for himself, mr. keating, mr. barletta, mrs. blackburn, mr. brady of texas, mr. brooks of alabama, mr. burgess, mr. cartwright, mr. cook, mr. crenshaw, mr. rodney davis of illinois, mr. defazio, ms. delbene, mr. farenthold, mr. goodlatte, ms. herrera beutler, mr. himes, mr. honda, mr. huizenga of michigan, mr. hultgren, ms. jenkins of kansas, mr. joyce, mr. kelly of pennsylvania, mr. lipinski, mr. mccaul, mr. mulvaney, mr. peterson, ms. pingree, mr. pocan, mr. polis, mr. roe of tennessee, mr. rokita, mr. rothfus, mr. sessions, mr. simpson, mr. smith of texas, mr. tiberi, mr. tipton, ms. titus, ms. tsongas, mr. wittman, and mr. womack): h.r. 631. a bill to amend section 5000a of the internal revenue code of 1986 to provide an additional religious exemption from the individual health coverage mandate, and for other purposes; to the committee on ways and means. by ms. tsongas (for herself, ms. bordallo, ms. clark of massachusetts, mr. clawson of florida, mr. cramer, mr. farenthold, mr. garamendi, mr. gibson, mr. jolly, mr. kennedy, mr. mcgovern, mr. nugent, mr. austin scott of georgia, mr. tiberi, mr. tonko, mr. walz, mr. welch, ms. slaughter, and mr. ryan of ohio): h.r. 632. a bill to award a gold medal on behalf of the congress to the u.s. air forces escape and evasion society, in recognition of the ceaseless efforts of american aircrew members to escape captivity and evade capture by the enemy forces in occupied countries during our foreign wars, and the brave resistance organizations and patriotic nationals of those foreign countries who assisted them; to the committee on financial services, and in addition to the committee on house administration, for a period to be subsequently determined by the speaker, in each case for consideration of such provisions as fall within the jurisdiction of the committee concerned. by mr. young of alaska: h.r. 633. a bill to amend the patient protection and affordable care act to prohibit the sharing of personally identifiable information obtained through the federally facilitated marketplace for marketing, and for other purposes; to the committee on energy and commerce. by mr. tiberi: h. con. res. 12. concurrent resolution authorizing the use of the rotunda of the united states capitol for a ceremony to present the congressional gold medal to jack nicklaus; to the committee on house administration. by mr. bishop of utah: h. res. 65. a resolution providing amounts for the expenses of the committee on natural resources in the one hundred fourteenth congress; to the committee on house administration. by mr. rangel (for himself, ms. norton, ms. brown of florida, ms. clarke of new york, mr. hastings, mr. vargas, mr. pierluisi, mr. sires, mr. hinojosa, mr. cicilline, mr. larson of connecticut, miss rice of new york, mr. caardenas, mr. honda, mr. grijalva, mr. serrano, ms. jackson lee, and ms. maxine waters of california): h. res. 66. a resolution supporting the goals and ideals of dominican heritage month; to the committee on oversight and government reform. ____________________",7843
CREC-2015-01-30-pt1-PgH666-4,CREC-2015-01-30,2015-01-30,"EXECUTIVE COMMUNICATIONS, ETC.",CREC,HOUSE,H,H,1,https://www.govinfo.gov/app/details/CREC-2015-01-30/CREC-2015-01-30-pt1-PgH666-4,https://api.govinfo.gov/packages/CREC-2015-01-30/granules/CREC-2015-01-30-pt1-PgH666-4/htm,https://api.govinfo.gov/packages/CREC-2015-01-30/granules/CREC-2015-01-30-pt1-PgH666-4/pdf,https://api.govinfo.gov/packages/CREC-2015-01-30/summary,"[Congressional Record Volume 161, Number 16 (Friday, January 30, 2015)] [House] [Page H666] From the Congressional Record Online through the Government Publishing Office [ www.gpo.gov ] EXECUTIVE COMMUNICATIONS, ETC. Under clause 2 of rule XIV, executive communications were taken from the Speaker's table and referred as follows: 253. A letter from the Deputy Director, ODRM, CDC/NIOSH, Department of Health and Human Services, transmitting the Department's final rule -- Respirator Certification Fees [Docket No.: CDC-2013-0004; NIOSH-216] (RIN: 0920-AA42) received January 23, 2015, pursuant to 5 U.S.C. 801(a)(1)(A); to the Committee on Energy and Commerce. 254. A letter from the Deputy Bureau Chief, Wireline Competition Bureau, Federal Communications Commission, transmitting the Commission's final rule -- Connect America Fund; ETC Annual Reports and Certifications; Petition of USTelecom for Forbearance Pursuant to 47 U.S.C. Section 160(c) from Obsolete ILEC Regulatory Obligations that Inhibit Deployment of Next-Generation Networks [WC Docket No.: 10-90] [WC Docket No.: 14-58] [WC Docket No.: 14-192] received January 22, 2015, pursuant to 5 U.S.C. 801(a)(1)(A); to the Committee on Energy and Commerce. 255. A letter from the Associate Bureau Chief, Wireline Competition Bureau, Federal Communications Commission, transmitting the Commission's final rule -- Modernizing the E-Rate Program for Schools and Libraries; Connect America Fund [WC Docket No.: 13-184] [WC Docket No.: 10-90] received January 22, 2015, pursuant to 5 U.S.C. 801(a)(1)(A); to the Committee on Energy and Commerce. 256. A letter from the Acting Chief, Competition Policy Division, Wireline Competition Bureau, Federal Communications Commission, transmitting the Commission's final rule -- Rural Call Completion [WC Docket No.: 13-39] received January 22, 2015, pursuant to 5 U.S.C. 801(a)(1)(A); to the Committee on Energy and Commerce. 257. A letter from the Deputy Assistant Secretary for Export Administration, Bureau of Industry and Security, Department of Commerce, transmitting the Department's final rule -- Russian Sanctions: Licensing Policy for the Crimea Region of Ukraine [Docket No.: 141218999-4999-01] (RIN: 0694- AG43) received January 15, 2015, pursuant to 5 U.S.C. 801(a)(1)(A); to the Committee on Foreign Affairs. 258. A letter from the Chairman, Council of the District of Columbia, transmitting Transmittal of D.C. Act 20-589, ``Early Learning Quality Improvement Network Temporary Amendment Act of 2014''; to the Committee on Oversight and Government Reform. 259. A letter from the Chairman, Council of the District of Columbia, transmitting Transmittal of D.C. Act 20-590, ``Education Licensure Commission Temporary Amendment Act of 2014''; to the Committee on Oversight and Government Reform. 260. A letter from the Chairman, Council of the District of Columbia, transmitting Transmittal of D.C. Act 20-591, ``Wage Theft Prevention Correction and Clarification Temporary Amendment Act of 2014''; to the Committee on Oversight and Government Reform. 261. A letter from the Chairman, Council of the District of Columbia, transmitting Transmittal of D.C. Act 20-592, ``District Government Certificate of Good Standing Filing Requirement Amendment Act of 2014''; to the Committee on Oversight and Government Reform. 262. A letter from the Director, Office of Regulatory Affairs and Collaborative Action, Bureau of Indian Affairs, Department of the Interior, transmitting the Department's final rule -- Land Acquisitions in the State of Alaska [K00103 14/15 A3A10; 134D0102DR-DS5A300000-DR.5A311.IA000115] (RIN: 1076-AF23) received January 20, 2015, pursuant to 5 U.S.C. 801(a)(1)(A); to the Committee on Natural Resources. 263. A letter from the Acting Chief, Branch of Listing, U.S. Fish and Wildlife Service, Department of the Interior, transmitting the Department's final rule -- Endangered and Threatened Wildlife and Plants; Adding 20 Coral Species to the List of Endangered and Threatened Wildlife [Docket No.: FWS-HQ-ES-2014-0055; 4500030113] (RIN: 1018-BA63) received January 26, 2015, pursuant to 5 U.S.C. 801(a)(1)(A); to the Committee on Natural Resources. 264. A letter from the Chief, Endangered Species Listing, U.S. Fish and Wildlife Service, Department of the Interior, transmitting the Department's final rule -- Endangered and Threatened Wildlife and Plants; Designation of Critical Habitat for Gunnison Sage-grouse [Docket No.: FWS-R6-ES-2011- 0111; 4500030114] (RIN: 1018-AX71) received January 26, 2015, pursuant to 5 U.S.C. 801(a)(1)(A); to the Committee on Natural Resources. 265. A letter from the Deputy Assistant Administrator for Regulatory Programs, NMFS, National Oceanic and Atmospheric Administration, transmitting the Administration's final rule -- Fisheries Off West Coast States; West Coast Salmon Fisheries; Amendment 18 to the Salmon Fishery Management Plan [Docket No.: 130123065-4999-02] (RIN: 0648-BC95) received January 16, 2015, pursuant to 5 U.S.C. 801(a)(1)(A); to the Committee on Natural Resources. 266. A letter from the Deputy Assistant Administrator for Regulatory Programs, NMFS, National Oceanic and Atmospheric Administration, transmitting the Administration's correction to final rule -- International Fisheries; Western and Central Pacific Fisheries for Highly Migratory Species; Restrictions on the Use of Fish Aggregating Devices in Purse Seine Fisheries for 2015; Correction [Docket No.: 140710571-4977- 02] (RIN: 0648-BE36) received January 16, 2015, pursuant to 5 U.S.C. 801(a)(1)(A); to the Committee on Natural Resources. 267. A letter from the Deputy Assistant Administrator for Regulatory Programs, NMFS, National Oceanic and Atmospheric Administration, transmitting the Administration's final rule -- Magnuson-Stevens Act Provisions; Fisheries off West Coast States; Regulatory Amendment to Pacific Coast Groundfish Fisheries Trawl Rationalization Program for the Start of 2015 [Docket No.: 140904753-4999-01] (RIN: 0648-BE34) received January 16, 2015, pursuant to 5 U.S.C. 801(a)(1)(A); to the Committee on Natural Resources. 268. A letter from the Acting Director, Office of Sustainable Fisheries, National Oceanic and Atmospheric Administration, transmitting the Administration's temporary rule -- Atlantic Highly Migratory Species; Commercial Porbeagle Shark Fishery [Docket Nos.: 130402317-3966-02 and 140429387-4971-02] (RIN: 0648-XD659) received January 15, 2015, pursuant to 5 U.S.C. 801(a)(1)(A); to the Committee on Natural Resources. 269. A letter from the Deputy Assistant Administrator for Regulatory Programs, NMFS, National Oceanic and Atmospheric Administration, transmitting the Administration's final rule -- Taking of Marine Mammals Incidental to Commercial Fishing Operations and Atlantic Coastal Fisheries Cooperative Management Act Provisions; American Lobster Fishery [Docket No.: 141002823-4999-02] (RIN: 0648-BE57) received January 7, 2015, pursuant to 5 U.S.C. 801(a)(1)(A); to the Committee on Natural Resources. 270. A letter from the Chief, Publications and Regulations Branch, Internal Revenue Service, transmitting the Service's IRB only rule -- Update to Revenue Procedure 2014-8 (Revenue Procedure 2015-8) received January 16, 2015, pursuant to 5 U.S.C. 801(a)(1)(A); to the Committee on Ways and Means. 271. A letter from the Chief, Publications and Regulations Branch, Internal Revenue Service, transmitting the Service's IRB only rule -- Update to Revenue Procedure 2014-4 (Revenue Procedure 2015-4) received January 16, 2015, pursuant to 5 U.S.C. 801(a)(1)(A); to the Committee on Ways and Means. 272. A letter from the Chief, Publications and Regulations Branch, Internal Revenue Service, transmitting the Service's IRB only rule -- Reporting Sick Pay Paid by Third Parties (Notice 2015-6) received January 16, 2015, pursuant to 5 U.S.C. 801(a)(1)(A); to the Committee on Ways and Means. ____________________",,"[Congressional Record Volume 161, Number 16 (Friday, January 30, 2015)] [House] [Page H666] From the Congressional Record Online through the Government Publishing Office [ www.gpo.gov ] EXECUTIVE COMMUNICATIONS, ETC. Under clause 2 of rule XIV, executive communications were taken from the Speaker's table and referred as follows: 253. A letter from the Deputy Director, ODRM, CDC/NIOSH, Department of Health and Human Services, transmitting the Department's final rule -- Respirator Certification Fees [Docket No.: CDC-2013-0004; NIOSH-216] (RIN: 0920-AA42) received January 23, 2015, pursuant to 5 U.S.C. 801(a)(1)(A); to the Committee on Energy and Commerce. 254. A letter from the Deputy Bureau Chief, Wireline Competition Bureau, Federal Communications Commission, transmitting the Commission's final rule -- Connect America Fund; ETC Annual Reports and Certifications; Petition of USTelecom for Forbearance Pursuant to 47 U.S.C. Section 160(c) from Obsolete ILEC Regulatory Obligations that Inhibit Deployment of Next-Generation Networks [WC Docket No.: 10-90] [WC Docket No.: 14-58] [WC Docket No.: 14-192] received January 22, 2015, pursuant to 5 U.S.C. 801(a)(1)(A); to the Committee on Energy and Commerce. 255. A letter from the Associate Bureau Chief, Wireline Competition Bureau, Federal Communications Commission, transmitting the Commission's final rule -- Modernizing the E-Rate Program for Schools and Libraries; Connect America Fund [WC Docket No.: 13-184] [WC Docket No.: 10-90] received January 22, 2015, pursuant to 5 U.S.C. 801(a)(1)(A); to the Committee on Energy and Commerce. 256. A letter from the Acting Chief, Competition Policy Division, Wireline Competition Bureau, Federal Communications Commission, transmitting the Commission's final rule -- Rural Call Completion [WC Docket No.: 13-39] received January 22, 2015, pursuant to 5 U.S.C. 801(a)(1)(A); to the Committee on Energy and Commerce. 257. A letter from the Deputy Assistant Secretary for Export Administration, Bureau of Industry and Security, Department of Commerce, transmitting the Department's final rule -- Russian Sanctions: Licensing Policy for the Crimea Region of Ukraine [Docket No.: 141218999-4999-01] (RIN: 0694- AG43) received January 15, 2015, pursuant to 5 U.S.C. 801(a)(1)(A); to the Committee on Foreign Affairs. 258. A letter from the Chairman, Council of the District of Columbia, transmitting Transmittal of D.C. Act 20-589, ``Early Learning Quality Improvement Network Temporary Amendment Act of 2014''; to the Committee on Oversight and Government Reform. 259. A letter from the Chairman, Council of the District of Columbia, transmitting Transmittal of D.C. Act 20-590, ``Education Licensure Commission Temporary Amendment Act of 2014''; to the Committee on Oversight and Government Reform. 260. A letter from the Chairman, Council of the District of Columbia, transmitting Transmittal of D.C. Act 20-591, ``Wage Theft Prevention Correction and Clarification Temporary Amendment Act of 2014''; to the Committee on Oversight and Government Reform. 261. A letter from the Chairman, Council of the District of Columbia, transmitting Transmittal of D.C. Act 20-592, ``District Government Certificate of Good Standing Filing Requirement Amendment Act of 2014''; to the Committee on Oversight and Government Reform. 262. A letter from the Director, Office of Regulatory Affairs and Collaborative Action, Bureau of Indian Affairs, Department of the Interior, transmitting the Department's final rule -- Land Acquisitions in the State of Alaska [K00103 14/15 A3A10; 134D0102DR-DS5A300000-DR.5A311.IA000115] (RIN: 1076-AF23) received January 20, 2015, pursuant to 5 U.S.C. 801(a)(1)(A); to the Committee on Natural Resources. 263. A letter from the Acting Chief, Branch of Listing, U.S. Fish and Wildlife Service, Department of the Interior, transmitting the Department's final rule -- Endangered and Threatened Wildlife and Plants; Adding 20 Coral Species to the List of Endangered and Threatened Wildlife [Docket No.: FWS-HQ-ES-2014-0055; 4500030113] (RIN: 1018-BA63) received January 26, 2015, pursuant to 5 U.S.C. 801(a)(1)(A); to the Committee on Natural Resources. 264. A letter from the Chief, Endangered Species Listing, U.S. Fish and Wildlife Service, Department of the Interior, transmitting the Department's final rule -- Endangered and Threatened Wildlife and Plants; Designation of Critical Habitat for Gunnison Sage-grouse [Docket No.: FWS-R6-ES-2011- 0111; 4500030114] (RIN: 1018-AX71) received January 26, 2015, pursuant to 5 U.S.C. 801(a)(1)(A); to the Committee on Natural Resources. 265. A letter from the Deputy Assistant Administrator for Regulatory Programs, NMFS, National Oceanic and Atmospheric Administration, transmitting the Administration's final rule -- Fisheries Off West Coast States; West Coast Salmon Fisheries; Amendment 18 to the Salmon Fishery Management Plan [Docket No.: 130123065-4999-02] (RIN: 0648-BC95) received January 16, 2015, pursuant to 5 U.S.C. 801(a)(1)(A); to the Committee on Natural Resources. 266. A letter from the Deputy Assistant Administrator for Regulatory Programs, NMFS, National Oceanic and Atmospheric Administration, transmitting the Administration's correction to final rule -- International Fisheries; Western and Central Pacific Fisheries for Highly Migratory Species; Restrictions on the Use of Fish Aggregating Devices in Purse Seine Fisheries for 2015; Correction [Docket No.: 140710571-4977- 02] (RIN: 0648-BE36) received January 16, 2015, pursuant to 5 U.S.C. 801(a)(1)(A); to the Committee on Natural Resources. 267. A letter from the Deputy Assistant Administrator for Regulatory Programs, NMFS, National Oceanic and Atmospheric Administration, transmitting the Administration's final rule -- Magnuson-Stevens Act Provisions; Fisheries off West Coast States; Regulatory Amendment to Pacific Coast Groundfish Fisheries Trawl Rationalization Program for the Start of 2015 [Docket No.: 140904753-4999-01] (RIN: 0648-BE34) received January 16, 2015, pursuant to 5 U.S.C. 801(a)(1)(A); to the Committee on Natural Resources. 268. A letter from the Acting Director, Office of Sustainable Fisheries, National Oceanic and Atmospheric Administration, transmitting the Administration's temporary rule -- Atlantic Highly Migratory Species; Commercial Porbeagle Shark Fishery [Docket Nos.: 130402317-3966-02 and 140429387-4971-02] (RIN: 0648-XD659) received January 15, 2015, pursuant to 5 U.S.C. 801(a)(1)(A); to the Committee on Natural Resources. 269. A letter from the Deputy Assistant Administrator for Regulatory Programs, NMFS, National Oceanic and Atmospheric Administration, transmitting the Administration's final rule -- Taking of Marine Mammals Incidental to Commercial Fishing Operations and Atlantic Coastal Fisheries Cooperative Management Act Provisions; American Lobster Fishery [Docket No.: 141002823-4999-02] (RIN: 0648-BE57) received January 7, 2015, pursuant to 5 U.S.C. 801(a)(1)(A); to the Committee on Natural Resources. 270. A letter from the Chief, Publications and Regulations Branch, Internal Revenue Service, transmitting the Service's IRB only rule -- Update to Revenue Procedure 2014-8 (Revenue Procedure 2015-8) received January 16, 2015, pursuant to 5 U.S.C. 801(a)(1)(A); to the Committee on Ways and Means. 271. A letter from the Chief, Publications and Regulations Branch, Internal Revenue Service, transmitting the Service's IRB only rule -- Update to Revenue Procedure 2014-4 (Revenue Procedure 2015-4) received January 16, 2015, pursuant to 5 U.S.C. 801(a)(1)(A); to the Committee on Ways and Means. 272. A letter from the Chief, Publications and Regulations Branch, Internal Revenue Service, transmitting the Service's IRB only rule -- Reporting Sick Pay Paid by Third Parties (Notice 2015-6) received January 16, 2015, pursuant to 5 U.S.C. 801(a)(1)(A); to the Committee on Ways and Means. ____________________",https://api.govinfo.gov/related/CREC-2015-01-30-pt1-PgH666-4,CREC,Proceedings of Congress and General Congressional Publications,2025-03-07T17:22:16Z,Congressional Record,package_114_15.csv,7916,0,7916,"[congressional record volume 161, number 16 (friday, january 30, 2015)] [house] [page h666] from the congressional record online through the government publishing office [ www.gpo.gov ] executive communications, etc. under clause 2 of rule xiv, executive communications were taken from the speaker's table and referred as follows: 253. a letter from the deputy director, odrm, cdc/niosh, department of health and human services, transmitting the department's final rule -- respirator certification fees [docket no.: cdc-2013-0004; niosh-216] (rin: 0920-aa42) received january 23, 2015, pursuant to 5 u.s.c. 801(a)(1)(a); to the committee on energy and commerce. 254. a letter from the deputy bureau chief, wireline competition bureau, federal communications commission, transmitting the commission's final rule -- connect america fund; etc annual reports and certifications; petition of ustelecom for forbearance pursuant to 47 u.s.c. section 160(c) from obsolete ilec regulatory obligations that inhibit deployment of next-generation networks [wc docket no.: 10-90] [wc docket no.: 14-58] [wc docket no.: 14-192] received january 22, 2015, pursuant to 5 u.s.c. 801(a)(1)(a); to the committee on energy and commerce. 255. a letter from the associate bureau chief, wireline competition bureau, federal communications commission, transmitting the commission's final rule -- modernizing the e-rate program for schools and libraries; connect america fund [wc docket no.: 13-184] [wc docket no.: 10-90] received january 22, 2015, pursuant to 5 u.s.c. 801(a)(1)(a); to the committee on energy and commerce. 256. a letter from the acting chief, competition policy division, wireline competition bureau, federal communications commission, transmitting the commission's final rule -- rural call completion [wc docket no.: 13-39] received january 22, 2015, pursuant to 5 u.s.c. 801(a)(1)(a); to the committee on energy and commerce. 257. a letter from the deputy assistant secretary for export administration, bureau of industry and security, department of commerce, transmitting the department's final rule -- russian sanctions: licensing policy for the crimea region of ukraine [docket no.: 141218999-4999-01] (rin: 0694- ag43) received january 15, 2015, pursuant to 5 u.s.c. 801(a)(1)(a); to the committee on foreign affairs. 258. a letter from the chairman, council of the district of columbia, transmitting transmittal of d.c. act 20-589, ``early learning quality improvement network temporary amendment act of 2014''; to the committee on oversight and government reform. 259. a letter from the chairman, council of the district of columbia, transmitting transmittal of d.c. act 20-590, ``education licensure commission temporary amendment act of 2014''; to the committee on oversight and government reform. 260. a letter from the chairman, council of the district of columbia, transmitting transmittal of d.c. act 20-591, ``wage theft prevention correction and clarification temporary amendment act of 2014''; to the committee on oversight and government reform. 261. a letter from the chairman, council of the district of columbia, transmitting transmittal of d.c. act 20-592, ``district government certificate of good standing filing requirement amendment act of 2014''; to the committee on oversight and government reform. 262. a letter from the director, office of regulatory affairs and collaborative action, bureau of indian affairs, department of the interior, transmitting the department's final rule -- land acquisitions in the state of alaska [k00103 14/15 a3a10; 134d0102dr-ds5a300000-dr.5a311.ia000115] (rin: 1076-af23) received january 20, 2015, pursuant to 5 u.s.c. 801(a)(1)(a); to the committee on natural resources. 263. a letter from the acting chief, branch of listing, u.s. fish and wildlife service, department of the interior, transmitting the department's final rule -- endangered and threatened wildlife and plants; adding 20 coral species to the list of endangered and threatened wildlife [docket no.: fws-hq-es-2014-0055; 4500030113] (rin: 1018-ba63) received january 26, 2015, pursuant to 5 u.s.c. 801(a)(1)(a); to the committee on natural resources. 264. a letter from the chief, endangered species listing, u.s. fish and wildlife service, department of the interior, transmitting the department's final rule -- endangered and threatened wildlife and plants; designation of critical habitat for gunnison sage-grouse [docket no.: fws-r6-es-2011- 0111; 4500030114] (rin: 1018-ax71) received january 26, 2015, pursuant to 5 u.s.c. 801(a)(1)(a); to the committee on natural resources. 265. a letter from the deputy assistant administrator for regulatory programs, nmfs, national oceanic and atmospheric administration, transmitting the administration's final rule -- fisheries off west coast states; west coast salmon fisheries; amendment 18 to the salmon fishery management plan [docket no.: 130123065-4999-02] (rin: 0648-bc95) received january 16, 2015, pursuant to 5 u.s.c. 801(a)(1)(a); to the committee on natural resources. 266. a letter from the deputy assistant administrator for regulatory programs, nmfs, national oceanic and atmospheric administration, transmitting the administration's correction to final rule -- international fisheries; western and central pacific fisheries for highly migratory species; restrictions on the use of fish aggregating devices in purse seine fisheries for 2015; correction [docket no.: 140710571-4977- 02] (rin: 0648-be36) received january 16, 2015, pursuant to 5 u.s.c. 801(a)(1)(a); to the committee on natural resources. 267. a letter from the deputy assistant administrator for regulatory programs, nmfs, national oceanic and atmospheric administration, transmitting the administration's final rule -- magnuson-stevens act provisions; fisheries off west coast states; regulatory amendment to pacific coast groundfish fisheries trawl rationalization program for the start of 2015 [docket no.: 140904753-4999-01] (rin: 0648-be34) received january 16, 2015, pursuant to 5 u.s.c. 801(a)(1)(a); to the committee on natural resources. 268. a letter from the acting director, office of sustainable fisheries, national oceanic and atmospheric administration, transmitting the administration's temporary rule -- atlantic highly migratory species; commercial porbeagle shark fishery [docket nos.: 130402317-3966-02 and 140429387-4971-02] (rin: 0648-xd659) received january 15, 2015, pursuant to 5 u.s.c. 801(a)(1)(a); to the committee on natural resources. 269. a letter from the deputy assistant administrator for regulatory programs, nmfs, national oceanic and atmospheric administration, transmitting the administration's final rule -- taking of marine mammals incidental to commercial fishing operations and atlantic coastal fisheries cooperative management act provisions; american lobster fishery [docket no.: 141002823-4999-02] (rin: 0648-be57) received january 7, 2015, pursuant to 5 u.s.c. 801(a)(1)(a); to the committee on natural resources. 270. a letter from the chief, publications and regulations branch, internal revenue service, transmitting the service's irb only rule -- update to revenue procedure 2014-8 (revenue procedure 2015-8) received january 16, 2015, pursuant to 5 u.s.c. 801(a)(1)(a); to the committee on ways and means. 271. a letter from the chief, publications and regulations branch, internal revenue service, transmitting the service's irb only rule -- update to revenue procedure 2014-4 (revenue procedure 2015-4) received january 16, 2015, pursuant to 5 u.s.c. 801(a)(1)(a); to the committee on ways and means. 272. a letter from the chief, publications and regulations branch, internal revenue service, transmitting the service's irb only rule -- reporting sick pay paid by third parties (notice 2015-6) received january 16, 2015, pursuant to 5 u.s.c. 801(a)(1)(a); to the committee on ways and means. ____________________",7916
CREC-2015-01-30-pt1-PgH667,CREC-2015-01-30,2015-01-30,Constitutional Authority Statement,CREC,HOUSE,H,H,1,https://www.govinfo.gov/app/details/CREC-2015-01-30/CREC-2015-01-30-pt1-PgH667,https://api.govinfo.gov/packages/CREC-2015-01-30/granules/CREC-2015-01-30-pt1-PgH667/htm,https://api.govinfo.gov/packages/CREC-2015-01-30/granules/CREC-2015-01-30-pt1-PgH667/pdf,https://api.govinfo.gov/packages/CREC-2015-01-30/summary,"[Congressional Record Volume 161, Number 16 (Friday, January 30, 2015)] [House] [Page H667] From the Congressional Record Online through the Government Publishing Office [ www.gpo.gov ] CONSTITUTIONAL AUTHORITY STATEMENT Pursuant to clause 7 of rule XII of the Rules of the House of Representatives, the following statements are submitted regarding the specific powers granted to Congress in the Constitution to enact the accompanying bill or joint resolution.",,"[Congressional Record Volume 161, Number 16 (Friday, January 30, 2015)] [House] [Page H667] From the Congressional Record Online through the Government Publishing Office [ www.gpo.gov ] CONSTITUTIONAL AUTHORITY STATEMENT Pursuant to clause 7 of rule XII of the Rules of the House of Representatives, the following statements are submitted regarding the specific powers granted to Congress in the Constitution to enact the accompanying bill or joint resolution.",https://api.govinfo.gov/related/CREC-2015-01-30-pt1-PgH667,CREC,Proceedings of Congress and General Congressional Publications,2025-03-07T17:22:16Z,Congressional Record,package_114_15.csv,460,0,460,"[congressional record volume 161, number 16 (friday, january 30, 2015)] [house] [page h667] from the congressional record online through the government publishing office [ www.gpo.gov ] constitutional authority statement pursuant to clause 7 of rule xii of the rules of the house of representatives, the following statements are submitted regarding the specific powers granted to congress in the constitution to enact the accompanying bill or joint resolution.",460
CREC-2015-01-30-pt1-PgH667-2,CREC-2015-01-30,2015-01-30,Constitutional Authority Statement for H.R. 622,CREC,HOUSE,H,H,1,https://www.govinfo.gov/app/details/CREC-2015-01-30/CREC-2015-01-30-pt1-PgH667-2,https://api.govinfo.gov/packages/CREC-2015-01-30/granules/CREC-2015-01-30-pt1-PgH667-2/htm,https://api.govinfo.gov/packages/CREC-2015-01-30/granules/CREC-2015-01-30-pt1-PgH667-2/pdf,https://api.govinfo.gov/packages/CREC-2015-01-30/summary,"[Congressional Record Volume 161, Number 16 (Friday, January 30, 2015)] [House] [Page H667] From the Congressional Record Online through the Government Publishing Office [ www.gpo.gov ] By Mr. BRADY of Texas: H.R. 622. Congress has the power to enact this legislation pursuant to the following: Article I, Section 8 of the United States Constitution which grants Congress, ``the power to lay and collect taxes, duties, imposts and excises . . .''",,"[Congressional Record Volume 161, Number 16 (Friday, January 30, 2015)] [House] [Page H667] From the Congressional Record Online through the Government Publishing Office [ www.gpo.gov ] By Mr. BRADY of Texas: H.R. 622. Congress has the power to enact this legislation pursuant to the following: Article I, Section 8 of the United States Constitution which grants Congress, ``the power to lay and collect taxes, duties, imposts and excises . . .''",https://api.govinfo.gov/related/CREC-2015-01-30-pt1-PgH667-2,CREC,Proceedings of Congress and General Congressional Publications,2025-03-07T17:22:16Z,Congressional Record,package_114_15.csv,446,0,446,"[congressional record volume 161, number 16 (friday, january 30, 2015)] [house] [page h667] from the congressional record online through the government publishing office [ www.gpo.gov ] by mr. brady of texas: h.r. 622. congress has the power to enact this legislation pursuant to the following: article i, section 8 of the united states constitution which grants congress, ``the power to lay and collect taxes, duties, imposts and excises . . .''",446
CREC-2015-01-30-pt1-PgH667-3,CREC-2015-01-30,2015-01-30,Constitutional Authority Statement for H.R. 623,CREC,HOUSE,H,H,1,https://www.govinfo.gov/app/details/CREC-2015-01-30/CREC-2015-01-30-pt1-PgH667-3,https://api.govinfo.gov/packages/CREC-2015-01-30/granules/CREC-2015-01-30-pt1-PgH667-3/htm,https://api.govinfo.gov/packages/CREC-2015-01-30/granules/CREC-2015-01-30-pt1-PgH667-3/pdf,https://api.govinfo.gov/packages/CREC-2015-01-30/summary,"[Congressional Record Volume 161, Number 16 (Friday, January 30, 2015)] [House] [Page H667] From the Congressional Record Online through the Government Publishing Office [ www.gpo.gov ] By Mrs. BROOKS of Indiana: H.R. 623. Congress has the power to enact this legislation pursuant to the following: Article I, Section 8, To make all Laws which shall be necessary and proper for carrying into Execution the foregoing Powers, and all other Powers vested by this Constitution in the Government of the United States.",,"[Congressional Record Volume 161, Number 16 (Friday, January 30, 2015)] [House] [Page H667] From the Congressional Record Online through the Government Publishing Office [ www.gpo.gov ] By Mrs. BROOKS of Indiana: H.R. 623. Congress has the power to enact this legislation pursuant to the following: Article I, Section 8, To make all Laws which shall be necessary and proper for carrying into Execution the foregoing Powers, and all other Powers vested by this Constitution in the Government of the United States.",https://api.govinfo.gov/related/CREC-2015-01-30-pt1-PgH667-3,CREC,Proceedings of Congress and General Congressional Publications,2025-03-07T17:22:16Z,Congressional Record,package_114_15.csv,512,0,512,"[congressional record volume 161, number 16 (friday, january 30, 2015)] [house] [page h667] from the congressional record online through the government publishing office [ www.gpo.gov ] by mrs. brooks of indiana: h.r. 623. congress has the power to enact this legislation pursuant to the following: article i, section 8, to make all laws which shall be necessary and proper for carrying into execution the foregoing powers, and all other powers vested by this constitution in the government of the united states.",512
CREC-2015-01-30-pt1-PgH667-4,CREC-2015-01-30,2015-01-30,Constitutional Authority Statement for H.R. 624,CREC,HOUSE,H,H,1,https://www.govinfo.gov/app/details/CREC-2015-01-30/CREC-2015-01-30-pt1-PgH667-4,https://api.govinfo.gov/packages/CREC-2015-01-30/granules/CREC-2015-01-30-pt1-PgH667-4/htm,https://api.govinfo.gov/packages/CREC-2015-01-30/granules/CREC-2015-01-30-pt1-PgH667-4/pdf,https://api.govinfo.gov/packages/CREC-2015-01-30/summary,"[Congressional Record Volume 161, Number 16 (Friday, January 30, 2015)] [House] [Page H667] From the Congressional Record Online through the Government Publishing Office [ www.gpo.gov ] By Mr. SMITH of New Jersey: H.R. 624. Congress has the power to enact this legislation pursuant to the following: Article I, Section 8, Clause 3 Article I, Section 8, Clause 4 Article I, Section 8, Clause 18",,"[Congressional Record Volume 161, Number 16 (Friday, January 30, 2015)] [House] [Page H667] From the Congressional Record Online through the Government Publishing Office [ www.gpo.gov ] By Mr. SMITH of New Jersey: H.R. 624. Congress has the power to enact this legislation pursuant to the following: Article I, Section 8, Clause 3 Article I, Section 8, Clause 4 Article I, Section 8, Clause 18",https://api.govinfo.gov/related/CREC-2015-01-30-pt1-PgH667-4,CREC,Proceedings of Congress and General Congressional Publications,2025-03-07T17:22:16Z,Congressional Record,package_114_15.csv,393,0,393,"[congressional record volume 161, number 16 (friday, january 30, 2015)] [house] [page h667] from the congressional record online through the government publishing office [ www.gpo.gov ] by mr. smith of new jersey: h.r. 624. congress has the power to enact this legislation pursuant to the following: article i, section 8, clause 3 article i, section 8, clause 4 article i, section 8, clause 18",393
CREC-2015-01-30-pt1-PgH667-6,CREC-2015-01-30,2015-01-30,Constitutional Authority Statement for H.R. 626,CREC,HOUSE,H,H,1,https://www.govinfo.gov/app/details/CREC-2015-01-30/CREC-2015-01-30-pt1-PgH667-6,https://api.govinfo.gov/packages/CREC-2015-01-30/granules/CREC-2015-01-30-pt1-PgH667-6/htm,https://api.govinfo.gov/packages/CREC-2015-01-30/granules/CREC-2015-01-30-pt1-PgH667-6/pdf,https://api.govinfo.gov/packages/CREC-2015-01-30/summary,"[Congressional Record Volume 161, Number 16 (Friday, January 30, 2015)] [House] [Page H667] From the Congressional Record Online through the Government Publishing Office [ www.gpo.gov ] By Mr. DENHAM: H.R. 626. Congress has the power to enact this legislation pursuant to the following: Article 1, Section 8 of the Constitution of the United States.",,"[Congressional Record Volume 161, Number 16 (Friday, January 30, 2015)] [House] [Page H667] From the Congressional Record Online through the Government Publishing Office [ www.gpo.gov ] By Mr. DENHAM: H.R. 626. Congress has the power to enact this legislation pursuant to the following: Article 1, Section 8 of the Constitution of the United States.",https://api.govinfo.gov/related/CREC-2015-01-30-pt1-PgH667-6,CREC,Proceedings of Congress and General Congressional Publications,2025-03-07T17:22:16Z,Congressional Record,package_114_15.csv,349,0,349,"[congressional record volume 161, number 16 (friday, january 30, 2015)] [house] [page h667] from the congressional record online through the government publishing office [ www.gpo.gov ] by mr. denham: h.r. 626. congress has the power to enact this legislation pursuant to the following: article 1, section 8 of the constitution of the united states.",349
CREC-2015-01-30-pt1-PgH667-5,CREC-2015-01-30,2015-01-30,Constitutional Authority Statement for H.R. 625,CREC,HOUSE,H,H,1,https://www.govinfo.gov/app/details/CREC-2015-01-30/CREC-2015-01-30-pt1-PgH667-5,https://api.govinfo.gov/packages/CREC-2015-01-30/granules/CREC-2015-01-30-pt1-PgH667-5/htm,https://api.govinfo.gov/packages/CREC-2015-01-30/granules/CREC-2015-01-30-pt1-PgH667-5/pdf,https://api.govinfo.gov/packages/CREC-2015-01-30/summary,"[Congressional Record Volume 161, Number 16 (Friday, January 30, 2015)] [House] [Page H667] From the Congressional Record Online through the Government Publishing Office [ www.gpo.gov ] By Mr. DELANEY: H.R. 625. Congress has the power to enact this legislation pursuant to the following: Article I Section 8 of the United States constitution.",,"[Congressional Record Volume 161, Number 16 (Friday, January 30, 2015)] [House] [Page H667] From the Congressional Record Online through the Government Publishing Office [ www.gpo.gov ] By Mr. DELANEY: H.R. 625. Congress has the power to enact this legislation pursuant to the following: Article I Section 8 of the United States constitution.",https://api.govinfo.gov/related/CREC-2015-01-30-pt1-PgH667-5,CREC,Proceedings of Congress and General Congressional Publications,2025-03-07T17:22:16Z,Congressional Record,package_114_15.csv,342,0,342,"[congressional record volume 161, number 16 (friday, january 30, 2015)] [house] [page h667] from the congressional record online through the government publishing office [ www.gpo.gov ] by mr. delaney: h.r. 625. congress has the power to enact this legislation pursuant to the following: article i section 8 of the united states constitution.",342
CREC-2015-01-30-pt1-PgH667-7,CREC-2015-01-30,2015-01-30,Constitutional Authority Statement for H.R. 627,CREC,HOUSE,H,H,1,https://www.govinfo.gov/app/details/CREC-2015-01-30/CREC-2015-01-30-pt1-PgH667-7,https://api.govinfo.gov/packages/CREC-2015-01-30/granules/CREC-2015-01-30-pt1-PgH667-7/htm,https://api.govinfo.gov/packages/CREC-2015-01-30/granules/CREC-2015-01-30-pt1-PgH667-7/pdf,https://api.govinfo.gov/packages/CREC-2015-01-30/summary,"[Congressional Record Volume 161, Number 16 (Friday, January 30, 2015)] [House] [Pages H667-H668] From the Congressional Record Online through the Government Publishing Office [ www.gpo.gov ] By Ms. HAHN: H.R. 627. Congress has the power to enact this legislation pursuant to the following: According to Article 1: Section 8: Clause 18: of the United States Constitution, seen below, this bill falls within the Constitutional Authority of the United States Congress. Article 1: Section 8: Clause 18: To make all Laws which shall be necessary and proper for carrying into Execution the foregoing Powers, and all other Powers vested by this Constitution in the Government of the United [[Page H668]] States, or in any Department or Officer thereof.",,"[Congressional Record Volume 161, Number 16 (Friday, January 30, 2015)] [House] [Pages H667-H668] From the Congressional Record Online through the Government Publishing Office [ www.gpo.gov ] By Ms. HAHN: H.R. 627. Congress has the power to enact this legislation pursuant to the following: According to Article 1: Section 8: Clause 18: of the United States Constitution, seen below, this bill falls within the Constitutional Authority of the United States Congress. Article 1: Section 8: Clause 18: To make all Laws which shall be necessary and proper for carrying into Execution the foregoing Powers, and all other Powers vested by this Constitution in the Government of the United [[Page H668]] States, or in any Department or Officer thereof.",https://api.govinfo.gov/related/CREC-2015-01-30-pt1-PgH667-7,CREC,Proceedings of Congress and General Congressional Publications,2025-03-07T17:22:16Z,Congressional Record,package_114_15.csv,746,0,746,"[congressional record volume 161, number 16 (friday, january 30, 2015)] [house] [pages h667-h668] from the congressional record online through the government publishing office [ www.gpo.gov ] by ms. hahn: h.r. 627. congress has the power to enact this legislation pursuant to the following: according to article 1: section 8: clause 18: of the united states constitution, seen below, this bill falls within the constitutional authority of the united states congress. article 1: section 8: clause 18: to make all laws which shall be necessary and proper for carrying into execution the foregoing powers, and all other powers vested by this constitution in the government of the united [[page h668]] states, or in any department or officer thereof.",746
CREC-2015-01-30-pt1-PgH668-3,CREC-2015-01-30,2015-01-30,Constitutional Authority Statement for H.R. 630,CREC,HOUSE,H,H,1,https://www.govinfo.gov/app/details/CREC-2015-01-30/CREC-2015-01-30-pt1-PgH668-3,https://api.govinfo.gov/packages/CREC-2015-01-30/granules/CREC-2015-01-30-pt1-PgH668-3/htm,https://api.govinfo.gov/packages/CREC-2015-01-30/granules/CREC-2015-01-30-pt1-PgH668-3/pdf,https://api.govinfo.gov/packages/CREC-2015-01-30/summary,"[Congressional Record Volume 161, Number 16 (Friday, January 30, 2015)] [House] [Page H668] From the Congressional Record Online through the Government Publishing Office [ www.gpo.gov ] By Mr. REICHERT: H.R. 630. Congress has the power to enact this legislation pursuant to the following: Pursuant to Clause 1 of Section 8 of Article I of the United States Constitution and Amendment XVI of the United States Constitution.",,"[Congressional Record Volume 161, Number 16 (Friday, January 30, 2015)] [House] [Page H668] From the Congressional Record Online through the Government Publishing Office [ www.gpo.gov ] By Mr. REICHERT: H.R. 630. Congress has the power to enact this legislation pursuant to the following: Pursuant to Clause 1 of Section 8 of Article I of the United States Constitution and Amendment XVI of the United States Constitution.",https://api.govinfo.gov/related/CREC-2015-01-30-pt1-PgH668-3,CREC,Proceedings of Congress and General Congressional Publications,2025-03-07T17:22:16Z,Congressional Record,package_114_15.csv,422,0,422,"[congressional record volume 161, number 16 (friday, january 30, 2015)] [house] [page h668] from the congressional record online through the government publishing office [ www.gpo.gov ] by mr. reichert: h.r. 630. congress has the power to enact this legislation pursuant to the following: pursuant to clause 1 of section 8 of article i of the united states constitution and amendment xvi of the united states constitution.",422
CREC-2015-01-30-pt1-PgH668,CREC-2015-01-30,2015-01-30,Constitutional Authority Statement for H.R. 628,CREC,HOUSE,H,H,1,https://www.govinfo.gov/app/details/CREC-2015-01-30/CREC-2015-01-30-pt1-PgH668,https://api.govinfo.gov/packages/CREC-2015-01-30/granules/CREC-2015-01-30-pt1-PgH668/htm,https://api.govinfo.gov/packages/CREC-2015-01-30/granules/CREC-2015-01-30-pt1-PgH668/pdf,https://api.govinfo.gov/packages/CREC-2015-01-30/summary,"[Congressional Record Volume 161, Number 16 (Friday, January 30, 2015)] [House] [Page H668] From the Congressional Record Online through the Government Publishing Office [ www.gpo.gov ] By Mrs. McMORRIS RODGERS: H.R. 628. Congress has the power to enact this legislation pursuant to the following: The Constitutional authority in which this bill rests is the power of the Congress to regulate Commerce as enumerated by Article I, Section 8, Clause 3 as applied to the Social Security Act.",,"[Congressional Record Volume 161, Number 16 (Friday, January 30, 2015)] [House] [Page H668] From the Congressional Record Online through the Government Publishing Office [ www.gpo.gov ] By Mrs. McMORRIS RODGERS: H.R. 628. Congress has the power to enact this legislation pursuant to the following: The Constitutional authority in which this bill rests is the power of the Congress to regulate Commerce as enumerated by Article I, Section 8, Clause 3 as applied to the Social Security Act.",https://api.govinfo.gov/related/CREC-2015-01-30-pt1-PgH668,CREC,Proceedings of Congress and General Congressional Publications,2025-03-07T17:22:16Z,Congressional Record,package_114_15.csv,488,0,488,"[congressional record volume 161, number 16 (friday, january 30, 2015)] [house] [page h668] from the congressional record online through the government publishing office [ www.gpo.gov ] by mrs. mcmorris rodgers: h.r. 628. congress has the power to enact this legislation pursuant to the following: the constitutional authority in which this bill rests is the power of the congress to regulate commerce as enumerated by article i, section 8, clause 3 as applied to the social security act.",488
CREC-2015-01-30-pt1-PgH668-2,CREC-2015-01-30,2015-01-30,Constitutional Authority Statement for H.R. 629,CREC,HOUSE,H,H,1,https://www.govinfo.gov/app/details/CREC-2015-01-30/CREC-2015-01-30-pt1-PgH668-2,https://api.govinfo.gov/packages/CREC-2015-01-30/granules/CREC-2015-01-30-pt1-PgH668-2/htm,https://api.govinfo.gov/packages/CREC-2015-01-30/granules/CREC-2015-01-30-pt1-PgH668-2/pdf,https://api.govinfo.gov/packages/CREC-2015-01-30/summary,"[Congressional Record Volume 161, Number 16 (Friday, January 30, 2015)] [House] [Page H668] From the Congressional Record Online through the Government Publishing Office [ www.gpo.gov ] By Mr. REICHERT: H.R. 629. Congress has the power to enact this legislation pursuant to the following: Pursuant to Clause I of Section 8 of Article I of the United States Constitution and Amendment XVI of the United States Constitution.",,"[Congressional Record Volume 161, Number 16 (Friday, January 30, 2015)] [House] [Page H668] From the Congressional Record Online through the Government Publishing Office [ www.gpo.gov ] By Mr. REICHERT: H.R. 629. Congress has the power to enact this legislation pursuant to the following: Pursuant to Clause I of Section 8 of Article I of the United States Constitution and Amendment XVI of the United States Constitution.",https://api.govinfo.gov/related/CREC-2015-01-30-pt1-PgH668-2,CREC,Proceedings of Congress and General Congressional Publications,2025-03-07T17:22:16Z,Congressional Record,package_114_15.csv,422,0,422,"[congressional record volume 161, number 16 (friday, january 30, 2015)] [house] [page h668] from the congressional record online through the government publishing office [ www.gpo.gov ] by mr. reichert: h.r. 629. congress has the power to enact this legislation pursuant to the following: pursuant to clause i of section 8 of article i of the united states constitution and amendment xvi of the united states constitution.",422
CREC-2015-01-30-pt1-PgH668-4,CREC-2015-01-30,2015-01-30,Constitutional Authority Statement for H.R. 631,CREC,HOUSE,H,H,1,https://www.govinfo.gov/app/details/CREC-2015-01-30/CREC-2015-01-30-pt1-PgH668-4,https://api.govinfo.gov/packages/CREC-2015-01-30/granules/CREC-2015-01-30-pt1-PgH668-4/htm,https://api.govinfo.gov/packages/CREC-2015-01-30/granules/CREC-2015-01-30-pt1-PgH668-4/pdf,https://api.govinfo.gov/packages/CREC-2015-01-30/summary,"[Congressional Record Volume 161, Number 16 (Friday, January 30, 2015)] [House] [Page H668] From the Congressional Record Online through the Government Publishing Office [ www.gpo.gov ] By Mr. SCHOCK: H.R. 631. Congress has the power to enact this legislation pursuant to the following: The constitutional authority on which this bill rests is the power of Congress as stated in Article I, Section 8, Clause 1 of the United States Constitution.",,"[Congressional Record Volume 161, Number 16 (Friday, January 30, 2015)] [House] [Page H668] From the Congressional Record Online through the Government Publishing Office [ www.gpo.gov ] By Mr. SCHOCK: H.R. 631. Congress has the power to enact this legislation pursuant to the following: The constitutional authority on which this bill rests is the power of Congress as stated in Article I, Section 8, Clause 1 of the United States Constitution.",https://api.govinfo.gov/related/CREC-2015-01-30-pt1-PgH668-4,CREC,Proceedings of Congress and General Congressional Publications,2025-03-07T17:22:16Z,Congressional Record,package_114_15.csv,444,0,444,"[congressional record volume 161, number 16 (friday, january 30, 2015)] [house] [page h668] from the congressional record online through the government publishing office [ www.gpo.gov ] by mr. schock: h.r. 631. congress has the power to enact this legislation pursuant to the following: the constitutional authority on which this bill rests is the power of congress as stated in article i, section 8, clause 1 of the united states constitution.",444
CREC-2015-01-30-pt1-PgH668-5,CREC-2015-01-30,2015-01-30,Constitutional Authority Statement for H.R. 632,CREC,HOUSE,H,H,1,https://www.govinfo.gov/app/details/CREC-2015-01-30/CREC-2015-01-30-pt1-PgH668-5,https://api.govinfo.gov/packages/CREC-2015-01-30/granules/CREC-2015-01-30-pt1-PgH668-5/htm,https://api.govinfo.gov/packages/CREC-2015-01-30/granules/CREC-2015-01-30-pt1-PgH668-5/pdf,https://api.govinfo.gov/packages/CREC-2015-01-30/summary,"[Congressional Record Volume 161, Number 16 (Friday, January 30, 2015)] [House] [Page H668] From the Congressional Record Online through the Government Publishing Office [ www.gpo.gov ] By Ms. TSONGAS: H.R. 632. Congress has the power to enact this legislation pursuant to the following: Article 1, Section 8 of the Constitution",,"[Congressional Record Volume 161, Number 16 (Friday, January 30, 2015)] [House] [Page H668] From the Congressional Record Online through the Government Publishing Office [ www.gpo.gov ] By Ms. TSONGAS: H.R. 632. Congress has the power to enact this legislation pursuant to the following: Article 1, Section 8 of the Constitution",https://api.govinfo.gov/related/CREC-2015-01-30-pt1-PgH668-5,CREC,Proceedings of Congress and General Congressional Publications,2025-03-07T17:22:16Z,Congressional Record,package_114_15.csv,328,0,328,"[congressional record volume 161, number 16 (friday, january 30, 2015)] [house] [page h668] from the congressional record online through the government publishing office [ www.gpo.gov ] by ms. tsongas: h.r. 632. congress has the power to enact this legislation pursuant to the following: article 1, section 8 of the constitution",328
CREC-2015-01-30-pt1-PgH668-6,CREC-2015-01-30,2015-01-30,Constitutional Authority Statement for H.R. 633,CREC,HOUSE,H,H,1,https://www.govinfo.gov/app/details/CREC-2015-01-30/CREC-2015-01-30-pt1-PgH668-6,https://api.govinfo.gov/packages/CREC-2015-01-30/granules/CREC-2015-01-30-pt1-PgH668-6/htm,https://api.govinfo.gov/packages/CREC-2015-01-30/granules/CREC-2015-01-30-pt1-PgH668-6/pdf,https://api.govinfo.gov/packages/CREC-2015-01-30/summary,"[Congressional Record Volume 161, Number 16 (Friday, January 30, 2015)] [House] [Page H668] From the Congressional Record Online through the Government Publishing Office [ www.gpo.gov ] By Mr. YOUNG of Alaska: H.R. 633. Congress has the power to enact this legislation pursuant to the following: Article 1, Clause 8, Section 3 (Power to regulate commerce) ____________________",,"[Congressional Record Volume 161, Number 16 (Friday, January 30, 2015)] [House] [Page H668] From the Congressional Record Online through the Government Publishing Office [ www.gpo.gov ] By Mr. YOUNG of Alaska: H.R. 633. Congress has the power to enact this legislation pursuant to the following: Article 1, Clause 8, Section 3 (Power to regulate commerce) ____________________",https://api.govinfo.gov/related/CREC-2015-01-30-pt1-PgH668-6,CREC,Proceedings of Congress and General Congressional Publications,2025-03-07T17:22:16Z,Congressional Record,package_114_15.csv,376,0,376,"[congressional record volume 161, number 16 (friday, january 30, 2015)] [house] [page h668] from the congressional record online through the government publishing office [ www.gpo.gov ] by mr. young of alaska: h.r. 633. congress has the power to enact this legislation pursuant to the following: article 1, clause 8, section 3 (power to regulate commerce) ____________________",376
CREC-2015-01-30-pt1-PgH668-7,CREC-2015-01-30,2015-01-30,ADDITIONAL SPONSORS,CREC,HOUSE,H,H,1,https://www.govinfo.gov/app/details/CREC-2015-01-30/CREC-2015-01-30-pt1-PgH668-7,https://api.govinfo.gov/packages/CREC-2015-01-30/granules/CREC-2015-01-30-pt1-PgH668-7/htm,https://api.govinfo.gov/packages/CREC-2015-01-30/granules/CREC-2015-01-30-pt1-PgH668-7/pdf,https://api.govinfo.gov/packages/CREC-2015-01-30/summary,"[Congressional Record Volume 161, Number 16 (Friday, January 30, 2015)] [House] [Page H668] From the Congressional Record Online through the Government Publishing Office [ www.gpo.gov ] ADDITIONAL SPONSORS Under clause 7 of rule XII, sponsors were added to public bills and resolutions, as follows: H.R. 29: Mr. Hartzler and Ms. Jenkins of Kansas. H.R. 38: Mr. Byrne. H.R. 50: Mr. Peterson, Mr. Sessions, and Mr. Gosar. H.R. 132: Mr. Austin Scott of Georgia, Mr. Wittman, Mr. Jody B. Hice of Georgia, and Mr. Latta. H.R. 140: Mr. Barletta and Ms. Foxx. H.R. 198: Mr. Heck of Washington. H.R. 199: Mr. Peterson. H.R. 224: Mr. Quigley, Mrs. Carolyn B. Maloney of New York, Mr. Rangel, Mr. Grijalva, Mr. Meeks, Mr. Blumenauer, Ms. Roybal-Allard, and Mr. Deutch. H.R. 225: Mr. Quigley. H.R. 226: Mr. Quigley. H.R. 228: Mr. Fitzpatrick. H.R. 247: Mr. Yarmuth. H.R. 280: Mr. Costello of Pennsylvania. H.R. 290: Mr. Carter of Georgia. H.R. 306: Mr. Cummings, Mr. Cicilline, Ms. Clark of Massachusetts, Mr. Gutieerrez, Mr. Grijalva, Mr. Vargas, and Mr. Meeks. H.R. 352: Mr. Zinke. H.R. 400: Mr. Ribble, Ms. Ros-Lehtinen, and Mr. Chabot. H.R. 401: Mr. Poe of Texas and Mr. Crenshaw. H.R. 402: Mr. Yoder. H.R. 411: Mr. Cartwright, Mr. Cummings, Ms. Kaptur, Mr. Ellison, Mr. Pocan, Mr. Himes, Mr. Murphy of Florida, Ms. Eddie Bernice Johnson of Texas, Mr. Larson of Connecticut, Ms. Norton, and Mrs. Beatty. H.R. 419: Mr. Schweikert. H.R. 420: Mr. Duncan of South Carolina and Mr. Salmon. H.R. 429: Mr. Veasey. H.R. 431: Mr. Engel, Mr. Allen, Mr. Sablan, Mr. Ted Lieu of California, Mr. Capuano, Mr. Connolly, Mr. Courtney, Mr. Cuellar, Mr. Langevin, Mr. Lipinski, Ms. Michelle Lujan Grisham of New Mexico, Ms. Pelosi, Mr. Lowenthal, Mr. Fleischmann, Mr. Dold, Ms. Graham, Mr. Pierluisi, Mr. Pocan, Mr. Smith of Washington, Mr. Crenshaw, Mr. Jolly, Mrs. Lummis, Mr. Duncan of South Carolina, Mr. Smith of Nebraska, Mr. Hunter, Mr. Gohmert, Mr. McClintock, Mr. Paulsen, Mr. Tiberi, Mr. Graves of Georgia, Mr. Hultgren, Mr. Kinzinger of Illinois, Mr. Mullin, Mrs. Walorski, Mrs. Noem, Mr. Cramer, Mr. Gibson, Mr. Mulvaney, Mr. Buck, Mr. Gosar, Mr. McCaul, Mr. Clawson of Florida, Mr. Culberson, and Mr. Schock. H.R. 439: Mr. Burgess, Mr. Messer, and Mr. Yoho. H.R. 448: Ms. Duckworth. H.R. 483: Ms. Meng, Ms. Lee, and Mr. Schiff. H.R. 503: Mr. Pompeo. H.R. 509: Mr. Kind and Mr. Meeks. H.R. 524: Mr. Reed, Mr. Duncan of South Carolina, and Mr. Yoho. H.R. 527: Mr. Peterson, Mr. Sessions, Mr. Tipton, Mr. Collins of New York, Mr. Huelskamp, Mr. King of Iowa, Mr. Graves of Missouri, Mrs. Love, and Mr. Gosar. H.R. 539: Mr. Levin and Ms. Norton. H.R. 574: Mr. McHenry, Mr. Hurt of Virginia, and Mr. Hill. H.R. 581: Mr. Loebsack and Mr. McGovern. H.R. 583: Mrs. Ellmers and Mr. Franks of Arizona. H.R. 590: Mr. Nadler. H.R. 594: Mr. Rice of South Carolina, Mr. Rothfus, Ms. McSally, Mr. DeSantis, Mr. Jones, Mr. Thompson of Pennsylvania, Mr. Chaffetz, Mr. Murphy of Pennsylvania, Mr. Poliquin, Mr. Chabot, Mr. Guthrie, and Mr. Rodney Davis of Illinois. H.R. 595: Ms. Fudge, Ms. Ros-Lehtinen, Mr. Rothfus, Mr. Grijalva, Ms. Roybal-Allard, and Mr. Messer. H.R. 596: Mrs. Roby, Mrs. Lummis, Mr. Sessions, Mr. Farenthold, Mr. Rogers of Alabama, Mr. Collins of Georgia, Mr. Cook, Mrs. Blackburn, Mr. Graves of Missouri, Mr. McClintock, Mr. Wilson of South Carolina, Mr. Sam Johnson of Texas, Mr. Gosar, Mrs. Ellmers, Mr. Williams, Mr. Aderholt, Mr. Harper, Mr. Weber of Texas, Mr. Lamborn, Mr. Amodei, Mrs. Wagner, Mr. Long, Mr. McCaul, Mr. Palmer, Mr. Pearce, Mr. Hensarling, Mr. DesJarlais, Mr. Jolly, Mr. Whitfield, Mr. Duncan of South Carolina, Mr. Pittenger, Mr. Roe of Tennessee, Mrs. Black, Mr. Wittman, Mr. Westmoreland, Mr. Zinke, Mr. Rouzer, Mrs. Hartzler, Mr. Schweikert, Mr. Ratcliffe, Ms. Foxx, Mr. Cramer, Mr. Brooks of Alabama, Mrs. Walorski, Mr. Kelly of Pennsylvania, Mr. Luetkemeyer, Mr. Rothfus, and Mr. Austin Scott of Georgia. H.R. 599: Mr. Young of Indiana and Mr. Marchant. H.R. 612: Mr. Fleming, Mr. Harris, and Mr. Sam Johnson of Texas. H. Res. 11: Mrs. Love and Mr. Carter of Georgia. H. Res. 53: Mr. Hurd of Texas and Ms. Wilson of Florida. H. Res. 62: Ms. Clarke of New York, Mr. Himes, Ms. Meng, Mr. Meeks, Mr. Gutieerrez, and Ms. Roybal-Allard.",,"[Congressional Record Volume 161, Number 16 (Friday, January 30, 2015)] [House] [Page H668] From the Congressional Record Online through the Government Publishing Office [ www.gpo.gov ] ADDITIONAL SPONSORS Under clause 7 of rule XII, sponsors were added to public bills and resolutions, as follows: H.R. 29: Mr. Hartzler and Ms. Jenkins of Kansas. H.R. 38: Mr. Byrne. H.R. 50: Mr. Peterson, Mr. Sessions, and Mr. Gosar. H.R. 132: Mr. Austin Scott of Georgia, Mr. Wittman, Mr. Jody B. Hice of Georgia, and Mr. Latta. H.R. 140: Mr. Barletta and Ms. Foxx. H.R. 198: Mr. Heck of Washington. H.R. 199: Mr. Peterson. H.R. 224: Mr. Quigley, Mrs. Carolyn B. Maloney of New York, Mr. Rangel, Mr. Grijalva, Mr. Meeks, Mr. Blumenauer, Ms. Roybal-Allard, and Mr. Deutch. H.R. 225: Mr. Quigley. H.R. 226: Mr. Quigley. H.R. 228: Mr. Fitzpatrick. H.R. 247: Mr. Yarmuth. H.R. 280: Mr. Costello of Pennsylvania. H.R. 290: Mr. Carter of Georgia. H.R. 306: Mr. Cummings, Mr. Cicilline, Ms. Clark of Massachusetts, Mr. Gutieerrez, Mr. Grijalva, Mr. Vargas, and Mr. Meeks. H.R. 352: Mr. Zinke. H.R. 400: Mr. Ribble, Ms. Ros-Lehtinen, and Mr. Chabot. H.R. 401: Mr. Poe of Texas and Mr. Crenshaw. H.R. 402: Mr. Yoder. H.R. 411: Mr. Cartwright, Mr. Cummings, Ms. Kaptur, Mr. Ellison, Mr. Pocan, Mr. Himes, Mr. Murphy of Florida, Ms. Eddie Bernice Johnson of Texas, Mr. Larson of Connecticut, Ms. Norton, and Mrs. Beatty. H.R. 419: Mr. Schweikert. H.R. 420: Mr. Duncan of South Carolina and Mr. Salmon. H.R. 429: Mr. Veasey. H.R. 431: Mr. Engel, Mr. Allen, Mr. Sablan, Mr. Ted Lieu of California, Mr. Capuano, Mr. Connolly, Mr. Courtney, Mr. Cuellar, Mr. Langevin, Mr. Lipinski, Ms. Michelle Lujan Grisham of New Mexico, Ms. Pelosi, Mr. Lowenthal, Mr. Fleischmann, Mr. Dold, Ms. Graham, Mr. Pierluisi, Mr. Pocan, Mr. Smith of Washington, Mr. Crenshaw, Mr. Jolly, Mrs. Lummis, Mr. Duncan of South Carolina, Mr. Smith of Nebraska, Mr. Hunter, Mr. Gohmert, Mr. McClintock, Mr. Paulsen, Mr. Tiberi, Mr. Graves of Georgia, Mr. Hultgren, Mr. Kinzinger of Illinois, Mr. Mullin, Mrs. Walorski, Mrs. Noem, Mr. Cramer, Mr. Gibson, Mr. Mulvaney, Mr. Buck, Mr. Gosar, Mr. McCaul, Mr. Clawson of Florida, Mr. Culberson, and Mr. Schock. H.R. 439: Mr. Burgess, Mr. Messer, and Mr. Yoho. H.R. 448: Ms. Duckworth. H.R. 483: Ms. Meng, Ms. Lee, and Mr. Schiff. H.R. 503: Mr. Pompeo. H.R. 509: Mr. Kind and Mr. Meeks. H.R. 524: Mr. Reed, Mr. Duncan of South Carolina, and Mr. Yoho. H.R. 527: Mr. Peterson, Mr. Sessions, Mr. Tipton, Mr. Collins of New York, Mr. Huelskamp, Mr. King of Iowa, Mr. Graves of Missouri, Mrs. Love, and Mr. Gosar. H.R. 539: Mr. Levin and Ms. Norton. H.R. 574: Mr. McHenry, Mr. Hurt of Virginia, and Mr. Hill. H.R. 581: Mr. Loebsack and Mr. McGovern. H.R. 583: Mrs. Ellmers and Mr. Franks of Arizona. H.R. 590: Mr. Nadler. H.R. 594: Mr. Rice of South Carolina, Mr. Rothfus, Ms. McSally, Mr. DeSantis, Mr. Jones, Mr. Thompson of Pennsylvania, Mr. Chaffetz, Mr. Murphy of Pennsylvania, Mr. Poliquin, Mr. Chabot, Mr. Guthrie, and Mr. Rodney Davis of Illinois. H.R. 595: Ms. Fudge, Ms. Ros-Lehtinen, Mr. Rothfus, Mr. Grijalva, Ms. Roybal-Allard, and Mr. Messer. H.R. 596: Mrs. Roby, Mrs. Lummis, Mr. Sessions, Mr. Farenthold, Mr. Rogers of Alabama, Mr. Collins of Georgia, Mr. Cook, Mrs. Blackburn, Mr. Graves of Missouri, Mr. McClintock, Mr. Wilson of South Carolina, Mr. Sam Johnson of Texas, Mr. Gosar, Mrs. Ellmers, Mr. Williams, Mr. Aderholt, Mr. Harper, Mr. Weber of Texas, Mr. Lamborn, Mr. Amodei, Mrs. Wagner, Mr. Long, Mr. McCaul, Mr. Palmer, Mr. Pearce, Mr. Hensarling, Mr. DesJarlais, Mr. Jolly, Mr. Whitfield, Mr. Duncan of South Carolina, Mr. Pittenger, Mr. Roe of Tennessee, Mrs. Black, Mr. Wittman, Mr. Westmoreland, Mr. Zinke, Mr. Rouzer, Mrs. Hartzler, Mr. Schweikert, Mr. Ratcliffe, Ms. Foxx, Mr. Cramer, Mr. Brooks of Alabama, Mrs. Walorski, Mr. Kelly of Pennsylvania, Mr. Luetkemeyer, Mr. Rothfus, and Mr. Austin Scott of Georgia. H.R. 599: Mr. Young of Indiana and Mr. Marchant. H.R. 612: Mr. Fleming, Mr. Harris, and Mr. Sam Johnson of Texas. H. Res. 11: Mrs. Love and Mr. Carter of Georgia. H. Res. 53: Mr. Hurd of Texas and Ms. Wilson of Florida. H. Res. 62: Ms. Clarke of New York, Mr. Himes, Ms. Meng, Mr. Meeks, Mr. Gutieerrez, and Ms. Roybal-Allard.",https://api.govinfo.gov/related/CREC-2015-01-30-pt1-PgH668-7,CREC,Proceedings of Congress and General Congressional Publications,2025-03-07T17:22:16Z,Congressional Record,package_114_15.csv,4253,0,4253,"[congressional record volume 161, number 16 (friday, january 30, 2015)] [house] [page h668] from the congressional record online through the government publishing office [ www.gpo.gov ] additional sponsors under clause 7 of rule xii, sponsors were added to public bills and resolutions, as follows: h.r. 29: mr. hartzler and ms. jenkins of kansas. h.r. 38: mr. byrne. h.r. 50: mr. peterson, mr. sessions, and mr. gosar. h.r. 132: mr. austin scott of georgia, mr. wittman, mr. jody b. hice of georgia, and mr. latta. h.r. 140: mr. barletta and ms. foxx. h.r. 198: mr. heck of washington. h.r. 199: mr. peterson. h.r. 224: mr. quigley, mrs. carolyn b. maloney of new york, mr. rangel, mr. grijalva, mr. meeks, mr. blumenauer, ms. roybal-allard, and mr. deutch. h.r. 225: mr. quigley. h.r. 226: mr. quigley. h.r. 228: mr. fitzpatrick. h.r. 247: mr. yarmuth. h.r. 280: mr. costello of pennsylvania. h.r. 290: mr. carter of georgia. h.r. 306: mr. cummings, mr. cicilline, ms. clark of massachusetts, mr. gutieerrez, mr. grijalva, mr. vargas, and mr. meeks. h.r. 352: mr. zinke. h.r. 400: mr. ribble, ms. ros-lehtinen, and mr. chabot. h.r. 401: mr. poe of texas and mr. crenshaw. h.r. 402: mr. yoder. h.r. 411: mr. cartwright, mr. cummings, ms. kaptur, mr. ellison, mr. pocan, mr. himes, mr. murphy of florida, ms. eddie bernice johnson of texas, mr. larson of connecticut, ms. norton, and mrs. beatty. h.r. 419: mr. schweikert. h.r. 420: mr. duncan of south carolina and mr. salmon. h.r. 429: mr. veasey. h.r. 431: mr. engel, mr. allen, mr. sablan, mr. ted lieu of california, mr. capuano, mr. connolly, mr. courtney, mr. cuellar, mr. langevin, mr. lipinski, ms. michelle lujan grisham of new mexico, ms. pelosi, mr. lowenthal, mr. fleischmann, mr. dold, ms. graham, mr. pierluisi, mr. pocan, mr. smith of washington, mr. crenshaw, mr. jolly, mrs. lummis, mr. duncan of south carolina, mr. smith of nebraska, mr. hunter, mr. gohmert, mr. mcclintock, mr. paulsen, mr. tiberi, mr. graves of georgia, mr. hultgren, mr. kinzinger of illinois, mr. mullin, mrs. walorski, mrs. noem, mr. cramer, mr. gibson, mr. mulvaney, mr. buck, mr. gosar, mr. mccaul, mr. clawson of florida, mr. culberson, and mr. schock. h.r. 439: mr. burgess, mr. messer, and mr. yoho. h.r. 448: ms. duckworth. h.r. 483: ms. meng, ms. lee, and mr. schiff. h.r. 503: mr. pompeo. h.r. 509: mr. kind and mr. meeks. h.r. 524: mr. reed, mr. duncan of south carolina, and mr. yoho. h.r. 527: mr. peterson, mr. sessions, mr. tipton, mr. collins of new york, mr. huelskamp, mr. king of iowa, mr. graves of missouri, mrs. love, and mr. gosar. h.r. 539: mr. levin and ms. norton. h.r. 574: mr. mchenry, mr. hurt of virginia, and mr. hill. h.r. 581: mr. loebsack and mr. mcgovern. h.r. 583: mrs. ellmers and mr. franks of arizona. h.r. 590: mr. nadler. h.r. 594: mr. rice of south carolina, mr. rothfus, ms. mcsally, mr. desantis, mr. jones, mr. thompson of pennsylvania, mr. chaffetz, mr. murphy of pennsylvania, mr. poliquin, mr. chabot, mr. guthrie, and mr. rodney davis of illinois. h.r. 595: ms. fudge, ms. ros-lehtinen, mr. rothfus, mr. grijalva, ms. roybal-allard, and mr. messer. h.r. 596: mrs. roby, mrs. lummis, mr. sessions, mr. farenthold, mr. rogers of alabama, mr. collins of georgia, mr. cook, mrs. blackburn, mr. graves of missouri, mr. mcclintock, mr. wilson of south carolina, mr. sam johnson of texas, mr. gosar, mrs. ellmers, mr. williams, mr. aderholt, mr. harper, mr. weber of texas, mr. lamborn, mr. amodei, mrs. wagner, mr. long, mr. mccaul, mr. palmer, mr. pearce, mr. hensarling, mr. desjarlais, mr. jolly, mr. whitfield, mr. duncan of south carolina, mr. pittenger, mr. roe of tennessee, mrs. black, mr. wittman, mr. westmoreland, mr. zinke, mr. rouzer, mrs. hartzler, mr. schweikert, mr. ratcliffe, ms. foxx, mr. cramer, mr. brooks of alabama, mrs. walorski, mr. kelly of pennsylvania, mr. luetkemeyer, mr. rothfus, and mr. austin scott of georgia. h.r. 599: mr. young of indiana and mr. marchant. h.r. 612: mr. fleming, mr. harris, and mr. sam johnson of texas. h. res. 11: mrs. love and mr. carter of georgia. h. res. 53: mr. hurd of texas and ms. wilson of florida. h. res. 62: ms. clarke of new york, mr. himes, ms. meng, mr. meeks, mr. gutieerrez, and ms. roybal-allard.",4253
CREC-2015-01-30-pt1-PgS-FrontMatter-7,CREC-2015-01-30,2015-01-30,CONGRESSIONAL RECORD,CREC,SENATE,S,S,1,https://www.govinfo.gov/app/details/CREC-2015-01-30/CREC-2015-01-30-pt1-PgS-FrontMatter-7,https://api.govinfo.gov/packages/CREC-2015-01-30/granules/CREC-2015-01-30-pt1-PgS-FrontMatter-7/htm,https://api.govinfo.gov/packages/CREC-2015-01-30/granules/CREC-2015-01-30-pt1-PgS-FrontMatter-7/pdf,https://api.govinfo.gov/packages/CREC-2015-01-30/summary,"[Congressional Record Volume 161, Number 16 (Friday, January 30, 2015)] [Senate] [Page S667] From the Congressional Record Online through the Government Publishing Office [ www.gpo.gov ] CONGRESSIONAL RECORD United States of America American eagle (seal) PROCEEDINGS AND DEBATES OF THE 114th CONGRESS, FIRST SESSION ------------------------------------------------------------------------- ------------------------------------------------------------------------- This ``bullet'' symbol identifies statements or insertions which are not spoken by the Member of the Senate on the floor. -------------------------------------------------------------------------- (seal) recycle Printed on recycled paper. Vol. 161 WASHINGTON, FRIDAY, JANUARY 30, 2015 No. 16",,"[Congressional Record Volume 161, Number 16 (Friday, January 30, 2015)] [Senate] [Page S667] From the Congressional Record Online through the Government Publishing Office [ www.gpo.gov ] CONGRESSIONAL RECORD United States of America American eagle (seal) PROCEEDINGS AND DEBATES OF THE 114th CONGRESS, FIRST SESSION ------------------------------------------------------------------------- ------------------------------------------------------------------------- This ``bullet'' symbol identifies statements or insertions which are not spoken by the Member of the Senate on the floor. -------------------------------------------------------------------------- (seal) recycle Printed on recycled paper. Vol. 161 WASHINGTON, FRIDAY, JANUARY 30, 2015 No. 16",https://api.govinfo.gov/related/CREC-2015-01-30-pt1-PgS-FrontMatter-7,CREC,Proceedings of Congress and General Congressional Publications,2025-03-07T17:22:16Z,Congressional Record,package_114_15.csv,755,0,755,"[congressional record volume 161, number 16 (friday, january 30, 2015)] [senate] [page s667] from the congressional record online through the government publishing office [ www.gpo.gov ] congressional record united states of america american eagle (seal) proceedings and debates of the 114th congress, first session ------------------------------------------------------------------------- ------------------------------------------------------------------------- this ``bullet'' symbol identifies statements or insertions which are not spoken by the member of the senate on the floor. -------------------------------------------------------------------------- (seal) recycle printed on recycled paper. vol. 161 washington, friday, january 30, 2015 no. 16",755
CREC-2015-01-30-pt1-PgS667,CREC-2015-01-30,2015-01-30,Senate,CREC,SENATE,S,S,1,https://www.govinfo.gov/app/details/CREC-2015-01-30/CREC-2015-01-30-pt1-PgS667,https://api.govinfo.gov/packages/CREC-2015-01-30/granules/CREC-2015-01-30-pt1-PgS667/htm,https://api.govinfo.gov/packages/CREC-2015-01-30/granules/CREC-2015-01-30-pt1-PgS667/pdf,https://api.govinfo.gov/packages/CREC-2015-01-30/summary,"[Congressional Record Volume 161, Number 16 (Friday, January 30, 2015)] [Senate] [Page S667] From the Congressional Record Online through the Government Publishing Office [ www.gpo.gov ] [[Page S667]] ----------------------------------------------------------------------- Senate The Senate met at 10:30 a.m. and was called to order by the President pro tempore (Mr. Hatch). ____________________",,"[Congressional Record Volume 161, Number 16 (Friday, January 30, 2015)] [Senate] [Page S667] From the Congressional Record Online through the Government Publishing Office [ www.gpo.gov ] [[Page S667]] ----------------------------------------------------------------------- Senate The Senate met at 10:30 a.m. and was called to order by the President pro tempore (Mr. Hatch). ____________________",https://api.govinfo.gov/related/CREC-2015-01-30-pt1-PgS667,CREC,Proceedings of Congress and General Congressional Publications,2025-03-07T17:22:16Z,Congressional Record,package_114_15.csv,395,0,395,"[congressional record volume 161, number 16 (friday, january 30, 2015)] [senate] [page s667] from the congressional record online through the government publishing office [ www.gpo.gov ] [[page s667]] ----------------------------------------------------------------------- senate the senate met at 10:30 a.m. and was called to order by the president pro tempore (mr. hatch). ____________________",395
CREC-2015-01-30-pt1-PgS667-2,CREC-2015-01-30,2015-01-30,PRAYER,CREC,SENATE,S,S,1,https://www.govinfo.gov/app/details/CREC-2015-01-30/CREC-2015-01-30-pt1-PgS667-2,https://api.govinfo.gov/packages/CREC-2015-01-30/granules/CREC-2015-01-30-pt1-PgS667-2/htm,https://api.govinfo.gov/packages/CREC-2015-01-30/granules/CREC-2015-01-30-pt1-PgS667-2/pdf,https://api.govinfo.gov/packages/CREC-2015-01-30/summary,"[Congressional Record Volume 161, Number 16 (Friday, January 30, 2015)] [Senate] [Page S667] From the Congressional Record Online through the Government Publishing Office [ www.gpo.gov ] PRAYER The Chaplain, Dr. Barry C. Black, offered the following prayer: Let us pray. Almighty God, Sovereign of our Nation and Lord of our lives, thank You for infusing us with the confidence that You order our steps each day. Give our lawmakers courage and a strong resolve to glorify Your Name, as they trust the unfolding of Your loving providence. As they remember what You have already done to bless this Nation, inspire them to march confidently toward tomorrow's difficulties with a total dependence on Your power. May they recommit themselves each day to faithfully fulfilling the awesome responsibility You have entrusted to them. Lord, be their strength and shield this day and always. We pray in Your mighty Name. Amen. ____________________",,"[Congressional Record Volume 161, Number 16 (Friday, January 30, 2015)] [Senate] [Page S667] From the Congressional Record Online through the Government Publishing Office [ www.gpo.gov ] PRAYER The Chaplain, Dr. Barry C. Black, offered the following prayer: Let us pray. Almighty God, Sovereign of our Nation and Lord of our lives, thank You for infusing us with the confidence that You order our steps each day. Give our lawmakers courage and a strong resolve to glorify Your Name, as they trust the unfolding of Your loving providence. As they remember what You have already done to bless this Nation, inspire them to march confidently toward tomorrow's difficulties with a total dependence on Your power. May they recommit themselves each day to faithfully fulfilling the awesome responsibility You have entrusted to them. Lord, be their strength and shield this day and always. We pray in Your mighty Name. Amen. ____________________",https://api.govinfo.gov/related/CREC-2015-01-30-pt1-PgS667-2,CREC,Proceedings of Congress and General Congressional Publications,2025-03-07T17:22:16Z,Congressional Record,package_114_15.csv,937,0,937,"[congressional record volume 161, number 16 (friday, january 30, 2015)] [senate] [page s667] from the congressional record online through the government publishing office [ www.gpo.gov ] prayer the chaplain, dr. barry c. black, offered the following prayer: let us pray. almighty god, sovereign of our nation and lord of our lives, thank you for infusing us with the confidence that you order our steps each day. give our lawmakers courage and a strong resolve to glorify your name, as they trust the unfolding of your loving providence. as they remember what you have already done to bless this nation, inspire them to march confidently toward tomorrow's difficulties with a total dependence on your power. may they recommit themselves each day to faithfully fulfilling the awesome responsibility you have entrusted to them. lord, be their strength and shield this day and always. we pray in your mighty name. amen. ____________________",937
CREC-2015-01-30-pt1-PgS667-4,CREC-2015-01-30,2015-01-30,RESERVATION OF LEADER TIME,CREC,SENATE,S,S,1,https://www.govinfo.gov/app/details/CREC-2015-01-30/CREC-2015-01-30-pt1-PgS667-4,https://api.govinfo.gov/packages/CREC-2015-01-30/granules/CREC-2015-01-30-pt1-PgS667-4/htm,https://api.govinfo.gov/packages/CREC-2015-01-30/granules/CREC-2015-01-30-pt1-PgS667-4/pdf,https://api.govinfo.gov/packages/CREC-2015-01-30/summary,"[Congressional Record Volume 161, Number 16 (Friday, January 30, 2015)] [Senate] [Page S667] From the Congressional Record Online through the Government Publishing Office [ www.gpo.gov ] RESERVATION OF LEADER TIME The PRESIDING OFFICER (Mrs. Capito). Under the previous order, the leadership time is reserved. ____________________",,"[Congressional Record Volume 161, Number 16 (Friday, January 30, 2015)] [Senate] [Page S667] From the Congressional Record Online through the Government Publishing Office [ www.gpo.gov ] RESERVATION OF LEADER TIME The PRESIDING OFFICER (Mrs. Capito). Under the previous order, the leadership time is reserved. ____________________",https://api.govinfo.gov/related/CREC-2015-01-30-pt1-PgS667-4,CREC,Proceedings of Congress and General Congressional Publications,2025-03-07T17:22:16Z,Congressional Record,package_114_15.csv,330,0,330,"[congressional record volume 161, number 16 (friday, january 30, 2015)] [senate] [page s667] from the congressional record online through the government publishing office [ www.gpo.gov ] reservation of leader time the presiding officer (mrs. capito). under the previous order, the leadership time is reserved. ____________________",330
CREC-2015-01-30-pt1-PgS667-5,CREC-2015-01-30,2015-01-30,MORNING BUSINESS,CREC,SENATE,S,S,1,https://www.govinfo.gov/app/details/CREC-2015-01-30/CREC-2015-01-30-pt1-PgS667-5,https://api.govinfo.gov/packages/CREC-2015-01-30/granules/CREC-2015-01-30-pt1-PgS667-5/htm,https://api.govinfo.gov/packages/CREC-2015-01-30/granules/CREC-2015-01-30-pt1-PgS667-5/pdf,https://api.govinfo.gov/packages/CREC-2015-01-30/summary,"[Congressional Record Volume 161, Number 16 (Friday, January 30, 2015)] [Senate] [Page S667] From the Congressional Record Online through the Government Publishing Office [ www.gpo.gov ] MORNING BUSINESS The PRESIDING OFFICER. Under the previous order, the Senate will be in a period of morning business, with Senators permitted to speak therein for up to 10 minutes each. Mr. HATCH. I suggest the absence of a quorum. The PRESIDING OFFICER. The clerk will call the roll. The legislative clerk proceeded to call the roll. Mr. McCONNELL. Madam President, I ask unanimous consent that the order for the quorum call be rescinded. The PRESIDING OFFICER. Without objection, it is so ordered. ____________________",,"[Congressional Record Volume 161, Number 16 (Friday, January 30, 2015)] [Senate] [Page S667] From the Congressional Record Online through the Government Publishing Office [ www.gpo.gov ] MORNING BUSINESS The PRESIDING OFFICER. Under the previous order, the Senate will be in a period of morning business, with Senators permitted to speak therein for up to 10 minutes each. Mr. HATCH. I suggest the absence of a quorum. The PRESIDING OFFICER. The clerk will call the roll. The legislative clerk proceeded to call the roll. Mr. McCONNELL. Madam President, I ask unanimous consent that the order for the quorum call be rescinded. The PRESIDING OFFICER. Without objection, it is so ordered. ____________________",https://api.govinfo.gov/related/CREC-2015-01-30-pt1-PgS667-5,CREC,Proceedings of Congress and General Congressional Publications,2025-03-07T17:22:16Z,Congressional Record,package_114_15.csv,707,0,707,"[congressional record volume 161, number 16 (friday, january 30, 2015)] [senate] [page s667] from the congressional record online through the government publishing office [ www.gpo.gov ] morning business the presiding officer. under the previous order, the senate will be in a period of morning business, with senators permitted to speak therein for up to 10 minutes each. mr. hatch. i suggest the absence of a quorum. the presiding officer. the clerk will call the roll. the legislative clerk proceeded to call the roll. mr. mcconnell. madam president, i ask unanimous consent that the order for the quorum call be rescinded. the presiding officer. without objection, it is so ordered. ____________________",707
CREC-2015-01-30-pt1-PgS667-3,CREC-2015-01-30,2015-01-30,PLEDGE OF ALLEGIANCE,CREC,SENATE,S,S,1,https://www.govinfo.gov/app/details/CREC-2015-01-30/CREC-2015-01-30-pt1-PgS667-3,https://api.govinfo.gov/packages/CREC-2015-01-30/granules/CREC-2015-01-30-pt1-PgS667-3/htm,https://api.govinfo.gov/packages/CREC-2015-01-30/granules/CREC-2015-01-30-pt1-PgS667-3/pdf,https://api.govinfo.gov/packages/CREC-2015-01-30/summary,"[Congressional Record Volume 161, Number 16 (Friday, January 30, 2015)] [Senate] [Page S667] From the Congressional Record Online through the Government Publishing Office [ www.gpo.gov ] PLEDGE OF ALLEGIANCE The President pro tempore led the Pledge of Allegiance, as follows: I pledge allegiance to the Flag of the United States of America, and to the Republic for which it stands, one nation under God, indivisible, with liberty and justice for all. ____________________",,"[Congressional Record Volume 161, Number 16 (Friday, January 30, 2015)] [Senate] [Page S667] From the Congressional Record Online through the Government Publishing Office [ www.gpo.gov ] PLEDGE OF ALLEGIANCE The President pro tempore led the Pledge of Allegiance, as follows: I pledge allegiance to the Flag of the United States of America, and to the Republic for which it stands, one nation under God, indivisible, with liberty and justice for all. ____________________",https://api.govinfo.gov/related/CREC-2015-01-30-pt1-PgS667-3,CREC,Proceedings of Congress and General Congressional Publications,2025-03-07T17:22:16Z,Congressional Record,package_114_15.csv,471,0,471,"[congressional record volume 161, number 16 (friday, january 30, 2015)] [senate] [page s667] from the congressional record online through the government publishing office [ www.gpo.gov ] pledge of allegiance the president pro tempore led the pledge of allegiance, as follows: i pledge allegiance to the flag of the united states of america, and to the republic for which it stands, one nation under god, indivisible, with liberty and justice for all. ____________________",471
CREC-2015-01-30-pt1-PgS667-6,CREC-2015-01-30,2015-01-30,RECOGNITION OF THE MAJORITY LEADER,CREC,SENATE,S,S,1,https://www.govinfo.gov/app/details/CREC-2015-01-30/CREC-2015-01-30-pt1-PgS667-6,https://api.govinfo.gov/packages/CREC-2015-01-30/granules/CREC-2015-01-30-pt1-PgS667-6/htm,https://api.govinfo.gov/packages/CREC-2015-01-30/granules/CREC-2015-01-30-pt1-PgS667-6/pdf,https://api.govinfo.gov/packages/CREC-2015-01-30/summary,"[Congressional Record Volume 161, Number 16 (Friday, January 30, 2015)] [Senate] [Page S667] From the Congressional Record Online through the Government Publishing Office [ www.gpo.gov ] RECOGNITION OF THE MAJORITY LEADER The PRESIDING OFFICER. The majority leader is recognized. ____________________",,"[Congressional Record Volume 161, Number 16 (Friday, January 30, 2015)] [Senate] [Page S667] From the Congressional Record Online through the Government Publishing Office [ www.gpo.gov ] RECOGNITION OF THE MAJORITY LEADER The PRESIDING OFFICER. The majority leader is recognized. ____________________",https://api.govinfo.gov/related/CREC-2015-01-30-pt1-PgS667-6,CREC,Proceedings of Congress and General Congressional Publications,2025-03-07T17:22:16Z,Congressional Record,package_114_15.csv,300,0,300,"[congressional record volume 161, number 16 (friday, january 30, 2015)] [senate] [page s667] from the congressional record online through the government publishing office [ www.gpo.gov ] recognition of the majority leader the presiding officer. the majority leader is recognized. ____________________",300
CREC-2015-01-30-pt1-PgS671,CREC-2015-01-30,2015-01-30,MORNING BUSINESS,CREC,SENATE,S,S,1,https://www.govinfo.gov/app/details/CREC-2015-01-30/CREC-2015-01-30-pt1-PgS671,https://api.govinfo.gov/packages/CREC-2015-01-30/granules/CREC-2015-01-30-pt1-PgS671/htm,https://api.govinfo.gov/packages/CREC-2015-01-30/granules/CREC-2015-01-30-pt1-PgS671/pdf,https://api.govinfo.gov/packages/CREC-2015-01-30/summary,"[Congressional Record Volume 161, Number 16 (Friday, January 30, 2015)] [Senate] [Page S671] From the Congressional Record Online through the Government Publishing Office [ www.gpo.gov ] MORNING BUSINESS ______ EMPLOYER WELLNESS PROGRAMS: BETTER HEALTH OUTCOMES AND LOWER COSTS Mr. ALEXANDER. Madam President, I ask unanimous consent that a copy of my remarks at the Senate Health, Education, Labor and Pensions Committee hearing yesterday be printed in the Record. There being no objection, the material was ordered to be printed in the Record, as follows: Employer Wellness Programs: Better Health Outcomes and Lower Costs This morning we are holding a hearing entitled ``Employer Wellness Programs: Better Health Outcomes and Lower Costs.'' Ranking Member Murray and I will each have an opening statement, then we will introduce our panel of witnesses. I ask that each of our witnesses limits their testimony to no more than five minutes. We will conclude the hearing at noon. About half of Americans, or 149 million, have health insurance through an employer. One thing we agree upon is that it's a good thing for employers to encourage employees to be healthier. There are a few ways that employers can do this. Offering employees free gym memberships, access to weight loss coaches, and on-site nurses, to name a few. Today, we're going to hear from employers who offer lower cost insurance if their employees lead a healthy lifestyle. Obamacare was not a bipartisan law, but it did include a bipartisan provision to strengthen workplace wellness programs. Former Senator Harkin and I worked together on this during the HELP Committee markup of Obamacare. Before Obamacare, employers relied upon a 2006 regulation which empowered them to discount employee premiums up to 20 percent. Today, employers have certainty of law that they can give their employees up to 30 percent off of their premiums if they make healthy lifestyle choices like maintaining a healthy weight or keeping their cholesterol levels in check. The law also gave the Secretaries of Labor and Health the authority to extend this discount to 50 percent off through regulations. And the Secretaries did just that for tobacco cessation, so companies can also give employees who are smoke-free a 50 percent discount off their premiums. But these discount programs aren't a blank check. By law, employers have to meet several conditions. First, they cannot discriminate. Employers must make these programs available to everyone and must provide a reasonable alternative if an employee cannot complete the standard requirement. Second, they have to be designed to promote health. So, your boss can't offer a reward for a better job performance, but she can do so if you stop smoking. Third, everyone should have a chance to qualify at least once a year. To get started, employees might simply fill out a questionnaire about themselves and their family's medical history, or undergo a basic health screening to take their weight, temperature, blood pressure, as well as a finger prick test for cholesterol or diabetes. This information provides employees a baseline from which to work with a medical professional to improve. Today, we will seek to answer several questions. First, how well are these programs working? A 2014 study conducted for Interactive Health found 85% of 15,550 people surveyed either improved or maintained their level of health risk and companies' health care costs rose 6% more slowly. A September 2014 survey by the benefits consulting firm of Towers Watson & Co. found that 18% of employers already use outcomes-based wellness incentives and 48% plan to add one by 2017. Next, we want to explore if any of these programs need to be changed. There are a number of laws and regulations on the books governing wellness programs, but do employers have all the tools they need? And we want to hear how a disturbing turn of events may affect these programs. Specifically, the action the Equal Employment Opportunity Commission (EEOC) is taking against companies like Honeywell for encouraging employees to lead a healthier lifestyle. I'm concerned the government is encouraging workplace wellness on one hand, and discouraging it on the other. There is a great deal of evidence that tells us these programs can make employees healthier and happier at work, and for the investment employers make, they can see lower health care costs. Honeywell has a wellness program that is reportedly compliant with Obamacare, provides for reasonable alternative accommodations, and protects patient privacy. And, it's working to improve employee health. 61 percent of Honeywell employees identified with more than one health risk factor eliminated at least one of those risk factors; and 46 percent eliminated all of their risk factors. What's wrong with that? Well, the EEOC seemingly believes employers should not reward employees who make healthy lifestyle choices with lower premiums. And in October last year, the general counsel sued to stop Honeywell from doing just that. Even the White House has expressed concern regarding the EEOC's actions. In December, when asked about the president's thoughts on the EEOC wellness lawsuits, White House Press Secretary Josh Earnest said the administration is concerned EEOC's actions are, or could be, ``inconsistent with what we know about wellness programs and the fact that we know that wellness programs are good for both employers and employees.'' Congress was clear in the health care law. The administration was clear in the regulations. And the White House has again reiterated its support for these programs. But apparently that is not clear enough for the EEOC. The EEOC is sending a confusing message to employers--reliance on Obamacare's authorization of wellness programs does not mean you won't be sued. So, I'm working on legislation to provide employers and employees even more clarity and certainty to continue to offer these voluntary wellness programs and encourage healthy lifestyle choices. Innovation and healthy choices should be applauded, not punished. Workplace wellness programs give individuals some control over rising health care costs. Instead of watching powerlessly as more money comes out of their paychecks each month to cover rising health insurance premiums--wellness programs give individuals the ability to regain some control over those costs. I admit that this represents a big shift in how we think about the workplace in relation to our health. There has been a sea change in how we talk about health at work. I remember well the smoke in the hallways of the Nixon White House. That was true in most workplaces then. These days, about the only workplace you can smoke is the Speaker's office. ____________________",,"[Congressional Record Volume 161, Number 16 (Friday, January 30, 2015)] [Senate] [Page S671] From the Congressional Record Online through the Government Publishing Office [ www.gpo.gov ] MORNING BUSINESS ______ EMPLOYER WELLNESS PROGRAMS: BETTER HEALTH OUTCOMES AND LOWER COSTS Mr. ALEXANDER. Madam President, I ask unanimous consent that a copy of my remarks at the Senate Health, Education, Labor and Pensions Committee hearing yesterday be printed in the Record. There being no objection, the material was ordered to be printed in the Record, as follows: Employer Wellness Programs: Better Health Outcomes and Lower Costs This morning we are holding a hearing entitled ``Employer Wellness Programs: Better Health Outcomes and Lower Costs.'' Ranking Member Murray and I will each have an opening statement, then we will introduce our panel of witnesses. I ask that each of our witnesses limits their testimony to no more than five minutes. We will conclude the hearing at noon. About half of Americans, or 149 million, have health insurance through an employer. One thing we agree upon is that it's a good thing for employers to encourage employees to be healthier. There are a few ways that employers can do this. Offering employees free gym memberships, access to weight loss coaches, and on-site nurses, to name a few. Today, we're going to hear from employers who offer lower cost insurance if their employees lead a healthy lifestyle. Obamacare was not a bipartisan law, but it did include a bipartisan provision to strengthen workplace wellness programs. Former Senator Harkin and I worked together on this during the HELP Committee markup of Obamacare. Before Obamacare, employers relied upon a 2006 regulation which empowered them to discount employee premiums up to 20 percent. Today, employers have certainty of law that they can give their employees up to 30 percent off of their premiums if they make healthy lifestyle choices like maintaining a healthy weight or keeping their cholesterol levels in check. The law also gave the Secretaries of Labor and Health the authority to extend this discount to 50 percent off through regulations. And the Secretaries did just that for tobacco cessation, so companies can also give employees who are smoke-free a 50 percent discount off their premiums. But these discount programs aren't a blank check. By law, employers have to meet several conditions. First, they cannot discriminate. Employers must make these programs available to everyone and must provide a reasonable alternative if an employee cannot complete the standard requirement. Second, they have to be designed to promote health. So, your boss can't offer a reward for a better job performance, but she can do so if you stop smoking. Third, everyone should have a chance to qualify at least once a year. To get started, employees might simply fill out a questionnaire about themselves and their family's medical history, or undergo a basic health screening to take their weight, temperature, blood pressure, as well as a finger prick test for cholesterol or diabetes. This information provides employees a baseline from which to work with a medical professional to improve. Today, we will seek to answer several questions. First, how well are these programs working? A 2014 study conducted for Interactive Health found 85% of 15,550 people surveyed either improved or maintained their level of health risk and companies' health care costs rose 6% more slowly. A September 2014 survey by the benefits consulting firm of Towers Watson & Co. found that 18% of employers already use outcomes-based wellness incentives and 48% plan to add one by 2017. Next, we want to explore if any of these programs need to be changed. There are a number of laws and regulations on the books governing wellness programs, but do employers have all the tools they need? And we want to hear how a disturbing turn of events may affect these programs. Specifically, the action the Equal Employment Opportunity Commission (EEOC) is taking against companies like Honeywell for encouraging employees to lead a healthier lifestyle. I'm concerned the government is encouraging workplace wellness on one hand, and discouraging it on the other. There is a great deal of evidence that tells us these programs can make employees healthier and happier at work, and for the investment employers make, they can see lower health care costs. Honeywell has a wellness program that is reportedly compliant with Obamacare, provides for reasonable alternative accommodations, and protects patient privacy. And, it's working to improve employee health. 61 percent of Honeywell employees identified with more than one health risk factor eliminated at least one of those risk factors; and 46 percent eliminated all of their risk factors. What's wrong with that? Well, the EEOC seemingly believes employers should not reward employees who make healthy lifestyle choices with lower premiums. And in October last year, the general counsel sued to stop Honeywell from doing just that. Even the White House has expressed concern regarding the EEOC's actions. In December, when asked about the president's thoughts on the EEOC wellness lawsuits, White House Press Secretary Josh Earnest said the administration is concerned EEOC's actions are, or could be, ``inconsistent with what we know about wellness programs and the fact that we know that wellness programs are good for both employers and employees.'' Congress was clear in the health care law. The administration was clear in the regulations. And the White House has again reiterated its support for these programs. But apparently that is not clear enough for the EEOC. The EEOC is sending a confusing message to employers--reliance on Obamacare's authorization of wellness programs does not mean you won't be sued. So, I'm working on legislation to provide employers and employees even more clarity and certainty to continue to offer these voluntary wellness programs and encourage healthy lifestyle choices. Innovation and healthy choices should be applauded, not punished. Workplace wellness programs give individuals some control over rising health care costs. Instead of watching powerlessly as more money comes out of their paychecks each month to cover rising health insurance premiums--wellness programs give individuals the ability to regain some control over those costs. I admit that this represents a big shift in how we think about the workplace in relation to our health. There has been a sea change in how we talk about health at work. I remember well the smoke in the hallways of the Nixon White House. That was true in most workplaces then. These days, about the only workplace you can smoke is the Speaker's office. ____________________",https://api.govinfo.gov/related/CREC-2015-01-30-pt1-PgS671,CREC,Proceedings of Congress and General Congressional Publications,2025-03-07T17:22:16Z,Congressional Record,package_114_15.csv,6779,0,6779,"[congressional record volume 161, number 16 (friday, january 30, 2015)] [senate] [page s671] from the congressional record online through the government publishing office [ www.gpo.gov ] morning business ______ employer wellness programs: better health outcomes and lower costs mr. alexander. madam president, i ask unanimous consent that a copy of my remarks at the senate health, education, labor and pensions committee hearing yesterday be printed in the record. there being no objection, the material was ordered to be printed in the record, as follows: employer wellness programs: better health outcomes and lower costs this morning we are holding a hearing entitled ``employer wellness programs: better health outcomes and lower costs.'' ranking member murray and i will each have an opening statement, then we will introduce our panel of witnesses. i ask that each of our witnesses limits their testimony to no more than five minutes. we will conclude the hearing at noon. about half of americans, or 149 million, have health insurance through an employer. one thing we agree upon is that it's a good thing for employers to encourage employees to be healthier. there are a few ways that employers can do this. offering employees free gym memberships, access to weight loss coaches, and on-site nurses, to name a few. today, we're going to hear from employers who offer lower cost insurance if their employees lead a healthy lifestyle. obamacare was not a bipartisan law, but it did include a bipartisan provision to strengthen workplace wellness programs. former senator harkin and i worked together on this during the help committee markup of obamacare. before obamacare, employers relied upon a 2006 regulation which empowered them to discount employee premiums up to 20 percent. today, employers have certainty of law that they can give their employees up to 30 percent off of their premiums if they make healthy lifestyle choices like maintaining a healthy weight or keeping their cholesterol levels in check. the law also gave the secretaries of labor and health the authority to extend this discount to 50 percent off through regulations. and the secretaries did just that for tobacco cessation, so companies can also give employees who are smoke-free a 50 percent discount off their premiums. but these discount programs aren't a blank check. by law, employers have to meet several conditions. first, they cannot discriminate. employers must make these programs available to everyone and must provide a reasonable alternative if an employee cannot complete the standard requirement. second, they have to be designed to promote health. so, your boss can't offer a reward for a better job performance, but she can do so if you stop smoking. third, everyone should have a chance to qualify at least once a year. to get started, employees might simply fill out a questionnaire about themselves and their family's medical history, or undergo a basic health screening to take their weight, temperature, blood pressure, as well as a finger prick test for cholesterol or diabetes. this information provides employees a baseline from which to work with a medical professional to improve. today, we will seek to answer several questions. first, how well are these programs working? a 2014 study conducted for interactive health found 85% of 15,550 people surveyed either improved or maintained their level of health risk and companies' health care costs rose 6% more slowly. a september 2014 survey by the benefits consulting firm of towers watson & co. found that 18% of employers already use outcomes-based wellness incentives and 48% plan to add one by 2017. next, we want to explore if any of these programs need to be changed. there are a number of laws and regulations on the books governing wellness programs, but do employers have all the tools they need? and we want to hear how a disturbing turn of events may affect these programs. specifically, the action the equal employment opportunity commission (eeoc) is taking against companies like honeywell for encouraging employees to lead a healthier lifestyle. i'm concerned the government is encouraging workplace wellness on one hand, and discouraging it on the other. there is a great deal of evidence that tells us these programs can make employees healthier and happier at work, and for the investment employers make, they can see lower health care costs. honeywell has a wellness program that is reportedly compliant with obamacare, provides for reasonable alternative accommodations, and protects patient privacy. and, it's working to improve employee health. 61 percent of honeywell employees identified with more than one health risk factor eliminated at least one of those risk factors; and 46 percent eliminated all of their risk factors. what's wrong with that? well, the eeoc seemingly believes employers should not reward employees who make healthy lifestyle choices with lower premiums. and in october last year, the general counsel sued to stop honeywell from doing just that. even the white house has expressed concern regarding the eeoc's actions. in december, when asked about the president's thoughts on the eeoc wellness lawsuits, white house press secretary josh earnest said the administration is concerned eeoc's actions are, or could be, ``inconsistent with what we know about wellness programs and the fact that we know that wellness programs are good for both employers and employees.'' congress was clear in the health care law. the administration was clear in the regulations. and the white house has again reiterated its support for these programs. but apparently that is not clear enough for the eeoc. the eeoc is sending a confusing message to employers--reliance on obamacare's authorization of wellness programs does not mean you won't be sued. so, i'm working on legislation to provide employers and employees even more clarity and certainty to continue to offer these voluntary wellness programs and encourage healthy lifestyle choices. innovation and healthy choices should be applauded, not punished. workplace wellness programs give individuals some control over rising health care costs. instead of watching powerlessly as more money comes out of their paychecks each month to cover rising health insurance premiums--wellness programs give individuals the ability to regain some control over those costs. i admit that this represents a big shift in how we think about the workplace in relation to our health. there has been a sea change in how we talk about health at work. i remember well the smoke in the hallways of the nixon white house. that was true in most workplaces then. these days, about the only workplace you can smoke is the speaker's office. ____________________",6779
CREC-2015-01-30-pt1-PgS671-2,CREC-2015-01-30,2015-01-30,REMEMBERING CHIP KENNETT,CREC,SENATE,S,S,1,https://www.govinfo.gov/app/details/CREC-2015-01-30/CREC-2015-01-30-pt1-PgS671-2,https://api.govinfo.gov/packages/CREC-2015-01-30/granules/CREC-2015-01-30-pt1-PgS671-2/htm,https://api.govinfo.gov/packages/CREC-2015-01-30/granules/CREC-2015-01-30-pt1-PgS671-2/pdf,https://api.govinfo.gov/packages/CREC-2015-01-30/summary,"[Congressional Record Volume 161, Number 16 (Friday, January 30, 2015)] [Senate] [Pages S671-S672] From the Congressional Record Online through the Government Publishing Office [ www.gpo.gov ] REMEMBERING CHIP KENNETT Mrs. SHAHEEN. Madam President, I wish to pay tribute to Bayard Winslow ``Chip'' Kennett II, a native of Conway, N.H., who passed away on January 17 at the age of 34. Growing up in the Mount Washington Valley, Chip was a fantastic student-athlete and natural leader. At A. Crosby Kennett High School, one of two schools in Conway which bears his family name, Chip quarterbacked the Kennett High School football team and was honored with the Jack Burns Memorial Award for leadership, dedication and loyalty to his teammates on the Kennett High baseball team. His parents, Bayard and Theresa, instilled in Chip a love for the region and its people, and Chip spent his summers volunteering and working at Conway's community recreation center. Chip would later go on to a career in public service that spanned close to a decade, rising from a college internship with then-New Hampshire Representative John Sununu to a position in Senator Judd Gregg's office, after which he returned to work for John Sununu upon his election to the Senate. Before leaving Capitol Hill to join Raytheon's government affairs practice, Chip most recently worked for Maine Senator Susan Collins as her military legislative assistant and director of appropriations. During his time in Washington, Chip was active in the New Hampshire State Society, helping to raise funds for New Hampshire students hoping to intern in the Nation's capital as he had during college. All those who knew him in the Senate recall his upbeat and caring nature, both qualities that buoyed him and his family through the difficulties of the past 2 years. [[Page S672]] In October 2012, Chip's wife Sheila was 35 weeks pregnant when he was diagnosed with stage IV advanced lung cancer. As he learned more about his diagnosis, Chip, who was not a smoker, was struck by the lack of progress in improving the survival rate for this deadly cancer which, contrary to popular perception, annually affects more non-smokers than smokers. During his own treatment, Chip became an advocate for lung cancer and worked exceptionally hard to increase awareness of the disease and to end the negative stigma of a lung cancer diagnosis. He gave his time and legislative expertise to LUNGevity, a lung cancer- focused nonprofit, to help fight for much-needed lung cancer research, education and support. His efforts culminated in an invitation to testify on Capitol Hill regarding the need to expedite trials for breakthrough drugs to treat life-threatening diseases like lung cancer. Throughout his own battle with the disease, Chip held out hope that one day we could all celebrate a cure for cancer. Chip truly embodied the spirit of public service, especially in his remaining days when he served as a voice for others. I know I speak for all in the Senate when I say thank you, Chip, for providing an example of what it means to be a great father, son, husband, friend and American. Chip is survived by his 5-year-old son Bayard ``Joe'' Kennett II, his 2-year-old daughter Crosby Reynolds and his wife Sheila whom he met while they were both serving as staff members in the Senate; his mother and father, Bayard and Theresa Kennett of Conway, N.H., as well as his brother and sister-in-law Tanner and Sarah Kennett of North Conway, N.H. On behalf of the people of New Hampshire, I ask my colleagues and all Americans to join me in honoring the life and service of Chip Kennett. Ms. AYOTTE. Madam President, I wish to recognize the extraordinary life of my friend Chip Kennett, who passed away on January 17 after a courageous 2-year battle against cancer. Bayard Winslow ``Chip'' Kennett II was born and raised in Conway, and he was a proud New Hampshire native son. The Kennetts are pillars of the Conway community whose roots in the Mount Washington Valley go back generations, and I have been fortunate to know Chip's family and to witness their countless contributions to business and civic life in New Hampshire. Chip carried on his family's tradition of public service when he first came to Capitol Hill to serve his home State of New Hampshire. He served as a congressional staffer for nearly 8 years--first as a legislative correspondent to my predecessor Senator Judd Gregg and later as a policy aide for former Senator John E. Sununu. More recently, he was a senior aide to my colleague from Maine, Senator Susan Collins. When I first came to the Senate in 2011 and did not yet have a full legislative staff in place, Chip generously offered his counsel on national security and defense issues, for which I was very grateful. While working for Senator Gregg, Chip met the love of his life, Sheila, who would become his wife. In October 2012, Chip--seemingly healthy and active at the age of 31--was diagnosed with Stage IV nonsmoker's lung cancer. There was no cure. In the face of an unimaginable prognosis, Chip understood better than most that life is a gift, and he inspired us all with his determination to live his life to the fullest--making the most of the time he had with his wife Sheila and their two young children, Joe and Crosby. Together, they found joy and meaning in simply being together during everyday, ordinary moments--resolving to be ``present and grateful.'' From family dinners to rooting for his favorite football team on ``Patriots Football Sunday'', Chip savored the blessings of family and friendship. True to his compassionate nature, he turned his diagnosis into a cause for good--becoming a counselor to others battling cancer, raising public awareness of the disease and the need to reduce the stigma associated with lung cancer. The blog that Chip and Sheila started provided a ``Playbook for Living'' that served as a source of inspiration and encouragement to others who were fighting similar battles with cancer. Chip also put his Capitol Hill experience to work as an advocate for lung cancer research, and his efforts are credited with helping spur changes in Medicare coverage for lung cancer treatments--a legacy that will continue to touch many lives. Chip summed up his approach to living with cancer at a hearing last May before the Senate Special Committee on Aging, where he testified that ``thanks to medical breakthroughs, I have been able to experience many quality filled days. We have enjoyed spending holidays with friends and family. I have been able to continue working full time. As a family, we have sat down at the dinner table together, have attended innumerable swim lessons, soccer and tee ball practices for my son on Saturday mornings, and have sat in a church pew together on Sunday mornings. In other words, we have stayed busy--busy LIVING with cancer.'' Chip's strong network of family and close friends was extremely important to him. He was always happiest being around the people he loved. After his diagnosis, his family, friends, coworkers, and former Hill colleagues--affectionately known as Team Kennett--mobilized to not only support Chip and his family but also to support their efforts to aid others fighting cancer. The courage and strength with which Chip and his family faced his illness is an inspiration to us all. Perhaps Chip's greatest legacy is the valuable lesson he taught us all about how to live fully in each moment. Chip was a wonderful, smart, and fun-loving man, and he had a big heart. It was a joy to know him and to call him a friend, and his loss is simply heartbreaking. My heart and thoughts are with all of Team Kennett, including Sheila, Joe, and Crosby; as well as Chip's parents Bayard and Theresa Kennett of Conway; and his brother and sister-in-law Tanner and Sarah Kennett of North Conway. ____________________",,"[Congressional Record Volume 161, Number 16 (Friday, January 30, 2015)] [Senate] [Pages S671-S672] From the Congressional Record Online through the Government Publishing Office [ www.gpo.gov ] REMEMBERING CHIP KENNETT Mrs. SHAHEEN. Madam President, I wish to pay tribute to Bayard Winslow ``Chip'' Kennett II, a native of Conway, N.H., who passed away on January 17 at the age of 34. Growing up in the Mount Washington Valley, Chip was a fantastic student-athlete and natural leader. At A. Crosby Kennett High School, one of two schools in Conway which bears his family name, Chip quarterbacked the Kennett High School football team and was honored with the Jack Burns Memorial Award for leadership, dedication and loyalty to his teammates on the Kennett High baseball team. His parents, Bayard and Theresa, instilled in Chip a love for the region and its people, and Chip spent his summers volunteering and working at Conway's community recreation center. Chip would later go on to a career in public service that spanned close to a decade, rising from a college internship with then-New Hampshire Representative John Sununu to a position in Senator Judd Gregg's office, after which he returned to work for John Sununu upon his election to the Senate. Before leaving Capitol Hill to join Raytheon's government affairs practice, Chip most recently worked for Maine Senator Susan Collins as her military legislative assistant and director of appropriations. During his time in Washington, Chip was active in the New Hampshire State Society, helping to raise funds for New Hampshire students hoping to intern in the Nation's capital as he had during college. All those who knew him in the Senate recall his upbeat and caring nature, both qualities that buoyed him and his family through the difficulties of the past 2 years. [[Page S672]] In October 2012, Chip's wife Sheila was 35 weeks pregnant when he was diagnosed with stage IV advanced lung cancer. As he learned more about his diagnosis, Chip, who was not a smoker, was struck by the lack of progress in improving the survival rate for this deadly cancer which, contrary to popular perception, annually affects more non-smokers than smokers. During his own treatment, Chip became an advocate for lung cancer and worked exceptionally hard to increase awareness of the disease and to end the negative stigma of a lung cancer diagnosis. He gave his time and legislative expertise to LUNGevity, a lung cancer- focused nonprofit, to help fight for much-needed lung cancer research, education and support. His efforts culminated in an invitation to testify on Capitol Hill regarding the need to expedite trials for breakthrough drugs to treat life-threatening diseases like lung cancer. Throughout his own battle with the disease, Chip held out hope that one day we could all celebrate a cure for cancer. Chip truly embodied the spirit of public service, especially in his remaining days when he served as a voice for others. I know I speak for all in the Senate when I say thank you, Chip, for providing an example of what it means to be a great father, son, husband, friend and American. Chip is survived by his 5-year-old son Bayard ``Joe'' Kennett II, his 2-year-old daughter Crosby Reynolds and his wife Sheila whom he met while they were both serving as staff members in the Senate; his mother and father, Bayard and Theresa Kennett of Conway, N.H., as well as his brother and sister-in-law Tanner and Sarah Kennett of North Conway, N.H. On behalf of the people of New Hampshire, I ask my colleagues and all Americans to join me in honoring the life and service of Chip Kennett. Ms. AYOTTE. Madam President, I wish to recognize the extraordinary life of my friend Chip Kennett, who passed away on January 17 after a courageous 2-year battle against cancer. Bayard Winslow ``Chip'' Kennett II was born and raised in Conway, and he was a proud New Hampshire native son. The Kennetts are pillars of the Conway community whose roots in the Mount Washington Valley go back generations, and I have been fortunate to know Chip's family and to witness their countless contributions to business and civic life in New Hampshire. Chip carried on his family's tradition of public service when he first came to Capitol Hill to serve his home State of New Hampshire. He served as a congressional staffer for nearly 8 years--first as a legislative correspondent to my predecessor Senator Judd Gregg and later as a policy aide for former Senator John E. Sununu. More recently, he was a senior aide to my colleague from Maine, Senator Susan Collins. When I first came to the Senate in 2011 and did not yet have a full legislative staff in place, Chip generously offered his counsel on national security and defense issues, for which I was very grateful. While working for Senator Gregg, Chip met the love of his life, Sheila, who would become his wife. In October 2012, Chip--seemingly healthy and active at the age of 31--was diagnosed with Stage IV nonsmoker's lung cancer. There was no cure. In the face of an unimaginable prognosis, Chip understood better than most that life is a gift, and he inspired us all with his determination to live his life to the fullest--making the most of the time he had with his wife Sheila and their two young children, Joe and Crosby. Together, they found joy and meaning in simply being together during everyday, ordinary moments--resolving to be ``present and grateful.'' From family dinners to rooting for his favorite football team on ``Patriots Football Sunday'', Chip savored the blessings of family and friendship. True to his compassionate nature, he turned his diagnosis into a cause for good--becoming a counselor to others battling cancer, raising public awareness of the disease and the need to reduce the stigma associated with lung cancer. The blog that Chip and Sheila started provided a ``Playbook for Living'' that served as a source of inspiration and encouragement to others who were fighting similar battles with cancer. Chip also put his Capitol Hill experience to work as an advocate for lung cancer research, and his efforts are credited with helping spur changes in Medicare coverage for lung cancer treatments--a legacy that will continue to touch many lives. Chip summed up his approach to living with cancer at a hearing last May before the Senate Special Committee on Aging, where he testified that ``thanks to medical breakthroughs, I have been able to experience many quality filled days. We have enjoyed spending holidays with friends and family. I have been able to continue working full time. As a family, we have sat down at the dinner table together, have attended innumerable swim lessons, soccer and tee ball practices for my son on Saturday mornings, and have sat in a church pew together on Sunday mornings. In other words, we have stayed busy--busy LIVING with cancer.'' Chip's strong network of family and close friends was extremely important to him. He was always happiest being around the people he loved. After his diagnosis, his family, friends, coworkers, and former Hill colleagues--affectionately known as Team Kennett--mobilized to not only support Chip and his family but also to support their efforts to aid others fighting cancer. The courage and strength with which Chip and his family faced his illness is an inspiration to us all. Perhaps Chip's greatest legacy is the valuable lesson he taught us all about how to live fully in each moment. Chip was a wonderful, smart, and fun-loving man, and he had a big heart. It was a joy to know him and to call him a friend, and his loss is simply heartbreaking. My heart and thoughts are with all of Team Kennett, including Sheila, Joe, and Crosby; as well as Chip's parents Bayard and Theresa Kennett of Conway; and his brother and sister-in-law Tanner and Sarah Kennett of North Conway. ____________________",https://api.govinfo.gov/related/CREC-2015-01-30-pt1-PgS671-2,CREC,Proceedings of Congress and General Congressional Publications,2025-03-07T17:22:16Z,Congressional Record,package_114_15.csv,7882,0,7882,"[congressional record volume 161, number 16 (friday, january 30, 2015)] [senate] [pages s671-s672] from the congressional record online through the government publishing office [ www.gpo.gov ] remembering chip kennett mrs. shaheen. madam president, i wish to pay tribute to bayard winslow ``chip'' kennett ii, a native of conway, n.h., who passed away on january 17 at the age of 34. growing up in the mount washington valley, chip was a fantastic student-athlete and natural leader. at a. crosby kennett high school, one of two schools in conway which bears his family name, chip quarterbacked the kennett high school football team and was honored with the jack burns memorial award for leadership, dedication and loyalty to his teammates on the kennett high baseball team. his parents, bayard and theresa, instilled in chip a love for the region and its people, and chip spent his summers volunteering and working at conway's community recreation center. chip would later go on to a career in public service that spanned close to a decade, rising from a college internship with then-new hampshire representative john sununu to a position in senator judd gregg's office, after which he returned to work for john sununu upon his election to the senate. before leaving capitol hill to join raytheon's government affairs practice, chip most recently worked for maine senator susan collins as her military legislative assistant and director of appropriations. during his time in washington, chip was active in the new hampshire state society, helping to raise funds for new hampshire students hoping to intern in the nation's capital as he had during college. all those who knew him in the senate recall his upbeat and caring nature, both qualities that buoyed him and his family through the difficulties of the past 2 years. [[page s672]] in october 2012, chip's wife sheila was 35 weeks pregnant when he was diagnosed with stage iv advanced lung cancer. as he learned more about his diagnosis, chip, who was not a smoker, was struck by the lack of progress in improving the survival rate for this deadly cancer which, contrary to popular perception, annually affects more non-smokers than smokers. during his own treatment, chip became an advocate for lung cancer and worked exceptionally hard to increase awareness of the disease and to end the negative stigma of a lung cancer diagnosis. he gave his time and legislative expertise to lungevity, a lung cancer- focused nonprofit, to help fight for much-needed lung cancer research, education and support. his efforts culminated in an invitation to testify on capitol hill regarding the need to expedite trials for breakthrough drugs to treat life-threatening diseases like lung cancer. throughout his own battle with the disease, chip held out hope that one day we could all celebrate a cure for cancer. chip truly embodied the spirit of public service, especially in his remaining days when he served as a voice for others. i know i speak for all in the senate when i say thank you, chip, for providing an example of what it means to be a great father, son, husband, friend and american. chip is survived by his 5-year-old son bayard ``joe'' kennett ii, his 2-year-old daughter crosby reynolds and his wife sheila whom he met while they were both serving as staff members in the senate; his mother and father, bayard and theresa kennett of conway, n.h., as well as his brother and sister-in-law tanner and sarah kennett of north conway, n.h. on behalf of the people of new hampshire, i ask my colleagues and all americans to join me in honoring the life and service of chip kennett. ms. ayotte. madam president, i wish to recognize the extraordinary life of my friend chip kennett, who passed away on january 17 after a courageous 2-year battle against cancer. bayard winslow ``chip'' kennett ii was born and raised in conway, and he was a proud new hampshire native son. the kennetts are pillars of the conway community whose roots in the mount washington valley go back generations, and i have been fortunate to know chip's family and to witness their countless contributions to business and civic life in new hampshire. chip carried on his family's tradition of public service when he first came to capitol hill to serve his home state of new hampshire. he served as a congressional staffer for nearly 8 years--first as a legislative correspondent to my predecessor senator judd gregg and later as a policy aide for former senator john e. sununu. more recently, he was a senior aide to my colleague from maine, senator susan collins. when i first came to the senate in 2011 and did not yet have a full legislative staff in place, chip generously offered his counsel on national security and defense issues, for which i was very grateful. while working for senator gregg, chip met the love of his life, sheila, who would become his wife. in october 2012, chip--seemingly healthy and active at the age of 31--was diagnosed with stage iv nonsmoker's lung cancer. there was no cure. in the face of an unimaginable prognosis, chip understood better than most that life is a gift, and he inspired us all with his determination to live his life to the fullest--making the most of the time he had with his wife sheila and their two young children, joe and crosby. together, they found joy and meaning in simply being together during everyday, ordinary moments--resolving to be ``present and grateful.'' from family dinners to rooting for his favorite football team on ``patriots football sunday'', chip savored the blessings of family and friendship. true to his compassionate nature, he turned his diagnosis into a cause for good--becoming a counselor to others battling cancer, raising public awareness of the disease and the need to reduce the stigma associated with lung cancer. the blog that chip and sheila started provided a ``playbook for living'' that served as a source of inspiration and encouragement to others who were fighting similar battles with cancer. chip also put his capitol hill experience to work as an advocate for lung cancer research, and his efforts are credited with helping spur changes in medicare coverage for lung cancer treatments--a legacy that will continue to touch many lives. chip summed up his approach to living with cancer at a hearing last may before the senate special committee on aging, where he testified that ``thanks to medical breakthroughs, i have been able to experience many quality filled days. we have enjoyed spending holidays with friends and family. i have been able to continue working full time. as a family, we have sat down at the dinner table together, have attended innumerable swim lessons, soccer and tee ball practices for my son on saturday mornings, and have sat in a church pew together on sunday mornings. in other words, we have stayed busy--busy living with cancer.'' chip's strong network of family and close friends was extremely important to him. he was always happiest being around the people he loved. after his diagnosis, his family, friends, coworkers, and former hill colleagues--affectionately known as team kennett--mobilized to not only support chip and his family but also to support their efforts to aid others fighting cancer. the courage and strength with which chip and his family faced his illness is an inspiration to us all. perhaps chip's greatest legacy is the valuable lesson he taught us all about how to live fully in each moment. chip was a wonderful, smart, and fun-loving man, and he had a big heart. it was a joy to know him and to call him a friend, and his loss is simply heartbreaking. my heart and thoughts are with all of team kennett, including sheila, joe, and crosby; as well as chip's parents bayard and theresa kennett of conway; and his brother and sister-in-law tanner and sarah kennett of north conway. ____________________",7882
CREC-2015-01-30-pt1-PgS667-7,CREC-2015-01-30,2015-01-30,"DEPARTMENT OF HOMELAND SECURITY APPROPRIATIONS ACT, 2015--MOTION TO PROCEED",CREC,SENATE,S,S,1,https://www.govinfo.gov/app/details/CREC-2015-01-30/CREC-2015-01-30-pt1-PgS667-7,https://api.govinfo.gov/packages/CREC-2015-01-30/granules/CREC-2015-01-30-pt1-PgS667-7/htm,https://api.govinfo.gov/packages/CREC-2015-01-30/granules/CREC-2015-01-30-pt1-PgS667-7/pdf,https://api.govinfo.gov/packages/CREC-2015-01-30/summary,"[Congressional Record Volume 161, Number 16 (Friday, January 30, 2015)] [Senate] [Pages S667-S671] From the Congressional Record Online through the Government Publishing Office [ www.gpo.gov ] DEPARTMENT OF HOMELAND SECURITY APPROPRIATIONS ACT, 2015--MOTION TO PROCEED Mr. McCONNELL. Madam President, I move to proceed to H.R. 240. The PRESIDING OFFICER. The clerk will report the motion. The legislative clerk read as follows: Motion to proceed to Calendar No. 5, H.R. 240, a bill making appropriations for the Department of Homeland Security for the fiscal year ending September 30, 2015, and for other purposes. Cloture Motion Mr. McCONNELL. Madam President, I sent a cloture motion to the desk. The PRESIDING OFFICER. The cloture motion having been presented under rule XXII, the Chair directs the clerk to read the motion. The legislative clerk read as follows: Cloture Motion We, the undersigned Senators, in accordance with the provisions of rule XXII of the Standing Rules of the Senate, do hereby move to bring to a close debate on the motion to proceed to H.R. 240, making appropriations for the Department of Homeland Security for the fiscal year ending September 30, 2015. Mitch McConnell, John Cornyn, Richard Burr, Jerry Moran, John Thune, Johnny Isakson, Marco Rubio, Roy Blunt, Pat Roberts, Deb Fischer, John Boozman, David Vitter, Tim Scott, Roger F. Wicker, Richard C. Shelby, Michael B. Enzi, Rand Paul. Mr. McCONNELL. I ask unanimous consent that notwithstanding rule XXII, the mandatory quorum be waived and that the vote on the motion to invoke cloture occur at 2:30 p.m. on Tuesday, February 3. I further ask that if the motion to invoke cloture is agreed to, all postcloture time be yielded back and the Senate proceed to a vote on the motion to proceed to the bill. The PRESIDING OFFICER. Without objection, it is so ordered. Measures Considered By the Senate Mr. McCONNELL. Madam President, the Senate's passage of the Keystone jobs bill is great news for the American people. The Senate will soon turn its attention to a few different matters. First, we will be voting on a bipartisan measure that has been championed by the Chairs of the Veterans' Affairs and Armed Services Committees. We lose thousands of our heroes every year to suicide. It is a tragic situation. Senators McCain and Isakson are leading efforts to do something about it. Their legislation would provide more of the mental health and suicide prevention support our Veterans deserve. The measure already passed unanimously through the House of Representatives. Now we hope for a bipartisan outcome on the Senate floor. The same should also be said of a second piece of legislation we will consider. It is a debate that will challenge our colleagues on the other side with a simple proposition. Do they think Presidents of either party should have the power to simply ignore laws they don't like? Will our Democratic colleagues work with us to defend key democratic ideals such as the separation of powers and the rule of law or will they stand tall with the idea that partisan exercises of raw power are good things? The House-passed bill we will consider would do two things. It would fund the Department of Homeland Security and rein in Executive overreach. [[Page S668]] That is it. It is simple, and there is no reason for Democrats to block it. Madam President, I suggest the absence of a quorum. The PRESIDING OFFICER. The clerk will call the roll. The legislative clerk proceeded to call the roll. Mr. SESSIONS. Madam President, I ask unanimous consent that the order for the quorum call be rescinded. The PRESIDING OFFICER. Without objection, it is so ordered. Mr. SESSIONS. Madam President, we are told that next week we can expect the Department of Homeland Security appropriations bill, which fully funds the Department of Homeland Security and includes the law enforcement priorities that were agreed to on a bipartisan basis in the House--and I think will be approved on a bipartisan basis in the Senate, hammered out in the Senate Appropriations Committee--will be coming to the Senate. The House of Representatives has therefore voted to fund Homeland Security in essentially the way the President has asked for and the Democrats and Republicans agreed on. It is not a perfect bill for everybody, but we have to do those things. We have to agree and fund all the departments and agencies of our government. Yet we now have a statement that our Democratic colleagues are going to block the bill. They apparently intend to say Republicans blocked the bill and that somehow Republicans didn't fund Homeland Security. That is the message they are going to try to promote. They are going to say they want a clean bill. What does a clean bill mean? Is it a bill that funds the Immigration and Nationality Act as was passed by Congress, some 500 pages? It funds the officers and enforcement officials who carry out those duties every day. Does it fund those? Yes, it funds those. What is it that people are complaining about then? What is this clean bill they want to see? I would suggest it is not a clean bill they want. In reality, they want legislation that will fund action by President Obama that violates the Immigration and Nationality Act, actions that he has taken through Executive amnesty. That is the problem we are dealing with. Apparently they believe the President of the United States, who doesn't agree with the way immigration law is written, the way it has been carried out for 30, 40 years--he is not happy with that. He asked the Congress to change it. Congress said: No. He said: I am going to do it anyway. Right across the river from Washington--I am going to lease a building that houses 1,000 new workers--new workers--and those workers are going to process and give out legal status, work permits, Social Security participation, Medicare participation to 5 million people. People who, according to the Immigration and Nationality Act, are unlawfully in the country and are not able to work. Businesses cannot hire somebody who is in the country unlawfully. Is there any country in the world that says it is appropriate for a business to hire somebody who entered that country unlawfully? What kind of logic can support such reasoning? So the President is not an imperial master. He asked Congress and Congress said no, but he wants to go ahead and do it. Our Democratic colleagues are now telling us they are not going to support funding of Homeland Security because Congress--the House of Representatives bill and the bill I think will have a majority in the Senate--will not fund this building, the 1,000 people, and all the other activities that will be needed to execute this unlawful, unconstitutional Executive amnesty. It is through the looking glass. I mean, what world are we in? I was a Federal prosecutor for almost 15 years. They enforce the law, they don't enforce what some President said he would like to see done that is not lawful. Colleagues, this is so serious that the Immigration and Customs Enforcement officials, their association filed a lawsuit, and they challenged the actions of their supervisors telling them not to enforce plain immigration law. They went to Federal court. Has anybody ever heard of that before? This is the equivalent of the FBI for the immigration service. These are first-rate officers. Many of them have been there 20 or 30 years. They say: You are asking us to not enforce the law. They have challenged it in court. I have never heard of anything such as that before. The people in charge of enforcing the law having to go to court to keep from being told not to enforce the law? It is amazing. This bill will not deny a penny of funding. It will not deny any funding for any program, activity or action that is authorized by law. It does not deny funding for any of those programs that are actually authorized by the laws of the United States. In fact, it says: Spend the money, Mr. President, on enforcing and following the law. You cannot spend money unconstitutionally to advocate and create a system of law Congress rejected--an unlawful activity. The Congress of the United States is not helpless when it confronts the President. Colleagues, we have to get out from under our desks. Are we afraid to say to the President of the United States we don't agree with this, and we are not going to fund this? Is that the world we are in? Are we hiding under our desks, that the President may go on television and attack us because we will not agree with his ideas? Surely not, surely not. The Congress has the power to appropriate money. It goes back to the historic development--before America became a nation--that the Parliament took over the power of money from the King. Parliament passed the laws, not the King. We adopted that and we created a constitutional order, instead of a King, to decide how we operate. The Parliament, and the Congress of the United States, was empowered to handle the money. What obligation, colleagues, does this Congress of the United States have to give the President of the United States money to undermine the laws of the United States? What power does he have to compel us to do so? Zero. We should do the right thing. And the right thing is to say: Mr. President, we are willing to consider a form of immigration law, but we didn't approve of this bill. We didn't support your bill last time and we are not going to pass your bill this time. We are going to continue to work to improve immigration law and make it better and serve the national interest of the United States--not special interests, not activist groups and not big businesses, but the average working American's interest. That is who we are going to serve in this process. So why are we afraid to push back on that? It is amazing to me. So I don't think we will. In fact, it is sort of remarkable that this is a bipartisan position that the President has overreached. I am not going to quote the names of Senators. I will be a little bit courteous at this point and just quote some of the statements from all separate Democratic Senators in the last few months when asked about this Executive amnesty by the President. A lot of Senators have never been asked. They are probably thankful they weren't asked. This is what one Senator said: . . . but the President shouldn't make such a significant policy change on his own. Another Democratic Senator: . . . but executive orders aren't the way to do it. Another Senator: I disagree with the President's decision to use executive action to make changes to our immigration system. Another Democratic Senator: I'm disappointed the President decided to use executive action at this time on this issue, as it could poison any hope of compromise or bipartisanship in the new Senate before it has even started. It's Congress' job to pass legislation and deal with issues of this magnitude. Absolutely correct. It is Congress's duty to do this. What about another Democratic Senator: I worry that his taking unilateral action could in fact inflame public opinion, change the subject from immigration to the President. I also have constitutional concerns about where prosecutorial discretion ends and unconstitutional authority begins. A wise quote, I think. Another Senator: I have concerns about executive action . . . This is a job for Congress, and it's time for the House to act. [[Page S669]] Another Democratic Senator: . . . the best way to get a comprehensive solution is to take this through the legislative process. So I would say, colleagues, why would any Senator, Democrat or Republican--when the very integrity of the constitutional powers given to Congress are eroded in a dramatic way by the President of the United States--not want to assert congressional authority? It is important for our constitutional structure, in my view. Well, there we are. We had hearings in the Senate on these issues and on the new nominee for Attorney General. The new nominee said she supports and will actively work for the policy the President established. The Attorney General is the chief law enforcement officer in the land. They take an oath to see that the laws of the United States are faithfully executed. I believe strongly in this. I don't think it is a close question. It is not a close question, colleagues. The President's actions are unlawful. The President's executive actions impose a policy that is detrimental to our ability to ever establish a lawful system of immigration in America. They are against the wishes of the Congress, which rejected this proposal, and they are overwhelmingly in opposition to the views of the American people, as poll after poll has demonstrated. Do the American people have no role in their government? They can't expect their Members of the Senate to vote for legislation that follows the law instead of breaking the law? Aren't they frustrated already that Congress is not following the law, and they are frustrated with the President's failure to follow the law? I think they are. Of course I would like to note that President Obama himself said 20 times he did not have the power to do this. He said, in May of 2008: Congress's job is to pass legislation. The president can veto it or he can sign it . . . I believe in the Constitution and I will obey the Constitution of the United States. We're not going to use signing statements . . . Another time he said: Ultimately, our nation, like all nations, has the right and obligation to control its borders and set laws for residency and citizenship. And no matter how decent they are, no matter their reasons, the 11 million people who broke these laws should be held accountable. October of 2010: I can't simply ignore laws that are out there. On October 25 of 2010, he said: I am president, I am not king. I can't do these things just by myself. We have a system of government that requires the Congress to work with the Executive Branch to make it happen. Well, even King George couldn't act contrary to the laws passed by Parliament. That statement goes on: . . . I just want to repeat, I'm president, I'm not king. If Congress has laws on the books that says that people who are here who are not documented have to be deported, then I can exercise some flexibility in terms of where we deploy our resources . . . but there's a limit to the discretion that I can show because I'm obliged to execute the law. That's what the Executive Branch means. I can't just make the laws up by myself. Well, how true is that? That is absolutely correct. It goes on. There are 20 of these. I could continue, but we will be talking about this as the weeks go on. Now, what do scholars say? Do the scholars say that this action is lawful and that Congress should fund it and we have an obligation to fund it or the President has the right to demand it? Jonathan Turley, who is a Shapiro Professor of Law at George Washington University, a nationally recognized constitutional scholar, testified before Congress many times, most often as a Democratic witness, has said he supports President Obama and voted for him. But he said this: I believe the president has exceeded his brief. The president is required to faithfully execute the laws. He's not required to enforce all laws equally or commit the same resources to them. But I believe the president has crossed the constitutional line . . . He said that again yesterday at the judiciary hearing on the Attorney General. He continues: This goes to the very heart of what is the Madisonian system. If a president can unilaterally change the meaning of laws in substantial ways or refuse to enforce them, it takes offline that very thing that stabilizes our system. I believe the members will loathe the day that they allow that to happen. This will not be the last president. There will be more presidents who will claim the same authority. Well, I think that is pretty significant. Professor Turley is a supporter of President Obama personally, and someone who has been a frequent Democratic witness for Congress. Professor Nicholas Rosenkranz of Georgetown University Law Center, in his testimony yesterday before the Senate Judiciary Committee, said-- and how simple and true is this. It is pretty insightful, frankly: Rather than declining to comply with a duly enacted statute-- The INA. the President has decided to comply meticulously--with a bill that never became law. What a statement that is. And it is absolutely true. He went on to say: Congress has repeatedly considered a statute called the DREAM Act, which would exempt a broad category of aliens from the Immigration and Nationality Act. The President favored this DREAM Act, but Congress repeatedly declined to pass it. It is not in the code. It didn't pass. He goes on to say: Once again, the President does have broad prosecutorial discretion and broad discretion to husband executive resources. But in this case, it is quite clear that the President is not merely trying to conserve resources. . . . To put the point another way, the President shall ``take Care that the Laws''--capital L--``be faithfully executed''--not those bills which fail to become law. Here, in effect, the President is faithfully executing the DREAM Act, which is not law at all, rather than the Immigration and Nationality Act, which is supreme law of the land. The President cannot enact the DREAM Act unilaterally, and he cannot evade article 1, section 7, by pretending that it passed when it did not. How much clearer can you lay it out? This professor is simply telling the truth. There is no other way to look at this, in my opinion. Congress is being challenged at its very core by this action, and the result of this challenge will have constitutional ramifications and it will have ramifications as we consider the relative powers of the executive, legislative, and judicial branches in the years to come. This is not a little matter, colleagues. It really is an affront to constitutional order. We have a duty no matter what we feel about this amnesty that goes well beyond DREAM Act amnesty. We have a constitutional duty to defend the integrity of the Congress against an encroachment of monumental proportions by the President. That is the fundamental issue we will be dealing with when people complain about the funding bill for DHS. David Rivkin, who served two Presidents in the Office of White House Counsel, and Elizabeth Price Foley, a constitutional law professor, wrote an article recently in the Wall Street Journal. It just hammers and devastates the arguments the President is making in favor of his executive amnesty. They say this: By announcing a global policy of nonenforcement against certain categories, Mr. Obama condones unlawful behavior, weakening the law's deterrent impact, and allows lawbreakers to remain without fear of deportation . . . These individuals are no longer deportable although Congress has declared them so. They conclude with a statement we need to consider. I believe their concluding statement is accurate. I think it is pretty much indisputable. And if it is accurate, then Congress has a duty to stand firm. This is what they conclude: The President, after months, finally extracted from the Office of Legal Counsel of the U.S. Department of Justice a memorandum that allows basically what he is trying to do. It has been heavily criticized. Legal scholars say it is a poor analysis in a whole lot of ways. In fact, it is unacceptable. This is what the authors of this recent opinion piece in the Wall Street Journal said: The OLC's memo endorses a view of presidential power that has never been advanced by even the boldest presidential advocates. If this view holds, future presidents can unilaterally gut tax, environmental, labor or securities laws by enforcing only those portions with which they agree. This is a dangerous precedent that cannot be allowed to stand. So this is what is at stake. And now we learn that the Democrats intend to oppose even going forward to consider the House bill that funds the Department of Homeland Security--and they intend to block that through the filibuster. This is what Senator Barbara Mikulski is reported by Congressional Quarterly as saying last night: [[Page S670]] Senator Mikulski tells CQ that Democrats will block the Senate from proceeding to debate the DHS spending bill over immigration riders. Have they made that decision? Surely not. Surely we should move to the bill. If they are unhappy with the language the House put in this, then offer an amendment to take it out. They will have the right to have full amendments, consistent with the rules of the Senate, on this legislation. They can offer amendments to strike the language in the House that simply says we are not going to fund unlawful Executive amnesty. It is a pretty stunning thing that we are dealing with and that we will be confronting next week. I believe it is a position that is untenable. It is untenable constitutionally, it is untenable lawfully, and it is untenable because it is contrary to the will of Republicans and Democrats in the House and Senate who oppose the President's action. It is untenable politically because overwhelmingly the American people reject it. I am flabbergasted that we are now hearing that Democrats might not even allow the bill to come up on the floor. What does that mean? I suppose they will say: Mr. Republican Congress, are you shutting down Homeland Security? Why? I would ask. Well, because you are putting in language that says the President shouldn't go off and create and endorse and support and fund changing of the law of the United States that Congress hasn't changed, and we insist that you fund his activities and give him the money he needs to carry out this project. Then Congress says: No. We don't want to do that. We oppose it and we won't pass the bill that funds Homeland Security. That is a bad thing to do. The American people won't like it that you don't fund Homeland Security, the Republicans may say. And do you know what our Democratic colleagues will say? No. You shut Homeland Security down because you kept the President from doing his activity. We are going to accuse you of not funding Homeland Security, and we are going to say you placed the Nation at risk. The President is going to accuse you of defunding Homeland Security, and he is going to accuse you of putting the country at risk. And the media? Why, they are on our side, and they are going to report it that way. When you turn on your television at night, they are going to say to the American people that Republicans didn't fund Homeland Security, and you are going to lose. Look, we are not through the looking glass yet. Give me a break. That is not going to sell. The American people are not going to buy that and the press is not going to shill for this kind of story. It is going to be clear who is not funding Homeland Security. It is going to be clear who wants to create a lawful system of immigration and to fund it in an effective way and serve the national interests in this fashion. I feel strongly about it. Hopefully this won't happen. Hopefully the report last night is not going to be the position of the Democratic Party. I just read of seven or eight of them who said they don't approve of the President's action. Why would they vote not to even go to a bill? And remember, if the bill comes up and our colleagues don't like this language in it, they can move to alter it or strike it. Let's vote on it. Sometimes you win in this body; sometimes you lose. We lost many times--many on the Republican side--in supporting the Keystone Pipeline. Now we are told the President may veto the bill that has well over 60 votes and many Democrats voting for it. Well, is Congress going to say ``We are going to ignore that'' and ask the law enforcement officers or the other officers to ignore the President's veto and pretend the law passed when it didn't pass? Of course not. And neither can the President. We are coequal branches, and the President does not have the authority and the right and the power to enforce a law that never passed to grant amnesty to people who are unlawfully here. It goes beyond prosecutorial discretion. As I said, I was a prosecutor for a long time. It is not prosecutorial discretion to give someone who is unlawfully in the country a work permit, a photo ID--as they intend to do--a Social Security number, the right to participate in Social Security, the right to work, to take any job in America. What job are they going to take? Who is offering any jobs of any numbers today in America? Not many. So these individuals who are here unlawfully will now be able to go to the trucking company and take a pretty good trucking job or maybe a forklift operator job or maybe they want to work for the county commission. I asked the Attorney General nominee 2 days ago at a hearing would the Department of Justice sue a business that said: Well, we have job openings, but we are going to hire those people who have green cards or who came here lawfully and have a lawful status, but we are not going to hire somebody with temporary Presidential amnesty? Are you going to sue them for some sort of violation of rights? She said she didn't know. They might. She basically said they might sue them. So this is a real danger. The truth is, colleagues, we don't have enough jobs in America today. We have the lowest percentage of Americans actually working, in the working ages, that we have had since the 1970s. It has dropped steadily year after year. There is no doubt that if you bring more people into our country than we have jobs for, it does make it harder. Also, an excess of labor pulls down wages, and things aren't really getting better. Median family wages since 2007 are down $4,000. That is a stunning amount. Wages in December--last month--in America dropped 5 cents an hour. This idea that the economy is on track, everything is wonderful--it is not so wonderful for average working Americans. Their wages went down, not up, as we have been told is happening. This is not going to help. It is going to make that situation worse. Fundamentally, we need a lawful system of immigration that we can be proud of, and somebody needs to be concerned first and foremost about the people we represent. We should be concerned about the people who have immigrated here lawfully. Their wages are down also, in some cases even more so. In fact, they are often competing most directly against unlawful immigrants. I would say this: This is not the right way to do it. We are going to continue to talk about this. I believe the Congress of the United States, once it is really understood what is happening, will listen to the constituents of America. They will decide first and foremost that our duty is to create a lawful system of immigration that is fairly endorsed, that we can be proud of, and that serves the interest of the American people--the national interest. That is what is being overlooked. People are coming from abroad. They want to come to America. We have always had the most generous immigration system in the world, and we believe in immigration. But they should come lawfully and the Congress should help create a system that supports a lawful entry into America. The council that represents the Customs and Immigration Service Officers just January 22nd of this year issued a strong statement. They said: The dedicated immigration service officers and adjudicators at USCIS are in desperate need of help. The President's executive amnesty order for 5 million illegal immigrants places the mission of USCIS in grave peril. Has anybody been listening to them or do they just listen to big business? Do they just listen to activist groups? Do they just listen to lobbyists, politicians with their political schemes to win elections? Is that what they are listening to? They are not listening to the officers who are carrying out the duties. Last fall the same group who represents these government workers--Ken Palinkas, a very able leader, said this: Making matters more dangerous, the Obama administration's executive amnesty, like S. 744 that he unsuccessfully lobbied for, would legalize visa overstays and cause millions additionally to overstay--raising the threat level to America even higher. It goes on with many other points. I thank the Chair for the opportunity to speak. I am very worried that our Democratic colleagues are making a mistake. I think it is the right thing in this new Senate with Majority Leader [[Page S671]] McConnell who has allowed more votes in 1 day than the Republicans got from Senator Reid the entire year last year. We probably doubled the number of votes this year than we had all of last year. The Democrats are saying, we are not even going to go to this bill that would fund Homeland Security. And if we don't go to it, then Homeland Security is not funded. Are they going to block a bill that would fund Homeland Security? Senator McConnell is saying you can have your relevant amendment. If you don't like the language the House put in that says the money can only go to fund lawful activities, then you can vote to take it out and offer an amendment to take it out; but if you don't have the votes, you lose. That is the way the system should work. I thank the Chair and yield the floor. I suggest the absence of a quorum. The PRESIDING OFFICER. The clerk will call the roll. The assistant legislative clerk proceeded to call the roll. Mr. McCONNELL. Madam President, I ask unanimous consent that the order for the quorum call be rescinded. The PRESIDING OFFICER. Without objection, it is so ordered. ____________________",,"[Congressional Record Volume 161, Number 16 (Friday, January 30, 2015)] [Senate] [Pages S667-S671] From the Congressional Record Online through the Government Publishing Office [ www.gpo.gov ] DEPARTMENT OF HOMELAND SECURITY APPROPRIATIONS ACT, 2015--MOTION TO PROCEED Mr. McCONNELL. Madam President, I move to proceed to H.R. 240. The PRESIDING OFFICER. The clerk will report the motion. The legislative clerk read as follows: Motion to proceed to Calendar No. 5, H.R. 240, a bill making appropriations for the Department of Homeland Security for the fiscal year ending September 30, 2015, and for other purposes. Cloture Motion Mr. McCONNELL. Madam President, I sent a cloture motion to the desk. The PRESIDING OFFICER. The cloture motion having been presented under rule XXII, the Chair directs the clerk to read the motion. The legislative clerk read as follows: Cloture Motion We, the undersigned Senators, in accordance with the provisions of rule XXII of the Standing Rules of the Senate, do hereby move to bring to a close debate on the motion to proceed to H.R. 240, making appropriations for the Department of Homeland Security for the fiscal year ending September 30, 2015. Mitch McConnell, John Cornyn, Richard Burr, Jerry Moran, John Thune, Johnny Isakson, Marco Rubio, Roy Blunt, Pat Roberts, Deb Fischer, John Boozman, David Vitter, Tim Scott, Roger F. Wicker, Richard C. Shelby, Michael B. Enzi, Rand Paul. Mr. McCONNELL. I ask unanimous consent that notwithstanding rule XXII, the mandatory quorum be waived and that the vote on the motion to invoke cloture occur at 2:30 p.m. on Tuesday, February 3. I further ask that if the motion to invoke cloture is agreed to, all postcloture time be yielded back and the Senate proceed to a vote on the motion to proceed to the bill. The PRESIDING OFFICER. Without objection, it is so ordered. Measures Considered By the Senate Mr. McCONNELL. Madam President, the Senate's passage of the Keystone jobs bill is great news for the American people. The Senate will soon turn its attention to a few different matters. First, we will be voting on a bipartisan measure that has been championed by the Chairs of the Veterans' Affairs and Armed Services Committees. We lose thousands of our heroes every year to suicide. It is a tragic situation. Senators McCain and Isakson are leading efforts to do something about it. Their legislation would provide more of the mental health and suicide prevention support our Veterans deserve. The measure already passed unanimously through the House of Representatives. Now we hope for a bipartisan outcome on the Senate floor. The same should also be said of a second piece of legislation we will consider. It is a debate that will challenge our colleagues on the other side with a simple proposition. Do they think Presidents of either party should have the power to simply ignore laws they don't like? Will our Democratic colleagues work with us to defend key democratic ideals such as the separation of powers and the rule of law or will they stand tall with the idea that partisan exercises of raw power are good things? The House-passed bill we will consider would do two things. It would fund the Department of Homeland Security and rein in Executive overreach. [[Page S668]] That is it. It is simple, and there is no reason for Democrats to block it. Madam President, I suggest the absence of a quorum. The PRESIDING OFFICER. The clerk will call the roll. The legislative clerk proceeded to call the roll. Mr. SESSIONS. Madam President, I ask unanimous consent that the order for the quorum call be rescinded. The PRESIDING OFFICER. Without objection, it is so ordered. Mr. SESSIONS. Madam President, we are told that next week we can expect the Department of Homeland Security appropriations bill, which fully funds the Department of Homeland Security and includes the law enforcement priorities that were agreed to on a bipartisan basis in the House--and I think will be approved on a bipartisan basis in the Senate, hammered out in the Senate Appropriations Committee--will be coming to the Senate. The House of Representatives has therefore voted to fund Homeland Security in essentially the way the President has asked for and the Democrats and Republicans agreed on. It is not a perfect bill for everybody, but we have to do those things. We have to agree and fund all the departments and agencies of our government. Yet we now have a statement that our Democratic colleagues are going to block the bill. They apparently intend to say Republicans blocked the bill and that somehow Republicans didn't fund Homeland Security. That is the message they are going to try to promote. They are going to say they want a clean bill. What does a clean bill mean? Is it a bill that funds the Immigration and Nationality Act as was passed by Congress, some 500 pages? It funds the officers and enforcement officials who carry out those duties every day. Does it fund those? Yes, it funds those. What is it that people are complaining about then? What is this clean bill they want to see? I would suggest it is not a clean bill they want. In reality, they want legislation that will fund action by President Obama that violates the Immigration and Nationality Act, actions that he has taken through Executive amnesty. That is the problem we are dealing with. Apparently they believe the President of the United States, who doesn't agree with the way immigration law is written, the way it has been carried out for 30, 40 years--he is not happy with that. He asked the Congress to change it. Congress said: No. He said: I am going to do it anyway. Right across the river from Washington--I am going to lease a building that houses 1,000 new workers--new workers--and those workers are going to process and give out legal status, work permits, Social Security participation, Medicare participation to 5 million people. People who, according to the Immigration and Nationality Act, are unlawfully in the country and are not able to work. Businesses cannot hire somebody who is in the country unlawfully. Is there any country in the world that says it is appropriate for a business to hire somebody who entered that country unlawfully? What kind of logic can support such reasoning? So the President is not an imperial master. He asked Congress and Congress said no, but he wants to go ahead and do it. Our Democratic colleagues are now telling us they are not going to support funding of Homeland Security because Congress--the House of Representatives bill and the bill I think will have a majority in the Senate--will not fund this building, the 1,000 people, and all the other activities that will be needed to execute this unlawful, unconstitutional Executive amnesty. It is through the looking glass. I mean, what world are we in? I was a Federal prosecutor for almost 15 years. They enforce the law, they don't enforce what some President said he would like to see done that is not lawful. Colleagues, this is so serious that the Immigration and Customs Enforcement officials, their association filed a lawsuit, and they challenged the actions of their supervisors telling them not to enforce plain immigration law. They went to Federal court. Has anybody ever heard of that before? This is the equivalent of the FBI for the immigration service. These are first-rate officers. Many of them have been there 20 or 30 years. They say: You are asking us to not enforce the law. They have challenged it in court. I have never heard of anything such as that before. The people in charge of enforcing the law having to go to court to keep from being told not to enforce the law? It is amazing. This bill will not deny a penny of funding. It will not deny any funding for any program, activity or action that is authorized by law. It does not deny funding for any of those programs that are actually authorized by the laws of the United States. In fact, it says: Spend the money, Mr. President, on enforcing and following the law. You cannot spend money unconstitutionally to advocate and create a system of law Congress rejected--an unlawful activity. The Congress of the United States is not helpless when it confronts the President. Colleagues, we have to get out from under our desks. Are we afraid to say to the President of the United States we don't agree with this, and we are not going to fund this? Is that the world we are in? Are we hiding under our desks, that the President may go on television and attack us because we will not agree with his ideas? Surely not, surely not. The Congress has the power to appropriate money. It goes back to the historic development--before America became a nation--that the Parliament took over the power of money from the King. Parliament passed the laws, not the King. We adopted that and we created a constitutional order, instead of a King, to decide how we operate. The Parliament, and the Congress of the United States, was empowered to handle the money. What obligation, colleagues, does this Congress of the United States have to give the President of the United States money to undermine the laws of the United States? What power does he have to compel us to do so? Zero. We should do the right thing. And the right thing is to say: Mr. President, we are willing to consider a form of immigration law, but we didn't approve of this bill. We didn't support your bill last time and we are not going to pass your bill this time. We are going to continue to work to improve immigration law and make it better and serve the national interest of the United States--not special interests, not activist groups and not big businesses, but the average working American's interest. That is who we are going to serve in this process. So why are we afraid to push back on that? It is amazing to me. So I don't think we will. In fact, it is sort of remarkable that this is a bipartisan position that the President has overreached. I am not going to quote the names of Senators. I will be a little bit courteous at this point and just quote some of the statements from all separate Democratic Senators in the last few months when asked about this Executive amnesty by the President. A lot of Senators have never been asked. They are probably thankful they weren't asked. This is what one Senator said: . . . but the President shouldn't make such a significant policy change on his own. Another Democratic Senator: . . . but executive orders aren't the way to do it. Another Senator: I disagree with the President's decision to use executive action to make changes to our immigration system. Another Democratic Senator: I'm disappointed the President decided to use executive action at this time on this issue, as it could poison any hope of compromise or bipartisanship in the new Senate before it has even started. It's Congress' job to pass legislation and deal with issues of this magnitude. Absolutely correct. It is Congress's duty to do this. What about another Democratic Senator: I worry that his taking unilateral action could in fact inflame public opinion, change the subject from immigration to the President. I also have constitutional concerns about where prosecutorial discretion ends and unconstitutional authority begins. A wise quote, I think. Another Senator: I have concerns about executive action . . . This is a job for Congress, and it's time for the House to act. [[Page S669]] Another Democratic Senator: . . . the best way to get a comprehensive solution is to take this through the legislative process. So I would say, colleagues, why would any Senator, Democrat or Republican--when the very integrity of the constitutional powers given to Congress are eroded in a dramatic way by the President of the United States--not want to assert congressional authority? It is important for our constitutional structure, in my view. Well, there we are. We had hearings in the Senate on these issues and on the new nominee for Attorney General. The new nominee said she supports and will actively work for the policy the President established. The Attorney General is the chief law enforcement officer in the land. They take an oath to see that the laws of the United States are faithfully executed. I believe strongly in this. I don't think it is a close question. It is not a close question, colleagues. The President's actions are unlawful. The President's executive actions impose a policy that is detrimental to our ability to ever establish a lawful system of immigration in America. They are against the wishes of the Congress, which rejected this proposal, and they are overwhelmingly in opposition to the views of the American people, as poll after poll has demonstrated. Do the American people have no role in their government? They can't expect their Members of the Senate to vote for legislation that follows the law instead of breaking the law? Aren't they frustrated already that Congress is not following the law, and they are frustrated with the President's failure to follow the law? I think they are. Of course I would like to note that President Obama himself said 20 times he did not have the power to do this. He said, in May of 2008: Congress's job is to pass legislation. The president can veto it or he can sign it . . . I believe in the Constitution and I will obey the Constitution of the United States. We're not going to use signing statements . . . Another time he said: Ultimately, our nation, like all nations, has the right and obligation to control its borders and set laws for residency and citizenship. And no matter how decent they are, no matter their reasons, the 11 million people who broke these laws should be held accountable. October of 2010: I can't simply ignore laws that are out there. On October 25 of 2010, he said: I am president, I am not king. I can't do these things just by myself. We have a system of government that requires the Congress to work with the Executive Branch to make it happen. Well, even King George couldn't act contrary to the laws passed by Parliament. That statement goes on: . . . I just want to repeat, I'm president, I'm not king. If Congress has laws on the books that says that people who are here who are not documented have to be deported, then I can exercise some flexibility in terms of where we deploy our resources . . . but there's a limit to the discretion that I can show because I'm obliged to execute the law. That's what the Executive Branch means. I can't just make the laws up by myself. Well, how true is that? That is absolutely correct. It goes on. There are 20 of these. I could continue, but we will be talking about this as the weeks go on. Now, what do scholars say? Do the scholars say that this action is lawful and that Congress should fund it and we have an obligation to fund it or the President has the right to demand it? Jonathan Turley, who is a Shapiro Professor of Law at George Washington University, a nationally recognized constitutional scholar, testified before Congress many times, most often as a Democratic witness, has said he supports President Obama and voted for him. But he said this: I believe the president has exceeded his brief. The president is required to faithfully execute the laws. He's not required to enforce all laws equally or commit the same resources to them. But I believe the president has crossed the constitutional line . . . He said that again yesterday at the judiciary hearing on the Attorney General. He continues: This goes to the very heart of what is the Madisonian system. If a president can unilaterally change the meaning of laws in substantial ways or refuse to enforce them, it takes offline that very thing that stabilizes our system. I believe the members will loathe the day that they allow that to happen. This will not be the last president. There will be more presidents who will claim the same authority. Well, I think that is pretty significant. Professor Turley is a supporter of President Obama personally, and someone who has been a frequent Democratic witness for Congress. Professor Nicholas Rosenkranz of Georgetown University Law Center, in his testimony yesterday before the Senate Judiciary Committee, said-- and how simple and true is this. It is pretty insightful, frankly: Rather than declining to comply with a duly enacted statute-- The INA. the President has decided to comply meticulously--with a bill that never became law. What a statement that is. And it is absolutely true. He went on to say: Congress has repeatedly considered a statute called the DREAM Act, which would exempt a broad category of aliens from the Immigration and Nationality Act. The President favored this DREAM Act, but Congress repeatedly declined to pass it. It is not in the code. It didn't pass. He goes on to say: Once again, the President does have broad prosecutorial discretion and broad discretion to husband executive resources. But in this case, it is quite clear that the President is not merely trying to conserve resources. . . . To put the point another way, the President shall ``take Care that the Laws''--capital L--``be faithfully executed''--not those bills which fail to become law. Here, in effect, the President is faithfully executing the DREAM Act, which is not law at all, rather than the Immigration and Nationality Act, which is supreme law of the land. The President cannot enact the DREAM Act unilaterally, and he cannot evade article 1, section 7, by pretending that it passed when it did not. How much clearer can you lay it out? This professor is simply telling the truth. There is no other way to look at this, in my opinion. Congress is being challenged at its very core by this action, and the result of this challenge will have constitutional ramifications and it will have ramifications as we consider the relative powers of the executive, legislative, and judicial branches in the years to come. This is not a little matter, colleagues. It really is an affront to constitutional order. We have a duty no matter what we feel about this amnesty that goes well beyond DREAM Act amnesty. We have a constitutional duty to defend the integrity of the Congress against an encroachment of monumental proportions by the President. That is the fundamental issue we will be dealing with when people complain about the funding bill for DHS. David Rivkin, who served two Presidents in the Office of White House Counsel, and Elizabeth Price Foley, a constitutional law professor, wrote an article recently in the Wall Street Journal. It just hammers and devastates the arguments the President is making in favor of his executive amnesty. They say this: By announcing a global policy of nonenforcement against certain categories, Mr. Obama condones unlawful behavior, weakening the law's deterrent impact, and allows lawbreakers to remain without fear of deportation . . . These individuals are no longer deportable although Congress has declared them so. They conclude with a statement we need to consider. I believe their concluding statement is accurate. I think it is pretty much indisputable. And if it is accurate, then Congress has a duty to stand firm. This is what they conclude: The President, after months, finally extracted from the Office of Legal Counsel of the U.S. Department of Justice a memorandum that allows basically what he is trying to do. It has been heavily criticized. Legal scholars say it is a poor analysis in a whole lot of ways. In fact, it is unacceptable. This is what the authors of this recent opinion piece in the Wall Street Journal said: The OLC's memo endorses a view of presidential power that has never been advanced by even the boldest presidential advocates. If this view holds, future presidents can unilaterally gut tax, environmental, labor or securities laws by enforcing only those portions with which they agree. This is a dangerous precedent that cannot be allowed to stand. So this is what is at stake. And now we learn that the Democrats intend to oppose even going forward to consider the House bill that funds the Department of Homeland Security--and they intend to block that through the filibuster. This is what Senator Barbara Mikulski is reported by Congressional Quarterly as saying last night: [[Page S670]] Senator Mikulski tells CQ that Democrats will block the Senate from proceeding to debate the DHS spending bill over immigration riders. Have they made that decision? Surely not. Surely we should move to the bill. If they are unhappy with the language the House put in this, then offer an amendment to take it out. They will have the right to have full amendments, consistent with the rules of the Senate, on this legislation. They can offer amendments to strike the language in the House that simply says we are not going to fund unlawful Executive amnesty. It is a pretty stunning thing that we are dealing with and that we will be confronting next week. I believe it is a position that is untenable. It is untenable constitutionally, it is untenable lawfully, and it is untenable because it is contrary to the will of Republicans and Democrats in the House and Senate who oppose the President's action. It is untenable politically because overwhelmingly the American people reject it. I am flabbergasted that we are now hearing that Democrats might not even allow the bill to come up on the floor. What does that mean? I suppose they will say: Mr. Republican Congress, are you shutting down Homeland Security? Why? I would ask. Well, because you are putting in language that says the President shouldn't go off and create and endorse and support and fund changing of the law of the United States that Congress hasn't changed, and we insist that you fund his activities and give him the money he needs to carry out this project. Then Congress says: No. We don't want to do that. We oppose it and we won't pass the bill that funds Homeland Security. That is a bad thing to do. The American people won't like it that you don't fund Homeland Security, the Republicans may say. And do you know what our Democratic colleagues will say? No. You shut Homeland Security down because you kept the President from doing his activity. We are going to accuse you of not funding Homeland Security, and we are going to say you placed the Nation at risk. The President is going to accuse you of defunding Homeland Security, and he is going to accuse you of putting the country at risk. And the media? Why, they are on our side, and they are going to report it that way. When you turn on your television at night, they are going to say to the American people that Republicans didn't fund Homeland Security, and you are going to lose. Look, we are not through the looking glass yet. Give me a break. That is not going to sell. The American people are not going to buy that and the press is not going to shill for this kind of story. It is going to be clear who is not funding Homeland Security. It is going to be clear who wants to create a lawful system of immigration and to fund it in an effective way and serve the national interests in this fashion. I feel strongly about it. Hopefully this won't happen. Hopefully the report last night is not going to be the position of the Democratic Party. I just read of seven or eight of them who said they don't approve of the President's action. Why would they vote not to even go to a bill? And remember, if the bill comes up and our colleagues don't like this language in it, they can move to alter it or strike it. Let's vote on it. Sometimes you win in this body; sometimes you lose. We lost many times--many on the Republican side--in supporting the Keystone Pipeline. Now we are told the President may veto the bill that has well over 60 votes and many Democrats voting for it. Well, is Congress going to say ``We are going to ignore that'' and ask the law enforcement officers or the other officers to ignore the President's veto and pretend the law passed when it didn't pass? Of course not. And neither can the President. We are coequal branches, and the President does not have the authority and the right and the power to enforce a law that never passed to grant amnesty to people who are unlawfully here. It goes beyond prosecutorial discretion. As I said, I was a prosecutor for a long time. It is not prosecutorial discretion to give someone who is unlawfully in the country a work permit, a photo ID--as they intend to do--a Social Security number, the right to participate in Social Security, the right to work, to take any job in America. What job are they going to take? Who is offering any jobs of any numbers today in America? Not many. So these individuals who are here unlawfully will now be able to go to the trucking company and take a pretty good trucking job or maybe a forklift operator job or maybe they want to work for the county commission. I asked the Attorney General nominee 2 days ago at a hearing would the Department of Justice sue a business that said: Well, we have job openings, but we are going to hire those people who have green cards or who came here lawfully and have a lawful status, but we are not going to hire somebody with temporary Presidential amnesty? Are you going to sue them for some sort of violation of rights? She said she didn't know. They might. She basically said they might sue them. So this is a real danger. The truth is, colleagues, we don't have enough jobs in America today. We have the lowest percentage of Americans actually working, in the working ages, that we have had since the 1970s. It has dropped steadily year after year. There is no doubt that if you bring more people into our country than we have jobs for, it does make it harder. Also, an excess of labor pulls down wages, and things aren't really getting better. Median family wages since 2007 are down $4,000. That is a stunning amount. Wages in December--last month--in America dropped 5 cents an hour. This idea that the economy is on track, everything is wonderful--it is not so wonderful for average working Americans. Their wages went down, not up, as we have been told is happening. This is not going to help. It is going to make that situation worse. Fundamentally, we need a lawful system of immigration that we can be proud of, and somebody needs to be concerned first and foremost about the people we represent. We should be concerned about the people who have immigrated here lawfully. Their wages are down also, in some cases even more so. In fact, they are often competing most directly against unlawful immigrants. I would say this: This is not the right way to do it. We are going to continue to talk about this. I believe the Congress of the United States, once it is really understood what is happening, will listen to the constituents of America. They will decide first and foremost that our duty is to create a lawful system of immigration that is fairly endorsed, that we can be proud of, and that serves the interest of the American people--the national interest. That is what is being overlooked. People are coming from abroad. They want to come to America. We have always had the most generous immigration system in the world, and we believe in immigration. But they should come lawfully and the Congress should help create a system that supports a lawful entry into America. The council that represents the Customs and Immigration Service Officers just January 22nd of this year issued a strong statement. They said: The dedicated immigration service officers and adjudicators at USCIS are in desperate need of help. The President's executive amnesty order for 5 million illegal immigrants places the mission of USCIS in grave peril. Has anybody been listening to them or do they just listen to big business? Do they just listen to activist groups? Do they just listen to lobbyists, politicians with their political schemes to win elections? Is that what they are listening to? They are not listening to the officers who are carrying out the duties. Last fall the same group who represents these government workers--Ken Palinkas, a very able leader, said this: Making matters more dangerous, the Obama administration's executive amnesty, like S. 744 that he unsuccessfully lobbied for, would legalize visa overstays and cause millions additionally to overstay--raising the threat level to America even higher. It goes on with many other points. I thank the Chair for the opportunity to speak. I am very worried that our Democratic colleagues are making a mistake. I think it is the right thing in this new Senate with Majority Leader [[Page S671]] McConnell who has allowed more votes in 1 day than the Republicans got from Senator Reid the entire year last year. We probably doubled the number of votes this year than we had all of last year. The Democrats are saying, we are not even going to go to this bill that would fund Homeland Security. And if we don't go to it, then Homeland Security is not funded. Are they going to block a bill that would fund Homeland Security? Senator McConnell is saying you can have your relevant amendment. If you don't like the language the House put in that says the money can only go to fund lawful activities, then you can vote to take it out and offer an amendment to take it out; but if you don't have the votes, you lose. That is the way the system should work. I thank the Chair and yield the floor. I suggest the absence of a quorum. The PRESIDING OFFICER. The clerk will call the roll. The assistant legislative clerk proceeded to call the roll. Mr. McCONNELL. Madam President, I ask unanimous consent that the order for the quorum call be rescinded. The PRESIDING OFFICER. Without objection, it is so ordered. ____________________",https://api.govinfo.gov/related/CREC-2015-01-30-pt1-PgS667-7,CREC,Proceedings of Congress and General Congressional Publications,2025-03-07T17:22:16Z,Congressional Record,package_114_15.csv,29749,0,29749,"[congressional record volume 161, number 16 (friday, january 30, 2015)] [senate] [pages s667-s671] from the congressional record online through the government publishing office [ www.gpo.gov ] department of homeland security appropriations act, 2015--motion to proceed mr. mcconnell. madam president, i move to proceed to h.r. 240. the presiding officer. the clerk will report the motion. the legislative clerk read as follows: motion to proceed to calendar no. 5, h.r. 240, a bill making appropriations for the department of homeland security for the fiscal year ending september 30, 2015, and for other purposes. cloture motion mr. mcconnell. madam president, i sent a cloture motion to the desk. the presiding officer. the cloture motion having been presented under rule xxii, the chair directs the clerk to read the motion. the legislative clerk read as follows: cloture motion we, the undersigned senators, in accordance with the provisions of rule xxii of the standing rules of the senate, do hereby move to bring to a close debate on the motion to proceed to h.r. 240, making appropriations for the department of homeland security for the fiscal year ending september 30, 2015. mitch mcconnell, john cornyn, richard burr, jerry moran, john thune, johnny isakson, marco rubio, roy blunt, pat roberts, deb fischer, john boozman, david vitter, tim scott, roger f. wicker, richard c. shelby, michael b. enzi, rand paul. mr. mcconnell. i ask unanimous consent that notwithstanding rule xxii, the mandatory quorum be waived and that the vote on the motion to invoke cloture occur at 2:30 p.m. on tuesday, february 3. i further ask that if the motion to invoke cloture is agreed to, all postcloture time be yielded back and the senate proceed to a vote on the motion to proceed to the bill. the presiding officer. without objection, it is so ordered. measures considered by the senate mr. mcconnell. madam president, the senate's passage of the keystone jobs bill is great news for the american people. the senate will soon turn its attention to a few different matters. first, we will be voting on a bipartisan measure that has been championed by the chairs of the veterans' affairs and armed services committees. we lose thousands of our heroes every year to suicide. it is a tragic situation. senators mccain and isakson are leading efforts to do something about it. their legislation would provide more of the mental health and suicide prevention support our veterans deserve. the measure already passed unanimously through the house of representatives. now we hope for a bipartisan outcome on the senate floor. the same should also be said of a second piece of legislation we will consider. it is a debate that will challenge our colleagues on the other side with a simple proposition. do they think presidents of either party should have the power to simply ignore laws they don't like? will our democratic colleagues work with us to defend key democratic ideals such as the separation of powers and the rule of law or will they stand tall with the idea that partisan exercises of raw power are good things? the house-passed bill we will consider would do two things. it would fund the department of homeland security and rein in executive overreach. [[page s668]] that is it. it is simple, and there is no reason for democrats to block it. madam president, i suggest the absence of a quorum. the presiding officer. the clerk will call the roll. the legislative clerk proceeded to call the roll. mr. sessions. madam president, i ask unanimous consent that the order for the quorum call be rescinded. the presiding officer. without objection, it is so ordered. mr. sessions. madam president, we are told that next week we can expect the department of homeland security appropriations bill, which fully funds the department of homeland security and includes the law enforcement priorities that were agreed to on a bipartisan basis in the house--and i think will be approved on a bipartisan basis in the senate, hammered out in the senate appropriations committee--will be coming to the senate. the house of representatives has therefore voted to fund homeland security in essentially the way the president has asked for and the democrats and republicans agreed on. it is not a perfect bill for everybody, but we have to do those things. we have to agree and fund all the departments and agencies of our government. yet we now have a statement that our democratic colleagues are going to block the bill. they apparently intend to say republicans blocked the bill and that somehow republicans didn't fund homeland security. that is the message they are going to try to promote. they are going to say they want a clean bill. what does a clean bill mean? is it a bill that funds the immigration and nationality act as was passed by congress, some 500 pages? it funds the officers and enforcement officials who carry out those duties every day. does it fund those? yes, it funds those. what is it that people are complaining about then? what is this clean bill they want to see? i would suggest it is not a clean bill they want. in reality, they want legislation that will fund action by president obama that violates the immigration and nationality act, actions that he has taken through executive amnesty. that is the problem we are dealing with. apparently they believe the president of the united states, who doesn't agree with the way immigration law is written, the way it has been carried out for 30, 40 years--he is not happy with that. he asked the congress to change it. congress said: no. he said: i am going to do it anyway. right across the river from washington--i am going to lease a building that houses 1,000 new workers--new workers--and those workers are going to process and give out legal status, work permits, social security participation, medicare participation to 5 million people. people who, according to the immigration and nationality act, are unlawfully in the country and are not able to work. businesses cannot hire somebody who is in the country unlawfully. is there any country in the world that says it is appropriate for a business to hire somebody who entered that country unlawfully? what kind of logic can support such reasoning? so the president is not an imperial master. he asked congress and congress said no, but he wants to go ahead and do it. our democratic colleagues are now telling us they are not going to support funding of homeland security because congress--the house of representatives bill and the bill i think will have a majority in the senate--will not fund this building, the 1,000 people, and all the other activities that will be needed to execute this unlawful, unconstitutional executive amnesty. it is through the looking glass. i mean, what world are we in? i was a federal prosecutor for almost 15 years. they enforce the law, they don't enforce what some president said he would like to see done that is not lawful. colleagues, this is so serious that the immigration and customs enforcement officials, their association filed a lawsuit, and they challenged the actions of their supervisors telling them not to enforce plain immigration law. they went to federal court. has anybody ever heard of that before? this is the equivalent of the fbi for the immigration service. these are first-rate officers. many of them have been there 20 or 30 years. they say: you are asking us to not enforce the law. they have challenged it in court. i have never heard of anything such as that before. the people in charge of enforcing the law having to go to court to keep from being told not to enforce the law? it is amazing. this bill will not deny a penny of funding. it will not deny any funding for any program, activity or action that is authorized by law. it does not deny funding for any of those programs that are actually authorized by the laws of the united states. in fact, it says: spend the money, mr. president, on enforcing and following the law. you cannot spend money unconstitutionally to advocate and create a system of law congress rejected--an unlawful activity. the congress of the united states is not helpless when it confronts the president. colleagues, we have to get out from under our desks. are we afraid to say to the president of the united states we don't agree with this, and we are not going to fund this? is that the world we are in? are we hiding under our desks, that the president may go on television and attack us because we will not agree with his ideas? surely not, surely not. the congress has the power to appropriate money. it goes back to the historic development--before america became a nation--that the parliament took over the power of money from the king. parliament passed the laws, not the king. we adopted that and we created a constitutional order, instead of a king, to decide how we operate. the parliament, and the congress of the united states, was empowered to handle the money. what obligation, colleagues, does this congress of the united states have to give the president of the united states money to undermine the laws of the united states? what power does he have to compel us to do so? zero. we should do the right thing. and the right thing is to say: mr. president, we are willing to consider a form of immigration law, but we didn't approve of this bill. we didn't support your bill last time and we are not going to pass your bill this time. we are going to continue to work to improve immigration law and make it better and serve the national interest of the united states--not special interests, not activist groups and not big businesses, but the average working american's interest. that is who we are going to serve in this process. so why are we afraid to push back on that? it is amazing to me. so i don't think we will. in fact, it is sort of remarkable that this is a bipartisan position that the president has overreached. i am not going to quote the names of senators. i will be a little bit courteous at this point and just quote some of the statements from all separate democratic senators in the last few months when asked about this executive amnesty by the president. a lot of senators have never been asked. they are probably thankful they weren't asked. this is what one senator said: . . . but the president shouldn't make such a significant policy change on his own. another democratic senator: . . . but executive orders aren't the way to do it. another senator: i disagree with the president's decision to use executive action to make changes to our immigration system. another democratic senator: i'm disappointed the president decided to use executive action at this time on this issue, as it could poison any hope of compromise or bipartisanship in the new senate before it has even started. it's congress' job to pass legislation and deal with issues of this magnitude. absolutely correct. it is congress's duty to do this. what about another democratic senator: i worry that his taking unilateral action could in fact inflame public opinion, change the subject from immigration to the president. i also have constitutional concerns about where prosecutorial discretion ends and unconstitutional authority begins. a wise quote, i think. another senator: i have concerns about executive action . . . this is a job for congress, and it's time for the house to act. [[page s669]] another democratic senator: . . . the best way to get a comprehensive solution is to take this through the legislative process. so i would say, colleagues, why would any senator, democrat or republican--when the very integrity of the constitutional powers given to congress are eroded in a dramatic way by the president of the united states--not want to assert congressional authority? it is important for our constitutional structure, in my view. well, there we are. we had hearings in the senate on these issues and on the new nominee for attorney general. the new nominee said she supports and will actively work for the policy the president established. the attorney general is the chief law enforcement officer in the land. they take an oath to see that the laws of the united states are faithfully executed. i believe strongly in this. i don't think it is a close question. it is not a close question, colleagues. the president's actions are unlawful. the president's executive actions impose a policy that is detrimental to our ability to ever establish a lawful system of immigration in america. they are against the wishes of the congress, which rejected this proposal, and they are overwhelmingly in opposition to the views of the american people, as poll after poll has demonstrated. do the american people have no role in their government? they can't expect their members of the senate to vote for legislation that follows the law instead of breaking the law? aren't they frustrated already that congress is not following the law, and they are frustrated with the president's failure to follow the law? i think they are. of course i would like to note that president obama himself said 20 times he did not have the power to do this. he said, in may of 2008: congress's job is to pass legislation. the president can veto it or he can sign it . . . i believe in the constitution and i will obey the constitution of the united states. we're not going to use signing statements . . . another time he said: ultimately, our nation, like all nations, has the right and obligation to control its borders and set laws for residency and citizenship. and no matter how decent they are, no matter their reasons, the 11 million people who broke these laws should be held accountable. october of 2010: i can't simply ignore laws that are out there. on october 25 of 2010, he said: i am president, i am not king. i can't do these things just by myself. we have a system of government that requires the congress to work with the executive branch to make it happen. well, even king george couldn't act contrary to the laws passed by parliament. that statement goes on: . . . i just want to repeat, i'm president, i'm not king. if congress has laws on the books that says that people who are here who are not documented have to be deported, then i can exercise some flexibility in terms of where we deploy our resources . . . but there's a limit to the discretion that i can show because i'm obliged to execute the law. that's what the executive branch means. i can't just make the laws up by myself. well, how true is that? that is absolutely correct. it goes on. there are 20 of these. i could continue, but we will be talking about this as the weeks go on. now, what do scholars say? do the scholars say that this action is lawful and that congress should fund it and we have an obligation to fund it or the president has the right to demand it? jonathan turley, who is a shapiro professor of law at george washington university, a nationally recognized constitutional scholar, testified before congress many times, most often as a democratic witness, has said he supports president obama and voted for him. but he said this: i believe the president has exceeded his brief. the president is required to faithfully execute the laws. he's not required to enforce all laws equally or commit the same resources to them. but i believe the president has crossed the constitutional line . . . he said that again yesterday at the judiciary hearing on the attorney general. he continues: this goes to the very heart of what is the madisonian system. if a president can unilaterally change the meaning of laws in substantial ways or refuse to enforce them, it takes offline that very thing that stabilizes our system. i believe the members will loathe the day that they allow that to happen. this will not be the last president. there will be more presidents who will claim the same authority. well, i think that is pretty significant. professor turley is a supporter of president obama personally, and someone who has been a frequent democratic witness for congress. professor nicholas rosenkranz of georgetown university law center, in his testimony yesterday before the senate judiciary committee, said-- and how simple and true is this. it is pretty insightful, frankly: rather than declining to comply with a duly enacted statute-- the ina. the president has decided to comply meticulously--with a bill that never became law. what a statement that is. and it is absolutely true. he went on to say: congress has repeatedly considered a statute called the dream act, which would exempt a broad category of aliens from the immigration and nationality act. the president favored this dream act, but congress repeatedly declined to pass it. it is not in the code. it didn't pass. he goes on to say: once again, the president does have broad prosecutorial discretion and broad discretion to husband executive resources. but in this case, it is quite clear that the president is not merely trying to conserve resources. . . . to put the point another way, the president shall ``take care that the laws''--capital l--``be faithfully executed''--not those bills which fail to become law. here, in effect, the president is faithfully executing the dream act, which is not law at all, rather than the immigration and nationality act, which is supreme law of the land. the president cannot enact the dream act unilaterally, and he cannot evade article 1, section 7, by pretending that it passed when it did not. how much clearer can you lay it out? this professor is simply telling the truth. there is no other way to look at this, in my opinion. congress is being challenged at its very core by this action, and the result of this challenge will have constitutional ramifications and it will have ramifications as we consider the relative powers of the executive, legislative, and judicial branches in the years to come. this is not a little matter, colleagues. it really is an affront to constitutional order. we have a duty no matter what we feel about this amnesty that goes well beyond dream act amnesty. we have a constitutional duty to defend the integrity of the congress against an encroachment of monumental proportions by the president. that is the fundamental issue we will be dealing with when people complain about the funding bill for dhs. david rivkin, who served two presidents in the office of white house counsel, and elizabeth price foley, a constitutional law professor, wrote an article recently in the wall street journal. it just hammers and devastates the arguments the president is making in favor of his executive amnesty. they say this: by announcing a global policy of nonenforcement against certain categories, mr. obama condones unlawful behavior, weakening the law's deterrent impact, and allows lawbreakers to remain without fear of deportation . . . these individuals are no longer deportable although congress has declared them so. they conclude with a statement we need to consider. i believe their concluding statement is accurate. i think it is pretty much indisputable. and if it is accurate, then congress has a duty to stand firm. this is what they conclude: the president, after months, finally extracted from the office of legal counsel of the u.s. department of justice a memorandum that allows basically what he is trying to do. it has been heavily criticized. legal scholars say it is a poor analysis in a whole lot of ways. in fact, it is unacceptable. this is what the authors of this recent opinion piece in the wall street journal said: the olc's memo endorses a view of presidential power that has never been advanced by even the boldest presidential advocates. if this view holds, future presidents can unilaterally gut tax, environmental, labor or securities laws by enforcing only those portions with which they agree. this is a dangerous precedent that cannot be allowed to stand. so this is what is at stake. and now we learn that the democrats intend to oppose even going forward to consider the house bill that funds the department of homeland security--and they intend to block that through the filibuster. this is what senator barbara mikulski is reported by congressional quarterly as saying last night: [[page s670]] senator mikulski tells cq that democrats will block the senate from proceeding to debate the dhs spending bill over immigration riders. have they made that decision? surely not. surely we should move to the bill. if they are unhappy with the language the house put in this, then offer an amendment to take it out. they will have the right to have full amendments, consistent with the rules of the senate, on this legislation. they can offer amendments to strike the language in the house that simply says we are not going to fund unlawful executive amnesty. it is a pretty stunning thing that we are dealing with and that we will be confronting next week. i believe it is a position that is untenable. it is untenable constitutionally, it is untenable lawfully, and it is untenable because it is contrary to the will of republicans and democrats in the house and senate who oppose the president's action. it is untenable politically because overwhelmingly the american people reject it. i am flabbergasted that we are now hearing that democrats might not even allow the bill to come up on the floor. what does that mean? i suppose they will say: mr. republican congress, are you shutting down homeland security? why? i would ask. well, because you are putting in language that says the president shouldn't go off and create and endorse and support and fund changing of the law of the united states that congress hasn't changed, and we insist that you fund his activities and give him the money he needs to carry out this project. then congress says: no. we don't want to do that. we oppose it and we won't pass the bill that funds homeland security. that is a bad thing to do. the american people won't like it that you don't fund homeland security, the republicans may say. and do you know what our democratic colleagues will say? no. you shut homeland security down because you kept the president from doing his activity. we are going to accuse you of not funding homeland security, and we are going to say you placed the nation at risk. the president is going to accuse you of defunding homeland security, and he is going to accuse you of putting the country at risk. and the media? why, they are on our side, and they are going to report it that way. when you turn on your television at night, they are going to say to the american people that republicans didn't fund homeland security, and you are going to lose. look, we are not through the looking glass yet. give me a break. that is not going to sell. the american people are not going to buy that and the press is not going to shill for this kind of story. it is going to be clear who is not funding homeland security. it is going to be clear who wants to create a lawful system of immigration and to fund it in an effective way and serve the national interests in this fashion. i feel strongly about it. hopefully this won't happen. hopefully the report last night is not going to be the position of the democratic party. i just read of seven or eight of them who said they don't approve of the president's action. why would they vote not to even go to a bill? and remember, if the bill comes up and our colleagues don't like this language in it, they can move to alter it or strike it. let's vote on it. sometimes you win in this body; sometimes you lose. we lost many times--many on the republican side--in supporting the keystone pipeline. now we are told the president may veto the bill that has well over 60 votes and many democrats voting for it. well, is congress going to say ``we are going to ignore that'' and ask the law enforcement officers or the other officers to ignore the president's veto and pretend the law passed when it didn't pass? of course not. and neither can the president. we are coequal branches, and the president does not have the authority and the right and the power to enforce a law that never passed to grant amnesty to people who are unlawfully here. it goes beyond prosecutorial discretion. as i said, i was a prosecutor for a long time. it is not prosecutorial discretion to give someone who is unlawfully in the country a work permit, a photo id--as they intend to do--a social security number, the right to participate in social security, the right to work, to take any job in america. what job are they going to take? who is offering any jobs of any numbers today in america? not many. so these individuals who are here unlawfully will now be able to go to the trucking company and take a pretty good trucking job or maybe a forklift operator job or maybe they want to work for the county commission. i asked the attorney general nominee 2 days ago at a hearing would the department of justice sue a business that said: well, we have job openings, but we are going to hire those people who have green cards or who came here lawfully and have a lawful status, but we are not going to hire somebody with temporary presidential amnesty? are you going to sue them for some sort of violation of rights? she said she didn't know. they might. she basically said they might sue them. so this is a real danger. the truth is, colleagues, we don't have enough jobs in america today. we have the lowest percentage of americans actually working, in the working ages, that we have had since the 1970s. it has dropped steadily year after year. there is no doubt that if you bring more people into our country than we have jobs for, it does make it harder. also, an excess of labor pulls down wages, and things aren't really getting better. median family wages since 2007 are down $4,000. that is a stunning amount. wages in december--last month--in america dropped 5 cents an hour. this idea that the economy is on track, everything is wonderful--it is not so wonderful for average working americans. their wages went down, not up, as we have been told is happening. this is not going to help. it is going to make that situation worse. fundamentally, we need a lawful system of immigration that we can be proud of, and somebody needs to be concerned first and foremost about the people we represent. we should be concerned about the people who have immigrated here lawfully. their wages are down also, in some cases even more so. in fact, they are often competing most directly against unlawful immigrants. i would say this: this is not the right way to do it. we are going to continue to talk about this. i believe the congress of the united states, once it is really understood what is happening, will listen to the constituents of america. they will decide first and foremost that our duty is to create a lawful system of immigration that is fairly endorsed, that we can be proud of, and that serves the interest of the american people--the national interest. that is what is being overlooked. people are coming from abroad. they want to come to america. we have always had the most generous immigration system in the world, and we believe in immigration. but they should come lawfully and the congress should help create a system that supports a lawful entry into america. the council that represents the customs and immigration service officers just january 22nd of this year issued a strong statement. they said: the dedicated immigration service officers and adjudicators at uscis are in desperate need of help. the president's executive amnesty order for 5 million illegal immigrants places the mission of uscis in grave peril. has anybody been listening to them or do they just listen to big business? do they just listen to activist groups? do they just listen to lobbyists, politicians with their political schemes to win elections? is that what they are listening to? they are not listening to the officers who are carrying out the duties. last fall the same group who represents these government workers--ken palinkas, a very able leader, said this: making matters more dangerous, the obama administration's executive amnesty, like s. 744 that he unsuccessfully lobbied for, would legalize visa overstays and cause millions additionally to overstay--raising the threat level to america even higher. it goes on with many other points. i thank the chair for the opportunity to speak. i am very worried that our democratic colleagues are making a mistake. i think it is the right thing in this new senate with majority leader [[page s671]] mcconnell who has allowed more votes in 1 day than the republicans got from senator reid the entire year last year. we probably doubled the number of votes this year than we had all of last year. the democrats are saying, we are not even going to go to this bill that would fund homeland security. and if we don't go to it, then homeland security is not funded. are they going to block a bill that would fund homeland security? senator mcconnell is saying you can have your relevant amendment. if you don't like the language the house put in that says the money can only go to fund lawful activities, then you can vote to take it out and offer an amendment to take it out; but if you don't have the votes, you lose. that is the way the system should work. i thank the chair and yield the floor. i suggest the absence of a quorum. the presiding officer. the clerk will call the roll. the assistant legislative clerk proceeded to call the roll. mr. mcconnell. madam president, i ask unanimous consent that the order for the quorum call be rescinded. the presiding officer. without objection, it is so ordered. ____________________",29749
CREC-2015-01-30-pt1-PgS672,CREC-2015-01-30,2015-01-30,ADDITIONAL STATEMENTS,CREC,SENATE,S,S,1,https://www.govinfo.gov/app/details/CREC-2015-01-30/CREC-2015-01-30-pt1-PgS672,https://api.govinfo.gov/packages/CREC-2015-01-30/granules/CREC-2015-01-30-pt1-PgS672/htm,https://api.govinfo.gov/packages/CREC-2015-01-30/granules/CREC-2015-01-30-pt1-PgS672/pdf,https://api.govinfo.gov/packages/CREC-2015-01-30/summary,"[Congressional Record Volume 161, Number 16 (Friday, January 30, 2015)] [Senate] [Pages S672-S673] From the Congressional Record Online through the Government Publishing Office [ www.gpo.gov ] ADDITIONAL STATEMENTS ______ RECOGNIZING BILLY'S BOUDIN & CRACKLIN Mr. VITTER. Madam President, many of our Nation's small businesses are well-regarded for their ability to truly showcase the local culture, food, and heritage. Small businesses have a unique perspective and opportunity to take advantage of local recipes, ingredients, and flavor profiles that allow them to provide regional favorites for residents and tourists. Without a doubt, one of the most remarkable aspects of Louisiana is our delicious, extraordinary cuisine. This week, I would like to recognize this truly special piece of Louisiana culture by honoring Billy's Boudin & Cracklin of Krotz Springs, LA, as the Small Business of the Week. South Louisiana has created its own genre of Louisiana cooking. With traditions and recipes handed down through the generations, the charm and flavor of Acadiana is undeniable. Billy's Boudin & Cracklin was originally founded in 1995 as a convenience store. It was not long, however, before Billy Frey and his father-in-law decided they needed to incorporate something in their store to set them apart from the competition. The brilliant addition of a family boudin recipe bolstered the success of their store to what we know today. Two short years later, Billy expanded their thriving business to the nearby city of Opelousas and purchased a popular local grocery store, Ray's, to establish Billy and Ray's Boudin. Maintaining the local charm, the Frey's purchased Ray's secret boudin recipe and added it right onto the new store's menu. Recently, the business expanded once again to the ``Boudin Capitol of the World'' in Scott, LA. What started out as a small convenient store has turned into a regional favorite, with over 3,000 pounds of boudin made daily between the three stores. In addition to the original boudin links, Billy's offers boudin in the form of balls, pistollettes, rollups, and sandwiches. They also have shipping options so nonlocals can enjoy authentic Cajun boudin and cracklins from across the country. The Boudin Balls have become a signature of the business, with around 1.7 million of the regular and pepperjack-filled balls sold yearly. The famous boudin recipe is so coveted that [[Page S673]] only a select few people are in the know. In fact, this is taken so seriously that each member of the staff must sign confidentiality agreements before learning the family secret. After 20 years of thriving business in the area, it is no surprise that the Lafayette Daily Advertiser awarded Billy's Boudin & Cracklin as one of the ``Best Boudin'' places in their annual ``Best of Acadiana'' contest last year. It is great to see small businesses like this share our State's rich traditions with both Louisianians and nonlocals. Congratulations again to Billy's Boudin & Cracklin for being honored as this week's Small Business of the Week. I look forward to trying their delicious boudin soon. ____________________",,"[Congressional Record Volume 161, Number 16 (Friday, January 30, 2015)] [Senate] [Pages S672-S673] From the Congressional Record Online through the Government Publishing Office [ www.gpo.gov ] ADDITIONAL STATEMENTS ______ RECOGNIZING BILLY'S BOUDIN & CRACKLIN Mr. VITTER. Madam President, many of our Nation's small businesses are well-regarded for their ability to truly showcase the local culture, food, and heritage. Small businesses have a unique perspective and opportunity to take advantage of local recipes, ingredients, and flavor profiles that allow them to provide regional favorites for residents and tourists. Without a doubt, one of the most remarkable aspects of Louisiana is our delicious, extraordinary cuisine. This week, I would like to recognize this truly special piece of Louisiana culture by honoring Billy's Boudin & Cracklin of Krotz Springs, LA, as the Small Business of the Week. South Louisiana has created its own genre of Louisiana cooking. With traditions and recipes handed down through the generations, the charm and flavor of Acadiana is undeniable. Billy's Boudin & Cracklin was originally founded in 1995 as a convenience store. It was not long, however, before Billy Frey and his father-in-law decided they needed to incorporate something in their store to set them apart from the competition. The brilliant addition of a family boudin recipe bolstered the success of their store to what we know today. Two short years later, Billy expanded their thriving business to the nearby city of Opelousas and purchased a popular local grocery store, Ray's, to establish Billy and Ray's Boudin. Maintaining the local charm, the Frey's purchased Ray's secret boudin recipe and added it right onto the new store's menu. Recently, the business expanded once again to the ``Boudin Capitol of the World'' in Scott, LA. What started out as a small convenient store has turned into a regional favorite, with over 3,000 pounds of boudin made daily between the three stores. In addition to the original boudin links, Billy's offers boudin in the form of balls, pistollettes, rollups, and sandwiches. They also have shipping options so nonlocals can enjoy authentic Cajun boudin and cracklins from across the country. The Boudin Balls have become a signature of the business, with around 1.7 million of the regular and pepperjack-filled balls sold yearly. The famous boudin recipe is so coveted that [[Page S673]] only a select few people are in the know. In fact, this is taken so seriously that each member of the staff must sign confidentiality agreements before learning the family secret. After 20 years of thriving business in the area, it is no surprise that the Lafayette Daily Advertiser awarded Billy's Boudin & Cracklin as one of the ``Best Boudin'' places in their annual ``Best of Acadiana'' contest last year. It is great to see small businesses like this share our State's rich traditions with both Louisianians and nonlocals. Congratulations again to Billy's Boudin & Cracklin for being honored as this week's Small Business of the Week. I look forward to trying their delicious boudin soon. ____________________",https://api.govinfo.gov/related/CREC-2015-01-30-pt1-PgS672,CREC,Proceedings of Congress and General Congressional Publications,2025-03-07T17:22:16Z,Congressional Record,package_114_15.csv,3145,0,3145,"[congressional record volume 161, number 16 (friday, january 30, 2015)] [senate] [pages s672-s673] from the congressional record online through the government publishing office [ www.gpo.gov ] additional statements ______ recognizing billy's boudin & cracklin mr. vitter. madam president, many of our nation's small businesses are well-regarded for their ability to truly showcase the local culture, food, and heritage. small businesses have a unique perspective and opportunity to take advantage of local recipes, ingredients, and flavor profiles that allow them to provide regional favorites for residents and tourists. without a doubt, one of the most remarkable aspects of louisiana is our delicious, extraordinary cuisine. this week, i would like to recognize this truly special piece of louisiana culture by honoring billy's boudin & cracklin of krotz springs, la, as the small business of the week. south louisiana has created its own genre of louisiana cooking. with traditions and recipes handed down through the generations, the charm and flavor of acadiana is undeniable. billy's boudin & cracklin was originally founded in 1995 as a convenience store. it was not long, however, before billy frey and his father-in-law decided they needed to incorporate something in their store to set them apart from the competition. the brilliant addition of a family boudin recipe bolstered the success of their store to what we know today. two short years later, billy expanded their thriving business to the nearby city of opelousas and purchased a popular local grocery store, ray's, to establish billy and ray's boudin. maintaining the local charm, the frey's purchased ray's secret boudin recipe and added it right onto the new store's menu. recently, the business expanded once again to the ``boudin capitol of the world'' in scott, la. what started out as a small convenient store has turned into a regional favorite, with over 3,000 pounds of boudin made daily between the three stores. in addition to the original boudin links, billy's offers boudin in the form of balls, pistollettes, rollups, and sandwiches. they also have shipping options so nonlocals can enjoy authentic cajun boudin and cracklins from across the country. the boudin balls have become a signature of the business, with around 1.7 million of the regular and pepperjack-filled balls sold yearly. the famous boudin recipe is so coveted that [[page s673]] only a select few people are in the know. in fact, this is taken so seriously that each member of the staff must sign confidentiality agreements before learning the family secret. after 20 years of thriving business in the area, it is no surprise that the lafayette daily advertiser awarded billy's boudin & cracklin as one of the ``best boudin'' places in their annual ``best of acadiana'' contest last year. it is great to see small businesses like this share our state's rich traditions with both louisianians and nonlocals. congratulations again to billy's boudin & cracklin for being honored as this week's small business of the week. i look forward to trying their delicious boudin soon. ____________________",3145
CREC-2015-01-30-pt1-PgS673-2,CREC-2015-01-30,2015-01-30,SUBMISSION OF CONCURRENT AND SENATE RESOLUTIONS,CREC,SENATE,S,S,1,https://www.govinfo.gov/app/details/CREC-2015-01-30/CREC-2015-01-30-pt1-PgS673-2,https://api.govinfo.gov/packages/CREC-2015-01-30/granules/CREC-2015-01-30-pt1-PgS673-2/htm,https://api.govinfo.gov/packages/CREC-2015-01-30/granules/CREC-2015-01-30-pt1-PgS673-2/pdf,https://api.govinfo.gov/packages/CREC-2015-01-30/summary,"[Congressional Record Volume 161, Number 16 (Friday, January 30, 2015)] [Senate] [Page S673] From the Congressional Record Online through the Government Publishing Office [ www.gpo.gov ] SUBMISSION OF CONCURRENT AND SENATE RESOLUTIONS The following concurrent resolutions and Senate resolutions were read, and referred (or acted upon), as indicated: By Ms. KLOBUCHAR (for herself and Mr. Perdue): S. Res. 59. A resolution raising awareness and encouraging prevention of stalking by designating January 2015 as ``National Stalking Awareness Month'' ; considered and agreed to. By Mrs. FEINSTEIN (for herself, Mr. Kirk, Mr. Leahy, Mr. Toomey, Ms. Klobuchar, Mr. Coons, Mrs. Murray, Mr. Wyden, Mr. Brown, Mrs. Shaheen, Mrs. Gillibrand, Mr. Kaine, Ms. Heitkamp, Mr. King, Mr. Markey, Mr. Isakson, and Mr. Rubio): S. Res. 60. A resolution supporting the goals and ideals of observing the National Slavery and Trafficking Prevention Month from January 1 through February 1, 2015, to raise awareness of, and opposition to, modern slavery; considered and agreed to. ____________________",,"[Congressional Record Volume 161, Number 16 (Friday, January 30, 2015)] [Senate] [Page S673] From the Congressional Record Online through the Government Publishing Office [ www.gpo.gov ] SUBMISSION OF CONCURRENT AND SENATE RESOLUTIONS The following concurrent resolutions and Senate resolutions were read, and referred (or acted upon), as indicated: By Ms. KLOBUCHAR (for herself and Mr. Perdue): S. Res. 59. A resolution raising awareness and encouraging prevention of stalking by designating January 2015 as ``National Stalking Awareness Month'' ; considered and agreed to. By Mrs. FEINSTEIN (for herself, Mr. Kirk, Mr. Leahy, Mr. Toomey, Ms. Klobuchar, Mr. Coons, Mrs. Murray, Mr. Wyden, Mr. Brown, Mrs. Shaheen, Mrs. Gillibrand, Mr. Kaine, Ms. Heitkamp, Mr. King, Mr. Markey, Mr. Isakson, and Mr. Rubio): S. Res. 60. A resolution supporting the goals and ideals of observing the National Slavery and Trafficking Prevention Month from January 1 through February 1, 2015, to raise awareness of, and opposition to, modern slavery; considered and agreed to. ____________________",https://api.govinfo.gov/related/CREC-2015-01-30-pt1-PgS673-2,CREC,Proceedings of Congress and General Congressional Publications,2025-03-07T17:22:16Z,Congressional Record,package_114_15.csv,1078,0,1078,"[congressional record volume 161, number 16 (friday, january 30, 2015)] [senate] [page s673] from the congressional record online through the government publishing office [ www.gpo.gov ] submission of concurrent and senate resolutions the following concurrent resolutions and senate resolutions were read, and referred (or acted upon), as indicated: by ms. klobuchar (for herself and mr. perdue): s. res. 59. a resolution raising awareness and encouraging prevention of stalking by designating january 2015 as ``national stalking awareness month'' ; considered and agreed to. by mrs. feinstein (for herself, mr. kirk, mr. leahy, mr. toomey, ms. klobuchar, mr. coons, mrs. murray, mr. wyden, mr. brown, mrs. shaheen, mrs. gillibrand, mr. kaine, ms. heitkamp, mr. king, mr. markey, mr. isakson, and mr. rubio): s. res. 60. a resolution supporting the goals and ideals of observing the national slavery and trafficking prevention month from january 1 through february 1, 2015, to raise awareness of, and opposition to, modern slavery; considered and agreed to. ____________________",1078
CREC-2015-01-30-pt1-PgS673,CREC-2015-01-30,2015-01-30,INTRODUCTION OF BILLS AND JOINT RESOLUTIONS,CREC,SENATE,S,S,1,https://www.govinfo.gov/app/details/CREC-2015-01-30/CREC-2015-01-30-pt1-PgS673,https://api.govinfo.gov/packages/CREC-2015-01-30/granules/CREC-2015-01-30-pt1-PgS673/htm,https://api.govinfo.gov/packages/CREC-2015-01-30/granules/CREC-2015-01-30-pt1-PgS673/pdf,https://api.govinfo.gov/packages/CREC-2015-01-30/summary,"[Congressional Record Volume 161, Number 16 (Friday, January 30, 2015)] [Senate] [Page S673] From the Congressional Record Online through the Government Publishing Office [ www.gpo.gov ] INTRODUCTION OF BILLS AND JOINT RESOLUTIONS The following bills and joint resolutions were introduced, read the first and second times by unanimous consent, and referred as indicated: By Mr. ENZI (for himself and Mr. Nelson): S. 324. A bill to amend the Internal Revenue Code of 1986 to modify the rules relating to loans made from a qualified employer plan, and for other purposes; to the Committee on Finance. By Mr. KIRK (for himself and Mr. Booker): S. 325. A bill to use amounts provided for the Fund for the Improvement of Education to establish a pilot program that supports year-round public elementary schools and secondary schools; to the Committee on Health, Education, Labor, and Pensions. By Mr. FLAKE (for himself, Mr. McCain, Mr. Crapo, Mr. Risch, Mr. Heinrich, Mr. Heller, Mr. Barrasso, Mr. Bennet, and Mr. Tester): S. 326. A bill to amend the Healthy Forests Restoration Act of 2003 to provide cancellation ceilings for stewardship end result contracting projects, and for other purposes; to the Committee on Energy and Natural Resources. ____________________",,"[Congressional Record Volume 161, Number 16 (Friday, January 30, 2015)] [Senate] [Page S673] From the Congressional Record Online through the Government Publishing Office [ www.gpo.gov ] INTRODUCTION OF BILLS AND JOINT RESOLUTIONS The following bills and joint resolutions were introduced, read the first and second times by unanimous consent, and referred as indicated: By Mr. ENZI (for himself and Mr. Nelson): S. 324. A bill to amend the Internal Revenue Code of 1986 to modify the rules relating to loans made from a qualified employer plan, and for other purposes; to the Committee on Finance. By Mr. KIRK (for himself and Mr. Booker): S. 325. A bill to use amounts provided for the Fund for the Improvement of Education to establish a pilot program that supports year-round public elementary schools and secondary schools; to the Committee on Health, Education, Labor, and Pensions. By Mr. FLAKE (for himself, Mr. McCain, Mr. Crapo, Mr. Risch, Mr. Heinrich, Mr. Heller, Mr. Barrasso, Mr. Bennet, and Mr. Tester): S. 326. A bill to amend the Healthy Forests Restoration Act of 2003 to provide cancellation ceilings for stewardship end result contracting projects, and for other purposes; to the Committee on Energy and Natural Resources. ____________________",https://api.govinfo.gov/related/CREC-2015-01-30-pt1-PgS673,CREC,Proceedings of Congress and General Congressional Publications,2025-03-07T17:22:16Z,Congressional Record,package_114_15.csv,1263,0,1263,"[congressional record volume 161, number 16 (friday, january 30, 2015)] [senate] [page s673] from the congressional record online through the government publishing office [ www.gpo.gov ] introduction of bills and joint resolutions the following bills and joint resolutions were introduced, read the first and second times by unanimous consent, and referred as indicated: by mr. enzi (for himself and mr. nelson): s. 324. a bill to amend the internal revenue code of 1986 to modify the rules relating to loans made from a qualified employer plan, and for other purposes; to the committee on finance. by mr. kirk (for himself and mr. booker): s. 325. a bill to use amounts provided for the fund for the improvement of education to establish a pilot program that supports year-round public elementary schools and secondary schools; to the committee on health, education, labor, and pensions. by mr. flake (for himself, mr. mccain, mr. crapo, mr. risch, mr. heinrich, mr. heller, mr. barrasso, mr. bennet, and mr. tester): s. 326. a bill to amend the healthy forests restoration act of 2003 to provide cancellation ceilings for stewardship end result contracting projects, and for other purposes; to the committee on energy and natural resources. ____________________",1263
CREC-2015-01-30-pt1-PgS673-3,CREC-2015-01-30,2015-01-30,ADDITIONAL COSPONSORS,CREC,SENATE,S,S,1,https://www.govinfo.gov/app/details/CREC-2015-01-30/CREC-2015-01-30-pt1-PgS673-3,https://api.govinfo.gov/packages/CREC-2015-01-30/granules/CREC-2015-01-30-pt1-PgS673-3/htm,https://api.govinfo.gov/packages/CREC-2015-01-30/granules/CREC-2015-01-30-pt1-PgS673-3/pdf,https://api.govinfo.gov/packages/CREC-2015-01-30/summary,"[Congressional Record Volume 161, Number 16 (Friday, January 30, 2015)] [Senate] [Page S673] From the Congressional Record Online through the Government Publishing Office [ www.gpo.gov ] ADDITIONAL COSPONSORS S. 275 At the request of Mr. Isakson, the name of the Senator from Ohio (Mr. Portman) was added as a cosponsor of S. 275, a bill to amend title XVIII of the Social Security Act to provide for the coverage of home as a site of care for infusion therapy under the Medicare program. S. 286 At the request of Mr. Barrasso, the names of the Senator from Hawaii (Mr. Schatz) and the Senator from Idaho (Mr. Crapo) were added as cosponsors of S. 286, a bill to amend the Indian Self-Determination and Education Assistance Act to provide further self-governance by Indian tribes, and for other purposes. S. 297 At the request of Mr. Kirk, the name of the Senator from South Carolina (Mr. Scott) was added as a cosponsor of S. 297, a bill to revive and expand the Intermediate Care Technician Pilot Program of the Department of Veterans Affairs, and for other purposes. ____________________",,"[Congressional Record Volume 161, Number 16 (Friday, January 30, 2015)] [Senate] [Page S673] From the Congressional Record Online through the Government Publishing Office [ www.gpo.gov ] ADDITIONAL COSPONSORS S. 275 At the request of Mr. Isakson, the name of the Senator from Ohio (Mr. Portman) was added as a cosponsor of S. 275, a bill to amend title XVIII of the Social Security Act to provide for the coverage of home as a site of care for infusion therapy under the Medicare program. S. 286 At the request of Mr. Barrasso, the names of the Senator from Hawaii (Mr. Schatz) and the Senator from Idaho (Mr. Crapo) were added as cosponsors of S. 286, a bill to amend the Indian Self-Determination and Education Assistance Act to provide further self-governance by Indian tribes, and for other purposes. S. 297 At the request of Mr. Kirk, the name of the Senator from South Carolina (Mr. Scott) was added as a cosponsor of S. 297, a bill to revive and expand the Intermediate Care Technician Pilot Program of the Department of Veterans Affairs, and for other purposes. ____________________",https://api.govinfo.gov/related/CREC-2015-01-30-pt1-PgS673-3,CREC,Proceedings of Congress and General Congressional Publications,2025-03-07T17:22:16Z,Congressional Record,package_114_15.csv,1090,0,1090,"[congressional record volume 161, number 16 (friday, january 30, 2015)] [senate] [page s673] from the congressional record online through the government publishing office [ www.gpo.gov ] additional cosponsors s. 275 at the request of mr. isakson, the name of the senator from ohio (mr. portman) was added as a cosponsor of s. 275, a bill to amend title xviii of the social security act to provide for the coverage of home as a site of care for infusion therapy under the medicare program. s. 286 at the request of mr. barrasso, the names of the senator from hawaii (mr. schatz) and the senator from idaho (mr. crapo) were added as cosponsors of s. 286, a bill to amend the indian self-determination and education assistance act to provide further self-governance by indian tribes, and for other purposes. s. 297 at the request of mr. kirk, the name of the senator from south carolina (mr. scott) was added as a cosponsor of s. 297, a bill to revive and expand the intermediate care technician pilot program of the department of veterans affairs, and for other purposes. ____________________",1090
CREC-2015-01-30-pt1-PgS673-4,CREC-2015-01-30,2015-01-30,SUBMITTED RESOLUTIONS,CREC,SENATE,S,S,1,https://www.govinfo.gov/app/details/CREC-2015-01-30/CREC-2015-01-30-pt1-PgS673-4,https://api.govinfo.gov/packages/CREC-2015-01-30/granules/CREC-2015-01-30-pt1-PgS673-4/htm,https://api.govinfo.gov/packages/CREC-2015-01-30/granules/CREC-2015-01-30-pt1-PgS673-4/pdf,https://api.govinfo.gov/packages/CREC-2015-01-30/summary,"[Congressional Record Volume 161, Number 16 (Friday, January 30, 2015)] [Senate] [Page S673] From the Congressional Record Online through the Government Publishing Office [ www.gpo.gov ] SUBMITTED RESOLUTIONS ______ SENATE RESOLUTION 59--RAISING AWARENESS AND ENCOURAGING PREVENTION OF STALKING BY DESIGNATING JANUARY 2015 AS ``NATIONAL STALKING AWARENESS MONTH'' Ms. KLOBUCHAR (for herself and Mr. Perdue) submitted the following resolution; which was considered and agreed to: S. Res. 59 Whereas 1 in 6, or 19,200,000, women in the United States have at some point during their lifetime experienced stalking victimization, during which they felt very fearful or believed that they or someone close to them would be harmed or killed; Whereas, during a 1-year period, an estimated 3,400,000 persons in the United States reported that they had been victims of stalking, and 75 percent of those victims reported that they had been stalked by someone they knew; Whereas 11 percent of victims reported having been stalked for more than 5 years, and 23 percent of victims reported having been stalked almost every day; Whereas 1 in 4 victims reported that stalkers had used email, instant messaging, blogs, bulletin boards, Internet sites, chat rooms, or other forms of electronic monitoring against them, and 1 in 13 victims reported that stalkers had used electronic devices to monitor them; Whereas stalking victims are forced to take drastic measures to protect themselves, including changing identity, relocating, changing jobs, and obtaining protection orders; Whereas 1 in 7 victims reported having relocated in an effort to escape a stalker; Whereas approximately 1 in 8 employed victims of stalking missed work because they feared for their safety or were taking steps to protect themselves, such as by seeking a restraining order; Whereas less than 50 percent of victims reported stalking to police, and only 7 percent of victims contacted a victim service provider, shelter, or hotline; Whereas stalking is a crime under Federal law and under the laws of all 50 States, the District of Columbia, and the territories of the United States; Whereas stalking affects victims of every race, age, culture, gender, sexual orientation, physical and mental ability, and economic status; Whereas national organizations, local victim service organizations, campuses, prosecutor's offices, and police departments stand ready to assist stalking victims and are working diligently to develop effective and innovative responses to stalking; Whereas there is a need to improve the response of the criminal justice system to stalking through more aggressive investigation and prosecution; Whereas there is a need for increased availability of victim services across the United States, and such services must include programs tailored to meet the needs of stalking victims; Whereas persons aged 18 to 24 experience the highest rates of stalking victimization, and rates of stalking among college students exceed the prevalence rates found in the general population; Whereas as many as 75 percent of women in college who experience stalking-related behavior experience other forms of victimization, including sexual or physical victimization, or both; Whereas there is a need for effective responses to stalking on campuses; and Whereas the Senate finds that ``National Stalking Awareness Month'' provides an opportunity to educate the people of the United States about stalking: Now, therefore, be it Resolved, That the Senate-- (1) designates January 2015 as ``National Stalking Awareness Month''; (2) applauds the efforts of the many stalking victim service providers, police, prosecutors, national and community organizations, campuses, and private sector supporters to promote awareness of stalking; (3) encourages policymakers, criminal justice officials, victim service and human service agencies, college campuses and universities, and nonprofit organizations to increase awareness of stalking and the availability of services for stalking victims; and (4) urges national and community organizations, businesses in the private sector, and the media to promote awareness of the crime of stalking through ``National Stalking Awareness Month''. ____________________",,"[Congressional Record Volume 161, Number 16 (Friday, January 30, 2015)] [Senate] [Page S673] From the Congressional Record Online through the Government Publishing Office [ www.gpo.gov ] SUBMITTED RESOLUTIONS ______ SENATE RESOLUTION 59--RAISING AWARENESS AND ENCOURAGING PREVENTION OF STALKING BY DESIGNATING JANUARY 2015 AS ``NATIONAL STALKING AWARENESS MONTH'' Ms. KLOBUCHAR (for herself and Mr. Perdue) submitted the following resolution; which was considered and agreed to: S. Res. 59 Whereas 1 in 6, or 19,200,000, women in the United States have at some point during their lifetime experienced stalking victimization, during which they felt very fearful or believed that they or someone close to them would be harmed or killed; Whereas, during a 1-year period, an estimated 3,400,000 persons in the United States reported that they had been victims of stalking, and 75 percent of those victims reported that they had been stalked by someone they knew; Whereas 11 percent of victims reported having been stalked for more than 5 years, and 23 percent of victims reported having been stalked almost every day; Whereas 1 in 4 victims reported that stalkers had used email, instant messaging, blogs, bulletin boards, Internet sites, chat rooms, or other forms of electronic monitoring against them, and 1 in 13 victims reported that stalkers had used electronic devices to monitor them; Whereas stalking victims are forced to take drastic measures to protect themselves, including changing identity, relocating, changing jobs, and obtaining protection orders; Whereas 1 in 7 victims reported having relocated in an effort to escape a stalker; Whereas approximately 1 in 8 employed victims of stalking missed work because they feared for their safety or were taking steps to protect themselves, such as by seeking a restraining order; Whereas less than 50 percent of victims reported stalking to police, and only 7 percent of victims contacted a victim service provider, shelter, or hotline; Whereas stalking is a crime under Federal law and under the laws of all 50 States, the District of Columbia, and the territories of the United States; Whereas stalking affects victims of every race, age, culture, gender, sexual orientation, physical and mental ability, and economic status; Whereas national organizations, local victim service organizations, campuses, prosecutor's offices, and police departments stand ready to assist stalking victims and are working diligently to develop effective and innovative responses to stalking; Whereas there is a need to improve the response of the criminal justice system to stalking through more aggressive investigation and prosecution; Whereas there is a need for increased availability of victim services across the United States, and such services must include programs tailored to meet the needs of stalking victims; Whereas persons aged 18 to 24 experience the highest rates of stalking victimization, and rates of stalking among college students exceed the prevalence rates found in the general population; Whereas as many as 75 percent of women in college who experience stalking-related behavior experience other forms of victimization, including sexual or physical victimization, or both; Whereas there is a need for effective responses to stalking on campuses; and Whereas the Senate finds that ``National Stalking Awareness Month'' provides an opportunity to educate the people of the United States about stalking: Now, therefore, be it Resolved, That the Senate-- (1) designates January 2015 as ``National Stalking Awareness Month''; (2) applauds the efforts of the many stalking victim service providers, police, prosecutors, national and community organizations, campuses, and private sector supporters to promote awareness of stalking; (3) encourages policymakers, criminal justice officials, victim service and human service agencies, college campuses and universities, and nonprofit organizations to increase awareness of stalking and the availability of services for stalking victims; and (4) urges national and community organizations, businesses in the private sector, and the media to promote awareness of the crime of stalking through ``National Stalking Awareness Month''. ____________________",https://api.govinfo.gov/related/CREC-2015-01-30-pt1-PgS673-4,CREC,Proceedings of Congress and General Congressional Publications,2025-03-07T17:22:16Z,Congressional Record,package_114_15.csv,4257,0,4257,"[congressional record volume 161, number 16 (friday, january 30, 2015)] [senate] [page s673] from the congressional record online through the government publishing office [ www.gpo.gov ] submitted resolutions ______ senate resolution 59--raising awareness and encouraging prevention of stalking by designating january 2015 as ``national stalking awareness month'' ms. klobuchar (for herself and mr. perdue) submitted the following resolution; which was considered and agreed to: s. res. 59 whereas 1 in 6, or 19,200,000, women in the united states have at some point during their lifetime experienced stalking victimization, during which they felt very fearful or believed that they or someone close to them would be harmed or killed; whereas, during a 1-year period, an estimated 3,400,000 persons in the united states reported that they had been victims of stalking, and 75 percent of those victims reported that they had been stalked by someone they knew; whereas 11 percent of victims reported having been stalked for more than 5 years, and 23 percent of victims reported having been stalked almost every day; whereas 1 in 4 victims reported that stalkers had used email, instant messaging, blogs, bulletin boards, internet sites, chat rooms, or other forms of electronic monitoring against them, and 1 in 13 victims reported that stalkers had used electronic devices to monitor them; whereas stalking victims are forced to take drastic measures to protect themselves, including changing identity, relocating, changing jobs, and obtaining protection orders; whereas 1 in 7 victims reported having relocated in an effort to escape a stalker; whereas approximately 1 in 8 employed victims of stalking missed work because they feared for their safety or were taking steps to protect themselves, such as by seeking a restraining order; whereas less than 50 percent of victims reported stalking to police, and only 7 percent of victims contacted a victim service provider, shelter, or hotline; whereas stalking is a crime under federal law and under the laws of all 50 states, the district of columbia, and the territories of the united states; whereas stalking affects victims of every race, age, culture, gender, sexual orientation, physical and mental ability, and economic status; whereas national organizations, local victim service organizations, campuses, prosecutor's offices, and police departments stand ready to assist stalking victims and are working diligently to develop effective and innovative responses to stalking; whereas there is a need to improve the response of the criminal justice system to stalking through more aggressive investigation and prosecution; whereas there is a need for increased availability of victim services across the united states, and such services must include programs tailored to meet the needs of stalking victims; whereas persons aged 18 to 24 experience the highest rates of stalking victimization, and rates of stalking among college students exceed the prevalence rates found in the general population; whereas as many as 75 percent of women in college who experience stalking-related behavior experience other forms of victimization, including sexual or physical victimization, or both; whereas there is a need for effective responses to stalking on campuses; and whereas the senate finds that ``national stalking awareness month'' provides an opportunity to educate the people of the united states about stalking: now, therefore, be it resolved, that the senate-- (1) designates january 2015 as ``national stalking awareness month''; (2) applauds the efforts of the many stalking victim service providers, police, prosecutors, national and community organizations, campuses, and private sector supporters to promote awareness of stalking; (3) encourages policymakers, criminal justice officials, victim service and human service agencies, college campuses and universities, and nonprofit organizations to increase awareness of stalking and the availability of services for stalking victims; and (4) urges national and community organizations, businesses in the private sector, and the media to promote awareness of the crime of stalking through ``national stalking awareness month''. ____________________",4257
CREC-2015-01-30-pt1-PgS673-5,CREC-2015-01-30,2015-01-30,"SENATE RESOLUTION 60--SUPPORTING THE GOALS AND IDEALS OF OBSERVING THE NATIONAL SLAVERY AND TRAFFICKING PREVENTION MONTH FROM JANUARY 1 THROUGH FEBRUARY 1, 2015, TO RAISE AWARENESS OF, AND...",CREC,SENATE,S,S,1,https://www.govinfo.gov/app/details/CREC-2015-01-30/CREC-2015-01-30-pt1-PgS673-5,https://api.govinfo.gov/packages/CREC-2015-01-30/granules/CREC-2015-01-30-pt1-PgS673-5/htm,https://api.govinfo.gov/packages/CREC-2015-01-30/granules/CREC-2015-01-30-pt1-PgS673-5/pdf,https://api.govinfo.gov/packages/CREC-2015-01-30/summary,"[Congressional Record Volume 161, Number 16 (Friday, January 30, 2015)] [Senate] [Pages S673-S674] From the Congressional Record Online through the Government Publishing Office [ www.gpo.gov ] SENATE RESOLUTION 60--SUPPORTING THE GOALS AND IDEALS OF OBSERVING THE NATIONAL SLAVERY AND TRAFFICKING PREVENTION MONTH FROM JANUARY 1 THROUGH FEBRUARY 1, 2015, TO RAISE AWARENESS OF, AND OPPOSITION TO, MODERN SLAVERY Mrs. FEINSTEIN (for herself, Mr. Kirk, Mr. Leahy, Mr. Toomey, Ms. Klobuchar, Mr. Coons, Mrs. Murray, Mr. Wyden, Mr. Brown, Mrs. Shaheen, Mrs. Gillibrand, Mr. Kaine, Ms. Heitkamp, Mr. King, Mr. Markey, Mr. Isakson, and Mr. Rubio) submitted the following resolution; which was considered and agreed to: S. Res. 60 Whereas the United States has a tradition of advancing fundamental human rights, [[Page S674]] having abolished the Transatlantic Slave Trade in 1808 and having abolished chattel slavery and prohibited involuntary servitude in 1865; Whereas because the people of the United States remain committed to protecting individual freedom, there is a national imperative to eliminate human trafficking, which is the recruitment, harboring, transportation, provision, or obtaining of persons for labor or services through the use of force, fraud, or coercion for the purpose of subjection to involuntary servitude, peonage, debt bondage, or slavery, and the inducement of a commercial sex act by force, fraud, or coercion, or in which the person induced to perform such act has not attained 18 years of age; Whereas to combat human trafficking in the United States and globally, the people of the United States, the Federal Government, and State and local governments must be aware of the realities of human trafficking and must be dedicated to stopping this contemporary manifestation of slavery; Whereas human trafficking is estimated to be a $32,000,000,000 criminal enterprise, making it the second largest criminal enterprise in the world, behind the drug trade; Whereas the United Nations estimates that nearly 21,000,000 people around the world are victims of forced labor, including 4,500,000 people who are victims of forced sexual exploitation; Whereas the Department of Justice estimates that up to 83 percent of sex trafficking victims in the United States are citizens of the United States; Whereas beyond all differences of race, creed, or political persuasion, the people of the United States face national threats together and refuse to let modern slavery exist in the United States and around the world; Whereas the United States should actively oppose all individuals, groups, organizations, and nations that support, advance, or commit acts of human trafficking; Whereas through education, the United States must also work to end slavery in all of its forms around the world; Whereas victims of modern slavery need support in order to escape and recover from the physical, mental, emotional, and spiritual trauma associated with their victimization; Whereas human traffickers use many physical and psychological techniques to control their victims, including the use of violence or threats of violence against the victim or the victim's family, isolation from the public, isolation from the victim's family and religious or ethnic communities, language and cultural barriers, shame, control of the victim's possessions, confiscation of passports and other identification documents, and threats of arrest, deportation, or imprisonment if the victim attempts to reach out for assistance or to leave; Whereas although laws to prosecute perpetrators of modern slavery and to assist and protect victims of human trafficking, such as the Trafficking Victims Protection Act of 2000 (22 U.S.C. 7101 et seq.) and title XII of the Violence Against Women Reauthorization Act of 2013 (Public Law 113-4; 127 Stat. 54), have been enacted in the United States, awareness of the issues surrounding slavery and trafficking by those people most likely to come into contact with victims is essential for effective enforcement because the techniques that traffickers use to keep their victims enslaved severely limit self-reporting; Whereas January 1 is the anniversary of the effective date of the Emancipation Proclamation; Whereas February 1 is the anniversary of the date on which President Abraham Lincoln signed the joint resolution sending the 13th Amendment to the States for ratification, to forever declare that ``Neither slavery nor involuntary servitude . . . shall exist within the United States, or any place subject to their jurisdiction'' and is a date which has long been celebrated as National Freedom Day, as described in section 124 of title 36, United States Code; Whereas under its authority to enforce the 13th Amendment ``by appropriate legislation'', Congress in the Trafficking Victims Protection Act of 2000 updated the post-Civil War involuntary servitude and slavery statutes and adopted an approach known as the ``3P'' approach of victim protection, vigorous prosecution, and prevention of human trafficking; and Whereas the effort by individuals, businesses, organizations, and governing bodies to commemorate January 11 as Human Trafficking Awareness Day represents one of the many positive examples of the commitment in the United States to raise awareness of, and to actively oppose, modern slavery: Now, therefore, be it Resolved, That the Senate supports-- (1) the goals and ideals of observing the National Slavery and Trafficking Prevention Month from January 1 through February 1, 2015, to recognize the vital role that the people of the United States have in ending modern slavery; (2) marking this observance with appropriate programs and activities culminating in the observance on February 1 of National Freedom Day, as described in section 124 of title 36, United States Code; and (3) all other efforts to raise awareness of, and opposition to, human trafficking. ____________________",,"[Congressional Record Volume 161, Number 16 (Friday, January 30, 2015)] [Senate] [Pages S673-S674] From the Congressional Record Online through the Government Publishing Office [ www.gpo.gov ] SENATE RESOLUTION 60--SUPPORTING THE GOALS AND IDEALS OF OBSERVING THE NATIONAL SLAVERY AND TRAFFICKING PREVENTION MONTH FROM JANUARY 1 THROUGH FEBRUARY 1, 2015, TO RAISE AWARENESS OF, AND OPPOSITION TO, MODERN SLAVERY Mrs. FEINSTEIN (for herself, Mr. Kirk, Mr. Leahy, Mr. Toomey, Ms. Klobuchar, Mr. Coons, Mrs. Murray, Mr. Wyden, Mr. Brown, Mrs. Shaheen, Mrs. Gillibrand, Mr. Kaine, Ms. Heitkamp, Mr. King, Mr. Markey, Mr. Isakson, and Mr. Rubio) submitted the following resolution; which was considered and agreed to: S. Res. 60 Whereas the United States has a tradition of advancing fundamental human rights, [[Page S674]] having abolished the Transatlantic Slave Trade in 1808 and having abolished chattel slavery and prohibited involuntary servitude in 1865; Whereas because the people of the United States remain committed to protecting individual freedom, there is a national imperative to eliminate human trafficking, which is the recruitment, harboring, transportation, provision, or obtaining of persons for labor or services through the use of force, fraud, or coercion for the purpose of subjection to involuntary servitude, peonage, debt bondage, or slavery, and the inducement of a commercial sex act by force, fraud, or coercion, or in which the person induced to perform such act has not attained 18 years of age; Whereas to combat human trafficking in the United States and globally, the people of the United States, the Federal Government, and State and local governments must be aware of the realities of human trafficking and must be dedicated to stopping this contemporary manifestation of slavery; Whereas human trafficking is estimated to be a $32,000,000,000 criminal enterprise, making it the second largest criminal enterprise in the world, behind the drug trade; Whereas the United Nations estimates that nearly 21,000,000 people around the world are victims of forced labor, including 4,500,000 people who are victims of forced sexual exploitation; Whereas the Department of Justice estimates that up to 83 percent of sex trafficking victims in the United States are citizens of the United States; Whereas beyond all differences of race, creed, or political persuasion, the people of the United States face national threats together and refuse to let modern slavery exist in the United States and around the world; Whereas the United States should actively oppose all individuals, groups, organizations, and nations that support, advance, or commit acts of human trafficking; Whereas through education, the United States must also work to end slavery in all of its forms around the world; Whereas victims of modern slavery need support in order to escape and recover from the physical, mental, emotional, and spiritual trauma associated with their victimization; Whereas human traffickers use many physical and psychological techniques to control their victims, including the use of violence or threats of violence against the victim or the victim's family, isolation from the public, isolation from the victim's family and religious or ethnic communities, language and cultural barriers, shame, control of the victim's possessions, confiscation of passports and other identification documents, and threats of arrest, deportation, or imprisonment if the victim attempts to reach out for assistance or to leave; Whereas although laws to prosecute perpetrators of modern slavery and to assist and protect victims of human trafficking, such as the Trafficking Victims Protection Act of 2000 (22 U.S.C. 7101 et seq.) and title XII of the Violence Against Women Reauthorization Act of 2013 (Public Law 113-4; 127 Stat. 54), have been enacted in the United States, awareness of the issues surrounding slavery and trafficking by those people most likely to come into contact with victims is essential for effective enforcement because the techniques that traffickers use to keep their victims enslaved severely limit self-reporting; Whereas January 1 is the anniversary of the effective date of the Emancipation Proclamation; Whereas February 1 is the anniversary of the date on which President Abraham Lincoln signed the joint resolution sending the 13th Amendment to the States for ratification, to forever declare that ``Neither slavery nor involuntary servitude . . . shall exist within the United States, or any place subject to their jurisdiction'' and is a date which has long been celebrated as National Freedom Day, as described in section 124 of title 36, United States Code; Whereas under its authority to enforce the 13th Amendment ``by appropriate legislation'', Congress in the Trafficking Victims Protection Act of 2000 updated the post-Civil War involuntary servitude and slavery statutes and adopted an approach known as the ``3P'' approach of victim protection, vigorous prosecution, and prevention of human trafficking; and Whereas the effort by individuals, businesses, organizations, and governing bodies to commemorate January 11 as Human Trafficking Awareness Day represents one of the many positive examples of the commitment in the United States to raise awareness of, and to actively oppose, modern slavery: Now, therefore, be it Resolved, That the Senate supports-- (1) the goals and ideals of observing the National Slavery and Trafficking Prevention Month from January 1 through February 1, 2015, to recognize the vital role that the people of the United States have in ending modern slavery; (2) marking this observance with appropriate programs and activities culminating in the observance on February 1 of National Freedom Day, as described in section 124 of title 36, United States Code; and (3) all other efforts to raise awareness of, and opposition to, human trafficking. ____________________",https://api.govinfo.gov/related/CREC-2015-01-30-pt1-PgS673-5,CREC,Proceedings of Congress and General Congressional Publications,2025-03-07T17:22:16Z,Congressional Record,package_114_15.csv,5942,0,5942,"[congressional record volume 161, number 16 (friday, january 30, 2015)] [senate] [pages s673-s674] from the congressional record online through the government publishing office [ www.gpo.gov ] senate resolution 60--supporting the goals and ideals of observing the national slavery and trafficking prevention month from january 1 through february 1, 2015, to raise awareness of, and opposition to, modern slavery mrs. feinstein (for herself, mr. kirk, mr. leahy, mr. toomey, ms. klobuchar, mr. coons, mrs. murray, mr. wyden, mr. brown, mrs. shaheen, mrs. gillibrand, mr. kaine, ms. heitkamp, mr. king, mr. markey, mr. isakson, and mr. rubio) submitted the following resolution; which was considered and agreed to: s. res. 60 whereas the united states has a tradition of advancing fundamental human rights, [[page s674]] having abolished the transatlantic slave trade in 1808 and having abolished chattel slavery and prohibited involuntary servitude in 1865; whereas because the people of the united states remain committed to protecting individual freedom, there is a national imperative to eliminate human trafficking, which is the recruitment, harboring, transportation, provision, or obtaining of persons for labor or services through the use of force, fraud, or coercion for the purpose of subjection to involuntary servitude, peonage, debt bondage, or slavery, and the inducement of a commercial sex act by force, fraud, or coercion, or in which the person induced to perform such act has not attained 18 years of age; whereas to combat human trafficking in the united states and globally, the people of the united states, the federal government, and state and local governments must be aware of the realities of human trafficking and must be dedicated to stopping this contemporary manifestation of slavery; whereas human trafficking is estimated to be a $32,000,000,000 criminal enterprise, making it the second largest criminal enterprise in the world, behind the drug trade; whereas the united nations estimates that nearly 21,000,000 people around the world are victims of forced labor, including 4,500,000 people who are victims of forced sexual exploitation; whereas the department of justice estimates that up to 83 percent of sex trafficking victims in the united states are citizens of the united states; whereas beyond all differences of race, creed, or political persuasion, the people of the united states face national threats together and refuse to let modern slavery exist in the united states and around the world; whereas the united states should actively oppose all individuals, groups, organizations, and nations that support, advance, or commit acts of human trafficking; whereas through education, the united states must also work to end slavery in all of its forms around the world; whereas victims of modern slavery need support in order to escape and recover from the physical, mental, emotional, and spiritual trauma associated with their victimization; whereas human traffickers use many physical and psychological techniques to control their victims, including the use of violence or threats of violence against the victim or the victim's family, isolation from the public, isolation from the victim's family and religious or ethnic communities, language and cultural barriers, shame, control of the victim's possessions, confiscation of passports and other identification documents, and threats of arrest, deportation, or imprisonment if the victim attempts to reach out for assistance or to leave; whereas although laws to prosecute perpetrators of modern slavery and to assist and protect victims of human trafficking, such as the trafficking victims protection act of 2000 (22 u.s.c. 7101 et seq.) and title xii of the violence against women reauthorization act of 2013 (public law 113-4; 127 stat. 54), have been enacted in the united states, awareness of the issues surrounding slavery and trafficking by those people most likely to come into contact with victims is essential for effective enforcement because the techniques that traffickers use to keep their victims enslaved severely limit self-reporting; whereas january 1 is the anniversary of the effective date of the emancipation proclamation; whereas february 1 is the anniversary of the date on which president abraham lincoln signed the joint resolution sending the 13th amendment to the states for ratification, to forever declare that ``neither slavery nor involuntary servitude . . . shall exist within the united states, or any place subject to their jurisdiction'' and is a date which has long been celebrated as national freedom day, as described in section 124 of title 36, united states code; whereas under its authority to enforce the 13th amendment ``by appropriate legislation'', congress in the trafficking victims protection act of 2000 updated the post-civil war involuntary servitude and slavery statutes and adopted an approach known as the ``3p'' approach of victim protection, vigorous prosecution, and prevention of human trafficking; and whereas the effort by individuals, businesses, organizations, and governing bodies to commemorate january 11 as human trafficking awareness day represents one of the many positive examples of the commitment in the united states to raise awareness of, and to actively oppose, modern slavery: now, therefore, be it resolved, that the senate supports-- (1) the goals and ideals of observing the national slavery and trafficking prevention month from january 1 through february 1, 2015, to recognize the vital role that the people of the united states have in ending modern slavery; (2) marking this observance with appropriate programs and activities culminating in the observance on february 1 of national freedom day, as described in section 124 of title 36, united states code; and (3) all other efforts to raise awareness of, and opposition to, human trafficking. ____________________",5942
CREC-2015-01-30-pt1-PgS674,CREC-2015-01-30,2015-01-30,COMMEMORATING THE 70TH ANNIVERSARY OF THE LIBERATION OF THE AUSCHWITZ EXTERMINATION CAMP,CREC,SENATE,S,S,1,https://www.govinfo.gov/app/details/CREC-2015-01-30/CREC-2015-01-30-pt1-PgS674,https://api.govinfo.gov/packages/CREC-2015-01-30/granules/CREC-2015-01-30-pt1-PgS674/htm,https://api.govinfo.gov/packages/CREC-2015-01-30/granules/CREC-2015-01-30-pt1-PgS674/pdf,https://api.govinfo.gov/packages/CREC-2015-01-30/summary,"[Congressional Record Volume 161, Number 16 (Friday, January 30, 2015)] [Senate] [Page S674] From the Congressional Record Online through the Government Publishing Office [ www.gpo.gov ] COMMEMORATING THE 70TH ANNIVERSARY OF THE LIBERATION OF THE AUSCHWITZ EXTERMINATION CAMP Mr. McCONNELL. Madam President, I ask unanimous consent that the Senate proceed to the immediate consideration of Calendar No. 8, S. Res. 35. The PRESIDING OFFICER. The clerk will report the resolution by title. The assistant legislative clerk read as follows: A resolution (S. Res. 35) commemorating the 70th anniversary of the liberation of the Auschwitz extermination camp in Nazi-occupied Poland. There being no objection, the Senate proceeded to consider the resolution, which had been reported from the Committee on Foreign Relations, with an amendment to strike out all after the resolving clause and insert the part printed in italic. S. Res. 35 Whereas, on January 27, 1945, the Auschwitz extermination camp in Nazi-occupied Poland was liberated by Allied Forces during World War II after almost 5 years of murder, rape, and torture at the camp; Whereas 1,100,000 innocent civilians were murdered at the Auschwitz extermination camp; Whereas nearly 1,300,000 innocent civilians were deported to Auschwitz from their homes across Eastern and Western Europe, particularly from Hungary, Poland, and France; Whereas 1,000,000 of the civilians who perished at the camp were Jews, along with 100,000 non-Jewish Poles, Roma and Sinti individuals, Soviet prisoners of war, Jehovah's Witnesses, gay men and women, and other ethnic minorities; Whereas these civilians included farmers, tailors, seamstresses, factory hands, accountants, doctors, teachers, small-business owners, clergy, intellectuals, government officials, and political activists; Whereas these civilians were subjected to torture, forced labor, starvation, rape, medical experiments, and being separated from loved ones; Whereas the names of many of these civilians who perished have been lost forever; Whereas the Auschwitz extermination camp symbolizes the extraordinary brutality of the Holocaust; Whereas the people of the United States must never forget the terrible crimes against humanity committed at the Auschwitz extermination camp; Whereas the people of the United States must educate future generations to promote understanding of the dangers of intolerance in order to prevent similar injustices from happening again; and Whereas commemoration of the liberation of the Auschwitz extermination camp will instill in all people of the United States a greater awareness of the Holocaust: Now, therefore, be it Resolved, That the Senate-- (1) commemorates January 27, 2015, as the 70th anniversary of the liberation of the Auschwitz extermination camp by Allied Forces during World War II; (2) calls on all people of the United States to remember the 1,100,000 innocent victims murdered at the Auschwitz extermination camp as part of the Holocaust; (3) honors the legacy of the survivors of the Holocaust and of the Auschwitz extermination camp; and (4) calls on the people of the United States to continue to work toward tolerance, peace, and justice and to continue to work to end all genocide and persecution. Mr. McCONNELL. I ask unanimous consent that the committee-reported substitute be agreed to, the resolution, as amended, be agreed to, the preamble be agreed to, and the motions to reconsider be made and laid upon the table with no intervening action or debate. The PRESIDING OFFICER. Without objection, it is so ordered. The committee amendment in the nature of a substitute was agreed to. The resolution (S. Res. 35), as amended, was agreed to. The preamble was agreed to. ____________________",,"[Congressional Record Volume 161, Number 16 (Friday, January 30, 2015)] [Senate] [Page S674] From the Congressional Record Online through the Government Publishing Office [ www.gpo.gov ] COMMEMORATING THE 70TH ANNIVERSARY OF THE LIBERATION OF THE AUSCHWITZ EXTERMINATION CAMP Mr. McCONNELL. Madam President, I ask unanimous consent that the Senate proceed to the immediate consideration of Calendar No. 8, S. Res. 35. The PRESIDING OFFICER. The clerk will report the resolution by title. The assistant legislative clerk read as follows: A resolution (S. Res. 35) commemorating the 70th anniversary of the liberation of the Auschwitz extermination camp in Nazi-occupied Poland. There being no objection, the Senate proceeded to consider the resolution, which had been reported from the Committee on Foreign Relations, with an amendment to strike out all after the resolving clause and insert the part printed in italic. S. Res. 35 Whereas, on January 27, 1945, the Auschwitz extermination camp in Nazi-occupied Poland was liberated by Allied Forces during World War II after almost 5 years of murder, rape, and torture at the camp; Whereas 1,100,000 innocent civilians were murdered at the Auschwitz extermination camp; Whereas nearly 1,300,000 innocent civilians were deported to Auschwitz from their homes across Eastern and Western Europe, particularly from Hungary, Poland, and France; Whereas 1,000,000 of the civilians who perished at the camp were Jews, along with 100,000 non-Jewish Poles, Roma and Sinti individuals, Soviet prisoners of war, Jehovah's Witnesses, gay men and women, and other ethnic minorities; Whereas these civilians included farmers, tailors, seamstresses, factory hands, accountants, doctors, teachers, small-business owners, clergy, intellectuals, government officials, and political activists; Whereas these civilians were subjected to torture, forced labor, starvation, rape, medical experiments, and being separated from loved ones; Whereas the names of many of these civilians who perished have been lost forever; Whereas the Auschwitz extermination camp symbolizes the extraordinary brutality of the Holocaust; Whereas the people of the United States must never forget the terrible crimes against humanity committed at the Auschwitz extermination camp; Whereas the people of the United States must educate future generations to promote understanding of the dangers of intolerance in order to prevent similar injustices from happening again; and Whereas commemoration of the liberation of the Auschwitz extermination camp will instill in all people of the United States a greater awareness of the Holocaust: Now, therefore, be it Resolved, That the Senate-- (1) commemorates January 27, 2015, as the 70th anniversary of the liberation of the Auschwitz extermination camp by Allied Forces during World War II; (2) calls on all people of the United States to remember the 1,100,000 innocent victims murdered at the Auschwitz extermination camp as part of the Holocaust; (3) honors the legacy of the survivors of the Holocaust and of the Auschwitz extermination camp; and (4) calls on the people of the United States to continue to work toward tolerance, peace, and justice and to continue to work to end all genocide and persecution. Mr. McCONNELL. I ask unanimous consent that the committee-reported substitute be agreed to, the resolution, as amended, be agreed to, the preamble be agreed to, and the motions to reconsider be made and laid upon the table with no intervening action or debate. The PRESIDING OFFICER. Without objection, it is so ordered. The committee amendment in the nature of a substitute was agreed to. The resolution (S. Res. 35), as amended, was agreed to. The preamble was agreed to. ____________________",https://api.govinfo.gov/related/CREC-2015-01-30-pt1-PgS674,CREC,Proceedings of Congress and General Congressional Publications,2025-03-07T17:22:16Z,Congressional Record,package_114_15.csv,3759,0,3759,"[congressional record volume 161, number 16 (friday, january 30, 2015)] [senate] [page s674] from the congressional record online through the government publishing office [ www.gpo.gov ] commemorating the 70th anniversary of the liberation of the auschwitz extermination camp mr. mcconnell. madam president, i ask unanimous consent that the senate proceed to the immediate consideration of calendar no. 8, s. res. 35. the presiding officer. the clerk will report the resolution by title. the assistant legislative clerk read as follows: a resolution (s. res. 35) commemorating the 70th anniversary of the liberation of the auschwitz extermination camp in nazi-occupied poland. there being no objection, the senate proceeded to consider the resolution, which had been reported from the committee on foreign relations, with an amendment to strike out all after the resolving clause and insert the part printed in italic. s. res. 35 whereas, on january 27, 1945, the auschwitz extermination camp in nazi-occupied poland was liberated by allied forces during world war ii after almost 5 years of murder, rape, and torture at the camp; whereas 1,100,000 innocent civilians were murdered at the auschwitz extermination camp; whereas nearly 1,300,000 innocent civilians were deported to auschwitz from their homes across eastern and western europe, particularly from hungary, poland, and france; whereas 1,000,000 of the civilians who perished at the camp were jews, along with 100,000 non-jewish poles, roma and sinti individuals, soviet prisoners of war, jehovah's witnesses, gay men and women, and other ethnic minorities; whereas these civilians included farmers, tailors, seamstresses, factory hands, accountants, doctors, teachers, small-business owners, clergy, intellectuals, government officials, and political activists; whereas these civilians were subjected to torture, forced labor, starvation, rape, medical experiments, and being separated from loved ones; whereas the names of many of these civilians who perished have been lost forever; whereas the auschwitz extermination camp symbolizes the extraordinary brutality of the holocaust; whereas the people of the united states must never forget the terrible crimes against humanity committed at the auschwitz extermination camp; whereas the people of the united states must educate future generations to promote understanding of the dangers of intolerance in order to prevent similar injustices from happening again; and whereas commemoration of the liberation of the auschwitz extermination camp will instill in all people of the united states a greater awareness of the holocaust: now, therefore, be it resolved, that the senate-- (1) commemorates january 27, 2015, as the 70th anniversary of the liberation of the auschwitz extermination camp by allied forces during world war ii; (2) calls on all people of the united states to remember the 1,100,000 innocent victims murdered at the auschwitz extermination camp as part of the holocaust; (3) honors the legacy of the survivors of the holocaust and of the auschwitz extermination camp; and (4) calls on the people of the united states to continue to work toward tolerance, peace, and justice and to continue to work to end all genocide and persecution. mr. mcconnell. i ask unanimous consent that the committee-reported substitute be agreed to, the resolution, as amended, be agreed to, the preamble be agreed to, and the motions to reconsider be made and laid upon the table with no intervening action or debate. the presiding officer. without objection, it is so ordered. the committee amendment in the nature of a substitute was agreed to. the resolution (s. res. 35), as amended, was agreed to. the preamble was agreed to. ____________________",3759
CREC-2015-01-30-pt1-PgS674-2,CREC-2015-01-30,2015-01-30,NATIONAL STALKING AWARENESS MONTH,CREC,SENATE,S,S,1,https://www.govinfo.gov/app/details/CREC-2015-01-30/CREC-2015-01-30-pt1-PgS674-2,https://api.govinfo.gov/packages/CREC-2015-01-30/granules/CREC-2015-01-30-pt1-PgS674-2/htm,https://api.govinfo.gov/packages/CREC-2015-01-30/granules/CREC-2015-01-30-pt1-PgS674-2/pdf,https://api.govinfo.gov/packages/CREC-2015-01-30/summary,"[Congressional Record Volume 161, Number 16 (Friday, January 30, 2015)] [Senate] [Pages S674-S675] From the Congressional Record Online through the Government Publishing Office [ www.gpo.gov ] NATIONAL STALKING AWARENESS MONTH Mr. McCONNELL. Madam President, I ask unanimous consent that the Senate proceed to the immediate consideration of S. Res. 59, which was submitted earlier today. The PRESIDING OFFICER. The clerk will report the resolution by title. The assistant legislative clerk read as follows: A resolution (S. Res. 59) raising awareness and encouraging prevention of stalking by designating January 2015 as ``National Stalking Awareness Month.'' There being no objection, the Senate proceeded to consider the resolution. Mr. McCONNELL. I ask unanimous consent that the resolution be agreed [[Page S675]] to, the preamble be agreed to, and the motions to reconsider be considered made and laid upon the table with no intervening action or debate. The PRESIDING OFFICER. Without objection, it is so ordered. The resolution (S. Res. 59) was agreed to. The preamble was agreed to. (The resolution, with its preamble, is printed in today's Record under ``Submitted Resolutions.'') ____________________",,"[Congressional Record Volume 161, Number 16 (Friday, January 30, 2015)] [Senate] [Pages S674-S675] From the Congressional Record Online through the Government Publishing Office [ www.gpo.gov ] NATIONAL STALKING AWARENESS MONTH Mr. McCONNELL. Madam President, I ask unanimous consent that the Senate proceed to the immediate consideration of S. Res. 59, which was submitted earlier today. The PRESIDING OFFICER. The clerk will report the resolution by title. The assistant legislative clerk read as follows: A resolution (S. Res. 59) raising awareness and encouraging prevention of stalking by designating January 2015 as ``National Stalking Awareness Month.'' There being no objection, the Senate proceeded to consider the resolution. Mr. McCONNELL. I ask unanimous consent that the resolution be agreed [[Page S675]] to, the preamble be agreed to, and the motions to reconsider be considered made and laid upon the table with no intervening action or debate. The PRESIDING OFFICER. Without objection, it is so ordered. The resolution (S. Res. 59) was agreed to. The preamble was agreed to. (The resolution, with its preamble, is printed in today's Record under ``Submitted Resolutions.'') ____________________",https://api.govinfo.gov/related/CREC-2015-01-30-pt1-PgS674-2,CREC,Proceedings of Congress and General Congressional Publications,2025-03-07T17:22:16Z,Congressional Record,package_114_15.csv,1210,0,1210,"[congressional record volume 161, number 16 (friday, january 30, 2015)] [senate] [pages s674-s675] from the congressional record online through the government publishing office [ www.gpo.gov ] national stalking awareness month mr. mcconnell. madam president, i ask unanimous consent that the senate proceed to the immediate consideration of s. res. 59, which was submitted earlier today. the presiding officer. the clerk will report the resolution by title. the assistant legislative clerk read as follows: a resolution (s. res. 59) raising awareness and encouraging prevention of stalking by designating january 2015 as ``national stalking awareness month.'' there being no objection, the senate proceeded to consider the resolution. mr. mcconnell. i ask unanimous consent that the resolution be agreed [[page s675]] to, the preamble be agreed to, and the motions to reconsider be considered made and laid upon the table with no intervening action or debate. the presiding officer. without objection, it is so ordered. the resolution (s. res. 59) was agreed to. the preamble was agreed to. (the resolution, with its preamble, is printed in today's record under ``submitted resolutions.'') ____________________",1210
CREC-2015-01-30-pt1-PgS675,CREC-2015-01-30,2015-01-30,SUPPORTING THE GOALS AND IDEALS OF OBSERVING THE NATIONAL SLAVERY AND TRAFFICKING PREVENTION MONTH,CREC,SENATE,S,S,1,https://www.govinfo.gov/app/details/CREC-2015-01-30/CREC-2015-01-30-pt1-PgS675,https://api.govinfo.gov/packages/CREC-2015-01-30/granules/CREC-2015-01-30-pt1-PgS675/htm,https://api.govinfo.gov/packages/CREC-2015-01-30/granules/CREC-2015-01-30-pt1-PgS675/pdf,https://api.govinfo.gov/packages/CREC-2015-01-30/summary,"[Congressional Record Volume 161, Number 16 (Friday, January 30, 2015)] [Senate] [Page S675] From the Congressional Record Online through the Government Publishing Office [ www.gpo.gov ] SUPPORTING THE GOALS AND IDEALS OF OBSERVING THE NATIONAL SLAVERY AND TRAFFICKING PREVENTION MONTH Mr. McCONNELL. Madam President, I ask unanimous consent that the Senate proceed to the immediate consideration of S. Res. 60, submitted earlier today. The PRESIDING OFFICER. The clerk will report the resolution by title. The assistant legislative clerk read as follows: A resolution (S. Res. 60) supporting the goals and ideals of observing the National Slavery and Trafficking Prevention Month from January 1 through February 1, 2015, to raise awareness of, and opposition to, modern slavery. There being no objection, the Senate proceeded to consider the resolution. Mrs. FEINSTEIN. Madam President, today I have submitted a resolution with Senator Kirk recognizing January as National Slavery and Trafficking Prevention Month. We are pleased to be joined by Senators Leahy, Toomey, Klobuchar, Coons, Rubio, Murray, Wyden, Brown, Shaheen, Gillibrand, Kaine, Heitkamp, King, and Markey in sponsoring this resolution. January 1 is the anniversary of the effective date of the Emancipation Proclamation, and February 1 is the anniversary of the date that President Abraham Lincoln signed the joint resolution sending the Thirteenth Amendment--which abolished slavery--to the States for ratification. In 2009, the Senate unanimously approved a resolution I introduced to establish January as Human Trafficking Awareness Month. That resolution was made to raise awareness of, and opposition to, the human trafficking. It is important that we continue to bring attention to and raise awareness of this horrific practice. Human trafficking is a crime in which persons are forced to work against their will in sweatshops, prostitution rings, farms, private homes, and other enterprises. The traffickers use force, threats of force, and coercion to ensure that their victims believe they have no other choice but to work for their captors. Frequently, human trafficking goes undetected because the victims are not only afraid of their traffickers, but they have been taught by their traffickers to fear law enforcement. Human trafficking is estimated to be a $32 billion criminal enterprise, making it the second largest criminal industry in the world, behind the drug trade. A 2014 Urban Institute study found that pimps in Atlanta can make nearly $33,000 in just one week, which amounts to over $1.7 million a year. The overwhelming majority of sex trafficking victims in the United States are American citizens--83 percent by one estimate from the Department of Justice. Unfortunately, children are often victims of this horrendous crime. The National Center for Missing and Exploited Children has reported that one in seven endangered runaways are victims of sex trafficking. Many of these children continue to be exploited into adulthood. A study of women and girls involved in street prostitution in my hometown of San Francisco found that 82 percent had been physically assaulted, 83 percent were threatened with a weapon, and 68 percent were raped. Unfortunately, such abuse is common around the world. According to the United Nations, there are nearly 21 million people currently serving in some form of involuntary servitude. The United Nations also reported that in 16 percent of the 138 countries studied, there was not one trafficking-related conviction between 2007 and 2010. Over the past decade, Congress has taken action to enhance the tools available to prosecute perpetrators of human trafficking and to assist and protect trafficking victims. We passed the Trafficking Victims Protection Act of 2000 and, 8 years later, passed the William Wilberforce Trafficking Victims Protection Reauthorization Act. These laws strengthened Federal efforts to combat international and domestic human trafficking by expanding administrative subpoena authority, increasing penalties for traffickers, and authorizing the Justice Department to seek preventive detention of those charged with trafficking offenses. Despite these important laws, further action is needed. Earlier this year, Senator Portman and I introduced the Combat Human Trafficking Act of 2015. This bill would reduce the demand for human trafficking, particularly the commercial sexual exploitation of children, by holding buyers accountable and making it easier for law enforcement to investigate and prosecute all persons who participate in sex trafficking. In addition, I am pleased to join Senator Kirk in introducing the Stop Advertising Victims of Exploitation Act or the SAVE Act. This bill would strike at child sex trafficking where it is increasingly occurring--the Internet--by prohibiting Internet companies from profiting from allowing their websites to be used to traffic children. We must act with urgency to end the practice of human trafficking. For every day we wait, more lives are damaged by this horrible practice. I urge my colleagues to join me in observing National Slavery and Trafficking Prevention Month to draw attention to human trafficking and to renew our collective efforts to eliminate this practice in the United States and around the world. Mr. McCONNELL. I ask unanimous consent that the resolution be agreed to, the preamble be agreed to, and the motions to reconsider be considered made and laid upon the table with no intervening action or debate. The PRESIDING OFFICER. Without objection, it is so ordered. The resolution (S. Res. 60) was agreed to. The preamble was agreed to. (The resolution, with its preamble, is printed in today's Record under ``Submitted Resolutions.'') ____________________",,"[Congressional Record Volume 161, Number 16 (Friday, January 30, 2015)] [Senate] [Page S675] From the Congressional Record Online through the Government Publishing Office [ www.gpo.gov ] SUPPORTING THE GOALS AND IDEALS OF OBSERVING THE NATIONAL SLAVERY AND TRAFFICKING PREVENTION MONTH Mr. McCONNELL. Madam President, I ask unanimous consent that the Senate proceed to the immediate consideration of S. Res. 60, submitted earlier today. The PRESIDING OFFICER. The clerk will report the resolution by title. The assistant legislative clerk read as follows: A resolution (S. Res. 60) supporting the goals and ideals of observing the National Slavery and Trafficking Prevention Month from January 1 through February 1, 2015, to raise awareness of, and opposition to, modern slavery. There being no objection, the Senate proceeded to consider the resolution. Mrs. FEINSTEIN. Madam President, today I have submitted a resolution with Senator Kirk recognizing January as National Slavery and Trafficking Prevention Month. We are pleased to be joined by Senators Leahy, Toomey, Klobuchar, Coons, Rubio, Murray, Wyden, Brown, Shaheen, Gillibrand, Kaine, Heitkamp, King, and Markey in sponsoring this resolution. January 1 is the anniversary of the effective date of the Emancipation Proclamation, and February 1 is the anniversary of the date that President Abraham Lincoln signed the joint resolution sending the Thirteenth Amendment--which abolished slavery--to the States for ratification. In 2009, the Senate unanimously approved a resolution I introduced to establish January as Human Trafficking Awareness Month. That resolution was made to raise awareness of, and opposition to, the human trafficking. It is important that we continue to bring attention to and raise awareness of this horrific practice. Human trafficking is a crime in which persons are forced to work against their will in sweatshops, prostitution rings, farms, private homes, and other enterprises. The traffickers use force, threats of force, and coercion to ensure that their victims believe they have no other choice but to work for their captors. Frequently, human trafficking goes undetected because the victims are not only afraid of their traffickers, but they have been taught by their traffickers to fear law enforcement. Human trafficking is estimated to be a $32 billion criminal enterprise, making it the second largest criminal industry in the world, behind the drug trade. A 2014 Urban Institute study found that pimps in Atlanta can make nearly $33,000 in just one week, which amounts to over $1.7 million a year. The overwhelming majority of sex trafficking victims in the United States are American citizens--83 percent by one estimate from the Department of Justice. Unfortunately, children are often victims of this horrendous crime. The National Center for Missing and Exploited Children has reported that one in seven endangered runaways are victims of sex trafficking. Many of these children continue to be exploited into adulthood. A study of women and girls involved in street prostitution in my hometown of San Francisco found that 82 percent had been physically assaulted, 83 percent were threatened with a weapon, and 68 percent were raped. Unfortunately, such abuse is common around the world. According to the United Nations, there are nearly 21 million people currently serving in some form of involuntary servitude. The United Nations also reported that in 16 percent of the 138 countries studied, there was not one trafficking-related conviction between 2007 and 2010. Over the past decade, Congress has taken action to enhance the tools available to prosecute perpetrators of human trafficking and to assist and protect trafficking victims. We passed the Trafficking Victims Protection Act of 2000 and, 8 years later, passed the William Wilberforce Trafficking Victims Protection Reauthorization Act. These laws strengthened Federal efforts to combat international and domestic human trafficking by expanding administrative subpoena authority, increasing penalties for traffickers, and authorizing the Justice Department to seek preventive detention of those charged with trafficking offenses. Despite these important laws, further action is needed. Earlier this year, Senator Portman and I introduced the Combat Human Trafficking Act of 2015. This bill would reduce the demand for human trafficking, particularly the commercial sexual exploitation of children, by holding buyers accountable and making it easier for law enforcement to investigate and prosecute all persons who participate in sex trafficking. In addition, I am pleased to join Senator Kirk in introducing the Stop Advertising Victims of Exploitation Act or the SAVE Act. This bill would strike at child sex trafficking where it is increasingly occurring--the Internet--by prohibiting Internet companies from profiting from allowing their websites to be used to traffic children. We must act with urgency to end the practice of human trafficking. For every day we wait, more lives are damaged by this horrible practice. I urge my colleagues to join me in observing National Slavery and Trafficking Prevention Month to draw attention to human trafficking and to renew our collective efforts to eliminate this practice in the United States and around the world. Mr. McCONNELL. I ask unanimous consent that the resolution be agreed to, the preamble be agreed to, and the motions to reconsider be considered made and laid upon the table with no intervening action or debate. The PRESIDING OFFICER. Without objection, it is so ordered. The resolution (S. Res. 60) was agreed to. The preamble was agreed to. (The resolution, with its preamble, is printed in today's Record under ``Submitted Resolutions.'') ____________________",https://api.govinfo.gov/related/CREC-2015-01-30-pt1-PgS675,CREC,Proceedings of Congress and General Congressional Publications,2025-03-07T17:22:16Z,Congressional Record,package_114_15.csv,5788,0,5788,"[congressional record volume 161, number 16 (friday, january 30, 2015)] [senate] [page s675] from the congressional record online through the government publishing office [ www.gpo.gov ] supporting the goals and ideals of observing the national slavery and trafficking prevention month mr. mcconnell. madam president, i ask unanimous consent that the senate proceed to the immediate consideration of s. res. 60, submitted earlier today. the presiding officer. the clerk will report the resolution by title. the assistant legislative clerk read as follows: a resolution (s. res. 60) supporting the goals and ideals of observing the national slavery and trafficking prevention month from january 1 through february 1, 2015, to raise awareness of, and opposition to, modern slavery. there being no objection, the senate proceeded to consider the resolution. mrs. feinstein. madam president, today i have submitted a resolution with senator kirk recognizing january as national slavery and trafficking prevention month. we are pleased to be joined by senators leahy, toomey, klobuchar, coons, rubio, murray, wyden, brown, shaheen, gillibrand, kaine, heitkamp, king, and markey in sponsoring this resolution. january 1 is the anniversary of the effective date of the emancipation proclamation, and february 1 is the anniversary of the date that president abraham lincoln signed the joint resolution sending the thirteenth amendment--which abolished slavery--to the states for ratification. in 2009, the senate unanimously approved a resolution i introduced to establish january as human trafficking awareness month. that resolution was made to raise awareness of, and opposition to, the human trafficking. it is important that we continue to bring attention to and raise awareness of this horrific practice. human trafficking is a crime in which persons are forced to work against their will in sweatshops, prostitution rings, farms, private homes, and other enterprises. the traffickers use force, threats of force, and coercion to ensure that their victims believe they have no other choice but to work for their captors. frequently, human trafficking goes undetected because the victims are not only afraid of their traffickers, but they have been taught by their traffickers to fear law enforcement. human trafficking is estimated to be a $32 billion criminal enterprise, making it the second largest criminal industry in the world, behind the drug trade. a 2014 urban institute study found that pimps in atlanta can make nearly $33,000 in just one week, which amounts to over $1.7 million a year. the overwhelming majority of sex trafficking victims in the united states are american citizens--83 percent by one estimate from the department of justice. unfortunately, children are often victims of this horrendous crime. the national center for missing and exploited children has reported that one in seven endangered runaways are victims of sex trafficking. many of these children continue to be exploited into adulthood. a study of women and girls involved in street prostitution in my hometown of san francisco found that 82 percent had been physically assaulted, 83 percent were threatened with a weapon, and 68 percent were raped. unfortunately, such abuse is common around the world. according to the united nations, there are nearly 21 million people currently serving in some form of involuntary servitude. the united nations also reported that in 16 percent of the 138 countries studied, there was not one trafficking-related conviction between 2007 and 2010. over the past decade, congress has taken action to enhance the tools available to prosecute perpetrators of human trafficking and to assist and protect trafficking victims. we passed the trafficking victims protection act of 2000 and, 8 years later, passed the william wilberforce trafficking victims protection reauthorization act. these laws strengthened federal efforts to combat international and domestic human trafficking by expanding administrative subpoena authority, increasing penalties for traffickers, and authorizing the justice department to seek preventive detention of those charged with trafficking offenses. despite these important laws, further action is needed. earlier this year, senator portman and i introduced the combat human trafficking act of 2015. this bill would reduce the demand for human trafficking, particularly the commercial sexual exploitation of children, by holding buyers accountable and making it easier for law enforcement to investigate and prosecute all persons who participate in sex trafficking. in addition, i am pleased to join senator kirk in introducing the stop advertising victims of exploitation act or the save act. this bill would strike at child sex trafficking where it is increasingly occurring--the internet--by prohibiting internet companies from profiting from allowing their websites to be used to traffic children. we must act with urgency to end the practice of human trafficking. for every day we wait, more lives are damaged by this horrible practice. i urge my colleagues to join me in observing national slavery and trafficking prevention month to draw attention to human trafficking and to renew our collective efforts to eliminate this practice in the united states and around the world. mr. mcconnell. i ask unanimous consent that the resolution be agreed to, the preamble be agreed to, and the motions to reconsider be considered made and laid upon the table with no intervening action or debate. the presiding officer. without objection, it is so ordered. the resolution (s. res. 60) was agreed to. the preamble was agreed to. (the resolution, with its preamble, is printed in today's record under ``submitted resolutions.'') ____________________",5788
CREC-2015-01-30-pt1-PgS675-2,CREC-2015-01-30,2015-01-30,"ORDERS FOR MONDAY, FEBRUARY 2, 2015",CREC,SENATE,S,S,1,https://www.govinfo.gov/app/details/CREC-2015-01-30/CREC-2015-01-30-pt1-PgS675-2,https://api.govinfo.gov/packages/CREC-2015-01-30/granules/CREC-2015-01-30-pt1-PgS675-2/htm,https://api.govinfo.gov/packages/CREC-2015-01-30/granules/CREC-2015-01-30-pt1-PgS675-2/pdf,https://api.govinfo.gov/packages/CREC-2015-01-30/summary,"[Congressional Record Volume 161, Number 16 (Friday, January 30, 2015)] [Senate] [Page S675] From the Congressional Record Online through the Government Publishing Office [ www.gpo.gov ] ORDERS FOR MONDAY, FEBRUARY 2, 2015 Mr. McCONNELL. Madam President, I ask unanimous consent that when the Senate completes its business today, it adjourn until 4 p.m. on Monday, February 2; that following the prayer and pledge, the morning hour be deemed expired, the Journal of proceedings be approved to date, and the time for the two leaders be reserved for their use later in the day, and that the Senate then be in a period of morning business, with Senators permitted to speak therein for up to 10 minutes each until 4:30 p.m., equally divided in the usual form. I further ask that the Senate then proceed to consideration of H.R. 203, the Clay Hunt SAV Act, under the previous order. The PRESIDING OFFICER. Without objection, it is so ordered. ____________________",,"[Congressional Record Volume 161, Number 16 (Friday, January 30, 2015)] [Senate] [Page S675] From the Congressional Record Online through the Government Publishing Office [ www.gpo.gov ] ORDERS FOR MONDAY, FEBRUARY 2, 2015 Mr. McCONNELL. Madam President, I ask unanimous consent that when the Senate completes its business today, it adjourn until 4 p.m. on Monday, February 2; that following the prayer and pledge, the morning hour be deemed expired, the Journal of proceedings be approved to date, and the time for the two leaders be reserved for their use later in the day, and that the Senate then be in a period of morning business, with Senators permitted to speak therein for up to 10 minutes each until 4:30 p.m., equally divided in the usual form. I further ask that the Senate then proceed to consideration of H.R. 203, the Clay Hunt SAV Act, under the previous order. The PRESIDING OFFICER. Without objection, it is so ordered. ____________________",https://api.govinfo.gov/related/CREC-2015-01-30-pt1-PgS675-2,CREC,Proceedings of Congress and General Congressional Publications,2025-03-07T17:22:16Z,Congressional Record,package_114_15.csv,958,0,958,"[congressional record volume 161, number 16 (friday, january 30, 2015)] [senate] [page s675] from the congressional record online through the government publishing office [ www.gpo.gov ] orders for monday, february 2, 2015 mr. mcconnell. madam president, i ask unanimous consent that when the senate completes its business today, it adjourn until 4 p.m. on monday, february 2; that following the prayer and pledge, the morning hour be deemed expired, the journal of proceedings be approved to date, and the time for the two leaders be reserved for their use later in the day, and that the senate then be in a period of morning business, with senators permitted to speak therein for up to 10 minutes each until 4:30 p.m., equally divided in the usual form. i further ask that the senate then proceed to consideration of h.r. 203, the clay hunt sav act, under the previous order. the presiding officer. without objection, it is so ordered. ____________________",958
CREC-2015-01-30-pt1-PgS675-3,CREC-2015-01-30,2015-01-30,PROGRAM,CREC,SENATE,S,S,1,https://www.govinfo.gov/app/details/CREC-2015-01-30/CREC-2015-01-30-pt1-PgS675-3,https://api.govinfo.gov/packages/CREC-2015-01-30/granules/CREC-2015-01-30-pt1-PgS675-3/htm,https://api.govinfo.gov/packages/CREC-2015-01-30/granules/CREC-2015-01-30-pt1-PgS675-3/pdf,https://api.govinfo.gov/packages/CREC-2015-01-30/summary,"[Congressional Record Volume 161, Number 16 (Friday, January 30, 2015)] [Senate] [Page S675] From the Congressional Record Online through the Government Publishing Office [ www.gpo.gov ] PROGRAM Mr. McCONNELL. On Monday the Senate will vote on the bipartisan House-passed bill on veterans suicide prevention. Chairman Isakson and Senator Blumenthal reported out that bill from the Veterans' Affairs Committee last week, and we are moving quickly to send it to the President for his signature. That should be the only vote on Monday night. ____________________",,"[Congressional Record Volume 161, Number 16 (Friday, January 30, 2015)] [Senate] [Page S675] From the Congressional Record Online through the Government Publishing Office [ www.gpo.gov ] PROGRAM Mr. McCONNELL. On Monday the Senate will vote on the bipartisan House-passed bill on veterans suicide prevention. Chairman Isakson and Senator Blumenthal reported out that bill from the Veterans' Affairs Committee last week, and we are moving quickly to send it to the President for his signature. That should be the only vote on Monday night. ____________________",https://api.govinfo.gov/related/CREC-2015-01-30-pt1-PgS675-3,CREC,Proceedings of Congress and General Congressional Publications,2025-03-07T17:22:16Z,Congressional Record,package_114_15.csv,559,0,559,"[congressional record volume 161, number 16 (friday, january 30, 2015)] [senate] [page s675] from the congressional record online through the government publishing office [ www.gpo.gov ] program mr. mcconnell. on monday the senate will vote on the bipartisan house-passed bill on veterans suicide prevention. chairman isakson and senator blumenthal reported out that bill from the veterans' affairs committee last week, and we are moving quickly to send it to the president for his signature. that should be the only vote on monday night. ____________________",559
CREC-2015-01-30-pt1-PgS675-4,CREC-2015-01-30,2015-01-30,"ADJOURNMENT UNTIL MONDAY, FEBRUARY 2, 2015, AT 4 P.M.",CREC,SENATE,S,S,1,https://www.govinfo.gov/app/details/CREC-2015-01-30/CREC-2015-01-30-pt1-PgS675-4,https://api.govinfo.gov/packages/CREC-2015-01-30/granules/CREC-2015-01-30-pt1-PgS675-4/htm,https://api.govinfo.gov/packages/CREC-2015-01-30/granules/CREC-2015-01-30-pt1-PgS675-4/pdf,https://api.govinfo.gov/packages/CREC-2015-01-30/summary,"[Congressional Record Volume 161, Number 16 (Friday, January 30, 2015)] [Senate] [Page S675] From the Congressional Record Online through the Government Publishing Office [ www.gpo.gov ] ADJOURNMENT UNTIL MONDAY, FEBRUARY 2, 2015, AT 4 P.M. Mr. McCONNELL. If there is no further business to come before the Senate, I ask unanimous consent that it stand adjourned under the previous order. There being no objection, the Senate, at 11:56 a.m., adjourned until Monday, February 2, 2015, at 4 p.m.",,"[Congressional Record Volume 161, Number 16 (Friday, January 30, 2015)] [Senate] [Page S675] From the Congressional Record Online through the Government Publishing Office [ www.gpo.gov ] ADJOURNMENT UNTIL MONDAY, FEBRUARY 2, 2015, AT 4 P.M. Mr. McCONNELL. If there is no further business to come before the Senate, I ask unanimous consent that it stand adjourned under the previous order. There being no objection, the Senate, at 11:56 a.m., adjourned until Monday, February 2, 2015, at 4 p.m.",https://api.govinfo.gov/related/CREC-2015-01-30-pt1-PgS675-4,CREC,Proceedings of Congress and General Congressional Publications,2025-03-07T17:22:16Z,Congressional Record,package_114_15.csv,493,0,493,"[congressional record volume 161, number 16 (friday, january 30, 2015)] [senate] [page s675] from the congressional record online through the government publishing office [ www.gpo.gov ] adjournment until monday, february 2, 2015, at 4 p.m. mr. mcconnell. if there is no further business to come before the senate, i ask unanimous consent that it stand adjourned under the previous order. there being no objection, the senate, at 11:56 a.m., adjourned until monday, february 2, 2015, at 4 p.m.",493
CREC-2015-01-30-pt1-PgE135-2,CREC-2015-01-30,2015-01-30,IN HONOR OF PENNY GAGE,CREC,EXTENSIONS,E,E,1,https://www.govinfo.gov/app/details/CREC-2015-01-30/CREC-2015-01-30-pt1-PgE135-2,https://api.govinfo.gov/packages/CREC-2015-01-30/granules/CREC-2015-01-30-pt1-PgE135-2/htm,https://api.govinfo.gov/packages/CREC-2015-01-30/granules/CREC-2015-01-30-pt1-PgE135-2/pdf,https://api.govinfo.gov/packages/CREC-2015-01-30/summary,"[Congressional Record Volume 161, Number 16 (Friday, January 30, 2015)] [Extensions of Remarks] [Page E135] From the Congressional Record Online through the Government Publishing Office [ www.gpo.gov ] IN HONOR OF PENNY GAGE ______ HON. PAUL A. GOSAR of arizona in the house of representatives Friday, January 30, 2015 Mr. GOSAR. Mr. Speaker, I rise today to recognize Ms. Penny Gage for her dedication and commitment to the Dental Industry. Ms. Gage has served as a Tri-County Dental Society executive director for over 30 years. During this time membership expanded from 700 to 2000 members. She was a strong promoter in building a relationship between the society and the dental students within the two dental schools in the program's area. Ms. Gage has been active in participating with the American Association of Dental Editors and Journalist organization in providing ideas and proof-reading the AADEJ's newsletters. She has also served with the American Dental Association. During her time with the Tri-County Dental Society she developed the ``Give Kids a Smile'' program as well as encouraged members to help provide free dental clinics. That program has led to another exceptional program, ``Give Adults a Smile'', which she also supports. Ms. Gage has developed a network of relationships throughout dentistry and has been essential to its promotion and progress in these areas. Actions such as hers have helped to make more smiles possible. Mr. Speaker, it is with great pleasure that I recognize Ms. Penny Gage for her long time service to the Tri-County Dental Society and oral health promotion as a whole. Her achievements in expanding membership and programming helped to improve the lives of many and help everyone to smile more. ____________________",,"[Congressional Record Volume 161, Number 16 (Friday, January 30, 2015)] [Extensions of Remarks] [Page E135] From the Congressional Record Online through the Government Publishing Office [ www.gpo.gov ] IN HONOR OF PENNY GAGE ______ HON. PAUL A. GOSAR of arizona in the house of representatives Friday, January 30, 2015 Mr. GOSAR. Mr. Speaker, I rise today to recognize Ms. Penny Gage for her dedication and commitment to the Dental Industry. Ms. Gage has served as a Tri-County Dental Society executive director for over 30 years. During this time membership expanded from 700 to 2000 members. She was a strong promoter in building a relationship between the society and the dental students within the two dental schools in the program's area. Ms. Gage has been active in participating with the American Association of Dental Editors and Journalist organization in providing ideas and proof-reading the AADEJ's newsletters. She has also served with the American Dental Association. During her time with the Tri-County Dental Society she developed the ``Give Kids a Smile'' program as well as encouraged members to help provide free dental clinics. That program has led to another exceptional program, ``Give Adults a Smile'', which she also supports. Ms. Gage has developed a network of relationships throughout dentistry and has been essential to its promotion and progress in these areas. Actions such as hers have helped to make more smiles possible. Mr. Speaker, it is with great pleasure that I recognize Ms. Penny Gage for her long time service to the Tri-County Dental Society and oral health promotion as a whole. Her achievements in expanding membership and programming helped to improve the lives of many and help everyone to smile more. ____________________",https://api.govinfo.gov/related/CREC-2015-01-30-pt1-PgE135-2,CREC,Proceedings of Congress and General Congressional Publications,2025-03-07T17:22:16Z,Congressional Record,package_114_15.csv,1768,0,1768,"[congressional record volume 161, number 16 (friday, january 30, 2015)] [extensions of remarks] [page e135] from the congressional record online through the government publishing office [ www.gpo.gov ] in honor of penny gage ______ hon. paul a. gosar of arizona in the house of representatives friday, january 30, 2015 mr. gosar. mr. speaker, i rise today to recognize ms. penny gage for her dedication and commitment to the dental industry. ms. gage has served as a tri-county dental society executive director for over 30 years. during this time membership expanded from 700 to 2000 members. she was a strong promoter in building a relationship between the society and the dental students within the two dental schools in the program's area. ms. gage has been active in participating with the american association of dental editors and journalist organization in providing ideas and proof-reading the aadej's newsletters. she has also served with the american dental association. during her time with the tri-county dental society she developed the ``give kids a smile'' program as well as encouraged members to help provide free dental clinics. that program has led to another exceptional program, ``give adults a smile'', which she also supports. ms. gage has developed a network of relationships throughout dentistry and has been essential to its promotion and progress in these areas. actions such as hers have helped to make more smiles possible. mr. speaker, it is with great pleasure that i recognize ms. penny gage for her long time service to the tri-county dental society and oral health promotion as a whole. her achievements in expanding membership and programming helped to improve the lives of many and help everyone to smile more. ____________________",1768
CREC-2015-01-30-pt1-PgE135-4,CREC-2015-01-30,2015-01-30,HONORING ST. JOSEPH'S MEDICAL CENTER FAMILY MEDICINE RESIDENCY PROGRAM,CREC,EXTENSIONS,E,E,1,https://www.govinfo.gov/app/details/CREC-2015-01-30/CREC-2015-01-30-pt1-PgE135-4,https://api.govinfo.gov/packages/CREC-2015-01-30/granules/CREC-2015-01-30-pt1-PgE135-4/htm,https://api.govinfo.gov/packages/CREC-2015-01-30/granules/CREC-2015-01-30-pt1-PgE135-4/pdf,https://api.govinfo.gov/packages/CREC-2015-01-30/summary,"[Congressional Record Volume 161, Number 16 (Friday, January 30, 2015)] [Extensions of Remarks] [Page E135] From the Congressional Record Online through the Government Publishing Office [ www.gpo.gov ] HONORING ST. JOSEPH'S MEDICAL CENTER FAMILY MEDICINE RESIDENCY PROGRAM _____ HON. ELIOT L. ENGEL of new york in the house of representatives Friday, January 30, 2015 Mr. ENGEL. Mr. Speaker, great healthcare organizations are a tremendous asset to any community. St. Joseph's Medical Center's Family Residency Program has undoubtedly been one of those fantastic assets in Westchester, helping train and ready the family physicians of tomorrow now for over 4 decades. Established in 1974, the medical center was the first Residency Program of its kind in the entire Westchester County. Beginning with one resident in the mid-1970's, the program has grown over the years to now have 30 residents, with an annual graduating class of 10. The program's residents learn to treat the whole patient, become aware of family dynamics, and emphasize prevention and education in the practice of medicine. Although the residency program started at a time when primary care had been outpaced by specialization, it has become increasingly more important as our nation's healthcare system and the public recognize the value of prevention and patient centered care. All told, the Family Medicine Residency program has graduated 312 family physicians over the course of its 40 year existence. Many of those graduating physicians have chosen to stay in Westchester, and have developed into some of the finest physicians in the entire country. Others have gone on to complete fellowships and teach at major medical centers and university hospitals. The St. Joseph's community is proud to have such a distinguished residency program that has produced so many outstanding family physicians. As the elected representative of St. Joseph's in Congress, I am equally proud to say that I have one of the premiere residency programs in the world housed within my district. In recognition of the program's many contributions to Saint Joseph's, the Medical Center presented the Family Medicine Residency Program with the 2014 Outstanding Service Award. It was a well deserved honor and I want to congratulate all of the talented and dedicated men and women who have made the program such a tremendous success. ____________________",,"[Congressional Record Volume 161, Number 16 (Friday, January 30, 2015)] [Extensions of Remarks] [Page E135] From the Congressional Record Online through the Government Publishing Office [ www.gpo.gov ] HONORING ST. JOSEPH'S MEDICAL CENTER FAMILY MEDICINE RESIDENCY PROGRAM _____ HON. ELIOT L. ENGEL of new york in the house of representatives Friday, January 30, 2015 Mr. ENGEL. Mr. Speaker, great healthcare organizations are a tremendous asset to any community. St. Joseph's Medical Center's Family Residency Program has undoubtedly been one of those fantastic assets in Westchester, helping train and ready the family physicians of tomorrow now for over 4 decades. Established in 1974, the medical center was the first Residency Program of its kind in the entire Westchester County. Beginning with one resident in the mid-1970's, the program has grown over the years to now have 30 residents, with an annual graduating class of 10. The program's residents learn to treat the whole patient, become aware of family dynamics, and emphasize prevention and education in the practice of medicine. Although the residency program started at a time when primary care had been outpaced by specialization, it has become increasingly more important as our nation's healthcare system and the public recognize the value of prevention and patient centered care. All told, the Family Medicine Residency program has graduated 312 family physicians over the course of its 40 year existence. Many of those graduating physicians have chosen to stay in Westchester, and have developed into some of the finest physicians in the entire country. Others have gone on to complete fellowships and teach at major medical centers and university hospitals. The St. Joseph's community is proud to have such a distinguished residency program that has produced so many outstanding family physicians. As the elected representative of St. Joseph's in Congress, I am equally proud to say that I have one of the premiere residency programs in the world housed within my district. In recognition of the program's many contributions to Saint Joseph's, the Medical Center presented the Family Medicine Residency Program with the 2014 Outstanding Service Award. It was a well deserved honor and I want to congratulate all of the talented and dedicated men and women who have made the program such a tremendous success. ____________________",https://api.govinfo.gov/related/CREC-2015-01-30-pt1-PgE135-4,CREC,Proceedings of Congress and General Congressional Publications,2025-03-07T17:22:16Z,Congressional Record,package_114_15.csv,2401,0,2401,"[congressional record volume 161, number 16 (friday, january 30, 2015)] [extensions of remarks] [page e135] from the congressional record online through the government publishing office [ www.gpo.gov ] honoring st. joseph's medical center family medicine residency program _____ hon. eliot l. engel of new york in the house of representatives friday, january 30, 2015 mr. engel. mr. speaker, great healthcare organizations are a tremendous asset to any community. st. joseph's medical center's family residency program has undoubtedly been one of those fantastic assets in westchester, helping train and ready the family physicians of tomorrow now for over 4 decades. established in 1974, the medical center was the first residency program of its kind in the entire westchester county. beginning with one resident in the mid-1970's, the program has grown over the years to now have 30 residents, with an annual graduating class of 10. the program's residents learn to treat the whole patient, become aware of family dynamics, and emphasize prevention and education in the practice of medicine. although the residency program started at a time when primary care had been outpaced by specialization, it has become increasingly more important as our nation's healthcare system and the public recognize the value of prevention and patient centered care. all told, the family medicine residency program has graduated 312 family physicians over the course of its 40 year existence. many of those graduating physicians have chosen to stay in westchester, and have developed into some of the finest physicians in the entire country. others have gone on to complete fellowships and teach at major medical centers and university hospitals. the st. joseph's community is proud to have such a distinguished residency program that has produced so many outstanding family physicians. as the elected representative of st. joseph's in congress, i am equally proud to say that i have one of the premiere residency programs in the world housed within my district. in recognition of the program's many contributions to saint joseph's, the medical center presented the family medicine residency program with the 2014 outstanding service award. it was a well deserved honor and i want to congratulate all of the talented and dedicated men and women who have made the program such a tremendous success. ____________________",2401
CREC-2015-01-30-pt1-PgE135-3,CREC-2015-01-30,2015-01-30,HONORING THE LEGACY OF LAURA W. MURPHY,CREC,EXTENSIONS,E,E,1,https://www.govinfo.gov/app/details/CREC-2015-01-30/CREC-2015-01-30-pt1-PgE135-3,https://api.govinfo.gov/packages/CREC-2015-01-30/granules/CREC-2015-01-30-pt1-PgE135-3/htm,https://api.govinfo.gov/packages/CREC-2015-01-30/granules/CREC-2015-01-30-pt1-PgE135-3/pdf,https://api.govinfo.gov/packages/CREC-2015-01-30/summary,"[Congressional Record Volume 161, Number 16 (Friday, January 30, 2015)] [Extensions of Remarks] [Page E135] From the Congressional Record Online through the Government Publishing Office [ www.gpo.gov ] HONORING THE LEGACY OF LAURA W. MURPHY ______ HON. JOHN CONYERS, JR. of michigan in the house of representatives Friday, January 30, 2015 Mr. CONYERS. Mr. Speaker, I rise today to honor one of the most prominent and important civil liberties and civil rights advocates of our time--my friend, Laura W. Murphy. Laura is the longest serving director of the Washington Legislative Office of the American Civil Liberties Union, and will be stepping down at the end of the month. It is my pleasure to honor her public service and to wish her well in her next chapter. Most recently, Laura was instrumental in advising Attorney General Eric Holder and the United States Sentencing Commission on ways to reduce overcrowding among federal prison populations. She worked closely with Attorney General Holder and leaders of the House and Senate in passing the Fair Sentencing Act of 2010, a law that reduced the sentencing disparity between crack and powder cocaine, which ignited a movement to finally begin to end racial disparities in our criminal justice system. Among Laura's other profound legislative accomplishments was working closely with Congress and the White House to build support for essential and federally funded reproductive health services for servicemembers and their dependents in cases of rape and incest. This was among the few abortion rights victories of the last 40 years. Laura has been a leading voice in Washington, D.C. and throughout the country for freedom of speech, including her office's tireless efforts to preserve the First Amendment in the face of calls for a constitutional amendment that would lead to laws against so-called flag desecration, that would restrict internet free speech, and that would censor lyrics in rap and other music genres. She has been a tenacious advocate for checks and balances to prevent abuses by Intelligence agencies and finally rolling back the significant overreach of the USA Patriot Act. Her work on LGBT rights, mass incarceration and racial profiling, comprehensive immigration reform, privacy, reproductive rights, and voting rights has been peerless. Laura is a familiar face in Congress, and among the few people who can call both Representative Maxine Waters and Senator Mitch McConnell friends, an advocate who has shown the nation how to achieve bipartisan success in these hyper-partisan times. She has testified more than a dozen times before the House and Senate and is a frequent contributor to national dialogue on critical legislative issues. One of the ACLU's most prominent spokespersons, Laura is also an author, including book chapters on homeland security and the African American community's response to the 9/11 attacks. Repeatedly named among the most influential advocates in Washington, D.C. and frequently cited by the Washington Post, Laura has been an important voice for more than four decades, advising U.S. Presidents from Ronald Reagan to Barack Obama. We in Congress are losing not only a tireless advocate for civil liberties and civil rights, we are losing a dear friend, respected and admired by all who know her. I am hopeful that she will remain close at hand and active in the fight for basic American values. Those closest to her know that fighting for justice is in Laura's DNA--she is a direct descendent of one of the signers of the Declaration of Independence, Philip Livingston. I urge you to join me in wishing Laura Murphy all the best, to congratulate her as she faces new adventures, and to thank her for her many years of service. ____________________",,"[Congressional Record Volume 161, Number 16 (Friday, January 30, 2015)] [Extensions of Remarks] [Page E135] From the Congressional Record Online through the Government Publishing Office [ www.gpo.gov ] HONORING THE LEGACY OF LAURA W. MURPHY ______ HON. JOHN CONYERS, JR. of michigan in the house of representatives Friday, January 30, 2015 Mr. CONYERS. Mr. Speaker, I rise today to honor one of the most prominent and important civil liberties and civil rights advocates of our time--my friend, Laura W. Murphy. Laura is the longest serving director of the Washington Legislative Office of the American Civil Liberties Union, and will be stepping down at the end of the month. It is my pleasure to honor her public service and to wish her well in her next chapter. Most recently, Laura was instrumental in advising Attorney General Eric Holder and the United States Sentencing Commission on ways to reduce overcrowding among federal prison populations. She worked closely with Attorney General Holder and leaders of the House and Senate in passing the Fair Sentencing Act of 2010, a law that reduced the sentencing disparity between crack and powder cocaine, which ignited a movement to finally begin to end racial disparities in our criminal justice system. Among Laura's other profound legislative accomplishments was working closely with Congress and the White House to build support for essential and federally funded reproductive health services for servicemembers and their dependents in cases of rape and incest. This was among the few abortion rights victories of the last 40 years. Laura has been a leading voice in Washington, D.C. and throughout the country for freedom of speech, including her office's tireless efforts to preserve the First Amendment in the face of calls for a constitutional amendment that would lead to laws against so-called flag desecration, that would restrict internet free speech, and that would censor lyrics in rap and other music genres. She has been a tenacious advocate for checks and balances to prevent abuses by Intelligence agencies and finally rolling back the significant overreach of the USA Patriot Act. Her work on LGBT rights, mass incarceration and racial profiling, comprehensive immigration reform, privacy, reproductive rights, and voting rights has been peerless. Laura is a familiar face in Congress, and among the few people who can call both Representative Maxine Waters and Senator Mitch McConnell friends, an advocate who has shown the nation how to achieve bipartisan success in these hyper-partisan times. She has testified more than a dozen times before the House and Senate and is a frequent contributor to national dialogue on critical legislative issues. One of the ACLU's most prominent spokespersons, Laura is also an author, including book chapters on homeland security and the African American community's response to the 9/11 attacks. Repeatedly named among the most influential advocates in Washington, D.C. and frequently cited by the Washington Post, Laura has been an important voice for more than four decades, advising U.S. Presidents from Ronald Reagan to Barack Obama. We in Congress are losing not only a tireless advocate for civil liberties and civil rights, we are losing a dear friend, respected and admired by all who know her. I am hopeful that she will remain close at hand and active in the fight for basic American values. Those closest to her know that fighting for justice is in Laura's DNA--she is a direct descendent of one of the signers of the Declaration of Independence, Philip Livingston. I urge you to join me in wishing Laura Murphy all the best, to congratulate her as she faces new adventures, and to thank her for her many years of service. ____________________",https://api.govinfo.gov/related/CREC-2015-01-30-pt1-PgE135-3,CREC,Proceedings of Congress and General Congressional Publications,2025-03-07T17:22:16Z,Congressional Record,package_114_15.csv,3766,0,3766,"[congressional record volume 161, number 16 (friday, january 30, 2015)] [extensions of remarks] [page e135] from the congressional record online through the government publishing office [ www.gpo.gov ] honoring the legacy of laura w. murphy ______ hon. john conyers, jr. of michigan in the house of representatives friday, january 30, 2015 mr. conyers. mr. speaker, i rise today to honor one of the most prominent and important civil liberties and civil rights advocates of our time--my friend, laura w. murphy. laura is the longest serving director of the washington legislative office of the american civil liberties union, and will be stepping down at the end of the month. it is my pleasure to honor her public service and to wish her well in her next chapter. most recently, laura was instrumental in advising attorney general eric holder and the united states sentencing commission on ways to reduce overcrowding among federal prison populations. she worked closely with attorney general holder and leaders of the house and senate in passing the fair sentencing act of 2010, a law that reduced the sentencing disparity between crack and powder cocaine, which ignited a movement to finally begin to end racial disparities in our criminal justice system. among laura's other profound legislative accomplishments was working closely with congress and the white house to build support for essential and federally funded reproductive health services for servicemembers and their dependents in cases of rape and incest. this was among the few abortion rights victories of the last 40 years. laura has been a leading voice in washington, d.c. and throughout the country for freedom of speech, including her office's tireless efforts to preserve the first amendment in the face of calls for a constitutional amendment that would lead to laws against so-called flag desecration, that would restrict internet free speech, and that would censor lyrics in rap and other music genres. she has been a tenacious advocate for checks and balances to prevent abuses by intelligence agencies and finally rolling back the significant overreach of the usa patriot act. her work on lgbt rights, mass incarceration and racial profiling, comprehensive immigration reform, privacy, reproductive rights, and voting rights has been peerless. laura is a familiar face in congress, and among the few people who can call both representative maxine waters and senator mitch mcconnell friends, an advocate who has shown the nation how to achieve bipartisan success in these hyper-partisan times. she has testified more than a dozen times before the house and senate and is a frequent contributor to national dialogue on critical legislative issues. one of the aclu's most prominent spokespersons, laura is also an author, including book chapters on homeland security and the african american community's response to the 9/11 attacks. repeatedly named among the most influential advocates in washington, d.c. and frequently cited by the washington post, laura has been an important voice for more than four decades, advising u.s. presidents from ronald reagan to barack obama. we in congress are losing not only a tireless advocate for civil liberties and civil rights, we are losing a dear friend, respected and admired by all who know her. i am hopeful that she will remain close at hand and active in the fight for basic american values. those closest to her know that fighting for justice is in laura's dna--she is a direct descendent of one of the signers of the declaration of independence, philip livingston. i urge you to join me in wishing laura murphy all the best, to congratulate her as she faces new adventures, and to thank her for her many years of service. ____________________",3766
CREC-2015-01-30-pt1-PgE135-5,CREC-2015-01-30,2015-01-26,STRENGTHENING CHILD WELFARE RESPONSE TO TRAFFICKING ACT OF 2015,CREC,EXTENSIONS,E,E,1,https://www.govinfo.gov/app/details/CREC-2015-01-30/CREC-2015-01-30-pt1-PgE135-5,https://api.govinfo.gov/packages/CREC-2015-01-30/granules/CREC-2015-01-30-pt1-PgE135-5/htm,https://api.govinfo.gov/packages/CREC-2015-01-30/granules/CREC-2015-01-30-pt1-PgE135-5/pdf,https://api.govinfo.gov/packages/CREC-2015-01-30/summary,"[Congressional Record Volume 161, Number 16 (Friday, January 30, 2015)] [Extensions of Remarks] [Pages E135-E136] From the Congressional Record Online through the Government Publishing Office [ www.gpo.gov ] STRENGTHENING CHILD WELFARE RESPONSE TO TRAFFICKING ACT OF 2015 ______ speech of HON. JODY B. HICE of georgia in the house of representatives Monday, January 26, 2015 Mr. JODY B. HICE of Georgia. Mr. Speaker, I rise in strong support of H.R. 469, the [[Page E136]] Strengthening Child Welfare Response to Trafficking Act. Human trafficking is an ongoing atrocity that preys on the youngest and most vulnerable of our society. The U.S. Department of Homeland Security estimates that twenty million people worldwide are victims of human trafficking. In my home state of Georgia, Mr. Speaker, Atlanta is now widely considered a hub in the complex web of illegal human trafficking in our nation. Hundreds of young women and children are ensnared in this criminal enterprise and are funneled through metro Atlanta on a daily basis. One of the most egregious aspects of human trafficking is that it takes place in the shadows, and we can only estimate the number of young women and children this affects. Congress must do all we can to combat and eliminate this terrible practice that threatens the foundation of our country. I am pleased that the Strengthening Child Welfare Response to Trafficking Act is being debated on the floor today, Mr. Speaker. This legislation, along with other measures passed through the U.S. House of Representatives this week, will make a significant contribution in the fight to end human trafficking. Specifically, H.R. 469 creates and expands stringent reporting requirements for state child welfare institutions so that we can more easily track illicit activity. With this information, we will be more equipped to address the needs of children who are trafficking victims. Mr. Speaker, I urge all of my colleagues to support H.R. 469. ____________________",,"[Congressional Record Volume 161, Number 16 (Friday, January 30, 2015)] [Extensions of Remarks] [Pages E135-E136] From the Congressional Record Online through the Government Publishing Office [ www.gpo.gov ] STRENGTHENING CHILD WELFARE RESPONSE TO TRAFFICKING ACT OF 2015 ______ speech of HON. JODY B. HICE of georgia in the house of representatives Monday, January 26, 2015 Mr. JODY B. HICE of Georgia. Mr. Speaker, I rise in strong support of H.R. 469, the [[Page E136]] Strengthening Child Welfare Response to Trafficking Act. Human trafficking is an ongoing atrocity that preys on the youngest and most vulnerable of our society. The U.S. Department of Homeland Security estimates that twenty million people worldwide are victims of human trafficking. In my home state of Georgia, Mr. Speaker, Atlanta is now widely considered a hub in the complex web of illegal human trafficking in our nation. Hundreds of young women and children are ensnared in this criminal enterprise and are funneled through metro Atlanta on a daily basis. One of the most egregious aspects of human trafficking is that it takes place in the shadows, and we can only estimate the number of young women and children this affects. Congress must do all we can to combat and eliminate this terrible practice that threatens the foundation of our country. I am pleased that the Strengthening Child Welfare Response to Trafficking Act is being debated on the floor today, Mr. Speaker. This legislation, along with other measures passed through the U.S. House of Representatives this week, will make a significant contribution in the fight to end human trafficking. Specifically, H.R. 469 creates and expands stringent reporting requirements for state child welfare institutions so that we can more easily track illicit activity. With this information, we will be more equipped to address the needs of children who are trafficking victims. Mr. Speaker, I urge all of my colleagues to support H.R. 469. ____________________",https://api.govinfo.gov/related/CREC-2015-01-30-pt1-PgE135-5,CREC,Proceedings of Congress and General Congressional Publications,2025-03-07T17:22:16Z,Congressional Record,package_114_15.csv,1992,0,1992,"[congressional record volume 161, number 16 (friday, january 30, 2015)] [extensions of remarks] [pages e135-e136] from the congressional record online through the government publishing office [ www.gpo.gov ] strengthening child welfare response to trafficking act of 2015 ______ speech of hon. jody b. hice of georgia in the house of representatives monday, january 26, 2015 mr. jody b. hice of georgia. mr. speaker, i rise in strong support of h.r. 469, the [[page e136]] strengthening child welfare response to trafficking act. human trafficking is an ongoing atrocity that preys on the youngest and most vulnerable of our society. the u.s. department of homeland security estimates that twenty million people worldwide are victims of human trafficking. in my home state of georgia, mr. speaker, atlanta is now widely considered a hub in the complex web of illegal human trafficking in our nation. hundreds of young women and children are ensnared in this criminal enterprise and are funneled through metro atlanta on a daily basis. one of the most egregious aspects of human trafficking is that it takes place in the shadows, and we can only estimate the number of young women and children this affects. congress must do all we can to combat and eliminate this terrible practice that threatens the foundation of our country. i am pleased that the strengthening child welfare response to trafficking act is being debated on the floor today, mr. speaker. this legislation, along with other measures passed through the u.s. house of representatives this week, will make a significant contribution in the fight to end human trafficking. specifically, h.r. 469 creates and expands stringent reporting requirements for state child welfare institutions so that we can more easily track illicit activity. with this information, we will be more equipped to address the needs of children who are trafficking victims. mr. speaker, i urge all of my colleagues to support h.r. 469. ____________________",1992
CREC-2015-01-30-pt1-PgE136-2,CREC-2015-01-30,2015-01-30,FREEDOM OF SPEECH IN TURKEY,CREC,EXTENSIONS,E,E,1,https://www.govinfo.gov/app/details/CREC-2015-01-30/CREC-2015-01-30-pt1-PgE136-2,https://api.govinfo.gov/packages/CREC-2015-01-30/granules/CREC-2015-01-30-pt1-PgE136-2/htm,https://api.govinfo.gov/packages/CREC-2015-01-30/granules/CREC-2015-01-30-pt1-PgE136-2/pdf,https://api.govinfo.gov/packages/CREC-2015-01-30/summary,"[Congressional Record Volume 161, Number 16 (Friday, January 30, 2015)] [Extensions of Remarks] [Page E136] From the Congressional Record Online through the Government Publishing Office [ www.gpo.gov ] FREEDOM OF SPEECH IN TURKEY _____ HON. PAUL A. GOSAR of arizona in the house of representatives Friday, January 30, 2015 Mr. GOSAR. Mr. Speaker, I rise today to express my concerns about the current efforts to punish and stifle freedom of expression in Turkey and to share my worry that Turkey is drifting away from the tolerant secular nation founded by Kemal Ataturk almost 100 years ago and towards religious extremism and authoritarianism. The current Government in Turkey has arrested members of Turkish media deemed non-supportive of the government. For decades, Turkey has had a free press and the freedom to disagree and vigorous political debate. It is a disturbing negative trend for the current government to reverse decades of transparency and to seek to impose authoritarianism. I am informed that Mr. Ekrem Dumanli, editor-in-chief of Zaman, a daily newspaper in Turkey, and Hidayet Karaca, General Manager of Samanyolu Media Group, were arrested on December 14, 2014. To the shame of the current leadership, Hidayet Karaca is still in detention awaiting trial. They were not arrested for actual crimes, but on transparently political charges, thus bringing the total number of detained press and media personalities to 29. These members of the media have ties to the Islamic scholar Fethullah Gulen, a scholar who preaches tolerance and peace and who is a known critic of the Erdogan Administration. In December 2013, allegations of corruption were levied against the Erdogan Administration based on legal investigations. Afterwards, about some 400 people (including 150 stated Gulen supporters) were monitored on Twitter and ultimately the Turkish people's access to Twitter was blocked. These arrests, and the effort to stifle opposition, have a chilling effect on freedom, democracy, and economic prosperity for all of Turkey. Turkey's bid for accession to the European Union continues to languish under these policies--before negotiations on the matter develop, Turkey must recognize basic press freedoms and the right to political dissent. Turkey plays a critical role as an ally to the United States in the Middle East. To allow it to go down the road of sectarian extremism and authoritarianism without meaningful discussion and diplomacy is disconcerting. Turkey is a key leader in the region and a cultural, historic, and political bulwark between the Middle East, Europe, and Asia. Turkey is an important member of NATO, and I believe all rational people want to see the Turkish Government abandon intimidation and embrace a free press and tolerance of dissenting voices. The Turkey founded by Ataturk deserves our support. International remonstration is needed to bring it back to the ranks of nations that do not fear its own people, do not fear opposition, and do not fear universal freedoms. ____________________",,"[Congressional Record Volume 161, Number 16 (Friday, January 30, 2015)] [Extensions of Remarks] [Page E136] From the Congressional Record Online through the Government Publishing Office [ www.gpo.gov ] FREEDOM OF SPEECH IN TURKEY _____ HON. PAUL A. GOSAR of arizona in the house of representatives Friday, January 30, 2015 Mr. GOSAR. Mr. Speaker, I rise today to express my concerns about the current efforts to punish and stifle freedom of expression in Turkey and to share my worry that Turkey is drifting away from the tolerant secular nation founded by Kemal Ataturk almost 100 years ago and towards religious extremism and authoritarianism. The current Government in Turkey has arrested members of Turkish media deemed non-supportive of the government. For decades, Turkey has had a free press and the freedom to disagree and vigorous political debate. It is a disturbing negative trend for the current government to reverse decades of transparency and to seek to impose authoritarianism. I am informed that Mr. Ekrem Dumanli, editor-in-chief of Zaman, a daily newspaper in Turkey, and Hidayet Karaca, General Manager of Samanyolu Media Group, were arrested on December 14, 2014. To the shame of the current leadership, Hidayet Karaca is still in detention awaiting trial. They were not arrested for actual crimes, but on transparently political charges, thus bringing the total number of detained press and media personalities to 29. These members of the media have ties to the Islamic scholar Fethullah Gulen, a scholar who preaches tolerance and peace and who is a known critic of the Erdogan Administration. In December 2013, allegations of corruption were levied against the Erdogan Administration based on legal investigations. Afterwards, about some 400 people (including 150 stated Gulen supporters) were monitored on Twitter and ultimately the Turkish people's access to Twitter was blocked. These arrests, and the effort to stifle opposition, have a chilling effect on freedom, democracy, and economic prosperity for all of Turkey. Turkey's bid for accession to the European Union continues to languish under these policies--before negotiations on the matter develop, Turkey must recognize basic press freedoms and the right to political dissent. Turkey plays a critical role as an ally to the United States in the Middle East. To allow it to go down the road of sectarian extremism and authoritarianism without meaningful discussion and diplomacy is disconcerting. Turkey is a key leader in the region and a cultural, historic, and political bulwark between the Middle East, Europe, and Asia. Turkey is an important member of NATO, and I believe all rational people want to see the Turkish Government abandon intimidation and embrace a free press and tolerance of dissenting voices. The Turkey founded by Ataturk deserves our support. International remonstration is needed to bring it back to the ranks of nations that do not fear its own people, do not fear opposition, and do not fear universal freedoms. ____________________",https://api.govinfo.gov/related/CREC-2015-01-30-pt1-PgE136-2,CREC,Proceedings of Congress and General Congressional Publications,2025-03-07T17:22:16Z,Congressional Record,package_114_15.csv,3043,0,3043,"[congressional record volume 161, number 16 (friday, january 30, 2015)] [extensions of remarks] [page e136] from the congressional record online through the government publishing office [ www.gpo.gov ] freedom of speech in turkey _____ hon. paul a. gosar of arizona in the house of representatives friday, january 30, 2015 mr. gosar. mr. speaker, i rise today to express my concerns about the current efforts to punish and stifle freedom of expression in turkey and to share my worry that turkey is drifting away from the tolerant secular nation founded by kemal ataturk almost 100 years ago and towards religious extremism and authoritarianism. the current government in turkey has arrested members of turkish media deemed non-supportive of the government. for decades, turkey has had a free press and the freedom to disagree and vigorous political debate. it is a disturbing negative trend for the current government to reverse decades of transparency and to seek to impose authoritarianism. i am informed that mr. ekrem dumanli, editor-in-chief of zaman, a daily newspaper in turkey, and hidayet karaca, general manager of samanyolu media group, were arrested on december 14, 2014. to the shame of the current leadership, hidayet karaca is still in detention awaiting trial. they were not arrested for actual crimes, but on transparently political charges, thus bringing the total number of detained press and media personalities to 29. these members of the media have ties to the islamic scholar fethullah gulen, a scholar who preaches tolerance and peace and who is a known critic of the erdogan administration. in december 2013, allegations of corruption were levied against the erdogan administration based on legal investigations. afterwards, about some 400 people (including 150 stated gulen supporters) were monitored on twitter and ultimately the turkish people's access to twitter was blocked. these arrests, and the effort to stifle opposition, have a chilling effect on freedom, democracy, and economic prosperity for all of turkey. turkey's bid for accession to the european union continues to languish under these policies--before negotiations on the matter develop, turkey must recognize basic press freedoms and the right to political dissent. turkey plays a critical role as an ally to the united states in the middle east. to allow it to go down the road of sectarian extremism and authoritarianism without meaningful discussion and diplomacy is disconcerting. turkey is a key leader in the region and a cultural, historic, and political bulwark between the middle east, europe, and asia. turkey is an important member of nato, and i believe all rational people want to see the turkish government abandon intimidation and embrace a free press and tolerance of dissenting voices. the turkey founded by ataturk deserves our support. international remonstration is needed to bring it back to the ranks of nations that do not fear its own people, do not fear opposition, and do not fear universal freedoms. ____________________",3043
CREC-2015-01-30-pt1-PgE136,CREC-2015-01-30,2015-01-30,HONORING BARBARA P. SMITH,CREC,EXTENSIONS,E,E,1,https://www.govinfo.gov/app/details/CREC-2015-01-30/CREC-2015-01-30-pt1-PgE136,https://api.govinfo.gov/packages/CREC-2015-01-30/granules/CREC-2015-01-30-pt1-PgE136/htm,https://api.govinfo.gov/packages/CREC-2015-01-30/granules/CREC-2015-01-30-pt1-PgE136/pdf,https://api.govinfo.gov/packages/CREC-2015-01-30/summary,"[Congressional Record Volume 161, Number 16 (Friday, January 30, 2015)] [Extensions of Remarks] [Page E136] From the Congressional Record Online through the Government Publishing Office [ www.gpo.gov ] HONORING BARBARA P. SMITH _____ HON. ELIOT L. ENGEL of new york in the house of representatives Friday, January 30, 2015 Mr. ENGEL. Mr. Speaker, those who dedicate themselves to improving their neighborhood become cornerstones of the community. Barbara P. Smith is one of those cornerstones in Yonkers, who for 32 years has been an educator, civic leader and crusader. Barbara began bettering the Yonkers community in 1982 as a teacher at the Orchard School at Andrus Children's Home on North Broadway. She taught a range of subjects from math and science to social studies and home economics. Eventually Barbara was elevated to Assistant Principal and in 1994 she and the school were recognized for their efforts and achievements with an invitation to the White House to meet then President Clinton. Barbara subsequently returned to the classroom where she could take a more hands on approach to teaching. Outside of the classroom, Barbara has engaged in a number of civic groups aimed at serving the community. For the past 36 years she has served as board member and President of the Hudson River Community Association (HRCA) of Northwest Yonkers, a once dormant organization she helped resurrect. Barbara has also generously given her time to organizations like the Yonkers Committee for Smart Development, which she served as an advisor to in 2008, and the advisory board for the First District of Council Woman Pat McDow in 2007. When time permits, she also likes to partake in a wide array of volunteer work aimed at community improvement. Barbara shares the same goals as the organizations she works with: to stabilize, improve, support and promote the wonderful city of Yonkers. I believe she has achieved those goals admirably. Last year, the Luther V. Garrison Masonic Foundation Inc. Scholarship Committee honored Barbara as their Woman of the Year for 2014. It was a supremely appropriate honor for one of Yonkers' most dedicated citizens. Congratulations to her on receiving such well-deserved recognition. ____________________",,"[Congressional Record Volume 161, Number 16 (Friday, January 30, 2015)] [Extensions of Remarks] [Page E136] From the Congressional Record Online through the Government Publishing Office [ www.gpo.gov ] HONORING BARBARA P. SMITH _____ HON. ELIOT L. ENGEL of new york in the house of representatives Friday, January 30, 2015 Mr. ENGEL. Mr. Speaker, those who dedicate themselves to improving their neighborhood become cornerstones of the community. Barbara P. Smith is one of those cornerstones in Yonkers, who for 32 years has been an educator, civic leader and crusader. Barbara began bettering the Yonkers community in 1982 as a teacher at the Orchard School at Andrus Children's Home on North Broadway. She taught a range of subjects from math and science to social studies and home economics. Eventually Barbara was elevated to Assistant Principal and in 1994 she and the school were recognized for their efforts and achievements with an invitation to the White House to meet then President Clinton. Barbara subsequently returned to the classroom where she could take a more hands on approach to teaching. Outside of the classroom, Barbara has engaged in a number of civic groups aimed at serving the community. For the past 36 years she has served as board member and President of the Hudson River Community Association (HRCA) of Northwest Yonkers, a once dormant organization she helped resurrect. Barbara has also generously given her time to organizations like the Yonkers Committee for Smart Development, which she served as an advisor to in 2008, and the advisory board for the First District of Council Woman Pat McDow in 2007. When time permits, she also likes to partake in a wide array of volunteer work aimed at community improvement. Barbara shares the same goals as the organizations she works with: to stabilize, improve, support and promote the wonderful city of Yonkers. I believe she has achieved those goals admirably. Last year, the Luther V. Garrison Masonic Foundation Inc. Scholarship Committee honored Barbara as their Woman of the Year for 2014. It was a supremely appropriate honor for one of Yonkers' most dedicated citizens. Congratulations to her on receiving such well-deserved recognition. ____________________",https://api.govinfo.gov/related/CREC-2015-01-30-pt1-PgE136,CREC,Proceedings of Congress and General Congressional Publications,2025-03-07T17:22:16Z,Congressional Record,package_114_15.csv,2243,0,2243,"[congressional record volume 161, number 16 (friday, january 30, 2015)] [extensions of remarks] [page e136] from the congressional record online through the government publishing office [ www.gpo.gov ] honoring barbara p. smith _____ hon. eliot l. engel of new york in the house of representatives friday, january 30, 2015 mr. engel. mr. speaker, those who dedicate themselves to improving their neighborhood become cornerstones of the community. barbara p. smith is one of those cornerstones in yonkers, who for 32 years has been an educator, civic leader and crusader. barbara began bettering the yonkers community in 1982 as a teacher at the orchard school at andrus children's home on north broadway. she taught a range of subjects from math and science to social studies and home economics. eventually barbara was elevated to assistant principal and in 1994 she and the school were recognized for their efforts and achievements with an invitation to the white house to meet then president clinton. barbara subsequently returned to the classroom where she could take a more hands on approach to teaching. outside of the classroom, barbara has engaged in a number of civic groups aimed at serving the community. for the past 36 years she has served as board member and president of the hudson river community association (hrca) of northwest yonkers, a once dormant organization she helped resurrect. barbara has also generously given her time to organizations like the yonkers committee for smart development, which she served as an advisor to in 2008, and the advisory board for the first district of council woman pat mcdow in 2007. when time permits, she also likes to partake in a wide array of volunteer work aimed at community improvement. barbara shares the same goals as the organizations she works with: to stabilize, improve, support and promote the wonderful city of yonkers. i believe she has achieved those goals admirably. last year, the luther v. garrison masonic foundation inc. scholarship committee honored barbara as their woman of the year for 2014. it was a supremely appropriate honor for one of yonkers' most dedicated citizens. congratulations to her on receiving such well-deserved recognition. ____________________",2243
CREC-2015-01-30-pt1-PgE136-3,CREC-2015-01-30,2015-01-30,HONORING JERRY GALELLA,CREC,EXTENSIONS,E,E,1,https://www.govinfo.gov/app/details/CREC-2015-01-30/CREC-2015-01-30-pt1-PgE136-3,https://api.govinfo.gov/packages/CREC-2015-01-30/granules/CREC-2015-01-30-pt1-PgE136-3/htm,https://api.govinfo.gov/packages/CREC-2015-01-30/granules/CREC-2015-01-30-pt1-PgE136-3/pdf,https://api.govinfo.gov/packages/CREC-2015-01-30/summary,"[Congressional Record Volume 161, Number 16 (Friday, January 30, 2015)] [Extensions of Remarks] [Page E136] From the Congressional Record Online through the Government Publishing Office [ www.gpo.gov ] HONORING JERRY GALELLA _____ HON. ELIOT L. ENGEL of new york in the house of representatives Friday, January 30, 2015 Mr. ENGEL. Mr. Speaker, those who choose the path of civic engagement can accomplish wonderful things for their communities. In Yonkers there are few who can claim they have done more to support the local neighborhoods than Jerry Galella. Born seven minutes before his twin brother, Jerry grew up in the Bronx and is the oldest of three children. After graduating from Dewitt Clinton High School, Jerry served in the United States Army from 1971 to 1973 and after his discharge became a grocery store manager for the next 40 years. In 2007, Jerry became a full-fledged member of the Yonkers community when he joined the ShopRite of Greenway Plaza as Store Director. Remarkably, in the seven years Jerry has been with ShopRite he has become affiliated with over 25 different churches and numerous other community organizations throughout Yonkers. His volunteer work has included helping out with three college scholarship funds, including the Yonkers African American Cultural Club, the Dominican Cultural Club of Yonkers, and the Hispanic Professional Scholarship fund. As a result of his efforts, Jerry has been honored various accolades and awards from a wide array of schools, churches, and veterans' associations, just to name a few. As devoted to helping out the community as Jerry is, his real passion is for his family. He met his wife, Linda, at age 13 in 8th grade, and was immediately smitten. The teenage sweethearts would later become married and for the past 32 years have lived together in Carmel, NY. Over the course of their 40 year marriage Jerry and Linda have raised three wonderful children and have six amazing grand children, all who live within 15 miles of each other. Jerry also generously gives his time to many different organizations in the Carmel community, ranging from little league to organizations assisting veterans of the Vietnam War. In 2014, the Luther V. Garrison SR. Masonic Foundation Inc. Scholarship Committee named Jerry Galella their 2014 Man of the Year. He was incredibly deserving of the honor, and I wish to congratulate him on receiving the well-deserved recognition. ____________________",,"[Congressional Record Volume 161, Number 16 (Friday, January 30, 2015)] [Extensions of Remarks] [Page E136] From the Congressional Record Online through the Government Publishing Office [ www.gpo.gov ] HONORING JERRY GALELLA _____ HON. ELIOT L. ENGEL of new york in the house of representatives Friday, January 30, 2015 Mr. ENGEL. Mr. Speaker, those who choose the path of civic engagement can accomplish wonderful things for their communities. In Yonkers there are few who can claim they have done more to support the local neighborhoods than Jerry Galella. Born seven minutes before his twin brother, Jerry grew up in the Bronx and is the oldest of three children. After graduating from Dewitt Clinton High School, Jerry served in the United States Army from 1971 to 1973 and after his discharge became a grocery store manager for the next 40 years. In 2007, Jerry became a full-fledged member of the Yonkers community when he joined the ShopRite of Greenway Plaza as Store Director. Remarkably, in the seven years Jerry has been with ShopRite he has become affiliated with over 25 different churches and numerous other community organizations throughout Yonkers. His volunteer work has included helping out with three college scholarship funds, including the Yonkers African American Cultural Club, the Dominican Cultural Club of Yonkers, and the Hispanic Professional Scholarship fund. As a result of his efforts, Jerry has been honored various accolades and awards from a wide array of schools, churches, and veterans' associations, just to name a few. As devoted to helping out the community as Jerry is, his real passion is for his family. He met his wife, Linda, at age 13 in 8th grade, and was immediately smitten. The teenage sweethearts would later become married and for the past 32 years have lived together in Carmel, NY. Over the course of their 40 year marriage Jerry and Linda have raised three wonderful children and have six amazing grand children, all who live within 15 miles of each other. Jerry also generously gives his time to many different organizations in the Carmel community, ranging from little league to organizations assisting veterans of the Vietnam War. In 2014, the Luther V. Garrison SR. Masonic Foundation Inc. Scholarship Committee named Jerry Galella their 2014 Man of the Year. He was incredibly deserving of the honor, and I wish to congratulate him on receiving the well-deserved recognition. ____________________",https://api.govinfo.gov/related/CREC-2015-01-30-pt1-PgE136-3,CREC,Proceedings of Congress and General Congressional Publications,2025-03-07T17:22:16Z,Congressional Record,package_114_15.csv,2456,0,2456,"[congressional record volume 161, number 16 (friday, january 30, 2015)] [extensions of remarks] [page e136] from the congressional record online through the government publishing office [ www.gpo.gov ] honoring jerry galella _____ hon. eliot l. engel of new york in the house of representatives friday, january 30, 2015 mr. engel. mr. speaker, those who choose the path of civic engagement can accomplish wonderful things for their communities. in yonkers there are few who can claim they have done more to support the local neighborhoods than jerry galella. born seven minutes before his twin brother, jerry grew up in the bronx and is the oldest of three children. after graduating from dewitt clinton high school, jerry served in the united states army from 1971 to 1973 and after his discharge became a grocery store manager for the next 40 years. in 2007, jerry became a full-fledged member of the yonkers community when he joined the shoprite of greenway plaza as store director. remarkably, in the seven years jerry has been with shoprite he has become affiliated with over 25 different churches and numerous other community organizations throughout yonkers. his volunteer work has included helping out with three college scholarship funds, including the yonkers african american cultural club, the dominican cultural club of yonkers, and the hispanic professional scholarship fund. as a result of his efforts, jerry has been honored various accolades and awards from a wide array of schools, churches, and veterans' associations, just to name a few. as devoted to helping out the community as jerry is, his real passion is for his family. he met his wife, linda, at age 13 in 8th grade, and was immediately smitten. the teenage sweethearts would later become married and for the past 32 years have lived together in carmel, ny. over the course of their 40 year marriage jerry and linda have raised three wonderful children and have six amazing grand children, all who live within 15 miles of each other. jerry also generously gives his time to many different organizations in the carmel community, ranging from little league to organizations assisting veterans of the vietnam war. in 2014, the luther v. garrison sr. masonic foundation inc. scholarship committee named jerry galella their 2014 man of the year. he was incredibly deserving of the honor, and i wish to congratulate him on receiving the well-deserved recognition. ____________________",2456
CREC-2015-01-30-pt1-PgE136-4,CREC-2015-01-30,2015-01-30,HONORING LOYD IVEY,CREC,EXTENSIONS,E,E,1,https://www.govinfo.gov/app/details/CREC-2015-01-30/CREC-2015-01-30-pt1-PgE136-4,https://api.govinfo.gov/packages/CREC-2015-01-30/granules/CREC-2015-01-30-pt1-PgE136-4/htm,https://api.govinfo.gov/packages/CREC-2015-01-30/granules/CREC-2015-01-30-pt1-PgE136-4/pdf,https://api.govinfo.gov/packages/CREC-2015-01-30/summary,"[Congressional Record Volume 161, Number 16 (Friday, January 30, 2015)] [Extensions of Remarks] [Pages E136-E137] From the Congressional Record Online through the Government Publishing Office [ www.gpo.gov ] HONORING LOYD IVEY _____ HON. JASON SMITH of missouri in the house of representatives Friday, January 30, 2015 Mr. SMITH of Missouri. Mr. Speaker, I rise today to honor Loyd Ivey who was elected to [[Page E137]] the Consumer Electronics Hall of Fame for his contribution and significant achievements to the industry. As a local growing up in Scopus, Missouri, he graduated from Woodland High School and moved to Illinois to work in the steel and wood industries. In 1971 he founded Ivey Electronics to produce bookshelf speakers encased in a burn and spill-proof walnut laminate for the student market of Northwestern University. Loyd joined the Consumer Electronics Association in 1974 and presented his first product there before merging with American Case Company to create American Acoustic Labs. American Acoustic Labs became MiTek Corporation in 1979, which went on to become one of the United States' largest manufacturers of car and home speakers. MiTek has grown into a global enterprise with offices around the world. Loyd has been married to his wife Debi since 1968 and is the father of two sons. He also serves as a sheriffs deputy and department pilot in Bollinger Country. It is my privilege to recognize his achievements and lasting contributions before the House of Representatives. ____________________",,"[Congressional Record Volume 161, Number 16 (Friday, January 30, 2015)] [Extensions of Remarks] [Pages E136-E137] From the Congressional Record Online through the Government Publishing Office [ www.gpo.gov ] HONORING LOYD IVEY _____ HON. JASON SMITH of missouri in the house of representatives Friday, January 30, 2015 Mr. SMITH of Missouri. Mr. Speaker, I rise today to honor Loyd Ivey who was elected to [[Page E137]] the Consumer Electronics Hall of Fame for his contribution and significant achievements to the industry. As a local growing up in Scopus, Missouri, he graduated from Woodland High School and moved to Illinois to work in the steel and wood industries. In 1971 he founded Ivey Electronics to produce bookshelf speakers encased in a burn and spill-proof walnut laminate for the student market of Northwestern University. Loyd joined the Consumer Electronics Association in 1974 and presented his first product there before merging with American Case Company to create American Acoustic Labs. American Acoustic Labs became MiTek Corporation in 1979, which went on to become one of the United States' largest manufacturers of car and home speakers. MiTek has grown into a global enterprise with offices around the world. Loyd has been married to his wife Debi since 1968 and is the father of two sons. He also serves as a sheriffs deputy and department pilot in Bollinger Country. It is my privilege to recognize his achievements and lasting contributions before the House of Representatives. ____________________",https://api.govinfo.gov/related/CREC-2015-01-30-pt1-PgE136-4,CREC,Proceedings of Congress and General Congressional Publications,2025-03-07T17:22:16Z,Congressional Record,package_114_15.csv,1528,0,1528,"[congressional record volume 161, number 16 (friday, january 30, 2015)] [extensions of remarks] [pages e136-e137] from the congressional record online through the government publishing office [ www.gpo.gov ] honoring loyd ivey _____ hon. jason smith of missouri in the house of representatives friday, january 30, 2015 mr. smith of missouri. mr. speaker, i rise today to honor loyd ivey who was elected to [[page e137]] the consumer electronics hall of fame for his contribution and significant achievements to the industry. as a local growing up in scopus, missouri, he graduated from woodland high school and moved to illinois to work in the steel and wood industries. in 1971 he founded ivey electronics to produce bookshelf speakers encased in a burn and spill-proof walnut laminate for the student market of northwestern university. loyd joined the consumer electronics association in 1974 and presented his first product there before merging with american case company to create american acoustic labs. american acoustic labs became mitek corporation in 1979, which went on to become one of the united states' largest manufacturers of car and home speakers. mitek has grown into a global enterprise with offices around the world. loyd has been married to his wife debi since 1968 and is the father of two sons. he also serves as a sheriffs deputy and department pilot in bollinger country. it is my privilege to recognize his achievements and lasting contributions before the house of representatives. ____________________",1528
CREC-2015-01-30-pt1-PgE137,CREC-2015-01-30,2015-01-30,HONORING LUBA GLASSER,CREC,EXTENSIONS,E,E,1,https://www.govinfo.gov/app/details/CREC-2015-01-30/CREC-2015-01-30-pt1-PgE137,https://api.govinfo.gov/packages/CREC-2015-01-30/granules/CREC-2015-01-30-pt1-PgE137/htm,https://api.govinfo.gov/packages/CREC-2015-01-30/granules/CREC-2015-01-30-pt1-PgE137/pdf,https://api.govinfo.gov/packages/CREC-2015-01-30/summary,"[Congressional Record Volume 161, Number 16 (Friday, January 30, 2015)] [Extensions of Remarks] [Page E137] From the Congressional Record Online through the Government Publishing Office [ www.gpo.gov ] HONORING LUBA GLASSER _____ HON. ELIOT L. ENGEL of new york in the house of representatives Friday, January 30, 2015 Mr. ENGEL. Mr. Speaker, religion often has the power to inspire and motivate a person in truly remarkable ways that can shape entire communities. That has certainly been the case with Luba Glasser, a constituent of mine who has volunteered her time and energy for numerous Jewish organizations. Luba was born in Moscow and immigrated to the United States with her family at the age of four. She was enrolled in a Jewish Day School so that she would receive a Jewish education, something she could not have attained in the former Soviet Union, and began to gain a love and appreciation for Judaism. Luba's faith became the impetus for her volunteerism, which began in 2005 with the Russian American Jewish Experience (RAJE). Luba spent all of her free evenings and weekends helping the RAJE with the organization of their Shabbat and holiday programs, social events, and student trips to Israel, all while successfully maintaining a day job as a Real Estate Tax Consultant for New York Water Management. In 2006, Luba joined RAJE as their full-time Fellowship Coordinator, where she was responsible for the student and young adult Jewish identity and community development programming. Over the next three years Luba staffed over 15 trips to Israel. Luba's devotion to the Jewish community led her to return to school, where she received her LMSW from Yeshiva University in 2011. She then began working with Holocaust survivors at the Jewish Community Council of Greater Coney Island and joined the Northeast Jewish Center (NEJC) community, which became her permanent home. Luba married Craig Glasser in 2012 and shortly thereafter became the proud mother of Aaron Dov. In spite of everything on her plate, Luba continues to open her home to the community for Shabbos dinners, cook for synagogue events, maintain the NEJC website, and teach classes. She is a beacon of light for the NEJC community and was incredibly deserving of being the organization's honoree in 2014. ____________________",,"[Congressional Record Volume 161, Number 16 (Friday, January 30, 2015)] [Extensions of Remarks] [Page E137] From the Congressional Record Online through the Government Publishing Office [ www.gpo.gov ] HONORING LUBA GLASSER _____ HON. ELIOT L. ENGEL of new york in the house of representatives Friday, January 30, 2015 Mr. ENGEL. Mr. Speaker, religion often has the power to inspire and motivate a person in truly remarkable ways that can shape entire communities. That has certainly been the case with Luba Glasser, a constituent of mine who has volunteered her time and energy for numerous Jewish organizations. Luba was born in Moscow and immigrated to the United States with her family at the age of four. She was enrolled in a Jewish Day School so that she would receive a Jewish education, something she could not have attained in the former Soviet Union, and began to gain a love and appreciation for Judaism. Luba's faith became the impetus for her volunteerism, which began in 2005 with the Russian American Jewish Experience (RAJE). Luba spent all of her free evenings and weekends helping the RAJE with the organization of their Shabbat and holiday programs, social events, and student trips to Israel, all while successfully maintaining a day job as a Real Estate Tax Consultant for New York Water Management. In 2006, Luba joined RAJE as their full-time Fellowship Coordinator, where she was responsible for the student and young adult Jewish identity and community development programming. Over the next three years Luba staffed over 15 trips to Israel. Luba's devotion to the Jewish community led her to return to school, where she received her LMSW from Yeshiva University in 2011. She then began working with Holocaust survivors at the Jewish Community Council of Greater Coney Island and joined the Northeast Jewish Center (NEJC) community, which became her permanent home. Luba married Craig Glasser in 2012 and shortly thereafter became the proud mother of Aaron Dov. In spite of everything on her plate, Luba continues to open her home to the community for Shabbos dinners, cook for synagogue events, maintain the NEJC website, and teach classes. She is a beacon of light for the NEJC community and was incredibly deserving of being the organization's honoree in 2014. ____________________",https://api.govinfo.gov/related/CREC-2015-01-30-pt1-PgE137,CREC,Proceedings of Congress and General Congressional Publications,2025-03-07T17:22:16Z,Congressional Record,package_114_15.csv,2310,0,2310,"[congressional record volume 161, number 16 (friday, january 30, 2015)] [extensions of remarks] [page e137] from the congressional record online through the government publishing office [ www.gpo.gov ] honoring luba glasser _____ hon. eliot l. engel of new york in the house of representatives friday, january 30, 2015 mr. engel. mr. speaker, religion often has the power to inspire and motivate a person in truly remarkable ways that can shape entire communities. that has certainly been the case with luba glasser, a constituent of mine who has volunteered her time and energy for numerous jewish organizations. luba was born in moscow and immigrated to the united states with her family at the age of four. she was enrolled in a jewish day school so that she would receive a jewish education, something she could not have attained in the former soviet union, and began to gain a love and appreciation for judaism. luba's faith became the impetus for her volunteerism, which began in 2005 with the russian american jewish experience (raje). luba spent all of her free evenings and weekends helping the raje with the organization of their shabbat and holiday programs, social events, and student trips to israel, all while successfully maintaining a day job as a real estate tax consultant for new york water management. in 2006, luba joined raje as their full-time fellowship coordinator, where she was responsible for the student and young adult jewish identity and community development programming. over the next three years luba staffed over 15 trips to israel. luba's devotion to the jewish community led her to return to school, where she received her lmsw from yeshiva university in 2011. she then began working with holocaust survivors at the jewish community council of greater coney island and joined the northeast jewish center (nejc) community, which became her permanent home. luba married craig glasser in 2012 and shortly thereafter became the proud mother of aaron dov. in spite of everything on her plate, luba continues to open her home to the community for shabbos dinners, cook for synagogue events, maintain the nejc website, and teach classes. she is a beacon of light for the nejc community and was incredibly deserving of being the organization's honoree in 2014. ____________________",2310
CREC-2015-01-30-pt1-PgE137-3,CREC-2015-01-30,2015-01-30,HONORING MARGARET O. GRIFFIN,CREC,EXTENSIONS,E,E,1,https://www.govinfo.gov/app/details/CREC-2015-01-30/CREC-2015-01-30-pt1-PgE137-3,https://api.govinfo.gov/packages/CREC-2015-01-30/granules/CREC-2015-01-30-pt1-PgE137-3/htm,https://api.govinfo.gov/packages/CREC-2015-01-30/granules/CREC-2015-01-30-pt1-PgE137-3/pdf,https://api.govinfo.gov/packages/CREC-2015-01-30/summary,"[Congressional Record Volume 161, Number 16 (Friday, January 30, 2015)] [Extensions of Remarks] [Page E137] From the Congressional Record Online through the Government Publishing Office [ www.gpo.gov ] HONORING MARGARET O. GRIFFIN _____ HON. ELIOT L. ENGEL of new york in the house of representatives Friday, January 30, 2015 Mr. ENGEL. Mr. Speaker, a life filled with civic engagement enriches the soul and has the ability to raise entire communities. Such has been the case with Margaret O. Griffin, better known to her friends and family as Ollie, whose dedication to the St. Joseph's Medical Center and beyond has had a profound and lasting impact in Yonkers and the surrounding areas. Ollie was born in Yonkers and attended St. Denis Grammar School, then Sacred Heart High School. She received her Bachelor of Science degree from Marquette University and upon graduation began working as a research aide at Sloan-Kettering Institute in Rye. After working for the Boyce Thompson Institute for Plant Research, Ollie returned to school for a Master of Science degree followed by a Ph.D. in Biology from Fordham University. In 1994, Ollie retired from research and teaching which allowed her to increase her involvement in community affairs. She served on the boards of Fox House and the Ireland Fund and was a trustee of the Woman's Institute for many years. Ollie was also a long-time member of the Saint Joseph's Seminary Festival Chorale, which she was privileged to sing with at the Pallium ceremony in Rome. Ollie continues to be an active member in several other community clubs, including the Morsemere Garden Club, the Bonita Quilters, the Pelican Patchers and the Pelican Landing Singers. The highlight of Ollie's community service though has been her work at St. Joseph's, which began in 1993 as a trustee. She has served as an active and enthusiastic member until September of 2014 and made many great contributions to the center's development and success. Ollie's other great passion has been her three children, Colleen, Daniel, and Katherine, who she raised with her beloved husband, William, to whom she was married for 52 years. She also takes great pride in her six grandchildren, Shannon, William, Jack, Michael, Sean, and Brian. St. Joseph's Medical Center honored Ollie with the 2014 Outstanding Service Award, and a more fitting honoree they could not have found. Congratulations to Ollie on receiving this wonderful honor. ____________________",,"[Congressional Record Volume 161, Number 16 (Friday, January 30, 2015)] [Extensions of Remarks] [Page E137] From the Congressional Record Online through the Government Publishing Office [ www.gpo.gov ] HONORING MARGARET O. GRIFFIN _____ HON. ELIOT L. ENGEL of new york in the house of representatives Friday, January 30, 2015 Mr. ENGEL. Mr. Speaker, a life filled with civic engagement enriches the soul and has the ability to raise entire communities. Such has been the case with Margaret O. Griffin, better known to her friends and family as Ollie, whose dedication to the St. Joseph's Medical Center and beyond has had a profound and lasting impact in Yonkers and the surrounding areas. Ollie was born in Yonkers and attended St. Denis Grammar School, then Sacred Heart High School. She received her Bachelor of Science degree from Marquette University and upon graduation began working as a research aide at Sloan-Kettering Institute in Rye. After working for the Boyce Thompson Institute for Plant Research, Ollie returned to school for a Master of Science degree followed by a Ph.D. in Biology from Fordham University. In 1994, Ollie retired from research and teaching which allowed her to increase her involvement in community affairs. She served on the boards of Fox House and the Ireland Fund and was a trustee of the Woman's Institute for many years. Ollie was also a long-time member of the Saint Joseph's Seminary Festival Chorale, which she was privileged to sing with at the Pallium ceremony in Rome. Ollie continues to be an active member in several other community clubs, including the Morsemere Garden Club, the Bonita Quilters, the Pelican Patchers and the Pelican Landing Singers. The highlight of Ollie's community service though has been her work at St. Joseph's, which began in 1993 as a trustee. She has served as an active and enthusiastic member until September of 2014 and made many great contributions to the center's development and success. Ollie's other great passion has been her three children, Colleen, Daniel, and Katherine, who she raised with her beloved husband, William, to whom she was married for 52 years. She also takes great pride in her six grandchildren, Shannon, William, Jack, Michael, Sean, and Brian. St. Joseph's Medical Center honored Ollie with the 2014 Outstanding Service Award, and a more fitting honoree they could not have found. Congratulations to Ollie on receiving this wonderful honor. ____________________",https://api.govinfo.gov/related/CREC-2015-01-30-pt1-PgE137-3,CREC,Proceedings of Congress and General Congressional Publications,2025-03-07T17:22:16Z,Congressional Record,package_114_15.csv,2467,0,2467,"[congressional record volume 161, number 16 (friday, january 30, 2015)] [extensions of remarks] [page e137] from the congressional record online through the government publishing office [ www.gpo.gov ] honoring margaret o. griffin _____ hon. eliot l. engel of new york in the house of representatives friday, january 30, 2015 mr. engel. mr. speaker, a life filled with civic engagement enriches the soul and has the ability to raise entire communities. such has been the case with margaret o. griffin, better known to her friends and family as ollie, whose dedication to the st. joseph's medical center and beyond has had a profound and lasting impact in yonkers and the surrounding areas. ollie was born in yonkers and attended st. denis grammar school, then sacred heart high school. she received her bachelor of science degree from marquette university and upon graduation began working as a research aide at sloan-kettering institute in rye. after working for the boyce thompson institute for plant research, ollie returned to school for a master of science degree followed by a ph.d. in biology from fordham university. in 1994, ollie retired from research and teaching which allowed her to increase her involvement in community affairs. she served on the boards of fox house and the ireland fund and was a trustee of the woman's institute for many years. ollie was also a long-time member of the saint joseph's seminary festival chorale, which she was privileged to sing with at the pallium ceremony in rome. ollie continues to be an active member in several other community clubs, including the morsemere garden club, the bonita quilters, the pelican patchers and the pelican landing singers. the highlight of ollie's community service though has been her work at st. joseph's, which began in 1993 as a trustee. she has served as an active and enthusiastic member until september of 2014 and made many great contributions to the center's development and success. ollie's other great passion has been her three children, colleen, daniel, and katherine, who she raised with her beloved husband, william, to whom she was married for 52 years. she also takes great pride in her six grandchildren, shannon, william, jack, michael, sean, and brian. st. joseph's medical center honored ollie with the 2014 outstanding service award, and a more fitting honoree they could not have found. congratulations to ollie on receiving this wonderful honor. ____________________",2467
CREC-2015-01-30-pt1-PgE137-2,CREC-2015-01-30,2015-01-30,GENERAL LEAVE,CREC,EXTENSIONS,E,E,1,https://www.govinfo.gov/app/details/CREC-2015-01-30/CREC-2015-01-30-pt1-PgE137-2,https://api.govinfo.gov/packages/CREC-2015-01-30/granules/CREC-2015-01-30-pt1-PgE137-2/htm,https://api.govinfo.gov/packages/CREC-2015-01-30/granules/CREC-2015-01-30-pt1-PgE137-2/pdf,https://api.govinfo.gov/packages/CREC-2015-01-30/summary,"[Congressional Record Volume 161, Number 16 (Friday, January 30, 2015)] [Extensions of Remarks] [Page E137] From the Congressional Record Online through the Government Publishing Office [ www.gpo.gov ] GENERAL LEAVE ______ HON. BARBARA LEE of california in the house of representatives Friday, January 30, 2015 Ms. LEE. Mr. Speaker, I was not present for roll call votes 46-50 due to a family emergency. Had I been present, I would have voted no on #46, yes on #47, yes on #48, yes on #49, and no on #50. ____________________",,"[Congressional Record Volume 161, Number 16 (Friday, January 30, 2015)] [Extensions of Remarks] [Page E137] From the Congressional Record Online through the Government Publishing Office [ www.gpo.gov ] GENERAL LEAVE ______ HON. BARBARA LEE of california in the house of representatives Friday, January 30, 2015 Ms. LEE. Mr. Speaker, I was not present for roll call votes 46-50 due to a family emergency. Had I been present, I would have voted no on #46, yes on #47, yes on #48, yes on #49, and no on #50. ____________________",https://api.govinfo.gov/related/CREC-2015-01-30-pt1-PgE137-2,CREC,Proceedings of Congress and General Congressional Publications,2025-03-07T17:22:16Z,Congressional Record,package_114_15.csv,525,0,525,"[congressional record volume 161, number 16 (friday, january 30, 2015)] [extensions of remarks] [page e137] from the congressional record online through the government publishing office [ www.gpo.gov ] general leave ______ hon. barbara lee of california in the house of representatives friday, january 30, 2015 ms. lee. mr. speaker, i was not present for roll call votes 46-50 due to a family emergency. had i been present, i would have voted no on #46, yes on #47, yes on #48, yes on #49, and no on #50. ____________________",525
CREC-2015-01-30-pt1-PgE137-4,CREC-2015-01-30,2015-01-28,LNG PERMITTING CERTAINTY AND TRANSPARENCY ACT,CREC,EXTENSIONS,E,E,1,https://www.govinfo.gov/app/details/CREC-2015-01-30/CREC-2015-01-30-pt1-PgE137-4,https://api.govinfo.gov/packages/CREC-2015-01-30/granules/CREC-2015-01-30-pt1-PgE137-4/htm,https://api.govinfo.gov/packages/CREC-2015-01-30/granules/CREC-2015-01-30-pt1-PgE137-4/pdf,https://api.govinfo.gov/packages/CREC-2015-01-30/summary,"[Congressional Record Volume 161, Number 16 (Friday, January 30, 2015)] [Extensions of Remarks] [Page E137] From the Congressional Record Online through the Government Publishing Office [ www.gpo.gov ] LNG PERMITTING CERTAINTY AND TRANSPARENCY ACT ______ speech of HON. JODY B. HICE of georgia in the house of representatives Wednesday, January 28, 2015 Mr. JODY B. HICE of Georgia. Mr. Speaker, I rise in strong support of H.R. 351--the LNG Permitting Certainty and Transparency Act. H.R. 351 eliminates the ability for Washington bureaucrats to needlessly block the construction of liquefied natural gas (LNG) export facilities. Once the Department of Energy receives an application and environmental reviews have been completed, this legislation will place a thirty day deadline on the DOE in order to expedite permitting. One month is plenty of time for a determination to be made once all studies have been completed. Mr. Speaker, for the past five years this process has been painfully slow. Since 2010, the DOE has only fully processed five of the 37 applications received for LNG export to countries where a Free Trade Agreement is not in place. These delays have inhibited our ability to reach our potential as a global energy producer, and the bill we have before us will remove some of the burdensome regulations that currently exist. Additionally, Mr. Speaker, H.R. 351 will help put hardworking Americans back to work. A NERA Economic Consulting report informs us that making the needed investment to construct LNG export facilities will put 45,000 of our nation's unemployed back to work. Mr. Speaker, this legislation also has the ability to be used as a strong economic foreign policy tool. Less than a year ago, Vladimir Putin attempted to increase his power through force with the acquisition of Crimea and the prolonged stand-off in Eastern Ukraine. As a result, a number of our allies in Europe were placed in a tough spot because Russia is such a significant natural gas producer across the continent. Despite the current economic woes that plague the Russian Federation, in order for us to prevent future aggressive posturing by Putin, we must undercut his ability to hold the region hostage because of energy. H.R. 351 will allow us to build our domestic infrastructure, which will give our European allies a place to turn in the event of future Russian aggression. Mr. Speaker, for our own economic benefit, as well as the economic diplomacy that expanded LNG exports will provide, I ask all of my colleagues to support H.R. 351. ____________________",,"[Congressional Record Volume 161, Number 16 (Friday, January 30, 2015)] [Extensions of Remarks] [Page E137] From the Congressional Record Online through the Government Publishing Office [ www.gpo.gov ] LNG PERMITTING CERTAINTY AND TRANSPARENCY ACT ______ speech of HON. JODY B. HICE of georgia in the house of representatives Wednesday, January 28, 2015 Mr. JODY B. HICE of Georgia. Mr. Speaker, I rise in strong support of H.R. 351--the LNG Permitting Certainty and Transparency Act. H.R. 351 eliminates the ability for Washington bureaucrats to needlessly block the construction of liquefied natural gas (LNG) export facilities. Once the Department of Energy receives an application and environmental reviews have been completed, this legislation will place a thirty day deadline on the DOE in order to expedite permitting. One month is plenty of time for a determination to be made once all studies have been completed. Mr. Speaker, for the past five years this process has been painfully slow. Since 2010, the DOE has only fully processed five of the 37 applications received for LNG export to countries where a Free Trade Agreement is not in place. These delays have inhibited our ability to reach our potential as a global energy producer, and the bill we have before us will remove some of the burdensome regulations that currently exist. Additionally, Mr. Speaker, H.R. 351 will help put hardworking Americans back to work. A NERA Economic Consulting report informs us that making the needed investment to construct LNG export facilities will put 45,000 of our nation's unemployed back to work. Mr. Speaker, this legislation also has the ability to be used as a strong economic foreign policy tool. Less than a year ago, Vladimir Putin attempted to increase his power through force with the acquisition of Crimea and the prolonged stand-off in Eastern Ukraine. As a result, a number of our allies in Europe were placed in a tough spot because Russia is such a significant natural gas producer across the continent. Despite the current economic woes that plague the Russian Federation, in order for us to prevent future aggressive posturing by Putin, we must undercut his ability to hold the region hostage because of energy. H.R. 351 will allow us to build our domestic infrastructure, which will give our European allies a place to turn in the event of future Russian aggression. Mr. Speaker, for our own economic benefit, as well as the economic diplomacy that expanded LNG exports will provide, I ask all of my colleagues to support H.R. 351. ____________________",https://api.govinfo.gov/related/CREC-2015-01-30-pt1-PgE137-4,CREC,Proceedings of Congress and General Congressional Publications,2025-03-07T17:22:16Z,Congressional Record,package_114_15.csv,2574,0,2574,"[congressional record volume 161, number 16 (friday, january 30, 2015)] [extensions of remarks] [page e137] from the congressional record online through the government publishing office [ www.gpo.gov ] lng permitting certainty and transparency act ______ speech of hon. jody b. hice of georgia in the house of representatives wednesday, january 28, 2015 mr. jody b. hice of georgia. mr. speaker, i rise in strong support of h.r. 351--the lng permitting certainty and transparency act. h.r. 351 eliminates the ability for washington bureaucrats to needlessly block the construction of liquefied natural gas (lng) export facilities. once the department of energy receives an application and environmental reviews have been completed, this legislation will place a thirty day deadline on the doe in order to expedite permitting. one month is plenty of time for a determination to be made once all studies have been completed. mr. speaker, for the past five years this process has been painfully slow. since 2010, the doe has only fully processed five of the 37 applications received for lng export to countries where a free trade agreement is not in place. these delays have inhibited our ability to reach our potential as a global energy producer, and the bill we have before us will remove some of the burdensome regulations that currently exist. additionally, mr. speaker, h.r. 351 will help put hardworking americans back to work. a nera economic consulting report informs us that making the needed investment to construct lng export facilities will put 45,000 of our nation's unemployed back to work. mr. speaker, this legislation also has the ability to be used as a strong economic foreign policy tool. less than a year ago, vladimir putin attempted to increase his power through force with the acquisition of crimea and the prolonged stand-off in eastern ukraine. as a result, a number of our allies in europe were placed in a tough spot because russia is such a significant natural gas producer across the continent. despite the current economic woes that plague the russian federation, in order for us to prevent future aggressive posturing by putin, we must undercut his ability to hold the region hostage because of energy. h.r. 351 will allow us to build our domestic infrastructure, which will give our european allies a place to turn in the event of future russian aggression. mr. speaker, for our own economic benefit, as well as the economic diplomacy that expanded lng exports will provide, i ask all of my colleagues to support h.r. 351. ____________________",2574
CREC-2015-01-30-pt1-PgE138,CREC-2015-01-30,2015-01-30,HONORING NADEM J. SAYEGH,CREC,EXTENSIONS,E,E,1,https://www.govinfo.gov/app/details/CREC-2015-01-30/CREC-2015-01-30-pt1-PgE138,https://api.govinfo.gov/packages/CREC-2015-01-30/granules/CREC-2015-01-30-pt1-PgE138/htm,https://api.govinfo.gov/packages/CREC-2015-01-30/granules/CREC-2015-01-30-pt1-PgE138/pdf,https://api.govinfo.gov/packages/CREC-2015-01-30/summary,"[Congressional Record Volume 161, Number 16 (Friday, January 30, 2015)] [Extensions of Remarks] [Page E138] From the Congressional Record Online through the Government Publishing Office [ www.gpo.gov ] HONORING NADEM J. SAYEGH _____ HON. ELIOT L. ENGEL of new york in the house of representatives Friday, January 30, 2015 Mr. ENGEL. Mr. Speaker, there are few professions that serve the public good like healthcare. Committing one's life to providing people with excellent medical care is a noble calling, a calling Nadem Sayegh has answered with distinction. A lifelong resident of Yonkers, Nadem decided to pursue a career in medicine, and became a specialist in the field of Endocrinology. Following medical school, Nadem opened a private practice in 1994 and later became Manager of Southern Westchester Diabetes, with offices in both the Bronx and Yonkers. In addition, he also operates Broadway Medical Services, a clinic in Yonkers serving a diverse population of residents. The clinic was scheduled to close in 2009, but through Nadem's incredible efforts the clinic is not only open, but thriving, and now treats more than 15,000 patients every year, an incredible feat. Nadem has been recognized by many organizations over the years for his commitment to healthcare excellence. He was honored by the Jessie Banks Foundation for his contributions to those affected with diabetes, and in 2013 received the Father of the Year Award by the American Diabetes Association, an organization of which he was later named New York Chapter President. Nadem's community involvement also extends beyond the field of medicine. He has served the Virgin Mary Church since its inception in 1966 and has done public speaking and counseling work for numerous organizations. But for Nadem, his greatest blessing has always been his family; his beautiful wife Diana, and their three sons, all currently enrolled in college. Their love and support has been instrumental to Nadem's success and the growth of his work. A true pillar of the healthcare community, Nadem served on the medical board of St. Joseph's Medical Center and became its President in 2006-2007. The center decided to honor Nadem with the 2014 Outstanding Service Award, and its safe to say they found a particularly deserving honoree. Congratulations to Nadem on the honor. ____________________",,"[Congressional Record Volume 161, Number 16 (Friday, January 30, 2015)] [Extensions of Remarks] [Page E138] From the Congressional Record Online through the Government Publishing Office [ www.gpo.gov ] HONORING NADEM J. SAYEGH _____ HON. ELIOT L. ENGEL of new york in the house of representatives Friday, January 30, 2015 Mr. ENGEL. Mr. Speaker, there are few professions that serve the public good like healthcare. Committing one's life to providing people with excellent medical care is a noble calling, a calling Nadem Sayegh has answered with distinction. A lifelong resident of Yonkers, Nadem decided to pursue a career in medicine, and became a specialist in the field of Endocrinology. Following medical school, Nadem opened a private practice in 1994 and later became Manager of Southern Westchester Diabetes, with offices in both the Bronx and Yonkers. In addition, he also operates Broadway Medical Services, a clinic in Yonkers serving a diverse population of residents. The clinic was scheduled to close in 2009, but through Nadem's incredible efforts the clinic is not only open, but thriving, and now treats more than 15,000 patients every year, an incredible feat. Nadem has been recognized by many organizations over the years for his commitment to healthcare excellence. He was honored by the Jessie Banks Foundation for his contributions to those affected with diabetes, and in 2013 received the Father of the Year Award by the American Diabetes Association, an organization of which he was later named New York Chapter President. Nadem's community involvement also extends beyond the field of medicine. He has served the Virgin Mary Church since its inception in 1966 and has done public speaking and counseling work for numerous organizations. But for Nadem, his greatest blessing has always been his family; his beautiful wife Diana, and their three sons, all currently enrolled in college. Their love and support has been instrumental to Nadem's success and the growth of his work. A true pillar of the healthcare community, Nadem served on the medical board of St. Joseph's Medical Center and became its President in 2006-2007. The center decided to honor Nadem with the 2014 Outstanding Service Award, and its safe to say they found a particularly deserving honoree. Congratulations to Nadem on the honor. ____________________",https://api.govinfo.gov/related/CREC-2015-01-30-pt1-PgE138,CREC,Proceedings of Congress and General Congressional Publications,2025-03-07T17:22:16Z,Congressional Record,package_114_15.csv,2350,0,2350,"[congressional record volume 161, number 16 (friday, january 30, 2015)] [extensions of remarks] [page e138] from the congressional record online through the government publishing office [ www.gpo.gov ] honoring nadem j. sayegh _____ hon. eliot l. engel of new york in the house of representatives friday, january 30, 2015 mr. engel. mr. speaker, there are few professions that serve the public good like healthcare. committing one's life to providing people with excellent medical care is a noble calling, a calling nadem sayegh has answered with distinction. a lifelong resident of yonkers, nadem decided to pursue a career in medicine, and became a specialist in the field of endocrinology. following medical school, nadem opened a private practice in 1994 and later became manager of southern westchester diabetes, with offices in both the bronx and yonkers. in addition, he also operates broadway medical services, a clinic in yonkers serving a diverse population of residents. the clinic was scheduled to close in 2009, but through nadem's incredible efforts the clinic is not only open, but thriving, and now treats more than 15,000 patients every year, an incredible feat. nadem has been recognized by many organizations over the years for his commitment to healthcare excellence. he was honored by the jessie banks foundation for his contributions to those affected with diabetes, and in 2013 received the father of the year award by the american diabetes association, an organization of which he was later named new york chapter president. nadem's community involvement also extends beyond the field of medicine. he has served the virgin mary church since its inception in 1966 and has done public speaking and counseling work for numerous organizations. but for nadem, his greatest blessing has always been his family; his beautiful wife diana, and their three sons, all currently enrolled in college. their love and support has been instrumental to nadem's success and the growth of his work. a true pillar of the healthcare community, nadem served on the medical board of st. joseph's medical center and became its president in 2006-2007. the center decided to honor nadem with the 2014 outstanding service award, and its safe to say they found a particularly deserving honoree. congratulations to nadem on the honor. ____________________",2350
CREC-2015-01-30-pt1-PgE137-5,CREC-2015-01-30,2015-01-30,PERSONAL EXPLANATION,CREC,EXTENSIONS,E,E,1,https://www.govinfo.gov/app/details/CREC-2015-01-30/CREC-2015-01-30-pt1-PgE137-5,https://api.govinfo.gov/packages/CREC-2015-01-30/granules/CREC-2015-01-30-pt1-PgE137-5/htm,https://api.govinfo.gov/packages/CREC-2015-01-30/granules/CREC-2015-01-30-pt1-PgE137-5/pdf,https://api.govinfo.gov/packages/CREC-2015-01-30/summary,"[Congressional Record Volume 161, Number 16 (Friday, January 30, 2015)] [Extensions of Remarks] [Pages E137-E138] From the Congressional Record Online through the Government Publishing Office [ www.gpo.gov ] PERSONAL EXPLANATION ______ HON. JACKIE WALORSKI of indiana in the house of representatives Friday, January 30, 2015 Mrs. WALORSKI. Mr. Speaker, I unfortunately missed votes on January 27, 2015. I missed recorded votes # 46-48. I would like to [[Page E138]] reflect how I would have voted if I were present. On Roll Call #46, I would have voted YEA (Adoption of H. Res. 48--The rule providing for consideration of H.R. 351--LNG Permitting Certainty and Transparency Act). On Roll Call #47, I would have voted YEA (Passage of H.R. 469, Strengthening Child Welfare Response to Trafficking Act). On Roll Call #48, I would have voted YEA (Passage of H.R. 246, To improve the response to victims of child sex trafficking). ____________________",,"[Congressional Record Volume 161, Number 16 (Friday, January 30, 2015)] [Extensions of Remarks] [Pages E137-E138] From the Congressional Record Online through the Government Publishing Office [ www.gpo.gov ] PERSONAL EXPLANATION ______ HON. JACKIE WALORSKI of indiana in the house of representatives Friday, January 30, 2015 Mrs. WALORSKI. Mr. Speaker, I unfortunately missed votes on January 27, 2015. I missed recorded votes # 46-48. I would like to [[Page E138]] reflect how I would have voted if I were present. On Roll Call #46, I would have voted YEA (Adoption of H. Res. 48--The rule providing for consideration of H.R. 351--LNG Permitting Certainty and Transparency Act). On Roll Call #47, I would have voted YEA (Passage of H.R. 469, Strengthening Child Welfare Response to Trafficking Act). On Roll Call #48, I would have voted YEA (Passage of H.R. 246, To improve the response to victims of child sex trafficking). ____________________",https://api.govinfo.gov/related/CREC-2015-01-30-pt1-PgE137-5,CREC,Proceedings of Congress and General Congressional Publications,2025-03-07T17:22:16Z,Congressional Record,package_114_15.csv,946,0,946,"[congressional record volume 161, number 16 (friday, january 30, 2015)] [extensions of remarks] [pages e137-e138] from the congressional record online through the government publishing office [ www.gpo.gov ] personal explanation ______ hon. jackie walorski of indiana in the house of representatives friday, january 30, 2015 mrs. walorski. mr. speaker, i unfortunately missed votes on january 27, 2015. i missed recorded votes # 46-48. i would like to [[page e138]] reflect how i would have voted if i were present. on roll call #46, i would have voted yea (adoption of h. res. 48--the rule providing for consideration of h.r. 351--lng permitting certainty and transparency act). on roll call #47, i would have voted yea (passage of h.r. 469, strengthening child welfare response to trafficking act). on roll call #48, i would have voted yea (passage of h.r. 246, to improve the response to victims of child sex trafficking). ____________________",946
CREC-2015-01-30-pt1-PgE138-2,CREC-2015-01-30,2015-01-30,CONGRATULATING DR. JOHN ``ROB'' MARSH ON BEING NAMED THE 2014 COUNTRY DOCTOR OF THE YEAR,CREC,EXTENSIONS,E,E,1,https://www.govinfo.gov/app/details/CREC-2015-01-30/CREC-2015-01-30-pt1-PgE138-2,https://api.govinfo.gov/packages/CREC-2015-01-30/granules/CREC-2015-01-30-pt1-PgE138-2/htm,https://api.govinfo.gov/packages/CREC-2015-01-30/granules/CREC-2015-01-30-pt1-PgE138-2/pdf,https://api.govinfo.gov/packages/CREC-2015-01-30/summary,"[Congressional Record Volume 161, Number 16 (Friday, January 30, 2015)] [Extensions of Remarks] [Page E138] From the Congressional Record Online through the Government Publishing Office [ www.gpo.gov ] CONGRATULATING DR. JOHN ``ROB'' MARSH ON BEING NAMED THE 2014 COUNTRY DOCTOR OF THE YEAR _____ HON. BOB GOODLATTE of virginia in the house of representatives Friday, January 30, 2015 Mr. GOODLATTE. Mr. Speaker, the character of a community is often defined by the individuals who call it home and the actions of those individuals in service to others. Dr. John ``Rob'' Marsh of Middlebrook, Virginia, who practices medicine in the heart of the Shenandoah Valley, exemplifies this type of service that is truly for the betterment of his community. It is my honor to congratulate Dr. Marsh on being named the 2014 Country Doctor of the Year by StaffCare. The Country Doctor of the Year Award recognizes ``the spirit, skill, and dedication of America's rural medical practitioners.'' This is indeed a well-deserved recognition. In times of great change, especially in the field of health care, it is encouraging to know that someone like Dr. Marsh is still engaged in the practice of medicine. He is dedicated to serving those in his community and not always in conventional settings. He drops by for regular house calls, makes rounds at the hospital, and presides over a long-term care facility. Dr. Marsh also serves others who are just passing through at his clinic located alongside a truck stop by the interstate in Raphine, Virginia. Dr. Marsh's service in the United States Army as a military physician is well known. He cared for the wounded members of Delta Force in war zones and nearly lost his own life in a mortar attack in Somalia; despite his own wounds, Dr. Marsh continued to tend to others who had been injured. Dr. Marsh is a decorated military physician, having received the Legion of Merit, two Bronze Stars, a Purple Heart, the Department of Defense Meritorious Service Medal, and the Army Meritorious Service Medal. With his wife, Barbara, and their children, Dr. Marsh has deep roots in Virginia, and for that I am grateful. It has been an honor to know Dr. Marsh over the years as well as his father, former Virginia U.S. Representative and Secretary of the Army, John Marsh. For many in the Shenandoah Valley, Dr. Marsh is much more than a doctor. He is a friend, a fellow farmer, and a pillar of the community. Dr. Marsh's contributions are immeasurable, and this award is only the smallest token of gratitude he is owed. I wish him and his family the best. ____________________",,"[Congressional Record Volume 161, Number 16 (Friday, January 30, 2015)] [Extensions of Remarks] [Page E138] From the Congressional Record Online through the Government Publishing Office [ www.gpo.gov ] CONGRATULATING DR. JOHN ``ROB'' MARSH ON BEING NAMED THE 2014 COUNTRY DOCTOR OF THE YEAR _____ HON. BOB GOODLATTE of virginia in the house of representatives Friday, January 30, 2015 Mr. GOODLATTE. Mr. Speaker, the character of a community is often defined by the individuals who call it home and the actions of those individuals in service to others. Dr. John ``Rob'' Marsh of Middlebrook, Virginia, who practices medicine in the heart of the Shenandoah Valley, exemplifies this type of service that is truly for the betterment of his community. It is my honor to congratulate Dr. Marsh on being named the 2014 Country Doctor of the Year by StaffCare. The Country Doctor of the Year Award recognizes ``the spirit, skill, and dedication of America's rural medical practitioners.'' This is indeed a well-deserved recognition. In times of great change, especially in the field of health care, it is encouraging to know that someone like Dr. Marsh is still engaged in the practice of medicine. He is dedicated to serving those in his community and not always in conventional settings. He drops by for regular house calls, makes rounds at the hospital, and presides over a long-term care facility. Dr. Marsh also serves others who are just passing through at his clinic located alongside a truck stop by the interstate in Raphine, Virginia. Dr. Marsh's service in the United States Army as a military physician is well known. He cared for the wounded members of Delta Force in war zones and nearly lost his own life in a mortar attack in Somalia; despite his own wounds, Dr. Marsh continued to tend to others who had been injured. Dr. Marsh is a decorated military physician, having received the Legion of Merit, two Bronze Stars, a Purple Heart, the Department of Defense Meritorious Service Medal, and the Army Meritorious Service Medal. With his wife, Barbara, and their children, Dr. Marsh has deep roots in Virginia, and for that I am grateful. It has been an honor to know Dr. Marsh over the years as well as his father, former Virginia U.S. Representative and Secretary of the Army, John Marsh. For many in the Shenandoah Valley, Dr. Marsh is much more than a doctor. He is a friend, a fellow farmer, and a pillar of the community. Dr. Marsh's contributions are immeasurable, and this award is only the smallest token of gratitude he is owed. I wish him and his family the best. ____________________",https://api.govinfo.gov/related/CREC-2015-01-30-pt1-PgE138-2,CREC,Proceedings of Congress and General Congressional Publications,2025-03-07T17:22:16Z,Congressional Record,package_114_15.csv,2604,0,2604,"[congressional record volume 161, number 16 (friday, january 30, 2015)] [extensions of remarks] [page e138] from the congressional record online through the government publishing office [ www.gpo.gov ] congratulating dr. john ``rob'' marsh on being named the 2014 country doctor of the year _____ hon. bob goodlatte of virginia in the house of representatives friday, january 30, 2015 mr. goodlatte. mr. speaker, the character of a community is often defined by the individuals who call it home and the actions of those individuals in service to others. dr. john ``rob'' marsh of middlebrook, virginia, who practices medicine in the heart of the shenandoah valley, exemplifies this type of service that is truly for the betterment of his community. it is my honor to congratulate dr. marsh on being named the 2014 country doctor of the year by staffcare. the country doctor of the year award recognizes ``the spirit, skill, and dedication of america's rural medical practitioners.'' this is indeed a well-deserved recognition. in times of great change, especially in the field of health care, it is encouraging to know that someone like dr. marsh is still engaged in the practice of medicine. he is dedicated to serving those in his community and not always in conventional settings. he drops by for regular house calls, makes rounds at the hospital, and presides over a long-term care facility. dr. marsh also serves others who are just passing through at his clinic located alongside a truck stop by the interstate in raphine, virginia. dr. marsh's service in the united states army as a military physician is well known. he cared for the wounded members of delta force in war zones and nearly lost his own life in a mortar attack in somalia; despite his own wounds, dr. marsh continued to tend to others who had been injured. dr. marsh is a decorated military physician, having received the legion of merit, two bronze stars, a purple heart, the department of defense meritorious service medal, and the army meritorious service medal. with his wife, barbara, and their children, dr. marsh has deep roots in virginia, and for that i am grateful. it has been an honor to know dr. marsh over the years as well as his father, former virginia u.s. representative and secretary of the army, john marsh. for many in the shenandoah valley, dr. marsh is much more than a doctor. he is a friend, a fellow farmer, and a pillar of the community. dr. marsh's contributions are immeasurable, and this award is only the smallest token of gratitude he is owed. i wish him and his family the best. ____________________",2604
CREC-2015-01-30-pt1-PgE138-3,CREC-2015-01-30,2015-01-30,HONORING FRANK RITI,CREC,EXTENSIONS,E,E,1,https://www.govinfo.gov/app/details/CREC-2015-01-30/CREC-2015-01-30-pt1-PgE138-3,https://api.govinfo.gov/packages/CREC-2015-01-30/granules/CREC-2015-01-30-pt1-PgE138-3/htm,https://api.govinfo.gov/packages/CREC-2015-01-30/granules/CREC-2015-01-30-pt1-PgE138-3/pdf,https://api.govinfo.gov/packages/CREC-2015-01-30/summary,"[Congressional Record Volume 161, Number 16 (Friday, January 30, 2015)] [Extensions of Remarks] [Page E138] From the Congressional Record Online through the Government Publishing Office [ www.gpo.gov ] HONORING FRANK RITI ______ HON. ELIOT L. ENGEL of new york in the house of representatives Friday, January 30, 2015 Mr. ENGEL. Mr. Speaker, civic minded community groups are only as strong and effective as the members who lead them. That is why the Bronx-Westchester South Division of Kiwanis, under the leadership of Lieutenant Governor Frank Riti, has been so successful. As Lieutenant Governor, Frank has overseen 12 Kiwanis Clubs in his division, including those in Bronx Shore, Hartsdale, Mount Vernon, North East Bronx, Riverdale and Yonkers. He has made 3 official visits to each club and during his tenure has made a point of hosting events that bring all divisions together to create a communal spirit in the Kiwanis organization. Working to fulfill the goals set forth by New York State Kiwanis Governor Joseph Aiello, Frank encouraged all of his clubs to participate in the Governor's Project which centered on autism awareness. With Frank's hard work the South Division was able to raise critical funds for autism causes and hold programs dedicated to raising awareness. Frank was also instrumental in the ``Treats for Troops'' Kiwanis program which sent gift packages to our young men and women serving overseas. Both the Governor's Project and ``Treats for the Troops'' were highly successful. Frank was also a big supporter of the Kiwanis International project ``Eliminate'' which deals with maternal neo-natal tetanus issues plaguing families on a global scale. Frank's ability to bring his 12 clubs together to support these causes was what made them successful, and led to their collective contributions being recognized by both the New York State District and International Kiwanis respectively. Prior to his wonderful work with Kiwanis, Frank worked in the health care field, serving as head of occupational therapy in nursing homes in both Westchester and the Bronx. Frank was beloved by both his staff and patients and gave many years of service to the field. The Yonkers Kiwanis Club honored Frank at a dinner which celebrated their 85 years of service to the Yonkers community in 2014. I believe there was no more fitting honoree than Frank Riti, and wish to offer him my sincerest congratulations on that wonderful recognition. ____________________",,"[Congressional Record Volume 161, Number 16 (Friday, January 30, 2015)] [Extensions of Remarks] [Page E138] From the Congressional Record Online through the Government Publishing Office [ www.gpo.gov ] HONORING FRANK RITI ______ HON. ELIOT L. ENGEL of new york in the house of representatives Friday, January 30, 2015 Mr. ENGEL. Mr. Speaker, civic minded community groups are only as strong and effective as the members who lead them. That is why the Bronx-Westchester South Division of Kiwanis, under the leadership of Lieutenant Governor Frank Riti, has been so successful. As Lieutenant Governor, Frank has overseen 12 Kiwanis Clubs in his division, including those in Bronx Shore, Hartsdale, Mount Vernon, North East Bronx, Riverdale and Yonkers. He has made 3 official visits to each club and during his tenure has made a point of hosting events that bring all divisions together to create a communal spirit in the Kiwanis organization. Working to fulfill the goals set forth by New York State Kiwanis Governor Joseph Aiello, Frank encouraged all of his clubs to participate in the Governor's Project which centered on autism awareness. With Frank's hard work the South Division was able to raise critical funds for autism causes and hold programs dedicated to raising awareness. Frank was also instrumental in the ``Treats for Troops'' Kiwanis program which sent gift packages to our young men and women serving overseas. Both the Governor's Project and ``Treats for the Troops'' were highly successful. Frank was also a big supporter of the Kiwanis International project ``Eliminate'' which deals with maternal neo-natal tetanus issues plaguing families on a global scale. Frank's ability to bring his 12 clubs together to support these causes was what made them successful, and led to their collective contributions being recognized by both the New York State District and International Kiwanis respectively. Prior to his wonderful work with Kiwanis, Frank worked in the health care field, serving as head of occupational therapy in nursing homes in both Westchester and the Bronx. Frank was beloved by both his staff and patients and gave many years of service to the field. The Yonkers Kiwanis Club honored Frank at a dinner which celebrated their 85 years of service to the Yonkers community in 2014. I believe there was no more fitting honoree than Frank Riti, and wish to offer him my sincerest congratulations on that wonderful recognition. ____________________",https://api.govinfo.gov/related/CREC-2015-01-30-pt1-PgE138-3,CREC,Proceedings of Congress and General Congressional Publications,2025-03-07T17:22:16Z,Congressional Record,package_114_15.csv,2475,0,2475,"[congressional record volume 161, number 16 (friday, january 30, 2015)] [extensions of remarks] [page e138] from the congressional record online through the government publishing office [ www.gpo.gov ] honoring frank riti ______ hon. eliot l. engel of new york in the house of representatives friday, january 30, 2015 mr. engel. mr. speaker, civic minded community groups are only as strong and effective as the members who lead them. that is why the bronx-westchester south division of kiwanis, under the leadership of lieutenant governor frank riti, has been so successful. as lieutenant governor, frank has overseen 12 kiwanis clubs in his division, including those in bronx shore, hartsdale, mount vernon, north east bronx, riverdale and yonkers. he has made 3 official visits to each club and during his tenure has made a point of hosting events that bring all divisions together to create a communal spirit in the kiwanis organization. working to fulfill the goals set forth by new york state kiwanis governor joseph aiello, frank encouraged all of his clubs to participate in the governor's project which centered on autism awareness. with frank's hard work the south division was able to raise critical funds for autism causes and hold programs dedicated to raising awareness. frank was also instrumental in the ``treats for troops'' kiwanis program which sent gift packages to our young men and women serving overseas. both the governor's project and ``treats for the troops'' were highly successful. frank was also a big supporter of the kiwanis international project ``eliminate'' which deals with maternal neo-natal tetanus issues plaguing families on a global scale. frank's ability to bring his 12 clubs together to support these causes was what made them successful, and led to their collective contributions being recognized by both the new york state district and international kiwanis respectively. prior to his wonderful work with kiwanis, frank worked in the health care field, serving as head of occupational therapy in nursing homes in both westchester and the bronx. frank was beloved by both his staff and patients and gave many years of service to the field. the yonkers kiwanis club honored frank at a dinner which celebrated their 85 years of service to the yonkers community in 2014. i believe there was no more fitting honoree than frank riti, and wish to offer him my sincerest congratulations on that wonderful recognition. ____________________",2475
CREC-2015-01-30-pt1-PgE138-4,CREC-2015-01-30,2015-01-30,HONORING LT. COL. ED SAYLOR,CREC,EXTENSIONS,E,E,1,https://www.govinfo.gov/app/details/CREC-2015-01-30/CREC-2015-01-30-pt1-PgE138-4,https://api.govinfo.gov/packages/CREC-2015-01-30/granules/CREC-2015-01-30-pt1-PgE138-4/htm,https://api.govinfo.gov/packages/CREC-2015-01-30/granules/CREC-2015-01-30-pt1-PgE138-4/pdf,https://api.govinfo.gov/packages/CREC-2015-01-30/summary,"[Congressional Record Volume 161, Number 16 (Friday, January 30, 2015)] [Extensions of Remarks] [Pages E138-E139] From the Congressional Record Online through the Government Publishing Office [ www.gpo.gov ] HONORING LT. COL. ED SAYLOR ______ HON. DAVID G. REICHERT of washington in the house of representatives Friday, January 30, 2015 Mr. REICHERT. Mr. Speaker, I rise today to honor the life of the late Lt. Col. Ed Saylor. Lt. Col. Saylor was part of the infamous Doolittle Raiders who risked their lives during World War II. These men were responsible for raising the morale of an entire nation after the devastating attack on Pearl Harbor. Lt. Col. Saylor passed away Wednesday, but he is not gone from our hearts. His heroic actions will tell his story long after we are gone. Without him, the USS Hornet's plane number 15, also known as ``TNT'' and a critical part of the Doolittle Raid, would never have flown in 1941. Sgt. Saylor, as he was then, was able to remove and repair the engine of ``TNT''--the first time this had ever been done at sea. He was also responsible for writing the words ``Democracy's Ace in the Hole'' on the side of the plane just before take-off. This message and symbolism would resonate for the duration of the war, helping to remind our troops that our side was fighting the right battle. Mr. Speaker, Lt. Col. Saylor went above and beyond the call of duty. He served our country in the military for 28 years; he helped America rise to greatness from the brink of despair, [[Page E139]] propelling us to victory. We will never forget him and I am proud to have called him my friend. I will always cherish his gift of a stained glass B52 Bomber he had hand-made himself. ____________________",,"[Congressional Record Volume 161, Number 16 (Friday, January 30, 2015)] [Extensions of Remarks] [Pages E138-E139] From the Congressional Record Online through the Government Publishing Office [ www.gpo.gov ] HONORING LT. COL. ED SAYLOR ______ HON. DAVID G. REICHERT of washington in the house of representatives Friday, January 30, 2015 Mr. REICHERT. Mr. Speaker, I rise today to honor the life of the late Lt. Col. Ed Saylor. Lt. Col. Saylor was part of the infamous Doolittle Raiders who risked their lives during World War II. These men were responsible for raising the morale of an entire nation after the devastating attack on Pearl Harbor. Lt. Col. Saylor passed away Wednesday, but he is not gone from our hearts. His heroic actions will tell his story long after we are gone. Without him, the USS Hornet's plane number 15, also known as ``TNT'' and a critical part of the Doolittle Raid, would never have flown in 1941. Sgt. Saylor, as he was then, was able to remove and repair the engine of ``TNT''--the first time this had ever been done at sea. He was also responsible for writing the words ``Democracy's Ace in the Hole'' on the side of the plane just before take-off. This message and symbolism would resonate for the duration of the war, helping to remind our troops that our side was fighting the right battle. Mr. Speaker, Lt. Col. Saylor went above and beyond the call of duty. He served our country in the military for 28 years; he helped America rise to greatness from the brink of despair, [[Page E139]] propelling us to victory. We will never forget him and I am proud to have called him my friend. I will always cherish his gift of a stained glass B52 Bomber he had hand-made himself. ____________________",https://api.govinfo.gov/related/CREC-2015-01-30-pt1-PgE138-4,CREC,Proceedings of Congress and General Congressional Publications,2025-03-07T17:22:16Z,Congressional Record,package_114_15.csv,1728,0,1728,"[congressional record volume 161, number 16 (friday, january 30, 2015)] [extensions of remarks] [pages e138-e139] from the congressional record online through the government publishing office [ www.gpo.gov ] honoring lt. col. ed saylor ______ hon. david g. reichert of washington in the house of representatives friday, january 30, 2015 mr. reichert. mr. speaker, i rise today to honor the life of the late lt. col. ed saylor. lt. col. saylor was part of the infamous doolittle raiders who risked their lives during world war ii. these men were responsible for raising the morale of an entire nation after the devastating attack on pearl harbor. lt. col. saylor passed away wednesday, but he is not gone from our hearts. his heroic actions will tell his story long after we are gone. without him, the uss hornet's plane number 15, also known as ``tnt'' and a critical part of the doolittle raid, would never have flown in 1941. sgt. saylor, as he was then, was able to remove and repair the engine of ``tnt''--the first time this had ever been done at sea. he was also responsible for writing the words ``democracy's ace in the hole'' on the side of the plane just before take-off. this message and symbolism would resonate for the duration of the war, helping to remind our troops that our side was fighting the right battle. mr. speaker, lt. col. saylor went above and beyond the call of duty. he served our country in the military for 28 years; he helped america rise to greatness from the brink of despair, [[page e139]] propelling us to victory. we will never forget him and i am proud to have called him my friend. i will always cherish his gift of a stained glass b52 bomber he had hand-made himself. ____________________",1728
CREC-2015-01-30-pt1-PgE139,CREC-2015-01-30,2015-01-30,HONORING BEATRICE CASTIGLIA-CATULLO,CREC,EXTENSIONS,E,E,1,https://www.govinfo.gov/app/details/CREC-2015-01-30/CREC-2015-01-30-pt1-PgE139,https://api.govinfo.gov/packages/CREC-2015-01-30/granules/CREC-2015-01-30-pt1-PgE139/htm,https://api.govinfo.gov/packages/CREC-2015-01-30/granules/CREC-2015-01-30-pt1-PgE139/pdf,https://api.govinfo.gov/packages/CREC-2015-01-30/summary,"[Congressional Record Volume 161, Number 16 (Friday, January 30, 2015)] [Extensions of Remarks] [Page E139] From the Congressional Record Online through the Government Publishing Office [ www.gpo.gov ] HONORING BEATRICE CASTIGLIA-CATULLO ______ HON. ELIOT L. ENGEL of new york in the house of representatives Friday, January 30, 2015 Mr. ENGEL. Mr. Speaker, sometimes a simple civic organization intended to help and improve a small community can turn into a pillar of hope for an entire city. That has undoubtedly been the case with Regional Aid for Interim Needs, or RAIN, thanks in large part to its founder, Beatrice Castiglia-Catullo. Bea has given her life to her community and always advocates on behalf of those marginalized. RAIN was founded in 1964 to serve those in need as a multi-social service agency. It provides an array of invaluable services to the senior community of the Bronx, many of whom are handicapped, home bound, or otherwise incapable of providing themselves with certain necessities. RAIN has full-service neighborhood senior centers, home-delivered meals, transportation services, assistance with benefits and entitlements, case management and elder abuse services, in addition to community-based mobile meals for homeless and hungry persons. Their commitment to helping the elderly population has also led to the sponsorship of two residential housing projects for low-income seniors and an affiliated home attendant program that provides in-home attendant and care services. Building off their incredible success in the Bronx, RAIN has recently expanded its services to Manhattan and has licensed to provide Home Health Care in all five New York City boroughs as well as Westchester County. This type of wonderful advocacy has all been made possible by Bea, whose passion and drive is still to this day the heartbeat of the RAIN operation. Her legacy of procuring funding for 1600 meals on wheels, 325 daily meals to the hungry and homeless, and 11 senior centers is truly remarkable, and her life has been a tremendous inspiration to me as I serve the public in Congress. RAIN celebrated Bea's 98th birthday at their 50th Anniversary celebration on October 30th, 2014. I want to personally thank Bea for all she has done and all she continues to do for the constituents in my district and well beyond. She has created something truly phenomenal and should be incredibly proud of the achievement. ____________________",,"[Congressional Record Volume 161, Number 16 (Friday, January 30, 2015)] [Extensions of Remarks] [Page E139] From the Congressional Record Online through the Government Publishing Office [ www.gpo.gov ] HONORING BEATRICE CASTIGLIA-CATULLO ______ HON. ELIOT L. ENGEL of new york in the house of representatives Friday, January 30, 2015 Mr. ENGEL. Mr. Speaker, sometimes a simple civic organization intended to help and improve a small community can turn into a pillar of hope for an entire city. That has undoubtedly been the case with Regional Aid for Interim Needs, or RAIN, thanks in large part to its founder, Beatrice Castiglia-Catullo. Bea has given her life to her community and always advocates on behalf of those marginalized. RAIN was founded in 1964 to serve those in need as a multi-social service agency. It provides an array of invaluable services to the senior community of the Bronx, many of whom are handicapped, home bound, or otherwise incapable of providing themselves with certain necessities. RAIN has full-service neighborhood senior centers, home-delivered meals, transportation services, assistance with benefits and entitlements, case management and elder abuse services, in addition to community-based mobile meals for homeless and hungry persons. Their commitment to helping the elderly population has also led to the sponsorship of two residential housing projects for low-income seniors and an affiliated home attendant program that provides in-home attendant and care services. Building off their incredible success in the Bronx, RAIN has recently expanded its services to Manhattan and has licensed to provide Home Health Care in all five New York City boroughs as well as Westchester County. This type of wonderful advocacy has all been made possible by Bea, whose passion and drive is still to this day the heartbeat of the RAIN operation. Her legacy of procuring funding for 1600 meals on wheels, 325 daily meals to the hungry and homeless, and 11 senior centers is truly remarkable, and her life has been a tremendous inspiration to me as I serve the public in Congress. RAIN celebrated Bea's 98th birthday at their 50th Anniversary celebration on October 30th, 2014. I want to personally thank Bea for all she has done and all she continues to do for the constituents in my district and well beyond. She has created something truly phenomenal and should be incredibly proud of the achievement. ____________________",https://api.govinfo.gov/related/CREC-2015-01-30-pt1-PgE139,CREC,Proceedings of Congress and General Congressional Publications,2025-03-07T17:22:16Z,Congressional Record,package_114_15.csv,2449,0,2449,"[congressional record volume 161, number 16 (friday, january 30, 2015)] [extensions of remarks] [page e139] from the congressional record online through the government publishing office [ www.gpo.gov ] honoring beatrice castiglia-catullo ______ hon. eliot l. engel of new york in the house of representatives friday, january 30, 2015 mr. engel. mr. speaker, sometimes a simple civic organization intended to help and improve a small community can turn into a pillar of hope for an entire city. that has undoubtedly been the case with regional aid for interim needs, or rain, thanks in large part to its founder, beatrice castiglia-catullo. bea has given her life to her community and always advocates on behalf of those marginalized. rain was founded in 1964 to serve those in need as a multi-social service agency. it provides an array of invaluable services to the senior community of the bronx, many of whom are handicapped, home bound, or otherwise incapable of providing themselves with certain necessities. rain has full-service neighborhood senior centers, home-delivered meals, transportation services, assistance with benefits and entitlements, case management and elder abuse services, in addition to community-based mobile meals for homeless and hungry persons. their commitment to helping the elderly population has also led to the sponsorship of two residential housing projects for low-income seniors and an affiliated home attendant program that provides in-home attendant and care services. building off their incredible success in the bronx, rain has recently expanded its services to manhattan and has licensed to provide home health care in all five new york city boroughs as well as westchester county. this type of wonderful advocacy has all been made possible by bea, whose passion and drive is still to this day the heartbeat of the rain operation. her legacy of procuring funding for 1600 meals on wheels, 325 daily meals to the hungry and homeless, and 11 senior centers is truly remarkable, and her life has been a tremendous inspiration to me as i serve the public in congress. rain celebrated bea's 98th birthday at their 50th anniversary celebration on october 30th, 2014. i want to personally thank bea for all she has done and all she continues to do for the constituents in my district and well beyond. she has created something truly phenomenal and should be incredibly proud of the achievement. ____________________",2449
CREC-2015-01-30-pt1-PgE139-3,CREC-2015-01-30,2015-01-30,HONORING LOUIS NAVARRO,CREC,EXTENSIONS,E,E,1,https://www.govinfo.gov/app/details/CREC-2015-01-30/CREC-2015-01-30-pt1-PgE139-3,https://api.govinfo.gov/packages/CREC-2015-01-30/granules/CREC-2015-01-30-pt1-PgE139-3/htm,https://api.govinfo.gov/packages/CREC-2015-01-30/granules/CREC-2015-01-30-pt1-PgE139-3/pdf,https://api.govinfo.gov/packages/CREC-2015-01-30/summary,"[Congressional Record Volume 161, Number 16 (Friday, January 30, 2015)] [Extensions of Remarks] [Page E139] From the Congressional Record Online through the Government Publishing Office [ www.gpo.gov ] HONORING LOUIS NAVARRO _____ HON. ELIOT L. ENGEL of new york in the house of representatives Friday, January 30, 2015 Mr. ENGEL. Mr. Speaker, those who selflessly give of themselves to serve their country and community are a special breed. Such is the case with Louis Navarro, who currently serves as Director of the City of Yonkers Office of Veterans' Affairs. Louis was appointed to that position in 2013 under current Mayor Mike Spano. The appointment was an easy one for the mayor, based on Louis' impressive career in the armed forces. He served his country with distinction in the United States Army for over three decades as both an active duty and reserve soldier. Louis received numerous medals for his time in the armed forces, including the Vietnam Campaign Medals, the Good Conduct Medal, the Army Service Ribbon, the Bronze Star Medal and the Combat Infantry Badge. Louis is also a member of several important veteran related organizations, including the Vietnam Veterans of America, Veterans of Foreign Wars, and the American Legion. On a more local level, Louis has taken an active role in many Yonkers events and committees. He served as Chairman of the Puerto Rican Day Parade Committee and was the 1st Vice Commander of the Yonkers Central Committee of Veterans Organizations, where he also doubled as the Chairman of the Yonkers Memorial Day Parade in 2013. Despite a lifetime of great accomplishments serving his country and community, Louis remains most proud of the love and support he receives from his family, including his wife, Donna, and their children, Kaylan and James. In 2014 the Salvation Army added to Louis' list of accomplishments by honoring him at their annual dinner. I want to echo their sentiments of congratulations to Louis Navarro for all he has done to protect and better the lives of Americans and the brave men and women who have served in our armed forces for many years. This honor is extremely well-deserved. ____________________",,"[Congressional Record Volume 161, Number 16 (Friday, January 30, 2015)] [Extensions of Remarks] [Page E139] From the Congressional Record Online through the Government Publishing Office [ www.gpo.gov ] HONORING LOUIS NAVARRO _____ HON. ELIOT L. ENGEL of new york in the house of representatives Friday, January 30, 2015 Mr. ENGEL. Mr. Speaker, those who selflessly give of themselves to serve their country and community are a special breed. Such is the case with Louis Navarro, who currently serves as Director of the City of Yonkers Office of Veterans' Affairs. Louis was appointed to that position in 2013 under current Mayor Mike Spano. The appointment was an easy one for the mayor, based on Louis' impressive career in the armed forces. He served his country with distinction in the United States Army for over three decades as both an active duty and reserve soldier. Louis received numerous medals for his time in the armed forces, including the Vietnam Campaign Medals, the Good Conduct Medal, the Army Service Ribbon, the Bronze Star Medal and the Combat Infantry Badge. Louis is also a member of several important veteran related organizations, including the Vietnam Veterans of America, Veterans of Foreign Wars, and the American Legion. On a more local level, Louis has taken an active role in many Yonkers events and committees. He served as Chairman of the Puerto Rican Day Parade Committee and was the 1st Vice Commander of the Yonkers Central Committee of Veterans Organizations, where he also doubled as the Chairman of the Yonkers Memorial Day Parade in 2013. Despite a lifetime of great accomplishments serving his country and community, Louis remains most proud of the love and support he receives from his family, including his wife, Donna, and their children, Kaylan and James. In 2014 the Salvation Army added to Louis' list of accomplishments by honoring him at their annual dinner. I want to echo their sentiments of congratulations to Louis Navarro for all he has done to protect and better the lives of Americans and the brave men and women who have served in our armed forces for many years. This honor is extremely well-deserved. ____________________",https://api.govinfo.gov/related/CREC-2015-01-30-pt1-PgE139-3,CREC,Proceedings of Congress and General Congressional Publications,2025-03-07T17:22:16Z,Congressional Record,package_114_15.csv,2180,0,2180,"[congressional record volume 161, number 16 (friday, january 30, 2015)] [extensions of remarks] [page e139] from the congressional record online through the government publishing office [ www.gpo.gov ] honoring louis navarro _____ hon. eliot l. engel of new york in the house of representatives friday, january 30, 2015 mr. engel. mr. speaker, those who selflessly give of themselves to serve their country and community are a special breed. such is the case with louis navarro, who currently serves as director of the city of yonkers office of veterans' affairs. louis was appointed to that position in 2013 under current mayor mike spano. the appointment was an easy one for the mayor, based on louis' impressive career in the armed forces. he served his country with distinction in the united states army for over three decades as both an active duty and reserve soldier. louis received numerous medals for his time in the armed forces, including the vietnam campaign medals, the good conduct medal, the army service ribbon, the bronze star medal and the combat infantry badge. louis is also a member of several important veteran related organizations, including the vietnam veterans of america, veterans of foreign wars, and the american legion. on a more local level, louis has taken an active role in many yonkers events and committees. he served as chairman of the puerto rican day parade committee and was the 1st vice commander of the yonkers central committee of veterans organizations, where he also doubled as the chairman of the yonkers memorial day parade in 2013. despite a lifetime of great accomplishments serving his country and community, louis remains most proud of the love and support he receives from his family, including his wife, donna, and their children, kaylan and james. in 2014 the salvation army added to louis' list of accomplishments by honoring him at their annual dinner. i want to echo their sentiments of congratulations to louis navarro for all he has done to protect and better the lives of americans and the brave men and women who have served in our armed forces for many years. this honor is extremely well-deserved. ____________________",2180
CREC-2015-01-30-pt1-PgE139-2,CREC-2015-01-30,2015-01-30,HONORING THE LIFE OF EDWARD CABELL BRAND,CREC,EXTENSIONS,E,E,1,https://www.govinfo.gov/app/details/CREC-2015-01-30/CREC-2015-01-30-pt1-PgE139-2,https://api.govinfo.gov/packages/CREC-2015-01-30/granules/CREC-2015-01-30-pt1-PgE139-2/htm,https://api.govinfo.gov/packages/CREC-2015-01-30/granules/CREC-2015-01-30-pt1-PgE139-2/pdf,https://api.govinfo.gov/packages/CREC-2015-01-30/summary,"[Congressional Record Volume 161, Number 16 (Friday, January 30, 2015)] [Extensions of Remarks] [Page E139] From the Congressional Record Online through the Government Publishing Office [ www.gpo.gov ] HONORING THE LIFE OF EDWARD CABELL BRAND ______ HON. H. MORGAN GRIFFITH of virginia in the house of representatives Friday, January 30, 2015 Mr. GRIFFITH. Mr. Speaker, on behalf of myself and Representative Bob Goodlatte, I submit these remarks in honor of the remarkable life of (Edward) Cabell Brand and his dedicated service to our nation and our community. Among other things, Mr. Brand was a philanthropist, public servant, and an activist, widely recognized for his efforts to improve the lives of others. Though we may not have agreed with all of his political views, we can say without a doubt that Mr. Brand made an indelible difference in the Roanoke Valley. Born and raised in Salem, Virginia, Mr. Brand graduated in 1940 from Andrew Lewis High School. He attended Virginia Military Institute (VMI), and while there, was called to serve his country in World War II in the 70th Infantry Division. He returned to VMI to complete his education, and graduated in its class of 1944 as valedictorian. Mr. Brand continued his studies at the Harvard Business School and at the University of Virginia. He became an economic analyst in the Intelligence Office of Berlin's Military Government and with the United States Foreign Service in Europe. By the end of his military service, Mr. Brand held the rank of Captain, and also received the Bronze Star. Mr. Brand returned to Salem, and worked at The Ortho Vent Shoe Company, which his grandfather had started a half-century earlier. He worked his way up to President of Ortho Vent, and took it public as the Stuart McGuire Company in 1970 before selling it in 1986 to the Home Shopping Network. In 1965, Mr. Brand founded Total Action Against Poverty (now called Total Action for Progress), which he believed to be his greatest achievement. This program provides more than 30 programs to the Roanoke Valley, including the Head Start Program, the Virginia Water Project, and more. Mr. Brand also served as Chairman of Child Health Investment Partnership (CHIP) until 1996. In 1987, Mr. Brand established the Cabell Brand Center for International Poverty and Research Studies. As a result of this Center, more than 500 students were given the opportunity to learn and pursue various public service opportunities. Mr. Brand received numerous awards for his efforts, including the VISTA award, the Lyndon Baines Johnson Humanitarian Award, the Virginia Governor Gold Medal Award, the first Jonathan Daniels Award from VMI, the Noel Taylor Humanitarian Award, the Salem Rotary Club's Outstanding Citizen Award, and the Roanke-Salem Chamber of Commerce Lifetime Achievement Award. He also received honorary degrees from institutions including Washington & Lee University, Roanoke College, Ferrum College and Virginia Western Community College, and Lynchburg College. Mr. Brand was a proud author, and was also featured in other publications for his leadership and service. Mr. Brand passed away on January 13, 2015, at the age of 91. He was predeceased by his beloved wife Shirley; infant daughter, Ingrid Pichen Brand; sons, Marshall Cabell Brand, Edward Cabell Brand Jr., Richard Franklin Pence, and John Wilson Pence. He is survived by daughters, Sylvia Brand Knaup (Gunther) of Columbia, Tenn., Miriam Brand Kline (John) of Richmond, Va., Caroline Brand Mateja of Charlottesville, Va., and Liza Pence Urso of Dallas, Texas; grandchildren, Brandon Kline, Kathryn Kline, Philip Urso, Laura Urso, Christin Urso, Cabell Keating Brand, Rachel Pence, Shelley Pence, Thomas John Pence, Benjamin Pence, Maggie Mateja, Patrick Mateja, Jack Mateja, and Caleb Pence; niece, Virginia Hurt Johnson of Washington, D.C.; sister, Mary Holmes Smith of Alexandria, Va; and other nieces and nephews. The Roanoke Valley has lost one of its finest. Though we note with great sadness Mr. Brand's passing, we are confident his legacy will live on. Our thoughts and prayers go out to Mr. Brand's family and loved ones. ____________________",,"[Congressional Record Volume 161, Number 16 (Friday, January 30, 2015)] [Extensions of Remarks] [Page E139] From the Congressional Record Online through the Government Publishing Office [ www.gpo.gov ] HONORING THE LIFE OF EDWARD CABELL BRAND ______ HON. H. MORGAN GRIFFITH of virginia in the house of representatives Friday, January 30, 2015 Mr. GRIFFITH. Mr. Speaker, on behalf of myself and Representative Bob Goodlatte, I submit these remarks in honor of the remarkable life of (Edward) Cabell Brand and his dedicated service to our nation and our community. Among other things, Mr. Brand was a philanthropist, public servant, and an activist, widely recognized for his efforts to improve the lives of others. Though we may not have agreed with all of his political views, we can say without a doubt that Mr. Brand made an indelible difference in the Roanoke Valley. Born and raised in Salem, Virginia, Mr. Brand graduated in 1940 from Andrew Lewis High School. He attended Virginia Military Institute (VMI), and while there, was called to serve his country in World War II in the 70th Infantry Division. He returned to VMI to complete his education, and graduated in its class of 1944 as valedictorian. Mr. Brand continued his studies at the Harvard Business School and at the University of Virginia. He became an economic analyst in the Intelligence Office of Berlin's Military Government and with the United States Foreign Service in Europe. By the end of his military service, Mr. Brand held the rank of Captain, and also received the Bronze Star. Mr. Brand returned to Salem, and worked at The Ortho Vent Shoe Company, which his grandfather had started a half-century earlier. He worked his way up to President of Ortho Vent, and took it public as the Stuart McGuire Company in 1970 before selling it in 1986 to the Home Shopping Network. In 1965, Mr. Brand founded Total Action Against Poverty (now called Total Action for Progress), which he believed to be his greatest achievement. This program provides more than 30 programs to the Roanoke Valley, including the Head Start Program, the Virginia Water Project, and more. Mr. Brand also served as Chairman of Child Health Investment Partnership (CHIP) until 1996. In 1987, Mr. Brand established the Cabell Brand Center for International Poverty and Research Studies. As a result of this Center, more than 500 students were given the opportunity to learn and pursue various public service opportunities. Mr. Brand received numerous awards for his efforts, including the VISTA award, the Lyndon Baines Johnson Humanitarian Award, the Virginia Governor Gold Medal Award, the first Jonathan Daniels Award from VMI, the Noel Taylor Humanitarian Award, the Salem Rotary Club's Outstanding Citizen Award, and the Roanke-Salem Chamber of Commerce Lifetime Achievement Award. He also received honorary degrees from institutions including Washington & Lee University, Roanoke College, Ferrum College and Virginia Western Community College, and Lynchburg College. Mr. Brand was a proud author, and was also featured in other publications for his leadership and service. Mr. Brand passed away on January 13, 2015, at the age of 91. He was predeceased by his beloved wife Shirley; infant daughter, Ingrid Pichen Brand; sons, Marshall Cabell Brand, Edward Cabell Brand Jr., Richard Franklin Pence, and John Wilson Pence. He is survived by daughters, Sylvia Brand Knaup (Gunther) of Columbia, Tenn., Miriam Brand Kline (John) of Richmond, Va., Caroline Brand Mateja of Charlottesville, Va., and Liza Pence Urso of Dallas, Texas; grandchildren, Brandon Kline, Kathryn Kline, Philip Urso, Laura Urso, Christin Urso, Cabell Keating Brand, Rachel Pence, Shelley Pence, Thomas John Pence, Benjamin Pence, Maggie Mateja, Patrick Mateja, Jack Mateja, and Caleb Pence; niece, Virginia Hurt Johnson of Washington, D.C.; sister, Mary Holmes Smith of Alexandria, Va; and other nieces and nephews. The Roanoke Valley has lost one of its finest. Though we note with great sadness Mr. Brand's passing, we are confident his legacy will live on. Our thoughts and prayers go out to Mr. Brand's family and loved ones. ____________________",https://api.govinfo.gov/related/CREC-2015-01-30-pt1-PgE139-2,CREC,Proceedings of Congress and General Congressional Publications,2025-03-07T17:22:16Z,Congressional Record,package_114_15.csv,4166,0,4166,"[congressional record volume 161, number 16 (friday, january 30, 2015)] [extensions of remarks] [page e139] from the congressional record online through the government publishing office [ www.gpo.gov ] honoring the life of edward cabell brand ______ hon. h. morgan griffith of virginia in the house of representatives friday, january 30, 2015 mr. griffith. mr. speaker, on behalf of myself and representative bob goodlatte, i submit these remarks in honor of the remarkable life of (edward) cabell brand and his dedicated service to our nation and our community. among other things, mr. brand was a philanthropist, public servant, and an activist, widely recognized for his efforts to improve the lives of others. though we may not have agreed with all of his political views, we can say without a doubt that mr. brand made an indelible difference in the roanoke valley. born and raised in salem, virginia, mr. brand graduated in 1940 from andrew lewis high school. he attended virginia military institute (vmi), and while there, was called to serve his country in world war ii in the 70th infantry division. he returned to vmi to complete his education, and graduated in its class of 1944 as valedictorian. mr. brand continued his studies at the harvard business school and at the university of virginia. he became an economic analyst in the intelligence office of berlin's military government and with the united states foreign service in europe. by the end of his military service, mr. brand held the rank of captain, and also received the bronze star. mr. brand returned to salem, and worked at the ortho vent shoe company, which his grandfather had started a half-century earlier. he worked his way up to president of ortho vent, and took it public as the stuart mcguire company in 1970 before selling it in 1986 to the home shopping network. in 1965, mr. brand founded total action against poverty (now called total action for progress), which he believed to be his greatest achievement. this program provides more than 30 programs to the roanoke valley, including the head start program, the virginia water project, and more. mr. brand also served as chairman of child health investment partnership (chip) until 1996. in 1987, mr. brand established the cabell brand center for international poverty and research studies. as a result of this center, more than 500 students were given the opportunity to learn and pursue various public service opportunities. mr. brand received numerous awards for his efforts, including the vista award, the lyndon baines johnson humanitarian award, the virginia governor gold medal award, the first jonathan daniels award from vmi, the noel taylor humanitarian award, the salem rotary club's outstanding citizen award, and the roanke-salem chamber of commerce lifetime achievement award. he also received honorary degrees from institutions including washington & lee university, roanoke college, ferrum college and virginia western community college, and lynchburg college. mr. brand was a proud author, and was also featured in other publications for his leadership and service. mr. brand passed away on january 13, 2015, at the age of 91. he was predeceased by his beloved wife shirley; infant daughter, ingrid pichen brand; sons, marshall cabell brand, edward cabell brand jr., richard franklin pence, and john wilson pence. he is survived by daughters, sylvia brand knaup (gunther) of columbia, tenn., miriam brand kline (john) of richmond, va., caroline brand mateja of charlottesville, va., and liza pence urso of dallas, texas; grandchildren, brandon kline, kathryn kline, philip urso, laura urso, christin urso, cabell keating brand, rachel pence, shelley pence, thomas john pence, benjamin pence, maggie mateja, patrick mateja, jack mateja, and caleb pence; niece, virginia hurt johnson of washington, d.c.; sister, mary holmes smith of alexandria, va; and other nieces and nephews. the roanoke valley has lost one of its finest. though we note with great sadness mr. brand's passing, we are confident his legacy will live on. our thoughts and prayers go out to mr. brand's family and loved ones. ____________________",4166
CREC-2015-01-30-pt1-PgE139-4,CREC-2015-01-30,2015-01-30,EXPAND THE DEFINITION OF HOMELESS FOR VETERANS,CREC,EXTENSIONS,E,E,1,https://www.govinfo.gov/app/details/CREC-2015-01-30/CREC-2015-01-30-pt1-PgE139-4,https://api.govinfo.gov/packages/CREC-2015-01-30/granules/CREC-2015-01-30-pt1-PgE139-4/htm,https://api.govinfo.gov/packages/CREC-2015-01-30/granules/CREC-2015-01-30-pt1-PgE139-4/pdf,https://api.govinfo.gov/packages/CREC-2015-01-30/summary,"[Congressional Record Volume 161, Number 16 (Friday, January 30, 2015)] [Extensions of Remarks] [Pages E139-E140] From the Congressional Record Online through the Government Publishing Office [ www.gpo.gov ] EXPAND THE DEFINITION OF HOMELESS FOR VETERANS _____ HON. JANICE HAHN of california in the house of representatives Friday, January 30, 2015 Ms. HAHN. Mr. Speaker, across the country, too many victims of domestic violence feel that there is nowhere for them to turn. Lacking resources, help and a safe place to go, some victims stay with their abusers. Tragically, too often women veterans are among those who find themselves in this horrible situation. According to the VA, 39% of [[Page E140]] our women veterans report experiencing domestic violence, well above the national average. In order to qualify for benefits available to homeless veterans through the VA, an individual must meet the definition of ``homeless'' codified as part of the McKinney-Vento Homeless Assistance Act. In 2009, the HEARTH Act expanded the definition of homeless to reflect our present reality and include individuals in transitional housing, persons living in motels and persons who would imminently lose their housing. A change was also made to the McKinney-Vento Act to expand the definition of homeless to include individuals fleeing a situation of domestic violence or some other life-threatening condition. This change, however, is not currently reflected in the definition of ``homeless veteran.'' These women are part of a growing number of homeless veterans. That is why I am reintroducing this legislation, which will correct and expand the definition of ``homeless veteran'' to include veterans who are fleeing situations of domestic violence. This small change will allow those veterans who find the courage and the means to leave their abusers the chance to access the benefits that should be available to all homeless veterans. By passing this bill, we will ensure that this especially vulnerable population of veterans has the chance to access benefits the Department of Veterans Affairs already provides. This bill is one small step to ensuring every homeless veteran can access the benefits they deserve. ____________________",,"[Congressional Record Volume 161, Number 16 (Friday, January 30, 2015)] [Extensions of Remarks] [Pages E139-E140] From the Congressional Record Online through the Government Publishing Office [ www.gpo.gov ] EXPAND THE DEFINITION OF HOMELESS FOR VETERANS _____ HON. JANICE HAHN of california in the house of representatives Friday, January 30, 2015 Ms. HAHN. Mr. Speaker, across the country, too many victims of domestic violence feel that there is nowhere for them to turn. Lacking resources, help and a safe place to go, some victims stay with their abusers. Tragically, too often women veterans are among those who find themselves in this horrible situation. According to the VA, 39% of [[Page E140]] our women veterans report experiencing domestic violence, well above the national average. In order to qualify for benefits available to homeless veterans through the VA, an individual must meet the definition of ``homeless'' codified as part of the McKinney-Vento Homeless Assistance Act. In 2009, the HEARTH Act expanded the definition of homeless to reflect our present reality and include individuals in transitional housing, persons living in motels and persons who would imminently lose their housing. A change was also made to the McKinney-Vento Act to expand the definition of homeless to include individuals fleeing a situation of domestic violence or some other life-threatening condition. This change, however, is not currently reflected in the definition of ``homeless veteran.'' These women are part of a growing number of homeless veterans. That is why I am reintroducing this legislation, which will correct and expand the definition of ``homeless veteran'' to include veterans who are fleeing situations of domestic violence. This small change will allow those veterans who find the courage and the means to leave their abusers the chance to access the benefits that should be available to all homeless veterans. By passing this bill, we will ensure that this especially vulnerable population of veterans has the chance to access benefits the Department of Veterans Affairs already provides. This bill is one small step to ensuring every homeless veteran can access the benefits they deserve. ____________________",https://api.govinfo.gov/related/CREC-2015-01-30-pt1-PgE139-4,CREC,Proceedings of Congress and General Congressional Publications,2025-03-07T17:22:16Z,Congressional Record,package_114_15.csv,2233,0,2233,"[congressional record volume 161, number 16 (friday, january 30, 2015)] [extensions of remarks] [pages e139-e140] from the congressional record online through the government publishing office [ www.gpo.gov ] expand the definition of homeless for veterans _____ hon. janice hahn of california in the house of representatives friday, january 30, 2015 ms. hahn. mr. speaker, across the country, too many victims of domestic violence feel that there is nowhere for them to turn. lacking resources, help and a safe place to go, some victims stay with their abusers. tragically, too often women veterans are among those who find themselves in this horrible situation. according to the va, 39% of [[page e140]] our women veterans report experiencing domestic violence, well above the national average. in order to qualify for benefits available to homeless veterans through the va, an individual must meet the definition of ``homeless'' codified as part of the mckinney-vento homeless assistance act. in 2009, the hearth act expanded the definition of homeless to reflect our present reality and include individuals in transitional housing, persons living in motels and persons who would imminently lose their housing. a change was also made to the mckinney-vento act to expand the definition of homeless to include individuals fleeing a situation of domestic violence or some other life-threatening condition. this change, however, is not currently reflected in the definition of ``homeless veteran.'' these women are part of a growing number of homeless veterans. that is why i am reintroducing this legislation, which will correct and expand the definition of ``homeless veteran'' to include veterans who are fleeing situations of domestic violence. this small change will allow those veterans who find the courage and the means to leave their abusers the chance to access the benefits that should be available to all homeless veterans. by passing this bill, we will ensure that this especially vulnerable population of veterans has the chance to access benefits the department of veterans affairs already provides. this bill is one small step to ensuring every homeless veteran can access the benefits they deserve. ____________________",2233
CREC-2015-01-30-pt1-PgE140,CREC-2015-01-30,2015-01-30,HONORING MARY HOAR,CREC,EXTENSIONS,E,E,1,https://www.govinfo.gov/app/details/CREC-2015-01-30/CREC-2015-01-30-pt1-PgE140,https://api.govinfo.gov/packages/CREC-2015-01-30/granules/CREC-2015-01-30-pt1-PgE140/htm,https://api.govinfo.gov/packages/CREC-2015-01-30/granules/CREC-2015-01-30-pt1-PgE140/pdf,https://api.govinfo.gov/packages/CREC-2015-01-30/summary,"[Congressional Record Volume 161, Number 16 (Friday, January 30, 2015)] [Extensions of Remarks] [Page E140] From the Congressional Record Online through the Government Publishing Office [ www.gpo.gov ] HONORING MARY HOAR _____ HON. ELIOT L. ENGEL of new york in the house of representatives Friday, January 30, 2015 Mr. ENGEL. Mr. Speaker, a lifetime of service to one's community is a truly astonishing feat, which is why I want to take a moment to recognize the contributions of Mary Hoar to Yonkers. Mary's story is one of continued service to better her community, both as a professional and in her personal life. Following her graduation from Cornell University, Mary began her career as a school teacher in Yonkers. Computer technology was always a big part of Mary's interests as an educator, and became a primary component of her teaching. She went on to teach computer technology to adults later in life. While Mary was cultivating her professional career she was simultaneously beginning her foray into community service. She started by giving her time to Yonkers Jay-N-Cee, serving as Secretary, Treasurer and President. In 1977, Mary received one of the state division's highest honors, the Distinguished Service Award, and was later bestowed the Key to the City of Yonkers for her work with the organization. Mary soon began branching out after her success with Jay-N-Cee, first by giving her time to the Yonkers Red Cross, serving as Branch Chairman and Vice Chairman as well as Chair of their Centennial, Youth Services and Competition Committees. Mary then became involved with the Westchester March of Dimes, working on the very first Yonkers Walkathon Coordinating Committee. She then served on the Executive Board of the Northern Metro Chapter of the March of Dimes for 17 years, and was instrumental in the organizations Reading Olympics, Golden Gala and Tennis Tournament. Mary's list of volunteer services has also included stints on the mayor's Community Relations Committee, the board of Family Services Society in Yonkers and, currently, she serves as president of the Yonkers Historical Society. The Salvation Army honored Mary for all she has done for Yonkers at their 2014 annual dinner. The honor was incredibly well deserved. Congratulations to Mary Hoar on this recognition. ____________________",,"[Congressional Record Volume 161, Number 16 (Friday, January 30, 2015)] [Extensions of Remarks] [Page E140] From the Congressional Record Online through the Government Publishing Office [ www.gpo.gov ] HONORING MARY HOAR _____ HON. ELIOT L. ENGEL of new york in the house of representatives Friday, January 30, 2015 Mr. ENGEL. Mr. Speaker, a lifetime of service to one's community is a truly astonishing feat, which is why I want to take a moment to recognize the contributions of Mary Hoar to Yonkers. Mary's story is one of continued service to better her community, both as a professional and in her personal life. Following her graduation from Cornell University, Mary began her career as a school teacher in Yonkers. Computer technology was always a big part of Mary's interests as an educator, and became a primary component of her teaching. She went on to teach computer technology to adults later in life. While Mary was cultivating her professional career she was simultaneously beginning her foray into community service. She started by giving her time to Yonkers Jay-N-Cee, serving as Secretary, Treasurer and President. In 1977, Mary received one of the state division's highest honors, the Distinguished Service Award, and was later bestowed the Key to the City of Yonkers for her work with the organization. Mary soon began branching out after her success with Jay-N-Cee, first by giving her time to the Yonkers Red Cross, serving as Branch Chairman and Vice Chairman as well as Chair of their Centennial, Youth Services and Competition Committees. Mary then became involved with the Westchester March of Dimes, working on the very first Yonkers Walkathon Coordinating Committee. She then served on the Executive Board of the Northern Metro Chapter of the March of Dimes for 17 years, and was instrumental in the organizations Reading Olympics, Golden Gala and Tennis Tournament. Mary's list of volunteer services has also included stints on the mayor's Community Relations Committee, the board of Family Services Society in Yonkers and, currently, she serves as president of the Yonkers Historical Society. The Salvation Army honored Mary for all she has done for Yonkers at their 2014 annual dinner. The honor was incredibly well deserved. Congratulations to Mary Hoar on this recognition. ____________________",https://api.govinfo.gov/related/CREC-2015-01-30-pt1-PgE140,CREC,Proceedings of Congress and General Congressional Publications,2025-03-07T17:22:16Z,Congressional Record,package_114_15.csv,2326,0,2326,"[congressional record volume 161, number 16 (friday, january 30, 2015)] [extensions of remarks] [page e140] from the congressional record online through the government publishing office [ www.gpo.gov ] honoring mary hoar _____ hon. eliot l. engel of new york in the house of representatives friday, january 30, 2015 mr. engel. mr. speaker, a lifetime of service to one's community is a truly astonishing feat, which is why i want to take a moment to recognize the contributions of mary hoar to yonkers. mary's story is one of continued service to better her community, both as a professional and in her personal life. following her graduation from cornell university, mary began her career as a school teacher in yonkers. computer technology was always a big part of mary's interests as an educator, and became a primary component of her teaching. she went on to teach computer technology to adults later in life. while mary was cultivating her professional career she was simultaneously beginning her foray into community service. she started by giving her time to yonkers jay-n-cee, serving as secretary, treasurer and president. in 1977, mary received one of the state division's highest honors, the distinguished service award, and was later bestowed the key to the city of yonkers for her work with the organization. mary soon began branching out after her success with jay-n-cee, first by giving her time to the yonkers red cross, serving as branch chairman and vice chairman as well as chair of their centennial, youth services and competition committees. mary then became involved with the westchester march of dimes, working on the very first yonkers walkathon coordinating committee. she then served on the executive board of the northern metro chapter of the march of dimes for 17 years, and was instrumental in the organizations reading olympics, golden gala and tennis tournament. mary's list of volunteer services has also included stints on the mayor's community relations committee, the board of family services society in yonkers and, currently, she serves as president of the yonkers historical society. the salvation army honored mary for all she has done for yonkers at their 2014 annual dinner. the honor was incredibly well deserved. congratulations to mary hoar on this recognition. ____________________",2326
CREC-2015-01-30-pt1-PgE140-2,CREC-2015-01-30,2015-01-30,HONORING DR. TERRY BREWER,CREC,EXTENSIONS,E,E,1,https://www.govinfo.gov/app/details/CREC-2015-01-30/CREC-2015-01-30-pt1-PgE140-2,https://api.govinfo.gov/packages/CREC-2015-01-30/granules/CREC-2015-01-30-pt1-PgE140-2/htm,https://api.govinfo.gov/packages/CREC-2015-01-30/granules/CREC-2015-01-30-pt1-PgE140-2/pdf,https://api.govinfo.gov/packages/CREC-2015-01-30/summary,"[Congressional Record Volume 161, Number 16 (Friday, January 30, 2015)] [Extensions of Remarks] [Page E140] From the Congressional Record Online through the Government Publishing Office [ www.gpo.gov ] HONORING DR. TERRY BREWER _____ HON. JASON SMITH of missouri in the house of representatives Friday, January 30, 2015 Mr. SMITH of Missouri. Mr. Speaker, I rise today to honor Dr. Terry Brewer, the founder and president of Brewer Science, who recently received the 2014 SEMI award for North America as a result of his impact on the manufacturing of integrated circuits in the semiconductor industry. The SEMI Award recognizes outstanding technical achievement, and is the highest honor conferred by SEMI. As a global industry association that is composed of 1,900 member companies that are the engine of the future, SEMI creates smarter, faster, and more economical products that improve our lives. Dr. Brewer has distinguished himself not only as a leader, but as an innovator in the field of technology. Brewer Science is a global technology leader in developing and manufacturing innovative materials, processes, and equipment used in electronics such as tablet computers, smartphones, digital cameras, televisions, and LED lighting. On May 5, 2014, Brewer Science unveiled its new high-volume manufacturing facility at the Rolla National Airport. This expansion accommodates product demand growth and exemplifies the company's commitment to continuous improvement. From its headquarters in Rolla, Missouri, Brewer Science supports its worldwide customers through a service and distribution network in North America, Europe, and Asia. It is my pleasure to commend Dr. Brewer for his achievements, and I am confident that his business will continue to stay on the forefront of technological advancement.",,"[Congressional Record Volume 161, Number 16 (Friday, January 30, 2015)] [Extensions of Remarks] [Page E140] From the Congressional Record Online through the Government Publishing Office [ www.gpo.gov ] HONORING DR. TERRY BREWER _____ HON. JASON SMITH of missouri in the house of representatives Friday, January 30, 2015 Mr. SMITH of Missouri. Mr. Speaker, I rise today to honor Dr. Terry Brewer, the founder and president of Brewer Science, who recently received the 2014 SEMI award for North America as a result of his impact on the manufacturing of integrated circuits in the semiconductor industry. The SEMI Award recognizes outstanding technical achievement, and is the highest honor conferred by SEMI. As a global industry association that is composed of 1,900 member companies that are the engine of the future, SEMI creates smarter, faster, and more economical products that improve our lives. Dr. Brewer has distinguished himself not only as a leader, but as an innovator in the field of technology. Brewer Science is a global technology leader in developing and manufacturing innovative materials, processes, and equipment used in electronics such as tablet computers, smartphones, digital cameras, televisions, and LED lighting. On May 5, 2014, Brewer Science unveiled its new high-volume manufacturing facility at the Rolla National Airport. This expansion accommodates product demand growth and exemplifies the company's commitment to continuous improvement. From its headquarters in Rolla, Missouri, Brewer Science supports its worldwide customers through a service and distribution network in North America, Europe, and Asia. It is my pleasure to commend Dr. Brewer for his achievements, and I am confident that his business will continue to stay on the forefront of technological advancement.",https://api.govinfo.gov/related/CREC-2015-01-30-pt1-PgE140-2,CREC,Proceedings of Congress and General Congressional Publications,2025-03-07T17:22:16Z,Congressional Record,package_114_15.csv,1807,0,1807,"[congressional record volume 161, number 16 (friday, january 30, 2015)] [extensions of remarks] [page e140] from the congressional record online through the government publishing office [ www.gpo.gov ] honoring dr. terry brewer _____ hon. jason smith of missouri in the house of representatives friday, january 30, 2015 mr. smith of missouri. mr. speaker, i rise today to honor dr. terry brewer, the founder and president of brewer science, who recently received the 2014 semi award for north america as a result of his impact on the manufacturing of integrated circuits in the semiconductor industry. the semi award recognizes outstanding technical achievement, and is the highest honor conferred by semi. as a global industry association that is composed of 1,900 member companies that are the engine of the future, semi creates smarter, faster, and more economical products that improve our lives. dr. brewer has distinguished himself not only as a leader, but as an innovator in the field of technology. brewer science is a global technology leader in developing and manufacturing innovative materials, processes, and equipment used in electronics such as tablet computers, smartphones, digital cameras, televisions, and led lighting. on may 5, 2014, brewer science unveiled its new high-volume manufacturing facility at the rolla national airport. this expansion accommodates product demand growth and exemplifies the company's commitment to continuous improvement. from its headquarters in rolla, missouri, brewer science supports its worldwide customers through a service and distribution network in north america, europe, and asia. it is my pleasure to commend dr. brewer for his achievements, and i am confident that his business will continue to stay on the forefront of technological advancement.",1807
CREC-2015-01-30-pt1-PgD85,CREC-2015-01-30,2015-01-30,Daily Digest/Senate,CREC,DAILYDIGEST,,D,1,https://www.govinfo.gov/app/details/CREC-2015-01-30/CREC-2015-01-30-pt1-PgD85,https://api.govinfo.gov/packages/CREC-2015-01-30/granules/CREC-2015-01-30-pt1-PgD85/htm,https://api.govinfo.gov/packages/CREC-2015-01-30/granules/CREC-2015-01-30-pt1-PgD85/pdf,https://api.govinfo.gov/packages/CREC-2015-01-30/summary,"[Congressional Record Volume 161, Number 16 (Friday, January 30, 2015)] [Daily Digest] [Page D85] From the Congressional Record Online through the Government Publishing Office [ www.gpo.gov ] Friday, January 30, 2015 [[Page D85]] Daily Digest Senate Chamber Action Routine Proceedings, pages S667-S675 Measures Introduced: Three bills and two resolutions were introduced, as follows: S. 324-326, and S. Res. 59-60. Page S673 Measures Passed: Liberation of the Auschwitz Extermination Camp 70th Anniversary: Senate agreed to S. Res. 35, commemorating the 70th anniversary of the liberation of the Auschwitz extermination camp in Nazi-occupied Poland, after agreeing to the committee amendment in the nature of a substitute. Page S674 National Stalking Awareness Month: Senate agreed to S. Res. 59, raising awareness and encouraging prevention of stalking by designating January 2015 as ``National Stalking Awareness Month''. Pages S674-75 National Slavery and Trafficking Prevention Month: Senate agreed to S. Res. 60, supporting the goals and ideals of observing the National Slavery and Trafficking Prevention Month from January 1 through February 1, 2015, to raise awareness of, and opposition to, modern slavery. Page S675 Measures Considered: Department of Homeland Security Appropriations Act--Cloture: Senate began consideration of the motion to proceed to consideration of H.R. 240, making appropriations for the Department of Homeland Security for the fiscal year ending September 30, 2015. Pages S667-71 A motion was entered to close further debate on the motion to proceed to consideration of the bill, and, in accordance with the provisions of rule XXII of the Standing Rules of the Senate, and pursuant to the unanimous-consent agreement of Friday, January 30, 2015, a vote on cloture will occur at 2:30 p.m., on Tuesday, February 3, 2015. Page S667 A unanimous-consent agreement was reached providing that notwithstanding rule XXII, that if the motion to invoke cloture on the motion to proceed to consideration of the bill is agreed to, all post- cloture time be yielded back, and Senate vote on the motion to proceed to consideration of the bill. Page S667 Additional Cosponsors: Page S673 Statements on Introduced Bills/Resolutions: Pages S673-74 Additional Statements: Pages S672-73 Adjournment: Senate convened at 10:30 a.m. and adjourned at 11:56 a.m., until 4 p.m. on Monday, February 2, 2015. (For Senate's program, see the remarks of the Majority Leader in today's Record on page S675.)",,"[Congressional Record Volume 161, Number 16 (Friday, January 30, 2015)] [Daily Digest] [Page D85] From the Congressional Record Online through the Government Publishing Office [ www.gpo.gov ] Friday, January 30, 2015 [[Page D85]] Daily Digest Senate Chamber Action Routine Proceedings, pages S667-S675 Measures Introduced: Three bills and two resolutions were introduced, as follows: S. 324-326, and S. Res. 59-60. Page S673 Measures Passed: Liberation of the Auschwitz Extermination Camp 70th Anniversary: Senate agreed to S. Res. 35, commemorating the 70th anniversary of the liberation of the Auschwitz extermination camp in Nazi-occupied Poland, after agreeing to the committee amendment in the nature of a substitute. Page S674 National Stalking Awareness Month: Senate agreed to S. Res. 59, raising awareness and encouraging prevention of stalking by designating January 2015 as ``National Stalking Awareness Month''. Pages S674-75 National Slavery and Trafficking Prevention Month: Senate agreed to S. Res. 60, supporting the goals and ideals of observing the National Slavery and Trafficking Prevention Month from January 1 through February 1, 2015, to raise awareness of, and opposition to, modern slavery. Page S675 Measures Considered: Department of Homeland Security Appropriations Act--Cloture: Senate began consideration of the motion to proceed to consideration of H.R. 240, making appropriations for the Department of Homeland Security for the fiscal year ending September 30, 2015. Pages S667-71 A motion was entered to close further debate on the motion to proceed to consideration of the bill, and, in accordance with the provisions of rule XXII of the Standing Rules of the Senate, and pursuant to the unanimous-consent agreement of Friday, January 30, 2015, a vote on cloture will occur at 2:30 p.m., on Tuesday, February 3, 2015. Page S667 A unanimous-consent agreement was reached providing that notwithstanding rule XXII, that if the motion to invoke cloture on the motion to proceed to consideration of the bill is agreed to, all post- cloture time be yielded back, and Senate vote on the motion to proceed to consideration of the bill. Page S667 Additional Cosponsors: Page S673 Statements on Introduced Bills/Resolutions: Pages S673-74 Additional Statements: Pages S672-73 Adjournment: Senate convened at 10:30 a.m. and adjourned at 11:56 a.m., until 4 p.m. on Monday, February 2, 2015. (For Senate's program, see the remarks of the Majority Leader in today's Record on page S675.)",https://api.govinfo.gov/related/CREC-2015-01-30-pt1-PgD85,CREC,Proceedings of Congress and General Congressional Publications,2025-03-07T17:22:16Z,Congressional Record,package_114_15.csv,2508,0,2508,"[congressional record volume 161, number 16 (friday, january 30, 2015)] [daily digest] [page d85] from the congressional record online through the government publishing office [ www.gpo.gov ] friday, january 30, 2015 [[page d85]] daily digest senate chamber action routine proceedings, pages s667-s675 measures introduced: three bills and two resolutions were introduced, as follows: s. 324-326, and s. res. 59-60. page s673 measures passed: liberation of the auschwitz extermination camp 70th anniversary: senate agreed to s. res. 35, commemorating the 70th anniversary of the liberation of the auschwitz extermination camp in nazi-occupied poland, after agreeing to the committee amendment in the nature of a substitute. page s674 national stalking awareness month: senate agreed to s. res. 59, raising awareness and encouraging prevention of stalking by designating january 2015 as ``national stalking awareness month''. pages s674-75 national slavery and trafficking prevention month: senate agreed to s. res. 60, supporting the goals and ideals of observing the national slavery and trafficking prevention month from january 1 through february 1, 2015, to raise awareness of, and opposition to, modern slavery. page s675 measures considered: department of homeland security appropriations act--cloture: senate began consideration of the motion to proceed to consideration of h.r. 240, making appropriations for the department of homeland security for the fiscal year ending september 30, 2015. pages s667-71 a motion was entered to close further debate on the motion to proceed to consideration of the bill, and, in accordance with the provisions of rule xxii of the standing rules of the senate, and pursuant to the unanimous-consent agreement of friday, january 30, 2015, a vote on cloture will occur at 2:30 p.m., on tuesday, february 3, 2015. page s667 a unanimous-consent agreement was reached providing that notwithstanding rule xxii, that if the motion to invoke cloture on the motion to proceed to consideration of the bill is agreed to, all post- cloture time be yielded back, and senate vote on the motion to proceed to consideration of the bill. page s667 additional cosponsors: page s673 statements on introduced bills/resolutions: pages s673-74 additional statements: pages s672-73 adjournment: senate convened at 10:30 a.m. and adjourned at 11:56 a.m., until 4 p.m. on monday, february 2, 2015. (for senate's program, see the remarks of the majority leader in today's record on page s675.)",2508
CREC-2015-01-30-pt1-PgD86,CREC-2015-01-30,2015-01-30,Daily Digest/House Committee Meetings,CREC,DAILYDIGEST,,D,1,https://www.govinfo.gov/app/details/CREC-2015-01-30/CREC-2015-01-30-pt1-PgD86,https://api.govinfo.gov/packages/CREC-2015-01-30/granules/CREC-2015-01-30-pt1-PgD86/htm,https://api.govinfo.gov/packages/CREC-2015-01-30/granules/CREC-2015-01-30-pt1-PgD86/pdf,https://api.govinfo.gov/packages/CREC-2015-01-30/summary,"[Congressional Record Volume 161, Number 16 (Friday, January 30, 2015)] [Daily Digest] [Page D86] From the Congressional Record Online through the Government Publishing Office [ www.gpo.gov ] Committee Meetings No hearings were held. Joint Meetings No joint committee meetings were held.",,"[Congressional Record Volume 161, Number 16 (Friday, January 30, 2015)] [Daily Digest] [Page D86] From the Congressional Record Online through the Government Publishing Office [ www.gpo.gov ] Committee Meetings No hearings were held. Joint Meetings No joint committee meetings were held.",https://api.govinfo.gov/related/CREC-2015-01-30-pt1-PgD86,CREC,Proceedings of Congress and General Congressional Publications,2025-03-07T17:22:16Z,Congressional Record,package_114_15.csv,287,0,287,"[congressional record volume 161, number 16 (friday, january 30, 2015)] [daily digest] [page d86] from the congressional record online through the government publishing office [ www.gpo.gov ] committee meetings no hearings were held. joint meetings no joint committee meetings were held.",287
CREC-2015-01-30-pt1-PgD85-2,CREC-2015-01-30,2015-01-30,Daily Digest/Senate Committee Meetings,CREC,DAILYDIGEST,,D,1,https://www.govinfo.gov/app/details/CREC-2015-01-30/CREC-2015-01-30-pt1-PgD85-2,https://api.govinfo.gov/packages/CREC-2015-01-30/granules/CREC-2015-01-30-pt1-PgD85-2/htm,https://api.govinfo.gov/packages/CREC-2015-01-30/granules/CREC-2015-01-30-pt1-PgD85-2/pdf,https://api.govinfo.gov/packages/CREC-2015-01-30/summary,"[Congressional Record Volume 161, Number 16 (Friday, January 30, 2015)] [Daily Digest] [Page D85] From the Congressional Record Online through the Government Publishing Office [ www.gpo.gov ] Committee Meetings (Committees not listed did not meet) No committee meetings were held.",,"[Congressional Record Volume 161, Number 16 (Friday, January 30, 2015)] [Daily Digest] [Page D85] From the Congressional Record Online through the Government Publishing Office [ www.gpo.gov ] Committee Meetings (Committees not listed did not meet) No committee meetings were held.",https://api.govinfo.gov/related/CREC-2015-01-30-pt1-PgD85-2,CREC,Proceedings of Congress and General Congressional Publications,2025-03-07T17:22:16Z,Congressional Record,package_114_15.csv,280,0,280,"[congressional record volume 161, number 16 (friday, january 30, 2015)] [daily digest] [page d85] from the congressional record online through the government publishing office [ www.gpo.gov ] committee meetings (committees not listed did not meet) no committee meetings were held.",280
CREC-2015-01-30-pt1-PgD86-2,CREC-2015-01-30,2015-01-30,Daily Digest/COMMITTEE MEETINGS FOR 2015-02-02,CREC,DAILYDIGEST,,D,1,https://www.govinfo.gov/app/details/CREC-2015-01-30/CREC-2015-01-30-pt1-PgD86-2,https://api.govinfo.gov/packages/CREC-2015-01-30/granules/CREC-2015-01-30-pt1-PgD86-2/htm,https://api.govinfo.gov/packages/CREC-2015-01-30/granules/CREC-2015-01-30-pt1-PgD86-2/pdf,https://api.govinfo.gov/packages/CREC-2015-01-30/summary,"[Congressional Record Volume 161, Number 16 (Friday, January 30, 2015)] [Daily Digest] [Page D86] From the Congressional Record Online through the Government Publishing Office [ www.gpo.gov ] COMMITTEE MEETINGS FOR MONDAY, FEBRUARY 2, 2015 (Committee meetings are open unless otherwise indicated) Senate No meetings/hearings scheduled. House Committee on Rules, Full Committee, hearing on H.R. 596, to repeal the Patient Protection and Affordable Care Act and health care- related provisions in the Health Care and Education Reconciliation Act of 2010, and for other purposes, 5 p.m., H-313 Capitol.",,"[Congressional Record Volume 161, Number 16 (Friday, January 30, 2015)] [Daily Digest] [Page D86] From the Congressional Record Online through the Government Publishing Office [ www.gpo.gov ] COMMITTEE MEETINGS FOR MONDAY, FEBRUARY 2, 2015 (Committee meetings are open unless otherwise indicated) Senate No meetings/hearings scheduled. House Committee on Rules, Full Committee, hearing on H.R. 596, to repeal the Patient Protection and Affordable Care Act and health care- related provisions in the Health Care and Education Reconciliation Act of 2010, and for other purposes, 5 p.m., H-313 Capitol.",https://api.govinfo.gov/related/CREC-2015-01-30-pt1-PgD86-2,CREC,Proceedings of Congress and General Congressional Publications,2025-03-07T17:22:16Z,Congressional Record,package_114_15.csv,599,0,599,"[congressional record volume 161, number 16 (friday, january 30, 2015)] [daily digest] [page d86] from the congressional record online through the government publishing office [ www.gpo.gov ] committee meetings for monday, february 2, 2015 (committee meetings are open unless otherwise indicated) senate no meetings/hearings scheduled. house committee on rules, full committee, hearing on h.r. 596, to repeal the patient protection and affordable care act and health care- related provisions in the health care and education reconciliation act of 2010, and for other purposes, 5 p.m., h-313 capitol.",599
CREC-2015-01-30-pt1-PgD87,CREC-2015-01-30,2015-01-30,Daily Digest/Next Meeting of the SENATE + Next Meeting of the HOUSE OF REPRESENTATIVES + Other End Matter,CREC,DAILYDIGEST,,D,1,https://www.govinfo.gov/app/details/CREC-2015-01-30/CREC-2015-01-30-pt1-PgD87,https://api.govinfo.gov/packages/CREC-2015-01-30/granules/CREC-2015-01-30-pt1-PgD87/htm,https://api.govinfo.gov/packages/CREC-2015-01-30/granules/CREC-2015-01-30-pt1-PgD87/pdf,https://api.govinfo.gov/packages/CREC-2015-01-30/summary,"[Congressional Record Volume 161, Number 16 (Friday, January 30, 2015)] [Daily Digest] [Pages D87-D88] From the Congressional Record Online through the Government Publishing Office [ www.gpo.gov ] CONGRESSIONAL RECORD (USPS 087-390). The Periodicals postage is paid at Washington, D.C. The public proceedings of each House of Congress, as reported by the Official Reporters thereof, are printed pursuant to directions of the Joint Committee on Printing as authorized by appropriate provisions of Title 44, United States Code, and published for each day that one or both Houses are in session, excepting very infrequent instances when two or more unusually small consecutive issues are printed one time. Public access to the Congressional Record is available online through the U.S. Government Publishing Office, at www.fdsys.gov , free of charge to the user. The information is updated online each day the Congressional Record is published. For more information, contact the GPO Customer Contact Center, U.S. Government Publishing Office. Phone 202-512-1800, or 866-512-1800 (toll-free). E-Mail, contactcenter@gpo.gov . To place an order for any of these products, visit the U.S. Government Online Bookstore at: bookstore.gpo.gov. Mail orders to: Superintendent of Documents, P.O. Box 979050, St. Louis, MO 63197-9000, or phone orders to 866-512 091800 (toll-free), 202-512-1800 (D.C. area), or fax to 202-512-2104. Remit check or money order, made payable to the Superintendent of Documents, or use VISA, MasterCard, Discover, American Express, or GPO Deposit Account. Following each session of Congress, the daily Congressional Record is revised, printed, permanently bound and sold by the Superintendent of Documents in individual parts or by sets. With the exception of copyrighted articles, there are no restrictions on the republication of material from the Congressional Record. POSTMASTER: Send address changes to the Superintendent of Documents, Congressional Record, U.S. Government Publishing Office, Washington, D.C. 20402, along with the entire mailing label from the last issue received. [[Page D88]] _______________________________________________________________________ Next Meeting of the SENATE 4 p.m., Monday, February 2 Senate Chamber Program for Monday: After the transaction of any morning business (not to extend beyond 4:30 p.m.), Senate will begin consideration of H.R. 203, Clay Hunt SAV Act. At 5:30 p.m., Senate will vote on passage of the bill. Next Meeting of the HOUSE OF REPRESENTATIVES 12 noon, Monday, February 2 House Chamber Program for Monday: To be announced. _______________________________________________________________________ Extensions of Remarks, as inserted in this issue HOUSE Conyers, John, Jr., Mich., E135 Engel, Eliot L., N.Y., E135, E136, E136, E137, E137, E138, E138, E139, E139, E140 Goodlatte, Bob, Va., E138 Gosar, Paul A., Ariz., E135, E136 Griffith, H. Morgan, Va., E139 Hahn, Janice, Calif., E139 Hice, Jody B., Ga., E135, E137 Lee, Barbara, Calif., E137 Reichert, David G., Wash., E138 Smith, Jason, Mo., E136, E140 Walorski, Jackie, Ind., E137",,"[Congressional Record Volume 161, Number 16 (Friday, January 30, 2015)] [Daily Digest] [Pages D87-D88] From the Congressional Record Online through the Government Publishing Office [ www.gpo.gov ] CONGRESSIONAL RECORD (USPS 087-390). The Periodicals postage is paid at Washington, D.C. The public proceedings of each House of Congress, as reported by the Official Reporters thereof, are printed pursuant to directions of the Joint Committee on Printing as authorized by appropriate provisions of Title 44, United States Code, and published for each day that one or both Houses are in session, excepting very infrequent instances when two or more unusually small consecutive issues are printed one time. Public access to the Congressional Record is available online through the U.S. Government Publishing Office, at www.fdsys.gov , free of charge to the user. The information is updated online each day the Congressional Record is published. For more information, contact the GPO Customer Contact Center, U.S. Government Publishing Office. Phone 202-512-1800, or 866-512-1800 (toll-free). E-Mail, contactcenter@gpo.gov . To place an order for any of these products, visit the U.S. Government Online Bookstore at: bookstore.gpo.gov. Mail orders to: Superintendent of Documents, P.O. Box 979050, St. Louis, MO 63197-9000, or phone orders to 866-512 091800 (toll-free), 202-512-1800 (D.C. area), or fax to 202-512-2104. Remit check or money order, made payable to the Superintendent of Documents, or use VISA, MasterCard, Discover, American Express, or GPO Deposit Account. Following each session of Congress, the daily Congressional Record is revised, printed, permanently bound and sold by the Superintendent of Documents in individual parts or by sets. With the exception of copyrighted articles, there are no restrictions on the republication of material from the Congressional Record. POSTMASTER: Send address changes to the Superintendent of Documents, Congressional Record, U.S. Government Publishing Office, Washington, D.C. 20402, along with the entire mailing label from the last issue received. [[Page D88]] _______________________________________________________________________ Next Meeting of the SENATE 4 p.m., Monday, February 2 Senate Chamber Program for Monday: After the transaction of any morning business (not to extend beyond 4:30 p.m.), Senate will begin consideration of H.R. 203, Clay Hunt SAV Act. At 5:30 p.m., Senate will vote on passage of the bill. Next Meeting of the HOUSE OF REPRESENTATIVES 12 noon, Monday, February 2 House Chamber Program for Monday: To be announced. _______________________________________________________________________ Extensions of Remarks, as inserted in this issue HOUSE Conyers, John, Jr., Mich., E135 Engel, Eliot L., N.Y., E135, E136, E136, E137, E137, E138, E138, E139, E139, E140 Goodlatte, Bob, Va., E138 Gosar, Paul A., Ariz., E135, E136 Griffith, H. Morgan, Va., E139 Hahn, Janice, Calif., E139 Hice, Jody B., Ga., E135, E137 Lee, Barbara, Calif., E137 Reichert, David G., Wash., E138 Smith, Jason, Mo., E136, E140 Walorski, Jackie, Ind., E137",https://api.govinfo.gov/related/CREC-2015-01-30-pt1-PgD87,CREC,Proceedings of Congress and General Congressional Publications,2025-03-07T17:22:16Z,Congressional Record,package_114_15.csv,3106,0,3106,"[congressional record volume 161, number 16 (friday, january 30, 2015)] [daily digest] [pages d87-d88] from the congressional record online through the government publishing office [ www.gpo.gov ] congressional record (usps 087-390). the periodicals postage is paid at washington, d.c. the public proceedings of each house of congress, as reported by the official reporters thereof, are printed pursuant to directions of the joint committee on printing as authorized by appropriate provisions of title 44, united states code, and published for each day that one or both houses are in session, excepting very infrequent instances when two or more unusually small consecutive issues are printed one time. public access to the congressional record is available online through the u.s. government publishing office, at www.fdsys.gov , free of charge to the user. the information is updated online each day the congressional record is published. for more information, contact the gpo customer contact center, u.s. government publishing office. phone 202-512-1800, or 866-512-1800 (toll-free). e-mail, contactcenter@gpo.gov . to place an order for any of these products, visit the u.s. government online bookstore at: bookstore.gpo.gov. mail orders to: superintendent of documents, p.o. box 979050, st. louis, mo 63197-9000, or phone orders to 866-512 091800 (toll-free), 202-512-1800 (d.c. area), or fax to 202-512-2104. remit check or money order, made payable to the superintendent of documents, or use visa, mastercard, discover, american express, or gpo deposit account. following each session of congress, the daily congressional record is revised, printed, permanently bound and sold by the superintendent of documents in individual parts or by sets. with the exception of copyrighted articles, there are no restrictions on the republication of material from the congressional record. postmaster: send address changes to the superintendent of documents, congressional record, u.s. government publishing office, washington, d.c. 20402, along with the entire mailing label from the last issue received. [[page d88]] _______________________________________________________________________ next meeting of the senate 4 p.m., monday, february 2 senate chamber program for monday: after the transaction of any morning business (not to extend beyond 4:30 p.m.), senate will begin consideration of h.r. 203, clay hunt sav act. at 5:30 p.m., senate will vote on passage of the bill. next meeting of the house of representatives 12 noon, monday, february 2 house chamber program for monday: to be announced. _______________________________________________________________________ extensions of remarks, as inserted in this issue house conyers, john, jr., mich., e135 engel, eliot l., n.y., e135, e136, e136, e137, e137, e138, e138, e139, e139, e140 goodlatte, bob, va., e138 gosar, paul a., ariz., e135, e136 griffith, h. morgan, va., e139 hahn, janice, calif., e139 hice, jody b., ga., e135, e137 lee, barbara, calif., e137 reichert, david g., wash., e138 smith, jason, mo., e136, e140 walorski, jackie, ind., e137",3106
CREC-2015-01-30-pt1-PgD86-3,CREC-2015-01-30,2015-01-30,Daily Digest/CONGRESSIONAL PROGRAM AHEAD,CREC,DAILYDIGEST,,D,1,https://www.govinfo.gov/app/details/CREC-2015-01-30/CREC-2015-01-30-pt1-PgD86-3,https://api.govinfo.gov/packages/CREC-2015-01-30/granules/CREC-2015-01-30-pt1-PgD86-3/htm,https://api.govinfo.gov/packages/CREC-2015-01-30/granules/CREC-2015-01-30-pt1-PgD86-3/pdf,https://api.govinfo.gov/packages/CREC-2015-01-30/summary,"[Congressional Record Volume 161, Number 16 (Friday, January 30, 2015)] [Daily Digest] [Pages D86-D87] From the Congressional Record Online through the Government Publishing Office [ www.gpo.gov ] CONGRESSIONAL PROGRAM AHEAD Week of February 2 through February 6, 2015 Senate Chamber On Monday, at 4:30 p.m., Senate will begin consideration of H.R. 203, Clay Hunt SAV Act. At 5:30 p.m., Senate will vote on passage of the bill. On Tuesday, at 2:30 p.m., Senate will vote on the motion to invoke cloture on the motion to proceed to consideration of H.R. 240, Department of Homeland Security Appropriations Act. If the motion to invoke cloture on the motion to proceed to consideration of the bill is agreed to, all post-cloture time be yielded back, and Senate will vote on the motion to proceed to consideration of the bill. During the balance of the week, Senate may consider any cleared legislative and executive business. Senate Committees (Committee meetings are open unless otherwise indicated) Committee on Armed Services: February 3, to hold hearings to examine the findings of the Military Compensation and Retirement Modernization Commission, 9:30 a.m., SD-G50. February 4, Full Committee, to hold hearings to examine the nomination of Ashton B. Carter, of Massachusetts, to be Secretary of Defense, 9:30 a.m., SD-G50. February 5, Full Committee, to hold hearings to examine the Guantanamo detention facility and the future of United States detention policy, 9:30 a.m., SD-G50. Committee on the Budget: February 3, to hold hearings to examine the President's proposed budget request for fiscal year 2016, 10 a.m., SD-608. Committee on Commerce, Science, and Transportation: February 4, to hold hearings to examine private sector experience with the National Institute of Standards and Technology (NIST) framework, focusing on building a more secure cyber future, 10 a.m., SR-253. February 4, Subcommittee on Oceans, Atmosphere, Fisheries, and Coast Guard, to hold hearings to examine the impacts of vessel discharge regulations on shipping and fishing industries, 2:30 p.m., SR-253. February 5, Subcommittee on Consumer Protection, Product Safety, and Insurance, to hold hearings to examine data breach and notification legislation in the 114th Congress, 10 a.m., SR-253. Committee on Environment and Public Works: February 4, to hold a joint hearing with the House Committee on Transportation and Infrastructure to examine impacts of the proposed waters of the United States rule on state and local governments, 10 a.m., HVC-210. Committee on Finance: February 3, to hold hearings to examine the Internal Revenue Service Operations and the President's proposed budget request for fiscal year 2016, 10:30 a.m., SD-215. February 4, Full Committee, to hold hearings to examine the President's proposed budget request for fiscal year 2016, 10 a.m., SD-215. February 5, Full Committee, to continue hearings to examine the President's proposed budget request for fiscal year 2016, 10 a.m., SD-215. Committee on Foreign Relations: February 3, Subcommittee on Western Hemisphere and Global Narcotics Affairs, to hold hearings to examine understanding the impact of United States policy changes on human rights and democracy in Cuba, 10 a.m., SD-419. February 4, Full Committee, to hold hearings to examine ending modern slavery, focusing on the best way forward, 9:30 a.m., SD-419. [[Page D87]] Committee on Health, Education, Labor, and Pensions: February 3, to hold hearings to examine No Child Left Behind, focusing on innovation to meet the needs of students, 10 a.m., SH-216. February 5, Full Committee, to hold hearings to examine the ``joint employer'' standard and business ownership, 10 a.m., SD-430. Committee on Homeland Security and Governmental Affairs: February 4, to hold hearings to examine deferred action on immigration, focusing on implications and unanswered questions, 10 a.m., SD-342. Committee on Indian Affairs: February 4, business meeting to consider S. 184, to amend the Indian Child Protection and Family Violence Prevention Act to require background checks before foster care placements are ordered in tribal court proceedings, S. 209, to amend the Indian Tribal Energy Development and Self-Determination Act of 2005, S. 246, to establish the Alyce Spotted Bear and Walter Soboleff Commission on Native Children, and an original bill to amend the Indian Self-Determination and Education Assistance Act to provide further self-governance by Indian tribes; to be immediately followed by an oversight hearing to examine loan leveraging in Indian country, 2:30 p.m., SD-628. Committee on the Judiciary: February 5, business meeting to consider pending calendar business, 10:30 a.m., SD-226. Select Committee on Intelligence: February 3, to receive a closed briefing on certain intelligence matters, 2:30 p.m., SH-219. February 5, Full Committee, to receive a closed briefing on certain intelligence matters, 2:30 p.m., SH-219. Special Committee on Aging: February 4, to hold hearings to examine combating financial exploitation of vulnerable seniors, 2:15 p.m., SD-562. House Committees Committee on Armed Services, February 3, Full Committee, hearing entitled ``World Wide Threats'', 10 a.m., 2118 Rayburn. February 3, Subcommittee on Military Personnel, hearing entitled ``Wounded Warrior Program Update'', 3:30 p.m., 2118 Rayburn. February 4, Full Committee, hearing entitled ``Final Recommendations from the Military Compensation and Retirement Modernization Commission'', 10 a.m., 2118 Rayburn. Committee on the Budget, February 4, Full Committee, hearing entitled ``The President's Fiscal Year 2016 Budget'', 10:30 a.m., 210 Cannon. Committee on Education and the Workforce, February 4, Full Committee, hearing entitled ``Expanding Opportunity in America's Schools and Workplaces'', 10 a.m., 2175 Rayburn. Committee on Energy and Commerce, February 3, Subcommittee on Oversight and Investigations, hearing entitled ``Examining the U.S. Public Health Response to Seasonal Influenza'', 10 a.m., 2123 Rayburn. February 5, Subcommittee on Environment and the Economy, hearing on H.R. 212, the ``Drinking Water Protection Act'', 10 a.m., 2123 Rayburn. Committee on Financial Services, February 4, Subcommittee on Oversight and Investigations, hearing entitled ``Exploring Alleged Ethical and Legal Violations at the U.S. Department of Housing and Urban Development'', 10 a.m., 2167 Rayburn. Committee on Foreign Affairs, February 3, Subcommittee on the Western Hemisphere, hearing entitled ``The Strategic Importance of the Western Hemisphere: Defining U.S. Interests in the Region'', 11 a.m., 2172 Rayburn. February 4, Full Committee, hearing entitled ``Cuba: Assessing the Administration's Sudden Shift'', 10 a.m., 2172 Rayburn. February 4, Subcommittee on the Middle East and North Africa, hearing entitled ``The Palestinian Authority's International Criminal Court Gambit: A True Partner for Peace?'', 2 p.m., 2172 Rayburn. February 5, Subcommittee on Africa, Global Health, Global Human Rights, and International Organizations, hearing entitled ``Human Rights in Cuba: A Squandered Opportunity'', 10 a.m., 2172 Rayburn. Committee on Homeland Security, February 3, Subcommittee on Transportation Security, hearing entitled ``A Review of Access Control Measures at Our Nation's Airports'', 2 p.m., 311 Cannon. Committee on House Administration, February 4, Full Committee, hearing on committee funding for the 114th Congress, 10 a.m., 1310 Longworth. Committee on the Judiciary, February 3, Full Committee, hearing entitled ``Examining the Adequacy and Enforcement of Our Nation's Immigration Laws'', 11 a.m., 2141 Rayburn. February 4, Subcommittee on Immigration and Border Security, hearing on the ``Legal Workforce Act'', 10 a.m., 2141 Rayburn. February 4, Subcommittee on Regulatory Reform, Commercial and Antitrust Law, hearing on H.R. 526, the ``Furthering Asbestos Claim Transparency (FACT) Act of 2015'', 1 p.m., 2141 Rayburn. Committee on Oversight and Government Reform, February 3, Full Committee, hearing entitled ``Inspectors General: Independence, Access and Authority'', 10:15 a.m., 2154 Rayburn. Committee on Rules, February 3, Full Committee, hearing on H.R. 50, the ``Unfunded Mandates Information and Transparency Act of 2015''; and H.R. 527, the ``Small Business Regulatory Flexibility Improvements Act of 2015'', 3 p.m., H-313 Capitol. Committee on Science, Space, and Technology, February 3, Subcommittee on Oversight; and Subcommittee on Research and Technology, joint hearing entitled ``NSF's Oversight of the NEON Project and Other Major Research Facilities Developed Under Cooperative Agreements'', 10 a.m., 2318 Rayburn. Committee on Transportation and Infrastructure, February 3, Subcommittee on Railroads, Pipelines, and Hazardous Materials, hearing entitled ``How the Changing Energy Markets Will Affect U.S. Transportation'', 10 a.m., 2167 Rayburn. Committee on Ways and Means, February 3, Full Committee, hearing on the President's fiscal year 2016 budget, 10 a.m., 1300 Longworth.",,"[Congressional Record Volume 161, Number 16 (Friday, January 30, 2015)] [Daily Digest] [Pages D86-D87] From the Congressional Record Online through the Government Publishing Office [ www.gpo.gov ] CONGRESSIONAL PROGRAM AHEAD Week of February 2 through February 6, 2015 Senate Chamber On Monday, at 4:30 p.m., Senate will begin consideration of H.R. 203, Clay Hunt SAV Act. At 5:30 p.m., Senate will vote on passage of the bill. On Tuesday, at 2:30 p.m., Senate will vote on the motion to invoke cloture on the motion to proceed to consideration of H.R. 240, Department of Homeland Security Appropriations Act. If the motion to invoke cloture on the motion to proceed to consideration of the bill is agreed to, all post-cloture time be yielded back, and Senate will vote on the motion to proceed to consideration of the bill. During the balance of the week, Senate may consider any cleared legislative and executive business. Senate Committees (Committee meetings are open unless otherwise indicated) Committee on Armed Services: February 3, to hold hearings to examine the findings of the Military Compensation and Retirement Modernization Commission, 9:30 a.m., SD-G50. February 4, Full Committee, to hold hearings to examine the nomination of Ashton B. Carter, of Massachusetts, to be Secretary of Defense, 9:30 a.m., SD-G50. February 5, Full Committee, to hold hearings to examine the Guantanamo detention facility and the future of United States detention policy, 9:30 a.m., SD-G50. Committee on the Budget: February 3, to hold hearings to examine the President's proposed budget request for fiscal year 2016, 10 a.m., SD-608. Committee on Commerce, Science, and Transportation: February 4, to hold hearings to examine private sector experience with the National Institute of Standards and Technology (NIST) framework, focusing on building a more secure cyber future, 10 a.m., SR-253. February 4, Subcommittee on Oceans, Atmosphere, Fisheries, and Coast Guard, to hold hearings to examine the impacts of vessel discharge regulations on shipping and fishing industries, 2:30 p.m., SR-253. February 5, Subcommittee on Consumer Protection, Product Safety, and Insurance, to hold hearings to examine data breach and notification legislation in the 114th Congress, 10 a.m., SR-253. Committee on Environment and Public Works: February 4, to hold a joint hearing with the House Committee on Transportation and Infrastructure to examine impacts of the proposed waters of the United States rule on state and local governments, 10 a.m., HVC-210. Committee on Finance: February 3, to hold hearings to examine the Internal Revenue Service Operations and the President's proposed budget request for fiscal year 2016, 10:30 a.m., SD-215. February 4, Full Committee, to hold hearings to examine the President's proposed budget request for fiscal year 2016, 10 a.m., SD-215. February 5, Full Committee, to continue hearings to examine the President's proposed budget request for fiscal year 2016, 10 a.m., SD-215. Committee on Foreign Relations: February 3, Subcommittee on Western Hemisphere and Global Narcotics Affairs, to hold hearings to examine understanding the impact of United States policy changes on human rights and democracy in Cuba, 10 a.m., SD-419. February 4, Full Committee, to hold hearings to examine ending modern slavery, focusing on the best way forward, 9:30 a.m., SD-419. [[Page D87]] Committee on Health, Education, Labor, and Pensions: February 3, to hold hearings to examine No Child Left Behind, focusing on innovation to meet the needs of students, 10 a.m., SH-216. February 5, Full Committee, to hold hearings to examine the ``joint employer'' standard and business ownership, 10 a.m., SD-430. Committee on Homeland Security and Governmental Affairs: February 4, to hold hearings to examine deferred action on immigration, focusing on implications and unanswered questions, 10 a.m., SD-342. Committee on Indian Affairs: February 4, business meeting to consider S. 184, to amend the Indian Child Protection and Family Violence Prevention Act to require background checks before foster care placements are ordered in tribal court proceedings, S. 209, to amend the Indian Tribal Energy Development and Self-Determination Act of 2005, S. 246, to establish the Alyce Spotted Bear and Walter Soboleff Commission on Native Children, and an original bill to amend the Indian Self-Determination and Education Assistance Act to provide further self-governance by Indian tribes; to be immediately followed by an oversight hearing to examine loan leveraging in Indian country, 2:30 p.m., SD-628. Committee on the Judiciary: February 5, business meeting to consider pending calendar business, 10:30 a.m., SD-226. Select Committee on Intelligence: February 3, to receive a closed briefing on certain intelligence matters, 2:30 p.m., SH-219. February 5, Full Committee, to receive a closed briefing on certain intelligence matters, 2:30 p.m., SH-219. Special Committee on Aging: February 4, to hold hearings to examine combating financial exploitation of vulnerable seniors, 2:15 p.m., SD-562. House Committees Committee on Armed Services, February 3, Full Committee, hearing entitled ``World Wide Threats'', 10 a.m., 2118 Rayburn. February 3, Subcommittee on Military Personnel, hearing entitled ``Wounded Warrior Program Update'', 3:30 p.m., 2118 Rayburn. February 4, Full Committee, hearing entitled ``Final Recommendations from the Military Compensation and Retirement Modernization Commission'', 10 a.m., 2118 Rayburn. Committee on the Budget, February 4, Full Committee, hearing entitled ``The President's Fiscal Year 2016 Budget'', 10:30 a.m., 210 Cannon. Committee on Education and the Workforce, February 4, Full Committee, hearing entitled ``Expanding Opportunity in America's Schools and Workplaces'', 10 a.m., 2175 Rayburn. Committee on Energy and Commerce, February 3, Subcommittee on Oversight and Investigations, hearing entitled ``Examining the U.S. Public Health Response to Seasonal Influenza'', 10 a.m., 2123 Rayburn. February 5, Subcommittee on Environment and the Economy, hearing on H.R. 212, the ``Drinking Water Protection Act'', 10 a.m., 2123 Rayburn. Committee on Financial Services, February 4, Subcommittee on Oversight and Investigations, hearing entitled ``Exploring Alleged Ethical and Legal Violations at the U.S. Department of Housing and Urban Development'', 10 a.m., 2167 Rayburn. Committee on Foreign Affairs, February 3, Subcommittee on the Western Hemisphere, hearing entitled ``The Strategic Importance of the Western Hemisphere: Defining U.S. Interests in the Region'', 11 a.m., 2172 Rayburn. February 4, Full Committee, hearing entitled ``Cuba: Assessing the Administration's Sudden Shift'', 10 a.m., 2172 Rayburn. February 4, Subcommittee on the Middle East and North Africa, hearing entitled ``The Palestinian Authority's International Criminal Court Gambit: A True Partner for Peace?'', 2 p.m., 2172 Rayburn. February 5, Subcommittee on Africa, Global Health, Global Human Rights, and International Organizations, hearing entitled ``Human Rights in Cuba: A Squandered Opportunity'', 10 a.m., 2172 Rayburn. Committee on Homeland Security, February 3, Subcommittee on Transportation Security, hearing entitled ``A Review of Access Control Measures at Our Nation's Airports'', 2 p.m., 311 Cannon. Committee on House Administration, February 4, Full Committee, hearing on committee funding for the 114th Congress, 10 a.m., 1310 Longworth. Committee on the Judiciary, February 3, Full Committee, hearing entitled ``Examining the Adequacy and Enforcement of Our Nation's Immigration Laws'', 11 a.m., 2141 Rayburn. February 4, Subcommittee on Immigration and Border Security, hearing on the ``Legal Workforce Act'', 10 a.m., 2141 Rayburn. February 4, Subcommittee on Regulatory Reform, Commercial and Antitrust Law, hearing on H.R. 526, the ``Furthering Asbestos Claim Transparency (FACT) Act of 2015'', 1 p.m., 2141 Rayburn. Committee on Oversight and Government Reform, February 3, Full Committee, hearing entitled ``Inspectors General: Independence, Access and Authority'', 10:15 a.m., 2154 Rayburn. Committee on Rules, February 3, Full Committee, hearing on H.R. 50, the ``Unfunded Mandates Information and Transparency Act of 2015''; and H.R. 527, the ``Small Business Regulatory Flexibility Improvements Act of 2015'', 3 p.m., H-313 Capitol. Committee on Science, Space, and Technology, February 3, Subcommittee on Oversight; and Subcommittee on Research and Technology, joint hearing entitled ``NSF's Oversight of the NEON Project and Other Major Research Facilities Developed Under Cooperative Agreements'', 10 a.m., 2318 Rayburn. Committee on Transportation and Infrastructure, February 3, Subcommittee on Railroads, Pipelines, and Hazardous Materials, hearing entitled ``How the Changing Energy Markets Will Affect U.S. Transportation'', 10 a.m., 2167 Rayburn. Committee on Ways and Means, February 3, Full Committee, hearing on the President's fiscal year 2016 budget, 10 a.m., 1300 Longworth.",https://api.govinfo.gov/related/CREC-2015-01-30-pt1-PgD86-3,CREC,Proceedings of Congress and General Congressional Publications,2025-03-07T17:22:16Z,Congressional Record,package_114_15.csv,9044,0,9044,"[congressional record volume 161, number 16 (friday, january 30, 2015)] [daily digest] [pages d86-d87] from the congressional record online through the government publishing office [ www.gpo.gov ] congressional program ahead week of february 2 through february 6, 2015 senate chamber on monday, at 4:30 p.m., senate will begin consideration of h.r. 203, clay hunt sav act. at 5:30 p.m., senate will vote on passage of the bill. on tuesday, at 2:30 p.m., senate will vote on the motion to invoke cloture on the motion to proceed to consideration of h.r. 240, department of homeland security appropriations act. if the motion to invoke cloture on the motion to proceed to consideration of the bill is agreed to, all post-cloture time be yielded back, and senate will vote on the motion to proceed to consideration of the bill. during the balance of the week, senate may consider any cleared legislative and executive business. senate committees (committee meetings are open unless otherwise indicated) committee on armed services: february 3, to hold hearings to examine the findings of the military compensation and retirement modernization commission, 9:30 a.m., sd-g50. february 4, full committee, to hold hearings to examine the nomination of ashton b. carter, of massachusetts, to be secretary of defense, 9:30 a.m., sd-g50. february 5, full committee, to hold hearings to examine the guantanamo detention facility and the future of united states detention policy, 9:30 a.m., sd-g50. committee on the budget: february 3, to hold hearings to examine the president's proposed budget request for fiscal year 2016, 10 a.m., sd-608. committee on commerce, science, and transportation: february 4, to hold hearings to examine private sector experience with the national institute of standards and technology (nist) framework, focusing on building a more secure cyber future, 10 a.m., sr-253. february 4, subcommittee on oceans, atmosphere, fisheries, and coast guard, to hold hearings to examine the impacts of vessel discharge regulations on shipping and fishing industries, 2:30 p.m., sr-253. february 5, subcommittee on consumer protection, product safety, and insurance, to hold hearings to examine data breach and notification legislation in the 114th congress, 10 a.m., sr-253. committee on environment and public works: february 4, to hold a joint hearing with the house committee on transportation and infrastructure to examine impacts of the proposed waters of the united states rule on state and local governments, 10 a.m., hvc-210. committee on finance: february 3, to hold hearings to examine the internal revenue service operations and the president's proposed budget request for fiscal year 2016, 10:30 a.m., sd-215. february 4, full committee, to hold hearings to examine the president's proposed budget request for fiscal year 2016, 10 a.m., sd-215. february 5, full committee, to continue hearings to examine the president's proposed budget request for fiscal year 2016, 10 a.m., sd-215. committee on foreign relations: february 3, subcommittee on western hemisphere and global narcotics affairs, to hold hearings to examine understanding the impact of united states policy changes on human rights and democracy in cuba, 10 a.m., sd-419. february 4, full committee, to hold hearings to examine ending modern slavery, focusing on the best way forward, 9:30 a.m., sd-419. [[page d87]] committee on health, education, labor, and pensions: february 3, to hold hearings to examine no child left behind, focusing on innovation to meet the needs of students, 10 a.m., sh-216. february 5, full committee, to hold hearings to examine the ``joint employer'' standard and business ownership, 10 a.m., sd-430. committee on homeland security and governmental affairs: february 4, to hold hearings to examine deferred action on immigration, focusing on implications and unanswered questions, 10 a.m., sd-342. committee on indian affairs: february 4, business meeting to consider s. 184, to amend the indian child protection and family violence prevention act to require background checks before foster care placements are ordered in tribal court proceedings, s. 209, to amend the indian tribal energy development and self-determination act of 2005, s. 246, to establish the alyce spotted bear and walter soboleff commission on native children, and an original bill to amend the indian self-determination and education assistance act to provide further self-governance by indian tribes; to be immediately followed by an oversight hearing to examine loan leveraging in indian country, 2:30 p.m., sd-628. committee on the judiciary: february 5, business meeting to consider pending calendar business, 10:30 a.m., sd-226. select committee on intelligence: february 3, to receive a closed briefing on certain intelligence matters, 2:30 p.m., sh-219. february 5, full committee, to receive a closed briefing on certain intelligence matters, 2:30 p.m., sh-219. special committee on aging: february 4, to hold hearings to examine combating financial exploitation of vulnerable seniors, 2:15 p.m., sd-562. house committees committee on armed services, february 3, full committee, hearing entitled ``world wide threats'', 10 a.m., 2118 rayburn. february 3, subcommittee on military personnel, hearing entitled ``wounded warrior program update'', 3:30 p.m., 2118 rayburn. february 4, full committee, hearing entitled ``final recommendations from the military compensation and retirement modernization commission'', 10 a.m., 2118 rayburn. committee on the budget, february 4, full committee, hearing entitled ``the president's fiscal year 2016 budget'', 10:30 a.m., 210 cannon. committee on education and the workforce, february 4, full committee, hearing entitled ``expanding opportunity in america's schools and workplaces'', 10 a.m., 2175 rayburn. committee on energy and commerce, february 3, subcommittee on oversight and investigations, hearing entitled ``examining the u.s. public health response to seasonal influenza'', 10 a.m., 2123 rayburn. february 5, subcommittee on environment and the economy, hearing on h.r. 212, the ``drinking water protection act'', 10 a.m., 2123 rayburn. committee on financial services, february 4, subcommittee on oversight and investigations, hearing entitled ``exploring alleged ethical and legal violations at the u.s. department of housing and urban development'', 10 a.m., 2167 rayburn. committee on foreign affairs, february 3, subcommittee on the western hemisphere, hearing entitled ``the strategic importance of the western hemisphere: defining u.s. interests in the region'', 11 a.m., 2172 rayburn. february 4, full committee, hearing entitled ``cuba: assessing the administration's sudden shift'', 10 a.m., 2172 rayburn. february 4, subcommittee on the middle east and north africa, hearing entitled ``the palestinian authority's international criminal court gambit: a true partner for peace?'', 2 p.m., 2172 rayburn. february 5, subcommittee on africa, global health, global human rights, and international organizations, hearing entitled ``human rights in cuba: a squandered opportunity'', 10 a.m., 2172 rayburn. committee on homeland security, february 3, subcommittee on transportation security, hearing entitled ``a review of access control measures at our nation's airports'', 2 p.m., 311 cannon. committee on house administration, february 4, full committee, hearing on committee funding for the 114th congress, 10 a.m., 1310 longworth. committee on the judiciary, february 3, full committee, hearing entitled ``examining the adequacy and enforcement of our nation's immigration laws'', 11 a.m., 2141 rayburn. february 4, subcommittee on immigration and border security, hearing on the ``legal workforce act'', 10 a.m., 2141 rayburn. february 4, subcommittee on regulatory reform, commercial and antitrust law, hearing on h.r. 526, the ``furthering asbestos claim transparency (fact) act of 2015'', 1 p.m., 2141 rayburn. committee on oversight and government reform, february 3, full committee, hearing entitled ``inspectors general: independence, access and authority'', 10:15 a.m., 2154 rayburn. committee on rules, february 3, full committee, hearing on h.r. 50, the ``unfunded mandates information and transparency act of 2015''; and h.r. 527, the ``small business regulatory flexibility improvements act of 2015'', 3 p.m., h-313 capitol. committee on science, space, and technology, february 3, subcommittee on oversight; and subcommittee on research and technology, joint hearing entitled ``nsf's oversight of the neon project and other major research facilities developed under cooperative agreements'', 10 a.m., 2318 rayburn. committee on transportation and infrastructure, february 3, subcommittee on railroads, pipelines, and hazardous materials, hearing entitled ``how the changing energy markets will affect u.s. transportation'', 10 a.m., 2167 rayburn. committee on ways and means, february 3, full committee, hearing on the president's fiscal year 2016 budget, 10 a.m., 1300 longworth.",9044
CREC-2015-01-30-pt1-PgD85-3,CREC-2015-01-30,2015-01-30,Daily Digest/House of Representatives,CREC,DAILYDIGEST,,D,1,https://www.govinfo.gov/app/details/CREC-2015-01-30/CREC-2015-01-30-pt1-PgD85-3,https://api.govinfo.gov/packages/CREC-2015-01-30/granules/CREC-2015-01-30-pt1-PgD85-3/htm,https://api.govinfo.gov/packages/CREC-2015-01-30/granules/CREC-2015-01-30-pt1-PgD85-3/pdf,https://api.govinfo.gov/packages/CREC-2015-01-30/summary,"[Congressional Record Volume 161, Number 16 (Friday, January 30, 2015)] [Daily Digest] [Pages D85-D86] From the Congressional Record Online through the Government Publishing Office [ www.gpo.gov ] House of Representatives Chamber Action Public Bills and Resolutions Introduced: 12 public bills, H.R. 622-633; and 3 resolutions, H. Con. Res. 12; and H. Res. 65-66 were introduced. Pages H666-67 Additional Cosponsors: Page H668 Reports Filed: There were no reports filed today. Speaker: Read a letter from the Speaker wherein he appointed Representative Rooney (FL) to act as Speaker pro tempore for today. Page H665 [[Page D86]] Guest Chaplain: The prayer was offered by the Guest Chaplain, Lt. Cmdr. James Dance, Chaplain, United States Navy, Office of the Chief of Navy Chaplains, Washington, DC. Page H665 Tom Lantos Human Rights Commission--Appointment: The Chair announced the Speaker's appointment of the following Member of the House to serve as Co-Chair of the Tom Lantos Human Rights Commission: Representative Pitts. Page H666 Senate Messages: Messages received from the Senate by the Clerk and subsequently presented to the House today and messages received from the Senate today appear on page H665. Senate Referral: S. 1 was held at the desk. Page H665 Quorum Calls--Votes: There were no yea-and-nay votes, and there were no Recorded votes. There were no quorum calls. Adjournment: The House met at 2 p.m. and adjourned at 2:04 p.m.",,"[Congressional Record Volume 161, Number 16 (Friday, January 30, 2015)] [Daily Digest] [Pages D85-D86] From the Congressional Record Online through the Government Publishing Office [ www.gpo.gov ] House of Representatives Chamber Action Public Bills and Resolutions Introduced: 12 public bills, H.R. 622-633; and 3 resolutions, H. Con. Res. 12; and H. Res. 65-66 were introduced. Pages H666-67 Additional Cosponsors: Page H668 Reports Filed: There were no reports filed today. Speaker: Read a letter from the Speaker wherein he appointed Representative Rooney (FL) to act as Speaker pro tempore for today. Page H665 [[Page D86]] Guest Chaplain: The prayer was offered by the Guest Chaplain, Lt. Cmdr. James Dance, Chaplain, United States Navy, Office of the Chief of Navy Chaplains, Washington, DC. Page H665 Tom Lantos Human Rights Commission--Appointment: The Chair announced the Speaker's appointment of the following Member of the House to serve as Co-Chair of the Tom Lantos Human Rights Commission: Representative Pitts. Page H666 Senate Messages: Messages received from the Senate by the Clerk and subsequently presented to the House today and messages received from the Senate today appear on page H665. Senate Referral: S. 1 was held at the desk. Page H665 Quorum Calls--Votes: There were no yea-and-nay votes, and there were no Recorded votes. There were no quorum calls. Adjournment: The House met at 2 p.m. and adjourned at 2:04 p.m.",https://api.govinfo.gov/related/CREC-2015-01-30-pt1-PgD85-3,CREC,Proceedings of Congress and General Congressional Publications,2025-03-07T17:22:16Z,Congressional Record,package_114_15.csv,1445,0,1445,"[congressional record volume 161, number 16 (friday, january 30, 2015)] [daily digest] [pages d85-d86] from the congressional record online through the government publishing office [ www.gpo.gov ] house of representatives chamber action public bills and resolutions introduced: 12 public bills, h.r. 622-633; and 3 resolutions, h. con. res. 12; and h. res. 65-66 were introduced. pages h666-67 additional cosponsors: page h668 reports filed: there were no reports filed today. speaker: read a letter from the speaker wherein he appointed representative rooney (fl) to act as speaker pro tempore for today. page h665 [[page d86]] guest chaplain: the prayer was offered by the guest chaplain, lt. cmdr. james dance, chaplain, united states navy, office of the chief of navy chaplains, washington, dc. page h665 tom lantos human rights commission--appointment: the chair announced the speaker's appointment of the following member of the house to serve as co-chair of the tom lantos human rights commission: representative pitts. page h666 senate messages: messages received from the senate by the clerk and subsequently presented to the house today and messages received from the senate today appear on page h665. senate referral: s. 1 was held at the desk. page h665 quorum calls--votes: there were no yea-and-nay votes, and there were no recorded votes. there were no quorum calls. adjournment: the house met at 2 p.m. and adjourned at 2:04 p.m.",1445
