org_id,interest_group,acronym
2,20/20 Vision,
8,American Automobile Association,AAA
12,American Association of Retired Persons,AARP
13,Center on Children and the Law,
18,Academy for Educational Development - National Institute for Work and Learning,AED-NIWL
21,Academy of Managed Care Pharmacy,AMCP
23,Academy of Radiology Research,ARR
29,Accrediting Council for Continuing Education and Training,ACCET
30,Accuracy in Academia,AIA
31,Accuracy in Media,AIM
34,American College Testing,ACT
35,Action on Smoking and Health,ASH
36,Acute Long Term Hospital Association,ALTHA
37,Adhesive and Sealant Council,ASC
40,Advanced Transit Association,ATA
42,Adventist Development and Relief Agency,SAWS
43,Advocates for Highway and Auto Safety,
44,Advocates for Youth,
48,Aerospace Industries Association,AIA
49,Aerospace Medical Association,
51,Affordable Housing Tax Credit Coalition,
52,Afghanistan Foundation,
53,AFL-CIO - Broadcast Division,
54,AFL-CIO - Building and Construction Trades Department,
56,AFL-CIO - Maritime Trades Department,
58,AFL-CIO - Transportation Trades Department,
59,American Federation of Labor and Congress of Industrial Organizations,AFL-CIO
63,African Wildlife Foundation,AWF
64,Africare,
20110189,Agribusiness Council,ABC
66,Agricultural Retailers Association,ARA
67,Agricultural Transporters Conference,
68,Agudath Israel of America,
69,AIDS Action Council,
71,Air Carrier Association of America,ACAA
72,Air Conditioning Contractors of America,ACCA
73,Air & Space Forces Association,AFA
74,Air Force Sergeants Association,ASFA
75,"Air Line Pilots Association, International",ALPA
78,Air Traffic Control Association,ATCA
79,Airlines for America,A4A
83,Aircraft Owners and Pilots Association,AOPA
84,Airport Consultants Council,ACC
85,Alarm Industry Communications Committee,AICC
86,Alaska Wilderness League,AWL
92,Alexander Graham Bell Association for the Deaf and Hard of Hearing,AG Bell
98,Alliance for Affordable Services,
99,Alliance for Aging Research,
101,Alliance for Children and Families,
102,Alliance for Community Media,ACM
105,Alliance for International Exchange,
106,Alliance for Justice,AFJ
107,Alliance for Nuclear Accountability,ANA
108,Alliance for Public Technology,APT
109,Alliance for Rail Competition,
110,Alliance for Responsible Atmospheric Policy,
111,Alliance for Retired Americans,ARA
112,Alliance for Telecommunications Industry Solutions,ATIS
115,The Auto Alliance,AAM
116,Alliance of Marine Mammal Parks and Aquariums,AMMPA
117,Alliance of Nonprofit Mailers,
118,Alliance to End Childhood Lead Poisoning,
130,Alzheimer's Association,
131,Amalgamated Transit Union,ATU
134,American Academy for Liberal Education,AALE
135,American Academy of Actuaries,
136,American Academy of Audiology,
137,American Academy of Child and Adolescent Psychiatry,AACAP
138,American Academy of Dermatology,AAD
139,American Academy of Facial Plastic and Reconstructive Surgery,AAFPRS
140,American Academy of Family Physicians,AAFP
142,American Association of Nurse Practitioners,AANP
143,American Academy of Ophthamology,AAO
145,American Academy of Orthopaedic Surgeons,AAOS
146,American Academy of Otolaryngic Allergy,AAOA
147,American Academy of Otolaryngology-Head and Neck Surgery,AAO-HNS
148,American Academy of Pediatrics,AAP
149,American Academy of Physician Assistants,AAPA
151,American Advertising Federation,AAF
152,AIDS Coalition to Unleash Power,ACT UP
154,Society of Health and Physical Educators,SHAPE America
155,American Ambulance Association,AAA
156,American Anthropological Association,AAA
157,American Apparel & Footwear Association,AAFA
158,American Arbitration Association,AAA
159,American Arts Alliance,
161,American Association for Adult and Continuing Education,AAACE
162,American Association for Clinical Chemistry,AACC
163,"The American Association for Dental, Oral, and Craniofacial Research",AADOCR
164,American Association for Geriatric Psychiatry,AAGP
165,American Association for Health Education,AAHE
167,American Association for Homecare,
169,American Association for Marriage and Family Therapy,AAMFT
172,American Association of Advertising Agencies,AAAA
173,American Association of Airport Executives,AAAE
174,American Association of Bank Directors,AABD
176,American Association of Blacks in Energy,AABE
177,American Association of Blood Banks,AABB
179,American Association of Colleges for Teacher Education,AACTE
180,American Association of Colleges of Nursing,AACN
181,American Association of Colleges of Osteopathic Medicine,AACOM
182,American Association of Colleges of Pharmacy,AACP
184,American Association of Collegiate Registrars and Admissions Officers,AACRAO
185,American Association of Community Colleges,AACC
186,American Association of Crop Insurers,
187,American Association of Early Childhood Educators,
190,American Association of Entrepreneurs,
191,American Association of Family and Consumer Sciences,AAFCS
194,LeadingAge,
195,American Association of Immunologists,AAI
196,American Association of Law Libraries,AALL
197,American Association of Motor Vehicle Administrators,AAMVA
198,American Alliance of Museums,AAM
199,American Association of Neurological Surgeons,AANS
200,American Association of Nurse Anesthetists,AANS
201,American Association of Pastoral Counselors,AAPC
202,American Association of Pharmaceutical Scientists,AAPS
203,American Association of Physics Teachers,AAPT
204,American Association of Political Consultants,AAPC
205,American Association of Port Authorities,AAPA
206,"American Association of Private Railroad Car Owners, Inc.",
207,American Association of Residential Mortgage Regulators,AARMR
208,School Superintendents Association,AASA
209,American Association of State Colleges and Universities,AASCU
210,American Association of State Highway and Transportation Officials,AASHTO
211,American Association of Tissue Banks,AATB
214,American Association of University Women,AAUW
215,American Association on Intellectual and Developmental Disabilities,AAIDD
216,American Astronautical Society,AAS
217,American Astronomical Society,AAS
20110326,American Bakers Association,ABA
220,American Bankruptcy Institute,ABI
221,American Bar Association,ABA
222,American Benefits Council,
223,American Bird Conservancy,
224,American Board for Certification in Orthotics and Prosthetics,ABCOP
225,American Board of Opticianry,ABO
226,American Boiler Manufacturers Association,ABMA
227,American Bureau of Shipping,ABS
228,American Bus Association,ABA
229,American Business Conference,
230,American Butter Institute,
231,American Cancer Society,ACS
233,Association of Chamber of Commerce Executives,ACCE
234,American Chemical Society,ACS
235,American Chemistry Council,ACC
236,American Chiropractic Association,ACA
237,American Citizens Abroad,ACA
238,American Civil Liberties Union,ACLU
239,American Civil Liberties Union of the National Capital Area,
240,American Clinical Laboratory Association,ACLA
241,American Coalition for Filipino Veterans,
243,American Coke and Coal Chemicals Institute,
244,American College of Cardiology,ACC
245,American College of Clinical Pharmacy,ACCP
247,American College of Dentists,ACD
248,American College of Emergency Physicians,ACEP
249,American College of Gastroenterology,ACG
250,American Association of Nurse Practitioners,AANP
252,American College of Nurse-Midwives,ACNM
253,American College of Obstetricians and Gynecologists,ACOG
255,American College of Osteopathic Surgeons,ACOS
256,American College of Physicians,ACP
257,American College of Preventive Medicine,ACPM
258,American College of Radiology,ACR
259,American College of Surgeons,ACS
260,American College of Tax Counsel,
262,American Committee for the Weizmann Institute of Science,
263,National Society of Professional Surveyors,NSPS
264,American Conservative Union,ACU
266,Association of Corporate Counsel,ACC
267,American Correctional Association,ACA
269,American Council for an Energy-Efficient Economy,ACEEE
270,American Council for Capital Formation,ACCF
271,American Council of Independent Laboratories,ACIL
272,American Council of Life Insurers,ACLI
273,American Council of Young Political Leaders,ACYPL
274,American Council on Education,ACE
275,American Council on International Personnel,ACIP
276,American Councils for International Education,
280,American Dental Association,ADA
281,American Dental Education Association,ADEA
283,American Diabetes Association,ADA
284,Academy of Nutrition and Dietetics,
285,American Knife Manufacturers Association,
286,American Educational Research Association,AERA
291,American Farm Bureau Federation,AFBF
292,American Farmland Trust,AFT
293,American Federation for Medical Research,AFMR
298,American Federation of School Administrators,AFSA
299,"American Federation of State, County and Municipal Employees",AFSCME
301,American Federation of Teachers,AFT
302,American Feed Industry Association,AFIA
304,American Fiber Manufacturers Association,AFMA
305,American Financial Services Association,AFSA
306,American Fisheries Society,AFS
307,American Foreign Service Association,AFSA
308,American Forest & Paper Association,AF&PA
309,American Forest Foundation,
310,American Forests,AF
312,American Foundation for the Blind,AFB
313,American Friends of Lubavitch,
314,American Friends Service Committee,AFSC
315,American Frozen Food Institute,AFFI
327,American Health Information Management Association,AHIMA
328,American Health Law Association,AHLA
329,American Health Quality Association,AHQA
330,American Heart Association,AHA
332,American Hellenic Educational Progressive Association,AHEPA
334,American Hellenic Institute,AHI
335,American Highway Users Alliance,
336,American Hiking Society,
337,American Historical Association,AHA
340,American Homeowners Grassroots Alliance,
341,American Horse Council,AHC
342,American Horse Protection Association,
343,American Hospital Association,AHA
344,American Hotel and Lodging Association,AHLA
345,American Humane,
346,American Immigration Lawyers Association,AILA
347,American Indian Heritage Foundation,
348,American Indian Higher Education Consortium,AIHEC
349,American Industrial Hygiene Association,AIHA
350,American Institute for Conservation,AIC
351,American Trucking Associations,ATA
352,American Institute of Aeronautics and Astronautics,AIAA
353,American Institute of Biological Sciences,AIBS
354,American Institute of Certified Planners,AICP
355,American Institute of Certified Public Accountants,AICPA
359,American Institute of Physics,AIP
360,American Institute of Ultrasound in Medicine,AIUM
361,American Institutes for Research,AIR
362,American Property Casualty Insurance Association,APCIA
363,American Intellectual Property Law Association,AIPLA
364,American International Automobile Dealers Association,AIADA
366,American Iron and Steel Institute,AISI
368,American Israel Public Affairs Committee,AIPAC
369,American Jewish Committee,AJC
370,American Jewish Congress,
371,American Kurdish Information Network,AKIN
375,American League of Anglers and Boaters,
377,Association of Government Relations Professionals,AGRP
378,The Legion,
379,American Legislative Exchange Council,ALEC
381,American Library Association,ALA
382,American Logistics Association,ALA
383,Lung Association,
387,American Maritime Congress,AMC
388,American Maritime Officers,AMO
389,American Mathematical Society,AMS
390,North American Meat Institute,NAMI
391,American Medical Association,AMA
392,American Medical Group Association,AMGA
393,American Medical Informatics Association,AMIA
394,American Medical Rehabilitation Providers Association,AMRPA
395,American Medical Student Association,AMSA
398,American Motorcyclist Association,
399,American Moving & Storage Association,AMSA
400,American Music Therapy Association,AMTA
403,American National Standards Institute,ANSI
404,American Network of Community Options and Resources,ANCOR
405,American Nursery and Landscape Association,
406,American Nurses Association,ANA
407,American Occupational Therapy Association,AOTA
409,American Optometric Association,AOA
410,American Organization for Nursing Leadership,AONL
411,American Orthotic and Prosthetic Association,AOPA
413,American Osteopathic Association,AOA
415,American Paper Machinery Association,
417,American Passenger Rail Coalition,
418,American Payroll Association,APA
419,American Peanut Council,
420,American Petroleum Institute,API
422,American Physical Society,APS
423,American Physical Therapy Association,APTA
424,American Physiological Society,
425,American Pilots Association,
427,American Planning Association,APA
428,Plastics Industry Association,PLASTICS
429,American Podiatric Medical Association,APMA
430,American Podiatric Medical Students Association,APMSA
431,American Political Science Association,APSA
433,American Postal Workers Union,APWU
434,American Press Institute,API
437,American Psychiatric Association,APA
438,American Psychological Association,APA
440,American Public Communications Council,
441,American Public Gas Association,
442,American Public Human Services Association,APHSA
443,American Public Human Services Association,APHSA
444,American Public Power Association,APPA
446,American Public Works Association,APWA
447,American Pyrotechnics Association,APA
448,American Recreation Coalition,ARC
449,American Red Cross,
451,American Renewal,
452,American Resort Development Association,ARDA
455,American Rivers,
456,American Road and Transportation Builders Association,ARTBA
458,American School Counselor Association,ASCA
461,American Seed Trade Association,ASTA
462,American Seniors Housing Association,ASHA
463,American Sheep Industry Association,ASIA
464,American Shipbuilding Association,
465,American Short Line and Regional Railroad Association,ASLRRA
466,American Small Business Alliance,
467,American Society for Biochemistry and Molecular Biology,ASBMB
468,American Society for Cell Biology,ASCB
469,American Society for Clinical Laboratory Science,ASCLS
471,American Society for Engineering Education,ASEE
473,Association for Information Science and Technology,ASIS&T
475,American Society for Microbiology,ASM
477,American Society for Parenteral and Enteral Nutrition,ASPEN
479,American Society for Reproductive Medicine,ASRM
481,American Society for Radiation Oncology,ASTRO
482,Association for Talent Development,ATD
483,American Society of Anesthesiologists,ASA
484,American Society of Appraisers,ASA
485,American Society of Association Executives,ASAE
486,American Society of Cataract and Refractive Surgery,ASCRS
487,American Society of Civil Engineers,ASCE
488,American Society of Clinical Oncology,ASCO
490,American Society of Consultant Pharmacists,ASCP
492,American Society of Health-System Pharmacists,ASHP
493,"American Society of Heating, Refrigerating and Air-Conditioning Engineers",ASHRAE
494,American Society of Hematology,ASH
495,American Society of Human Genetics,ASHG
496,American Society of Interior Designers,ASID
498,American Society of Landscape Architects,ASLA
499,American Society of Mechanical Engineers,ASME
500,American Society of Naval Engineers,ASNE
501,News Leaders Association,NLA
502,American Society of Nuclear Cardiology,ASNC
504,American Society of Plant Biologists,ASPB
506,American Society of Transplantation,AST
507,American Society of Travel Advisors,ASTA
508,American Sociological Association,ASA
511,The American Speech–Language–Hearing Association,
512,American Sportfishing Association,
513,American Staffing Association,ASA
516,American Subcontractors Association,ASA
517,American Sugar Alliance,
518,American Sugarbeet Growers Association,ASGA
520,American Task Force for Lebanon,
521,American Tax Policy Institute,
522,American Textile Machinery Association,ATMA
524,American Thoracic Society,ATS
525,American Tort Reform Association,ATRA
527,American Translators Association,ATA
529,American Trauma Society,ATS
531,American Trucking Associations,ATA
533,American Veterinary Medical Association,AVMA
536,American Watch Association,
537,American Water Works Association,AWWA
538,American Waterways Operators,AWO
539,Convenience Distribution Association,CDA
540,American Wind Energy Association,AWEA
541,Alliance for Women in Media,AWM
544,American Zinc Association,
545,Association of Zoos and Aquariums,AZA
552,Americans for Democratic Action,ADA
554,Americans for Medical Progress,
555,Americans for Peace Now,APN
557,Americans for Tax Reform,ATR
558,Americans for the Arts,
560,Americans United for Separation of Church and State,
561,American-Turkish Council,ATC
568,Amnesty International USA,AIUSA
574,Animal Health Institute,AHI
576,Anti-Defamation League,ADL
577,Anti-Value Added Tax Coalition,
578,Anxiety and Depression Association of America,ADAA
579,,
583,Apartment and Office Building Association of Metropolitan Washington,AOBA
587,"Appalachian Regional Commission, Office of States' Washington Representative o",
588,Appraisal Institute,
589,Arab American Institute,AAI
591,Arterial Research and Educational Network in the Asia Pacific,
595,Armed Forces Communications & Electronics Association,AFCEA
596,Armenian Assembly of America,
597,Armenian National Committee of America,ANCA
598,Arms Control Association,
600,AAFMAA,AAFMAA
609,Asia Society,WFP
611,Asian Pacific American Labor Alliance,APALA
613,Asphalt Institute,
614,Asphalt Roofing Manufacturers Association,ARMA
615,ASPIRA Association,
617,Argentum,ALFA
618,Association for Advanced Life Underwriting,
619,Association for Ambulatory Behavioral Healthcare,
621,Childhood Education International,ACEI
623,Association for Competitive Technology,
624,Association for Dressings and Sauces,ADS
625,Association for Education and Rehabilitation of the Blind and Visually Impaired,AER
626,Association for Financial Professionals,AFP
627,Association for Gerontology in Higher Education,AGHE
628,Association for Healthcare Philanthropy,AHP
629,Association for Information and Image Management International,AIIM
632,Association for Maximum Service Television,MSTV
634,Association for Professionals in Infection Control and Epidemiology,APIC
635,Association for Public Policy Analysis and Management,APPAM
636,Association for Supervision and Curriculum Development,ASCD
637,Association for the Advancement of Medical Instrumentation,AAMI
638,Association for the Study of African American Life and History,ASALH
640,Association for Uncrewed Vehicle Systems International,AUVSI
641,Association for Women in Science,AWIS
642,Association of Academic Health Centers,AAHC
643,Association of American Chambers of Commerce in Latin America,AACCLA
644,American Association of Colleges and Universities,AAC&U
645,American Association of Geographers,AAG
646,Association of American Law Schools,AALS
647,Association of American Medical Colleges,AAMC
649,Association of American Publishers,AAP
650,Association of American Railroads,AAR
651,Association of American Universities,AAU
652,Association of American Veterinary Medical Colleges,AAVMC
656,Association of California Water Agencies,ACWA
657,Association of Collegiate Schools of Architecture,ACSA
658,Association of Community Cancer Centers,ACCC
659,Association of Community College Trustees,ACCT
660,Association of Consulting Foresters of America,ACF
664,Association of Flight Attendants,AFA
666,Association of Former Intelligence Officers,AFIO
667,Association of Fundraising Professionals,AFP
668,Association of Fund-Raising Distributors and Suppliers,AFRDS
669,Association of Governing Boards of Universities and Colleges,AGB
670,Association of Government Accountants,AGA
671,Association of Home Appliance Manufacturers,AHAM
675,Association of Jesuit Colleges and Universities,AJCU
679,The Association of Maternal & Child Health Programs,AMCHP
682,Association of Metropolitan Water Agencies,AMWA
683,Association of Military Colleges and Schools of the US,AMCSUS
685,Association of National Advertisers,ANA
687,Association of Occupational and Environmental Clinics,AOEC
689,Liquid Energy Pipeline Association,AOPL
693,Association of Professors of Medicine,APM
694,Association of Reproductive Health Professionals,ARHP
695,Association of Research Libraries,ARL
697,Association of School Business Officials International,ASBO
698,Association of Schools and Colleges of Optometry,ASCO
699,Association of Schools of Allied Health Professions,ASAHP
700,Association of Schools of Public Health,CEPH
701,Association of Science-Technology Centers,ASTC
702,Association of Small Business Development Centers,SBDC
704,Association of State and Territorial Health Officials,ASTHO
707,Association of State Dam Safety Officials,ASDSO
708,Association of Teacher Educators,ATE
710,Association of Test Publishers,ATP
712,American Association for Justice,ATLA
713,Association of University Programs in Health Administration,AUPHA
715,"Association of Women's Health, Obstetric and Neonatal Nurses",AWHONN
716,Association on Third World Affairs,
718,Associated Air Balance Council,
719,Associated Builders and Contractors,ABC
721,Associated Equipment Distributors,AED
722,Associated General Contractors of America,AGC
723,Associated Industries of Massachusetts,
727,Asthma and Allergy Foundation of America,AAFA
731,Footwear Distributors and Retailers of America,FDRA
734,Autism Society of America,
735,Auto Care Association,AAIA
736,Automotive Consumer Action Program,AUTOCAP
738,Automotive Maintenance and Repair Association,AMRA
741,Automotive Recyclers Association,ARA
742,Automotive Service Association,ASA
743,Automotive Trade Association Executives,ATAE
753,"Bakery, Confectionery, Tobacco Workers and Grain Millers International Union",BCTGM
756,Bankers Association for Finance and Trade,BAFT
758,Baptist World Alliance,BWA
759,Bar Association of DC,BADC
765,Battery Council International,BCI
768,Judge David L. Bazelon Center for Mental Health Law,
770,Beer Institute,BIO
773,Bert Corona Leadership Institute,
774,,
777,Better World Campaign,BWC
781,Biophysical Society,
782,Biotechnology Innovation Organization,IBA
784,Bituminous Coal Operators Association,BCOA
785,Black America's PAC,BAMPAC
786,Blacks in Government,BIG
787,Blinded Veterans Association,BVA
791,B'nai B'rith,
793,BoatUS,BoatUS
798,Boys & Girls Clubs of America,BGCA
802,Brain Injury Association,BIAA
803,Bread for the World,
804,Brick Industry Association,BIA
810,Broadcast Education Association,BEA
811,Brotherhood of Locomotive Engineers and Trainmen,BLE
812,Brotherhood of Maintenance of Way Employes Division,BMWED
813,Brotherhood of Railroad Signalmen,BRS
816,Builders Hardware Manufacturers Association,BHMA
817,Building Owners and Managers Association,BOMA
822,Business and Professional Women's Foundation,BPW
823,Business Council for Sustainable Energy,BCSE
825,Business Executives for National Security,BENS
826,Software Alliance,BSA
829,Buyers Up,
834,Calorie Control Council,
840,Campaign for Tobacco-Free Kids,
842,Can Manufacturers Institute,CMI
844,,
850,Career Education Colleges and Universities,CECU
862,Catholic Charities Legal Network,
863,Catholic Charities Immigration Legal Services,
864,Catholic Charities USA,
865,Catholic Health Association of the United States,CHA
866,Catholic News Service,CNS
868,Catholic War Veterans,CWV
869,Catholics for Choice,
873,Cement Kiln Recycling Coalition,CKRC
876,Center for Auto Safety,
877,Center for Clean Air Policy,CCAP
878,Community Change,
882,Center for Dispute Settlement,CDS
883,Center for Economic Organizing,
884,Center for Education Reform,CER
886,Center for Freedom and Prosperity,CFP
888,"Center for Health, Environment and Justice",CHEJ
892,,
893,Center for International Policy,CIP
894,Center for International Private Enterprise,CIPE
895,Center for Law and Education,
896,Center for Law and Social Policy,CLASP
897,Marine conservation,
898,Center for Media and Public Affairs,CMPA
903,Center for Public Dialogue,
907,Center for Science in the Public Interest,CSPI
914,Center for the Study of Social Policy,CSSP
916,Center of Concern,
917,Center on Budget and Policy Priorities,CBPP
918,Center on Conscience and War,CCW
919,Center on National Labor Policy,
921,Monitoring Association,TMA
922,Plan International USA,CEDPA
925,Challenger Center for Space Science Education,
927,Chamber of Shipping-America,CSA
932,Chemical Producers and Distributors Association,
938,"Child Nutrition Forum, c/o FRAC",
939,Child Welfare League of America,CWLA
949,Christian Coalition of America,
951,Christians' Israel Public Action Campaign,CIPAC
953,Church of Scientology International,CSI
954,Church of the Brethren Washington Office,
957,Cigar Association of America,CAA
959,,
965,Citizens Against a National Sales Tax/Value-Added Tax,
968,Citizens' Commission on Civil Rights,
969,Citizens Committee for the Right to Keep and Bear Arms,CCRKBA
974,Citizens for an Alternative Tax System,CATS
977,Citizens for Tax Justice,CTJ
980,Citizens Trade Campaign,CTC
981,,
983,Clean Water Action,
984,Clean Water Council,
985,Clean Water Network,
988,Close Up Foundation,
990,Club for Growth,
991,Club Managers Association of America,CMAA
993,Coal Exporters Association of the US,
994,Coalition Against Insurance Fraud,JIFA
997,U.S. Global Leadership Coalition,
999,Coalition for Auto Repair Equality,CARE
1002,Coalition for Employment through Exports,
1003,U.S. Coalition for Fair Lumber Imports,
1005,Coalition for Government Procurement,CGP
1006,Coalition for Health Services Research,
1010,Coalition for Networked Information,CNI
1011,Coalition for Responsible Waste Incineration,
1012,Coalition for the Homeless,
1013,Coalition for the Prevention of Alcohol Problems,
1015,Coalition of Black Trade Unionists,CBTU
1016,Coalition of Northeastern Governors,CONEG
1017,Coalition of Publicly Traded Partnerships,
1018,Coalition of Service Industries,CSI
1019,Coalition on Human Needs,
1020,Coalition for Occupational Safety and Health,
1024,Coalition to Stop Gun Violence,CSGV
1025,Coalitions for America,
1027,Coastal States Organization,CSO
1029,Cold Finished Steel Bar Institute,
1031,College of American Pathologists,CAP
1034,Color Marketing Group,CMG
1035,Color Pigments Manufacturers Association,CPMA
1037,Columbia Lighthouse for the Blind,
1040,Association of Comics Magazine Publishers,
1043,Commissioned Officers Association,COA
1047,Committee for Education Funding,CEF
1054,,
1055,Common Sense Common Solutions,
1056,Communications Consortium,
1057,Communications Workers of America,CWA
1058,Community Associations Institute,CAI
1061,Community Transportation Association,CTAA
1068,Composite Can and Tube Institute,CCTI
1069,Composite Panel Association,CPA
1071,Compressed Gas Association,CGA
1072,Computer & Communications Industry Association,CCIA
1075,Computer Systems Policy Project,
1076,Computing Research Association,CRA
1077,CompTIA,CompTIA
1080,Concerned Educators Against Forced Unionism,
1081,Concerned Women for America,CWA
1083,Concord Coalition,
1085,Conference Board of the Mathematical Sciences,CBMS
1087,Conference of State Bank Supervisors,CSBS
1091,Congressional Black Caucus Foundation,CBCF
1093,Congressional Hispanic Caucus Institute,CHCI
1094,Congressional Hunger Center,
1097,Congressional Management Foundation,CMF
1098,Congressional Sportsmen's Foundation,CSF
1103,Conservation International,
1104,The Conservative Caucus,TCCF
1105,American Conservative Union,CPAC
1107,Conservative Victory Fund,
1109,Consortium for Child Welfare,
1110,Consortium for Oceanographic Research and Education,CORE
1111,Consortium for School Networking,CoSN
1112,Consortium for Constituents with Disabilities,CCD
1113,Consortium of Social Science Associations,COSSA
1114,Consortium of Universities of the Washington Metropolitan Area,WRLC
1115,Constellation Energy Group,
1116,Constituency for Africa,
1118,Constitution Project,
1120,Construction Industry Round Table,
1121,Construction Management Association of America,CMAA
1122,Consumer Aerosol Products Council,
1123,Consumer Bankers Association,CBA
1124,Consumer Coalition for Quality Health Care,
1125,Consumer Electronics Association,CTA
1127,Consumer Federation of America,CFA
1130,Consumer Federation of America's Insurance Group,
1131,Consumer Healthcare Products Association,CHPA
1132,Consumer Mortgage Coalition,
1134,Consumer Specialties Products Association,
1136,Consumers for World Trade,
1137,Consumers Union of the United States,
1138,Consumers United for Rail Equity,CURE
1144,Contract Services Association of America,
1146,Copper & Brass Fabricators Council,
1147,Corn Refiners Association,
1149,Corporate Council on Africa,CCA
1150,Prosperity Now,CFED
1152,Personal Care Products Council,PCPC
1153,Cotton Council International,CCI
1154,Cotton Warehouse Association of America,
1155,Council for a Livable World,
1157,Council for Advancement and Support of Education,CASE
1158,Council for Affordable and Rural Housing,CARH
1159,Council for Affordable Health Coverage,CAHI
1160,Council for American Private Education,CAPE
1163,Council for Christian Colleges and Universities,CCCU
1164,Council for Court Excellence,CCE
1165,Council for Excellence in Government,
1166,Council for Exceptional Children,CEC
1168,Council for International Exchange of Scholars,CIES
1169,Council for LAB/LAS Environmental Research,LAB/LAS
1170,Council for Opportunity in Education,COE
1171,Council for Responsible Nutrition,CRN
1172,Council for the National Interest,CNI
1174,Better Business Bureau,CBBB
1175,Council of Chief State School Officers,CCSSO
1177,Federal Home Loan Banks,
1179,Council of Independent Colleges,CIC
1180,Council of Industrial Boiler Owners,CIBO
1181,Council of Infrastructure Financing Authorities,
1183,Council of Large Public Housing Authorities,CLPHA
1184,Council of Professional Associations on Federal Statistics,
1185,Council of Scientific Society Presidents,CSSP
1186,Council of State Administrators of Vocational Rehabilitation,CSAVR
1187,Council of State Community Development Agencies,
1188,Council of State Governments,CSG
1189,Council of the Americas,COA
1190,Council of the Great City Schools,
1192,U.S. Council on Competitiveness,
1194,Council on Foundations,
1197,Council on Resident Education in Obstetrics and Gynecology,CREOG
1198,Council on Social Work Education,CSWE
1199,Council on Undergraduate Research,CUR
1208,Credit Union National Association,CUNA
1211,Cuban American National Foundation,
1214,Cystic Fibrosis Foundation,
1217,DC Rape Crisis Center,
1220,Dance/USA,
1222,Daughters of the American Revolution,DAR
1224,Death Penalty Information Center,DPIC
1226,Defenders of Property Rights,
1227,Defenders of Wildlife,
1233,Democracy 21,
1236,Democratic Governors Association,DGA
1242,Design Professionals Coalition,
1243,Design-Build Institute of America,DBIA
1248,Development Group for Alternative Policies,
1250,Digital Media Association,DiMA
1252,DignityUSA,
1253,Diplomatic & Consular Officers Retired,DACOR
1254,Data and Marketing Association,DMANF
1257,Direct Selling Association,DSA
1259,Disability Rights Education and Defense Fund,DREDF
1260,Disabled American Veterans,DAV
1262,Distance Education Accrediting Commission,DEAC
1263,Distilled Spirits Council of the United States,DISCUS
1265,District of Columbia Chamber of Commerce,
1267,District of Columbia Hospital Association,
1269,District of Columbia Special Olympics,
1272,Doris Day Animal League,
1275,Dredging Contractors of America,
1277,Drug Strategies,
1278,Ducks Unlimited Inc.,
1287,Early Childhood Development Center Legislative Coalition,
1288,Earth Share,
1290,Earthjustice,
1291,Easter Seals,
1297,Ecological Society of America,ESA
1301,Edison Electric Institute,EEI
1304,National Institute of Science Education and Research,
1305,Education Finance Council,EFC
1306,Coalition to Stop Gun Violence,
1307,Educational Testing Service,ETS
1313,Electric Power Research Institute,EPRI
1314,Electric Power Supply Association,EPSA
1316,Electricity Consumers Resource Council,ELCON
1318,Electronic Commerce Association,
1319,Electronic Funds Transfer Association,
1322,Electronic Retailing Association,ERA
1325,Emergency Committee for American Trade,ECAT
1327,EMILY's List,
1328,Employee Assistance Professionals Association,EAPA
1329,Employee Benefit Research Institute,EBRI
1330,Employers Council on Flexible Compensation,ECFC
1333,Endocrine Society,
1336,,
1337,Enlisted Association of the National Guard of the United States,EANGUS
1341,Entomological Society of America,ESA
1342,Envelope Manufacturers Association of America,
1345,Environmental Defense Fund,EDF
1346,Environmental Industry Association,
1347,Environmental Information Association,EIA
1349,Environmental Media Services,
1351,Environmental Technology Council,
1352,Environmental Working Group,EWG
1353,Epilepsy Foundation,EFA
1354,,
1355,Equipment Leasing and Finance Association,
1359,Ethics & Religious Liberty Commission,
1366,Executive Leadership Council and Foundation,
1371,Eye Bank Association,EBAA
1373,Faith and Politics Institute,
1374,Families Against Mandatory Minimums,FAMM
1376,Family and Medical Leave Act Technical Corrections Coalition,
1377,FHI 360,
1378,Family Research Council,
1379,Futures Without Violence,
1380,"Family, Career and Community Leaders of America",FCCLA
1383,Farm Credit Council,
1387,Federal Bar Association,FBA
1388,Federal Communications Bar Association,FCBA
1389,Federal Education Association,FEA
1390,Federal Facilities Council,
1391,Federal Funds Information for States,FFIS
1394,Federal Managers Association,FMA
1397,Federation for American Immigration Reform,FAIR
1398,Federation of American Hospitals,FAH
1399,Federation of American Scientists,FAS
1400,Federation of American Societies for Experimental Biology,FASEB
1401,Federation of Associations in Behavioral & Brain Sciences,
1404,Federation of International Trade Associations,FITA
1406,Federation of State Humanities Councils,
1407,Federation of Tax Administrators,FTA
1410,Fellowship Square Foundation,
1411,Feminist Majority Foundation,
1412,Financial Executives International,FEI
1414,Foundation for International Community Assistance,
1417,Fleet Reserve Association,FRA
1418,Flight Safety Foundation,
1423,Florida Sugar Cane League,
1429,Food Marketing Institute,FMI
1431,Food Research & Action Center,FRAC
1432,Food Update Foundation,
1433,Foodservice Packaging Institute,
1434,Footwear Distributors and Retailers of America,FDRA
1438,Forest Products Industry National Labor-Management Committee,
1439,Forest Resources Association,FRA
1440,Formosan Association for Public Affairs,
1441,Forum for International Policy,
1444,Financial endowment,
1445,Foundation for Democracy in Africa,
1447,Foundation for Middle East Peace,FMEP
1449,Foundation for the Advancement of Chiropractic Tenets and Science,
1450,Foundation on Economic Trends,
1453,Fraternal Order of Police,FOP
1455,,
1459,Friends Committee on National Legislation,FCNL
1462,Friends of the Earth,
1463,Friends of National Institute of Dental and Craniofacial Research,
1464,Friends of the National Library of Medicine,
1465,Frontiers of Freedom,
20112150,The Fund for American Studies,
1471,The Fund for Constitutional Government,
1472,Future Business Leaders of America,FBLA-PBL
1475,Futures Industry Association,FIA
1494,General Aviation Manufacturers Association,GAMA
1495,General Conference of Seventh-day Adventists,
1498,General Federation of Women's Clubs,GFWC
1501,Generations United,
1502,Generic Pharmaceutical Association,AAM
1503,Genetics Society of America,GSA
1509,Geothermal Resources Council,GRC
1510,Geothermal Heat Pump Consortium,GHPC
1513,Gerontological Society of America,GSA
1518,Girl Scouts of the USA,
1519,"Girls, Inc.",
1520,Glacier PAC,
1521,Glass Packaging Institute,GPI
1525,Global Health Council,
1528,Goodwill,
1531,Government Accountability Project,GAP
1532,Federal Liaison Center,GFOA
1533,Government Purchasing Project,
1537,Gray Panthers Project,
1541,Greater Washington Educational Telecommunications Association,
1543,Greenpeace,
1545,Greeting Card Association,GCA
1546,Consumer Brands Association,CBA
1548,"Guam, Washington Office of the Governor",
1552,Gun Owners of America,GOA
1553,Gypsum Association,
1555,Habitat for Humanity,HFHI
1556,Hadassah,
1558,Halogenated Solvents Industry Alliance,HSIA
1560,Help Abolish Legal Tyranny,
1562,Decorative Hardwoods Association,DHA
1570,Health Industry Distributors Association,HIDA
1573,Healthcare Convention and Exhibitors Association,HCEA
1575,Healthcare Distribution Alliance,HAD
1577,Healthcare Financial Management Association,HFMA
1578,Healthcare Leadership Council,HLC
1581,Helicopter Association International,HAI
1599,Home Fashion Products Association,HEPA
1606,Horatio Alger Association of Distinguished Americans,
1608,National Hospice and Palliative Care Organization,NHPCO
1609,Hospitality Sales and Marketing Association International,HSMAI
1610,Hotel Association of Washington,
1613,,
1615,International Association of Movers,IAM
1618,Housing Assistance Council,
1623,Human Rights Watch,HRW
1625,Humane Society of the United States,HSUS
1629,Institute of Electrical and Electronics Engineers,IEEE
1635,,
1636,Independent Bakers Association,
1637,Independent Community Bankers of America,ICBA
1639,Independent Educational Consultants Association,IECA
1640,Independent Electrical Contractors,IEC
1642,Independent Liquid Terminals Association,ILTA
1643,Independent Lubricant Manufacturers Association,ILMA
1644,Independent Office Products and Furniture Dealers Association,
1645,Independent Petroleum Association of America,IPAA
1646,Independent Sector,
1647,Independent Women's Forum,IWF
1649,Industrial Designers Society of America,IDSA
1651,Industrial Telecommunications Association,
1653,Infectious Diseases Society of America,IDSA
1730,International Campaign for Tibet,
1731,International Cemetery and Funeral Association,ICFA
1733,International Center for Journalists,ICFJ
1734,International Center for Research on Women,ICRW
1735,International Chiropractors Association,ICA
1736,International City/County Management Association,ICMA
1737,International Claim Association,ICA
1738,International Climate Change Partnership,ICCP
1739,International Code Council,ICC
1741,Audiovisual and Integrated Experience Association,ICIA
1742,Cruise Lines International Association,CLIA
1743,International Council of Employers of Bricklayers and Allied Craftsmen,
1744,International Council of Shopping Centers,ICSC
1747,Society of Eye Surgeons,
1750,International Federation of Professional and Technical Engineers,IFPTE
1751,International Food Additives Council,IFAC
1752,International Food Information Council,IFIC
1754,International Formula Council,
1756,International Franchise Association,IFA
1758,Professional certification,
1761,International Intellectual Property Alliance,IIPA
1764,International Labor Rights Fund,ILRF
1767,International Longshoremen's Association,ILA
1771,International Microelectronics and Packaging Society,IMAPS
1772,International Municipal Lawyers Association,IMLA
1773,International Oxygen Manufacturers Association,
1778,International Religious Liberty Association,IRLA
1779,International Republican Institute,IRI
1780,International Rescue Committee,IRC
1781,International Research & Exchanges Board,IREX
1783,International Safety Equipment Association,ISEA
1785,International Sign Association,ISA
1786,International Sleep Products Association,ISPA
1787,International Society for Performance Improvement,ISPI
1789,International Society of Hospitality Consultants,ISHC
1792,International Technology and Engineering Educators Association,ITEEA
1794,International Trade Commission Trial Lawyers Association,ITCTLA
1796,International Union of Bricklayers and Allied Craftsworkers,BAC
1799,International Union of Operating Engineers,IUOE
1800,International Union of Painters and Allied Trades,IUPAT
1802,International Utility Efficiency Partnerships,IUEP
1803,International Window Cleaning Association,IWCA
1804,Internet Alliance,
1807,Interstate Natural Gas Association of America,INGAA
1808,Interstitial Cystitis Association,ICA
1811,Investment Company Institute,ICI
1813,Investment Program Association,IPA
1815,IPC Washington Office,
1817,Irish American Democrats,
1819,Irish National Caucus,
1820,Irrigation Association,
1822,Islamic Institute,
1823,Israel Policy Forum,IPF
1840,Japan-America Society of Washington,JASW
1841,Japanese American Citizens League,JACL
1844,Jesuit Conference,
1845,Jewish Federations of North America,
1846,Jewish United Fund,JUF
1847,Jewish Institute for National Security of America,JINSA
1848,Jewish Peace Lobby,
1849,Jewish War Veterans of the United States of America,JWV
1850,Jewish Women International,JWI
1851,Jobs Have Priority,
1854,Joint Baltic American National Committee,JBANC
1856,Joint Industry Group (JIG),JIG
1857,Joint National Committee for Languages,JNCL
1858,Joint Steering Committee,JSC
1859,Judicial Watch,
1861,Justice Research and Statistics Association,JRSA
1862,Juvenile Diabetes Research Foundation,JDRF
1864,,
1868,Kashmiri American Council,KAC
1877,Kettering Foundation,
1886,Labor Council for Latin American Advancement,LCLAA
1890,Laborers' International Union of North America,LIUNA
1891,Laborers-Employers Cooperation and Education Trust,LECET
1893,Land Trust Alliance,LTA
1894,Landmark Legal Foundation,
1896,Law Enforcement Alliance of America,LEAA
1899,Lawyers' Committee for Civil Rights Under Law,
1901,Lawyers for Civil Justice,LCJ
1905,Leadership Conference on Civil Rights,LCCR
1908,League of American Bicyclists,LAB
1910,League of Conservation Voters,LCV
1912,League of Women Voters,LWV
1914,Lebanese Information Center,
1916,Legal Services Corporation,LSC
1919,Leukemia and Lymphoma Society,LLS
1921,Library Users of America,
1922,Lignin Institute,
1925,Local Initiatives Support Corporation,LISC
1929,Log Cabin Republican,LCR PAC
1942,Lupus Foundation of America,LFA
1943,Lutheran Office for Governmental Affairs,
1947,CNH Industrial,MDNA
1951,Mailing and Fulfillment Services Association,MFSA
1955,Manufactured Housing Association for Regulatory Reform,MHARR
1956,Manufactured Housing Institute,MHI
1958,Manufacturers Alliance,MAPI
1959,Manufacturers Standardization Society,MSS
1961,March of Dimes,
1962,Marine Corps League,MCL
1966,Marine Technology Society,MTS
1967,Maritime Institute for Research and Industrial Development,
1973,Maryland National Capital Building Association,
1988,Meat Importers Council of America,MICA
1992,Mechanical Contractors Association of America,MCAA
1993,Media Access Project,MAP
1996,Media Research Center,MRC
1997,Medical Device Manufacturers Association,MDMA
1998,Medical Group Management Association,MGMA
1999,Medical Society of the District of Columbia,MSDC
2001,National Association for Music Education,NAfME
2002,Mennonite Central Committee,
2005,Meridian International Center,
2007,Messenger Courier Association of the Americas,MCAA
2008,Metal Finishing Suppliers Association,
2014,U.S.-Mexico Business Council,
2023,Migrant Legal Action Program,MLAP
2024,Military Ad Hoc Committee,
2026,Military Order of the Purple Heart,MOPH
2032,Mineral Policy Center,
2033,Mineralogical Society of America,MSA
2036,Minority Business Enterprise Legal Defense and Education Fund,MBELDEF
2045,Money Management Institute,MMI
2053,Morning Star Institute,
2054,Mortgage Bankers Association,
2055,Mortgage Insurance Companies of America,MICA
2057,Motion Picture Association,MPAA
2058,Motor & Equipment Manufacturers Association,MEMA
2060,Motorcycle Industry Council,MIC
2061,Motorcycle Riders Foundation,MRF
2067,Multistate Tax Commission,MTC
2068,Municipal Securities Rulemaking Board,MSRB
2070,Munitions Industrial Base Task Force,
2075,NAACP Legal Defense and Educational Fund,
2076,Association for Addiction Professionals,
2077,Nacha,
2078,Association of International Educators,ESL
2085,Native American Rights Fund,NARF
2086,4-H,
2088,National Abortion Federation,NAF
2090,National Academy of Opticianry,
2091,National Academy for Public Administration,
2093,National Academy of Sciences,NAS
2094,National Accrediting Commission of Career Arts and Sciences,
2095,National Aeronautic Association,
2096,National Affordable Housing Management Association,NAHMA
2097,National Agricultural Aviation Association,
2098,National AIDS Fund,
2099,National Air Carrier Association,
2100,National Air Traffic Controllers Association,NATCA
2101,National Air Transportation Association,NATA
2102,National Alcohol Beverage Control Association,NABCA
2104,National Alliance for Hispanic Health,NAHH
2108,National Alliance of Postal and Federal Employees,
2109,National Alliance of State & Territorial AIDS Directors,
2110,National Alliance to End Homelessness,HEARTH
2111,National Apartment Association,NAA
2112,National Art Education Association,NAEA
2114,National Asian Pacific American Legal Consortium,
2115,National Asphalt Pavement Association,
2117,National Assembly of State Arts Agencies,NASAA
2119,National Association for Biomedical Research,NABR
2120,National Association for College Admission Counseling,NACAC
2121,National Association for Environmental Management,
2122,National Association for Equal Opportunity in Higher Education,HEOA
2123,National Association for Gifted Children,
2124,National Association for Girls and Women in Sport,
2125,National Association for Home Care & Hospice,
2127,National Association for Proton Therapy,
2129,National Association for Sport and Physical Education,LRPE
2130,NAACP,NAACP
2131,National Association for the Education of Young Children,NAEYC
2132,National Association for the Self-Employed,
2133,National Association for Uniformed Services,
2134,National Association of Affordable Housing Lenders,NAAHL
2137,National Association of Assistant United States Attorneys,
2138,National Association of Attorneys General,NAAG
2140,National Association of Biology Teachers,NABT
2141,National Association of Black Accountants,CPA
2145,National Association of Bond Lawyers,
2146,National Association of Broadcast Employees and Technicians,
2147,National Association of Broadcasters,NAB
2149,National Association of Chain Drug Stores,NACDS
2150,National Association of Chemical Distributors,AICHE
2151,National Association of Children's Hospitals,
2152,National Association of College and University Attorneys,NACUA
2153,National Association of College and University Business Officers,NACUBO
2156,National Association of Community Health Centers,HRSA
2157,National Association of Computer Consultant Businesses,
2158,National Association of Conservation Districts,
2160,National Association of Convenience Stores,
2161,National Association of Corporate Directors,NACD
2162,National Association of Counties,
2163,National Association of County Administrators,
2164,National Association of County Aging Programs,
2165,National Association of County and City Health Officials,NACCHO
2166,National Association of County Civil Attorneys,
2168,National Association of County Engineers,SUV
2170,National Association of County Human Services Administrators,
2172,National Association of County Information Technology Administrators,
2173,National Association of County Park and Recreation Officials,NACPRO
2177,National Association of County Treasurers and Finance Officers,NACCTFO
2178,National Association of Criminal Defense Lawyers,NACDL
2180,National Association of Development Companies,
2181,National Association of Development Organizations,
2182,National Association of Developmental Disabilities Councils,
2183,National Association of Elementary School Principals,NAESP
2184,National Association of Energy Service Companies,
2185,National Association of Enrolled Agents,NAEA
2186,National Association of Evangelicals,NAE
2187,National Association of Executive Secretaries and Administrative Assistants,
2188,National Association of Federal Credit Unions,CUNA
2190,National Association of Federal Veterinarians,
2191,National Association of Federally Impacted Schools,
2192,National Association of Flood and Stormwater Management Agencies,
2194,National Association of Government Communicators,NAGC
2195,National Association of Government Employees,NAGE
2197,National Association of Health Underwriters,
2199,National Association of Hispanic County Officials,
2200,National Association of Hispanic Journalists,NAHJ
2201,National Association of Home Builders,
2202,National Association of Housing and Redevelopment Officials,
2203,National Association of Housing Cooperatives,NAHC
2204,National Association of Independent Colleges and Universities,NAICU
2206,National Association of Independent Life Brokerage Agency,
2207,National Association of Independent Schools,NAIS
2208,National Association of Industrial and Office Properties,UPMC
2209,National Association of Installation Developers,
2210,National Association of Insurance and Financial Advisors,
2211,National Association of Insurance Commissioners,NAIC
2213,National Association of Jewish Legislators,
2214,National Association of Letter Carriers,
2215,National Association of Manufacturers,NAM
2216,National Association of Margarine Manufacturers,
2218,National Association of Metal Finishers,
2223,National Association of Mutual Insurance Companies,NAMIC
2224,National Association of Negro Business and Professional Women's Clubs,
2225,National Association of Neighborhoods,
2226,National Association of Nurse Practitioners in Women's Health,
2227,National Association of Older Worker Employment Services,
2229,National Association of People with HIV,
2231,National Association of Physician Nurses,
2234,National Association of Police Organizations,NAPO
2235,National Association of Postal Supervisors,NAPS
2236,United Postmasters and Managers of America,
2238,National Association of Professional Employer Organizations,ESAC
2239,National Association of Professional Insurance Agents,PIA
2241,National Association of Psychiatric Health Systems,NAPHS
2243,National Association of Public Hospitals and Health Systems,
2244,National Association of Public Insurance Adjusters,
2245,Rail Passengers Association,NARP
2246,National Association of Real Estate Brokers,NAREB
2247,National Association of Real Estate Investment Trusts,EPRA
2248,National Association of Realtors,NAR
2249,National Association of Regional Councils,
2250,National Association of Regulatory Utility Commissioners,NARUC
2252,National Association of Reinforcing Steel Contractors,
2253,National Association of Retail Collection Attorneys,
2255,National Association of RV Parks and Campgrounds,
2256,National Association of School Psychologists,NASP
2257,National Association of Schools of Art and Design,NASAD
2258,National Association of Schools of Dance,
2260,National Association of Schools of Public Affairs and Administration,NASPAA
2261,National Association of Schools of Theatre,
2262,National Association of Secondary School Principals,NASSP
2264,National Association of Service and Conservation Corps,NASCC
2265,National Association of Small Business Investment Companies,
2266,National Association of Social Workers,NASW
2267,National Association of State Alcohol and Drug Abuse Directors,NASADAD
2268,"National Association of State Auditors, Comptrollers and Treasurers",
2269,National Association of State Aviation Officials,NASAO
2270,National Association of State Boards of Education,NASBE
2271,National Association of State Budget Officers,
2272,National Association of State Credit Union Supervisors,NASCUS
2273,National Association of State Departments of Agriculture,
2274,National Association of State Development Agencies,
2275,National Association of State Directors of Developmental Disabilities Services,
2276,National Association of State Directors of Special Education,
2279,National Association of State Energy Officials,
2280,National Association of State Foresters,NASF
2281,National Association of State Mental Health Program Directors,
2282,National Association of State Units on Aging,
2283,Association of Public and Land-Grant Universities,APLU
2284,National Association of State Utility Consumer Advocates,FERC
2285,National Association of State Workforce Agencies,NASWA
2286,Susan Dynarski,
2287,National Association of Student Personnel Administrators,NASPA
2288,National Association of Surety Bond Producers,NASBP
2290,National Association of the Deaf,
2291,National Association of Towns and Townships,
2293,National Association of Urban Hospitals,
2294,National Association of VA Physicians and Dentists,
2295,National Association of Veterans' Research and Education Foundations,NAVREF
2296,National Association of Water Companies,NAWC
2297,National Association of Waterfront Employers,
2298,National Association of Wheat Growers,NAWG
2299,National Association of Wholesaler-Distributors,
2302,National Audubon Society,IAP
2303,National Automatic Merchandising Association,NAMA
2304,National Automobile Dealers Association,NADA
2305,National Bankers Association,NBA
2306,National Bar Association,NBA
2307,National Beer Wholesalers Association,NBWA
2308,National Black Caucus of Local Elected Officials,NBC-LEO
2309,National Black Caucus of State Legislators,NBCSL
2310,Child development,NBCDI
2312,National Black Police Association,NBPA
2314,National Board for Professional Teaching Standards,NBPTS
2315,National Breast Cancer Coalition,NBCC
2317,National Building Museum,NBM
2319,National Business Aviation Association,NBAA
2320,National Business Coalition on Health,NBCH
2321,National Business Education Association,NBEA
2323,The Internet & Television Association,NCTA
2325,National Campaign for a Peace Tax Fund,NCPTF
2328,National Candle Association,NCA
2330,National Catholic Educational Association,NCEA
2331,National Cattleman's Beef Association,NCBA
2332,National Caucus and Center on Black Aged,NCCBA
2333,Center for Advanced Technologies,NCAT
2335,National Center for Homeopathy,NCH
2337,National Center for Learning Disabilities,NCLD
2338,National Center for Manufacturing Sciences,NCMS
2339,National Center for Missing & Exploited Children,NCMEC
2346,National Center on Education and the Economy,NCEE
2347,National Center on Institutions and Alternatives,NCIA
2350,National Chicken Council,NCC
2351,National Child Support Enforcement Association,NCSEA
2352,National Childcare Parents Association,NCPA
2353,National Consumer Voice,
2355,National Club Association,NCA
2356,National Coalition Against Domestic Violence,NCADV
2359,National Coalition for Cancer Survivorship,NCCS
2360,National Coalition for Homeless Veterans,NCHV
2362,National Coalition for the Homeless,NCH
2363,National Coalition of Abortion Providers,NCAP
2364,National Coalition of Black Meeting Planners,NCBMP
2366,"National Coalition on Black Civic Participation, Inc.",NCBCP
2367,National Coalition on Health Care,NCHC
2370,National Collaboration for Youth,NCY
2371,National Collegiate Athletic Association,NCAA
2373,National Committee for a Human Life Amendment,NCHLA
2374,National Committee for an Effective Congress,NCEC
2375,National Committee for Quality Assurance,NCQA
2377,National Committee for Responsive Philanthropy,NCRP
2379,National Committee to Preserve Social Security and Medicare,NCPSSM
2380,National Communication Association,NCA
2381,National Community Action Foundation,NCAF
2383,National Community Education Association,NCEA
2384,National Community Pharmacists Association,NCPA
2385,National Community Reinvestment Coalition,NCRC
2386,National Concrete Masonry Association,NCMA
2387,National Confectioners Association,NCA
2388,National Conference of Catholic Bishops,USCCB
2390,National Conference of State Historic Preservation Officers,NCSHPO
2391,National Conference of State Legislatures,NCSL
2392,National Conference of States on Building Codes and Standards,NCSBCS
2394,National Congress of American Indians,NCAI
2396,National Consumer Law Center,NCLC
2397,National Consumers League,NCL
2398,National Contact Lens Examiners,NCLE
2399,National Contract Management Association,NCMA
2401,National Cooperative Business Association,NCBA
2404,National Corn Growers Association,NCGA
2405,National Cotton Council of America,NCC
2406,National Council for Accreditation of Teacher Education,NCATE
2408,National Council for Behavioral Health,NCBH
2409,National Council for Languages and International Studies,NCLIS
2410,National Council for Science and the Environment,NCSE
2411,National Council for the Social Studies,NCSS
2412,National Council of Agricultural Employers,NCAE
2414,National Council of Chain Restaurants,NCCR
2415,National Council of Commercial Plant Breeders,NCCPB
2416,National Council of County Association Executives,NCCAE
2417,National Council of Farmer Cooperatives,NCFC
2418,National Council of Higher Education Loan Programs,NCHELP
2419,National Council of Jewish Women,NCJW
2420,UnidosUS,NCLR
2421,National Council of Negro Women,NCNW
2422,National Council of Nonprofits,
2423,National Council of State Housing Agencies,NCSHA
2424,National Council of Teachers of Mathematics,NCTM
2425,National Council of Churches,NCC
2429,National Council on Radiation Protection and Measurements,NCRP
2430,National Council on Aging,NCOA
2432,National Court Reporters Association,NCRA
2433,National Crime Prevention Council,NCPC
2434,National Criminal Justice Association,NCJA
2436,National Defense Industrial Association,NDIA
2437,National Defense Transportation Association,NDTA
2439,National Democratic County Officials Organization,NDCO
2440,National Democratic Institute,NDI
2441,National Dental Association,NDA
2444,National District Attorneys Association,NDAA
2445,National Education Association,NEA
2446,National Education Knowledge Industry Association,NEKIA
2447,National Electrical Contractors Association,NECA
2448,National Electrical Manufacturers Association,NEMA
2451,National Endangered Species Act Reform Coalition,NESARC
2455,National Fair Housing Alliance,NFHA
2456,National Family Caregivers Association,NFCA
2457,National Family Farm Coalition,NFFC
2458,National Family Planning and Reproductive Health Association,NFPRHA
2459,National Farmers Union,NFU
2460,National Federation of Croatian Americans,NFCA
2463,National Federation of Federal Employees,NFFE
2464,National Federation of Independent Business,NFIB
2465,National Federation of Republican Women,NFRW
2466,National Fenestration Rating Council,NFRC
2467,National FFA Organization,FFA
2468,National Fire Protection Association,NFPA
2469,National Fisheries Institute,NFI
2471,National Football League Players Association,NFLPA
2472,National Foreign Trade Council,NFTC
2474,National Forum for Black Public Administrators,NFBPA
2475,National Foundation for Cancer Research,NFCR
2476,National Foundation for Infectious Diseases,NFID
2480,National Frozen Pizza Institute,NFPI
2481,National Funeral Directors Association,NFDA
2483,National LGBTQ Task Force,NGLTF
2484,National Geographic Society,NGS
2485,National Glass Association,NGA
2486,National Governors Association,NGA
2487,National Grain and Feed Association,NGFA
2489,National Grange of the Order of Patrons of Husbandry,NG
2491,National Co+op Grocers,NGA
2492,National Guard Association of the United States,NGaus
2494,National Head Start Association,NHSA
2495,National Health Care Anti-Fraud Association,NHCAA
2496,National Health Council,NHC
2497,National Health Law Program,NHeLP
2499,National Health Museum,NHM
2500,National Health Policy Forum,NHPF
2501,National Hispanic Council on Aging,NHCOA
2502,National Hospice & Palliative Care Organization,NHPCO
2503,National Housing and Rehabilitation Association,NH&RA
2504,National Housing Endowment,NHE
2505,National Housing Trust,NHT
2506,National Humanities Alliance,NHA
2507,National Hydropower Association,NHA
2508,National Immigration Forum,NIF
2509,National Indian Education Association,NIEA
2510,National Indian Gaming Association,NIGA
2513,National Industrial Transportation League,NITL
2514,National Industries for the Blind,NIB
2515,National Institute for Health Care Management,NIHCM
2517,National Institute for State Credit Union Examination,NISCUE
2520,National Institute of Governmental Purchasing,NIGP
2521,National Institute of Oilseed Products,NIOP
2527,National Interfaith Coalition on Aging,NICA
2528,National Investor Relations Institute,NIRI
2529,National Italian American Foundation,NIAF
2530,National Jewish Democratic Council,NJDC
2532,National Kidney Foundation,NKF
2533,National Labor Relations Board,NLRB
2534,National Homelessness Law Center,
2535,National Law Enforcement Council,NLEC
2536,National Law Enforcement Officers Memorial Fund,NLEOMF
2537,National League of Cities,NLC
2538,National League of POW/MIA Families,NLFAPM
2539,National League of Postmasters of the United States,NLPUS
2540,National Leased Housing Association,NLHA
2541,National Legal and Policy Center,NLPC
2542,National Legal Aid & Defender Association,NLADA
2545,National Lighting Bureau,NLB
2546,National Lime Association,NLA
2547,National Low Income Housing Coalition,NLIHC
2548,National Lumber and Building Material Dealers Association,NLBMDA
2549,National Marine Manufacturers Association,NMMA
2550,National Maritime Safety Association,NMSA
2552,National Medical Association,NMA
2554,National Mentoring Partnership,NMP
2555,National Military Family Association,NMFA
2556,National Military Intelligence Association,NMIA
2557,National Milk Producers Federation,NMPA
2558,National Mining Association,NMA
2559,National Minority AIDS Council,NMAC
2561,National Multi-Housing Council,NMHC
2562,National Museum of Women in the Arts,NMWA
2564,National Network for Youth,NN4Y
2565,National Network to End Domestic Violence,NNEDV
2566,National Newspaper Association,NNA
2567,National Newspaper Publishers Association,NNPA
2568,National Ocean Industries Association,NOIA
2569,National Oilseed Processors Association,NOPA
2571,National Organization for Rare Disorders,NORD
2572,National Organization for the Reform of Marijuana Laws,NORML
2573,National Organization for Victim Assistance,NOVA
2574,National Organization for Women,NOW
2575,National Organization of Black Law Enforcement Executives,NOBLE
2576,National Organization on Disability,NOD
2577,National Osteoporosis Foundation,NOF
2579,National Paint and Coatings Association,NPCA
2581,National Park Foundation,NPF
2582,National Parking Association,NPA
2583,National Parks Conservation Association,NPCA
2584,National Partnership for Women & Families,NPWF
2585,National Peace Foundation,NPF
2586,National Pecan Shellers Association,NPSA
2587,National Pest Management Association,NPMA
2588,American Fuel and Petrochemical Manufacturers,AFPM
2589,National Petroleum Council,NPC
2590,National Pharmaceutical Council,NPC
2592,National Pollution Prevention Roundtable,NPPR
2594,National Postal Mail Handlers Union,NPMHU
2595,National Press Foundation,NPF
2596,National Prison Project,NPP
2597,National Private Truck Council,NPTC
2598,National Pro-Life Alliance,NPLA
2599,National Propane Gas Association,NPGA
2601,,NPR
2602,National Puerto Rican Coalition,NPRC
2603,National Railway Labor Conference,NRLC
2604,National Ready Mixed Concrete Association,NRMCA
2605,National Recreation and Park Association,NRPA
2608,National Rehabilitation Association,NRA
2612,National Religious Broadcasters,NRB
2614,National Renal Administrators Association,NRAA
2615,National Renderers Association,NRA
2619,National Restaurant Association,
2620,National Retail Federation,NRF
2621,National Rifle Association Institute for Legislative Action,NRA-ILA
2623,National Rifle Association,NRA
2624,National Right to Life Committee,NRLC
2625,National Right to Work Committee,NRTWC
2626,National Right to Work Legal Defense Foundation,NRTWLDF
2627,National Roofing Contractors Association,NRCA
2628,National Rural Electric Cooperative Association,NRECA
2630,National Rural Health Association,NRHA
2631,National Rural Housing Coalition,
2632,National Rural Letter Carriers' Association,NRLCA
2634,National Safety Council,NSC
2635,National School Boards Association,NSBA
2637,National School Supply and Equipment Association,EMA
2638,National School Transportation Association,NSTA
2639,National Science Teaching Association,NSTA
2640,National Security Archive,NSA
2641,Justice in Aging,JIA
2642,National Sheriffs' Association,NSA
2643,National Shooting Sports Foundation,NSSF
2644,National Sleep Foundation,NSF
2648,National Society of Black Engineers,NSBE
2649,National Society of Professional Engineers,NSPE
2651,National Waste & Recycling Association,NSWMA
2654,National Spiritual Assembly of the Baha'is of the United States,NSA-USA
2655,National Star Route Mail Contractors Association,NSRMCA
2656,"National Stone, Sand & Gravel Association",NSSGA
2658,National Structured Settlements Trade Association,NSSTA
2659,National Student Speech Language Hearing Association,NSSLHA
2660,National Tank Truck Carriers,NTTC
2661,National Taxpayers Union,NTU
2664,National Tooling and Machining Association,NTMA
2665,National Training Systems Association,NTSA
2666,National Treasury Employees Union,NTEU
2667,National Truck Equipment Association,NTEA
2668,National Trust for Historic Preservation,NTHP
2669,National Turkey Federation,NTF
2670,National U.S.–Arab Chamber of Commerce,NUSACC
2672,National Urban League,NUL
2673,National Utility Contractors Association,NUCA
2674,National Venture Capital Association,NVCA
2675,National Veterans Legal Services Program,NVLSP
2678,National Water Resources Association,NWRA
2680,National Whistleblower Center,NWC
2682,National Wildlife Federation,NWF
2684,National Wildlife Refuge Association,NWRA
2685,National Women's Business Council,NWBC
2686,National Women's Health Network,NWHN
2687,National Women's Law Center,NWLC
2688,National Women's Political Caucus,NWPC
2689,National Yogurt Association,NYA
2692,Natural Gas Supply Association,NGSA
2693,NGVAmerica,NGVA
2694,Natural Resources Defense Council,NRDC
2695,,
2697,Navy League of the United States,NLUS
2702,Neighborhood Legal Services Program,NLSP
2704,NetCoalition,
2707,NETWORK Lobby,NETWORK
2711,New Directions for Policy,NDP
2713,New Jersey Hospital Association,NJHA
2716,New Ways Ministry,
2725,News Media Alliance,NMA
2728,SourceAmerica,
2736,Non Commissioned Officers Association of the United States of America,NCOA
2742,North American Meat Processors Association,NAMP
2743,North American Millers' Association,NAMA
2744,North American Natural Casing Association,NANCA
2751,Northeast-Midwest Institute,NEMW
2760,,
2762,Nuclear Control Institute,NCI
2763,Nuclear Energy Institute,NEI
2765,Nuclear Threat Initiative,NTI
2768,Office and Professional Employees International Union,OPEIU
2772,Older Women's League,OWL
2773,Center for Effective Government,
2777,Operative Plasterers' and Cement Masons' International Association,OPCMIA
2779,Optica,OSA
2780,Opticians Association of America,OAA
2783,Order Sons and Daughters of Italy in America,OSIA
2785,Organization for the Promotion and Advancement of Small Telecommunications Companies,OPASTCO
2786,Organization of Chinese Americans,OCA
2787,Organization of Professional Employees of the USDA,OPEDA
2791,Outdoor Advertising Association of America,OAAA
2792,Outdoor Power Equipment Institute,OPEI
2793,Ovarian Cancer Research Alliance,OCRA
2799,Pacific Seafood Processors Association,PSPA
2800,Association for Packaging and Processing Technologies,PMMI
2806,Paralyzed Veterans of America,PVA
2813,Partners of the Americas,
2815,Partnership for Prevention,
2816,Passenger Vessel Association,PVA
2817,Patent Office Professional Association,POPA
2818,Parenteral Drug Association,PDA
2819,Peace Action,
2821,Peanut and Tree Nut Processors Association,PTNPA
2827,People for the American Way,PFAW
2830,Personal Watercraft Industry Association,PWIA
2831,Pet Industry Joint Advisory Council,PIJAC
2832,Petroleum Marketers Association of America,PMAA
2838,Pharmaceutical Care Management Association,PCMA
2839,Pharmaceutical Research and Manufacturers of America,PhRMA
2846,Physicians Committee for Responsible Medicine,PCRM
2847,Physicians for Social Responsibility,PSR
2850,Pipe Tobacco Council,PTC
2853,Planned Parenthood,PPFA
2854,Plasma Protein Therapeutics Association,PPTA
2856,Plumbing-Heating-Cooling Contractors -National Association,PHCC
2858,Police Executive Research Forum,PERF
2861,Polish American Congress,PAC
2862,Polyisocyanurate Insulation Manufacturers Association,PIMA
2863,Population Action International,PAI
2864,Population Association of America,PAA
2865,Population Institute,PI
2867,Population Resource Center,PRC
2871,Poverty and Race Research Action Council,PRRAC
2873,Power and Communications Contractors Association,PCCA
2879,,PCUSA
2880,Preservation Action,
2884,Printing Industries of America,PIA
2885,Prison Fellowship Ministries,PF
2887,Process Equipment Manufacturers' Association,PEMA
2889,Product Liability Prevention and Defense Group,PLPDG
2890,Professional Airways Systems Specialists (AFL-CIO),PASS
2892,Professional Managers Association,PMA
2893,Professional Services Council,PSC
2898,Project On Government Oversight,POGO
2899,Project to Promote Competition and Innovation in the Digital Age,
2904,Public Advocate,
2905,Public Affairs Council,
2906,,
2907,Public Campaign,
2908,Public Citizen,
2910,Public Employees for Environmental Responsibility,PEER
2911,Public Employees Roundtable,PER
2913,Public Health Foundation,PHF
2914,Public Housing Authorities Directors Association,PHADA
2916,Public Lands Council,PLC
2921,Public Technology Inc.,PTI
2922,Puerto Rico Federal Affairs Administration,PRFAA
2930,Radio Television Digital News Association,RTDNA
2933,Rails-to-Trails Conservancy,RTC
2935,Rainbow PUSH Coalition,RPC
2937,,
2939,Reading Is Fundamental,RIF
2940,The Real Estate Roundtable,RER
2941,Recording Industry Association of America,RIAA
2943,Recreation Vehicle Dealers Association of North America,RVDA
2944,Recreation Vehicle Industry Association,RVIA
2946,Refugees International,
2947,Regulatory Affairs Professionals Society,RAPS
2948,Reinsurance Association of America,RAA
2950,Religious Action Center of Reform Judaism,RAC
2951,Religious Coalition for Reproductive Choice,RCRC
2952,Renal Physicians Association,RPA
2954,Renewable Fuels Association,RFA
2955,Renewable Natural Resources Foundation,RNRF
2956,Reporters Committee for Freedom of the Press,RCFP
2958,Republican Governors Association,RGA
2959,Republican Jewish Coalition,RJC
2963,Republican National Hispanic Assembly,RNHA
2964,Republicans for Choice,RFC
2968,Reserve Officers Association,ROA
2969,Resilient Floor Covering Institute,
2970,Rehabilitation Engineering and Assistive Technology Society,
2972,,
2973,Retailers Bakery Association,
2974,Retirement Industry Trust Association,RITA
2975,Reusable Industrial Packaging Association,RIPA
2977,Rio Grande Valley Sugar Growers,
2979,Responsible Industry for a Sound Environment,RISE
2984,Roof Coatings Manufacturers Association,RCMA
2986,Rubber Manufacturers Association,RMA
2987,Rural Coalition,
2988,Rural Telephone Finance Cooperative,
2992,Safari Club International,SCI
2997,Salt Institute,
3000,Salvation Army,
3003,Satellite Broadcasting and Communications Association,SBCA
3005,Savings Coalition of America,
3009,Scenic America,
3015,Scientists Center for Animal Welfare,SCAW
3016,S-Corporation Association,
3019,Seafarers International Union of North America,SIU
3020,Search for Common Ground,
3021,Secondary Materials and Recycled Textiles Association,SMART
3022,Securities Industry Association,SIA
3023,Security Industry Association,SIA
3025,"Self-Insurance Institute of America, Inc.",SIIA
3028,Senior Army Reserve Commanders Association,SARCA
3029,Senior Executives Association,SEA
3031,Service Employees International Union,SEIU
3033,Share Our Strength,
3034,Sheet Metal and Air Conditioning Contractors' National Association,SMACNA
3035,Sheet Metal Workers' International Association,SMWIA
3037,Shipbuilders Council of America,SCA
3043,Sierra Club,
3044,Silver Users Association,SUA
3045,Skills USA,VICA
3046,Small Business Council of America,SBCA
3052,Snack Food Association,SFA
3053,Soap and Detergent Association,SDA
3054,Society for American Archaeology,SAA
3056,Society for Human Resource Management,SHRM
3058,Society for Marketing Professional Services,SMPS
3059,Society for Neuroscience,SFN
3060,Society for Technical Communication,STC
3061,Society for Women's Health Research,SWHR
3062,Society of American Florists,SAF
3063,Society of American Foresters,SAF
3064,SAE International,SAE
3067,Society of Consumer Affairs Professionals in Business,SOCAP
3068,Society of General Internal Medicine,SGIM
3069,Society of Glass and Ceramic Decorators,SGCD
3070,Society of Independent Gasoline Marketers of America,SIGMA
3071,Society of Industrial and Office Realtors,SIOR
3072,Society of Nuclear Medicine,SNM
3073,Society of Professional Benefit Administrators,SPBA
3074,Society of Teachers of Family Medicine,STFM
3075,Society of the Plastics Industry,SPI
3079,Software and Information Industry Association,SIIA
3080,Sojourners,
3081,Solar Energy Industries Association,SEIA
3087,Southeast Asia Resource Action Center,SEARAC
3088,Southern Governors' Association,SGA
3089,Southern Utah Wilderness Alliance,SUWA
3093,Speak Out USA,
3095,Special Libraries Association,SLA
3097,Specialized Carriers and Rigging Association,SCRA
3098,Specialty Equipment Market Association,SEMA
3099,Spina Bifida Association of America,SBAA
3101,Sporting Goods Manufacturers Association,SGMA
3103,Sports Lawyers Association,SLA
3106,Stable Value Investment Association,SVIA
3107,State and Territorial Air Pollution Program Administrators,STAPPA
3109,State Government Affairs Council,SGAC
3112,Steel Manufacturers Association,SMA
3113,Steel Recycling Institute,SRI
3118,Student Press Law Center,SPLC
3119,Sugar Association,
3124,Sunkist Growers,
3126,Surety Association of America,SAA
3127,Surety Information Office,SIO
3128,Surface Transportation Policy Project,STPP
3129,Sweetener Users Association,SUA
3131,Synthetic Organic Chemical Manufacturers Association,SOCMA
3136,"Tax Executives Institute, Inc.",TEI
3137,Tax Foundation,
3138,"Taxicab, Limousine and Paratransit Association",TLPA
3140,False Claims Legal Center,TAF
3142,Telecommunications Industry Association,TIA
3149,Tetrahydrofuran Task Force,TTF
3152,Texas Freedom Fund,
3155,Textile Rental Services Association of America,TRSA
3159,60/Plus Association,
3166,Aluminum Association,AA
3167,American Institute of Architects,AIA
3168,American Youth Work Center,
3170,Antarctica Project,
3171,The Arc,
3172,Asia Foundation,
3174,Bank Private Equity Coalition,BPEC
3175,Bethune-DuBois Institute,
3180,The Business Council,
3181,The Business Roundtable,
3183,Center for Religious Freedom,
3189,Civil War Preservation Trust,
3191,College Board,CEEB
3194,Community Foundation for the National Capital Region,
3195,The Conservation Fund,
3196,The Conservative Caucus,
3197,Corcoran Gallery of Art,
3198,Council of Insurance Agents and Brokers,CIAB
3199,Criminal Justice Policy Foundation,
3202,Enterprise Foundation,
3203,Environmental Business Association,
3206,Fertilizer Institute,
3207,Financial Services Roundtable,
3209,Foundation for Environmental and Economic Progress,
3211,"Freedom Project, The",
3213,"Fund for Peace, The",
3218,International Human Rights Law Group,
3219,Justice Project,
3222,"Military Coalition, The",
3226,New England Council,
3228,Philanthropy Roundtable,
3229,Phillips Collection,
3230,Points of Light Foundation,
3233,Propeller Club of the United States,
3234,Retired Enlisted Association,
3236,Road Information Program,
3237,Sentencing Project,
3239,Steel Alliance,
3240,Textile Museum,
3244,,
3245,United States-New Zealand Council,
3251,Wilderness Society,
3268,Traditional Values Coalition,
3270,TransAfrica Forum,
3272,Transportation Institute,
3273,Transportation Intermediaries Association,
3277,TREA Senior Citizens League,TSCL
3278,Trial Lawyers for Public Justice,
3281,Trout Unlimited,
3283,Truck Mixer Manufacturers Bureau,
3284,Truck Renting and Leasing Association,
3285,Truck Trailer Manufacturers Association,
3286,Truckload Carriers Association,
3287,,
3289,Trust for Public Land,
3296,US Apple Association,
3297,US Association of Former Members of Congress,
3308,US Oil and Gas Association,
3309,US Olympic Committee,
3310,US Overseas Cooperative Development,
3314,US-ASEAN Business Council,
3318,US-Russia Business Council,
3319,US-Turkmenistan Business Council,
3322,Uniform and Textile Service Association,
3325,Union of Concerned Scientists,
3332,United Association of Journeymen and Apprentices of the Plumbing and Pipe Fitting,
3334,United Auto Workers,UAW
3339,United Food and Commercial Workers,UFCW
3344,United Methodist Church General Board of Church and Society,
3345,United Mine Workers of America,UMWA
3346,United Motorcoach Association,UMA
3347,,
3349,United Negro College Fund,UNCF
3352,United States Air Tour Association,
3353,United States Beet Sugar Association,
3354,United States Business and Industry Council,USBIC
3358,United States Coast Guard Chief Petty Officers Association,
3359,U.S. Committee for Refugees and Immigrants,USCRI
3360,United States Conference of Mayors,USCM
3361,United States Council for International Business,USCIB
3369,United States Student Association,
3370,USTelecom,
3371,United States Tuna Foundation,
3373,United Steelworkers,USW
3376,United Transportation Union,UTU
3377,"United Union of Roofers, Waterproofers and Allied Workers",UURWAW
3378,University Continuing Education Association,
3390,USA Rice Federation,
3391,United Services Automobile Association,
3394,US-Taiwan Business Council,
3398,Utility Workers Union of America,UWUA
3399,UWC - Strategic Services on Unemployment and Workers' Compensation,
3401,Valve Manufacturers Association of America,
3411,Vertical Flight Foundation,
3412,Veterans of Foreign Wars,
3413,,
3445,Washington Council of Agencies,
3448,Washington Ethical Society,
3453,Washington Kurdish Institute,
3454,Washington Legal Clinic for the Homeless,
3455,Washington Legal Foundation,
3456,Washington Metropolitan Area Transit Authority,
3457,Washington Office on Africa,
3459,Washington Political Action Committee,
3461,Washington Regional Transplant Consortium,
3465,Washington Workshops,
3469,Water Environment Federation,
3470,Water Environment Research Foundation,
3477,Weather Risk Management Association,WRMA
3478,Welfare to Work Partnership,
3492,Window Covering Manufacturers Association,
3493,Window Covering Safety Council,
3494,Wine and Spirits Wholesalers of America,WSWA
3495,Wine Institute,
3497,Wireless Communications Association,
3499,Woman's National Democratic Club,WNDC
3503,Women's Action for New Directions,WAMD
3507,Women's Information Network,
3514,World Government of World Citizens,
3515,World Hunger Education Service,
3519,World Service Authority,
3520,World Shipping Council,
3524,Worldwide Printing Thermographers Association,
3529,YMCA DC,
3531,Young America's Foundation,YAF
3536,Youth Service America,
3538,"National Center for Infants, Toddlers, and Families",ZERO TO THREE
3555,A Greater Washington,
3557,ABA Insurance Association,ABA
3563,Abilene Industrial Foundation,
3573,Academy of General Dentistry,AGD
3576,Academy of Rail Labor Attorneys,
3584,Acoma Pueblo,
3594,Ad Hoc Nitrogen Committee,
3651,Aeronautical Repair Station Association,
3668,Ag Biotech Planning Committee,
3679,Agriculture Ocean Transportation Coalition,
3683,Agua Caliente Band of Cahuilla Indians,
3685,AIDS Healthcare Foundation,AHF
3692,Air Bag and Seat Belt Safety Campaign,
3722,Airport Minority Advisory Council,
3723,Airports Council International - North America,ACI-NA
3739,Alabama-Coushatta Tribe of Texas,
3742,Alabama Nursing Homes Association,
3751,,ANSB
3756,Alaska Eskimo Whaling Commission,
3757,Alaska Federation of Natives,
3759,Alaska Forest Association,
3760,Alaska Groundfish Data Bank,
3771,Alaska Professional Hunters Association,
3775,Alaska SeaLife Center,
3795,Aleutian Pribilof Islands Community Development Association,
3823,Alliance for Chemical Awareness,
3828,Alliance for Quality Nursing Home Care,
3841,Alliance to Keep Americans Working,
3843,Allied Charities of Minnesota,
3845,Allied Pilots Association,APA
3857,Alsatian American Chamber of Commerce,
3864,Ambulatory Pediatric Association,
3869,America Outdoors,
3873,American Academy of Neurology,AAN
3874,American Academy of Orthotists and Prosthetists,
3876,American Academy of Wound Management,
3880,American Amusement Machine Association,
3881,American Architectural Foundation,
3883,American Association for the Study of Liver Diseases,AASLD
3884,American Association of Acupuncture and Oriental Medicine,AAAOM
3885,American Association of Bioanalysts,
3886,American Association of Cardiovascular and Pulmonary Rehabilitation,AACVPR
3887,American Association of Clinical Endocrinologists,AACE
3889,American Association of Cosmetology Schools,
3891,American Association of Exporters & Importers,AAEI
3892,American Association of Eye and Ear Hospitals,
3894,American Association of Fastener Importers,
3896,American Association of Health Care Administrative Management,AAHCAM
3897,American Association of Homeopathic Pharmacists,
3899,American Association of Naturopathic Physicians,AANP
3901,American Association of Oral and Maxillofacial Surgeons,AAOMS
3902,American Association of Orthodontists,
3905,American Association of Preferred Provider Organizations,
3909,American Automotive Leasing Association,
3910,American Bankers Association,ABA
3911,American Bearing Manufacturers Association,
3912,American Beekeeping Federation,
3913,American Beverage Institute,
3917,American Board of Health Physics,
3918,American Board of Medical Specialties in Podiatry,
3924,American Business Media,
3925,American Cable Association,ACA
3935,American Collectors Association,
3938,American College of Nuclear Physicians,
3940,American College of Occupational and Environmental Medicine,ACOEM
3941,American College of Radiation Oncology,
3942,American College of Rheumatology,ACR
3943,American College of Sports Medicine,ACSM
3945,American Commodity Distribution Association,
3948,American Concrete Pipe Association,
3949,American Congress of Community Supports and Employment Services,
3951,American Corn Growers Association,
3955,American Dehydrated Onion and Garlic Association,
3956,American Dental Hygienists Association,
3966,American Film Institute,
3972,American Fly Fishing Trade Association,
3974,American Foundrymen's Society,
3977,American Friends of the Czech Republic,
3987,American Herbal Products Association,
3990,American Honey Producers Association,
4000,American Land Conservancy,
4002,American Liver Foundation,ALF
4012,American Medical Technologists,AMT
4016,American Museum of Natural History,AMNH
4017,American Mushroom Institute,
4019,American Names Association,
4023,American Nuclear Society,ANS
4025,American Peanut Product Manufacturers,APPMI
4027,American Psychiatric Nurses Association,APNA
4029,American Psychosomatic Society,
4031,American Radio Relay League,ARRL
4032,American Railway Car Institute,
4037,American Registry of Pathology,
4039,American Rental Association,
4040,American Salvage Pool Association,
4041,,
4049,American Society for Bone and Mineral Research,ASBMR
4052,American Society for Gastrointestinal Endoscopy,ASGE
4053,American Society for Photogrammetry and Remote Sensing,ASPRS
4054,American Society for Quality,ASQ
4060,"American Society of Composers, Authors and Publishers",ASCAP
4062,American Society of Farm Managers and Rural Appraisers,ASFMRA
4064,American Society of Home Inspectors,ASHI
4066,American Society of Nephrology,ASN
4068,American Society of Pediatric Nephrology,
4069,American Society of Plastic Surgeons,
4070,American Society of Radiologic Technologists,ASRT
4071,American Society of Safety Professionals,ASSE
4072,American Society of Tropical Medicine and Hygiene,ASTMH
4073,American Society of Women Accountants,ASWA
4074,American Soybean Association,ASA
4075,American Spice Trade Association,
4078,American Supply and Machinery Manufacturers Association,ASMMA
4079,American Supply Association,
4082,American Telemedicine Association,ATA
4092,American Urological Association,AUA
4097,American-Uzbekistan Chamber of Commerce,AUCC
4102,Americans for Common Cents,
4113,Americans for Responsible Recreational Areas,ARRA
4125,Amputee Coalition of America,
4130,Amusement and Music Operators Association,AMOA
4179,Apple Processors Association,
4194,Aquarium of the Pacific,
4212,Arctic Slope Regional Corporation,ASRC
4213,Arena Stage,
4239,Arthritis Foundation,
4254,,
4267,Asphalt Recycling and Reclaiming Association,ARRA
4270,Association for Commuter Transportation,
4272,Association for Enterprise Opportunity,AEO
4273,Association for Governmental Leasing and Finance,AGLF
4274,Association for Hospital Medical Education,AHME
4275,Association for Los Angeles Deputy Sheriffs,ALADS
4279,Association of Academic Health Sciences Library Directors,
4281,Association of Air Medical Services,AAMS
4292,Association of Chiropractic Colleges,ACC
4294,Association of Christian Therapists,
4295,Association of Clinical Research Professionals,ACRP
4300,Association of Food Industries,AFI
4301,Association of Freestanding Radiation Oncology Centers,
4306,Association of Independent Research Institutes,AIRI
4308,Association of Legal Administrators,ALA
4311,Association of Medical Device Reprocessors,AMDR
4312,Association of Minnesota Counties,AMC
4313,Association of Minority Health Professions Schools,AMHPS
4319,Association of Pediatric Program Directors,APPD
4321,Association of Professional Flight Attendants,APFA
4322,Association of Progressive Rental Organizations,APRO
4327,Association of Surgical Technologists,AST
4330,Association of Telemessaging Services International,ATSI
4332,Association of Universities for Research in Astronomy,AURA
4333,Association of Veterinary Biologics Companies,AVBC
4338,,
4343,"Associated Universities, Inc.",AUI
4367,Atlantic States Marine Fisheries Commission,ASMFC
4378,Audubon Institute,
4382,Aunt Martha's Youth Service Center,
4475,Barona Band of Mission Indians,
4500,Bay Mills Indian Community,BMIC
4568,Bethel New Life,
4577,Bi-State Development Agency,BSDA
4584,Big Brothers Big Sisters of America,BBBSA
4618,Black Hills Forest Resource Association,BHRA
4635,Blue Diamond Growers,
4637,Blue Water Fishermen's Association,BWFA
4686,Boy Scouts of America,BSA
4687,Boys and Girls Club of Brownsville,
4690,Boys Town USA,
4691,Boysville,
4734,Broadcast Music Inc.,BMI
4765,Build Indiana Council,BIC
4811,CalCot,
4816,California Asparagus Commission,CAC
4818,California Association of Marriage and Family Therapists,CAMFT
4819,California Association of Sanitation Agencies,CASA
4820,California Association of Winegrape Growers,CAWG
4824,California Canning Peach Association,CCPA
4827,California Cling Peach Growers Advisory Board,CCPGAB
4833,California Health Care Foundation,CHCF
4835,California Independent Petroleum Association,CIPA
4842,California Poultry Industry Federation,CPIF
4843,California Primary Care Association,CPCA
4844,California Prune Board,CPB
4849,California School Employees Association,CSEA
4851,California State Association of Counties,CSAC
4862,California Strawberry Commission,CSC
4867,California Walnut Commission,CWC
4877,,
4891,Campaign for Common Ground,CCG
4893,Campaign Reform Project,CRP
4918,Cancer Leadership Council,CLC
4949,Cardiovascular Credentialing International,CCI
4964,,CHC
4972,Carpet and Rug Institute,CRI
4984,Casey Family Programs,CFP
4996,,CHW
4998,Cattlemen's Beef Promotion and Research Board,CBB
5028,Center for Civic Education,CCE
5032,Center for Employment Training,CET
5035,Center for Regulatory Effectiveness,CRE
5040,Center Point Inc.,CPI
5052,Central Council of Tingit and Haida Indian Tribes of Alaska,CCTHITA
5058,Central Montana Electric Power Cooperative,CMEPC
5068,Central Virginia Electric Cooperative,CVEC
5074,Foundation for Advancing Alcohol Responsibility,
5083,,
5084,Certified Automotive Parts Association,CAPA
5088,Chabot Space and Science Center,CSSC
5116,Cheese Importers Association of America,CIAA
5118,Confederated Tribes of the Chehalis Reservation,CTCHR
5127,Chesapeake Bay Foundation,CBF
5131,Chevron Petroleum Marketers Association,CPMA
5133,Cheyenne and Arapahoe Tribes of Oklahoma,
5138,,
5156,Children and Adults with Attention Deficit Disorders,CHADD
5185,Mississippi Band of Choctaw Indians,MBCI
5186,Choctaw Nation of Oklahoma,CNO
5188,"Choral Art Society Of Washington, The",CASW
5197,Chronic Fatigue and Immune Dysfunction Syndrome Association of America,CFIDSAA
5199,,
5200,Church Alliance,
5215,Citizen's Educational Foundation,CEF
5219,Citizens for Civil Justice Reform,CCJR
5222,Citizens for Liberty in Cuba,CLC
5236,Civil Air Patrol,CAP
5253,,
5259,Clean Fuels Development Coalition,CFDC
5293,Coal Utilization Research Council,CURC
5295,Coalition Against Bigger Trucks,CABT
5309,Coalition for Effective Environmental Information,CEEI
5319,Coalition for Food Aid,
5322,Global System of Preferences Coalition,
5339,Tax Equity Coalition,
5343,Uniform Product Liability Law Coalition,
5347,Boston Teaching Hospitals Coalition,
5350,EPSCoR States Coalition,
5351,Food Importers Associations Coalition,
5353,Higher Education Assistance Organizations Coalition,
5355,New England Companies for Trade Coalition,
5357,Private Safety-Net Hospitals Coalition,
5375,Coastal Conservation Association,CCA
5397,College on Problems of Drug Dependence,CPDD
5398,College Parents of America,
5404,Colombian American Service Association,
5411,Colorado Association of Transit Agencies,
5417,Colorado River Energy Distributors Association,
5418,Colorado River Indian Tribes,CRIT
5451,Commerce Clause Coalition,
5455,Commercial Law League of America,
5459,Commission of Accredited Truck Driving Schools (CATDS),
5462,Committee for Citizen Awareness,
5466,Committee of Annuity Insurers,
5467,Committee of Domestic Steel Wire Rope and Specialty Cable Manufacturers,
5470,Committee on Pipe and Tube Imports,
5474,Committee to Support the Antitrust Laws,
5478,Commonwealth Fund,
5482,Communities In Schools,
5487,Community Development Venture Capital Association,
5488,Community Financial Services Association of America,CFSA
5525,Confederated Salish and Kootenai Tribes,
5527,Confederated Tribes of the Grand Ronde Community of Oregon,
5528,Confederated Tribes of the Umatilla Indian Reservation,
5529,Confederated Tribes of Warm Springs,
5551,Consortium for Plant Biotechnology Research,
5552,Consortium for Regional Climate Centers,
5553,Consortium for Worker Education,
5554,Consortium on Government Relations for Student Affairs,
5574,Contractors International Group on Nuclear Liability,
5589,Cooley's Anemia Foundation,
5592,Cooperative of American Physicians,
5595,Copper Development Association,
5597,Coquille Indian Tribe,
5606,,
5613,Corporate Environmental Enforcement Council (CEEC),
5614,Corporate Health Care Coalition,
5622,Correctional Vendors Association,
5633,Council for Agricultural Science and Technology,
5638,Council of American Overseas Research Centers,CAORC
5643,"Council of Senior Centers and Services of New York City, Inc.",
5648,Council of Women's and Infant's Specialty Hospitals,
5649,Council on Federal Procurement of Architectural and Engineering Services,
5652,Council of Smaller Enterprises,
5660,Council on Radionuclides and Radiopharmaceuticals,
5661,Council on Superconductivity for American Competitiveness,
5666,County Welfare Directors Association of California,
5668,Covenant House,
5673,,
5683,Crohn's & Colitis Foundation,
5685,Crop Protection Coalition,
5710,CUBRC,
5735,Drug Abuse Resistance Education,
5746,Dairy Management Inc.,
5748,Dairy Trade Coalition,
5813,Delaware Tribe of Indians,
5844,Desert Grape Growers League,
5859,Devereux Foundation,
5887,Digestive Disease National Coalition,
5906,Directors Guild of America,
5911,Discovery Science Center,
5932,Domestic Petroleum Council,
5951,,
5986,Dystonia Medical Research Foundation,
6009,East Coast Tuna Association,
6012,Deep East Texas Electric Cooperative,
6015,,
6019,,
6050,Edison Welding Institute,
6056,Education Commission of the States,
6099,"ElectriCities of North Carolina, Inc.",
6128,Emergency Department Practice Management Association,
6137,Employee Owned S Corporations of America,ESCA
6160,Energy Programs Consortium,EPC
6165,Engine Manufacturers Association,EMA
6174,Enterprise Mission,
6250,Evangelical Lutheran Good Samaritan Society,
6254,Everglades Trust,
6304,Family Farm Alliance,
6305,Family Impact Seminar,
6314,,
6325,FBI Agents Association,FBIAA
6327,,
6334,Federal Employees Education and Assistance Fund,
6346,Federal Judges Association,
6347,Federal Law Enforcement Officers Association,
6350,Federal Physicians Association,
6359,Federation of State Medical Boards of the US,
6389,Financial Planning Association,
6390,Financial Service Centers of America,FiSCA
6398,Fire Island Association,
6419,First Tuesday Group,FVOA
6432,Fishing Vessel Owners' Association,
6435,Flavor and Extract Manufacturers Association,
6451,Florida Citrus Mutual,FCM
6452,Florida Citrus Packers,
6465,Florida Farm Bureau Federation,FFBF
6466,Florida Fruit and Vegetable Association,FFVA
6472,Florida Tomato Exchange,
6481,Folger Shakespeare Library,EMMO
6500,Ford Foundation,
6503,,
6504,Ford's Theatre,
6509,Forest County Potawatomi Community,
6532,Foundation for Veterans' Health Care,
6549,Freedom Alliance,
6559,Fresh Garlic Producers Association,FGPA
6571,Friends of Cancer Research,FOCR
6583,Fuel Cell Power Association,
6596,Fund for American Opportunity PAC,
6621,Garden State Seafood Association,GSSA
6631,Gas Processors Association,
6632,Gas Turbine Association,GTA
6633,Gasification Technologies Council,GTC
6636,Gateway Cities,
6694,Georgia Commodity Commission for Peanuts,
6711,Gila River Indian Community,
6744,Golf Course Superintendents Association of America,GCSAA
6763,Grand Traverse Band of Ottawa and Chippewa Indians,
6782,Great Lakes Science Center,
6792,Greater New York Hospital Association,GNYHA
6818,Group Health Cooperative,
6849,"Guaynabo, Puerto Rico, City of",
6855,Gulf Citrus Growers Association,GCGA
6884,Hand Tools Institute,HTI
6907,Harvard Radio Broadcasting Co.,
6926,Health Industry Group Purchasing Association,HIGPA
6930,Health Physics Society,HPS
6936,Healthcare Association of New York State,HANYS
6937,Healthcare Billing and Management Association,HBMA
6939,Healthcare Financing Study Group,
6947,Hearing Industries Association,HIA
6952,Hebrew Immigrant Aid Society,HIAS
6960,Helen Keller National Center for Deaf-Blind Youths and Adults,HKNC
6987,Higher Education Consortium for Special Education,HECSE
7001,Hispanic Association of Colleges and Universities,HACU
7024,Home Baking Association,HBA
7026,Home Care Association of New York State,HCANYS
7045,Hoosier Energy Rural Electric Cooperative,
7046,Hopi Indian Tribe,
7057,Housing Works,
7089,Human Relations Foundation of Chicago,
7099,Huntington's Disease Society of America,HADS
7174,Immune Deficiency Foundation,
7176,Impact Services,
7192,Independent Bankers Association of Texas,IBAT
7195,Independent Fuel Terminal Operators Association,IFTA
7200,Independent Telephone and Telecommunications Alliance,ITTA
7202,Independent Terminal Operators Association,ITO
7203,Independent Visually Impaired Enterprisers,IVIE
7207,Indian Law Resource Center,ILRC
7209,Indian River Citrus League,IRCL
7210,Indiana and Michigan Municipal Distributors Association,IMMDA
7230,Industrial Fasteners Institute,IFI
7331,International Cast Polymer Association,ICPA
7337,International Council on Education for Teaching,ICET
7339,International Dairy-Deli-Bakery Association,IDDBA
7341,International District Energy Association,IDEA
7343,International Electrical Testing Association,NETA
7347,International Facility Management Association,IFMA
7349,International Fund for Animal Welfare,IFAW
7350,International Furnishing & Design Association,IFDA
7353,International Geographic Information Foundation,IGIF
7355,"International Health, Racquet and Sportsclub Association",IHRSA
7356,International Hearing Society,IHS
7357,International Housewares Association,IHA
7358,International Institute of Ammonia Refrigeration,IIAR
7359,International Intellectual Property Institute,IIPI
7361,Kitchen exhaust cleaning,IKECA
7374,International Parking Institute,IPI
7383,International Snowmobile Manufacturers Association,ISMA
7384,International Society for Experimental Hematology,ISEH
7386,International Society for Quality of Life Research,ISOQOL
7387,International Society for Technology in Education,ISTE
7392,International Swaps and Derivatives Association,ISDA
7398,International Trademark Association,INTA
7403,International Warehouse Logistics Association,IWLA
7406,Internet Advertising Bureau,IAB
7409,China Council for the Promotion of International Trade,IITC
7419,Interstate Council on Water Policy,ICWP
7422,Intertribal Monitoring Association of Indian Trust Funds,ITMA
7423,Intertribal Timber Council,ITC
7457,Isleta Pueblo,
7490,Jacobus Tenbroek Memorial Fund,
7498,Jamestown-S'Klallam Indian Tribe,
7527,Jewelers of America,
7530,Jewish Guild for the Blind,
7531,Jicarilla Apache Tribe,
7535,Job Opportunities Business Symposium,
7547,Joint Commission on the Accredidation of Health Care Organizations,JCAHO
7549,"Joint Council of Allergy, Asthma and Immunology",
7575,Kaiser Family Foundation,
7588,Kansas Electric Power Cooperative,ODEC
7615,Kellogg Foundation,PAHO
7631,Kenya Bombing Families,
7639,Ketchikan Public Utilities,KPC
7652,Kickapoo Tribe of Oklahoma,
7694,Susan G. Komen Breast Cancer Foundation,
7700,,ANCSA
7752,LA Coalition,
7758,Laborers Health & Safety Fund,LHSF
7760,Laborers-AGC,
7772,Lake Carriers Association,LCA
7781,Lamaze International,
7791,,
7797,Lao Veterans of America,LVA
7802,Large Public Power Council,LLPC
7806,,
7818,Lawton Fort Sill Chamber of Commerce,
7824,,
7827,League of California Cities,
7829,Learning Disabilities Association,LDA
7837,Leech Lake Tribal Council,
7873,Liberty Science Center,
7901,,
7902,,
7979,,
7980,,
7995,,
8006,Lymphoma Research Foundation of America,LRFA
8042,Maine Pulp & Paper Association,MPPA
8044,,
8045,Major League Baseball Players Association,MLBPA
8062,Management Association for Private Photogrammetric Surveyors,MAPPS
8067,Maniilaq Association,
8072,Manufacturing Jewelers and Suppliers of America,MJSA
8125,Maryland Association of the Deaf,MDAD
8134,,
8142,Massachusetts Hospital Association,MHA
8155,Materials Research Society,MRS
8165,Mauritius-US Business Association,MUSBA
8170,,
8192,Meals on Wheels Association of America,MOWAA
8206,Medical Imaging Contrast Agent Associations,
8208,Medical Library Association,
8214,Medicare Cost Contractors Alliance,MCCA
8255,Mercer Engineering Research Center,MERC
8276,Metals Industry Recycling Coalition,MIRC
8281,Metlakatla Indian Community,
8301,,
8360,Middle East Water and Energy Resource Institute,
8376,,
8420,Missouri River Energy Services,MRES
8422,,
8442,Modesto/Turlock Irrigation Districts,
8465,Montana Land Reliance,MLR
8495,Morongo Band of Mission Indians,
8508,Mote Marine Laboratory,
8509,Mothers Against Drunk Driving,MADD
8542,Municipal Castings Fair Trade Council,MCFTC
8546,Municipal Transit Operation Coalition,MTOC
8552,Muscular Dystrophy Association,MDA
8555,,MSI
8556,,MOS
8557,Museum Trustee Association,MTA
8566,Mystic Seaport Museum,MSM
8578,International Music Products Association,NAMM
8583,The Recording Academy,NARAS
8584,NASA Aeronautics Support Team,NAST
8594,National Air Duct Cleaners Association,NADCA
8598,National Alliance for Eye and Vision Research,NAEVR
8599,National Alliance for Infusion Therapy,NAIT
8601,National Alliance of Black School Educators,NABSE
8602,National Alliance of Blind Students,NABS
8603,National Alliance of Sexual Assault Coalitions,NASAC
8606,,
8607,National Armored Car Association,NACA
8609,National Association for Agricultural Stewardship,NAAS
8610,National Association for Medical Direction of Respiratory Care,NAMDRC
8615,National Association for the Support of Long Term Care,NASL
8616,National Association of Aircraft and Communication Suppliers,NAACS
8617,National Association of Area Agencies on Aging,
8619,National Association of Bankruptcy Trustees,NABT
8625,National Association of College Stores,NACS
8628,National Association of Credit Management,NACM
8631,National Association of Dental Plans,NADP
8632,National Association of Epilepsy Centers,NAEC
8633,National Association of Farmer Elected Committees,NAFEC
8634,National Association of Fleet Administrators,NAFA
8635,National Association of Food Equipment Manufacturers,NAFEM
8637,National Association of Foster Grandparent Program Directors,NAFGPD
8638,National Association of FSA County Office Employees,NASCOE
8640,National Association of Government Deferred Compensation Administrators,NAGDCA
8641,National Association of Government Guaranteed Lenders,NAGGL
8642,National Association of Healthcare Access Management,NAHAM
8643,National Association of Higher Educational Finance Authorities,NAPFHEA
8650,National Association of Lottery Purchasers,NAPL
8652,National Association of Mortgage Brokers,NAMB
8656,National Association of Optometrics and Opticians,NAOO
8657,National Association of Pediatric Nurse Associates and Practitioners,NAPNAP
8660,National Association of Portable X-Ray Providers,NAPXP
8661,National Association of Professional Forestry Schools and Colleges,NAPFSC
8668,National Association of Rural Health Clinics,NARHC
8670,National Association of School Music Dealers,NASMD
8671,National Association of School Nurses,NASN
8677,National Association of Telecommunications Officers and Advisors,NATOA
8678,National Association of Theatre Owners,
8680,National Association of Ticket Brokers,NATB
8681,National Association of Tower Erectors,NATE
8684,National Aviary in Pittsburgh,
8685,National Barley Growers Association,NBGA
8686,,
8689,National Biodiesel Board,NBB
8692,National Border Patrol Council,NBPC
8693,National Bureau of Asian Research,NBR
8696,National Capitol Concerts,
8701,National Center for Appropriate Technology,NCAT
8702,National Center for Children in Poverty,NCCP
8704,National Center for Family Literacy,NCFL
8705,National Center for Genome Research,NCFGR
8708,National Child Abuse Coalition,NCAC
8709,National Child Care Association,NCCA
8714,National Coalition for Osteoporosis and Related Bone Diseases,NCORBD
8715,National Coalition for Patient Rights,NCPR
8720,National Commission for the Certification of Crane Operators,NCCCO
8723,National Community Capital Association,NCCA
8731,National Council for Impacted Schools,NCIS
8732,National Council of Coal Lessors,NCCL
8733,National Council of Health Facilities Finance Authorities,NCHFFA
8734,"National Council of Investigative and Security Services, Inc.",NCISS
8737,National Council of State Boards of Nursing,NCSBN
8740,National Council on Compensation Insurance,NCCI
8743,National Institute on Retirement Security,NCTR
8744,National Customs Brokers and Forwarders Association of America,NCBFAA
8745,National Days of Dialogue on Race Relations,
8751,National Employment Opportunities Network,NEON
8752,National Energy Assistance Directors' Association,NEADA
8753,National Energy Management Institute,NEMI
8757,National Environmental Education and Training Center,
8766,National Federation of State High School Associations,NFHS
8768,National Film Preservation Foundation,NFPF
8769,,
8770,National Forest Counties School Coalition,NFCS
8775,National Grain Sorgum Producers,NGSP
8776,"National Grape Co-operative Association, Inc.",
8777,National Ground Water Association,NGWA
8779,National Healthy Start Association,NHSA
8780,National Hemophilia Foundation,NHF
8782,,
8784,National Honey Board,NHB
8787,National Housing Conference,NHC
8790,National Indian Child Welfare Association,NICWA
8795,National Water Resources Institute,NIWR
8800,National Job Corps Association,NIJCA
8802,National Liberty Museum,NLM
8805,Be The Match,NMDP
8807,North American Meat Institute,
8809,National Migrant Head Start Association,NMHSA
8810,National Mitigation Bankers Association,NMBA
8811,National Music Publishers' Association,NMPA
8813,Natural Products Association,
8816,National Organization of Social Security Claimants' Representatives,NOSSCR
8818,National Park Hospitality Association,NPHA
8819,National Pasta Association,
8820,National Patient Advocate Foundation,NPAF
8821,National Pawnbrokers Association,
8827,National Potato Council,NPC
8831,National Psoriasis Foundation,NPF
8833,National Railroad Construction and Maintenance Association,NRCMA
8836,National Religious Broadcasters Music License Committee,NRB
8837,National Research Center for College and University Admissions,NRCCUA
8841,The Rural Broadband Association,NTCA
8842,National Rural Water Association,NRWA
8847,National Ski Area Association,NSAA
8849,National Space Grant Alliance,NSGA
8854,National Sunflower Association,
8857,National Thoroughbred Racing Association,NTRA
8861,National Underground Railroad Freedom Center,NURFC
8864,National Weather Service Employees Organization,NWSEO
8867,National Women's History Museum,NWHM
8868,National Writing Project,NWP
8879,,NNOGC
8881,Naval Enlisted Reserve Association,AUSN
8916,,
8927,,
8966,New York Bankers Association,NYBA
8968,,
8974,New York Institute for Special Education,NYISE
8982,New York Roadway Improvement Coalition,NYRIC
8983,New York State Association of Health Care Providers,HCP
8992,New York Structural Biology Center,NYSBC
9008,Newington-Cropsey Foundation,NCF
9067,North American Association of Food Equipment Manufacturers,NAFEM
9074,,
9083,North American Technician Excellence,NATE
9087,North Carolina Peanut Growers Association,NCPGA
9105,Northeast Ohio Areawide Coordination Agency,NOACA
9107,Northeast Texas Electric Cooperative,NETEC
9132,Northwest Horticultural Council,NWHC
9133,Northwest Indian Fisheries Commission,NWIFC
9138,Northwest Public Power Association,NWPPA
9167,Nurses Organization of Veterans Affairs,NOVA
9198,,
9212,,
9218,Ohio Municipal Electric Association,OMEA
9220,,
9229,Oklahoma Indian Gaming Association,OIGA
9231,Oklahoma State Medical Association,OSMA
9257,,
9259,,
9306,Oregon Water Resources Congress,OWRC
9310,Organic Trade Association,OTA
9334,Outdoor Power Equipment Aftermarket Association,OPEAA
9335,Outdoor Recreation Coalition of America,ORCA
9339,Owner–Operator Independent Drivers Association,OOIDA
9352,Pacific Coast Council of Customs Brokers and Freight Forwarders Association,
9355,Pacific Forest Trust,PFT
9361,,
9363,Pacific States Marine Fisheries Commission,PSMFC
9376,Pakistani-American Business Association,PABA
9394,Pancyprian Association of America,
9397,Paper Recycling Coalition,
9427,,
9441,,
9447,,
9450,Pedorthic Footwear Association,PFA
9464,Pennington Biomedical Research Center,
9476,Pensacola Chamber of Commerce,
9493,Perry Institute for Marine Science,PIMS
9500,Pet Food Institute,PFI
9512,Environmental Law & Policy Center of the Midwest,ELPC
9544,Photo Marketing Association-International,PMAI
9549,International Physicians for the Prevention of Nuclear War,
9557,Piedmont Environmental Council,
9601,Plastic Shipping Container Institute,PSCI
9607,,
9618,,
9622,Policy and Taxation Group,PTG
9634,Popcorn Board,
9659,Power Mobility Coalition,PMC
9665,,
9680,Prevent Blindness America,PBA
9697,Private Essential Access Community Hospitals,PEACH
9704,Produce Marketing Association,PMA
9711,Professional Bail Agents of the United States,PBUS
9735,Providence Performing Arts Center,PPAC
9747,International Coordinating Committee - Justice for Cyprus,PSEKA
9754,Public Agencies for Audit Reform,
9762,Public Power Council,
9772,Puerto Rico Bankers Association,
9773,Puerto Rico Chamber of Commerce,
9775,Puerto Rico Hospital Association,
9778,Puerto Rico Manufacturers Association,PRMA
9779,,
9794,,
9824,,
9828,R&D Coalition,
9865,Open access,
9867,Multiple listing service,
9868,Rebuild America's Schools,
9872,Learning Ally,
9878,,
9895,Regional Airline Association,RAA
9915,National Kidney Foundation,
9927,Reproductive technology,
9937,Research Society on Alcoholism,
9942,Restore America's Estuaries,
9949,RGK Foundation,
9973,Risk and Insurance Management Society,RIMS
9996,Robert Wood Johnson Foundation,
10024,Theodore Roosevelt Conservation Partnership,TRCP
10025,,
10027,,
10069,Rural Public Lands County Council,RPLCC
10081,,
10090,,
10104,Safer Foundation,
10117,,
10119,Military history of the United States,
10131,,
10134,,
10143,San Bernardino Associated Governments,SANBAG
10149,San Diego Association of Governments,SANDAG
10160,,
10162,San Francisco Bar Pilots Association,SFBPA
10171,,SJCOG
10178,,
10179,,
10183,,
10185,Sand County Foundation,
10200,,
10235,Save the Bay,
10247,Schepens Eye Research Institute,
10265,Science Coalition,
10280,Sea Grant Association,
10287,SEARCH Group,
10307,Security Companies Organized for Legislative Action,SCOLA
10314,,
10317,Semiconductor Industry Association,
10318,,
10349,Shakopee Business Council,
10375,,
10378,,
10385,Sickle Cell Disease Association of America,SCDAA
10428,,
10429,Sister Cities International,SCI
10430,Sisters of Charity of Leavenworth,
10431,Sisters of Charity of the Incarnate Word,
10471,,
10472,Society for Excellence in Eyecare,
10473,Society for Industrial and Applied Mathematics,
10475,Society for Occupational and Environmental Health,
10478,Society for Risk Analysis,SRA
10479,Society for Vascular Surgery,SVS
10480,Society of Diagnostic Medical Sonographers,SDMS
10481,Society of Gynecologic Oncology,SGO
10483,Society of National Association Publications,
10486,Society of Thoracic Surgeons,
10491,Sodak Gaming,
10494,Software Finance and Tax Executives Council,
10512,Songwriters Guild of America,SGA
10536,South Carolina National Guard Association,
10547,,
10553,SouthEast Alaska Regional Health Consortium,
10557,Southeast Dairy Farmer Association,SEDFA
10559,Southeast Water Coalition,
10560,Southeastern Federal Power Customers,
10566,Southeastern Universities Research Association,SURA
10577,Southern Maryland Electric Cooperative,
10578,Southern Maryland Navy Alliance,
10580,Southern Research Institute,
10581,Southern Tier Cement Committee,
10582,,
10590,Southwestern Electric Cooperative,
10595,Soy Protein Council,
10597,Space Dynamics Laboratory,SDL
10607,Spanish Broadcasting System,SBS
10616,Specialty Steel Industry of North America,
10628,,
10641,,
10654,,
10664,St. Lawrence Seaway Pilots Association,
10684,,
10695,,
10713,States Ratification Committee,
10738,,
10745,Stop It Now!,
10757,Student Loan Funding Corp.,
10760,,
10769,Sugar Cane Growers Cooperative of Florida,
10791,Sunsweet Growers,
10797,Superfund Action Coalition,
10807,Susan B. Anthony Pro-Life America,
10808,,
10882,,
10905,Tea Association of the U.S.A.,TAUSA
10906,Teach For America,TFA
10907,Team Santa Rosa Economic Development Council,
10921,The East Los Angeles Community Union,
10933,America's Blood Centers,
10940,Tennessee Valley Public Power Association,TVPPA
10948,,
10951,Tex-La Electric Cooperative of Texas,
10957,Texas Corn Producers Board,TCPB
10996,,
11004,,
11007,,
11028,,
11043,Tourette Association of America,
11055,Trade Exchange of America,
11081,Transport Workers Union of America,AFL-CIO
11090,Travel Business Roundtable,TBR
11098,Tri-City Industrial Development Council,TRIDEC
11139,,
11142,,
11146,,
11173,US Association of Importers of Textiles and Apparel,USA-ITA
11180,US Citrus Science Council,USCSC
11198,,
11201,US Rice Producers Association,USRPA
11203,U.S. Space & Rocket Center,USSRC
11206,US Trade Law Study Group,USTLSG
11211,U.S.-Mexico Border Counties Coalition,USMBCC
11256,United Brotherhood of Carpenters and Joiners of America,UBC
11263,United Dairy Industry Association,UDIA
11267,United Egg Producers,UEP
11275,United Network for Organ Sharing,UNOS
11279,United Service Organizations,USO
11280,United Soybean Board,USB
11281,United Space Alliance,
11290,United States-China Chamber of Commerce,USCCC
11302,University Corporation for Atmospheric Research,UCAR
11398,USA Biomass Power Producers Alliance,
11408,Utah Natural Products Alliance,UNPA
11412,,
11417,Utility Solid Waste Activities Group,USWAG
11429,Valley Fig Growers,VFG
11485,Vidalia Onion Business Council,
11564,Washington Association of Sheriffs and Police Chiefs,
11565,,
11573,,
11576,Washington Performing Arts Society,
11577,Washington Public Utility Districts Association,
11580,Washington State Impact Aid Association,
11593,Water Systems Council,
11618,,
11651,Western Alliance of Farmworker Advocates,
11652,Western Coal Traffic League,
11653,Western Coalition of Arid States,
11660,Western Great Lakes Pilots Association,
11661,Western Growers Association,WGA
11667,Western Peanut Growers Association,
11669,Western Pistachio Association,
11674,Western States Petroleum Association,WSPA
11675,Western States Tourism Policy Council,
11679,Western United Dairymen,WUD
11680,Western Urban Water Coalition,
11718,Wider Opportunities for Women,WOW
11724,Wildlife Advocacy Project,
11725,Wildlife Forever,
11748,Wire Reinforcement Institute,
11771,Women's Sports Foundation,WSF
11773,Wood Machinery Manufacturers of America,WMMA
11774,Wood Products Indoor Air Consortium,
11780,Woods Hole Oceanographic Institution,
11784,Work college,
11785,Work Opportunity Tax Credit Coalition,
11793,World Institute on Disability,
11805,Wound Ostomy Continence Nurses,WOCN
11813,Writing Instrument Manufacturers Association,WIMA
11854,YouthBuild,YB USA
11856,,
11862,YWCA USA,YMCA
30005,American College of Health Care Administrators,
30006,American Council of the Blind,
30008,American Sugar Cane League,ASCL
30027,Fashion Accessories Shippers Association,
30044,,
30047,,
40017,Academy of Model Aeronautics,AMA
40118,Alaska Crab Coalition,
40184,American Academy of Cosmetic Surgery,
40190,American Agriculture Movement,
40200,American Association of Classified School Employees,
40210,American Association of Petroleum Geologists,AAPG
40227,American College Health Association,ACHA
40275,American Federation of Musicians,AFM
40318,American Kidney Fund,AKF
40335,American Mental Health Counselors Association,AMHCA
40417,American Traffic Safety Services Association,ATSSA
40427,American Wine Producers Association,
40495,,
40620,Associated Industries of Florida,AIF
40678,Balloon Council,
40815,Brazil-U.S. Business Council,
40870,Business Industry Political Action Committee,BIPAC
40884,Calhoun County Chamber of Comerce,
40976,Center for Public Integrity,
40979,Center for the Study of the Presidency,
40984,Central Bering Sea Fisheries Association,
41036,Child Trends,
41043,Children's Defense Fund,CDF
41102,Citizens for Reliable and Safe Highways,CRASH
41148,Coalition for North American Trade and Investments,CNATI
41315,Conservative Victory Committee,
41321,Consortium of State Maritime Schools,
41354,Cottongrowers Warehouse Association,
41387,Council of Energy Resource Tribes,CERT
41401,Council on Legal Education Opportunity,CLEO
41422,Crop Insurance Research Bureau,
41455,Dairy Institute of California,
41514,Dietary Managers Association,
41527,District of Columbia Office of the People's Counsel,
41548,Drug Policy Alliance,
41556,Ductile Iron Pipe Research Association,
41568,Eagle Forum,
41632,Employee Relocation Council,
41734,Federally Employed Women,
41774,Financial Accounting Foundation,FAF
41787,Fire Equipment Manufacturers and Services Association,
42005,Grand Canyon Trust,
42028,Greater Houston Partnership,
42109,Hawaiian Sugar Planters' Association,
42196,Hoopa Valley Business Council,
42414,International Longshore and Warehouse Union,ILWU
42429,International Sanitary Supply Association,ISSA
42475,Iron Ore Lessors Association,
42656,Knights of Columbus,KOC
42842,,
42963,Metal Construction Association,MCA
43037,Missouri Hospital Association,
43134,National American Indian Housing Council,NAIHC
43143,National Association for County Community and Economic Development,NACCED
43155,National Association of Alcoholism and Drug Abuse Counselors,
43158,National Association of Beverage Importers,
43170,National Association of Chapter Thirteen Bankruptcy Trustees,NACTT
43172,National Association of Children's Hospitals and Related Institutions,NACHRI
43204,National Association of Latino Elected and Appointed Officials,NALEO
43255,National Kitchen & Bath Association,
43265,National Association of Women Business Owners,NAWBO
43286,National Bulk Vendors Association,
43304,National Center on Rural Aging,
43360,National Council of Senior Citizens,
43368,National Crop Insurance Services,
43407,National Home Furnishings Association,NHF
43416,National Independent Automobile Dealers Association,
43429,National Insulation Contractors Association,
43443,National League for Nursing,
43459,National Multiple Sclerosis Society,
43464,National Office Products Association,
43469,National Organization to Insure A Sound Controlled Environment,NOISE
43475,National Peanut Council,
43516,National Society of Accountants,
43543,National Volunteer Fire Council,
43559,National Wooden Pallet and Container Association,
43606,New York Shipping Association,
43660,North American Export Grain Association,
43754,OPERA America,
43929,Plumbing Manufacturers International,PMI
43953,Population-Environment Balance,
43958,Portland Cement Association,
43972,Power Tool Institute,
43983,Presidential Classroom for Young Americans,
44010,Profit Sharing Council of America,
44048,,
44070,,
44208,,
44282,,
44291,Service Station Dealers of America,
44331,Small Business Legislative Council,
44394,Southeastern Lumber Manufacturers Association,
44424,,
44501,Supima Association of America,
44505,,
44748,"United Electrical, Radio and Machine Workers of America",
44800,United Way,UWW
44808,University City Science Center,
45139,Zionist Organization of America,ZOA
50096,,
50160,American Art Therapy Association,AATA
50200,American Concrete Pressure Pipe Association,
50272,American League for Exports and Security Assistance,
50461,Association of Art Museum Directors,AAMD
50661,Boone and Crockett Club,
50820,Center for Construction Research and Training,CPWR
51022,Committee on the Present Danger,
51055,Concrete Plant Manufacturers Bureau,
51092,Consumer Credit Insurance Association,
51275,Door and Hardware Institute,
51370,ERISA Industry Committee,
51375,ESOP Association of America,
51531,Forging Industry Association,
51976,International Natural Sausage Casing Association,
52462,Leadership Institute,
52576,Mathematical Association of America,MAA
52845,National Center for State Courts,NCSC
52997,National Small Business Association,NSBA
53035,Nature Conservancy,
53157,Offshore Marine Services Association,OMSA
53186,Outdoor Amusement Business Association,OABA
53595,,
53816,TESOL International Association,TESOL
53835,Texas Bankers Association,
53837,Texas Citrus Mutual,
53961,Unitarian Universalist Association,UUA
54013,United States Wheat Associates,
54208,Western Conference of Teamsters,WCT
54219,Western Organization of Resource Councils,WORC
54292,Wildlife Society,
60017,Military Impact School Districts Association,
60021,Minor Crop Farmer Alliance,
70231,,
71539,Tri-State Generation and Transmission Association,
71707,Coastal Villages Region Fund,
71710,,
71717,COASTAL FEDERAL CREDIT UNION PAC,
71718,Dairylea Cooperative PAC,
71746,National Rural Telecommunications Cooperative,NRTC
71786,Alaska Miners Association,
71793,American Bankers Association Securities Association,
71794,American Bankers Insurance Association,
71795,American Beverage Licensees,ABL
71798,American Coalition for Ethanol,
71799,American Council of Engineering Companies,ACEC
71803,American Peanut Shellers Association,
71805,American Prepaid Legal Services Institute,
71827,Broadband service Providers Association,
71841,Coalbed Methane Association of Alabama,
71851,Consumer Data Industry Association,CDIA
71852,Consumer Electronics Retailers Coalition,
71858,CropLife America,
71861,Data & Marketing Association,
71864,Drug and Alcohol Testing Industry Association,DATIA
71898,Western Energy Alliance,WEA
71932,Methanol Institute,
71953,National Home Infusion Association,NHIA
71956,National Reverse Mortgage Lenders Association,NRMLA
71957,National Stripper Well Association,
71968,Ohio Oil and Gas Association,
71974,Optoelectronics Industry Development Association,
71984,Physicians Insurers Association,
71997,Real Estate Board of New York,REBNY
72005,Security Traders Association,STA
72037,Internet Service Providers Association,US ISPA
72038,United States Pharmacopeia,USP
72040,West Coast Seafood Processors Association,
72043,Western Independent Refiners Association,
72048,Wisconsin Transportation Builders Association,
72055,Women First National Legislative Committee,
72056,National Black Chamber of Commerce,NBCC
72063,United States Hispanic Chamber of Commerce,USHCC
72064,US Pan Asian Chamber of Commerce,USPAACC
72074,American Business Council of the Gulf Countries,
72108,Coalition for America's Gateways and Trade Corridors,CAGTC
72117,Council for Employment Law Equity,
72119,Council on State Taxation,COST
72125,North American Electric Reliability Corporation,ERCC
72148,Internet Commerce Coalition,
72149,Internet Security Alliance,ISA
72157,Long Term Care Pharmacy Alliance,
72177,National Business Coalition on E-Commerce and Privacy,
72179,National Center for Asia-Pacific Economic Cooperation,NCAPEC
72207,"Right Place, Inc",
72229,TrustArc,
72233,,
72665,College Savings Plans Network,CSPN
72674,Fight Crime: Invest in Kids,
72686,Louisiana Sheriffs' Association,
72695,National Association of Immigration Judges,
72705,National Narcotic Officers Associations Coalition,
72706,National Troopers Coalition,
72717,Peace Officers Research Association of California,PORAC
72748,Physicians for Human Rights,PHR
72753,Hispanic National Bar Association,HNBA
72754,National Hispanic Medical Association,NHMA
72756,National Asian Pacific American Bar Association,NAPABA
72780,American Academy of Emergency Medicine,AAEM PAC
72784,American Academy of Pediatric Dentistry,AAPD
72786,American Association for Health Freedom,
72787,American Association for Thoracic Surgery,AATS
72797,American Mosquito Control Association,AMCA
72804,American Society for Clinical Pathology,ASCP
72834,California Nurses' Association,
72871,Future of Music Coalition,
72873,,
72914,National Association of Consumer Advocates,NACA
72916,National Association of Orthopaedic Nurses,NAON
72922,National Practitioners Network for Fathers and Families,
72923,National Society of Genetic Counselors,NSGC
72940,Oncology Nursing Society,ONS
72960,Society for Maternal-Fetal Medicine,SMFM
73014,Independent Insurance Agents & Brokers of America,IIABA
73018,Undersea and Hyperbaric Medical Society,UHMS
73021,Marine Engineers' Beneficial Association,MEBA
73030,National Association of Disability Representatives,NADR
73032,National Association of Local Housing Finance Agencies,NALHFA
73061,National Association of State Chief Information Officers,NASCIO
73079,California Teachers Association,CTA
73135,United Farm Workers,UFW
73136,Airline Professionals Association,
73145,Screen Actors Guild - American Federation of Television and Radio Artists,SAG-AFTRA
73153,Writers Guild of America,WGA
73183,American Forest Resource Council,AFRC
73201,Cherry Marketing Institute,
73210,Forest Landowners Association,FLA
73211,Georgia Peanut Commission,
73222,Illinois Corn Growers Association,ICGA
73244,Minnesota Soybean Growers Association,MSGA
73254,National Pork Producers Council,NPPC
73278,Southern Offshore Fishing Association,SOFA
73283,Texas Produce Association,
73287,USA Dry Pea & Lentil Council,
73303,Coalition to Promote US Agricultural Exports,
73318,Klamath Water Users Association,KWUA
73670,Association of University Programs in Occupational Health and Safety,
73692,,
73698,Coalition for International Education,
73710,Council for Higher Education Accreditation,CHEA
73721,Graduate Management Admission Council,GMAC
73733,Magnet Schools of America,MSA
73746,National Commission on Teaching and America's Future,NCTAF
73747,National Council for Community and Education Partnerships,NCCEP
73928,Children's Dental Health Project,CDHP
73934,Coalition for Health Funding,
73935,Coalition for the Advancement of Medical Research,CAMR
73976,Preventive Medicine Research Institute,
73987,Trust for America's Health,TFAH
74919,Tanana Chiefs Conference,TCC
74925,Association of Metropolitan Planning Organizations,AMPO
74926,Association of Public Health Laboratories,APHL
74945,,
74974,National Emergency Management Association,NEMA
74985,Northern California Power Agency,NCPA
75290,Community Catalyst,
75291,,
75322,,
75327,American Whitewater,
75351,Forterra,
75366,Clean Air Task Force,CATF
75375,Coalition to Restore Coastal Louisiana,
75399,Environmental Law and Policy Center,
75425,Idaho Conservation League,
75459,National Urban Agriculture Council,
75475,Ocean Conservancy,
75509,Society for Range Management,SRM
75556,Humane USA PAC,
75568,National Fish and Wildlife Foundation,NFWF
75603,Coalition for Affordable Health Coverage,
75610,Families USA,
75619,Marijuana Policy Project,MPP
75624,NARAL Pro-Choice America,
75634,Open Society Institute,
75643,Smart Growth America,
75677,Center for Equal Opportunity,
75688,,
75692,Family PAC,
75717,NumbersUSA,
75749,American Antitrust Institute,AAI
75750,Truth Initiative,
75792,International Center for Technology Assessment,ICTA
75803,National Campaign to Prevent Teen Pregnancy,
75804,National Center for Victims of Crime,
75818,Partnership to End Addiction,
75826,Public Knowledge,
75828,Regional Plan Association,RPA
75857,CONGRESSIONAL AGENDA: MILLENNIUM,
75858,DC Appleseed,
75879,Public Interest Research Group,US-PIRG
75890,American Civil Rights Union,ACRU
75899,Center for Individual Freedom,CFIF
75905,COMMITTEE FOR THE PRESERVATION OF CAPITALISM,
75955,Taxpayers for Common Sense,
76020,Citizens Against Government Waste,CCAGW
76030,Reform Institute,
76047,International Justice Mission,IJM
76055,Winrock International,
76058,National Defense PAC,
76067,Assembly of Turkish American Associations,ATAA
76103,Internews Network,
76146,Home School Legal Defense Association,HSLDA
76166,America First PAC,
76172,American Success PAC,
76175,Fund For A Greater America,AMERIPAC
76179,BLUEGRASS COMMITTEE,
76192,Committee for a Progressive Congress,
76219,Fund For A Free Market America PAC,
76224,FUTURE LEADERS PAC,
76225,GOOD GOVERNMENT FOR AMERICA,
76244,,
76252,Lone Star Funds,
76256,Midnight Sun PAC,
76288,SEARCHLIGHT LEADERSHIP FUND,
76291,SOLIDARITY PAC,
76311,BIG TENT PAC,
76334,Northern Lights PAC,
76339,21ST CENTURY PAC,
76512,Hubzone Contractors National Council,
76536,AMVETS,AMVETS
76555,Military Officers Association of America,MOAA
76563,National Action Council for Minorities in Engineering,NACME
76597,Congressional Black Caucus PAC,CBC-PAC
76629,League of United Latin American Citizens,LULAC
76630,Mexican American Legal Defense and Educational Fund,MALDEF
76632,National Hispanic Leadership Agenda,NHLA
76705,American Humanist Association,AHA
76720,United Church of Christ,
76730,Indian Gaming Regulatory Act,AIGA
76736,,
76742,,
76744,,
76756,,
76769,,
76772,,
76786,NATIONAL UNITY CAUCUS,
76787,,
76788,,
76790,,
76798,,
76799,,
76800,,
76803,,
76804,,
76818,,
76820,,
76830,,
76880,Jewish Federations of North America,JFNA
76888,Council on American-Islamic Relations,CAIR
76922,List of The Boys characters,
76925,World Vision International,
77008,National Conference for Community and Justice,NCCJ
77012,Parents as Teachers National Center,
77017,Holt International Children's Services,
77033,Childhelp,
77044,Girls and Boys Town,
77058,National Association of Child Care Resources and Referral Agencies,NACCRRA
77064,National Parent Teachers Association,PTA
77065,National Youth Employment Coalition,NYEC
77098,Seniors Coalition,
77105,Women Impacting Public Policy,WIPP
77111,Feminists for Life,FFL
77115,Women's Refugee Commission,WRC
77142,National Council of Women's Organizations,NCWO
77150,"Rape, Abuse and Incest National Network",RAINN
77153,VALUE IN ELECTING WOMEN POLITICAL ACTION COMMITTEE,VIEWPAC
77209,Gay Lesbian Straight Education Network,GLSEN
77210,Human Rights Campaign,HRC
77223,Technical Assistance Collaborative,TAC
77245,Special Olympics Missouri,
77272,American Association of People with Disabilities,AAPD
77293,National Alopecia Areata Foundation,NAAF
77295,National Down Syndrome Society,NDSS
77299,United Cerebral Palsy,UCP
77310,"AIDS Alliance for Children, Youth, and Families",
77313,American Autoimmune Related Diseases Association,AARDA
77360,Elisabeth Glaser Pediatric AIDS Foundation,EGPAF
77371,Foundation Fighting Blindness,FFB
77382,Genetic Alliance,
77398,International Foundation for Functional Gastrointestinal Disorders,IFFGD
77399,International Myeloma Foundation,
77444,Marfan Foundation,NMF
77450,NephCure Kidney International,NKI
77460,Pancreatic Cancer Action Network,PanCAN
77474,Michael J. Fox Foundation for Parkinson's Research,MJFF
77484,Pulmonary Hypertension Association,PHA
77492,Texas Neurofibromatosis Foundation,TNFF
77494,TS Alliance,
77530,National Council on Crime and Delinquency,NCCD
77571,Nueva Esperanza,
77592,Academy for Educational Development,AED
77598,Feeding America,
77610,City Year,
77665,Twin Cities RISE,
77680,DALLAS SAFARI CLUB POLITICAL ACTION COMMITTEE,DSC-PAC
77698,YMCA of the USA,YMCA
77699,Center for Rural Affairs,CRA
77709,Association of Public TV Stations,APTS
77758,Steel Industry Heritage Corporation,
77843,Center for Studying Health System Change,HSC
77852,ECRI Institute,ECRI
77857,Health Effects Institute,HEI
77891,Population Council,
77900,Samueli Institute for Information Biology,
77905,Washington Research Foundation,WRF
77906,WaterReuse Research Foundation,
77911,Wisconsin Alumni Research Foundation,WARF
77917,American Shore and Beach Preservation Association,ASBPA
77955,National AHEC Organization,NAO
77956,National Alliance of Gateway Communities,NAGC
77967,Northern California Water Association,NCWA
77976,Planetary Society,
78023,National Nurses United,NNU
78029,Tule River Improvement Joint Powers Agreement Agencies,
79010,Small Business Service Bureau,SBSB
79046,Engineered Wood Association,APA
79070,National Association of Black Owned Broadcasters,NABOB
79076,Maine State Bar Association,MSBA
79106,National Hepcamp Association,
79195,Common good,
79203,,
79209,Southern Christian Leadership Conference,SCLC
79217,Association of Village Council Presidents,AVCP
80014,American Farm Bureau,AFB
100003,180 Turning Lives Around,
100009,21st Century Freedom PAC,
100015,4G Americas,
100037,Abundant Forests Alliance,
100039,ACA International,
100060,ACPA College Student Educators International,
100068,Active Financing Working Group,
100076,Ad Hoc Coalition on Tariffs,
100077,Ad Hoc Workers' Comp TRIA Coalition,
100086,Adelante Development Center,
100110,Advocacy Ethiopia,
100111,Advocate Aurora Health,
100112,Advocates for EMS,
100137,American Federation of Government Employees,AFGE
100140,Africa Action,
100147,Afterschool Alliance,
100150,AG Science Center,
100151,American Geosciences Institute,AGI
100156,AgriBusiness Coalition for Foreign Market Development,
100157,Federation for American Immigration Reform,ACIR
100167,National AIDS Research Institute,
100177,Aircraft Carrier Industrial Base Coalition,ACIBC
100192,Cleveland Clinic Akron General,
100212,Alaska Native Tribal Health Consortium,ANTHC
100228,Aleutian Spray Fisheries,
100245,All Kinds of Minds Institute,
100250,Allen Institute for Brain Science,
100252,Alliance for a New Kosovo,
100253,Alliance for Advancing Nonprofit Healthcare,
100254,Alliance for American Advertising,
100256,Alliance for Biosecurity,
100258,Alliance for Climate Strategies,
100262,Alliance for Excellent Education,
100265,Alliance for Marriage,
100266,Alliance for Science and Tehnology Research in America,ASTRA
100268,Alliance for Worker Retirement Security,
100269,Alliance of Community Health Plans,ACHP
100270,Alliance of Local Organizations Against Preemption,ALOAP
100272,Alliance of Specialty Medicine,
100274,Alliance to Protect Nantucket Sound,
100282,Almond Board of California,
100286,,
100291,ALS Therapy Development Institute,ALS TDI
100306,Alvin Ailey Dance Foundation,
100319,America Bikes,
100322,America Votes,
100325,"American Academy of Allergy, Asthma, and Immunology",AAAAI
100333,American Association for Physical Activity and Recreation,AAPAR
100334,American Association of Independent Claims Professionals,AAICP
100335,American Association of Poison Control Centers,AAPCC
100338,American Ballet Theatre,ABT
100340,American Beverage Assocation,ABA
100341,American Bioindustry Alliance,ABIA
100347,American Burn Assocation,ABA
100349,American Cancer Society Action Network,ACS CAN
100354,American Composites Manufacturers Association,ACMA
100355,American Concrete Pumping Association,ACPA
100356,American Corn Grower Foundation,ACGF
100359,National Association for Surface Finishing,NASF
100361,American Family Business Institute,AFBI
100364,American Federation of Musicians,
100368,American Friends of the Shakespeare Birthplace Trust,
100371,American Helicopter Museum,
100373,American Home Furnishings Alliance,AHFA
100376,American Institute for Medical and Biological Engineering,AIMBE
100378,American Justice Reform Partnership,
100381,American Manufacturing Trade Action Coalition,
100391,American Palm Oil Council,AMTAC
100392,American Pet Products Association,APOC
100395,American Quarter Horse Association,AQHA
100396,Jobs With Justice,
100399,American Shipping Alliance PAC,
100402,American Society for Nutrition,ASN
100404,American Coalition for Clean Coal Electricity,ACCCE
100407,Americans for Job Security,
100408,Americans for Prosperity,
100410,Americans for Safe and Efficient Transportation,ASET
100411,Americans for Secure Retirement,ASR
100412,Americans for Technology Leadership,ATL
100413,Americans for Transportation Mobility,
100414,America's Health Insurance Plans,AHIP
100416,AmericaSpeaks,
100452,Andre Agassi Foundation for Education,
100454,Angel Island Immigration Station,
100458,Animal Agriculture Alliance,
100459,Animal Drug Alliance,
100470,Analytic Services Inc.,ANSER
100487,BlueGreen Alliance,
100489,Appalachia Service Project,
100490,Appleseed,
100547,ARMA International,
100559,Arthritis Foundation of Pennsylvania,
100563,Arts PAC,
100571,Ascension Health,
100581,Asian American Hotel Owners Association,AAHOA
100585,American Society for Industrial Security,ASIS
100592,Asphalt Green,
100597,Associated Fisheries of Maine,
100598,Associated General Contractors of South Texas,
100600,Association for Community Affiliated Plans,
100604,Association of Black Cardiologists,ABC
100605,Association for Career and Technical Education,
100607,Association of Clinical Research Organizations,
100609,Association of Corporate Counsel,ACC
100612,Association of Equipment Manufacturers,AEM
100615,Association of Health Insurance Advisors,
100618,Association of Large Distribution Cooperatives,
100622,Association of Pool and Spa Professionals,APSP
100623,Association of Procurement Technical Assistance Centers,APTAC
100625,Association of Public-Safety Communications Officials-International,APCO
100626,Association of 1890 Research Directors,ARD
100628,Association of Travel-Related Industry Professional,
100629,Association of University Centers on Disabilities,AUCD
100633,Assurant Health,
100650,Atlantic Station,
100651,AtlantiCare,
100663,Aurora Organic Dairy,
100672,Automation Alley,
100673,Automotive Free International Trade PAC,AFIT PAC
100674,Automotive Parts Remanufacturers Association,APRA
100684,Aviation Suppliers Association,ASA
100710,BadgerPAC,
100727,Ballot Initiative Strategy Center,BISC
100739,Baptist Joint Committee for Religious Liberty,BJC
100740,Barat Education Fund,BEC
100753,BARRx,
100759,Basic Education Coalition,
100765,Battle Born PAC,
100787,Beach Erosion Authority for Clean Oceans and Nourishment,BEACON
100809,,
100821,Benaroya Research Institute,BRI
100833,Bering Sea Eccotech,
100838,Best Buddies International,
100844,Beyond Pesticides,
100852,Big Valley Rancheria,
100870,Biotechnology Institute,
100881,Black Television News Network,BTNN
100892,Blowing Rock Cultural Arts Center Foundation,
100907,"American Board for Certification in Orthotics, Prosthetics & Pedorthics",
100910,BoardSource,
100930,Boston Health Care for the Homeless,
100938,College Football Playoff,
100951,Brady: United Against Gun Violence,Brady
100954,Brazil Information Center,
100956,Brazos Higher Education Service Corporation,
100972,Brookhaven Science Association,
100990,Buffalo and Fort Erie Public Bridge Authority,
100991,Buffalo City Mission,
100995,Build Initiative,
101019,Business Coalition for U.S. Central America Trade,
101038,Cities Advocating Emergency AIDS Relief,CAEAR
101042,California Academy of Sciences,
101046,California Association of Nurseries and Garden Centers,
101047,California Association of Physician Groups,
101048,California Avocado Commission,
101049,California Center for Land Recycling,
101052,California County Superintendents Educational Services Association,
101053,California Cut Flower Commission,
101055,California Dried Plum Board,
101057,California Life Sciences Association,CLSA
101060,California Marine Affairs and Navigation Conference,
101061,California Rice Commission,
101062,California Sea Urchin Commission,
101068,California WIC Association,
101069,Californians for School Facilities,
101084,Campaign for America's Wilderness,
101086,Campaign for Home Energy Assistance,
101089,Campaign for Public Health,
101090,Campaign Legal Center,CLC
101101,Cancer Center Alliance,
101108,Canned-Frozen Food and Grower Coalition,
101113,Cape Cod Commercial Hook Fisherman's Association,
101132,Cardiology Advocacy Alliance,
101135,CareFirst Watch Coalition,
101141,Cargo Airline Association,
101142,Caribbean and Central America Action,
101167,Carsey Institute - University of New Hampshire,
101174,Cascade Water Alliance,
101183,Catapult Learning,
101186,,
101189,Trinity Health,
101190,Mercy Health,
101223,Center for Advancement of Energy Markets,
101226,Center for Arms Control and Non-Proliferation,
101227,Center for Association Leadership,
101235,Center for Liquified Natural Gas,
101236,Center for Lobbying in the Public Interest,
101240,Center for Regional Economic Competitiveness,
101244,Center for Responsible Lending,
101246,Center for Technology Commercialization,
101248,Center for Transportation and Environment,
101253,,
101266,Centura Health,
101275,Cerebral Palsy Research Foundation,
101282,Chartered Financial Analyst,
101306,Charlotte Mecklenburg Housing Partnership,
101320,,
101334,,
101339,,
101346,Childcare Associates,
101350,Children's Home of Pittsburgh,
101352,Children's Hospice International,
101365,Children's Rights Council,
101366,Children's Specialized Hospital,
101376,Chloropicrin Manufacturers Task Force,CMTF
101383,Christian Legal Society,
101386,,
101390,Chronic Disease Directors,
101393,Chuckchansi People of the Picayune Rancheria,
101394,Chugach Regional Resources Commission,
101397,Church of Spiritual Technology,
101405,,
101419,Citizens for Global Solutions,
101420,"Citizens for Hope, Responsibility, Independence and Service",CHRIS PAC
101421,Citizens for Reform,
101422,Citizens for Responsibility and Ethics in Washington,CREW
101426,Citizenship Trust,
101437,Claire Altman Heine Foundation,
101450,,
101474,,
101483,Coalition for a 21st Century Postal Service,
101485,Coalition for Affordable and Reliable Health Care,
101486,Coalition for AIDS Relief in Africa,CARA
101487,Coalition for Asbestos Reform,
101491,Coalition for Comprehensive Immigration Reform,
101494,Coalition for Credit Union Charter Options,
101499,Coalition for Highway 36,
101500,Coalition for Home Fire Safety,
101505,Coalition for Plant and Life Sciences,
101507,Coalition for Safe and Responsible ATV Use,
101509,Coalition for Tax Fairness,
101510,Coalition for the Advancement of Brachytherapy,
101511,Coalition for the Advancement of Housing Research,
101512,Coalition for the Modernization and Protection of America's Social Security (CO,
101515,Coalition of Airline Pilots Association,
101518,Coalition of Mutual Fund Investors,
101521,Coalition of State Rheumatology Organizations,
101523,Coalition on HSA Coordination,
101529,Coalition to Insure Against Terrorism,CIAT
101531,Coalition to Preserve Dietary Supplement Health and Education Act,
101532,Coalition to Preserve Retirement Security,
101549,,
101567,College Savings Foundation,
101577,Colorado River Regional Sewer Coalition,
101594,Commission on the Accreditation of Healthcare Management EducationCAHME,
101600,Committee for Leadership and Progress,
101601,Committee of Chief Risk Officers,
101602,Committee on Healthcare Financing,
101611,Community Action Partnership,
101616,,
101619,Community Foundation for the Alleghenies,
101626,Community Oncology Alliance,COA
101631,Companion Animal Protection Society,
101634,Nazarene Compassionate Ministries,NCM
101639,Composite Lumber Manufacturers Association,
101659,,
101679,Consortium for Title VIII,
101681,Consumer Energy Council of America,
101691,Convention Industry Association,
101709,Coppin State College,
101733,CRUSA Foundation,
101736,Council for Adult and Experiential Learning,
101739,Council for Electronic Revenue Communication Advancement,
101740,Teacher Education Division of the Council for Exceptional Children,
101742,Council of American Fashion,
101743,,
101745,Council of Latino Agencies,
101753,,
101770,Creosote Council III,
101776,Critical Exposure,
101802,CTIA -  The Wireless Association,CTIA
101804,Cuba Democracy Pulic Advocacy Corporation,
101805,Cuba Libertad,
101835,Dairy Farmers of America,DFA
101838,DAKPAC,DAKPAC
101841,Dangerous Goods Advisory Council,
101842,Daniella Maria Arturi Foundation,
101844,Darkness to Light,
101849,Data Foundation,
101850,Data Interchange Standards Association,DISA
101884,Deep Sea Fishermen's Union,DSFU
101887,Defense Small Arms Advisory Council,
101901,Democracy Believers PAC,
101903,Democratic Attorney General Association,
101910,Dental Trade Alliance,
101933,Detroit Institute of Arts,DIA
101975,Dine College,
101978,Directors of Health Promotion and Education,
101981,,
101986,District of Columbia Building Industry Association,
102003,McPhee Reservoir,
102051,Husein Cumber,
102053,,
102065,Political action committee,
102078,Hugh L. Spurlock Generating Station,EKPC
102085,Cesar Chavez,
102087,Tri Delta Transit,ECCTA
102096,Eckerd College,
102099,First Coast,
102101,Health insurance coverage in the United States,
102108,Edison Tech Center,
102116,Education Management Corporation,
102117,Trade association,EIA
102129,Edward Waters University,
102137,Global Health Initiatives,
102147,El Museo del Barrio,
102154,World Electric Vehicle Association,EDTA
102158,Electronic Frontier Foundation,
102159,Financial Coalition Against Child Pornography,
102175,EmCare,
102178,Emergency Nurses Association,ENA
102186,Vehicle emissions control,
102197,End of Life Choice Act 2019,
102229,Free Speech Coalition,
102251,Equal Justice Works,
102257,Foreign relations of Taiwan,
102269,Immigration to Canada,EWIC
102285,Ewiiaapaayp Band of Kumeyaay Indians,
102297,Experience Corps,
102312,FAA Managers Association,FAAMA
102322,Boeing 757,
102326,FairVote,
102332,Spinal muscular atrophies,
102335,Family support,
102337,Farm Animal Welfare Coalition,
102358,Kingdom of Laos,
102359,List of employer associations,
102360,Collegiate university,
102361,List of youth organizations,
102386,Business Roundtable,
102387,,
102389,Financial Services Forum,
102399,Paschal candle,
102412,Michigan Department of Natural Resources,
102432,AdventHealth,
102436,Plug-in electric vehicles in the United States,
102450,Fond du Lac Tribal and Community College,
102454,Food processing,
102456,Foodservice Sales and Marketing Association,
102457,,
102463,Forest County Schools Coalition,
102469,Formaldehyde Council,
102478,Fort Wayne Allen County Economic,
102483,Foundation for Independent Higher Education,
102495,Fredericksburg Regional Chamber of Commerce,
102499,Freedom Now,
102502,FreedomWorks,
102511,Friends of High Line,
102512,Friends of Liberty and Ft. Stewart,
102514,Friends of Rule of Law in Ecuador,
102515,Friends of SBA Microloan Fund,
102518,Friends of the Institute for Nursing Research,
102520,Friends of the Observatory,
102542,Gala Hispanic Theatre,
102564,Gay Men's Health Crisis,GMHC
102611,Georgia Fruit and Vegetable Growers Association,
102613,Georgia State University,
102615,Georgia Transmission Corporation,
102626,Ghana Association of Michigan,
102638,Global Alcohol Producers Group,
102647,Global Impact,
102650,Global Offset and Countertrade Association,
102666,God's Love We Deliver,
102671,,
102687,Gospel Communications International,
102697,Governors Highway Safety Association,GHSA
102705,Grand Canyon River Outfitters Association,
102710,Grand Strand Business Association,
102724,Greater Columbia Chamber of Commerce,
102730,Greater Pittsburgh Chamber of Commerce,
102734,Green Worlds Coalition Fund,
102737,Greenville Hospital System,
102744,Groundfish Forum,
102749,Growth and Prosperity PAC,GAPPAC
102756,Guam Shipyard,
102774,,
102782,Halibut Coalition,
102807,Hardwood Federation,
102829,Health & Development International,HDI
102830,Health Choice Network,
102836,Health Net,
102841,Healthcare Information and Management Systems Society,HIMSS
102842,Healthcare Institute of New Jersey,
102848,Healthspring Management,
102850,Hearing Loss Association of America,HLAA
102851,"Hearth, Patio and Barbeque Association",HPBA
102859,Helen Keller International,HKI
102860,Hellenic-American Heritage Council,
102861,Help America's Leaders PAC,HalPAC
102865,Hemophilia Federation of America,
102872,Hepatitis B Foundation,HBF
102876,Heritage Forests Campaign,
102893,Higher Learning Commission,HLC
102902,Hispanic Association on Corporate Responsibility,HACR
102903,Hispanic Information and Telecommunications Network,HITN
102912,Holbrook Public Library,
102920,Holy Redeemer Health System,
102923,Home Safety Council,
102927,Homeland Security Industries Association,HSIA
102942,Horizons for Homeless Children,
102952,Housing Partnership Network,
102954,Houston Firefighters Relief and Retirement Fund,
102959,HR Policy Association,
102965,Hubbs-Seaworld Research Institute,
102970,Human Rights First,
102992,Interstate 49 International Coalition,
103012,Idea Foundry,
103021,,
103050,Independent Colleges and Universities of Florida,
103051,Independent Directors of Federated Family of Mutual Funds,
103052,Independent Film & Television Alliance,IFTA
103054,Indian American Center for Political Awareness,
103057,Indian Head Defense Alliance,
103067,Indoor Tanning Association,
103069,Industrial Energy Consumers of America,
103070,Industrial Minerals Association,IMA-NA
103071,Industrial Resource Center,IRC
103173,International Economic Development Council,IEDC
103180,International Foodservice Distributors Association,IFDA
103187,International Mountain Bicycling Association,IMBA
103188,International Museum of Women,
103191,International Public Management Association for Human Resources,IPMA-HR
103194,International Securities Exchange,ISE
103197,International Species Information System,
103202,International Wildlife Management Consortium,
103205,Internet Innovation Alliance,IIA
103206,Internet2,
103219,Investorside Research Association,
103231,,
103250,IRIS Consortium,
103266,Israel Project,TIP
103311,,
103314,Jewish Healthcare Foundation,JHF
103315,Jewish Hospital Healthcare Services,
103328,Job Opportunities Task Force,
103353,,
103354,Juice Products Association,JPA
103355,JumpStart,
103356,Junior Achievement,
103359,Juvenile Products Manufacturers Association,JPMA
103366,,
103385,Kauai Island Utility Cooperative,KIUC
103406,D. James Kennedy Center for Christian Statesmanship,KCP
103425,Kidney Care Partners,
103426,Kids First Coalition,
103429,"Kilburn, Peter and Black",
103450,Klingberg Family Centers,
103508,Lake Pilots Association,
103523,Landmarks Preservation Council of Illinois,
103528,Lao Family Community of Minnesota,
103554,Learning and Education Academic Research Network,LEARN
103558,Legal Momentum,
103596,Library Copyright Alliance,LCA
103600,Life and Liberty PAC,
103619,,
103672,Louisiana State University Agricultural Center,
103688,,
103738,"MANA, A National Latino Organization",MANA
103754,Manufacturing 21 Coalition,
103756,,
103778,Marriage Amendment Project,
103786,Maryland Credit Union League,
103795,,
103796,Mason Contractors Association of America,MCAA
103863,Medical Education Service,
103868,Medical University Hospital Authority,
103885,Menorah Home and Health,
103886,Mental Health Connection of Tarrant County,
103889,Merchant's Payments Coalition,
103909,Mesothelioma Applied Research Foundation,MARF
103924,Metropolitan Council on Jewish Poverty,
103944,Miami Nation of Oklahoma,
103970,Mid-Atlantic Association of Community Health Centers,
103975,Midwest City Memorial Hospital,
103977,Midwestern Independent Systems Operator,MISO
103980,Milead Fund,
103993,Minnesota Police and Peace Officers Association,MPPOA
104001,Missile Defense Advocacy Alliance,MDAA
104003,Mission Healthcare Foundation,
104007,,
104010,,
104014,Mitre Corporation,
104033,,MTIC
104041,Monroe Chamber of Commerce,
104051,Montana State University Billings Foundation,
104076,Moroccan American Center For Policy,MACP
104116,,
104118,Mulch and Soil Council,MSC
104138,,
104141,,
104146,,
104156,American-Arab Anti-Discrimination Committee,NAAA
104165,NanoBusiness Commercialization Association,
104181,National Academy of Recording Arts and Sciences,NARAS
104182,National Active and Retired Federal Employees Association,NARFE
104183,National Advocacy Center of the Sisters of the Good Shepherd,
104184,National Agricultural Alumni and Development Association,
104185,National Albanian American Council,NAADA
104188,National Alliance for Specialty Healthcare Programs,NAAC
104189,National Alliance for Worker and Employer Rights,
104190,National Alliance to End Sexual Violence,NAESV
104193,National Animal Supplement Council,NASC
104196,National Assembly on School-Based Healthcare,NASBHC
104197,National Association for Children's Behavioral Health,NACBH
104199,National Association for Oilheat Research and Education,NORA
104200,National Association for Variable Annuities,NAVA
104201,National Association of Alternative Staffing,
104202,National Association of Business Political Action Committees,NABPAC
104205,National Association of Clean Water Agencies,NACWA
104206,National Association of Consumer Bankruptcy Attorneys,NACBA
104207,National Association of Farmers Market Nutrition Programs,
104210,National Association of Hispanic Federal Executives,NAHFE
104212,National Association of Hispanic Publications,NAHP
104214,National Association of Marine Laboratories,NAML
104215,National Association of Mental Health Planning Advisory Council,NAMHPAC
104216,National PAL,
104217,National Association of Professional Surplus Lines Offices,NAPSLO
104219,National Association of Rehabilitation Providers and Agencies,NARPA
104220,National Association of RSVP Directors,
104221,National Association of Security Companies,NASCO
104222,National Association of Shareholder and Consumer Attorney,
104223,National Association of State and Local Equity Funds,NASLEF
104224,Advance CTE,NASDCTEC
104225,National Association of State Medicaid Directors,NASMD
104228,National Association of Workforce Boards,NAWB
104229,National Athletic Trainers' Association,NATA
104234,National Black MBA Association,NBMBAA
104238,National Calcium Initiative,NCDMM
104239,National Center for Defense Machining and Manufacturing,NCDR
104240,National Robotics Engineering Center,NREC
104241,National Center For Disability Services-Abilities,
104248,National Childhood Cancer Foundation,NPCF
104249,National Children's Facilities Network,NCFN
104252,National Coalition for Assistive and Rehab Technology,NCART
104253,National Coalition for History,NCH
104254,National Coalition for Promoting Physical Activity,NCPPA
104255,National Coalition for Quality Diagnostic Imaging Services,NCQDIS
104258,National Coalition of Local Health Plans,NCLHP
104259,National Coalition of Parent Centers,NCPC
104260,National Mall Coalition,
104262,National Comprehensive Cancer Network,NCCN
104263,National Conference of Democratic Mayors,NCDM
104265,National Conference on Public Employee Retirement Systems,NCPERS
104270,National Council of Teachers of English,NCTE
104271,National Council of Textile Organizations,NCTO
104272,Council for Economic Education,CEE
104273,National Council on Fireworks Safety,ATF
104274,National Council on Independent Living,NCIL
104275,National Council on International Trade Development,NCITD
104277,National Disability Rights Network,NDRN
104280,National Association of Black in Criminal Justice,NABCJ
104284,National Fire Sprinkler Association,NFSA-FSA
104285,National Firearms Act Trade and Collectors Association,NFATCA
104287,"National Foreign Language Center, University of Maryland",NFLC
104288,National Foundation for Credit Counseling,NFCC
104289,myFace,NFFR
104294,National Hispana Leadership Institute,NHLI
104295,National Hispanic Caucus of State Legislators,NHCSL
104296,National Hispanic Corporate Council,NHCC
104297,National History Day,NHD
104300,National Human Services Assembly,NHSA
104302,National Indian Head Start Directors,
104303,National Infantry Foundation,NIF
104307,National Laws Group,
104309,National Limo Association,NLA
104313,National Maritime Heritage Foundation,NMHF
104316,National Museum of American Jewish History,NMAJH
104317,National Network of Digital Schools,NNDS
104319,National Organic Coalition,NOC
104321,National Organization of Black County Officials,NOBCO
104322,National Organization of Life and Health Insurance Guaranty Associations,NOLHGA
104324,National Pace Association,NPA
104326,National Postal Policy Council,NPPC
104327,National Registry of Certified Chemists,NRCC
104330,National Rural Funders Collaborative,NRFC
104332,National Ship Repair Coalition,NSRC
104335,National Steel Bridge Alliance,NSBA
104339,Rural Broadband Association,NTCA
104340,National Transit Benefits Association,
104341,"National Travel, Tourism and Recreation Coalition for Surface Transportation",
104347,National WIC Association,NWA
104349,National Wild Turkey Federation,NWTF
104350,National Women's Alliance,
104360,Nature Conservancy in Arizona,
104362,,
104363,Navajo Housing Authority,
104364,Navajo Nation Washington Office,
104369,Navy Mutual,NMAA
104373,National Centre for Coastal Research,NCCR
104378,NEA Foundation,
104408,Nevada Cancer Institute,NVCI
104425,New Markets Tax Credit Coalition,NMTCC
104427,New Mexico Highlands University Foundation,
104433,"New Orleans, Louisiana, City Council",
104438,New York Association of Public Power,NYAPP
104439,New York Hall of Science,NYSCI
104442,New York State Public Housing Authority Directors Association,
104469,Nigerian Foundation of Michigan,
104477,,
104491,Norman Regional Hospital Foundation,
104496,North America-Mongolia Business Council,
104501,North California Institute for Research and Education,NCIRE
104506,North Dakota Healthcare Association,NDHA
104513,Northarvest Bean Growers Association,
104514,Northeast Public Power Association,NEPPA
104516,Northeast Seafood Coalition,NSC
104522,Northern Indiana Commuter Transportation District,NICTD
104540,Northwest Maritime Center,NWMC
104548,Norwalk Hospital Foundation,
104571,Nurse Family Partnership,NFP
104574,Nutritional Grocers Association of California,
104584,NYS Association of Revewal and Housing Officials,
104585,New York State Public Health Plans,
104591,Oak Ridge Associated Universities,ORAU
104606,Oceana,
104610,Ochsner Clinic Foundation,
104635,Ohel Children and Family Services,
104643,OhioHealth,
104647,Oklahoma City Chamber of Commerce,
104652,Oklahoma Native American Cultural & Educational Authority,
104686,Open Society Foundations,OSPC
104690,Operation Warm,
104691,Ophelia Project,
104724,Organizations Concerned About Rual Education,OCRE
104749,Our Piece of the Pie,
104750,Outdoor Industry Association,OIA
104754,Outfitters Association of America,
104760,Overseas Vote Foundation,OVF
104776,Pacific Institute for Research and Evaluation,PIRE
104788,Packard Childrens Hospital at Stanford,
104818,Paratus Associates,
104820,Parents Anonymous,
104821,"Parents, Families and Friends of Lesbians and Gays",PFLAG
104836,Patient Services Incorporated,PSI
104846,Peace through Strength PAC,
104847,Peanut Growers Cooperative Marketing Association,
104868,PETE PAC,PETE PAC
104869,People for People,
104892,Pew Charitable Trusts,
104898,Pharmaceutical Printed Literature Association,
104905,Philadelphia Convention & Visitors Bureau,PHLCVB
104922,Piedmont Municipal Power Agency,PMPA
104945,Pittsburgh Life Sciences Greenhouse,PLSG
104947,Pittsburgh Parks Conservancy,
104962,Planned Parenthood Action Fund,
104973,Ploughshares Fund,
104986,,
104987,Poker Players Alliance,
104989,Go North!,
104990,Police Officers Association of Michigan,POAM
104994,Polyester Fiberfill Coalition,
105004,Port Graham Development Corporation,TACCOM
105009,Port Security Council,
105013,Ports-to-Plains Alliance,
105021,Power Washers of North America,PWNA
105027,,
105051,Prince William Sound Science Center,PWSSC
105052,Princeton Plasma Physics Laboratory,PPPL
105057,Prisons Foundation,
105068,National Association of Landscape Professionals,PLANET
105070,Professional Numismatists Guild,NALP
105075,Program on International Policy Attitudes,PNG
105081,Project Grad USA,PIPA
105082,Project Lead the Way,PLTW
105089,Propane Education and Research Council,PERC
105090,American Property Casualty Insurance Association,APCIA
105091,Property Rights Alliance,
105097,Presence Health,
105105,Provo River Water Users Association,
105117,Public Allies,
105130,,
105131,Puget Sound region,
105159,,
105186,Rad Political Action Committee,
105196,Railway Supply Institute,
105205,A. Philip Randolph Educational Fund,
105206,A. Philip Randolph Institute,
105219,Raymond Basin Management Board,
105227,Reach Out and Read National Center,
105228,ReadTheBill.org Civic Action,
105243,Reform PAC,
105266,Rely on Your Beliefs Fund,
105292,RESOLVE: The National Infertility Association,
105293,Resources Legacy Fund Foundation,
105295,Responsible Mortgage Lending Coalition,
105296,Restaurant Association of Metropolitan Washington,RAMW
105299,Retail Industry Leaders Association,
105301,"Retired State, County and Municipal Employees Association",
105302,RetireSafe,
105355,Riverside Sheriff's Association,
105379,,
105380,Rock the Vote,
105382,Rockefeller Foundation,
105397,Rome Foundation,
105407,Rosemary Love Et Alia,
105428,Rural Telecommunications Group,
105429,Rural Water Technology Alliance,
105451,Sacred Wind Communication,
105453,Safe Blood International,
105460,Safety-Net Association of Pennsylvania,
105479,,
105503,San Jose State University Foundation,
105530,,
105535,Sarah Farms,
105543,Satellite Communications for Learning,
105544,Satellite Industry Association,SIA
105550,Savannah Family Institute,
105552,SaveLIFE Foundation,
105554,Save Darfur Coalition,
105556,Save Our Species Alliance,SOSA
105572,Schiltz Foods,
105580,School of the Americas Watch,
105581,School Social Work Association of America,SSWAA
105600,Sea Research Foundation,
105613,,
105615,Center for Infectious Disease Research,
105619,,
105621,Section 508 Coalition,
105622,Secular Coalition for America,
105630,Securing America's Future Energy,SAFE
105643,Self-Help Credit Union,
105644,Self Storage Association,
105655,Senior Health and Independence for Tomorrow,
105666,Sergeants Benevolent Association,
105668,Servicemembers Legal Defense Network,SLDN
105673,Seventh-day Adventist Church,
105698,,
105699,,
105707,,
105710,Show-Me Fund,
105714,NuvoTV,
105723,SIGA Technologies,
105728,Silent Spring Institute,
105752,Sloss Furnaces Foundation,
105753,Small Business and Entrepreneurship,
105786,Society for Vascular Ultrasound,SVU
105789,Society of Interventional Radiology,SIR
105790,Society of Women Engineers,SWE
105813,Sound Banking Coalition,
105822,South Carolina Association of Counties,SCAC
105842,Southern Minnesota Beet Sugar Cooperative,
105845,Southern Shrimp Alliance,
105853,Southwest Airlines Pilots Association,
105857,Southwest Foundation for Biomedical Research,SFBR
105860,Southwest Research Institute,
105863,Southwestern Area Chambers and Industries Association,
105871,Space Foundation,
105900,Sport Utility Vehicle Owners Association,
105936,Saint Louis Science Center,
105938,,
105958,Stand Up for Steel,
105971,Starr Commonwealth,
105993,Stop Union Political Abuse,SUPA
106021,Students for Saving Social Security,SSSS
106049,Sunshine in Government Initiative,
106051,SuperAlloys Committee,
106067,Sport Utility Vehicle Owners of America,SUVOA
106078,,
106088,Syngenta,
106103,Tahirih Justice Center,
106118,Tampa Bay Technology Forum,
106120,Tampa Metropolitan Area YMCA,
106121,,
106130,Tanadgusix Corporation,
106134,Team Focus,
106138,TechNet,
106142,Techniques in Alcohol Management,
106156,Teen Challenge Training Center,
106157,TeenScreen National Center for Mental Health Checkups,
106163,TeleCONSENSUS,
106182,Tennessee Disproportionate Share Hospital Coalition,
106184,Tennessee Public Transportation Association,
106186,Tennessee Vallet Industrial Committee,
106204,Texarckana Chamber of Commerce,
106208,Texas Classroom Teachers Association,
106209,Texas Conference of Black Mayors,
106210,Cornerstone Credit Union League,
106216,Texas Land Title Association,
106231,Guttmacher Institute,
106257,The Children's Institute,
106258,,
106259,,
106266,Committee for Justice,
106296,The Historic Lincoln Theatre,
106333,National Association of Therapeutic Communities,
106353,Thrivent,
106375,,
106377,Tobacco-Free Kids Action Fund,
106383,Topeka Chamber of Commerce,
106389,Total Living Network,
106394,Toy Association,
106418,Transportation Communications International Union,
106430,Tree Care Industry Association,
106431,Trellis Fund,
106486,U.S. Global Leadership Coalition,
106489,United States Jails and Prisons Forum,
106491,,
106492,U.S. Premium Beef,
106493,United States Seafoods,
106494,American Small Manufacturers Coalition,
106502,Union of Councils for Soviet Jews,
106503,Uhlich Children's Advantage Network,UCAN
106522,Unions for Jobs and the Environment,UJAE
106527,UNITE HERE,
106533,United Dairymen of Arizona,UDA
106538,"United Lao Council for Peace, Freedom and Reconstruction",
106548,United States Border Control,
106549,United States Business Alliance for Customs Modernization,
106550,United States Canola Association,
106553,U.S. Chamber of Commerce,USCC
106556,United States Colombia Business Partnership,
106559,United States English,
106560,United States Federation of Small Busineses,
106561,,
106562,U.S. Grains Council,
106563,U.S. Green Building Council,
106564,United States Industry Coalition,
106567,U.S. Poultry & Egg Association,
106581,United to Secure America,
106651,Urban Financial Services Coalition,
106657,US Durum Growers Association,
106659,US Fuel Cell Council,
106664,Engage USA,
106680,,
106698,Vanadium Producers and Reclaimers Association,
106744,,
106828,Washington Center for Internships and Academic Seminars,
106841,Washington State Potato Commission,
106845,Washington Tree Fruit Research Commission,
106846,Washington Women for Choice,
106853,Water Advocates,
106856,Waterways Council,
106902,Western Business Roundtable,
106905,Western Governors Association,
106906,NACo Western Interstate Region,NACO
106908,Western Telecommunications Alliance,
106922,,
106951,Greater Winston-Salem,
106954,Wire Rod Producers,
106970,Women's Bar Association of the District of Columbia,
106971,Women's EDGE Coalition,
106978,Woolly Mammoth Theater,
106982,Workforce Alliance,
106983,Workplace Flexibility 2010,
106985,World Boxing Federation,
106988,World Gold Council,
106990,World Impact,
107031,YMCA of Greater New York,
107038,Youth Advocate Program,YAP
20110001,1Sky,
20110003,100% Recycled Paperboard Alliance,
20110006,25th Infantry Division Memorial Fund,
20110009,321 Coalition,
20110017,510K Coalition,
20110018,9801 Coalition,
20110019,A Child is Missing,
20110023,,
20110024,Goodwill of the Finger Lakes,
20110027,Automobile Competition Committee for the United States,ACCUS
20110028,ACDI/VOCA,ACDI/VOCA
20110029,ACE Mentor Program,
20110030,ACODESE,
20110031,ACORN Housing Corporation,
20110044,Working for America Institute,
20110046,AFT Healthcare,
20110049,AHS International- The Vertical Flight Society,
20110050,AIDS Day Services Association,
20110052,AIMCAL Window Film Committee,
20110063,AMT Coalition,
20110066,Network on Employment,
20110075,ASC Advocacy Committee,APSE
20110077,ASM International,
20110081,ATM Industry Association,
20110085,Water Research Foundation,
20110088,Ability Beyond Disability,
20110099,Association of Clinical Research Professionals,
20110100,Academy of Criminal Justice Sciences,ACJS
20110101,Academy of Pharmaceutical Physicians and Investigations,
20110102,Accelerated Genetics,
20110104,Access to Health Care Network,
20110105,Access to Integrated Cancer Care,
20110109,Accrediting Commission of Career Schools and Colleges,ACCSC
20110117,Action for Democracy in Iran,
20110124,Ad Hoc Fair Hotel Tax Collections Coalition,
20110129,Adams County Water Association,
20110130,Adams Memorial Foundation,
20110136,Adult Congenital Heart Association,
20110142,Advanced Biofuels,
20110150,Advanced Initiatives in Medical Simulation,
20110163,Advocates for School Choice,
20110166,Aerocare Holdings,
20110169,Air Force Association's Aerospace Education Foundation,
20110174,Affordable Reliable Electricity Alliance,
20110177,Afikim Foundation,
20110190,Agriculture Geospatial Coalition,
20110197,Mercy Medical Angels,
20110198,Air Medical Group Holdings,
20110199,Association of Air Medical Services,
20110201,"Air Conditioning, Heating and Refrigeration Institute",
20110205,Aircraft Mechanics Fraternal Association,AMFA
20110211,Akron Area YMCA,
20110213,Akron-Canton Regional Foodbank,
20110214,Akwesasne Petroleum Co-op,
20110218,Alabama Employers for Immigration Reform,
20110219,Alabama Forest Owners Association,
20110223,Alameda County Community Action Agency,
20110227,Alaska USA Federal Credit Union,
20110236,Aldo Leopold Foundation,
20110243,Alfred Mann Foundation for Scientific Research,
20110248,All America PAC,
20110252,All Student Loan,
20110259,Community Oncology Alliance,
20110260,Alliance for American Manufacturing,AAM
20110261,Alliance for Aviation Across America,
20110262,Alliance for Care at the End of Life,
20110263,Alliance for Employee Benefit Cooperatives,
20110264,Alliance for Fair Pole Attachment Rules,
20110265,Alliance for Gray Market and Counterfeit Abatement,
20110266,Alliance for Healthcare Competitiveness,
20110267,Alliance for Lifelong Learning,
20110268,Alliance for PE Pipe,
20110270,Alliance for Regenerative Medicine,
20110271,Alliance for Safe Online Pharmacies,
20110272,Alliance for Savings and Investment,
20110273,Allsafe,AllSAFE
20110274,Alliance for a Stronger FDA,
20110275,Alliance to Preserve American Exporters,
20110290,Alternative Community Resource Program,
20110298,Amah Mutsun Band,
20110301,Ambulatory Surgery Center Association,
20110302,Amcot,
20110304,America Forward PAC,
20110305,America Works PAC,
20110306,Americas Agenda Health Care For All,
20110307,America's Foundation,
20110308,America's Natural Gas Alliance,
20110309,America's Promise,
20110310,America's Specialty Medicine Companies,
20110311,America's VetDogs,
20110312,America's Voice,
20110313,American Academy of Professional Coders,AAPC
20110317,Association of Diabetes Care & Education Specialists,AADE
20110318,American Association of Histology Laboratories,AAHL
20110319,EnglishUSA,AAIEP
20110320,American Association of International Healthcare Recruitment,AAIHR
20110321,American Association of Medical Dosimetrists,AAMD
20110324,American Automotive Policy Council,AAPC
20110325,American Bail Coalition,
20110327,Section of Legal Education and Admissions to the Bar,ABA-SE
20110328,American Biogas Council,
20110329,American Board of Medical Specialties,ABMS
20110330,American Bone Coalition,
20110331,American Brachytherapy Society,ABS
20110332,American Brain Coalition,
20110341,American Civil Liberties Union--Voting Rights Act Coalition,ACLU-VRAC
20110342,American Clean Energy Resources Trust,ACERT
20110345,American Coalition for Clean Coal Electricity,ACCCE
20110346,American Coalition for Taxpayer Rights,ACTR
20110347,American College of Medical Genetics and Genomics,ACMG
20110348,American College of Mohs Surgeons,ACMS
20110349,ACP Services,
20110352,American Council on the Teaching of Foreign Languages,ACTFL
20110353,American Cultural Resources Association,ACRA
20110355,American Defense Council,ADC
20110357,American Energy Alliance,AEA
20110361,American Factoring Association,AFA
20110362,American Falconry Conservancy,AFC
20110363,American Families United,AFU
20110365,American Floral Industry Association,AFIA
20110366,American Fraternal Alliance,AFC
20110369,American Friends of the Hebrew University,AFHU
20110371,American High Speed Rail Alliance,AHSRA
20110373,American Home Ownership Protection Coalition,AHOPC
20110376,American Independent Dairy Alliance,AIDA
20110377,American Independent Writers,AIW
20110378,"American Indian, Alaskan, & Hawaiian Educational Development Center",AIAHEDC
20110380,AKC Reunite,AKC CAR
20110381,American Lands Alliance,ALA
20110385,American Nephrology Nurses Association,ANNA
20110387,American Partnership for Eosinophilic Disorders,APFED
20110389,American Pharmacists Association,APhA
20110390,American Podiatric Medical Specialties Board,ABPOPPM
20110392,American Principles in Action,APIA
20110394,American Psychological Association Practice Organization,APAPO
20110396,Greater Cincinnati Tri State Chapter,
20110397,American Registry of Radiologic Technologists,ARRT
20110399,Road Runners Club of America,ARA
20110400,American Sand Association,ADA
20110401,American School Bus Council,ASBC
20110403,American Service Council,ASC
20110404,American Sesame Growers Association,
20110407,American Shrimp Processors Association,
20110410,American Small Manufacturers Coalition,
20110412,American Society for Metabolic and Bariatric Surgery,ASMBS
20110413,American Society of Addiction Medicine,ASAM
20110414,American Society of Agronomy,ASA
20110415,American Society of Criminology,ASC
20110416,American Society of Extracorporeal Technology,AmSECT
20110417,American Society of Interventional Pain Physicians,ASIPP
20110418,American Society of Pension Professionals and Actuaries,ASPPA
20110420,American Student Assistance,ASA
20110426,American Television Alliance,ATVA
20110427,American Textile Trade Action Coalition,
20110428,American Thyroid Association,ATA
20110429,American Tinnitus Association,ATA
20110432,American Trade Coalition,
20110435,American University in Kosovo Foundation,
20110438,American Veterans for Equal Rights,AVER
20110439,American Victims of Terrorism,
20110441,Americans Against Food Taxes,
20110443,Americans for Fair Trade,
20110444,Americans for Limited Government,ALG
20110445,Americans for Safe Access,ASA
20110446,Friends of UNFPA,UNFPA
20110447,Americans for a Fair Estate Tax,
20110448,Americans for the Arts Action Fund,
20110452,Amistad America,
20110464,Angels for Obesity,
20110470,Apache Tribe Oklahoma,
20110471,Aplastic Anemia and MDS International Foundation,AAMDSIF
20110475,Appalachian Trail Conservancy,ATC
20110482,Appraiser Coalition,
20110494,Archery Trade Association,ATA
20110510,Arison Family Trust,
20110512,Arizona Alzheimers Consortium,
20110513,Arizona Zoological Society,
20110517,Arlington Chamber of Commerce,
20110521,Armed Forces Foundation,
20110528,Arrow Child and Family Ministries,
20110529,Art of the Olympians,
20110539,Asia Society Texas Center,
20110541,Asian Americans Advancing Justice,
20110547,Asphalt Emulsion Manufacturers Association,AEMA
20110548,Association for Behavioral Health and Wellness,ABHW
20110549,Association of Clinical Research Professionals,ACRP
20110550,Association for Homeowners Across America,
20110551,Association for Information Protection,
20110552,Association for Molecular Pathology,AMP
20110553,PostCom,POSTCOM
20110554,Association for Prevention Teaching and Research,APTR
20110555,Association for Psychological Science,APS
20110556,Association for Quality Imaging,AQI
20110557,Association of Assistive Technology Act Programs,ATAP
20110558,Association of Battery Recyclers,ABR
20110560,National Association of Catastrophe Adjusters,NACA
20110561,Association of Children's Museums,ACM
20110562,Association for College and University Technology Advancement,ACUTA
20110563,Association of Corporate Credit Unions,ACCU
20110564,Association of Corporate Travel Executives,ACTE
20110565,Association of Critical Care Transport,ACCT
20110566,Association of Fish and Wildlife Agencies,AFWA
20110567,"Association of Food and Dairy Retailers, Wholesalers and Manufacturers",
20110568,Association of Institutional Investors,AII
20110569,Association of Kentucky Fried Chicken Franchisees,AKFCF
20110570,Association of Mortgage Investors,AMI
20110571,Association of Proprietary Colleges of New York,
20110572,Association of Public Land-grant Universities,APLU
20110573,America's Public Television Stations,APTS
20110574,Association of Rehabilitation Nurses,ARN
20110575,Association of Texas Professional Educators,ATPE
20110577,Association of the United States Army,AUSA
20110582,Assyrian American National Coalition,AANC
20110589,At-Sea Processors Association,APA
20110611,Hill Country Conservancy,
20110614,Autism Speaks,
20110638,Azeri Democracy Initiative Foundation,
20110655,BosPAC,BosPAC
20110665,Baby Carrier Industry Alliance,BCIA
20110695,Battery Electric Vehicle Coalition,
20110696,Battle Creek Unlimited,BCU
20110704,Bayfront Health Foundation,
20110716,Beech Acres,
20110736,OhioGuidestone,
20110739,Berks Women in Crisis,
20110745,Bethany Christian Services,
20110747,Bethpage Federal Credit Union,
20110749,Better World Fund,
20110751,Bi-State Regional Commission,
20110754,PeopleForBikes Foundation,
20110755,Bill PAC,
20110765,Biobased Products Coalition,BPC
20110766,Biobusiness Alliance of Minnesota,
20110770,Biomass Power Association,
20110771,Biomass Thermal Energy Council,BTEC
20110775,Bioscrip Corporation,
20110778,Bipartisan Policy Center,
20110779,BPC Action,BPCAN
20110785,Blackfeet Reservation Devlopment Fund,
20110794,Blog with Integrity,
20110808,Blue Green Alliance,BGA
20110809,Blue Lake Rancheria Economic Development Corporation,
20110825,Boeing Employees' Credit Unon,BECU
20110830,Bond Dealers of America,BDA
20110838,Born Fighting PAC,
20110844,BostonSight,
20110853,Bowery Residents' Committee,BRC
20110854,,
20110855,Indian Nations Council BSA,
20110856,"National Capital Area Council, BSA",
20110858,Boys & Girls Club/Santa Clarita Valley,
20110859,Boys and Girls Club of South Queens,
20110860,Boys and Girls Home and Family Services,
20110874,Breakthrough Charter Schools,
20110875,Breast Cancer Fund,
20110883,Bricklayers Local 5,
20110904,Broker/Dealer Coordination Group,
20110910,Brooklyn Health Information Exchange,
20110914,Brunswick Beaches Consortium,
20110916,Buck Institute for Research on Aging,
20110922,BellXcel,BELL
20110923,BOMA Chicago,BOMA
20110928,Burke Community Partnership,
20110934,Business Council of New Orleans,
20110949,CEO Council for Growth,
20110952,Global Communities,
20110963,Cultivating New Frontiers in Agriculture,CNFA
20110969,CRE Finance Council,CRE
20110974,CURE International,CURE
20110979,Cache Highland Water Association,
20110981,"Cal Ripken, Sr. Foundation",
20110992,California Agricultural Commissioners and Sealers Association,CACASA
20110993,California Asociation of Mortgage Professionals,CAMP
20110994,California Association of Microenterprise Opportunity,CAMEO
20110995,California Association of Mortgage Professionals,CAMP
20110996,California Cable and Telecommunications Association,CCTA
20110997,California Charter Schools Association,CCSA
20110998,California Citrus Mutual,CCM
20111000,California Dairies,CDI
20111002,California Dental Association,CDA
20111005,California Emergency Physicians America,
20111006,California Fig Advisory Board,
20111011,California Science Center,
20111012,California Ski Industry Association,
20111015,California Tribal Business Alliance,CTBA
20111016,,
20111017,California Wetfish Producers Association,CWPA
20111018,California and Nevada Credit Union Leagues,
20111020,Callen-Lorde Community Health Center,
20111032,Camillus House,
20111033,Camp Fire USA,
20111034,Campaign for Community Change,
20111035,Campaign for Youth Justice,CFYJ
20111036,Campaign for a U.S.-Afghanistan Partnership,
20111037,Campaign for all District of Columbia Families,
20111038,Campaign to End Obesity,
20111049,Cape and Islands H2B Visa Coalition,
20111050,Cape Cod Cranberry Growers Association,
20111054,Capital Area Food Bank,
20111060,Capital Unity Council,
20111068,Carbon Offset Providers Coalition,
20111072,Cardiovascular Outpatient Center Alliance,
20111079,CareOregon,
20111091,,
20111108,Cathedral Choral Society of the Washington National Cathedral,
20111110,Cathedral Foundation of Jacksonville,
20111111,Catholic Cemetery Conference,
20111112,Catholic Charities Archdiocese of New Orleans,
20111114,,
20111116,Cord Blood Registry,
20111117,,
20111120,Wikimedia Foundation,
20111136,Center for Children's Law and Policy,CCLP
20111137,Center for Coastal Conservation Political Action Committee,
20111138,Institute for Free Speech,IFS
20111139,Center for Creative Play,
20111140,Public Education Association,CEI-PEA
20111141,Center for Environmental Innovation in Roofing,
20111142,Center for Families and Children,
20111144,Center for Inquiry,OPP
20111145,Center for International Education,CIE
20111146,Center for Military and Private Sector Initiatives,
20111147,Center for Neighborhoods,CNE
20111148,Center for North American Energy Security,
20111150,Center for the Integration of Medicine and Innovaive Technologies,CIMIT
20111151,Center to Prevent Youth Violence,CPYV
20111160,Central Electric Power Cooperative,
20111165,Central States Funds,
20111166,Central Union Mission,
20111177,CFP Board,
20111178,Certified Importer Program Coalition,
20111187,Change to Win,
20111188,Charles Stewart Mott Foundation,
20111200,Chemical Users Coalition,
20111211,Chicana Service Action Center,
20111215,Childbirth Connection,
20111216,Children's Action Network,
20111217,Children's Aid Society,
20111218,CAS-Carrera,
20111219,Children's Cause for Cancer Advocacy,
20111220,,
20111221,Children's Hospital Association of Texas,
20111226,Children's Tumor Foundation,CTF
20111230,Chilean Avocado Importers Association,CAIA
20111233,China-U.S. Exchange Foundation,CUSEF
20111239,Christian Science Committee on Publication,
20111241,Christopher and Dana Reeve Foundation,
20111243,Chronic Disease Fund,
20111245,Church World Service,CWS
20111255,Citizen Schools,
20111256,Citizens Commission on Human Rights,CCHR
20111258,Citizens for Equal Access to Credit,
20111261,Civic Council,
20111269,,
20111271,Clean Air Watch,
20111276,Clean Technology and Sustainable Industries Organization,CTSI
20111277,Clean Water Construction Coalition,
20111279,Cleaner Safer Trucking,
20111288,,
20111291,Climate Communities Coalition,
20111292,Climate Policy Group,
20111293,Climate Protection Action Fund,
20111303,Coalition Against Domain Name Abuse,CADNA
20111304,Coalition for 21st Century Patent Reform,CFCPR
20111305,Coalition for Bay Area Regional Water Recycling Program,
20111306,Coalition for Competitive Launches,
20111307,Coalition for Data Security,
20111308,Coalition for Donor State Equity,
20111309,Coalition for Energy Efficient Electric Tankless Water Heaters,
20111310,Coalition for Equitable Regulation and Taxation,
20111311,Coalition for Equitable Treatment for Victims of Massive Financial Theft,
20111312,Coalition for Fair Competition,
20111313,Coalition for Fair Transmission Policy,
20111314,Coalition for Fairness to Captive Insurers,
20111315,Coalition for Financial Choice,
20111316,Coalition for Independent Seniors,
20111318,Coalition for Patent Fairness,
20111319,Coalition for Patient Safety and Medicine Integrity,
20111321,Coalition for Responsible Nutritional Information,
20111322,Coalition for Telecom Tax Reform,
20111324,Coalition for a Domestic Insurance Industry,
20111325,Coalition for a Prosperous America,CPA
20111326,Coalition for the Protection of Interstate Commerce,
20111327,Coalition of Ignition Interlock Manufacturers,
20111328,Coalition of Private Investment Companies,
20111329,Coalition of Sleep Management Companies,
20111330,Coalition of Urban Serving Universities,USU
20111331,Coalition to Advance Renewable Energy through Bulk Storage,
20111332,Coalition to Expand the Risk Retention Act,
20111333,Coalition to Facilitate Appraisal Integrity Reform,
20111334,Coalition to Improve Healthcare Staffing,
20111335,Coalition to Preserve Independent Contractor Status,
20111336,,
20111337,Coaltion Against Organized Retail Crime,
20111338,Coaltion for 21st Century Medicine,
20111339,Coast Community College District,OCC
20111361,"Collaborative for Academic, Social, and Emotional Learning",CASEL
20111363,College Success Foundation,
20111379,,
20111382,Command General Staff College Foundation,
20111384,Commercial Spaceflight Federation,CSF
20111385,Committee for Retention and Equitable Treatment,
20111387,Committee to Save Independent HME Supplies,
20111388,Commodity Markets Council,
20111392,Communities In Schools of Chicago,
20111395,Community Health Centers of Arkansas,
20111396,Community Health Charities,
20111398,Community Hospice Partnership,
20111400,Community Mortgage Banking Project,
20111401,Community Mortgage Lenders of America,
20111402,Community Service Society,
20111403,Community Voice Mail,
20111408,Compete America,
20111424,Congregation Beth Israel,
20111425,Congressional Fire Services Institute,CFSI
20111431,Conservancy of Southwest Florida,
20111432,Conservation Northwest,
20111435,Consortium for Civic Learning,
20111436,Consortium of Independent Review Boards,
20111438,Consumer Energy Aliance,CEA
20111439,Consumer Health Alliance,
20111440,Consumers for Auto Reliability and Safety,CARS
20111452,,
20111455,Copper River Native Association,
20111457,Copyright Alliance,
20111464,Corporate Ethics International,
20111465,Corporate Voices for Working Families,
20111466,Corporation for the Promotion of Rifle and Firearms Safety,
20111474,Council for American Medical Innovation,CAMI
20111475,Council for Quality Respiratory Care,CQRC
20111476,Council for Tribal Employment Rights,CTER
20111477,Council for Urological Interests,
20111479,Council of North American Insulation Manufacturers Association,NAIMA
20111481,Council on Pakistan Relations,
20111490,Covenant House Florida,
20111491,Covenant Retirement Communities,
20111505,Crim Fitness Foundation,
20111506,Cristo Rey Network,
20111511,Cross International,
20111513,,
20111519,Cruise Lines International Association,CLIA
20111531,Custom Rail Employer Welfare Trust Fund,
20111534,Cyberknife Coalition,
20111546,Receivables Management Association International,RAMI
20111548,DC Vote,
20111557,Care Continuum Alliance,PHA
20111559,DME Coalition,
20111562,DOC PAC,
20111575,Dam Safety Coalition,
20111577,Dance Place,CEC
20111592,Daughters of Penelope,
20111600,Dayton Philharmonic Orchestra,DPO
20111603,Deaf West Theatre,
20111608,Declaration Foundation,
20111609,Decommissioning Plant Coalition,
20111613,Defense Commercial Venders Coalition,
20111614,Defense Credit Union Council,DCUC
20111632,Demand Response Smart Grid Coalition,
20111635,Democrats for Life of America,
20111641,,DAM
20111642,Denver Health and Hospital Authority,
20111643,Department for Professional Employees,DPE
20111655,Detroit Economic Growth Corporation,
20111657,,
20111659,Detroit Zoological Society,
20111662,Diabetes Access to Care Coalition,
20111667,Dialysis Patient Citizens,
20111677,Digital Promise,
20111682,Direct Care Alliance,
20111685,Discover America Partnership,
20111687,,
20111688,Distributed Infinity,
20111690,Distributed Wind Energy Association,DWEA
20111691,District of Columbia National Guard Association,
20111698,Dollar Coin Alliance,
20111699,Domestic Energy Producers Alliance,DEPA
20111723,,
20111745,E-Ordering Coalition,
20111747,,
20111754,Experimental Aircraft Association,
20111755,Educational Association of University Center,EAUC
20111786,Environmental Working Group,EWG
20111790,Eagle Mountain International Church,
20111806,Echo Lakes Association,
20111813,,
20111814,Eden Housing,
20111827,Education Trust,
20111828,Education is Freedom,
20111829,Educause,
20111830,Edward M. Kennedy Institute for the United States Senate,
20111833,Efficiency First,
20111843,Electrical Safety Foundation International,ESFI
20111844,Electricity dialog Group,
20111845,Electrification Coalition,
20111861,Embassy Square Foundation,
20111869,Employer Tax Coalition,
20111871,Empowering Veterans Organization,
20111888,Enhanced Protective Glass Automotive Association,
20111892,Enterprise Community Partners,
20111894,Enterprise Rancheria of Maidu Indians of California,
20111896,Environment America,EA
20111900,Environmental and Energy Study Institute,EESI
20111907,Equailty for Adopted Children,
20111916,Estate of Burton Kanter,
20111926,Everybody Wins! DC,
20111940,Exopolitics Institute,
20111941,Exopolitics,
20111943,Experience Works,
20111944,Experience in Action,
20111947,Exterior Insulation and Finish Systems Industry Members Association,
20111952,Governmental Affairs Committee,FAMA/FEMSA
20111955,FM Policy Focus,
20111964,Fairmount Park Conservancy,
20111968,,
20111969,Families Preventing Birth Defects,
20111970,Families of Flight 93,
20111972,Family Business Estate Tax Coalition,
20111973,Family Enterprise Coalition,
20111976,Family Matters of Greater Washington,
20111977,Family Service Association,
20111978,Family Voices,
20111979,FareStart,
20111981,Farmers for Clean Air and Water,
20111982,Farmers Electric Cooperative,
20111984,Farmworker Association of Florida,
20111986,Fashion Jewlery Trade Association,FJTA
20111987,Fashion Model Fairness Project,
20111995,Federal Protective Service Local 918,AFGE
20111997,Federation of Exchange Accommodators,FEA
20111998,Federation of Responsible Citizens,
20112001,Fermi Research Alliance,
20112004,Fiber Broadband Association,FBA
20112009,Cure SMA,
20112010,Financial Education and Counseling Alliance,
20112013,Financial Planning Coalition,
20112014,Financial Services Institute,FSI
20112023,First Focus Campaign for Children,
20112028,First Party Claims Conference,FPCC
20112029,First Peoples Worldwide,
20112030,First Sale Coalition,
20112037,Fishing Rights Alliance,
20112042,Fix Housing First,
20112052,Florida Admiralty Trial Lawyers Association,
20112053,Florida Consortium of Public Charter Schools,FCPCS
20112057,Florida Institute for Human and Machine Cognition,IHMC
20112058,Florida International Bankers Association,FIBA
20112060,Florida Manufacturing Extension Partnership,
20112062,Florida Restaurant and Lodging Association,FRLA
20112069,Food and Water Watch,
20112070,Food Allergy Research & Education,FARE
20112071,Food Allergy Project,
20112072,Global Food Safety Initiative,
20112073,Football Bowl Association,
20112077,Forest Land Owners Tax Council,
20112080,Forever Families,
20112089,Fort Lewis College Foundation,
20112101,National Park Foundation,
20112102,Nativity and Miguel Schools,
20112104,Fractured Atlas,
20112105,Franchise Management Advisory Council,
20112113,Franks Landing Indian Community,
20112117,Free Enterprise Fund,
20112119,Free Library of Philadelphia Foundation,
20112120,Free To Grow,
20112123,Freedom's Watch,
20112125,Freelancers Union,
20112127,Freezer Longline Coalition,
20112132,,
20112135,Friends of Pathways,
20112136,Friends of City Park,
20112138,Friends of the Arts,
20112139,Friends of the Cruiser Olympia,
20112140,Friends of The Global Fight,
20112151,Fundacion Accion Democratica Puertorriquena,
20112155,Fur Wraps the Hill,
20112222,Generators for Clean Air Coalition,
20112226,United to End Genocide,UEG
20112238,Georgia Agricultural Commodity Commission for Cotton,
20112240,Georgia Pecan Growers Association,
20112241,Georgia Research Alliance,GRA
20112243,Geosynthetic Materials Association,GMA
20112244,Geothermal Exchange Organization,GEO
20112245,Geothermal Heat Pump National and International Initiative,
20112256,Gift of Hope Organ and Tissue Donor Network,
20112261,Girl Scouts of Southwestern Michigan,
20112262,Give Every Child a Chance,
20112270,Global Action for Children,GAC
20112278,,
20112292,Golden Gate National Parks Conservancy,
20112296,Good Shepherd Services,
20112302,Goodwill NY/NJ,
20112306,Government Withholding Relief Coalition,
20112315,Grand Strand Coastal Alliance,
20112316,Grand Strand Fishing Alliance,
20112325,Great Alaska Council of Boy Scouts,
20112331,Great Lakes Indian Fish & Wildlife Commission,GLIFWC
20112332,Great Lakes Trade Corridor,
20112336,Greater Cheyenne Chamber of Commerce,
20112339,Greater Kansas City Community Foundation,
20112349,Green Tech Action Fund,GTAF
20112350,Green for All,
20112370,,
20112371,Growth Energy,
20112377,Guidiville Band of Pomo Indians,
20112378,,
20112381,Gulf Economic Survival Team,GEST
20112401,HIT Liability Coalition,
20112421,Hands Off the Internet,
20112422,Hands on Science Partnership,
20112441,Harlem United,
20112442,,
20112444,Harris County Healthcare Alliance,
20112456,Hazel Hawkins Hospitals Foundations,
20112460,Health Care for America NOW!,HCAN
20112462,Health IT Now Coalition,HITN
20112464,Health and Hospitals,
20112466,HealthCorps,HMS
20112469,HealthStar,
20112473,Healthfirst,
20112477,Healthy Habitats Coalition,
20112478,Heard Museum,
20112480,Heart Rhythm Society,
20112481,Heart of a Champion,
20112482,Heartland Family Service,
20112495,Kessler Foundation,
20112496,Henry Mayo Newhall Memorial Health Foundation,
20112499,Cure HHT Foundation,
20112500,Heritage Action of America,
20112501,Heritage Fund,UNESCO
20112514,High Tech Spectrum Coalition,
20112515,Higher Education Allied Health Leaders Coalition,
20112519,Highland Rivers Community Service Board,
20112520,Hightech Shippers' Coalition,
20112528,United States Hispanic Chamber of Commerce,USHCC
20112529,Hispanic Scholarship Fund,HCF
20112530,Hispanic Communications Network,
20112531,Hispanic Dental Association,
20112532,Hispanic Lobbyists Association,
20112534,Historic Tax Credit Coalition,
20112535,Historical Society of Pittsburgh,
20112537,Hmong Advancement,
20112542,,
20112544,Holocaust Survivor Foundation,
20112548,Home Health Advocacy Coalition,
20112552,Homeownership Preservation Foundation,
20112553,Homes for America Alliance,
20112554,Homestretch,
20112556,Honest Honey Initiative,
20112557,Honeywell Institute for Ecosystems Education,
20112560,Hopelab,
20112566,Hosanna House,
20112567,Hospice and Pallative Nurses Association,HPNA
20112569,Hospital and Healthsystem Association of Pennsylvania,HAP
20112576,House Institute Foundation,
20112577,Housing Advisory Group,
20112579,Housing Development and Neighborhood Preservation Corporation,
20112580,Housing Finance Alliance,
20112581,,
20112589,Hudson Guild,
20112594,Human Rights at Home Campaign,
20112596,Humanity United,
20112605,Huntsville Hospital Foundation,
20112617,Hydrogen Advisory Council,
20112646,Infectious Disease Research Institute,IDRI
20112663,Institute for 21st Century Energy,
20112664,Institute for Energy and Environmental Research,IEER
20112665,Institute for Hepatitis and Virus Research,
20112667,Institute of the North,
20112680,Interamerican College of Physicians and Surgeons,ICPS
20112681,Inter-Cooperative Exchange Policy Advocacy Committee,
20112685,Interactive Media Entertainment and Gaming Association,
20112693,International Association of Medical Equipment Remarketers and ServicersIAMERS,
20112695,International Biometrics and Identification Association,
20112696,Graphic Communications Conference,GCC
20112698,International Contrast Ultrasound Society,
20112699,International Copper Association,
20112700,International Democracy,
20112701,International Emissions Trading Association,IETA
20112703,International Essential Tremor Foundation,IETF
20112708,International Game Fish Association,IGFA
20112710,International Housing Coalition,IHC
20112716,International Packaged Ice Association,
20112717,International Partnership for Microbicides,IPM
20112718,International Stability Operations Association,ISOA
20112719,International Pharmaceutical Aerosol Consortium,IPAC
20112721,International Planned Parenthood Federation/Western Hemisphere Region,IPPF-WHR
20112723,International Premium Cigar and Pipe Retailers Association,IPCPR
20112731,Interoptek,
20112737,Intrathecal Custody Account Supporters,
20112749,Investor Advisor Association,
20112755,Iowa Healthcare Collaborative,IHC
20112759,Iranian-American Community of Northern California,IACNORCAL
20112760,Iranian-American Community of North Texas,IACNT
20112761,Iraq and Afghanistan Veterans of America,IAVA
20112766,Irish Breakfast Club Leaders Political Action Committee,
20112767,Irish Lobby for Immigration Reform,ILIR
20112770,Island Press,
20112773,J Street,
20112797,Jack's Place for Autism,
20112816,JASON Project,
20112834,Jimmie Hale Mission,
20112854,Just Detention International,
20112896,Keep Our Mission PAC,
20112910,Kern Council of Governments,
20112915,Ketchikan Indian Community Housing Authority,
20112922,Keystone Fund,
20112924,Kids Come First - A Coalition for Childcare,
20112925,KidsVoice,
20112926,Kidsave International,
20112931,Kimmel Center,
20112943,Klamath Basin Rangeland Trust,
20112946,Knife Rights,
20112951,KnowledgeWorks Foundation,
20112982,LA's Best,
20112983,L.A. Inc.,
20112991,LEGPAC,
20113008,Labor Industry Nuclear Loan Guarantee Coalition,
20113009,Labor and Employment Strategies,
20113010,Labor and Industry for Education,
20113017,Lake Cumberland Association,
20113030,Langston for the 21st Century,
20113036,Large Urology Group Practice Association,LUGPA
20113042,Last Chance for Patient Choice,
20113043,Latina Reproductive Health Project,
20113044,Latino Health Access,
20113046,Laureate Education,
20113047,Laurel House,
20113056,Pediatric Endocrine Society,PES
20113063,Leadership 18,
20113064,Leading Builders of America,
20113065,LeadingAge,
20113067,League of American Orchestras,
20113068,Learning Forward,
20113076,Legal Action Center,
20113078,Legwear Coalition for Consumer Product Safety,
20113102,Liberty Resources,
20113109,Life Insurance Settlement Association,LISA
20113113,LifeMasters Supported Selfcare,
20113118,Lighter Association,
20113122,Lil' Brown Smoke Shack,
20113129,"Linking Employment, Abilities and Potential",LEAP
20113130,Lions Clubs International,
20113136,Little Kids Rock,
20113141,LiveWell Colorado,
20113143,Livestock Marketing Association,
20113144,Livestrong Foundation,
20113145,Loan Syndications and Trading Association,LSTA
20113146,Local Government Coalition for Renewable Energy,
20113147,Local Health Plans of California,
20113159,Lone Star Project,
20113167,Los Angeles Airport Peace Officers Association,LAAPOA
20113168,LA BioMed,
20113170,,
20113174,Louisiana Association of Affordable Housing Providers,
20113175,Louisiana Children's Museum,
20113176,Louisiana Credit Union League,
20113179,Louisiana Primary Care Association,
20113181,Louisiana Reform PAC,
20113186,Low Income Investment Fund,
20113188,Passaic River Coalition,
20113189,Lower Passaic River Study Area Cooperating Partners,
20113194,,
20113199,Luke Commission,
20113202,GO2 Foundation for Lung Cancer,LCA
20113203,Lupus Research Institute,
20113210,,
20113218,M-PAC,
20113219,MSR Public Power Agency,
20113226,Medicare Advocacy Recovery Coalition,
20113228,MATCH Coalition,
20113234,Microelectronics Center of North Carolina,
20113242,MED-IQ,
20113247,MEND Foundation,
20113254,,
20113260,Association of Magazine Media,MPA
20113264,MSB Coalition,
20113282,Major Cities Chiefs Association,MCCA
20113283,Major County Sheriff's Association,MCSA
20113284,Major Initiative to Keep Electing Republicans,
20113285,Make It Right Foundation,
20113291,Mandel Foundation,
20113295,Manufacturing Policy Project,
20113300,Marcellus Shale Coalition,
20113304,Maricopa Association of Governments,MAG
20113307,Marine Conservation Institute,MCBI
20113313,Maritime Information Services of North America,
20113324,Mary's Political Action Committee,
20113325,Maryland Centers Against State Execution,
20113335,,
20113337,MassBio,
20113349,Maui Economic Opportunity,
20113358,Maybach Foundation,
20113361,Everytown for Gun Safety,
20113362,Mayors and Commissioners Coalition,
20113363,Mayors and Municipalities Automotive Coalition,
20113369,McCarton Foundation,
20113383,,
20113390,MedicAlert Foundation,
20113393,Medicaid Health Plans of America,MHPA
20113396,Medical Imaging and Technology Alliance,MITA
20113397,Medical Transcription Industry Association,MTIA
20113399,Medicare Chronic Care Practice Research Network,
20113404,Melanoma Research Foundation,
20113412,Mental Health America,
20113413,Mentor,
20113414,Merced County Association of Governments,
20113450,Miami-Dade Limestone Products Association,
20113451,MichBio,
20113455,Michigan Aerospace Manufacturers Association,MAMA
20113456,Michigan Health and Hospital Association,
20113463,Mid-Atlantic Laborers,
20113464,Mid-Sized Bank Coalition,
20113465,Mid-Tier Alliance,
20113467,Middle States Commission on Higher Education,MSA
20113471,Midlands Technical College Foundation,
20113474,Midwest Affordable Housing Corporation,
20113475,Midwest Dairy Coalition,
20113476,Midwest Electric Consumers Association,
20113480,Mike PAC,
20113484,Military Child Education Coalition,
20113485,Maryland & Virginia Milk Producers Cooperative,
20113487,Millennium Health,
20113500,Mining Awareness Resource Group,
20113506,Minnesota Society of Anesthesiologists,
20113507,Minnesota State Association of Narcotics Officers,
20113516,Mississippi Organ Recovery Agency,
20113518,Missouri Biotechnology Association,MOBIO
20113520,Missouri Coalition for Historic Preservation and Economic Development,
20113526,Modular Building Institute,
20113531,Mohave Electric Cooperative,
20113539,Money Management International,MMI
20113543,Monmouth Medical Center Foundation,
20113547,,
20113559,Morgan Memorial Goodwill Industries,
20113561,Morganza Action Committee,
20113574,MDI Biological Laboratory,
20113577,Mountain West Conference,
20113578,Mountaineer PAC,
20113579,Mountainland Association of Governments,
20113580,Movimiento Independentista Nacional Hostosiano,MINH
20113581,Movimiento Seis De Mayo,
20113590,,
20113591,,
20113592,,
20113593,MusiCares,
20113594,Music First Coalition,
20113597,Myositis Association,
20113599,Myrtle Beach Performing Arts Center,
20113601,Mystery Shopping Providers Association,MSPA
20113603,National Association of Drug and Alcohol Counselors,
20113605,National Association of Farm Service Agency County Office Employees,NASCOE PAC
20113614,Next Generation Nuclear Plant,
20113622,NU America PAC,
20113627,Outward Bound New York City,
20113628,NYCooperatives,
20113640,National Abstinence Education Association,
20113641,National All-Jersey,
20113642,National Alliance for Hospice Access,
20113643,National Alliance for Nursing Education,
20113644,National Alliance of Forest Owners,NAFO
20113645,National Alliance on Mental Illness,NAMI
20113647,National Association for Behavioral Healthcare,NABH
20113648,National Association for Business Statistics and Information Systems,
20113649,National Association for Relationship and Marriage Education,
20113650,National Association for State Community Services Programs,NASCSP
20113651,National Association for Surface Finishing,NASF
20113652,National Association for the Employment of People Who Are Blind,
20113653,National Association for the Exchange of Industrial Resources,NAEIR
20113654,National Association of Agriculture and Food Policy,
20113655,National Association of Certified Professional Midwives,NACPM
20113656,National Association of Charter School Authorizers,NACSA
20113657,National Association of Credit Specialists,
20113658,National Association of Crop Insurance Agents,
20113659,National Association of Drug Court Professionals,NADCP
20113660,National Association of Exclusive Buyer Agents,NAEBA
20113661,National Association of Independent Review Organizations,
20113662,National Association Medical Staff Services,NAMSS
20113663,National Association of Ordnance and Explosive Waste Contractors,
20113664,National Association of Printing Leadership,
20113665,Professional Background Screening Association,PBSA
20113666,National Association of Responsible Home Rebuilders and Investors,
20113667,National Association of Securities Professionals,NASP
20113668,National Association of Shell Marketers,NASM
20113670,National Association of Spine Specialists,
20113671,National Association of State EMS Officials,NASEMSO
20113672,National Association of State Fire Marshals,NASFM
20113673,National Association of State Head Injury Administrators,NASHIA
20113674,National Association of State Park Directors,
20113675,National Association of Therapeutic Schools and Programs,NATSAP
20113676,National Association of Trailer Manufacturers,
20113677,National Association of Tribal Historical Preservation Officers,
20113680,National Braille Press,NBP
20113681,National Business Group on Health,NBGH
20113682,National Catastrophe Adjusters,
20113684,National Center for American Indian Enterprise,NCAIED
20113686,Gundersen National Child Protection Training Center,
20113687,National Citizenship and Immigration Services Council,
20113688,WomenHeart,
20113689,National Coalition of African American Owned Media,
20113691,National Commission on Energy Policy,
20113692,National CORE,
20113693,National Community for Latino Leadership,
20113694,Uniform Law Commission,ULC
20113695,National Conference on Soviet Jewry,NCSJ
20113696,National Council for Diversity in the Health Professions,
20113697,National Council for History Education,NCHE
20113698,National Council on Family Violence,
20113699,National Defense Committee,
20113700,National Down Syndrome Congress,NDSC
20113701,National Earthquake Hazards Research Programs Coalition,
20113702,National Eating Disorders Association,NEDA
20113703,National Ecological Observatory Network,NEON
20113704,NEDA/CAP,NCAP
20113705,National Finishing Contractors Association,
20113706,National Flea Market Association,NFMA
20113707,National Forum to Accelerate Middle Grades Reform,
20113708,National Foundation for Debt Management,NFDM
20113710,National Fusion Center Association,NFCA
20113711,National LGBT Chamber of Commerce,NGLCC
20113712,National Grocers Association of California,
20113713,National Health Freedom Action,NHFA
20113714,National Health Policy Group,
20113715,National Hispanic Coalition of Federal Aviation Employees,NHCFE
20113716,"National Home Performance Council, Inc.",
20113717,National Immigration Forum Action Fund,
20113718,National Indian Health Board,NIHB
20113719,National Installment Lenders Association,
20113721,National Italian American Sports Hall of Fame,NIASHF
20113722,National Japanese American Memorial Foundation,NJAMF
20113723,National Kidney Foundation Of Hawaii,NKFH
20113724,National Math and Science Initiative,NMSI
20113726,National Museum of Industrial History,NMIH
20113727,National Network of Depression Centers,NNDC
20113729,NORC at the University of Chicago,NORC
20113730,National Organication of Nurse Practitioner Faculties,
20113731,National Organization for Marriage,NOM
20113732,National Organization of State Offices of Rural Health,NOSORH
20113733,National PAC,
20113735,National Physical Science Consortium,NPSC
20113736,NPV Initiative,NPVIC
20113738,National Private Duty Association,
20113739,National Public Employer Labor Relations Association,NPELRA
20113741,National Public Sector Healthcare Roundtable,
20113744,National Religious Campaign Against Torture,NRCAT
20113745,National Religious Partnership for the Environment,NRPE
20113746,National Retiree Legislative Network,NRLN
20113749,National Senior Corps Association,NSCA
20113750,,
20113751,National Society of Certified Healthcare Business Consultants,NSCHBC
20113753,National Student Loan Program,
20113754,National Sustainable Agriculture Coalition,NSAC
20113755,National Trauma Institute,NTI
20113756,National Turfgrass Federation,NTF
20113757,National Women's Hall of Fame,NWHF
20113758,"National Women, Infants, and Children's Grocers Association",
20113759,National Youth Advocacy Coalition,
20113761,Native American Contractors Association,NACA
20113767,NatureBridge,
20113770,,
20113771,Navajo Nation Public Safety Committee,
20113772,,
20113776,Navopache Electric Co-Op,
20113782,Neighborhood Solutions,
20113790,NetChoice,
20113795,Innovative Payments Association,IPA
20113796,Network for Investor Action and Protection,NIAP
20113797,Network For Teaching Entrepreneurship,NFTE
20113799,Networks Financial Institute,
20113802,Neurotechnology Industry Organization,NIO
20113804,New American Economy Action Fund,
20113810,New England Apple Council,
20113811,New England Teamsters Pension Fund,
20113818,New Jersey Council of Teaching Hospitals,NJCTH
20113819,New Market Veteran,
20113822,New Orleans Area Redevelopment Leadership,
20113823,New Orleans Business Council,
20113827,New Profit,
20113828,New Schools Venture Fund,
20113830,New Venture Fund,NVF
20113831,New Water Supply Coalition,
20113835,New York State Coalition of Managed Long Term Care and PACE Plans,
20113836,New York State Coalition of Prepaid Health Services Plans,
20113837,New York Stem Cell Foundation,NYSCF
20113843,,
20113848,Newton Marasco Foundation,
20113869,,
20113873,Nobilis,
20113885,North America Freight Car Association,NAFTCA
20113886,North American Conference of Provincials,
20113887,North American Deer Farmers Association,NADeFA
20113888,North American Metal Packaging Alliance,
20113890,North Carolina Association of Electric Cooperatives,NCAEC
20113891,"North Carolina Beach, Inlet & Waterway Association",NCBIWA
20113892,North Carolina Military Foundation,
20113893,North Carolina Sweet Potato Commission,NCSPC
20113904,North Illinois Local Government Public Improvement Consortium,
20113906,North Lake Tahoe Resort Association,NLTRA
20113908,North Metro I-35 Corridor Coalition,
20113918,Northeastern Pennsylvania Technology Institute,
20113920,Northern Border Customs Brokers Association,
20113921,Northern California Institute for Research and Education,
20113923,Northern Manhattan Improvement Corporation,NMIC
20113932,Northwest Evaluation Association,NWEA
20113934,American Exploration & Mining Association,AEMA
20113935,Northwest Natural Resource Group,NNRG
20113953,Nursing Organizations Alliance,NOA
20113961,,
20113963,Orbis,
20113969,,
20113971,,
20113972,Ob-Gyns for Women's Health,
20113974,Obesity Action Coalition,OAC
20113975,Ocean Carrier Equipment Management Association,OCEMA
20113976,Ocean Champions,
20113977,Ocean Renewable Energy Coalition,OREC
20113978,Ocean Stewards Institute,
20113990,Ohio Chamber of Commerce,
20113994,Ohio Job and Family Services Director's Association,OJFSDA
20113996,Ohio State Medical Association,OSMA
20113998,Oilfield Services and Drilling Industry Coalition,
20114002,Oklahoma Independent Petroleum Association,OIPA
20114005,Olive Crest,
20114015,OncoLogics,
20114023,Online Consumers Network,
20114024,Online Lenders Alliance,OLA
20114025,Digital Content Next,DCN
20114030,Open Allies for Airfare Transparency,
20114031,Open Internet Coalition,
20114033,Open Space Institute,OSI
20114034,Operation Spring Plant,
20114036,Opportunity Village,
20114043,Orange County Employees Association,OCEA
20114044,Orange County Great Park Corporation,
20114050,Archons of the Ecumenical Patriarchs,
20114051,Oregon Association of Nurseries,OAN
20114053,Oregon Forest Industries Council,OFIC
20114060,Organic Arsenical Products Task Force,OAPTF
20114062,Organizations of Teratology Information Services,OTIS
20114063,Oriana House,
20114080,OI Foundation,OIF
20114085,Ounce of Preservation Fund,
20114088,Over the River Project,
20114104,PE4Life,
20114113,PNGC Power,
20114116,ProEnglish,
20114117,PSC- Chinese Drywall,
20114120,Coalition for a Healthy Oregon,
20114122,Pacific Alliance Medical Center,
20114123,Pacific Asian Consortium for Employment,PACE
20114133,,
20114147,,
20114155,Parent-Child+,
20114157,ParentalRights.org,
20114158,Parents Against Tired Truckers,PATT
20114165,Partnership for America,
20114166,Partnership to Fight Chronic Disease,PFCD
20114170,Paskenta Band of Nomlaki Indians,
20114172,Pasta Dumping Coalition,
20114173,,
20114177,Patriot Group International,PGI
20114185,Peace House Foundation,
20114193,Pellet Fuels Institute,PFI
20114196,Penguin PAC,
20114200,Pennsylvania Association for the Blind,PAB
20114201,Life Sciences Pennsylvania,LSPA
20114205,Penny PAC,
20114209,PenFed,PenFed
20114210,Pentagon Memorial Fund,
20114211,Penumbra Theatre Company,
20114213,People Inc.,
20114215,Per Scholas,
20114225,Personal Spaceflight Federation,
20114226,Personalized Medicine Coalition,PMC
20114228,Pesticide Registration Improvement Act Coalition,
20114233,"Pflug, Jackie Ning and Other American Victims of EgyptAir #648",
20114234,Pharmaceutical Research and Manufacturers of America,PhRMA
20114235,Pharmaceutical Industry Labor Management Association,PILMA
20114241,Philadelphia Academies,
20114243,Roman Catholic Archdiocese of Philadelphia,
20114258,Physician Groups for Coordinated Care,
20114259,Physician Hospitals of America,PHA
20114263,PickensPlan.com,
20114277,Pittsburgh Airport Area Chamber of Commerce,PAACC
20114278,Pittsburgh Ballet Theatre,PBT
20114279,Pittsburgh Cultural Trust,PCT
20114284,,
20114285,,
20114287,Planned Parenthood,
20114291,Playoff PAC,
20114296,,
20114304,Police Organization Providing Peer Assistance,POPPA
20114305,PolicyLink,
20114310,Polyethylene Retail Carrier Bag Committee,
20114317,Population Services International,PSI
20114323,Port of San Diego Ship Repair Association,
20114330,,
20114333,,
20114336,Prader Willi Syndrome Association of Colorado,
20114343,Pre-K Now,
20114345,Precision Machined Products Association,PMPA
20114346,Precision Metalforming Association,PMA
20114347,Preeclampsia Foundation,
20114351,Preservation Stations Preserve,
20114352,Preserve America Coalition,
20114357,Priest Lake Permittees Association,
20114377,Private Corrections Institute,PCI
20114378,American Investment Council,AIC
20114379,Private Investor Coalition,
20114380,Private Label Manufacturers Association,PLMA
20114382,ProLiteracy,
20114392,Professional Beauty Association,PBA
20114393,Professional Golfers' Association of America,PGA
20114394,Professional Pilots Federation,
20114397,Program for Appropriate Technology in Health,PATH
20114398,Progress PAC,
20114399,Project Management Institute,PMI
20114400,Project Medishare,
20114408,Promotional Products Association International,PPAI
20114409,Property and Casualty Leaders Coalition,
20114414,ProtectSeniors.org,
20114415,Protecting America.org,
20114417,Protestant Episcopal Cathedral Foundation,
20114420,Prothrombin-time Self Testing Coalition,
20114428,Public Affairs Alliance of Iranian Americans,PAAIA
20114429,Public Health Management Corporation,PHMC
20114430,Public Museum of West Michigan,
20114432,Pueblo of Laguna Development Corporation,
20114457,Quality Diabetes Care Coalition,
20114458,Quality Parts Coalition,QPC
20114465,Qutekcak Tribe,
20114467,R&D Coalition,
20114474,Railroad Cooperation & Education Trust,RAILCET
20114482,RES Alliance for Jobs,
20114483,RESPECT Act Coalition,
20114496,Radiation Therapy Alliance,RTA
20114505,Ramah Navajo Chapter of the Navajo Nation,
20114512,Raptor Breeders of America,
20114520,Reading Recovery Council of North America,RRCNA
20114521,Real Estate Investment Securities Association,REISA
20114522,Real Estate Valuation Advocacy Association,REVAA
20114524,RealityCharity,
20114527,Rebuilding Together,
20114534,Red Tipped Arrow,
20114550,Reid Community Development Corporation,
20114551,Robin PAC,ROBIN PAC
20114556,Religious Voices in Broadcasting,
20114572,Republican Majority for Choice,RMC
20114573,Republican National Lawyers Association,RNLA
20114574,Republican River Basin Coalition,
20114576,Research Corporation for Science Advancement,RCSA
20114577,"Research, Education & Training Reauthorization Coalition",
20114579,ResNet,RESNET
20114583,Resources Legacy Fund,GOCO
20114587,Reuniting Our Country PAC,
20114590,Revere America,
20114631,Rocky Mountain Biological Laboratory,RMBL
20114637,Rolling Plains Cotton Growers,
20114647,Rosie's For All Kids Foundation,
20114650,Roundtable on Critical Care Policy,
20114657,Competitive Carriers Association,CCA
20114658,Rural Development Leadership Network,
20114664,S&P Global,
20114665,S&K Technologies,
20114671,SCORE Foundation,
20114674,SEC RULE 151A Coalition,
20114675,SECO International,
20114678,,
20114681,SGA Youth and Family Services,
20114687,Student Loan Auction Rate Securities,SLARS
20114701,Scholarly Publishing and Academic Resources Coalition,SPARC
20114709,STEM Education Coalition,
20114718,,
20114719,Sacandaga Protection Committee,
20114720,Sacramento Metropolitan Chamber of Commerce,
20114723,Safe Kids Worldwide,
20114725,340B Health,SNHPA
20114745,,
20114749,San Luis Rey Indian Water Authority,
20114757,Sanford Burnham Prebys Medical Discovery Institute,
20114759,Santa Barbara County Association of Governments,SBCAG
20114760,Santa Clarita Valley Committee on Aging,
20114766,Sarah Heinz House,
20114772,Save Ellis Island,
20114773,Coalition to Protect California's Parks and Beaches,
20114774,Save the Children USA,
20114775,Saving Our Service,
20114777,Scallop Fishing Capacity Reduction Coalition,
20114781,Scheu Family YMCA of Upland,
20114782,School Nutrition Association,SNA
20114788,Sci-Port Louisiana's Science Center,
20114790,Science Festival Foundation,
20114794,Scleroderma Foundation,
20114797,,
20114809,Search Institute,
20114811,Second Genesis,
20114815,Section 883 Compliance Coalition,
20114817,Secure ID Coalition,
20114821,Securities Industry and Financial Markets Association,SIFMA
20114824,Seismological Society of America,SSA
20114830,"Self Enhancement, Inc.",
20114832,Health hazards in semiconductor manufacturing occupations,
20114836,Senior Pilots Coalition,
20114847,Services & Advocacy for GLBT Elders,SAGE
20114848,Serving America's Citizens PAC,
20114850,Shaggers' Hall of Fame Foundation,
20114851,Shallow-Water Energy Solution Coalition,
20114855,Shareholder Communications Coalition,
20114856,Shareholder's Alliance,
20114859,,
20114863,Shelf-Stable Food Processors Association,
20114873,Shingle Springs Rancheria,
20114876,Short Line Tax Policy Coalition,
20114878,Show Me Energy Cooperative,
20114879,Shower Door Manufacturers Alliance,
20114890,Silica Fume Association,
20114908,Single Stop,
20114911,Sisters of Charity Foundation,
20114913,Sitnasuak Native Corporation,
20114917,Skookum Contract Services,
20114925,Sleep Research Society,SRS
20114927,Small Business Alliance for Nutrition,
20114928,Small Business Timber Council,
20114929,Small Business Workforce Alliance,
20114934,Smith River Rancheria,
20114937,Snell Memorial Foundation,
20114942,Society for Cardiovascular Angiography and Interventions,SCAI
20114943,Society for Cardiovascular Magnetic Resonance,SCMR
20114944,Society for Developmental and Behavioral Pediatrics,SDBP
20114945,Society for Integrative and Comparative Biology,SICB
20114946,Society of Behavioral Medicine,SBM
20114947,Society of Hospital Medicine,SHM
20114948,Society of Wetland Scientists,SWS
20114952,Solar Alliance,
20114971,Sonoma Technology,
20114978,Sound Initiative,
20114979,South Baldwin Chamber of Commerce,
20114983,South Com,
20114991,South Suburban Coalition,
20114997,Southeastern Fisheries Association,
20114999,Southern Association of Colleges and Schools,SACSCOC
20115001,,
20115018,Speak Up America PAC,
20115019,Special Needs Plan Alliance,
20115020,Specialists on Call,
20115022,Specialty Graphic Imaging Association,SGIA
20115025,Specialty Vehicle Industry Association,
20115031,SMA Foundation,SMA
20115034,Sports Fans Coalition,
20115035,Sports and Entertainment Risk Management Alliance,
20115036,Sportsmen for Fish and Wildlife,
20115040,St. Albans Cooperative Creamery,
20115052,,
20115079,State Capitals Organized to Protect America,
20115080,State Fund Congressional Action Group,
20115085,,
20115088,HIE Coalition,
20115100,Steven and Michele Kirsch Foundation,
20115101,,
20115106,Strategic Learning Initiatives,
20115107,Strategic Marketplace Initiative,
20115111,,
20115117,Student Assistance Foundation,
20115118,Students Against Destructive Decisions,SADD
20115119,Students for Sensible Drug Policy,
20115126,Success for Kids,SFK
20115133,Sulphur Springs Valley Electric Cooperative,
20115135,Summit Water Distribution Company,
20115145,Sunlight Foundation,
20115149,Sunshine Health Freedom Foundation,
20115178,Synthetic Turf Council,
20115179,Syracuse Symphony Orchestra,
20115186,Association for the Severely Handicapped,TASH
20115196,THEARC,
20115201,TKC Aerospace,
20115212,TV4US,
20115221,Tamil American Peace Initiative,
20115223,Tampa Bay Advocates for Regional Transportation,
20115229,Tariff Action Coalition,
20115231,Tax Problem Resolution Services Coalition,
20115232,Tax Relief Coalition,
20115239,TechServe Alliance,
20115244,TechAmerica,
20115245,Technology CEO Council,
20115255,Telehealth Leadership Initiative,
20115261,Tennessee Walking Horse Trainers Association,
20115269,Terrebonne Navigation Coalition,
20115275,Texas Academy of Compounding Pharmacists,
20115276,Texas Alliance of Energy Producers,
20115277,Texas Association for Home Care and Hospice,
20115278,Texas Association of Community Health Centers,
20115282,Texas Employers for Immigration Reform,
20115283,Texas Energy Coalition,
20115284,Texas Medical Liability Trust,
20115288,Texas Wildlife Association,
20115293,Agile Funds Investor Committee,
20115294,Alliance for Home Health Quality and Innovation,
20115295,Alliance of Catholic Health Care,
20115297,American Racing Pigeon Union,
20115299,Arc of Florida,
20115300,Arizona Electric Power Cooperative,
20115301,Association of Settlement Companies,
20115302,Association of Ship Brokers and Agents,
20115303,Authors Guild,
20115308,Bone Coalition,
20115309,Brain Tumor Foundation,
20115310,Breast Foundation,
20115311,Brewers Association,
20115313,Broadway League,
20115315,Burnham Institute,
20115316,Critical Path Institute,
20115318,Care Group,
20115319,Center for Empowered Living and Learning,CELL
20115321,Project Child,
20115322,Children's Aid Society,
20115324,Children's Partnership,
20115325,Clean Air Trust,
20115326,Clearing House Association,
20115327,The Cleveland Foundation,
20115329,Coalition for Capital Construction Fund,
20115330,Coalition for Educational Success,
20115331,Coalition for Online Accountability,
20115332,Coalition for Transportation Productivity,
20115334,College Entrance Examination Board,CEEB
20115335,The Colorado Health Foundation,
20115340,Continuum of Care,
20115342,Digital Goods Coalition,
20115343,Eurasia Foundation,
20115347,,
20115349,First Five Years Fund,
20115350,Food Allergy and Anaphylaxis Network,
20115351,AmfAR,
20115352,Foundation for Alternative and Integrative Medicine,
20115353,Free Enterprise Nation,
20115354,Friendship Circle,
20115362,Guardian Center,
20115363,The HSA Coalition,
20115364,HSC Foundation,
20115365,Handcrafted Soapmakers Guild,
20115366,Harvest Institute,
20115368,Healy Family Foundation,
20115370,Historical Congressional Cemetary,
20115372,International Wood Products Association,
20115373,Jane Goodall Institute,
20115374,Jeffrey Modell Foundation,
20115380,,
20115381,Medical Device Manufacturers Association,
20115384,Mesabi Fund,
20115385,Meth Project,
20115388,,
20115394,The ROGRAM for Offenders,
20115395,Pacer Center,
20115397,Partnership to Protect Consumer Credit,
20115398,Paso Del Norte Group,
20115401,Philadelphia Orchestra,
20115407,Regional Answer to Canadian National,
20115409,Renewable Energy Markets Association,REMA
20115410,Revolving Door Working Group,
20115415,Samuel Roberts Noble Foundation,
20115418,Ship Agents Coalition,
20115420,,
20115422,Society for Healthcare Epidemiology of America,
20115423,Spirit Fund,
20115425,Taxpayers Network,
20115427,Town Hall Foundation,
20115428,Trauma Center Association of America,TCAA
20115432,The Vision Council,
20115433,Wakpa Sica Historical Society,
20115434,,
20115435,ThedaCare Center for Healthcare Value,
20115441,They Work For Us,
20115459,Thoroughbred PAC,
20115465,Thurgood Marshall College Fund,TMCF
20115466,Thurgood Marshall Scholarship Foundation,
20115470,Tides Advocacy,
20115471,Tides/Electronics Takeback Coalition,
20115477,Tile Roofing Institute,
20115483,Tire Industry Association,
20115493,,
20115494,Total Community Options Foundation,
20115505,Trade Remedy Reform Action Coalition,
20115507,Traffic Safety Alliance for Education,
20115517,Transmission Coalition,
20115522,Transportation for America,
20115524,Travel Goods Association,
20115527,Travois,
20115529,Treated Wood Council,
20115534,,
20115536,Trico Electric Cooperative,
20115541,,
20115544,,
20115552,True Source Honey Initiative,
20115556,Trust for Architectural Easements,
20115557,Trust for the National Mall,
20115558,Trusted Importer Coalition,
20115560,Truthful Labeling Coalition,
20115565,Tulare County Association of Governments,
20115570,Turkish Coalition USA PAC,TC-USA PAC
20115573,Tutor Our Children,
20115576,Next Avenue,
20115581,,
20115583,US-Armenia Public Affairs Committee,
20115584,Center for Capital Markets Competitiveness,
20115585,US Coalition for Advanced Clean Diesel,
20115586,United States Endowment for Forestry and Communities,
20115588,US Hereditary Angioedema Association,
20115594,Sportsmen's Alliance,
20115595,US Travel Assoication,
20115601,United Migrant Opportunity Services,UMOS
20115604,UsAgainstAlzheimer's,
20115606,Army Women's Foundation,
20115611,USA Science and Engineering Festival,
20115612,USA Swimming,
20115613,USS Saratoga Museum Foundation,
20115629,United Fresh Produce Association,
20115634,United Methodist Children's Home of Alabama and West Florida,
20115635,United Mitochondrial Disease Foundation,
20115637,United Spinal Association,
20115638,United States Advanced Ceramics Association,
20115639,United States Cattlemen's Association,
20115640,Global Innovation Policy Center,GIPC
20115641,United States Clean Heat and Power Association,
20115643,United States Conference of Catholic Bishops,USCCB
20115645,United States Geological Survey Coalition,
20115646,United States High Speed Rail Association,
20115647,United States Maritime Coalition,
20115649,United States Organizations for Bankruptcy Alternatives,
20115652,United States Sweater Coalition,
20115653,U.S.-India Business Council,
20115655,U.S.-Poland Business Council,
20115656,Strada Education Network,
20115658,United Teen Equality Center,
20115659,United Way of Southeastern Michigan,
20115660,United Way of the Texas Gulf Coast,
20115661,United church of Christ Justice and Witness Ministry,
20115662,United for Medical Research,
20115674,Universities Space Research Association,USRA
20115675,University Enterprise Laboratories,
20115677,University Health systems of Eastern Carolina,
20115680,University Physicians Associates of New Jersey,
20115700,Upper Missouri Water Association,
20115701,Upstate Niagara Cooperative,
20115704,UrbanPromise,
20115707,Utah Council for Clean Energy,
20115708,Utah Telecommunication Open Infrastructure Agency,UTOPIA
20115710,Utilities Telecom Council,
20115718,Vaccine Injured Petitioners Bar Association,
20115732,Vehicle Donation Coalition,
20115760,Veterans for America,
20115761,Veterans for Common Sense,VCS
20115762,Veterans Inc.,
20115764,Vets For Freedom,
20115768,"Victims of Terrorism -- Beirut, Lebanon, and East Africa",
20115769,Victoria Business & Educaion Coalition,
20115784,WAVi,
20115788,WTC Families for Proper Burial,
20115789,Business Forum for HR Professionals,
20115797,Wake Forest Institute for Regenerative Medicine,
20115798,Wake Up Wal-Mart,
20115799,Wakefern Food Corporation,
20115801,Wall of Liberty Foundation,
20115814,Washington Area Women's Foundation,
20115815,Washington Biotechnology and Biomedical Association,
20115816,Washington Canoe Club,
20115818,Washington Caucus,
20115820,Washington Credit Union League and Affiliates,
20115821,Washington D.C. Technology Council,
20115830,Water Coalition,
20115831,Water Innovations Alliance,
20115832,Water and Wastewater Equipment Manufacturers Association,
20115835,Waterford Research Institute,
20115836,Waterfront Coalition,
20115849,We Are Golf,
20115850,We Work for Health,
20115868,West Chester Township-Voice of America Park,
20115869,Chabad West Coast,
20115877,Western Center Community Foundation,
20115884,Western Rivers Conservancy,
20115904,Williams Syndrom Association,
20115909,Win America Campaign,
20115910,Wind Hazard Reduction Coalition,
20115911,Window and Door Manufacturers Association,
20115913,WineAmerica,
20115918,Wireless Broadband Coalition,
20115920,Wisconsin Counties Association,
20115921,Wisconsin Health and Hospital Association,
20115923,Wisconsin Public Power,
20115924,Wisconsin State Cranberry Growers Association,
20115928,Wolverine Power Cooperative,
20115929,Women Against Abuse,
20115930,Women's Campaign Forum,
20115931,Women's Center & Shelter of Greater Pittsburgh,
20115932,Women's Initiative for Self-Employment,
20115934,Women's Congressional Policy Institute,
20115935,WomenHeart,
20115937,Woodland Park Zoological Society,
20115938,Woodrow Wilson National Fellowship Foundation,
20115943,Work Colleges Consortium,
20115944,Workers Compensation Fund,
20115945,Workers United,
20115946,Workers' Injury Law and Advocacy Group,
20115947,Working Group for Investment in Reliable and Economic Electric Systems,WIRES
20115948,Working Group on Intangibles,
20115951,World Golf Foundation,WGF
20115952,World Sport Chicago,
20115953,,
20115955,World Wildlife Fund-Endangered Seas Campaign,
20115959,Wounded Warrier Project,
20115962,,
20115963,King James Version,
20115968,X Prize Foundation,
20115976,YAI: Seeing Beyond Disability,YAI
20115979,YMCA of Central Florida,
20115981,YWCA Great Lakes Alliance Region,
20115982,YWCA Pacific Coast Regional Council,
20115983,YWCA Southwest/ Delta Regional Council,
20115984,YWCA of Greater Cleveland,
20115985,YWCA of Greater Los Angeles,
20115986,YWCA of Greater Milwaukee,
20115987,YWCA of Missoula Montana,
20115988,YWCA of the Northeast Region,
20115989,,
20115990,Yakima Basin Storage Alliance,
20115995,Yellow Pages Integrated Media Association,
20115996,,
20115997,,
20116000,Young Audiences of Northeast Ohio,
20116002,Youth First,
20116003,Youth Villages,
20116004,,
20116014,ZERO - The End of Prostate Cancer,ZERO
20116019,,
20116022,Zoological Association of America,ZAA
20116025,,
