granuleId,packageId,date,title,collectionCode,granuleClass,chamber,pagePrefix,bookNumber,detailsLink,txtLink,pdfLink,packageLink,text_readability,text_bs4,parsed_text,relatedLink,docClass,category,lastModified,collectionName,__source_file,text_readability_len,text_bs4_len,parsed_text_len,search_text,search_text_len
CREC-2015-06-19-pt1-PgH4545,CREC-2015-06-19,2015-06-19,Senate,CREC,HOUSE,H,H,1,https://www.govinfo.gov/app/details/CREC-2015-06-19/CREC-2015-06-19-pt1-PgH4545,https://api.govinfo.gov/packages/CREC-2015-06-19/granules/CREC-2015-06-19-pt1-PgH4545/htm,https://api.govinfo.gov/packages/CREC-2015-06-19/granules/CREC-2015-06-19-pt1-PgH4545/pdf,https://api.govinfo.gov/packages/CREC-2015-06-19/summary,"[Congressional Record Volume 161, Number 99 (Friday, June 19, 2015)] [House] [Page H4545] From the Congressional Record Online through the Government Publishing Office [ www.gpo.gov ] [[Page H4545]] ----------------------------------------------------------------------- Senate The Senate was not in session today. Its next meeting will be held on Monday, June 22, 2015, at 3 p.m. ----------------------------------------------------------------------- House of Representatives Friday, June 19, 2015 The House met at noon and was called to order by the Speaker pro tempore (Mr. Thornberry). ____________________",,"[Congressional Record Volume 161, Number 99 (Friday, June 19, 2015)] [House] [Page H4545] From the Congressional Record Online through the Government Publishing Office [ www.gpo.gov ] [[Page H4545]] ----------------------------------------------------------------------- Senate The Senate was not in session today. Its next meeting will be held on Monday, June 22, 2015, at 3 p.m. ----------------------------------------------------------------------- House of Representatives Friday, June 19, 2015 The House met at noon and was called to order by the Speaker pro tempore (Mr. Thornberry). ____________________",https://api.govinfo.gov/related/CREC-2015-06-19-pt1-PgH4545,CREC,Proceedings of Congress and General Congressional Publications,2025-03-07T17:25:32Z,Congressional Record,package_114_98.csv,611,0,611,"[congressional record volume 161, number 99 (friday, june 19, 2015)] [house] [page h4545] from the congressional record online through the government publishing office [ www.gpo.gov ] [[page h4545]] ----------------------------------------------------------------------- senate the senate was not in session today. its next meeting will be held on monday, june 22, 2015, at 3 p.m. ----------------------------------------------------------------------- house of representatives friday, june 19, 2015 the house met at noon and was called to order by the speaker pro tempore (mr. thornberry). ____________________",611
CREC-2015-06-19-pt1-PgH4545-3,CREC-2015-06-19,2015-06-19,PRAYER,CREC,HOUSE,H,H,1,https://www.govinfo.gov/app/details/CREC-2015-06-19/CREC-2015-06-19-pt1-PgH4545-3,https://api.govinfo.gov/packages/CREC-2015-06-19/granules/CREC-2015-06-19-pt1-PgH4545-3/htm,https://api.govinfo.gov/packages/CREC-2015-06-19/granules/CREC-2015-06-19-pt1-PgH4545-3/pdf,https://api.govinfo.gov/packages/CREC-2015-06-19/summary,"[Congressional Record Volume 161, Number 99 (Friday, June 19, 2015)] [House] [Page H4545] From the Congressional Record Online through the Government Publishing Office [ www.gpo.gov ] PRAYER Reverend Dr. Kurt Gerhard, St. Patrick's Episcopal Church, offered the following prayer: O God, who calls all people to live together in love and to seek reconciliation with each other in times of conflict: Inspire in us the will to persevere in accomplishing Your vision for the good of creation. Comfort our fellow citizens who grieve, experience daily injustice, and suffer in mind, body, or spirit. During this session of the 114th Congress, in this, the people's House, may the hearts of the duly elected Representatives be blessed with the integrity of purpose and the steadfast commitment to seek and serve the people of the United States of America for the betterment of this country and the world. We ask this all in the name of the one God, the God of all nations. Amen. ____________________",,"[Congressional Record Volume 161, Number 99 (Friday, June 19, 2015)] [House] [Page H4545] From the Congressional Record Online through the Government Publishing Office [ www.gpo.gov ] PRAYER Reverend Dr. Kurt Gerhard, St. Patrick's Episcopal Church, offered the following prayer: O God, who calls all people to live together in love and to seek reconciliation with each other in times of conflict: Inspire in us the will to persevere in accomplishing Your vision for the good of creation. Comfort our fellow citizens who grieve, experience daily injustice, and suffer in mind, body, or spirit. During this session of the 114th Congress, in this, the people's House, may the hearts of the duly elected Representatives be blessed with the integrity of purpose and the steadfast commitment to seek and serve the people of the United States of America for the betterment of this country and the world. We ask this all in the name of the one God, the God of all nations. Amen. ____________________",https://api.govinfo.gov/related/CREC-2015-06-19-pt1-PgH4545-3,CREC,Proceedings of Congress and General Congressional Publications,2025-03-07T17:25:32Z,Congressional Record,package_114_98.csv,992,0,992,"[congressional record volume 161, number 99 (friday, june 19, 2015)] [house] [page h4545] from the congressional record online through the government publishing office [ www.gpo.gov ] prayer reverend dr. kurt gerhard, st. patrick's episcopal church, offered the following prayer: o god, who calls all people to live together in love and to seek reconciliation with each other in times of conflict: inspire in us the will to persevere in accomplishing your vision for the good of creation. comfort our fellow citizens who grieve, experience daily injustice, and suffer in mind, body, or spirit. during this session of the 114th congress, in this, the people's house, may the hearts of the duly elected representatives be blessed with the integrity of purpose and the steadfast commitment to seek and serve the people of the united states of america for the betterment of this country and the world. we ask this all in the name of the one god, the god of all nations. amen. ____________________",992
CREC-2015-06-19-pt1-PgH4545-2,CREC-2015-06-19,2015-06-19,DESIGNATION OF THE SPEAKER PRO TEMPORE,CREC,HOUSE,H,H,1,https://www.govinfo.gov/app/details/CREC-2015-06-19/CREC-2015-06-19-pt1-PgH4545-2,https://api.govinfo.gov/packages/CREC-2015-06-19/granules/CREC-2015-06-19-pt1-PgH4545-2/htm,https://api.govinfo.gov/packages/CREC-2015-06-19/granules/CREC-2015-06-19-pt1-PgH4545-2/pdf,https://api.govinfo.gov/packages/CREC-2015-06-19/summary,"[Congressional Record Volume 161, Number 99 (Friday, June 19, 2015)] [House] [Page H4545] From the Congressional Record Online through the Government Publishing Office [ www.gpo.gov ] DESIGNATION OF THE SPEAKER PRO TEMPORE The SPEAKER pro tempore laid before the House the following communication from the Speaker: Washington, DC, June 19, 2015. I hereby appoint the Honorable Mac Thornberry to act as Speaker pro tempore on this day. John A. Boehner, Speaker of the House of Representatives. ____________________",,"[Congressional Record Volume 161, Number 99 (Friday, June 19, 2015)] [House] [Page H4545] From the Congressional Record Online through the Government Publishing Office [ www.gpo.gov ] DESIGNATION OF THE SPEAKER PRO TEMPORE The SPEAKER pro tempore laid before the House the following communication from the Speaker: Washington, DC, June 19, 2015. I hereby appoint the Honorable Mac Thornberry to act as Speaker pro tempore on this day. John A. Boehner, Speaker of the House of Representatives. ____________________",https://api.govinfo.gov/related/CREC-2015-06-19-pt1-PgH4545-2,CREC,Proceedings of Congress and General Congressional Publications,2025-03-07T17:25:32Z,Congressional Record,package_114_98.csv,513,0,513,"[congressional record volume 161, number 99 (friday, june 19, 2015)] [house] [page h4545] from the congressional record online through the government publishing office [ www.gpo.gov ] designation of the speaker pro tempore the speaker pro tempore laid before the house the following communication from the speaker: washington, dc, june 19, 2015. i hereby appoint the honorable mac thornberry to act as speaker pro tempore on this day. john a. boehner, speaker of the house of representatives. ____________________",513
CREC-2015-06-19-pt1-PgH4545-4,CREC-2015-06-19,2015-06-19,THE JOURNAL,CREC,HOUSE,H,H,1,https://www.govinfo.gov/app/details/CREC-2015-06-19/CREC-2015-06-19-pt1-PgH4545-4,https://api.govinfo.gov/packages/CREC-2015-06-19/granules/CREC-2015-06-19-pt1-PgH4545-4/htm,https://api.govinfo.gov/packages/CREC-2015-06-19/granules/CREC-2015-06-19-pt1-PgH4545-4/pdf,https://api.govinfo.gov/packages/CREC-2015-06-19/summary,"[Congressional Record Volume 161, Number 99 (Friday, June 19, 2015)] [House] [Page H4545] From the Congressional Record Online through the Government Publishing Office [ www.gpo.gov ] THE JOURNAL The SPEAKER pro tempore. The Chair has examined the Journal of the last day's proceedings and announces to the House his approval thereof. Pursuant to clause 1, rule I, the Journal stands approved. ____________________",,"[Congressional Record Volume 161, Number 99 (Friday, June 19, 2015)] [House] [Page H4545] From the Congressional Record Online through the Government Publishing Office [ www.gpo.gov ] THE JOURNAL The SPEAKER pro tempore. The Chair has examined the Journal of the last day's proceedings and announces to the House his approval thereof. Pursuant to clause 1, rule I, the Journal stands approved. ____________________",https://api.govinfo.gov/related/CREC-2015-06-19-pt1-PgH4545-4,CREC,Proceedings of Congress and General Congressional Publications,2025-03-07T17:25:32Z,Congressional Record,package_114_98.csv,414,0,414,"[congressional record volume 161, number 99 (friday, june 19, 2015)] [house] [page h4545] from the congressional record online through the government publishing office [ www.gpo.gov ] the journal the speaker pro tempore. the chair has examined the journal of the last day's proceedings and announces to the house his approval thereof. pursuant to clause 1, rule i, the journal stands approved. ____________________",414
CREC-2015-06-19-pt1-PgH4545-6,CREC-2015-06-19,2015-06-19,ADJOURNMENT,CREC,HOUSE,H,H,1,https://www.govinfo.gov/app/details/CREC-2015-06-19/CREC-2015-06-19-pt1-PgH4545-6,https://api.govinfo.gov/packages/CREC-2015-06-19/granules/CREC-2015-06-19-pt1-PgH4545-6/htm,https://api.govinfo.gov/packages/CREC-2015-06-19/granules/CREC-2015-06-19-pt1-PgH4545-6/pdf,https://api.govinfo.gov/packages/CREC-2015-06-19/summary,"[Congressional Record Volume 161, Number 99 (Friday, June 19, 2015)] [House] [Page H4545] From the Congressional Record Online through the Government Publishing Office [ www.gpo.gov ] ADJOURNMENT The SPEAKER pro tempore. Without objection, the House stands adjourned until noon on Tuesday next for morning-hour debate. There was no objection. Thereupon (at 12 o'clock and 2 minutes p.m.), under its previous order, the House adjourned until Tuesday, June 23, 2015, at noon for morning-hour debate. ____________________",,"[Congressional Record Volume 161, Number 99 (Friday, June 19, 2015)] [House] [Page H4545] From the Congressional Record Online through the Government Publishing Office [ www.gpo.gov ] ADJOURNMENT The SPEAKER pro tempore. Without objection, the House stands adjourned until noon on Tuesday next for morning-hour debate. There was no objection. Thereupon (at 12 o'clock and 2 minutes p.m.), under its previous order, the House adjourned until Tuesday, June 23, 2015, at noon for morning-hour debate. ____________________",https://api.govinfo.gov/related/CREC-2015-06-19-pt1-PgH4545-6,CREC,Proceedings of Congress and General Congressional Publications,2025-03-07T17:25:32Z,Congressional Record,package_114_98.csv,518,0,518,"[congressional record volume 161, number 99 (friday, june 19, 2015)] [house] [page h4545] from the congressional record online through the government publishing office [ www.gpo.gov ] adjournment the speaker pro tempore. without objection, the house stands adjourned until noon on tuesday next for morning-hour debate. there was no objection. thereupon (at 12 o'clock and 2 minutes p.m.), under its previous order, the house adjourned until tuesday, june 23, 2015, at noon for morning-hour debate. ____________________",518
CREC-2015-06-19-pt1-PgH4545-5,CREC-2015-06-19,2015-06-19,PLEDGE OF ALLEGIANCE,CREC,HOUSE,H,H,1,https://www.govinfo.gov/app/details/CREC-2015-06-19/CREC-2015-06-19-pt1-PgH4545-5,https://api.govinfo.gov/packages/CREC-2015-06-19/granules/CREC-2015-06-19-pt1-PgH4545-5/htm,https://api.govinfo.gov/packages/CREC-2015-06-19/granules/CREC-2015-06-19-pt1-PgH4545-5/pdf,https://api.govinfo.gov/packages/CREC-2015-06-19/summary,"[Congressional Record Volume 161, Number 99 (Friday, June 19, 2015)] [House] [Page H4545] From the Congressional Record Online through the Government Publishing Office [ www.gpo.gov ] PLEDGE OF ALLEGIANCE The SPEAKER pro tempore. The Chair will lead the House in the Pledge of Allegiance. The SPEAKER pro tempore led the Pledge of Allegiance as follows: I pledge allegiance to the Flag of the United States of America, and to the Republic for which it stands, one nation under God, indivisible, with liberty and justice for all. ____________________",,"[Congressional Record Volume 161, Number 99 (Friday, June 19, 2015)] [House] [Page H4545] From the Congressional Record Online through the Government Publishing Office [ www.gpo.gov ] PLEDGE OF ALLEGIANCE The SPEAKER pro tempore. The Chair will lead the House in the Pledge of Allegiance. The SPEAKER pro tempore led the Pledge of Allegiance as follows: I pledge allegiance to the Flag of the United States of America, and to the Republic for which it stands, one nation under God, indivisible, with liberty and justice for all. ____________________",https://api.govinfo.gov/related/CREC-2015-06-19-pt1-PgH4545-5,CREC,Proceedings of Congress and General Congressional Publications,2025-03-07T17:25:32Z,Congressional Record,package_114_98.csv,549,0,549,"[congressional record volume 161, number 99 (friday, june 19, 2015)] [house] [page h4545] from the congressional record online through the government publishing office [ www.gpo.gov ] pledge of allegiance the speaker pro tempore. the chair will lead the house in the pledge of allegiance. the speaker pro tempore led the pledge of allegiance as follows: i pledge allegiance to the flag of the united states of america, and to the republic for which it stands, one nation under god, indivisible, with liberty and justice for all. ____________________",549
CREC-2015-06-19-pt1-PgH4545-7,CREC-2015-06-19,2015-06-19,"EXECUTIVE COMMUNICATIONS, ETC.",CREC,HOUSE,H,H,1,https://www.govinfo.gov/app/details/CREC-2015-06-19/CREC-2015-06-19-pt1-PgH4545-7,https://api.govinfo.gov/packages/CREC-2015-06-19/granules/CREC-2015-06-19-pt1-PgH4545-7/htm,https://api.govinfo.gov/packages/CREC-2015-06-19/granules/CREC-2015-06-19-pt1-PgH4545-7/pdf,https://api.govinfo.gov/packages/CREC-2015-06-19/summary,"[Congressional Record Volume 161, Number 99 (Friday, June 19, 2015)] [House] [Pages H4545-H4546] From the Congressional Record Online through the Government Publishing Office [ www.gpo.gov ] EXECUTIVE COMMUNICATIONS, ETC. Under clause 2 of rule XIV, executive communications were taken from the Speaker's table and referred as follows: 1873. A letter from the Chief of Staff, Media Bureau, Federal Communications Commission, transmitting the Commission's final rule -- Carriage of Digital Television Broadcast Signals: Amendment to Part 76 of the Commission's Rules [CS Docket No.: 98-120] received June 17, 2015, pursuant to 5 U.S.C. 801(a)(1)(A); to the Committee on Energy and Commerce. 1874. A letter from the General Counsel, Federal Energy Regulatory Commission, transmitting the Commission's final rule -- Coordination of the Scheduling Processes of Interstate Natural Gas Pipelines and Public Utilities [Docket No.: RM14-2-000; Order No.: 809] received June 17, 2015, pursuant to 5 U.S.C. 801(a)(1)(A); to the Committee on Energy and Commerce. 1875. A letter from the Assistant Secretary for Export Administration, Bureau of Industry and Security, Department of Commerce, transmitting the Department's final rule -- Implementation of the Australia Group (AG) November 2013 Intersessional Decisions [Docket No.: 141229999-4999-01] (RIN: 0694-AG45) received June 17, 2015, pursuant to 5 U.S.C. 801(a)(1)(A); to the Committee on Foreign Affairs. 1876. A letter from the Assistant Secretary, Legislative Affairs, Department of State, transmitting a certification, pursuant to Sec. 36(c) of the Arms Export Control Act, Transmittal No.: DDTC 15-042; to the Committee on Foreign Affairs. 1877. A letter from the Acting Assistant Secretary, Legislative Affairs, Department of State, transmitting a certification, pursuant to Sec. 36(c) of the Arms Export Control Act, Transmittal No.: DDTC 14-149; to the Committee on Foreign Affairs. 1878. A letter from the Assistant Secretary, Legislative Affairs, Department of State, [[Page H4546]] transmitting a certification, pursuant to Sec. 36(c) of the Arms Export Control Act, Transmittal No.: DDTC 15-037; to the Committee on Foreign Affairs. 1879. A letter from the Assistant Secretary, Legislative Affairs, Department of State, transmitting a certification, pursuant to Sec. 36(c) of the Arms Export Control Act, Transmittal No.: DDTC 15-038; to the Committee on Foreign Affairs. 1880. A letter from the Assistant Secretary, Legislative Affairs, Department of State, transmitting a certification, pursuant to Sec. 36(d) of the Arms Export Control Act, Transmittal No.: DDTC 15-030; to the Committee on Foreign Affairs. 1881. A letter from the Deputy Assistant Administrator for Regulatory Programs, NMFS, Office of Sustainable Fisheries, National Oceanic and Atmospheric Administration, transmitting the Administration's temporary rule -- Fisheries of the Northeastern United States; Blueline Tilefish Fishery; Secretarial Emergency Action [Docket No.: 150311250-5474-01] (RIN: 0648-BE97) received June 17, 2015, pursuant to 5 U.S.C. 801(a)(1)(A); to the Committee on Natural Resources. 1882. A letter from the Director, Office of Regulations and Reports Clearance, Social Security Administration, transmitting the Administration's final rule -- Sixty-Month Period of Employment Requirement for Government Pension Offset Exemption [Docket No.: SSA 2007-0040] (RIN: 0960-AG50) received June 17, 2015, pursuant to 5 U.S.C. 801(a)(1)(A); to the Committee on Ways and Means. ____________________",,"[Congressional Record Volume 161, Number 99 (Friday, June 19, 2015)] [House] [Pages H4545-H4546] From the Congressional Record Online through the Government Publishing Office [ www.gpo.gov ] EXECUTIVE COMMUNICATIONS, ETC. Under clause 2 of rule XIV, executive communications were taken from the Speaker's table and referred as follows: 1873. A letter from the Chief of Staff, Media Bureau, Federal Communications Commission, transmitting the Commission's final rule -- Carriage of Digital Television Broadcast Signals: Amendment to Part 76 of the Commission's Rules [CS Docket No.: 98-120] received June 17, 2015, pursuant to 5 U.S.C. 801(a)(1)(A); to the Committee on Energy and Commerce. 1874. A letter from the General Counsel, Federal Energy Regulatory Commission, transmitting the Commission's final rule -- Coordination of the Scheduling Processes of Interstate Natural Gas Pipelines and Public Utilities [Docket No.: RM14-2-000; Order No.: 809] received June 17, 2015, pursuant to 5 U.S.C. 801(a)(1)(A); to the Committee on Energy and Commerce. 1875. A letter from the Assistant Secretary for Export Administration, Bureau of Industry and Security, Department of Commerce, transmitting the Department's final rule -- Implementation of the Australia Group (AG) November 2013 Intersessional Decisions [Docket No.: 141229999-4999-01] (RIN: 0694-AG45) received June 17, 2015, pursuant to 5 U.S.C. 801(a)(1)(A); to the Committee on Foreign Affairs. 1876. A letter from the Assistant Secretary, Legislative Affairs, Department of State, transmitting a certification, pursuant to Sec. 36(c) of the Arms Export Control Act, Transmittal No.: DDTC 15-042; to the Committee on Foreign Affairs. 1877. A letter from the Acting Assistant Secretary, Legislative Affairs, Department of State, transmitting a certification, pursuant to Sec. 36(c) of the Arms Export Control Act, Transmittal No.: DDTC 14-149; to the Committee on Foreign Affairs. 1878. A letter from the Assistant Secretary, Legislative Affairs, Department of State, [[Page H4546]] transmitting a certification, pursuant to Sec. 36(c) of the Arms Export Control Act, Transmittal No.: DDTC 15-037; to the Committee on Foreign Affairs. 1879. A letter from the Assistant Secretary, Legislative Affairs, Department of State, transmitting a certification, pursuant to Sec. 36(c) of the Arms Export Control Act, Transmittal No.: DDTC 15-038; to the Committee on Foreign Affairs. 1880. A letter from the Assistant Secretary, Legislative Affairs, Department of State, transmitting a certification, pursuant to Sec. 36(d) of the Arms Export Control Act, Transmittal No.: DDTC 15-030; to the Committee on Foreign Affairs. 1881. A letter from the Deputy Assistant Administrator for Regulatory Programs, NMFS, Office of Sustainable Fisheries, National Oceanic and Atmospheric Administration, transmitting the Administration's temporary rule -- Fisheries of the Northeastern United States; Blueline Tilefish Fishery; Secretarial Emergency Action [Docket No.: 150311250-5474-01] (RIN: 0648-BE97) received June 17, 2015, pursuant to 5 U.S.C. 801(a)(1)(A); to the Committee on Natural Resources. 1882. A letter from the Director, Office of Regulations and Reports Clearance, Social Security Administration, transmitting the Administration's final rule -- Sixty-Month Period of Employment Requirement for Government Pension Offset Exemption [Docket No.: SSA 2007-0040] (RIN: 0960-AG50) received June 17, 2015, pursuant to 5 U.S.C. 801(a)(1)(A); to the Committee on Ways and Means. ____________________",https://api.govinfo.gov/related/CREC-2015-06-19-pt1-PgH4545-7,CREC,Proceedings of Congress and General Congressional Publications,2025-03-07T17:25:32Z,Congressional Record,package_114_98.csv,3540,0,3540,"[congressional record volume 161, number 99 (friday, june 19, 2015)] [house] [pages h4545-h4546] from the congressional record online through the government publishing office [ www.gpo.gov ] executive communications, etc. under clause 2 of rule xiv, executive communications were taken from the speaker's table and referred as follows: 1873. a letter from the chief of staff, media bureau, federal communications commission, transmitting the commission's final rule -- carriage of digital television broadcast signals: amendment to part 76 of the commission's rules [cs docket no.: 98-120] received june 17, 2015, pursuant to 5 u.s.c. 801(a)(1)(a); to the committee on energy and commerce. 1874. a letter from the general counsel, federal energy regulatory commission, transmitting the commission's final rule -- coordination of the scheduling processes of interstate natural gas pipelines and public utilities [docket no.: rm14-2-000; order no.: 809] received june 17, 2015, pursuant to 5 u.s.c. 801(a)(1)(a); to the committee on energy and commerce. 1875. a letter from the assistant secretary for export administration, bureau of industry and security, department of commerce, transmitting the department's final rule -- implementation of the australia group (ag) november 2013 intersessional decisions [docket no.: 141229999-4999-01] (rin: 0694-ag45) received june 17, 2015, pursuant to 5 u.s.c. 801(a)(1)(a); to the committee on foreign affairs. 1876. a letter from the assistant secretary, legislative affairs, department of state, transmitting a certification, pursuant to sec. 36(c) of the arms export control act, transmittal no.: ddtc 15-042; to the committee on foreign affairs. 1877. a letter from the acting assistant secretary, legislative affairs, department of state, transmitting a certification, pursuant to sec. 36(c) of the arms export control act, transmittal no.: ddtc 14-149; to the committee on foreign affairs. 1878. a letter from the assistant secretary, legislative affairs, department of state, [[page h4546]] transmitting a certification, pursuant to sec. 36(c) of the arms export control act, transmittal no.: ddtc 15-037; to the committee on foreign affairs. 1879. a letter from the assistant secretary, legislative affairs, department of state, transmitting a certification, pursuant to sec. 36(c) of the arms export control act, transmittal no.: ddtc 15-038; to the committee on foreign affairs. 1880. a letter from the assistant secretary, legislative affairs, department of state, transmitting a certification, pursuant to sec. 36(d) of the arms export control act, transmittal no.: ddtc 15-030; to the committee on foreign affairs. 1881. a letter from the deputy assistant administrator for regulatory programs, nmfs, office of sustainable fisheries, national oceanic and atmospheric administration, transmitting the administration's temporary rule -- fisheries of the northeastern united states; blueline tilefish fishery; secretarial emergency action [docket no.: 150311250-5474-01] (rin: 0648-be97) received june 17, 2015, pursuant to 5 u.s.c. 801(a)(1)(a); to the committee on natural resources. 1882. a letter from the director, office of regulations and reports clearance, social security administration, transmitting the administration's final rule -- sixty-month period of employment requirement for government pension offset exemption [docket no.: ssa 2007-0040] (rin: 0960-ag50) received june 17, 2015, pursuant to 5 u.s.c. 801(a)(1)(a); to the committee on ways and means. ____________________",3540
CREC-2015-06-19-pt1-PgH4546,CREC-2015-06-19,2015-06-19,REPORTS OF COMMITTEES ON PUBLIC BILLS AND RESOLUTIONS,CREC,HOUSE,H,H,1,https://www.govinfo.gov/app/details/CREC-2015-06-19/CREC-2015-06-19-pt1-PgH4546,https://api.govinfo.gov/packages/CREC-2015-06-19/granules/CREC-2015-06-19-pt1-PgH4546/htm,https://api.govinfo.gov/packages/CREC-2015-06-19/granules/CREC-2015-06-19-pt1-PgH4546/pdf,https://api.govinfo.gov/packages/CREC-2015-06-19/summary,"[Congressional Record Volume 161, Number 99 (Friday, June 19, 2015)] [House] [Page H4546] From the Congressional Record Online through the Government Publishing Office [ www.gpo.gov ] REPORTS OF COMMITTEES ON PUBLIC BILLS AND RESOLUTIONS Under clause 2 of rule XIII, reports of committees were delivered to the Clerk for printing and reference to the proper calendar, as follows: Mr. UPTON: Committee on Energy and Commerce. H.R. 2042. A bill to allow for judicial review of any final rule addressing carbon dioxide emissions from existing fossil fuel-fired electric utility generating units before requiring compliance with such rule, and to allow States to protect households and businesses from significant adverse effects on electricity ratepayers or reliability (Rept. 114-171). Referred to the Committee of the Whole House on the state of the Union. ____________________",,"[Congressional Record Volume 161, Number 99 (Friday, June 19, 2015)] [House] [Page H4546] From the Congressional Record Online through the Government Publishing Office [ www.gpo.gov ] REPORTS OF COMMITTEES ON PUBLIC BILLS AND RESOLUTIONS Under clause 2 of rule XIII, reports of committees were delivered to the Clerk for printing and reference to the proper calendar, as follows: Mr. UPTON: Committee on Energy and Commerce. H.R. 2042. A bill to allow for judicial review of any final rule addressing carbon dioxide emissions from existing fossil fuel-fired electric utility generating units before requiring compliance with such rule, and to allow States to protect households and businesses from significant adverse effects on electricity ratepayers or reliability (Rept. 114-171). Referred to the Committee of the Whole House on the state of the Union. ____________________",https://api.govinfo.gov/related/CREC-2015-06-19-pt1-PgH4546,CREC,Proceedings of Congress and General Congressional Publications,2025-03-07T17:25:32Z,Congressional Record,package_114_98.csv,876,0,876,"[congressional record volume 161, number 99 (friday, june 19, 2015)] [house] [page h4546] from the congressional record online through the government publishing office [ www.gpo.gov ] reports of committees on public bills and resolutions under clause 2 of rule xiii, reports of committees were delivered to the clerk for printing and reference to the proper calendar, as follows: mr. upton: committee on energy and commerce. h.r. 2042. a bill to allow for judicial review of any final rule addressing carbon dioxide emissions from existing fossil fuel-fired electric utility generating units before requiring compliance with such rule, and to allow states to protect households and businesses from significant adverse effects on electricity ratepayers or reliability (rept. 114-171). referred to the committee of the whole house on the state of the union. ____________________",876
CREC-2015-06-19-pt1-PgH4546-2,CREC-2015-06-19,2015-06-19,PUBLIC BILLS AND RESOLUTIONS,CREC,HOUSE,H,H,1,https://www.govinfo.gov/app/details/CREC-2015-06-19/CREC-2015-06-19-pt1-PgH4546-2,https://api.govinfo.gov/packages/CREC-2015-06-19/granules/CREC-2015-06-19-pt1-PgH4546-2/htm,https://api.govinfo.gov/packages/CREC-2015-06-19/granules/CREC-2015-06-19-pt1-PgH4546-2/pdf,https://api.govinfo.gov/packages/CREC-2015-06-19/summary,"[Congressional Record Volume 161, Number 99 (Friday, June 19, 2015)] [House] [Page H4546] From the Congressional Record Online through the Government Publishing Office [ www.gpo.gov ] PUBLIC BILLS AND RESOLUTIONS Under clause 2 of rule XII, public bills and resolutions of the following titles were introduced and severally referred, as follows: By Mr. KATKO (for himself, Mr. McCaul, and Mr. Rogers of Alabama): H.R. 2843. A bill to require certain improvements in the Transportation Security Administration's PreCheck expedited screening program, and for other purposes; to the Committee on Homeland Security. By Ms. KAPTUR (for herself, Mr. Ryan of Ohio, Mr. Ellison, Ms. Schakowsky, Mr. Brendan F. Boyle of Pennsylvania, Mr. Honda, and Ms. Slaughter): H.R. 2844. A bill to amend the Employee Retirement Income Security Act of 1974 and the Internal Revenue Code of 1986 to modify certain provisions relating to multiemployer pensions, and for other purposes; to the Committee on Education and the Workforce, and in addition to the Committees on Ways and Means, and the Judiciary, for a period to be subsequently determined by the Speaker, in each case for consideration of such provisions as fall within the jurisdiction of the committee concerned. By Mr. ROYCE (for himself, Mr. Engel, Mr. Smith of New Jersey, and Ms. Bass): H.R. 2845. A bill to promote access to benefits under the African Growth and Opportunity Act, and for other purposes; to the Committee on Foreign Affairs. ____________________",,"[Congressional Record Volume 161, Number 99 (Friday, June 19, 2015)] [House] [Page H4546] From the Congressional Record Online through the Government Publishing Office [ www.gpo.gov ] PUBLIC BILLS AND RESOLUTIONS Under clause 2 of rule XII, public bills and resolutions of the following titles were introduced and severally referred, as follows: By Mr. KATKO (for himself, Mr. McCaul, and Mr. Rogers of Alabama): H.R. 2843. A bill to require certain improvements in the Transportation Security Administration's PreCheck expedited screening program, and for other purposes; to the Committee on Homeland Security. By Ms. KAPTUR (for herself, Mr. Ryan of Ohio, Mr. Ellison, Ms. Schakowsky, Mr. Brendan F. Boyle of Pennsylvania, Mr. Honda, and Ms. Slaughter): H.R. 2844. A bill to amend the Employee Retirement Income Security Act of 1974 and the Internal Revenue Code of 1986 to modify certain provisions relating to multiemployer pensions, and for other purposes; to the Committee on Education and the Workforce, and in addition to the Committees on Ways and Means, and the Judiciary, for a period to be subsequently determined by the Speaker, in each case for consideration of such provisions as fall within the jurisdiction of the committee concerned. By Mr. ROYCE (for himself, Mr. Engel, Mr. Smith of New Jersey, and Ms. Bass): H.R. 2845. A bill to promote access to benefits under the African Growth and Opportunity Act, and for other purposes; to the Committee on Foreign Affairs. ____________________",https://api.govinfo.gov/related/CREC-2015-06-19-pt1-PgH4546-2,CREC,Proceedings of Congress and General Congressional Publications,2025-03-07T17:25:32Z,Congressional Record,package_114_98.csv,1505,0,1505,"[congressional record volume 161, number 99 (friday, june 19, 2015)] [house] [page h4546] from the congressional record online through the government publishing office [ www.gpo.gov ] public bills and resolutions under clause 2 of rule xii, public bills and resolutions of the following titles were introduced and severally referred, as follows: by mr. katko (for himself, mr. mccaul, and mr. rogers of alabama): h.r. 2843. a bill to require certain improvements in the transportation security administration's precheck expedited screening program, and for other purposes; to the committee on homeland security. by ms. kaptur (for herself, mr. ryan of ohio, mr. ellison, ms. schakowsky, mr. brendan f. boyle of pennsylvania, mr. honda, and ms. slaughter): h.r. 2844. a bill to amend the employee retirement income security act of 1974 and the internal revenue code of 1986 to modify certain provisions relating to multiemployer pensions, and for other purposes; to the committee on education and the workforce, and in addition to the committees on ways and means, and the judiciary, for a period to be subsequently determined by the speaker, in each case for consideration of such provisions as fall within the jurisdiction of the committee concerned. by mr. royce (for himself, mr. engel, mr. smith of new jersey, and ms. bass): h.r. 2845. a bill to promote access to benefits under the african growth and opportunity act, and for other purposes; to the committee on foreign affairs. ____________________",1505
CREC-2015-06-19-pt1-PgH4546-4,CREC-2015-06-19,2015-06-19,Constitutional Authority Statement for H.R. 2843,CREC,HOUSE,H,H,1,https://www.govinfo.gov/app/details/CREC-2015-06-19/CREC-2015-06-19-pt1-PgH4546-4,https://api.govinfo.gov/packages/CREC-2015-06-19/granules/CREC-2015-06-19-pt1-PgH4546-4/htm,https://api.govinfo.gov/packages/CREC-2015-06-19/granules/CREC-2015-06-19-pt1-PgH4546-4/pdf,https://api.govinfo.gov/packages/CREC-2015-06-19/summary,"[Congressional Record Volume 161, Number 99 (Friday, June 19, 2015)] [House] [Page H4546] From the Congressional Record Online through the Government Publishing Office [ www.gpo.gov ] By Mr. KATKO: H.R. 2843. Congress has the power to enact this legislation pursuant to the following: Article I, Section 8, Clause 3--To regulate Commerce with foreign Nations, and among the several States, and with the Indian Tribes; and Article I, Section 8, Clause 18--To make all Laws which shall be necessary and proper for carrying into Execution the foregoing Powers, and all other Powers vested by this Constitution in the Government of the United States, or in any Department or Officer thereof.",,"[Congressional Record Volume 161, Number 99 (Friday, June 19, 2015)] [House] [Page H4546] From the Congressional Record Online through the Government Publishing Office [ www.gpo.gov ] By Mr. KATKO: H.R. 2843. Congress has the power to enact this legislation pursuant to the following: Article I, Section 8, Clause 3--To regulate Commerce with foreign Nations, and among the several States, and with the Indian Tribes; and Article I, Section 8, Clause 18--To make all Laws which shall be necessary and proper for carrying into Execution the foregoing Powers, and all other Powers vested by this Constitution in the Government of the United States, or in any Department or Officer thereof.",https://api.govinfo.gov/related/CREC-2015-06-19-pt1-PgH4546-4,CREC,Proceedings of Congress and General Congressional Publications,2025-03-07T17:25:32Z,Congressional Record,package_114_98.csv,687,0,687,"[congressional record volume 161, number 99 (friday, june 19, 2015)] [house] [page h4546] from the congressional record online through the government publishing office [ www.gpo.gov ] by mr. katko: h.r. 2843. congress has the power to enact this legislation pursuant to the following: article i, section 8, clause 3--to regulate commerce with foreign nations, and among the several states, and with the indian tribes; and article i, section 8, clause 18--to make all laws which shall be necessary and proper for carrying into execution the foregoing powers, and all other powers vested by this constitution in the government of the united states, or in any department or officer thereof.",687
CREC-2015-06-19-pt1-PgH4546-3,CREC-2015-06-19,2015-06-19,Constitutional Authority Statement,CREC,HOUSE,H,H,1,https://www.govinfo.gov/app/details/CREC-2015-06-19/CREC-2015-06-19-pt1-PgH4546-3,https://api.govinfo.gov/packages/CREC-2015-06-19/granules/CREC-2015-06-19-pt1-PgH4546-3/htm,https://api.govinfo.gov/packages/CREC-2015-06-19/granules/CREC-2015-06-19-pt1-PgH4546-3/pdf,https://api.govinfo.gov/packages/CREC-2015-06-19/summary,"[Congressional Record Volume 161, Number 99 (Friday, June 19, 2015)] [House] [Page H4546] From the Congressional Record Online through the Government Publishing Office [ www.gpo.gov ] CONSTITUTIONAL AUTHORITY STATEMENT Pursuant to clause 7 of rule XII of the Rules of the House of Representatives, the following statements are submitted regarding the specific powers granted to Congress in the Constitution to enact the accompanying bill or joint resolution.",,"[Congressional Record Volume 161, Number 99 (Friday, June 19, 2015)] [House] [Page H4546] From the Congressional Record Online through the Government Publishing Office [ www.gpo.gov ] CONSTITUTIONAL AUTHORITY STATEMENT Pursuant to clause 7 of rule XII of the Rules of the House of Representatives, the following statements are submitted regarding the specific powers granted to Congress in the Constitution to enact the accompanying bill or joint resolution.",https://api.govinfo.gov/related/CREC-2015-06-19-pt1-PgH4546-3,CREC,Proceedings of Congress and General Congressional Publications,2025-03-07T17:25:32Z,Congressional Record,package_114_98.csv,458,0,458,"[congressional record volume 161, number 99 (friday, june 19, 2015)] [house] [page h4546] from the congressional record online through the government publishing office [ www.gpo.gov ] constitutional authority statement pursuant to clause 7 of rule xii of the rules of the house of representatives, the following statements are submitted regarding the specific powers granted to congress in the constitution to enact the accompanying bill or joint resolution.",458
CREC-2015-06-19-pt1-PgH4546-5,CREC-2015-06-19,2015-06-19,Constitutional Authority Statement for H.R. 2844,CREC,HOUSE,H,H,1,https://www.govinfo.gov/app/details/CREC-2015-06-19/CREC-2015-06-19-pt1-PgH4546-5,https://api.govinfo.gov/packages/CREC-2015-06-19/granules/CREC-2015-06-19-pt1-PgH4546-5/htm,https://api.govinfo.gov/packages/CREC-2015-06-19/granules/CREC-2015-06-19-pt1-PgH4546-5/pdf,https://api.govinfo.gov/packages/CREC-2015-06-19/summary,"[Congressional Record Volume 161, Number 99 (Friday, June 19, 2015)] [House] [Page H4546] From the Congressional Record Online through the Government Publishing Office [ www.gpo.gov ] By Ms. KAPTUR: H.R. 2844. Congress has the power to enact this legislation pursuant to the following: Article I Section 8 clause 1--general welfare of the US",,"[Congressional Record Volume 161, Number 99 (Friday, June 19, 2015)] [House] [Page H4546] From the Congressional Record Online through the Government Publishing Office [ www.gpo.gov ] By Ms. KAPTUR: H.R. 2844. Congress has the power to enact this legislation pursuant to the following: Article I Section 8 clause 1--general welfare of the US",https://api.govinfo.gov/related/CREC-2015-06-19-pt1-PgH4546-5,CREC,Proceedings of Congress and General Congressional Publications,2025-03-07T17:25:32Z,Congressional Record,package_114_98.csv,341,0,341,"[congressional record volume 161, number 99 (friday, june 19, 2015)] [house] [page h4546] from the congressional record online through the government publishing office [ www.gpo.gov ] by ms. kaptur: h.r. 2844. congress has the power to enact this legislation pursuant to the following: article i section 8 clause 1--general welfare of the us",341
CREC-2015-06-19-pt1-PgH4546-6,CREC-2015-06-19,2015-06-19,Constitutional Authority Statement for H.R. 2845,CREC,HOUSE,H,H,1,https://www.govinfo.gov/app/details/CREC-2015-06-19/CREC-2015-06-19-pt1-PgH4546-6,https://api.govinfo.gov/packages/CREC-2015-06-19/granules/CREC-2015-06-19-pt1-PgH4546-6/htm,https://api.govinfo.gov/packages/CREC-2015-06-19/granules/CREC-2015-06-19-pt1-PgH4546-6/pdf,https://api.govinfo.gov/packages/CREC-2015-06-19/summary,"[Congressional Record Volume 161, Number 99 (Friday, June 19, 2015)] [House] [Page H4546] From the Congressional Record Online through the Government Publishing Office [ www.gpo.gov ] By Mr. ROYCE: H.R. 2845. Congress has the power to enact this legislation pursuant to the following: Article I, section 8 of the Constitution of the United States ____________________",,"[Congressional Record Volume 161, Number 99 (Friday, June 19, 2015)] [House] [Page H4546] From the Congressional Record Online through the Government Publishing Office [ www.gpo.gov ] By Mr. ROYCE: H.R. 2845. Congress has the power to enact this legislation pursuant to the following: Article I, section 8 of the Constitution of the United States ____________________",https://api.govinfo.gov/related/CREC-2015-06-19-pt1-PgH4546-6,CREC,Proceedings of Congress and General Congressional Publications,2025-03-07T17:25:32Z,Congressional Record,package_114_98.csv,367,0,367,"[congressional record volume 161, number 99 (friday, june 19, 2015)] [house] [page h4546] from the congressional record online through the government publishing office [ www.gpo.gov ] by mr. royce: h.r. 2845. congress has the power to enact this legislation pursuant to the following: article i, section 8 of the constitution of the united states ____________________",367
CREC-2015-06-19-pt1-PgH4546-7,CREC-2015-06-19,2015-06-19,ADDITIONAL SPONSORS,CREC,HOUSE,H,H,1,https://www.govinfo.gov/app/details/CREC-2015-06-19/CREC-2015-06-19-pt1-PgH4546-7,https://api.govinfo.gov/packages/CREC-2015-06-19/granules/CREC-2015-06-19-pt1-PgH4546-7/htm,https://api.govinfo.gov/packages/CREC-2015-06-19/granules/CREC-2015-06-19-pt1-PgH4546-7/pdf,https://api.govinfo.gov/packages/CREC-2015-06-19/summary,"[Congressional Record Volume 161, Number 99 (Friday, June 19, 2015)] [House] [Page H4546] From the Congressional Record Online through the Government Publishing Office [ www.gpo.gov ] ADDITIONAL SPONSORS Under clause 7 of rule XII, sponsors were added to public bills and resolutions, as follows: H.R. 167: Mr. Kind, Mr. McGovern, and Mr. Stivers. H.R. 237: Mr. Al Green of Texas. H.R. 712: Mr. Babin. H.R. 893: Mr. Ryan of Wisconsin and Ms. Tsongas. H.R. 985: Mr. King of New York, Mr. Neal, Mr. Duncan of Tennessee, and Mr. Fincher. H.R. 1130: Mr. Jolly, Ms. Loretta Sanchez of California, Mr. Johnson of Georgia, Ms. Esty, and Mr. Lance. H.R. 1174: Mr. Boustany, Ms. Lee, and Mr. Smith of Texas. H.R. 1193: Mr. Larsen of Washington. H.R. 1226: Mr. Moolenaar. H.R. 1498: Mr. Newhouse. H.R. 1610: Mr. Webster of Florida and Mr. Rothfus. H.R. 1624: Mr. Rooney of Florida and Mr. Tipton. H.R. 1725: Mr. Keating. H.R. 1752: Mr. Stutzman, Mr. Bridenstine, Ms. Jenkins of Kansas, Mr. Young of Iowa, and Mr. Smith of Nebraska. H.R. 1926: Ms. Kaptur and Ms. Schakowsky. H.R. 1953: Mr. Bilirakis. H.R. 2063: Mr. Takano. H.R. 2096: Mr. Grothman. H.R. 2315: Mr. Upton. H.R. 2477: Mrs. Comstock. H.R. 2522: Ms. Frankel of Florida. H.R. 2610: Mr. Reed, Mr. Diaz-Balart, Ms. Ros-Lehtinen, Mrs. Comstock, and Ms. Stefanik. H.R. 2615: Mrs. Dingell, Ms. Moore, Mrs. Radewagen, Mr. Clay, Mr. Rangel, Ms. Edwards, Mr. Clawson of Florida, Ms. Fudge, Mr. Richmond, Mr. Clyburn, Mr. Meeks, Mr. Veasey, Mr. Cleaver, Mr. Hastings, Mr. Lewis, Mr. Danny K. Davis of Illinois, Ms. Wilson of Florida, Ms. Eddie Bernice Johnson of Texas, Mrs. Lawrence, Ms. Sewell of Alabama, Mr. Rush, Mr. Johnson of Georgia, Mr. Butterfield, Mr. Capuano, Ms. Kelly of Illinois, Mr. Ted Lieu of California, Ms. Velazquez, Mrs. Watson Coleman, Mr. Cummings, Ms. Lee, Ms. DeLauro, Mr. Cartwright, Mr. Lynch, Mr. Serrano, Ms. Gabbard, Ms. Bass, Mr. Payne, Mrs. Beatty, Mr. Jeffries, Mr. Bishop of Georgia, Mr. Fattah, Mr. Al Green of Texas, Mr. Carson of Indiana, Mr. Kennedy, Mr. Crowley, Ms. Norton, and Mr. Conyers. H.R. 2646: Mr. Barr, Mr. Trott, Mr. Webster of Florida, and Mr. Carter of Georgia. H.R. 2742: Mr. Knight, Mr. Grijalva, and Mr. Nolan. H.R. 2835: Mrs. Comstock. H. Con. Res. 33: Mr. Messer. H. Con. Res. 49: Mr. Larson of Connecticut. H. Con. Res. 57: Mr. Loudermilk, Mr. McGovern, and Mr. LaMalfa. H. Res. 210: Mr. Denham and Mr. Marino. H. Res. 291: Mr. Johnson of Georgia, Mr. Butterfield, Mr. Capuano, Ms. Kelly of Illinois, Mr. Ted Lieu of California, Ms. Velazquez, Mrs. Watson Coleman, Mr. Cummings, Ms. Lee, Ms. DeLauro, Mr. Cartwright, Mr. Lynch, Mr. Serrano, Ms. Gabbard, Ms. Bass, Mr. Payne, Mrs. Beatty, Mr. Jeffries, Mr. Bishop of Georgia, Mr. Fattah, Mr. Al Green of Texas, Mr. Carson of Indiana, Mr. Kennedy, Mr. Crowley, Ms. Norton, and Mr. Conyers. H. Res. 328: Ms. Meng.",,"[Congressional Record Volume 161, Number 99 (Friday, June 19, 2015)] [House] [Page H4546] From the Congressional Record Online through the Government Publishing Office [ www.gpo.gov ] ADDITIONAL SPONSORS Under clause 7 of rule XII, sponsors were added to public bills and resolutions, as follows: H.R. 167: Mr. Kind, Mr. McGovern, and Mr. Stivers. H.R. 237: Mr. Al Green of Texas. H.R. 712: Mr. Babin. H.R. 893: Mr. Ryan of Wisconsin and Ms. Tsongas. H.R. 985: Mr. King of New York, Mr. Neal, Mr. Duncan of Tennessee, and Mr. Fincher. H.R. 1130: Mr. Jolly, Ms. Loretta Sanchez of California, Mr. Johnson of Georgia, Ms. Esty, and Mr. Lance. H.R. 1174: Mr. Boustany, Ms. Lee, and Mr. Smith of Texas. H.R. 1193: Mr. Larsen of Washington. H.R. 1226: Mr. Moolenaar. H.R. 1498: Mr. Newhouse. H.R. 1610: Mr. Webster of Florida and Mr. Rothfus. H.R. 1624: Mr. Rooney of Florida and Mr. Tipton. H.R. 1725: Mr. Keating. H.R. 1752: Mr. Stutzman, Mr. Bridenstine, Ms. Jenkins of Kansas, Mr. Young of Iowa, and Mr. Smith of Nebraska. H.R. 1926: Ms. Kaptur and Ms. Schakowsky. H.R. 1953: Mr. Bilirakis. H.R. 2063: Mr. Takano. H.R. 2096: Mr. Grothman. H.R. 2315: Mr. Upton. H.R. 2477: Mrs. Comstock. H.R. 2522: Ms. Frankel of Florida. H.R. 2610: Mr. Reed, Mr. Diaz-Balart, Ms. Ros-Lehtinen, Mrs. Comstock, and Ms. Stefanik. H.R. 2615: Mrs. Dingell, Ms. Moore, Mrs. Radewagen, Mr. Clay, Mr. Rangel, Ms. Edwards, Mr. Clawson of Florida, Ms. Fudge, Mr. Richmond, Mr. Clyburn, Mr. Meeks, Mr. Veasey, Mr. Cleaver, Mr. Hastings, Mr. Lewis, Mr. Danny K. Davis of Illinois, Ms. Wilson of Florida, Ms. Eddie Bernice Johnson of Texas, Mrs. Lawrence, Ms. Sewell of Alabama, Mr. Rush, Mr. Johnson of Georgia, Mr. Butterfield, Mr. Capuano, Ms. Kelly of Illinois, Mr. Ted Lieu of California, Ms. Velazquez, Mrs. Watson Coleman, Mr. Cummings, Ms. Lee, Ms. DeLauro, Mr. Cartwright, Mr. Lynch, Mr. Serrano, Ms. Gabbard, Ms. Bass, Mr. Payne, Mrs. Beatty, Mr. Jeffries, Mr. Bishop of Georgia, Mr. Fattah, Mr. Al Green of Texas, Mr. Carson of Indiana, Mr. Kennedy, Mr. Crowley, Ms. Norton, and Mr. Conyers. H.R. 2646: Mr. Barr, Mr. Trott, Mr. Webster of Florida, and Mr. Carter of Georgia. H.R. 2742: Mr. Knight, Mr. Grijalva, and Mr. Nolan. H.R. 2835: Mrs. Comstock. H. Con. Res. 33: Mr. Messer. H. Con. Res. 49: Mr. Larson of Connecticut. H. Con. Res. 57: Mr. Loudermilk, Mr. McGovern, and Mr. LaMalfa. H. Res. 210: Mr. Denham and Mr. Marino. H. Res. 291: Mr. Johnson of Georgia, Mr. Butterfield, Mr. Capuano, Ms. Kelly of Illinois, Mr. Ted Lieu of California, Ms. Velazquez, Mrs. Watson Coleman, Mr. Cummings, Ms. Lee, Ms. DeLauro, Mr. Cartwright, Mr. Lynch, Mr. Serrano, Ms. Gabbard, Ms. Bass, Mr. Payne, Mrs. Beatty, Mr. Jeffries, Mr. Bishop of Georgia, Mr. Fattah, Mr. Al Green of Texas, Mr. Carson of Indiana, Mr. Kennedy, Mr. Crowley, Ms. Norton, and Mr. Conyers. H. Res. 328: Ms. Meng.",https://api.govinfo.gov/related/CREC-2015-06-19-pt1-PgH4546-7,CREC,Proceedings of Congress and General Congressional Publications,2025-03-07T17:25:32Z,Congressional Record,package_114_98.csv,2860,0,2860,"[congressional record volume 161, number 99 (friday, june 19, 2015)] [house] [page h4546] from the congressional record online through the government publishing office [ www.gpo.gov ] additional sponsors under clause 7 of rule xii, sponsors were added to public bills and resolutions, as follows: h.r. 167: mr. kind, mr. mcgovern, and mr. stivers. h.r. 237: mr. al green of texas. h.r. 712: mr. babin. h.r. 893: mr. ryan of wisconsin and ms. tsongas. h.r. 985: mr. king of new york, mr. neal, mr. duncan of tennessee, and mr. fincher. h.r. 1130: mr. jolly, ms. loretta sanchez of california, mr. johnson of georgia, ms. esty, and mr. lance. h.r. 1174: mr. boustany, ms. lee, and mr. smith of texas. h.r. 1193: mr. larsen of washington. h.r. 1226: mr. moolenaar. h.r. 1498: mr. newhouse. h.r. 1610: mr. webster of florida and mr. rothfus. h.r. 1624: mr. rooney of florida and mr. tipton. h.r. 1725: mr. keating. h.r. 1752: mr. stutzman, mr. bridenstine, ms. jenkins of kansas, mr. young of iowa, and mr. smith of nebraska. h.r. 1926: ms. kaptur and ms. schakowsky. h.r. 1953: mr. bilirakis. h.r. 2063: mr. takano. h.r. 2096: mr. grothman. h.r. 2315: mr. upton. h.r. 2477: mrs. comstock. h.r. 2522: ms. frankel of florida. h.r. 2610: mr. reed, mr. diaz-balart, ms. ros-lehtinen, mrs. comstock, and ms. stefanik. h.r. 2615: mrs. dingell, ms. moore, mrs. radewagen, mr. clay, mr. rangel, ms. edwards, mr. clawson of florida, ms. fudge, mr. richmond, mr. clyburn, mr. meeks, mr. veasey, mr. cleaver, mr. hastings, mr. lewis, mr. danny k. davis of illinois, ms. wilson of florida, ms. eddie bernice johnson of texas, mrs. lawrence, ms. sewell of alabama, mr. rush, mr. johnson of georgia, mr. butterfield, mr. capuano, ms. kelly of illinois, mr. ted lieu of california, ms. velazquez, mrs. watson coleman, mr. cummings, ms. lee, ms. delauro, mr. cartwright, mr. lynch, mr. serrano, ms. gabbard, ms. bass, mr. payne, mrs. beatty, mr. jeffries, mr. bishop of georgia, mr. fattah, mr. al green of texas, mr. carson of indiana, mr. kennedy, mr. crowley, ms. norton, and mr. conyers. h.r. 2646: mr. barr, mr. trott, mr. webster of florida, and mr. carter of georgia. h.r. 2742: mr. knight, mr. grijalva, and mr. nolan. h.r. 2835: mrs. comstock. h. con. res. 33: mr. messer. h. con. res. 49: mr. larson of connecticut. h. con. res. 57: mr. loudermilk, mr. mcgovern, and mr. lamalfa. h. res. 210: mr. denham and mr. marino. h. res. 291: mr. johnson of georgia, mr. butterfield, mr. capuano, ms. kelly of illinois, mr. ted lieu of california, ms. velazquez, mrs. watson coleman, mr. cummings, ms. lee, ms. delauro, mr. cartwright, mr. lynch, mr. serrano, ms. gabbard, ms. bass, mr. payne, mrs. beatty, mr. jeffries, mr. bishop of georgia, mr. fattah, mr. al green of texas, mr. carson of indiana, mr. kennedy, mr. crowley, ms. norton, and mr. conyers. h. res. 328: ms. meng.",2860
CREC-2015-06-19-pt1-PgE935-2,CREC-2015-06-19,2015-06-19,"CELEBRATING THE LIFE, LEGACY AND WORK OF HARLEM ACTIVIST MINNIE MOORE",CREC,EXTENSIONS,E,E,1,https://www.govinfo.gov/app/details/CREC-2015-06-19/CREC-2015-06-19-pt1-PgE935-2,https://api.govinfo.gov/packages/CREC-2015-06-19/granules/CREC-2015-06-19-pt1-PgE935-2/htm,https://api.govinfo.gov/packages/CREC-2015-06-19/granules/CREC-2015-06-19-pt1-PgE935-2/pdf,https://api.govinfo.gov/packages/CREC-2015-06-19/summary,"[Congressional Record Volume 161, Number 99 (Friday, June 19, 2015)] [Extensions of Remarks] [Page E935] From the Congressional Record Online through the Government Publishing Office [ www.gpo.gov ] CELEBRATING THE LIFE, LEGACY AND WORK OF HARLEM ACTIVIST MINNIE MOORE ______ HON. CHARLES B. RANGEL of new york in the house of representatives Friday, June 19, 2015 Mr. RANGEL. Mr. Speaker, I rise today to celebrate the life, legacy, and work of Harlem Activist Minnie Moore was a dear friend, a dynamic political activist and an excellent community service provider. She was a devout Christian that lived her life with an indomitable spirit of love and giving. She was a compassionate, hard working, and socially responsible individual that gave several decades of service that strengthen the entire community. On June 20, at Harlem's historic Abyssinian Baptist Church, the Africana community gathers to memorialize Minnie Moore's contributions to the Harlem community. Minnie Moore was born on June 28, 1921 to the late Claudia and Joseph Gassaway. She married her childhood sweetheart, Cleveland Moore (now deceased) and came with him to Harlem, New York from Dothan Alabama during the Great Migration north. As a life-long resident of Harlem, New York for more than 70 years, the impact of her meritorious service spanned many decades. In the early sixties Minnie was instrumental in incorporating the New York City Housing Authority Saint Nicholas Houses first tenants' association. Over a 10-year period she served in various offices including treasurer, vice-president and president. For many years Minnie was also a faithful member of the Mt. Nebo Baptist Church under the spiritual direction of the late Rev. William D. Gardner. Minnie was a `fireball' and worked tirelessly to support many outstanding political figures during their burgeoning years. In the 1970's and 1980's during the `War on Poverty', Minnie Moore worked diligently and side-by-side with me, and my brothers Percy Ellis Sutton, David N. Dinkins and Basil Paterson. Other Harlem elites include The Hon. George Miller, The Hon. H. Carl McCall, The Hon. Fred Samuels, The Hon. Hilton Clark and The Hon. Keith L.T. Wright. She was ecstatic at the election of President Obama and held great appreciation in knowing her years of community service and political activism must have contributed in some measure to this monumental, historical occurrence. Though she was the granddaughter of slaves and did not complete her college education, Minnie Moore touched the hearts of the entire Harlem community. Minnie established the Harriet Tubman Block Association, which provided an array of programmatic activities including educational and social services to children and families through summer youth programs; recreational activities; annual block parties; support to struggling artists; after-school homework assistance; on-going workshops on critical social and health-related issues; pantries, flea markets; and donations of holiday baskets for Thanksgiving and Christmas. In addition to serving as Executive Director of the Harriet Tubman Block Association, Minnie held many positions of service and leadership within the New York area including Past-Worthy Matron of the Eastern Star, Universal Chapter #7; Captain of the 127th Street Block Association, Member Officer of HARYOU; Secretary for Community Board #10: Executive President of the Park Avenue North Color Guard; Executive President of the St. Nicholas Cavaliers Junior, Senior & All- Girls Softball Teams; Democratic County Committee Member and an Alternate Delegate to the Democratic National Convention in 1984. Mr. Speaker, I ask that you and my distinguished colleagues join me in recognizing our beloved Mother Minnie Moore and her contributions that has positively impacted the Harlem community and countless citizens across this Nation. Her dedication, commitment, and spiritual guidance is worthy of our Nation's highest esteem. Minnie was a family treasure and community icon. Her kindness, generosity and wisdom will truly be missed. ____________________",,"[Congressional Record Volume 161, Number 99 (Friday, June 19, 2015)] [Extensions of Remarks] [Page E935] From the Congressional Record Online through the Government Publishing Office [ www.gpo.gov ] CELEBRATING THE LIFE, LEGACY AND WORK OF HARLEM ACTIVIST MINNIE MOORE ______ HON. CHARLES B. RANGEL of new york in the house of representatives Friday, June 19, 2015 Mr. RANGEL. Mr. Speaker, I rise today to celebrate the life, legacy, and work of Harlem Activist Minnie Moore was a dear friend, a dynamic political activist and an excellent community service provider. She was a devout Christian that lived her life with an indomitable spirit of love and giving. She was a compassionate, hard working, and socially responsible individual that gave several decades of service that strengthen the entire community. On June 20, at Harlem's historic Abyssinian Baptist Church, the Africana community gathers to memorialize Minnie Moore's contributions to the Harlem community. Minnie Moore was born on June 28, 1921 to the late Claudia and Joseph Gassaway. She married her childhood sweetheart, Cleveland Moore (now deceased) and came with him to Harlem, New York from Dothan Alabama during the Great Migration north. As a life-long resident of Harlem, New York for more than 70 years, the impact of her meritorious service spanned many decades. In the early sixties Minnie was instrumental in incorporating the New York City Housing Authority Saint Nicholas Houses first tenants' association. Over a 10-year period she served in various offices including treasurer, vice-president and president. For many years Minnie was also a faithful member of the Mt. Nebo Baptist Church under the spiritual direction of the late Rev. William D. Gardner. Minnie was a `fireball' and worked tirelessly to support many outstanding political figures during their burgeoning years. In the 1970's and 1980's during the `War on Poverty', Minnie Moore worked diligently and side-by-side with me, and my brothers Percy Ellis Sutton, David N. Dinkins and Basil Paterson. Other Harlem elites include The Hon. George Miller, The Hon. H. Carl McCall, The Hon. Fred Samuels, The Hon. Hilton Clark and The Hon. Keith L.T. Wright. She was ecstatic at the election of President Obama and held great appreciation in knowing her years of community service and political activism must have contributed in some measure to this monumental, historical occurrence. Though she was the granddaughter of slaves and did not complete her college education, Minnie Moore touched the hearts of the entire Harlem community. Minnie established the Harriet Tubman Block Association, which provided an array of programmatic activities including educational and social services to children and families through summer youth programs; recreational activities; annual block parties; support to struggling artists; after-school homework assistance; on-going workshops on critical social and health-related issues; pantries, flea markets; and donations of holiday baskets for Thanksgiving and Christmas. In addition to serving as Executive Director of the Harriet Tubman Block Association, Minnie held many positions of service and leadership within the New York area including Past-Worthy Matron of the Eastern Star, Universal Chapter #7; Captain of the 127th Street Block Association, Member Officer of HARYOU; Secretary for Community Board #10: Executive President of the Park Avenue North Color Guard; Executive President of the St. Nicholas Cavaliers Junior, Senior & All- Girls Softball Teams; Democratic County Committee Member and an Alternate Delegate to the Democratic National Convention in 1984. Mr. Speaker, I ask that you and my distinguished colleagues join me in recognizing our beloved Mother Minnie Moore and her contributions that has positively impacted the Harlem community and countless citizens across this Nation. Her dedication, commitment, and spiritual guidance is worthy of our Nation's highest esteem. Minnie was a family treasure and community icon. Her kindness, generosity and wisdom will truly be missed. ____________________",https://api.govinfo.gov/related/CREC-2015-06-19-pt1-PgE935-2,CREC,Proceedings of Congress and General Congressional Publications,2025-03-07T17:25:32Z,Congressional Record,package_114_98.csv,4103,0,4103,"[congressional record volume 161, number 99 (friday, june 19, 2015)] [extensions of remarks] [page e935] from the congressional record online through the government publishing office [ www.gpo.gov ] celebrating the life, legacy and work of harlem activist minnie moore ______ hon. charles b. rangel of new york in the house of representatives friday, june 19, 2015 mr. rangel. mr. speaker, i rise today to celebrate the life, legacy, and work of harlem activist minnie moore was a dear friend, a dynamic political activist and an excellent community service provider. she was a devout christian that lived her life with an indomitable spirit of love and giving. she was a compassionate, hard working, and socially responsible individual that gave several decades of service that strengthen the entire community. on june 20, at harlem's historic abyssinian baptist church, the africana community gathers to memorialize minnie moore's contributions to the harlem community. minnie moore was born on june 28, 1921 to the late claudia and joseph gassaway. she married her childhood sweetheart, cleveland moore (now deceased) and came with him to harlem, new york from dothan alabama during the great migration north. as a life-long resident of harlem, new york for more than 70 years, the impact of her meritorious service spanned many decades. in the early sixties minnie was instrumental in incorporating the new york city housing authority saint nicholas houses first tenants' association. over a 10-year period she served in various offices including treasurer, vice-president and president. for many years minnie was also a faithful member of the mt. nebo baptist church under the spiritual direction of the late rev. william d. gardner. minnie was a `fireball' and worked tirelessly to support many outstanding political figures during their burgeoning years. in the 1970's and 1980's during the `war on poverty', minnie moore worked diligently and side-by-side with me, and my brothers percy ellis sutton, david n. dinkins and basil paterson. other harlem elites include the hon. george miller, the hon. h. carl mccall, the hon. fred samuels, the hon. hilton clark and the hon. keith l.t. wright. she was ecstatic at the election of president obama and held great appreciation in knowing her years of community service and political activism must have contributed in some measure to this monumental, historical occurrence. though she was the granddaughter of slaves and did not complete her college education, minnie moore touched the hearts of the entire harlem community. minnie established the harriet tubman block association, which provided an array of programmatic activities including educational and social services to children and families through summer youth programs; recreational activities; annual block parties; support to struggling artists; after-school homework assistance; on-going workshops on critical social and health-related issues; pantries, flea markets; and donations of holiday baskets for thanksgiving and christmas. in addition to serving as executive director of the harriet tubman block association, minnie held many positions of service and leadership within the new york area including past-worthy matron of the eastern star, universal chapter #7; captain of the 127th street block association, member officer of haryou; secretary for community board #10: executive president of the park avenue north color guard; executive president of the st. nicholas cavaliers junior, senior & all- girls softball teams; democratic county committee member and an alternate delegate to the democratic national convention in 1984. mr. speaker, i ask that you and my distinguished colleagues join me in recognizing our beloved mother minnie moore and her contributions that has positively impacted the harlem community and countless citizens across this nation. her dedication, commitment, and spiritual guidance is worthy of our nation's highest esteem. minnie was a family treasure and community icon. her kindness, generosity and wisdom will truly be missed. ____________________",4103
CREC-2015-06-19-pt1-PgE935-3,CREC-2015-06-19,2015-06-19,IN RECOGNITION OF THE TWENTIETH ANNIVERSARY OF THE COALITION FOR SOCIAL JUSTICE,CREC,EXTENSIONS,E,E,1,https://www.govinfo.gov/app/details/CREC-2015-06-19/CREC-2015-06-19-pt1-PgE935-3,https://api.govinfo.gov/packages/CREC-2015-06-19/granules/CREC-2015-06-19-pt1-PgE935-3/htm,https://api.govinfo.gov/packages/CREC-2015-06-19/granules/CREC-2015-06-19-pt1-PgE935-3/pdf,https://api.govinfo.gov/packages/CREC-2015-06-19/summary,"[Congressional Record Volume 161, Number 99 (Friday, June 19, 2015)] [Extensions of Remarks] [Page E935] From the Congressional Record Online through the Government Publishing Office [ www.gpo.gov ] IN RECOGNITION OF THE TWENTIETH ANNIVERSARY OF THE COALITION FOR SOCIAL JUSTICE ______ HON. WILLIAM R. KEATING of massachusetts in the house of representatives Friday, June 19, 2015 Mr. KEATING. Mr. Speaker, I rise today to recognize the twentieth anniversary of the Coalition for Social Justice (CSJ) based in Southeastern Massachusetts. For twenty years, the CSJ has been dedicated to the praiseworthy goal of building a grassroots movement for progressive social change, rooted in low-income communities and communities of color that have been excluded from the economic benefits of the current system. The CSJ has a dual focus: to recruit and develop its own leaders from low income backgrounds; and to organize effective campaigns to address the economic survival issues that low-income communities and communities of color face. CSJ's agenda includes: funding essential community services through progressive taxes, worker's rights, housing, health care, education, welfare, criminal justice reform, immigrant rights, and environmental justice. CSJ has actively participated in advocating for the needs of working- class families. For example, in 2014 CSJ helped increase minimum wage in Massachusetts, and also helped earn sick time for all workers in Massachusetts. In 2011, CSJ helped to restore the children's clothing allowance of $150 per year per child so children were able to start the school year with suitable clothing. These examples represent only a small fraction of CSJ's commendable work. Mr. Speaker, please join me in congratulating the CSJ on its twentieth year anniversary. It gives me great pride to recognize them for all of the admirable work they do for those in need. ____________________",,"[Congressional Record Volume 161, Number 99 (Friday, June 19, 2015)] [Extensions of Remarks] [Page E935] From the Congressional Record Online through the Government Publishing Office [ www.gpo.gov ] IN RECOGNITION OF THE TWENTIETH ANNIVERSARY OF THE COALITION FOR SOCIAL JUSTICE ______ HON. WILLIAM R. KEATING of massachusetts in the house of representatives Friday, June 19, 2015 Mr. KEATING. Mr. Speaker, I rise today to recognize the twentieth anniversary of the Coalition for Social Justice (CSJ) based in Southeastern Massachusetts. For twenty years, the CSJ has been dedicated to the praiseworthy goal of building a grassroots movement for progressive social change, rooted in low-income communities and communities of color that have been excluded from the economic benefits of the current system. The CSJ has a dual focus: to recruit and develop its own leaders from low income backgrounds; and to organize effective campaigns to address the economic survival issues that low-income communities and communities of color face. CSJ's agenda includes: funding essential community services through progressive taxes, worker's rights, housing, health care, education, welfare, criminal justice reform, immigrant rights, and environmental justice. CSJ has actively participated in advocating for the needs of working- class families. For example, in 2014 CSJ helped increase minimum wage in Massachusetts, and also helped earn sick time for all workers in Massachusetts. In 2011, CSJ helped to restore the children's clothing allowance of $150 per year per child so children were able to start the school year with suitable clothing. These examples represent only a small fraction of CSJ's commendable work. Mr. Speaker, please join me in congratulating the CSJ on its twentieth year anniversary. It gives me great pride to recognize them for all of the admirable work they do for those in need. ____________________",https://api.govinfo.gov/related/CREC-2015-06-19-pt1-PgE935-3,CREC,Proceedings of Congress and General Congressional Publications,2025-03-07T17:25:32Z,Congressional Record,package_114_98.csv,1918,0,1918,"[congressional record volume 161, number 99 (friday, june 19, 2015)] [extensions of remarks] [page e935] from the congressional record online through the government publishing office [ www.gpo.gov ] in recognition of the twentieth anniversary of the coalition for social justice ______ hon. william r. keating of massachusetts in the house of representatives friday, june 19, 2015 mr. keating. mr. speaker, i rise today to recognize the twentieth anniversary of the coalition for social justice (csj) based in southeastern massachusetts. for twenty years, the csj has been dedicated to the praiseworthy goal of building a grassroots movement for progressive social change, rooted in low-income communities and communities of color that have been excluded from the economic benefits of the current system. the csj has a dual focus: to recruit and develop its own leaders from low income backgrounds; and to organize effective campaigns to address the economic survival issues that low-income communities and communities of color face. csj's agenda includes: funding essential community services through progressive taxes, worker's rights, housing, health care, education, welfare, criminal justice reform, immigrant rights, and environmental justice. csj has actively participated in advocating for the needs of working- class families. for example, in 2014 csj helped increase minimum wage in massachusetts, and also helped earn sick time for all workers in massachusetts. in 2011, csj helped to restore the children's clothing allowance of $150 per year per child so children were able to start the school year with suitable clothing. these examples represent only a small fraction of csj's commendable work. mr. speaker, please join me in congratulating the csj on its twentieth year anniversary. it gives me great pride to recognize them for all of the admirable work they do for those in need. ____________________",1918
CREC-2015-06-19-pt1-PgE936,CREC-2015-06-19,2015-06-19,"CELEBRATING THE LIFE, LEGACY AND WORK OF REVEREND DR. JAMES E. GUNTHER",CREC,EXTENSIONS,E,E,1,https://www.govinfo.gov/app/details/CREC-2015-06-19/CREC-2015-06-19-pt1-PgE936,https://api.govinfo.gov/packages/CREC-2015-06-19/granules/CREC-2015-06-19-pt1-PgE936/htm,https://api.govinfo.gov/packages/CREC-2015-06-19/granules/CREC-2015-06-19-pt1-PgE936/pdf,https://api.govinfo.gov/packages/CREC-2015-06-19/summary,"[Congressional Record Volume 161, Number 99 (Friday, June 19, 2015)] [Extensions of Remarks] [Page E936] From the Congressional Record Online through the Government Publishing Office [ www.gpo.gov ] CELEBRATING THE LIFE, LEGACY AND WORK OF REVEREND DR. JAMES E. GUNTHER ______ HON. CHARLES B. RANGEL of new york in the house of representatives Friday, June 19, 2015 Mr. RANGEL. Mr. Speaker, today I rise today to recognize and honor the life of Reverend Dr. James E. Gunther, the well respected Pastor of the Evangelical Lutheran Church in America, ecumenist and an elder among African American Lutheran Pastors. I am honored to acknowledge the life and contributions of one of Harlem's forward thinking religious leaders of the 21st century. On June 20th, at Harlem's historic Transfiguration Lutheran Church, the Harlem community gathers to memorialize Dr. Gunther. He devoted his life to enlightening African Americans and is noted for illuminating our spiritual enlargement to embrace a global unification and cultural learning. Reverend Dr. James E. Gunther served the Harlem community and was a man of purpose, passion and true conviction in service to others. Known as a ``Poor, Humble, Parish priest, he served for a brief time at Nativity Lutheran Church and Tabernacle Lutheran Church, Philadelphia, as part of the Center City Lutheran Parish, before moving on to Transfiguration Lutheran Church in Harlem where he served for 38 years, retiring in 1998. A year later he was named Pastor Emeritus. A life-long teacher, leader and visionary, he led a large parish with many Caribbean roots at the Transfiguration Lutheran Church. He was a member of the Governing Board of the National Council of Churches of Christ in the USA (NCC) representing the Lutheran Church of America (LCA). A Humanitarian, he served as a Board member of the National Committee of Black Churchmen. Focusing on Economic Justice Working Group, the Division of Overseas Ministry and the Committee on Research and Planning, he served as a Board member of the National Committee of Black Churchmen. Through Reverend Gunther, illustrious leadership, he founded and chaired the Harlem College Assistance Project from 1964-1977 sending more than 5,000 young black and Hispanic students to college. An inspiriting thought leader, he served on the Harlem Urban Development Corporation, the Board of the Roosevelt Island Corporation, the New York Urban Coalition and the Ministerial Interfaith Association. A man way ahead of his time, Dr. Gunther, was born on May 5, 1932 in Philadelphia, PA. Educated in Philadelphia Public Schools, he continued his collegiate journey attending the University of Pennsylvania. He holds degrees from Philadelphia College of the Bible, Houghton College, the Lutheran Theological Seminary at Philadelphia, and Harvard University with studies in Psychology, Religion, Theology and Church and Society. A worldwide global vanguard, Dr. Gunther served on the Executive council of the LCA and represented the church at the 1977 Sixth Assembly of the Lutheran World Federation in Dar es Salaam, East Africa, working on the Statement Human Rights and the Statement on South Africa. Dr. Gunther encouraged all that he met ``To Think Globally While Acting Locally''. In addition, Dr. Gunther served as Trustee of Susquehanna University, Selinsgrove, PA; Wagner College, Staten Island, NY and Muhlenberg University, Allentown, PA. He subsequently served as a Board Member of Augsburg Fortress Publishers, an Adjunct Professor at Christ Bible College, Malcolm King College (associated with Fordham University and Marymount-Manhattan College, and the Lutheran Theological Seminary at Philadelphia. Mr. Speaker, I ask that you and my distinguished colleagues join me in recognizing Reverend Dr. James E. Gunther, and his contributions and innovations that have positively impacted the quality of life for countless citizens across this Nation. His unwavering dedication, commitment, and spiritual guidance is worthy of our Nation's highest esteem. ____________________",,"[Congressional Record Volume 161, Number 99 (Friday, June 19, 2015)] [Extensions of Remarks] [Page E936] From the Congressional Record Online through the Government Publishing Office [ www.gpo.gov ] CELEBRATING THE LIFE, LEGACY AND WORK OF REVEREND DR. JAMES E. GUNTHER ______ HON. CHARLES B. RANGEL of new york in the house of representatives Friday, June 19, 2015 Mr. RANGEL. Mr. Speaker, today I rise today to recognize and honor the life of Reverend Dr. James E. Gunther, the well respected Pastor of the Evangelical Lutheran Church in America, ecumenist and an elder among African American Lutheran Pastors. I am honored to acknowledge the life and contributions of one of Harlem's forward thinking religious leaders of the 21st century. On June 20th, at Harlem's historic Transfiguration Lutheran Church, the Harlem community gathers to memorialize Dr. Gunther. He devoted his life to enlightening African Americans and is noted for illuminating our spiritual enlargement to embrace a global unification and cultural learning. Reverend Dr. James E. Gunther served the Harlem community and was a man of purpose, passion and true conviction in service to others. Known as a ``Poor, Humble, Parish priest, he served for a brief time at Nativity Lutheran Church and Tabernacle Lutheran Church, Philadelphia, as part of the Center City Lutheran Parish, before moving on to Transfiguration Lutheran Church in Harlem where he served for 38 years, retiring in 1998. A year later he was named Pastor Emeritus. A life-long teacher, leader and visionary, he led a large parish with many Caribbean roots at the Transfiguration Lutheran Church. He was a member of the Governing Board of the National Council of Churches of Christ in the USA (NCC) representing the Lutheran Church of America (LCA). A Humanitarian, he served as a Board member of the National Committee of Black Churchmen. Focusing on Economic Justice Working Group, the Division of Overseas Ministry and the Committee on Research and Planning, he served as a Board member of the National Committee of Black Churchmen. Through Reverend Gunther, illustrious leadership, he founded and chaired the Harlem College Assistance Project from 1964-1977 sending more than 5,000 young black and Hispanic students to college. An inspiriting thought leader, he served on the Harlem Urban Development Corporation, the Board of the Roosevelt Island Corporation, the New York Urban Coalition and the Ministerial Interfaith Association. A man way ahead of his time, Dr. Gunther, was born on May 5, 1932 in Philadelphia, PA. Educated in Philadelphia Public Schools, he continued his collegiate journey attending the University of Pennsylvania. He holds degrees from Philadelphia College of the Bible, Houghton College, the Lutheran Theological Seminary at Philadelphia, and Harvard University with studies in Psychology, Religion, Theology and Church and Society. A worldwide global vanguard, Dr. Gunther served on the Executive council of the LCA and represented the church at the 1977 Sixth Assembly of the Lutheran World Federation in Dar es Salaam, East Africa, working on the Statement Human Rights and the Statement on South Africa. Dr. Gunther encouraged all that he met ``To Think Globally While Acting Locally''. In addition, Dr. Gunther served as Trustee of Susquehanna University, Selinsgrove, PA; Wagner College, Staten Island, NY and Muhlenberg University, Allentown, PA. He subsequently served as a Board Member of Augsburg Fortress Publishers, an Adjunct Professor at Christ Bible College, Malcolm King College (associated with Fordham University and Marymount-Manhattan College, and the Lutheran Theological Seminary at Philadelphia. Mr. Speaker, I ask that you and my distinguished colleagues join me in recognizing Reverend Dr. James E. Gunther, and his contributions and innovations that have positively impacted the quality of life for countless citizens across this Nation. His unwavering dedication, commitment, and spiritual guidance is worthy of our Nation's highest esteem. ____________________",https://api.govinfo.gov/related/CREC-2015-06-19-pt1-PgE936,CREC,Proceedings of Congress and General Congressional Publications,2025-03-07T17:25:32Z,Congressional Record,package_114_98.csv,4060,0,4060,"[congressional record volume 161, number 99 (friday, june 19, 2015)] [extensions of remarks] [page e936] from the congressional record online through the government publishing office [ www.gpo.gov ] celebrating the life, legacy and work of reverend dr. james e. gunther ______ hon. charles b. rangel of new york in the house of representatives friday, june 19, 2015 mr. rangel. mr. speaker, today i rise today to recognize and honor the life of reverend dr. james e. gunther, the well respected pastor of the evangelical lutheran church in america, ecumenist and an elder among african american lutheran pastors. i am honored to acknowledge the life and contributions of one of harlem's forward thinking religious leaders of the 21st century. on june 20th, at harlem's historic transfiguration lutheran church, the harlem community gathers to memorialize dr. gunther. he devoted his life to enlightening african americans and is noted for illuminating our spiritual enlargement to embrace a global unification and cultural learning. reverend dr. james e. gunther served the harlem community and was a man of purpose, passion and true conviction in service to others. known as a ``poor, humble, parish priest, he served for a brief time at nativity lutheran church and tabernacle lutheran church, philadelphia, as part of the center city lutheran parish, before moving on to transfiguration lutheran church in harlem where he served for 38 years, retiring in 1998. a year later he was named pastor emeritus. a life-long teacher, leader and visionary, he led a large parish with many caribbean roots at the transfiguration lutheran church. he was a member of the governing board of the national council of churches of christ in the usa (ncc) representing the lutheran church of america (lca). a humanitarian, he served as a board member of the national committee of black churchmen. focusing on economic justice working group, the division of overseas ministry and the committee on research and planning, he served as a board member of the national committee of black churchmen. through reverend gunther, illustrious leadership, he founded and chaired the harlem college assistance project from 1964-1977 sending more than 5,000 young black and hispanic students to college. an inspiriting thought leader, he served on the harlem urban development corporation, the board of the roosevelt island corporation, the new york urban coalition and the ministerial interfaith association. a man way ahead of his time, dr. gunther, was born on may 5, 1932 in philadelphia, pa. educated in philadelphia public schools, he continued his collegiate journey attending the university of pennsylvania. he holds degrees from philadelphia college of the bible, houghton college, the lutheran theological seminary at philadelphia, and harvard university with studies in psychology, religion, theology and church and society. a worldwide global vanguard, dr. gunther served on the executive council of the lca and represented the church at the 1977 sixth assembly of the lutheran world federation in dar es salaam, east africa, working on the statement human rights and the statement on south africa. dr. gunther encouraged all that he met ``to think globally while acting locally''. in addition, dr. gunther served as trustee of susquehanna university, selinsgrove, pa; wagner college, staten island, ny and muhlenberg university, allentown, pa. he subsequently served as a board member of augsburg fortress publishers, an adjunct professor at christ bible college, malcolm king college (associated with fordham university and marymount-manhattan college, and the lutheran theological seminary at philadelphia. mr. speaker, i ask that you and my distinguished colleagues join me in recognizing reverend dr. james e. gunther, and his contributions and innovations that have positively impacted the quality of life for countless citizens across this nation. his unwavering dedication, commitment, and spiritual guidance is worthy of our nation's highest esteem. ____________________",4060
CREC-2015-06-19-pt1-PgE935-4,CREC-2015-06-19,2015-06-19,ON THE TRADE FACILITATION AND TRADE ENFORCEMENT ACT OF 2015,CREC,EXTENSIONS,E,E,1,https://www.govinfo.gov/app/details/CREC-2015-06-19/CREC-2015-06-19-pt1-PgE935-4,https://api.govinfo.gov/packages/CREC-2015-06-19/granules/CREC-2015-06-19-pt1-PgE935-4/htm,https://api.govinfo.gov/packages/CREC-2015-06-19/granules/CREC-2015-06-19-pt1-PgE935-4/pdf,https://api.govinfo.gov/packages/CREC-2015-06-19/summary,"[Congressional Record Volume 161, Number 99 (Friday, June 19, 2015)] [Extensions of Remarks] [Pages E935-E936] From the Congressional Record Online through the Government Publishing Office [ www.gpo.gov ] ON THE TRADE FACILITATION AND TRADE ENFORCEMENT ACT OF 2015 ______ HON. JOHN CONYERS, JR. of michigan in the house of representatives Friday, June 19, 2015 Mr. CONYERS. Mr. Speaker, although I oppose H.R. 644, the Trade Facilitation and Trade Enforcement Act of 2015, I rise in support of Section 302 of the bill because it wisely allows Customs and Border Protection (CBP) the flexibility to determine when there is a suspicion that goods are counterfeit. The section clarifies that CBP shall consult with Intellectual Property (IP) owners and preserves the flexibility of customs to first consult as appropriate with the importer. However, it does not direct CBP to modify in any particular way its procedures regarding notice to importers prior to determining whether there is a suspicion that their detained goods are possibly counterfeit. This should result in earlier and more accurate decisions by CBP and preserve the ability of lawful importers to protect their confidential information from disclosure. I am aware of cases where importers of genuine material have suffered significant and real costs because of CBP suspicions that the material was counterfeit. These losses occurred because shipments that were detained or seized were ultimately determined to be genuine and released long after their arrival and expected delivery dates. For example, in one case, a company suffered delays and increased costs for over 17 shipments that were seized or intensively examined by CBP over a three-month period after which all of the goods were ultimately determined to be genuine and were released long after their arrival and expected delivery dates. In another case, a company reported one shipment was seized and another one was detained for more than 30 days before both of these shipments were found to be genuine and were released. As a result of these long delays, the importers in each of these cases suffered significant costs for storage, brokerage, legal fees, product damage, and losses in customer good will. I thank Chairman Ryan as well as the other Ways & Means Committee members who remain as committed as I am to preventing counterfeit merchandise from crossing our borders. I look forward to working with them to ensure smooth implementation of this new policy. [[Page E936]] ____________________",,"[Congressional Record Volume 161, Number 99 (Friday, June 19, 2015)] [Extensions of Remarks] [Pages E935-E936] From the Congressional Record Online through the Government Publishing Office [ www.gpo.gov ] ON THE TRADE FACILITATION AND TRADE ENFORCEMENT ACT OF 2015 ______ HON. JOHN CONYERS, JR. of michigan in the house of representatives Friday, June 19, 2015 Mr. CONYERS. Mr. Speaker, although I oppose H.R. 644, the Trade Facilitation and Trade Enforcement Act of 2015, I rise in support of Section 302 of the bill because it wisely allows Customs and Border Protection (CBP) the flexibility to determine when there is a suspicion that goods are counterfeit. The section clarifies that CBP shall consult with Intellectual Property (IP) owners and preserves the flexibility of customs to first consult as appropriate with the importer. However, it does not direct CBP to modify in any particular way its procedures regarding notice to importers prior to determining whether there is a suspicion that their detained goods are possibly counterfeit. This should result in earlier and more accurate decisions by CBP and preserve the ability of lawful importers to protect their confidential information from disclosure. I am aware of cases where importers of genuine material have suffered significant and real costs because of CBP suspicions that the material was counterfeit. These losses occurred because shipments that were detained or seized were ultimately determined to be genuine and released long after their arrival and expected delivery dates. For example, in one case, a company suffered delays and increased costs for over 17 shipments that were seized or intensively examined by CBP over a three-month period after which all of the goods were ultimately determined to be genuine and were released long after their arrival and expected delivery dates. In another case, a company reported one shipment was seized and another one was detained for more than 30 days before both of these shipments were found to be genuine and were released. As a result of these long delays, the importers in each of these cases suffered significant costs for storage, brokerage, legal fees, product damage, and losses in customer good will. I thank Chairman Ryan as well as the other Ways & Means Committee members who remain as committed as I am to preventing counterfeit merchandise from crossing our borders. I look forward to working with them to ensure smooth implementation of this new policy. [[Page E936]] ____________________",https://api.govinfo.gov/related/CREC-2015-06-19-pt1-PgE935-4,CREC,Proceedings of Congress and General Congressional Publications,2025-03-07T17:25:32Z,Congressional Record,package_114_98.csv,2526,0,2526,"[congressional record volume 161, number 99 (friday, june 19, 2015)] [extensions of remarks] [pages e935-e936] from the congressional record online through the government publishing office [ www.gpo.gov ] on the trade facilitation and trade enforcement act of 2015 ______ hon. john conyers, jr. of michigan in the house of representatives friday, june 19, 2015 mr. conyers. mr. speaker, although i oppose h.r. 644, the trade facilitation and trade enforcement act of 2015, i rise in support of section 302 of the bill because it wisely allows customs and border protection (cbp) the flexibility to determine when there is a suspicion that goods are counterfeit. the section clarifies that cbp shall consult with intellectual property (ip) owners and preserves the flexibility of customs to first consult as appropriate with the importer. however, it does not direct cbp to modify in any particular way its procedures regarding notice to importers prior to determining whether there is a suspicion that their detained goods are possibly counterfeit. this should result in earlier and more accurate decisions by cbp and preserve the ability of lawful importers to protect their confidential information from disclosure. i am aware of cases where importers of genuine material have suffered significant and real costs because of cbp suspicions that the material was counterfeit. these losses occurred because shipments that were detained or seized were ultimately determined to be genuine and released long after their arrival and expected delivery dates. for example, in one case, a company suffered delays and increased costs for over 17 shipments that were seized or intensively examined by cbp over a three-month period after which all of the goods were ultimately determined to be genuine and were released long after their arrival and expected delivery dates. in another case, a company reported one shipment was seized and another one was detained for more than 30 days before both of these shipments were found to be genuine and were released. as a result of these long delays, the importers in each of these cases suffered significant costs for storage, brokerage, legal fees, product damage, and losses in customer good will. i thank chairman ryan as well as the other ways & means committee members who remain as committed as i am to preventing counterfeit merchandise from crossing our borders. i look forward to working with them to ensure smooth implementation of this new policy. [[page e936]] ____________________",2526
CREC-2015-06-19-pt1-PgE936-2,CREC-2015-06-19,2015-06-19,INTRODUCTION OF THE ``KEEP OUR PENSION PROMISES ACT'',CREC,EXTENSIONS,E,E,1,https://www.govinfo.gov/app/details/CREC-2015-06-19/CREC-2015-06-19-pt1-PgE936-2,https://api.govinfo.gov/packages/CREC-2015-06-19/granules/CREC-2015-06-19-pt1-PgE936-2/htm,https://api.govinfo.gov/packages/CREC-2015-06-19/granules/CREC-2015-06-19-pt1-PgE936-2/pdf,https://api.govinfo.gov/packages/CREC-2015-06-19/summary,"[Congressional Record Volume 161, Number 99 (Friday, June 19, 2015)] [Extensions of Remarks] [Page E936] From the Congressional Record Online through the Government Publishing Office [ www.gpo.gov ] INTRODUCTION OF THE ``KEEP OUR PENSION PROMISES ACT'' ______ HON. MARCY KAPTUR of ohio in the house of representatives Friday, June 19, 2015 Ms. KAPTUR. Mr. Speaker, I rise today to introduce the ``Keep Our Pension Promises Act.'' Pensions are one of the surest means to afford millions of middle class families an opportunity for security in retirement, to enjoy their golden years without being afraid that they haven't saved enough money or what they have saved could run out. Pensions guarantee our senior citizens will know they have a check arriving every month for as long as they live. This is true retirement security. For forty years the federal pension law has ensured that retirees are given the highest level of protection. For forty years, the Employee Retirement Income Security Act, or ERISA, controlled that pension benefits in multiemployer plans should be cut only when a plan runs out of money--and even then, the benefits of retirees should be the last to be cut. This has held tried and true because it was the right thing to do. Retirees worked their entire life to earn the promise and benefit of a guaranteed pension. This was all uprooted by Congress' December vote on the Omnibus funding bill. A provision that was stuck into the 1,600 page Omnibus bill, at the last minute, forced a decision between shutting down the government and cutting retiree's pension benefits for the first time ever. An estimated 1 million participants, including retirees, are in multi-employer pension plans that federal officials say are in danger of running out of money in the near future. The provision Congress passed allowed for the first time for the benefits of current retirees to be cut as part of a deal to address the fiscal distress confronting some of the nation's multi-employer pension plans, having a direct impact on 1.5 million American retirees. This was wrong and today I introduce the ``Keep Our Pension Promises Act'' with Senator Bernie Sanders of Vermont, to correct this short sighted effort. This Act corrects the injustices bestowed upon our most vulnerable retirees by restoring anti-cutback rules so that retirees in financially troubled multi-employer pension plans are protected from having their earned benefits cut. It will allow plans to partition off ``orphaned'' participants into a separate plan, giving participating employers relief from having to shoulder the full financial burden and risk of underfunded ``orphaned'' participants--ensuring the ability for plans to become financially secure once more. Recognizing that funding is the ultimate concern, the act shores up the Pension Benefit Guaranty Corp and creates a legacy fund to ensure participants in partitioned plans will continue to receive the benefits they depend upon. The costs to create this fund are covered by closing tax loopholes the very wealthy use to accumulate expensive artwork and avoid estate and gift taxes. Further the bill ensures pension obligations are prioritized during bankruptcies, which will help the remaining employers in the plan by making it less likely they become responsible for underfunded orphan plans. Our pension system has allowed our senior citizens the opportunity to enjoy their years of hard work in retirement and receive the payouts they spent a life time to earn. This effort recognizes that shared sacrifices are the appropriate course of action to address weakness in pension plans. I encourage my colleagues to support this measure and correct the misguided action passed in last year's Omnibus funding bill. ____________________",,"[Congressional Record Volume 161, Number 99 (Friday, June 19, 2015)] [Extensions of Remarks] [Page E936] From the Congressional Record Online through the Government Publishing Office [ www.gpo.gov ] INTRODUCTION OF THE ``KEEP OUR PENSION PROMISES ACT'' ______ HON. MARCY KAPTUR of ohio in the house of representatives Friday, June 19, 2015 Ms. KAPTUR. Mr. Speaker, I rise today to introduce the ``Keep Our Pension Promises Act.'' Pensions are one of the surest means to afford millions of middle class families an opportunity for security in retirement, to enjoy their golden years without being afraid that they haven't saved enough money or what they have saved could run out. Pensions guarantee our senior citizens will know they have a check arriving every month for as long as they live. This is true retirement security. For forty years the federal pension law has ensured that retirees are given the highest level of protection. For forty years, the Employee Retirement Income Security Act, or ERISA, controlled that pension benefits in multiemployer plans should be cut only when a plan runs out of money--and even then, the benefits of retirees should be the last to be cut. This has held tried and true because it was the right thing to do. Retirees worked their entire life to earn the promise and benefit of a guaranteed pension. This was all uprooted by Congress' December vote on the Omnibus funding bill. A provision that was stuck into the 1,600 page Omnibus bill, at the last minute, forced a decision between shutting down the government and cutting retiree's pension benefits for the first time ever. An estimated 1 million participants, including retirees, are in multi-employer pension plans that federal officials say are in danger of running out of money in the near future. The provision Congress passed allowed for the first time for the benefits of current retirees to be cut as part of a deal to address the fiscal distress confronting some of the nation's multi-employer pension plans, having a direct impact on 1.5 million American retirees. This was wrong and today I introduce the ``Keep Our Pension Promises Act'' with Senator Bernie Sanders of Vermont, to correct this short sighted effort. This Act corrects the injustices bestowed upon our most vulnerable retirees by restoring anti-cutback rules so that retirees in financially troubled multi-employer pension plans are protected from having their earned benefits cut. It will allow plans to partition off ``orphaned'' participants into a separate plan, giving participating employers relief from having to shoulder the full financial burden and risk of underfunded ``orphaned'' participants--ensuring the ability for plans to become financially secure once more. Recognizing that funding is the ultimate concern, the act shores up the Pension Benefit Guaranty Corp and creates a legacy fund to ensure participants in partitioned plans will continue to receive the benefits they depend upon. The costs to create this fund are covered by closing tax loopholes the very wealthy use to accumulate expensive artwork and avoid estate and gift taxes. Further the bill ensures pension obligations are prioritized during bankruptcies, which will help the remaining employers in the plan by making it less likely they become responsible for underfunded orphan plans. Our pension system has allowed our senior citizens the opportunity to enjoy their years of hard work in retirement and receive the payouts they spent a life time to earn. This effort recognizes that shared sacrifices are the appropriate course of action to address weakness in pension plans. I encourage my colleagues to support this measure and correct the misguided action passed in last year's Omnibus funding bill. ____________________",https://api.govinfo.gov/related/CREC-2015-06-19-pt1-PgE936-2,CREC,Proceedings of Congress and General Congressional Publications,2025-03-07T17:25:32Z,Congressional Record,package_114_98.csv,3783,0,3783,"[congressional record volume 161, number 99 (friday, june 19, 2015)] [extensions of remarks] [page e936] from the congressional record online through the government publishing office [ www.gpo.gov ] introduction of the ``keep our pension promises act'' ______ hon. marcy kaptur of ohio in the house of representatives friday, june 19, 2015 ms. kaptur. mr. speaker, i rise today to introduce the ``keep our pension promises act.'' pensions are one of the surest means to afford millions of middle class families an opportunity for security in retirement, to enjoy their golden years without being afraid that they haven't saved enough money or what they have saved could run out. pensions guarantee our senior citizens will know they have a check arriving every month for as long as they live. this is true retirement security. for forty years the federal pension law has ensured that retirees are given the highest level of protection. for forty years, the employee retirement income security act, or erisa, controlled that pension benefits in multiemployer plans should be cut only when a plan runs out of money--and even then, the benefits of retirees should be the last to be cut. this has held tried and true because it was the right thing to do. retirees worked their entire life to earn the promise and benefit of a guaranteed pension. this was all uprooted by congress' december vote on the omnibus funding bill. a provision that was stuck into the 1,600 page omnibus bill, at the last minute, forced a decision between shutting down the government and cutting retiree's pension benefits for the first time ever. an estimated 1 million participants, including retirees, are in multi-employer pension plans that federal officials say are in danger of running out of money in the near future. the provision congress passed allowed for the first time for the benefits of current retirees to be cut as part of a deal to address the fiscal distress confronting some of the nation's multi-employer pension plans, having a direct impact on 1.5 million american retirees. this was wrong and today i introduce the ``keep our pension promises act'' with senator bernie sanders of vermont, to correct this short sighted effort. this act corrects the injustices bestowed upon our most vulnerable retirees by restoring anti-cutback rules so that retirees in financially troubled multi-employer pension plans are protected from having their earned benefits cut. it will allow plans to partition off ``orphaned'' participants into a separate plan, giving participating employers relief from having to shoulder the full financial burden and risk of underfunded ``orphaned'' participants--ensuring the ability for plans to become financially secure once more. recognizing that funding is the ultimate concern, the act shores up the pension benefit guaranty corp and creates a legacy fund to ensure participants in partitioned plans will continue to receive the benefits they depend upon. the costs to create this fund are covered by closing tax loopholes the very wealthy use to accumulate expensive artwork and avoid estate and gift taxes. further the bill ensures pension obligations are prioritized during bankruptcies, which will help the remaining employers in the plan by making it less likely they become responsible for underfunded orphan plans. our pension system has allowed our senior citizens the opportunity to enjoy their years of hard work in retirement and receive the payouts they spent a life time to earn. this effort recognizes that shared sacrifices are the appropriate course of action to address weakness in pension plans. i encourage my colleagues to support this measure and correct the misguided action passed in last year's omnibus funding bill. ____________________",3783
CREC-2015-06-19-pt1-PgE937,CREC-2015-06-19,2015-06-19,TRIBUTE TO COL. PETE HILGARTNER,CREC,EXTENSIONS,E,E,1,https://www.govinfo.gov/app/details/CREC-2015-06-19/CREC-2015-06-19-pt1-PgE937,https://api.govinfo.gov/packages/CREC-2015-06-19/granules/CREC-2015-06-19-pt1-PgE937/htm,https://api.govinfo.gov/packages/CREC-2015-06-19/granules/CREC-2015-06-19-pt1-PgE937/pdf,https://api.govinfo.gov/packages/CREC-2015-06-19/summary,"[Congressional Record Volume 161, Number 99 (Friday, June 19, 2015)] [Extensions of Remarks] [Page E937] From the Congressional Record Online through the Government Publishing Office [ www.gpo.gov ] TRIBUTE TO COL. PETE HILGARTNER ______ HON. BARBARA COMSTOCK of virginia in the house of representatives Friday, June 19, 2015 Mrs. COMSTOCK. Mr. Speaker, I rise to remember a truly selfless resident of Great Falls, Virginia, Col. Pete Hilgartner. Not long after graduating high school Col. Hilgartner began his service to our nation by enlisting in the U.S. Marine Corps. He received a fleet appointment to the U.S. Naval Academy and upon graduation in 1951 was commissioned a 2nd Lieutenant in the U.S. Marine Corps. During the Korean War, he served as an artillery forward observer and received the Bronze Star with Combat ``V'' for meritorious conduct against the enemy in these actions. In Vietnam, he commanded the 1st Battalion, Fifth Marine Regiment, the most decorated combat battalion in the U.S. Marine Corp. His tour as Battalion Commander of a frontline Marine Infantry Battalion was one of the longest of any during the war and his battalion fought in numerous actions, including every major action that occurred in the 1st Marine Division sector from November 1966 to September 1967. His six and a half foot stature earned him the name ``Highpockets'' by his Marines, who loved him for his competency and his concern for his men's welfare. Under his command, his unit received two Presidential Unit Citations, for Operations Union, Union II, and Swift. Col. Hilgartner himself was awarded twice the Vietnamese Cross of Gallantry with Palm, the Legion of Merit, and the Silver Star medal, for gallantry in combat during Operation Swift. Upon completion of his first tour, Col. Hilgartner completed a Master's degree only to return for an additional tour as a staff officer in Saigon eventually achieving the rank of Colonel by the time of his retirement from active duty in 1972. From there he would transition into a successful career in the brokerage investment business, author of two books and serve as an active member of the community; holding multiple roles as a Virginia Hunter Education Instructor, President of both the McLean Rotary Club and Northern Virginia Brittany Club, and in the aftermath of September 11th led the Great Falls Memorial Committee helping create the Great Falls Memorial in the remembrance of those lost in the September 11th attacks. Col. Hilgartner is survived by his wife, Sara Hilgartner, his five children by his first wife, Frances Haynes Hilgartner: Linda Bassett, Diana Boyd, Dale Cirillo, David Hilgartner, and Paul Hilgartner, 10 grandchildren, five great-grandchildren, his stepson Greg Fernlund and his step-grandchildren. ``Uncle Pete'' was also a loving uncle and grandfather to his deceased brother Fielding's 5 children and 11 grandchildren. Col. Hilgartner will always be remembered for his heroic service to his nation and will truly be missed by all of the many lives that he touched and enriched. ____________________",,"[Congressional Record Volume 161, Number 99 (Friday, June 19, 2015)] [Extensions of Remarks] [Page E937] From the Congressional Record Online through the Government Publishing Office [ www.gpo.gov ] TRIBUTE TO COL. PETE HILGARTNER ______ HON. BARBARA COMSTOCK of virginia in the house of representatives Friday, June 19, 2015 Mrs. COMSTOCK. Mr. Speaker, I rise to remember a truly selfless resident of Great Falls, Virginia, Col. Pete Hilgartner. Not long after graduating high school Col. Hilgartner began his service to our nation by enlisting in the U.S. Marine Corps. He received a fleet appointment to the U.S. Naval Academy and upon graduation in 1951 was commissioned a 2nd Lieutenant in the U.S. Marine Corps. During the Korean War, he served as an artillery forward observer and received the Bronze Star with Combat ``V'' for meritorious conduct against the enemy in these actions. In Vietnam, he commanded the 1st Battalion, Fifth Marine Regiment, the most decorated combat battalion in the U.S. Marine Corp. His tour as Battalion Commander of a frontline Marine Infantry Battalion was one of the longest of any during the war and his battalion fought in numerous actions, including every major action that occurred in the 1st Marine Division sector from November 1966 to September 1967. His six and a half foot stature earned him the name ``Highpockets'' by his Marines, who loved him for his competency and his concern for his men's welfare. Under his command, his unit received two Presidential Unit Citations, for Operations Union, Union II, and Swift. Col. Hilgartner himself was awarded twice the Vietnamese Cross of Gallantry with Palm, the Legion of Merit, and the Silver Star medal, for gallantry in combat during Operation Swift. Upon completion of his first tour, Col. Hilgartner completed a Master's degree only to return for an additional tour as a staff officer in Saigon eventually achieving the rank of Colonel by the time of his retirement from active duty in 1972. From there he would transition into a successful career in the brokerage investment business, author of two books and serve as an active member of the community; holding multiple roles as a Virginia Hunter Education Instructor, President of both the McLean Rotary Club and Northern Virginia Brittany Club, and in the aftermath of September 11th led the Great Falls Memorial Committee helping create the Great Falls Memorial in the remembrance of those lost in the September 11th attacks. Col. Hilgartner is survived by his wife, Sara Hilgartner, his five children by his first wife, Frances Haynes Hilgartner: Linda Bassett, Diana Boyd, Dale Cirillo, David Hilgartner, and Paul Hilgartner, 10 grandchildren, five great-grandchildren, his stepson Greg Fernlund and his step-grandchildren. ``Uncle Pete'' was also a loving uncle and grandfather to his deceased brother Fielding's 5 children and 11 grandchildren. Col. Hilgartner will always be remembered for his heroic service to his nation and will truly be missed by all of the many lives that he touched and enriched. ____________________",https://api.govinfo.gov/related/CREC-2015-06-19-pt1-PgE937,CREC,Proceedings of Congress and General Congressional Publications,2025-03-07T17:25:32Z,Congressional Record,package_114_98.csv,3083,0,3083,"[congressional record volume 161, number 99 (friday, june 19, 2015)] [extensions of remarks] [page e937] from the congressional record online through the government publishing office [ www.gpo.gov ] tribute to col. pete hilgartner ______ hon. barbara comstock of virginia in the house of representatives friday, june 19, 2015 mrs. comstock. mr. speaker, i rise to remember a truly selfless resident of great falls, virginia, col. pete hilgartner. not long after graduating high school col. hilgartner began his service to our nation by enlisting in the u.s. marine corps. he received a fleet appointment to the u.s. naval academy and upon graduation in 1951 was commissioned a 2nd lieutenant in the u.s. marine corps. during the korean war, he served as an artillery forward observer and received the bronze star with combat ``v'' for meritorious conduct against the enemy in these actions. in vietnam, he commanded the 1st battalion, fifth marine regiment, the most decorated combat battalion in the u.s. marine corp. his tour as battalion commander of a frontline marine infantry battalion was one of the longest of any during the war and his battalion fought in numerous actions, including every major action that occurred in the 1st marine division sector from november 1966 to september 1967. his six and a half foot stature earned him the name ``highpockets'' by his marines, who loved him for his competency and his concern for his men's welfare. under his command, his unit received two presidential unit citations, for operations union, union ii, and swift. col. hilgartner himself was awarded twice the vietnamese cross of gallantry with palm, the legion of merit, and the silver star medal, for gallantry in combat during operation swift. upon completion of his first tour, col. hilgartner completed a master's degree only to return for an additional tour as a staff officer in saigon eventually achieving the rank of colonel by the time of his retirement from active duty in 1972. from there he would transition into a successful career in the brokerage investment business, author of two books and serve as an active member of the community; holding multiple roles as a virginia hunter education instructor, president of both the mclean rotary club and northern virginia brittany club, and in the aftermath of september 11th led the great falls memorial committee helping create the great falls memorial in the remembrance of those lost in the september 11th attacks. col. hilgartner is survived by his wife, sara hilgartner, his five children by his first wife, frances haynes hilgartner: linda bassett, diana boyd, dale cirillo, david hilgartner, and paul hilgartner, 10 grandchildren, five great-grandchildren, his stepson greg fernlund and his step-grandchildren. ``uncle pete'' was also a loving uncle and grandfather to his deceased brother fielding's 5 children and 11 grandchildren. col. hilgartner will always be remembered for his heroic service to his nation and will truly be missed by all of the many lives that he touched and enriched. ____________________",3083
CREC-2015-06-19-pt1-PgE936-3,CREC-2015-06-19,2015-06-19,"IN RECOGNITION OF THE 250TH ANNIVERSARY OF SHARON, MASSACHUSETTS",CREC,EXTENSIONS,E,E,1,https://www.govinfo.gov/app/details/CREC-2015-06-19/CREC-2015-06-19-pt1-PgE936-3,https://api.govinfo.gov/packages/CREC-2015-06-19/granules/CREC-2015-06-19-pt1-PgE936-3/htm,https://api.govinfo.gov/packages/CREC-2015-06-19/granules/CREC-2015-06-19-pt1-PgE936-3/pdf,https://api.govinfo.gov/packages/CREC-2015-06-19/summary,"[Congressional Record Volume 161, Number 99 (Friday, June 19, 2015)] [Extensions of Remarks] [Pages E936-E937] From the Congressional Record Online through the Government Publishing Office [ www.gpo.gov ] IN RECOGNITION OF THE 250TH ANNIVERSARY OF SHARON, MASSACHUSETTS ______ HON. WILLIAM R. KEATING of massachusetts in the house of representatives Friday, June 19, 2015 Mr. KEATING. Mr. Speaker, I rise today to celebrate the 250th anniversary of the founding of Sharon, Massachusetts, a town whose slogan ``A Better Place to Live Because It's Naturally Beautiful'' is uncontroverted. Sharon's landscape represents a classic New England destination with its tree-lined streets, pristine white church spires encasing bells manufactured by Paul Revere, its forested high plains and the peacefulness of Lake Massapoag. First settled in 1637 as part of the Massachusetts Bay Colony, Sharon was established as the 2nd precinct of its neighboring town Stoughton in 1740. On June 21, 1765, an act passed by the Council and the House of Representatives and signed by Governor Bernard incorporated the second precinct of Stoughton into the district named Stoughtonham. It was subsequently named after the Sharon plains in Israel due to its plentiful forests and greenery. Engrained in the history of Sharon is the strength of its townspeople who manufactured weapons for the Continental Army during the American Revolution. The heroism of the colonial townspeople of Sharon is exemplified by the historical figure Deborah Sampson, a woman who disguised herself as a man in order to display her patriotism by fighting for her country in the Revolutionary War. Present day Sharon has become a beacon for its thriving culture. Local artists and businesses have contributed to the unique character of this charming Massachusetts town. A boisterous population of 18,000 individuals inhabit Sharon, providing the town with [[Page E937]] diversity of race, religion, and personalities. But one thing is a constant in Sharon: the friendliness of its townspeople. As my hometown, where I resided for over half a century, I had the pleasure of a place that valued the meaning of friendship. The people of Sharon are kind, tolerant, spirited and it is due to their love of neighborliness that Sharon has been able to remain a steadfast community, truly representing the very best that our Commonwealth and our country has to offer. Mr. Speaker, please join me in celebrating the 250th anniversary of Sharon, Massachusetts. May this beautiful Massachusetts town flourish for many years to come. ____________________",,"[Congressional Record Volume 161, Number 99 (Friday, June 19, 2015)] [Extensions of Remarks] [Pages E936-E937] From the Congressional Record Online through the Government Publishing Office [ www.gpo.gov ] IN RECOGNITION OF THE 250TH ANNIVERSARY OF SHARON, MASSACHUSETTS ______ HON. WILLIAM R. KEATING of massachusetts in the house of representatives Friday, June 19, 2015 Mr. KEATING. Mr. Speaker, I rise today to celebrate the 250th anniversary of the founding of Sharon, Massachusetts, a town whose slogan ``A Better Place to Live Because It's Naturally Beautiful'' is uncontroverted. Sharon's landscape represents a classic New England destination with its tree-lined streets, pristine white church spires encasing bells manufactured by Paul Revere, its forested high plains and the peacefulness of Lake Massapoag. First settled in 1637 as part of the Massachusetts Bay Colony, Sharon was established as the 2nd precinct of its neighboring town Stoughton in 1740. On June 21, 1765, an act passed by the Council and the House of Representatives and signed by Governor Bernard incorporated the second precinct of Stoughton into the district named Stoughtonham. It was subsequently named after the Sharon plains in Israel due to its plentiful forests and greenery. Engrained in the history of Sharon is the strength of its townspeople who manufactured weapons for the Continental Army during the American Revolution. The heroism of the colonial townspeople of Sharon is exemplified by the historical figure Deborah Sampson, a woman who disguised herself as a man in order to display her patriotism by fighting for her country in the Revolutionary War. Present day Sharon has become a beacon for its thriving culture. Local artists and businesses have contributed to the unique character of this charming Massachusetts town. A boisterous population of 18,000 individuals inhabit Sharon, providing the town with [[Page E937]] diversity of race, religion, and personalities. But one thing is a constant in Sharon: the friendliness of its townspeople. As my hometown, where I resided for over half a century, I had the pleasure of a place that valued the meaning of friendship. The people of Sharon are kind, tolerant, spirited and it is due to their love of neighborliness that Sharon has been able to remain a steadfast community, truly representing the very best that our Commonwealth and our country has to offer. Mr. Speaker, please join me in celebrating the 250th anniversary of Sharon, Massachusetts. May this beautiful Massachusetts town flourish for many years to come. ____________________",https://api.govinfo.gov/related/CREC-2015-06-19-pt1-PgE936-3,CREC,Proceedings of Congress and General Congressional Publications,2025-03-07T17:25:32Z,Congressional Record,package_114_98.csv,2596,0,2596,"[congressional record volume 161, number 99 (friday, june 19, 2015)] [extensions of remarks] [pages e936-e937] from the congressional record online through the government publishing office [ www.gpo.gov ] in recognition of the 250th anniversary of sharon, massachusetts ______ hon. william r. keating of massachusetts in the house of representatives friday, june 19, 2015 mr. keating. mr. speaker, i rise today to celebrate the 250th anniversary of the founding of sharon, massachusetts, a town whose slogan ``a better place to live because it's naturally beautiful'' is uncontroverted. sharon's landscape represents a classic new england destination with its tree-lined streets, pristine white church spires encasing bells manufactured by paul revere, its forested high plains and the peacefulness of lake massapoag. first settled in 1637 as part of the massachusetts bay colony, sharon was established as the 2nd precinct of its neighboring town stoughton in 1740. on june 21, 1765, an act passed by the council and the house of representatives and signed by governor bernard incorporated the second precinct of stoughton into the district named stoughtonham. it was subsequently named after the sharon plains in israel due to its plentiful forests and greenery. engrained in the history of sharon is the strength of its townspeople who manufactured weapons for the continental army during the american revolution. the heroism of the colonial townspeople of sharon is exemplified by the historical figure deborah sampson, a woman who disguised herself as a man in order to display her patriotism by fighting for her country in the revolutionary war. present day sharon has become a beacon for its thriving culture. local artists and businesses have contributed to the unique character of this charming massachusetts town. a boisterous population of 18,000 individuals inhabit sharon, providing the town with [[page e937]] diversity of race, religion, and personalities. but one thing is a constant in sharon: the friendliness of its townspeople. as my hometown, where i resided for over half a century, i had the pleasure of a place that valued the meaning of friendship. the people of sharon are kind, tolerant, spirited and it is due to their love of neighborliness that sharon has been able to remain a steadfast community, truly representing the very best that our commonwealth and our country has to offer. mr. speaker, please join me in celebrating the 250th anniversary of sharon, massachusetts. may this beautiful massachusetts town flourish for many years to come. ____________________",2596
CREC-2015-06-19-pt1-PgE937-2,CREC-2015-06-19,2015-06-19,"CELEBRATING THE LIFE, LEGACY, AND WORK OF CLEMENTE PUGH",CREC,EXTENSIONS,E,E,1,https://www.govinfo.gov/app/details/CREC-2015-06-19/CREC-2015-06-19-pt1-PgE937-2,https://api.govinfo.gov/packages/CREC-2015-06-19/granules/CREC-2015-06-19-pt1-PgE937-2/htm,https://api.govinfo.gov/packages/CREC-2015-06-19/granules/CREC-2015-06-19-pt1-PgE937-2/pdf,https://api.govinfo.gov/packages/CREC-2015-06-19/summary,"[Congressional Record Volume 161, Number 99 (Friday, June 19, 2015)] [Extensions of Remarks] [Page E937] From the Congressional Record Online through the Government Publishing Office [ www.gpo.gov ] CELEBRATING THE LIFE, LEGACY, AND WORK OF CLEMENTE PUGH ______ HON. CHARLES B. RANGEL of new york in the house of representatives Friday, June 19, 2015 Mr. RANGEL. Mr. Speaker, today I rise to celebrate the life, legacy, and work of my dear distinguished friend, Clemente Pugh who was affectionately known to all of as ``Clem''. As a strong believer in the power of knowledge, she demonstrated the importance of learning and expanding educational opportunities to women and African Americans throughout our great Nation. On June 20th, at Harlem's historic, The Riverside Church, family and community gathers to memorialize Clem's life and contributions to opening our minds to the importance of culture, honesty, and knowledge. On April 11, 1925, Clemente was born to Alberta and Otho High in Raleigh, North Carolina. She attended Shaw University where she earned a Bachelor of Arts degree. She began her career as a psychiatric social worker, moving on to becoming a public school teacher and eventually, a professor at Hunter and Lehman Colleges of the City University of New York. After 20 years of service at Lehman College, she was awarded the title of Professor Emeritus Education. She went on to earn a Master of Social Work degree in 1949 from New York's Columbia University and a Doctorate in Education from the University of Massachusetts at Amherst in 1982 where she was awarded the prestigious title of Professor Emeritus of Education for her teachings. Clem vividly strived for honesty and understanding. She made it her duty to present others with the awareness she obtained. Her tireless effort to engage, enjoy, and educate people touched the hearts of every person she met. A woman ahead of her time, Clemente Pugh tackled the many realms of ``isms'' including, racism, sexism and classism. Her life was devoted to acknowledging and improving how these infected opinions affect African American people. With her remarkable resilience, I am proud to have called Clemente and her husband, Douglas Pugh, my dear and very special friends. I know that her legacy will live on for many years to come. Mr. Speaker, I ask that you and my distinguished colleagues join me as we pay tribute to such a treasure to our community. I pledge to continue to carry out her tradition of provoking thought and feeling for all who have lost their way, or simply need to be reminded of who we are, what we come from, and how we can overcome any obstacle presented before us.",,"[Congressional Record Volume 161, Number 99 (Friday, June 19, 2015)] [Extensions of Remarks] [Page E937] From the Congressional Record Online through the Government Publishing Office [ www.gpo.gov ] CELEBRATING THE LIFE, LEGACY, AND WORK OF CLEMENTE PUGH ______ HON. CHARLES B. RANGEL of new york in the house of representatives Friday, June 19, 2015 Mr. RANGEL. Mr. Speaker, today I rise to celebrate the life, legacy, and work of my dear distinguished friend, Clemente Pugh who was affectionately known to all of as ``Clem''. As a strong believer in the power of knowledge, she demonstrated the importance of learning and expanding educational opportunities to women and African Americans throughout our great Nation. On June 20th, at Harlem's historic, The Riverside Church, family and community gathers to memorialize Clem's life and contributions to opening our minds to the importance of culture, honesty, and knowledge. On April 11, 1925, Clemente was born to Alberta and Otho High in Raleigh, North Carolina. She attended Shaw University where she earned a Bachelor of Arts degree. She began her career as a psychiatric social worker, moving on to becoming a public school teacher and eventually, a professor at Hunter and Lehman Colleges of the City University of New York. After 20 years of service at Lehman College, she was awarded the title of Professor Emeritus Education. She went on to earn a Master of Social Work degree in 1949 from New York's Columbia University and a Doctorate in Education from the University of Massachusetts at Amherst in 1982 where she was awarded the prestigious title of Professor Emeritus of Education for her teachings. Clem vividly strived for honesty and understanding. She made it her duty to present others with the awareness she obtained. Her tireless effort to engage, enjoy, and educate people touched the hearts of every person she met. A woman ahead of her time, Clemente Pugh tackled the many realms of ``isms'' including, racism, sexism and classism. Her life was devoted to acknowledging and improving how these infected opinions affect African American people. With her remarkable resilience, I am proud to have called Clemente and her husband, Douglas Pugh, my dear and very special friends. I know that her legacy will live on for many years to come. Mr. Speaker, I ask that you and my distinguished colleagues join me as we pay tribute to such a treasure to our community. I pledge to continue to carry out her tradition of provoking thought and feeling for all who have lost their way, or simply need to be reminded of who we are, what we come from, and how we can overcome any obstacle presented before us.",https://api.govinfo.gov/related/CREC-2015-06-19-pt1-PgE937-2,CREC,Proceedings of Congress and General Congressional Publications,2025-03-07T17:25:32Z,Congressional Record,package_114_98.csv,2669,0,2669,"[congressional record volume 161, number 99 (friday, june 19, 2015)] [extensions of remarks] [page e937] from the congressional record online through the government publishing office [ www.gpo.gov ] celebrating the life, legacy, and work of clemente pugh ______ hon. charles b. rangel of new york in the house of representatives friday, june 19, 2015 mr. rangel. mr. speaker, today i rise to celebrate the life, legacy, and work of my dear distinguished friend, clemente pugh who was affectionately known to all of as ``clem''. as a strong believer in the power of knowledge, she demonstrated the importance of learning and expanding educational opportunities to women and african americans throughout our great nation. on june 20th, at harlem's historic, the riverside church, family and community gathers to memorialize clem's life and contributions to opening our minds to the importance of culture, honesty, and knowledge. on april 11, 1925, clemente was born to alberta and otho high in raleigh, north carolina. she attended shaw university where she earned a bachelor of arts degree. she began her career as a psychiatric social worker, moving on to becoming a public school teacher and eventually, a professor at hunter and lehman colleges of the city university of new york. after 20 years of service at lehman college, she was awarded the title of professor emeritus education. she went on to earn a master of social work degree in 1949 from new york's columbia university and a doctorate in education from the university of massachusetts at amherst in 1982 where she was awarded the prestigious title of professor emeritus of education for her teachings. clem vividly strived for honesty and understanding. she made it her duty to present others with the awareness she obtained. her tireless effort to engage, enjoy, and educate people touched the hearts of every person she met. a woman ahead of her time, clemente pugh tackled the many realms of ``isms'' including, racism, sexism and classism. her life was devoted to acknowledging and improving how these infected opinions affect african american people. with her remarkable resilience, i am proud to have called clemente and her husband, douglas pugh, my dear and very special friends. i know that her legacy will live on for many years to come. mr. speaker, i ask that you and my distinguished colleagues join me as we pay tribute to such a treasure to our community. i pledge to continue to carry out her tradition of provoking thought and feeling for all who have lost their way, or simply need to be reminded of who we are, what we come from, and how we can overcome any obstacle presented before us.",2669
CREC-2015-06-19-pt1-PgD735-2,CREC-2015-06-19,2015-06-19,Daily Digest/Senate Committee Meetings,CREC,DAILYDIGEST,,D,1,https://www.govinfo.gov/app/details/CREC-2015-06-19/CREC-2015-06-19-pt1-PgD735-2,https://api.govinfo.gov/packages/CREC-2015-06-19/granules/CREC-2015-06-19-pt1-PgD735-2/htm,https://api.govinfo.gov/packages/CREC-2015-06-19/granules/CREC-2015-06-19-pt1-PgD735-2/pdf,https://api.govinfo.gov/packages/CREC-2015-06-19/summary,"[Congressional Record Volume 161, Number 99 (Friday, June 19, 2015)] [Daily Digest] [Page D735] From the Congressional Record Online through the Government Publishing Office [ www.gpo.gov ] Committee Meetings No committee meetings were held.",,"[Congressional Record Volume 161, Number 99 (Friday, June 19, 2015)] [Daily Digest] [Page D735] From the Congressional Record Online through the Government Publishing Office [ www.gpo.gov ] Committee Meetings No committee meetings were held.",https://api.govinfo.gov/related/CREC-2015-06-19-pt1-PgD735-2,CREC,Proceedings of Congress and General Congressional Publications,2025-03-07T17:25:32Z,Congressional Record,package_114_98.csv,241,0,241,"[congressional record volume 161, number 99 (friday, june 19, 2015)] [daily digest] [page d735] from the congressional record online through the government publishing office [ www.gpo.gov ] committee meetings no committee meetings were held.",241
CREC-2015-06-19-pt1-PgD735,CREC-2015-06-19,2015-06-19,Daily Digest/Senate,CREC,DAILYDIGEST,,D,1,https://www.govinfo.gov/app/details/CREC-2015-06-19/CREC-2015-06-19-pt1-PgD735,https://api.govinfo.gov/packages/CREC-2015-06-19/granules/CREC-2015-06-19-pt1-PgD735/htm,https://api.govinfo.gov/packages/CREC-2015-06-19/granules/CREC-2015-06-19-pt1-PgD735/pdf,https://api.govinfo.gov/packages/CREC-2015-06-19/summary,"[Congressional Record Volume 161, Number 99 (Friday, June 19, 2015)] [Daily Digest] [Page D735] From the Congressional Record Online through the Government Publishing Office [ www.gpo.gov ] Friday, June 19, 2015 [[Page D735]] Daily Digest Senate Chamber Action The Senate was not in session and stands adjourned until 3 p.m., on Monday, June 22, 2015.",,"[Congressional Record Volume 161, Number 99 (Friday, June 19, 2015)] [Daily Digest] [Page D735] From the Congressional Record Online through the Government Publishing Office [ www.gpo.gov ] Friday, June 19, 2015 [[Page D735]] Daily Digest Senate Chamber Action The Senate was not in session and stands adjourned until 3 p.m., on Monday, June 22, 2015.",https://api.govinfo.gov/related/CREC-2015-06-19-pt1-PgD735,CREC,Proceedings of Congress and General Congressional Publications,2025-03-07T17:25:32Z,Congressional Record,package_114_98.csv,351,0,351,"[congressional record volume 161, number 99 (friday, june 19, 2015)] [daily digest] [page d735] from the congressional record online through the government publishing office [ www.gpo.gov ] friday, june 19, 2015 [[page d735]] daily digest senate chamber action the senate was not in session and stands adjourned until 3 p.m., on monday, june 22, 2015.",351
CREC-2015-06-19-pt1-PgD735-4,CREC-2015-06-19,2015-06-19,Daily Digest/House Committee Meetings,CREC,DAILYDIGEST,,D,1,https://www.govinfo.gov/app/details/CREC-2015-06-19/CREC-2015-06-19-pt1-PgD735-4,https://api.govinfo.gov/packages/CREC-2015-06-19/granules/CREC-2015-06-19-pt1-PgD735-4/htm,https://api.govinfo.gov/packages/CREC-2015-06-19/granules/CREC-2015-06-19-pt1-PgD735-4/pdf,https://api.govinfo.gov/packages/CREC-2015-06-19/summary,"[Congressional Record Volume 161, Number 99 (Friday, June 19, 2015)] [Daily Digest] [Page D735] From the Congressional Record Online through the Government Publishing Office [ www.gpo.gov ] Committee Meetings No hearings were held. Joint Meetings No joint committee meetings were held.",,"[Congressional Record Volume 161, Number 99 (Friday, June 19, 2015)] [Daily Digest] [Page D735] From the Congressional Record Online through the Government Publishing Office [ www.gpo.gov ] Committee Meetings No hearings were held. Joint Meetings No joint committee meetings were held.",https://api.govinfo.gov/related/CREC-2015-06-19-pt1-PgD735-4,CREC,Proceedings of Congress and General Congressional Publications,2025-03-07T17:25:32Z,Congressional Record,package_114_98.csv,285,0,285,"[congressional record volume 161, number 99 (friday, june 19, 2015)] [daily digest] [page d735] from the congressional record online through the government publishing office [ www.gpo.gov ] committee meetings no hearings were held. joint meetings no joint committee meetings were held.",285
CREC-2015-06-19-pt1-PgD735-3,CREC-2015-06-19,2015-06-19,Daily Digest/House of Representatives,CREC,DAILYDIGEST,,D,1,https://www.govinfo.gov/app/details/CREC-2015-06-19/CREC-2015-06-19-pt1-PgD735-3,https://api.govinfo.gov/packages/CREC-2015-06-19/granules/CREC-2015-06-19-pt1-PgD735-3/htm,https://api.govinfo.gov/packages/CREC-2015-06-19/granules/CREC-2015-06-19-pt1-PgD735-3/pdf,https://api.govinfo.gov/packages/CREC-2015-06-19/summary,"[Congressional Record Volume 161, Number 99 (Friday, June 19, 2015)] [Daily Digest] [Page D735] From the Congressional Record Online through the Government Publishing Office [ www.gpo.gov ] House of Representatives Chamber Action Public Bills and Resolutions Introduced: 2 public bills, H.R. 2843- 2845, were introduced. Page H4546 Additional Cosponsors: Page H4546 Report Filed: A report was filed today as follows: H.R. 2042, to allow for judicial review of any final rule addressing carbon dioxide emissions from existing fossil fuel-fired electric utility generating units before requiring compliance with such rule, and to allow States to protect households and businesses from significant adverse effects on electricity ratepayers or reliability (H. Rept. 114-171). Page H4546 Speaker: Read a letter from the Speaker wherein he appointed Representative Thornberry to act as Speaker pro tempore for today. Page H4545 Guest Chaplain: The prayer was offered by the Guest Chaplain, Reverend Dr. Kurt Gerhard, St. Patrick's Episcopal Church, Washington, DC. Page H4545 Quorum Calls--Votes: There were no yea-and-nay votes, and there were no recorded votes. There were no quorum calls. Adjournment: The House met at 12 noon and adjourned at 12:02 p.m.",,"[Congressional Record Volume 161, Number 99 (Friday, June 19, 2015)] [Daily Digest] [Page D735] From the Congressional Record Online through the Government Publishing Office [ www.gpo.gov ] House of Representatives Chamber Action Public Bills and Resolutions Introduced: 2 public bills, H.R. 2843- 2845, were introduced. Page H4546 Additional Cosponsors: Page H4546 Report Filed: A report was filed today as follows: H.R. 2042, to allow for judicial review of any final rule addressing carbon dioxide emissions from existing fossil fuel-fired electric utility generating units before requiring compliance with such rule, and to allow States to protect households and businesses from significant adverse effects on electricity ratepayers or reliability (H. Rept. 114-171). Page H4546 Speaker: Read a letter from the Speaker wherein he appointed Representative Thornberry to act as Speaker pro tempore for today. Page H4545 Guest Chaplain: The prayer was offered by the Guest Chaplain, Reverend Dr. Kurt Gerhard, St. Patrick's Episcopal Church, Washington, DC. Page H4545 Quorum Calls--Votes: There were no yea-and-nay votes, and there were no recorded votes. There were no quorum calls. Adjournment: The House met at 12 noon and adjourned at 12:02 p.m.",https://api.govinfo.gov/related/CREC-2015-06-19-pt1-PgD735-3,CREC,Proceedings of Congress and General Congressional Publications,2025-03-07T17:25:32Z,Congressional Record,package_114_98.csv,1251,0,1251,"[congressional record volume 161, number 99 (friday, june 19, 2015)] [daily digest] [page d735] from the congressional record online through the government publishing office [ www.gpo.gov ] house of representatives chamber action public bills and resolutions introduced: 2 public bills, h.r. 2843- 2845, were introduced. page h4546 additional cosponsors: page h4546 report filed: a report was filed today as follows: h.r. 2042, to allow for judicial review of any final rule addressing carbon dioxide emissions from existing fossil fuel-fired electric utility generating units before requiring compliance with such rule, and to allow states to protect households and businesses from significant adverse effects on electricity ratepayers or reliability (h. rept. 114-171). page h4546 speaker: read a letter from the speaker wherein he appointed representative thornberry to act as speaker pro tempore for today. page h4545 guest chaplain: the prayer was offered by the guest chaplain, reverend dr. kurt gerhard, st. patrick's episcopal church, washington, dc. page h4545 quorum calls--votes: there were no yea-and-nay votes, and there were no recorded votes. there were no quorum calls. adjournment: the house met at 12 noon and adjourned at 12:02 p.m.",1251
CREC-2015-06-19-pt1-PgD735-5,CREC-2015-06-19,2015-06-19,Daily Digest/COMMITTEE MEETINGS FOR 2015-06-22,CREC,DAILYDIGEST,,D,1,https://www.govinfo.gov/app/details/CREC-2015-06-19/CREC-2015-06-19-pt1-PgD735-5,https://api.govinfo.gov/packages/CREC-2015-06-19/granules/CREC-2015-06-19-pt1-PgD735-5/htm,https://api.govinfo.gov/packages/CREC-2015-06-19/granules/CREC-2015-06-19-pt1-PgD735-5/pdf,https://api.govinfo.gov/packages/CREC-2015-06-19/summary,"[Congressional Record Volume 161, Number 99 (Friday, June 19, 2015)] [Daily Digest] [Page D735] From the Congressional Record Online through the Government Publishing Office [ www.gpo.gov ] COMMITTEE MEETINGS FOR MONDAY, JUNE 22, 2015 (Committee meetings are open unless otherwise indicated) Senate No meetings/hearings scheduled. House No hearings are scheduled.",,"[Congressional Record Volume 161, Number 99 (Friday, June 19, 2015)] [Daily Digest] [Page D735] From the Congressional Record Online through the Government Publishing Office [ www.gpo.gov ] COMMITTEE MEETINGS FOR MONDAY, JUNE 22, 2015 (Committee meetings are open unless otherwise indicated) Senate No meetings/hearings scheduled. House No hearings are scheduled.",https://api.govinfo.gov/related/CREC-2015-06-19-pt1-PgD735-5,CREC,Proceedings of Congress and General Congressional Publications,2025-03-07T17:25:32Z,Congressional Record,package_114_98.csv,363,0,363,"[congressional record volume 161, number 99 (friday, june 19, 2015)] [daily digest] [page d735] from the congressional record online through the government publishing office [ www.gpo.gov ] committee meetings for monday, june 22, 2015 (committee meetings are open unless otherwise indicated) senate no meetings/hearings scheduled. house no hearings are scheduled.",363
CREC-2015-06-19-pt1-PgD735-6,CREC-2015-06-19,2015-06-19,Daily Digest/Next Meeting of the SENATE + Next Meeting of the HOUSE OF REPRESENTATIVES + Other End Matter,CREC,DAILYDIGEST,,D,1,https://www.govinfo.gov/app/details/CREC-2015-06-19/CREC-2015-06-19-pt1-PgD735-6,https://api.govinfo.gov/packages/CREC-2015-06-19/granules/CREC-2015-06-19-pt1-PgD735-6/htm,https://api.govinfo.gov/packages/CREC-2015-06-19/granules/CREC-2015-06-19-pt1-PgD735-6/pdf,https://api.govinfo.gov/packages/CREC-2015-06-19/summary,"[Congressional Record Volume 161, Number 99 (Friday, June 19, 2015)] [Daily Digest] [Pages D735-D736] From the Congressional Record Online through the Government Publishing Office [ www.gpo.gov ] CONGRESSIONAL RECORD (USPS 087-390). The Periodicals postage is paid at Washington, D.C. The public proceedings of each House of Congress, as reported by the Official Reporters thereof, are printed pursuant to directions of the Joint Committee on Printing as authorized by appropriate provisions of Title 44, United States Code, and published for each day that one or both Houses are in session, excepting very infrequent instances when two or more unusually small consecutive issues are printed one time. Public access to the Congressional Record is available online through the U.S. Government Publishing Office, at www.fdsys.gov , free of charge to the user. The information is updated online each day the Congressional Record is published. For more information, contact the GPO Customer Contact Center, U.S. Government Publishing Office. Phone 202-512-1800, or 866-512-1800 (toll-free). E-Mail, contactcenter@gpo.gov . To place an order for any of these products, visit the U.S. Government Online Bookstore at: bookstore.gpo.gov. Mail orders to: Superintendent of Documents, P.O. Box 979050, St. Louis, MO 63197-9000, or phone orders to 866-512 091800 (toll-free), 202-512-1800 (D.C. area), or fax to 202-512-2104. Remit check or money order, made payable to the Superintendent of Documents, or use VISA, MasterCard, Discover, American Express, or GPO Deposit Account. Following each session of Congress, the daily Congressional Record is revised, printed, permanently bound and sold by the Superintendent of Documents in individual parts or by sets. With the exception of copyrighted articles, there are no restrictions on the republication of material from the Congressional Record. POSTMASTER: Send address changes to the Superintendent of Documents, Congressional Record, U.S. Government Publishing Office, Washington, D.C. 20402, along with the entire mailing label from the last issue received. [[Page D736]] _______________________________________________________________________ Next Meeting of the SENATE 3 p.m., Monday, June 22 Senate Chamber Program for Monday: After the transaction of any morning business (not to extend beyond 5 p.m.), Senate will begin consideration of the nominations of Peter V. Neffenger, of Ohio, to be an Assistant Secretary of Homeland Security, and Daniel R. Elliott III, of Ohio, to be a Member of the Surface Transportation Board, and vote on confirmation of the nominations at approximately 5:30 p.m. Next Meeting of the HOUSE OF REPRESENTATIVES 12 noon, Tuesday, June 23 House Chamber Program for Tuesday: To be announced. _______________________________________________________________________ Extensions of Remarks, as inserted in this issue HOUSE Comstock, Barbara, Va., E937 Conyers, John, Jr., Mich., E935 Kaptur, Marcy, Ohio, E936 Keating, William R., Mass., E935, E936 Rangel, Charles B., N.Y., E935, E936, E937",,"[Congressional Record Volume 161, Number 99 (Friday, June 19, 2015)] [Daily Digest] [Pages D735-D736] From the Congressional Record Online through the Government Publishing Office [ www.gpo.gov ] CONGRESSIONAL RECORD (USPS 087-390). The Periodicals postage is paid at Washington, D.C. The public proceedings of each House of Congress, as reported by the Official Reporters thereof, are printed pursuant to directions of the Joint Committee on Printing as authorized by appropriate provisions of Title 44, United States Code, and published for each day that one or both Houses are in session, excepting very infrequent instances when two or more unusually small consecutive issues are printed one time. Public access to the Congressional Record is available online through the U.S. Government Publishing Office, at www.fdsys.gov , free of charge to the user. The information is updated online each day the Congressional Record is published. For more information, contact the GPO Customer Contact Center, U.S. Government Publishing Office. Phone 202-512-1800, or 866-512-1800 (toll-free). E-Mail, contactcenter@gpo.gov . To place an order for any of these products, visit the U.S. Government Online Bookstore at: bookstore.gpo.gov. Mail orders to: Superintendent of Documents, P.O. Box 979050, St. Louis, MO 63197-9000, or phone orders to 866-512 091800 (toll-free), 202-512-1800 (D.C. area), or fax to 202-512-2104. Remit check or money order, made payable to the Superintendent of Documents, or use VISA, MasterCard, Discover, American Express, or GPO Deposit Account. Following each session of Congress, the daily Congressional Record is revised, printed, permanently bound and sold by the Superintendent of Documents in individual parts or by sets. With the exception of copyrighted articles, there are no restrictions on the republication of material from the Congressional Record. POSTMASTER: Send address changes to the Superintendent of Documents, Congressional Record, U.S. Government Publishing Office, Washington, D.C. 20402, along with the entire mailing label from the last issue received. [[Page D736]] _______________________________________________________________________ Next Meeting of the SENATE 3 p.m., Monday, June 22 Senate Chamber Program for Monday: After the transaction of any morning business (not to extend beyond 5 p.m.), Senate will begin consideration of the nominations of Peter V. Neffenger, of Ohio, to be an Assistant Secretary of Homeland Security, and Daniel R. Elliott III, of Ohio, to be a Member of the Surface Transportation Board, and vote on confirmation of the nominations at approximately 5:30 p.m. Next Meeting of the HOUSE OF REPRESENTATIVES 12 noon, Tuesday, June 23 House Chamber Program for Tuesday: To be announced. _______________________________________________________________________ Extensions of Remarks, as inserted in this issue HOUSE Comstock, Barbara, Va., E937 Conyers, John, Jr., Mich., E935 Kaptur, Marcy, Ohio, E936 Keating, William R., Mass., E935, E936 Rangel, Charles B., N.Y., E935, E936, E937",https://api.govinfo.gov/related/CREC-2015-06-19-pt1-PgD735-6,CREC,Proceedings of Congress and General Congressional Publications,2025-03-07T17:25:32Z,Congressional Record,package_114_98.csv,3061,0,3061,"[congressional record volume 161, number 99 (friday, june 19, 2015)] [daily digest] [pages d735-d736] from the congressional record online through the government publishing office [ www.gpo.gov ] congressional record (usps 087-390). the periodicals postage is paid at washington, d.c. the public proceedings of each house of congress, as reported by the official reporters thereof, are printed pursuant to directions of the joint committee on printing as authorized by appropriate provisions of title 44, united states code, and published for each day that one or both houses are in session, excepting very infrequent instances when two or more unusually small consecutive issues are printed one time. public access to the congressional record is available online through the u.s. government publishing office, at www.fdsys.gov , free of charge to the user. the information is updated online each day the congressional record is published. for more information, contact the gpo customer contact center, u.s. government publishing office. phone 202-512-1800, or 866-512-1800 (toll-free). e-mail, contactcenter@gpo.gov . to place an order for any of these products, visit the u.s. government online bookstore at: bookstore.gpo.gov. mail orders to: superintendent of documents, p.o. box 979050, st. louis, mo 63197-9000, or phone orders to 866-512 091800 (toll-free), 202-512-1800 (d.c. area), or fax to 202-512-2104. remit check or money order, made payable to the superintendent of documents, or use visa, mastercard, discover, american express, or gpo deposit account. following each session of congress, the daily congressional record is revised, printed, permanently bound and sold by the superintendent of documents in individual parts or by sets. with the exception of copyrighted articles, there are no restrictions on the republication of material from the congressional record. postmaster: send address changes to the superintendent of documents, congressional record, u.s. government publishing office, washington, d.c. 20402, along with the entire mailing label from the last issue received. [[page d736]] _______________________________________________________________________ next meeting of the senate 3 p.m., monday, june 22 senate chamber program for monday: after the transaction of any morning business (not to extend beyond 5 p.m.), senate will begin consideration of the nominations of peter v. neffenger, of ohio, to be an assistant secretary of homeland security, and daniel r. elliott iii, of ohio, to be a member of the surface transportation board, and vote on confirmation of the nominations at approximately 5:30 p.m. next meeting of the house of representatives 12 noon, tuesday, june 23 house chamber program for tuesday: to be announced. _______________________________________________________________________ extensions of remarks, as inserted in this issue house comstock, barbara, va., e937 conyers, john, jr., mich., e935 kaptur, marcy, ohio, e936 keating, william r., mass., e935, e936 rangel, charles b., n.y., e935, e936, e937",3061
